S02800006275696C642F64656275672F6D702D7A622D6F742D626C652D7263702D756172742E733337A6
S31508006000C80A00201D9A03087DD2000881D200081C
S3150800601007C4030885D200088DD20008219A030810
S31508006020219A0308219A0308219A0308E1830408A0
S3150800603091D2000878D1040885830408A7A4040827
S31508006040219A0308219A0308219A0308219A03082A
S31508006050219A0308219A0308219A0308219A03081A
S31508006060219A0308219A0308219A0308219A03080A
S31508006070219A0308219A0308219A03083D8C0008EF
S31508006080219A0308219A0308219A0308219A0308EA
S31508006090219A0308219A0308219A0308219A0308DA
S315080060A0219A0308219A0308219A0308219A0308CA
S315080060B0219A0308219A0308219A0308219A0308BA
S315080060C0219A0308219A0308219A0308E154010832
S315080060D0219A0308219A0308219A0308E1DD00089A
S315080060E0C1DD0008219A0308219A0308219A0308AA
S315080060F0219A0308390C03084D150308AB790408DF
S31508006100A7790408990C0308C1790408AF7904082B
S315080061101D150308B3790408112003088D15030813
S31508006120219A0308219A0308219A0308219A030849
S31508006130219A0308219A0308219A0308219A030839
S31508006140219A0308219A0308219A0308219A030829
S31508006150219A0308219A0308219A0308219A030819
S31508006160219A0308219A0308219A0308219A030809
S31508006170219A0308219A0308219A0308219A0308F9
S31508006180219A030841140108219A030899BA0408B8
S315080061908DF60208219A0308D5F2020809F30208C7
S315080061A0219A0308219A0308219A0308219A0308C9
S309080061B0219A030817
S315080061C0F0B5114A114C124E00F00105E3695F075C
S315080061D013D40DB9334213D103EA00078F4207D10E
S315080061E00B4A1A40002A14BF6FF001000020F0BDC8
S315080061F0013AEBD16FF00200F9E74FF0FF30F6E70E
S315080062006FF00100F3E700BF809698000000035086
S31508006210020001000B4B70B5D96911F480310DD11C
S3150800622001244FF48072084E084DF46020462C6411
S315080062301A61FFF7C5FF3464EC6070BD6FF00100AA
S31508006240FBE700BF00000350001003500020035076
S315080062504FF4803238B50E4B0E4C9A66E56941F616
S31508006260713315400122E3630B4B0021DA600223E8
S31508006270606121202361FFF7A3FF10B92120FFF7F2
S315080062809FFF0122054BDA600DB10023E36338BD99
S3150800629000900050000003500010035000200350E7
S315080062A070B5134C6061E3695B071ED40E4656F859
S315080062B0043B8D18A361AE420BD104230021212093
S315080062C02361FFF77DFF58B9BDE870402120FFF72D
S315080062D077BF08210846FFF773FF10B1042323612F
S315080062E070BD56F8043BA361E5E74FF0FF30F7E7CA
S315080062F0000003502DE9F84316464FF48032184B38
S3150800630089469A6603F51C33DA69074602F480382B
S3150800631041F67132DA63012203F58053114DDA60D2
S3150800632066B930460122104BDA60B8F1000F03D087
S315080063300022A3F50053DA63BDE8F88307F5005495
S315080063402C40E41BB44228BF344649462246384608
S31508006350FFF7A6FF0028E5D12744A144361BDFE74F
S315080063600090005000E0FFFF0020035000000000EE
S31508006370000000000000000000000000000000000F
S31508006380013800D0FCE770472DE9F84F402200217C
S315080063902B4839F049FC302200212A4839F044FCC0
S315080063A000209FED257B284B284E294ADFF890B020
S315080063B0DFF8B4A0DFF8B490DFF8B480DFF8B4E013
S315080063C0204FA3F1180C2425002145430BEB40145C
S315080063D043E9054A0CEB050443F8181C43E90398FE
S315080063E043F804EC21772162444204F018043C4443
S315080063F042F8144C174C42F8181C42F8104C164C2C
S3150800640043F8241B42F80C4C144CA6EC027B42F8C9
S31508006410084C134C42F8044C124C2C442177216248
S3150800642042F8241B411C02294FF00100CBD1BDE8DC
S31508006430F88F00BFAFF300800000000000000000E6
S31508006440803D0020503D0020203D0020781400208B
S31508006450D83C0020B9B00008B7860308BD860308F3
S31508006460F7860308C03C0020E9B00008C586030883
S315080064709F860308C986030873B532F074FC044680
S31508006480002840F0A480564B01AE1A889B78ADF8D8
S315080064900420B37005F0C0F805F0AEFE05F0E2FD85
S315080064A00546504B036006F0E3F8284605F096FFCC
S315080064B000B9FEE748A3D3E900234FF0FF314FF0B8
S315080064C0FF3005F0B1F805F0D1FD214605F054FE80
S315080064D032F04CFC304605F04DFF044600B1FEE7AD
S315080064E0414B424A98801860414B98801A6005F0E3
S315080064F047FD404B4049414A1960DA607F31103206
S315080065006FF063009C629C809C659C861963DA63C5
S3150800651003F01AFC0B2005F021FE05F07FFE05F0BE
S315080065209BFD00B9FEE70FF065FD204632F061FFDE
S315080065300821084632F061FF00B1FEE705F0A0FB2E
S3150800654036F00EF9044636F027F944EA404036F0AC
S3150800655009F905F039F836F016F980F00101C9B2E3
S315080065600820C90032F049FF00B1FEE706F074F8CA
S31508006570A8B90022002341F20D01214805F054F87C
S31508006580002032F034FF05F003FC05F051FB32F031
S31508006590C2FD10211B4835F08DFF40B9FEE736F0E5
S315080065A0F2F80028E5D041F20D03154AE3E716494B
S315080065B0144835F091FF00B9FEE710218C20134AE4
S315080065C00FF05CF800B1FEE711482EF00DF902B0A5
S315080065D070BD00BFAFF300800AE020FFE2030000B1
S315080065E02CD80408FD8F03084015002056650020A6
S315080065F010150020B01400205764002090140020C5
S31508006600C00D0300E43D002095B20408D43D0020E7
S31508006610B7C20408000000002DE9F04389B032F043
S3150800662084FB00B9FEE7684C236803B9FEE732F03D
S31508006630AEFB0146222044F044FE0122236811469F
S315080066409B880DF10B008DF80B3005F049FE9DF87F
S315080066500B10236802390022186889B205F040FE3B
S31508006660002305930793594B05AF0693236893F8C0
S315080066702C208DF814201B681D7815F0200567D08E
S3150800668032F0B9FE002860D032F0B5FE13F0A6FB52
S315080066900B46024648A1D1E9000113F043FD13F069
S315080066A029FE079B18440126079005F05DFE9DF814
S315080066B00B30063300284DD0D80013F09FFB40A3BB
S315080066C0D3E9002313F004FC8946804605F04CFE06
S315080066D013F084FB0B4602464946404613F022FD5A
S315080066E013F008FE079B1844079032F034FB38B1C4
S315080066F005F0A0FD002032F02AFB002032F02EFB28
S31508006700226853698BBB32F042FBD4F800C028B329
S31508006710079BDFF8C08003F5FA7307939CF81830D7
S3150800672088F8023005F080FD88F8030020683B46AB
S3150800673042463146807905F0B5FD014668BB2520FD
S3150800674044F0BFFD09B0BDE8F0830798C030AAE75A
S315080067502E46AAE7079800EB4310C5E73A463146A6
S315080067609CF8060005F094FDE7E7002104911169FD
S3150800677017480B449621A3F59B7381800393907960
S315080067803146134B009703AA05F09AFD044620B933
S31508006790012032F007FB2146D1E76909262044F09B
S315080067A090FD4FF48051002044F0AFFD33F0A2F87D
S315080067B0C8E700BFAFF300800000000060E3664151
S315080067C00000000080842E41D03D002020A1070053
S315080067D0B87B0020C47B00200348044B834202D0C8
S315080067E0034B03B118477047847D0020847D002041
S315080067F000000000064B0749C91A891048BF013135
S31508006800491003D0044B0BB101481847704700BF25
S31508006810847D0020847D00200000000010B5064C11
S31508006820237843B9FFF7D8FF044B13B10448AFF3F5
S3150800683000800123237010BDA06200200000000024
S315080068404C41050808B5054B1BB105490548AFF38A
S315080068500080BDE80840FFF7CDBF00BF000000007C
S31508006860102E00204C410508A3F5803A704700BF5A
S31508006870174B002B08BF134B9D46FFF7F5FF00216A
S315080068808B460F461348144A121A39F0CDF90E4BA7
S31508006890002B00D098470D4B002B00D098470020BE
S315080068A0002104000D000D48002802D00C48AFF363
S315080068B0008014F089F82000290035F0A8FD13F0AF
S315080068C01FFF00BF000008000000000000000000D5
S315080068D0C80A0020C80A002000670020000000003F
S315080068E0000000002DE9F34104461BF01DFC0028BA
S315080068F057D101234FF00308237604276FF080232E
S31508006900A4F816802361E060677535F0C6FDA0809F
S3150800691020461BF039FC054600283ED122481EF0C9
S3150800692083FC224B93E80300CDE9000168460FF08B
S3150800693093FA39F0BEFD15F0ADFD3BF03AFA3BF09F
S31508006940F6FC19F075F819F033FC3CF0F3FC3AF054
S315080069507BFD2A46414638463BF027FA68468DF8BD
S3150800696000501BF005FE414638461DF0D5FE0A20AC
S3150800697015F0BAFF00F0BEF800F04AF916F088FAEA
S3150800698016F0C4FD17F050FA17F040FA17F00EF992
S3150800699017F05AFF20462BF00BFE284602B0BDE83A
S315080069A0F0810025F9E700BF4E7D002028BB0408CA
S315080069B008B516F08FF90222014B1A7008BD00BF00
S315080069C0A16200200021024B024819702CF056BB28
S315080069D0A1620020282E002008B500220E210E48AC
S315080069E000F060FD02210D4A0B482CF0F0FA002158
S315080069F00B4A09482CF0EBFA05210A4A06482CF0FE
S31508006A00E6FA0321084A04482CF0E1FABDE80840F2
S31508006A10012101482CF0AABB282E002023260308B2
S31508006A20396B0008B1690008C56900081FB500245C
S31508006A3001462346064800940DF10E022CF050FC40
S31508006A4008B1ADF80E40BDF80E0004B010BD00BF89
S31508006A50282E0020002307B50A460093014603485E
S31508006A602CF019FD03B05DF804FB00BF282E0020AA
S31508006A70024B1878831E584258417047A16200207D
S31508006A8010B5054C23782BB9012104482CF06EFB70
S31508006A900123237010BD00BFA1620020282E00200C
S31508006AA008B5044C4FF0FF31206843F0B3FE00F000
S31508006AB059F8F7E7902E0020044B10B504461868DD
S31508006AC043F083FD2060002010BD00BF8C2E0020FF
S31508006AD038B50025054C206843F0F2FE2560044CC5
S31508006AE0206843F084FD256038BD00BF902E002045
S31508006AF08C2E002010B50C4C226852B10B4C216824
S31508006B0029B90B4A0B4843F013FD206040B1002019
S31508006B1009E01146012043F02EFE20600028EDD141
S31508006B20FFF7D6FF012010BD902E00208C2E0020E6
S31508006B30E4D00408A16A0008014B186843F098BE1F
S31508006B40902E002010B5064C0A4601B2206815F0B2
S31508006B50EFFF20682BF06BFDBDE810402BF066BDFB
S31508006B60942E002038B5FFF783FF18B9BDE83840E2
S31508006B70FFF786BF2BF058FD00281DDD214D28465E
S31508006B80FFF754FF80B218B9BDE838402BF04EBD68
S31508006B901D4C2378012B07D0022B27D0002108464D
S31508006BA0FFF7D0FF012315E02B681A78012A04D0D5
S31508006BB0022A16D0002AF1D138BD021FDB7892B21C
S31508006BC0934209D99B1A114A9BB200211380FFF7F9
S31508006BD0B9FF02232370EFE700220C4B1A8001212C
S31508006BE0DEE7421FB3F8033092B2E9E7074A138893
S31508006BF08342F4D91B1A13800021BDE83840FFF7F9
S31508006C00A1BF00BF942E0020A26200203C61002094
S31508006C10044A13782BB901231370034A1370FFF73C
S31508006C20DBBE7047A3620020A2620020C30742BFF2
S31508006C300122014B1A6070470067002038B50A4CDC
S31508006C40236873B9094D2B68013304D10AF080F81B
S31508006C50286033F008FD2B68402B02BF044B1B68E5
S31508006C602360206838BD00BF982E0020807B002056
S31508006C70006700204FF00042014B1A60704700BFC2
S31508006C800067002070B5094E094C4FF0FF31306897
S31508006C9043F0C0FD44F09AFB00232568236044F0C6
S31508006CA090FB28461EF05EF9EFE700BFEC2E0020A9
S31508006CB04C2F0020044B10B50446186843F085FC99
S31508006CC02060002010BD00BF482F002070B5104D71
S31508006CD0104C296849B1216829B90F4A0F4843F071
S31508006CE027FC206040B1002010E001200C4A43F048
S31508006CF042FD28600028EED10026286843F0E0FD12
S31508006D0020682E6043F073FC0120266070BD00BF2A
S31508006D10EC2E0020482F002018D10408856C0008A6
S31508006D2008D1040838B50A4D04462B6830EA03032F
S31508006D300CD044F04BFB2B6823432B6044F041FBFB
S31508006D40044B1868BDE8384043F092BD38BD00BF13
S31508006D504C2F0020EC2E002008B5044844F0FAFC1D
S31508006D6038F047FEBDE8084000F008B850DC0408D3
S31508006D70014844F0EFBC00BF50DC04082DE9F0419F
S31508006D805D4C92B009AD94E80F0085E80F000DAA96
S31508006D90174604F1100304F1200C164618685968C2
S31508006DA0083303C663453246F7D11868534B08A91A
S31508006DB03060187944F0C9FC514844F0CBFC51487E
S31508006DC044F0C8FC4FF4807308984F49ADF8343046
S31508006DD0814228BF01460C9733F0AAFC29460A903F
S31508006DE04A480AF023F8494833F04AFC474833F042
S31508006DF070FC464833F059FCB4F82480012204217B
S31508006E006846ADF8008032F030FEE78C002201219A
S31508006E1001A8ADF8047032F028FE268D012204215F
S31508006E2002A8ADF8086032F020FE658D0122042123
S31508006E3003A8374CADF80C5032F017FE354B4FF41B
S31508006E404870C4F8C8344FF00213C4F8C434A3F524
S31508006E508033C4F8CC341C23C4F8B4340EF0B4FD23
S31508006E6007A8ADF81C5006F035FF14200EF0ACFD4F
S31508006E7007A8ADF81C5006F01DFF23200EF0A4FD50
S31508006E8007A8ADF81C5006F025FFB9211F4833F0B6
S31508006E9045FC07A8ADF81C5006F00CFF002204A814
S31508006EA01146ADF8108032F0E0FD002205A8114623
S31508006EB0ADF8147032F0D9FD0122002106A8ADF80C
S31508006EC0186032F0D2FD0122002107A8ADF81C5047
S31508006ED032F0CBFD0D4809F06FFF00230948C4F8CE
S31508006EE0B434C4F8C834C4F8C434C4F8CC3444F050
S31508006EF034FC12B0BDE8F08140D104089CDC0408DB
S31508006F0050DC040854DC0408E070720000C0085025
S31508006F1000C00350020003001FB5124B01AC93E8F2
S31508006F20070040F2011384E8070001213D20ADF86F
S31508006F300C3008F0A5FE204608F03AFB0221002096
S31508006F4008F062FB0322084B1E2003F5005103F5E7
S31508006F5080534A619A610EF021FB09F00DFD04B0D9
S31508006F6010BD00BF6CD1040800C000504FF000638C
S31508006F709B6A03F17842B2F5C04F03D21968064AF4
S31508006F80914203D000230370836070470122027088
S31508006F909A689B694260F7E707B0CD5E024B82B0FC
S31508006FA0186802B0704700BF000000201FB5012313
S31508006FB08DF80430002301A80293FFF7D7FF039B3F
S31508006FC09B0204D505B05DF804EBFFF7A5BF044B9B
S31508006FD0044A1A6005B05DF804EB34F0F0BD00BF52
S31508006FE00000002002020FF030B5244A0446137848
S31508006FF085B01BB10223137005B030BDCDE901334E
S3150800700003930028F8D00125157044F0DFF91C4BCE
S31508007010186026F0BDFC1B4B1B495A6EE2619B6E3D
S3150800702023624FF480438B66184B5A686262184A8B
S315080070309A601A6E22605A6E62609A6EA260D3F8DF
S315080070407021E2601A6C22615A6C62619A6CA261C4
S31508007050104A106C1864506C5864926C01A89A64B3
S315080070604D6603AA02A92BF009FB019A0A4B1A6678
S31508007070029A5A66039A9A66BEE700BFA56200207E
S31508007080782F0020008000500090005000800044B7
S3150800709055CEAC0000C000540090004470B51E4D9B
S315080070A004462E78012E02D001232B7070BD0028CD
S315080070B0FCD02BF000FB01300BD02BF0FCFA40F291
S315080070C00113984205D0154B154A5E66D368D90751
S315080070D0FCD42268134B1A6662685A66A2689A66D6
S315080070E0E268C3F8702122691A6462695A64A2695F
S315080070F09A64626AD20744BF00229A60E2690A4B20
S315080071005A66226A9A6626F04BFC084B186844F0C1
S3150800711058F90023C9E700BFA56200200090004087
S31508007120000004400080004400800050782F0020B2
S3150800713038B54FF00064A36A03F17842B2F5C04F40
S3150800714017D21A680D4B9A4213D10D4D2B7813F0AE
S31508007150FD0F11D10B48FFF747FFA36ADB69984774
S3150800716004460848FFF79AFF0CB901232B702046FE
S3150800717038BD4FF48174FAE70024F8E707B0CD5E0E
S31508007180A4620020502F002070B58162456904462C
S3150800719044F01CF90646D5F80801214610302CF0B3
S315080071A057FF304644F00DF9D5F80821074902F192
S315080071B018002CF022FC4FF6FF72B5F8683093429F
S315080071C01CBF0133A5F8683070BD00BFFF2A03084D
S315080071D02DE9F04786B080460C4617461D4640F016
S315080071E0B1FF022807D104F580534FF0FF31D3F8D9
S315080071F0980143F04DFA394620682BF06DFC019052
S31508007200002840F08980204601A92CF0F3FE0646A6
S31508007210002848D140F20113DDF804904FF0010A26
S31508007220A9F80C30022389F80950A9F80A0089F848
S315080072300F0089F85030C9F8000089F808706420F2
S3150800724042F048FF4FF0FF33012F98BF3546C9F883
S315080072501400DDF8049084BFC5F3C00585F0010568
S31508007260C9E926332D4B88BFEDB289F8045102933C
S31508007270002509F1A00304935023C9E93F55C9F82D
S31508007280084102A80593CDF80CA043F0CAF9019964
S31508007290C9F8F000D1F8F0309BB9204681F8503093
S315080072A02CF0B8FE1A2640F04DFF022805D104F549
S315080072B08054D4F8980143F010FA304606B0BDE879
S315080072C0F08701F1840032F056FB0198883032F0DD
S315080072D052FB01988C3032F04EFB0198903032F018
S315080072E04AFB0198943032F046FB2046019932F069
S315080072F045FB20460A4932F060FB019BC3F8F4506F
S3150800730044F064F8019B88F80470C8F808A0C8F827
S31508007310003044F056F8C6E71226C4E76CBB0408EA
S3150800732017270308022838B532D104295AD140F064
S3150800733009FF022806D12C4B4FF0FF31D3F89801EC
S3150800734043F0A6F9294B002118682BF0C5FB044623
S3150800735040F0F8FE022805D14FF0FF31D4F8F000CE
S3150800736043F096F9012384F8043140F0EBFE022835
S3150800737003D1D4F8F00043F0B0F940F0E3FE022858
S3150800738030D1194BD3F89801BDE8384043F0A5B978
S31508007390032827D1042925D140F0D4FE022806D196
S315080073A0114B4FF0FF31D3F8980143F071F90025DE
S315080073B00E4B1C68002CE0D040F0C4FE022805D114
S315080073C04FF0FF31D4F8F00043F062F9C4E93F55B5
S315080073D040F0B8FE022803D1D4F8F00043F07DF956
S315080073E02468E7E738BD00BF60790020606900209F
S315080073F070B50D4643F0EAFF06466C6904F18C0049
S315080074002CF00BFE04F1300042F00AFED4F8080115
S31508007410294614302CF01CFED4F80821044902F140
S315080074202C002CF0EAFA3046BDE8704043F0C9BF9C
S31508007430752E030870B500240E4B0F4E1D78E3B267
S315080074409D4206D800240C4EE3B29D4209D800207E
S3150800745006E056F823002CF01FFC01340028EED075
S3150800746070BD56F8040B01F027FC01340028EBD058
S31508007470F6E700BFA0FF0408487C002070B500248A
S315080074802046064B064E1D78E3B29D4200D870BDD5
S3150800749056F823002CF07CFB0134F5E7A0FF04081E
S315080074A0487C0020134638B10E2907D80F2A05D87C
S315080074B00A460349FFF78CBE2520704721207047EE
S315080074C0606900202DE9F843344C0646002914BFAC
S315080074D00F46274607F5805595F8181290469DF8E9
S315080074E02090D1BB3946FFF773FE0446B8B312287D
S315080074F006D01A2814BF044619242046BDE8F88386
S3150800750040F020FE022805D14FF0FF31D5F898014A
S3150800751043F0BEF8414638682BF0DEFA044640F0E0
S3150800752011FE022805D14FF0FF31D4F8F00043F0E0
S31508007530AFF894F8506040F005FE022803D1D4F85D
S31508007540F00043F0CAF840F0FDFD022803D1D5F853
S31508007550980143F0C2F8012E1ED00424CDE7356801
S315080075603046012185F80C9085F80D902BF0FEFD2C
S31508007570064608B1052804D16B7A43F010036B72EE
S31508007580BBE7D5F8F00043F0DEF82946D5F8080140
S315080075902CF040FD3446B0E72E24AEE760690020A3
S315080075A038B50468054694BB40F0CCFD022806D1E0
S315080075B0204B4FF0FF31D3F8980143F069F81E4B82
S315080075C0297918682BF088FA0446F0B140F0BAFD1C
S315080075D0022805D14FF0FF31D4F8F00043F058F8EF
S315080075E094F8505040F0AEFD022803D1D4F8F000CC
S315080075F043F073F840F0A6FD022804D10D4BD3F8EA
S31508007600980143F06AF8284638BD0546F2E740F087
S3150800761099FD022805D14FF0FF31D4F8F00043F068
S3150800762037F894F8505040F08DFD0228EBD1D4F885
S31508007630F000E6E7607900206069002038B5046844
S31508007640054694BB40F07EFD022806D1204B4FF03C
S31508007650FF31D3F8980143F01BF81E4B29791868B7
S315080076602BF03AFA0446F0B140F06CFD022805D139
S315080076704FF0FF31D4F8F00043F00AF894F80451BB
S3150800768040F060FD022803D1D4F8F00043F025F855
S3150800769040F058FD022804D10D4BD3F8980143F069
S315080076A01CF8284638BD0546F2E740F04BFD02288F
S315080076B005D14FF0FF31D4F8F00042F0E9FF94F815
S315080076C0045140F03FFD0228EBD1D4F8F000E6E77C
S315080076D0607900206069002070B504460D4616469C
S315080076E040F030FD022806D11A4B4FF0FF31D3F88F
S315080076F0980142F0CDFF184B214618682BF0ECF99B
S31508007700044620B340F01EFD022805D14FF0FF3194
S31508007710D4F8F00042F0BCFF94F85030012B0ABFB1
S31508007720C4E93F650225002540F00CFD022803D177
S31508007730D4F8F00042F0D1FF40F004FD022804D14D
S31508007740044BD3F8980142F0C8FF284670BD0325BC
S31508007750F2E700BF60790020606900202DE9F34157
S31508007760036805461B797F2B4FEA931698BF0026B8
S3150800777043F02CFE6C69074634B9022E4CD002B091
S31508007780BDE8F04143F01DBE76BB95F82480B8F1FC
S31508007790000F06D0314685F824602846FFF7F4FC2A
S315080077A012E094F850002BF072F9C0B128462CF07C
S315080077B0A9FC042808D1CDE900882B461A4A616934
S315080077C004F1300044F0F8F8D4F808319A6842B366
S315080077D003F58053D3F8940143F04AF821E0637B1C
S315080077E0332101336373D8E7032E15D1A37B002B0E
S315080077F0C5D000212846A173FFF7C6FCD4F89430FB
S31508007800002BE1D004F194002CF007FC012201467C
S3150800781020462AF0F1FFD7E728462CF073FC002C07
S31508007820D2D13846ABE700BFF17300082DE9F04F17
S3150800783093B005462CF0F6F908B142F0D3FE764827
S3150800784001F024FB0028F8D105F580594FF0FF31E7
S31508007850D9F8940142F0DEFF99F818325BB1284650
S315080078602CF042F838B1002305F58E5089F8183205
S31508007870183002F0EDF8D9F8A0010EA90369984767
S31508007880059090B999F8A43163BB0E9B0521186839
S31508007890B0F805202CF09CF80E9B18B11A681278DF
S315080078A0142A1FD018462CF02DFC05F58E501830DA
S315080078B02CF034FD01F03CFBD9F8A0018369984708
S315080078C0064638B1EB68002B40F00783AB68002BFF
S315080078D040F032836B68002B40F00F8428462CF06A
S315080078E0CDF8B3E70E9A136893F804B05978B3F84D
S315080078F002809389BBF17F0F4FEA9B16049198BFCC
S315080079000026002B39D1B8F1000318BF01230893CC
S31508007910D9F8A8310A33984528BF938140F012FC5C
S31508007920022805D14FF0FF31D9F8980142F0B0FE90
S31508007930049928682BF0D0F8044648B140F002FCB8
S31508007940022805D14FF0FF31D4F8F00042F0A0FE2E
S3150800795040F0F8FB022803D1D9F8980142F0BDFEA1
S315080079606CB9022E07D005232146009328462346E4
S31508007970049A2BF00EF80E9895E70023C7E794F8BB
S315080079805030042B04D11EB9314620462BF04AF953
S3150800799094F8503018462BF07AF8079018B1082B4F
S315080079A00CD1022E0AD00523009300232146049AFF
S315080079B0D4F808012AF0EDFF0E9815E00E9B16F094
S315080079C0FD0F5C610BD11B7F4BB943F0FFFCD4F86C
S315080079D08C300BF0070709904BB943F0F2FC089B73
S315080079E00E98002B00F0EB802CF08CFBB9E153F8D5
S315080079F0303CE27B1B79C3F30213591C1A4401F08D
S31508007A00070102F00702914208D88F4201D3974234
S31508007A1008D90998E1E700BF25730008974201D9FC
S31508007A208F42DAD39F4295BF0837FB1AFF1ADBB29B
S31508007A3098BFFBB20A934FF00003237442F030FB61
S31508007A40D4E90632C01ABA4B61EB02011A78002A49
S31508007A5070D04FF000024FEA500A4AEAC17A4F083E
S31508007A60C4E90801C4E90AA71A70052042F032FBE6
S31508007A70824577F1000705D2052042F02BFB00234B
S31508007A80A062E362D4E90A374FEA830ABF0047EAED
S31508007A90937741F28830D4E908231AEB020A47EBB8
S31508007AA0030742F017FB00235045BB417BD241F246
S31508007AB0883042F00FFB8246C4F814A004F1300067
S31508007AC042F0AEFA4FF0010A04F18C0738462CF062
S31508007AD0A4FA817C00296FD1FFF756FB637B0A9ACB
S31508007AE001336373E37B013BE373059B0133059322
S31508007AF09DF814309342E9D3099843F062FC04F1E7
S31508007B00900AD4F89030002B3FF469AF637B002BC2
S31508007B103FF465AF43F05AFC074650462CF07DFA11
S31508007B200590384643F04DFC0022204605992AF078
S31508007B3063FEE6E7D4E9083C83427CEB0102D4E91C
S31508007B400A274FEA920242EA8772B4BFA0EB030EF5
S31508007B50A3EB000EBF0812EB020A069247EB0702D8
S31508007B600B92069ADB081AEB020A0B9A4FEA9E0E4C
S31508007B7047EB0207072243EA4C731AEB0E0AA3FBEC
S31508007B80023E4FEADC0C02FB0CEE4FEAD00040EA5C
S31508007B90417047F100071B184EEBD101C4E90AA74B
S31508007BA0C4E9083161E7052042F094FA824577F185
S31508007BB0000781D205207CE780F824A08EE7B8F17B
S31508007BC0000F03D04368002B3FF40EAF027F62B16B
S31508007BD0E37A0092D4F808012146049A2AF0D9FEDD
S31508007BE000230E9803772CF08DFAB8F1000F1DD0FC
S31508007BF0B8F1020F03D80622E37A0092D6E60E9A67
S31508007C00A8F1020350681FFA83F810FA83F35A782A
S31508007C1010F80830414643EA02222BF0D9FE28B96B
S31508007C20002E7FF4C9AE0122E37AE6E70E9F002E06
S31508007C3040F0AE80CDE90F661196627AD4F8080155
S31508007C40D207E37AADF8368007D50621227A009165
S31508007C5021462AF09EFE3846C6E6CBF30211994223
S31508007C600CD05A1E914205D00BB9072902D0022121
S31508007C70227AECE720462AF010FFECE71BF0080F03
S31508007C800ED1394620460DF136022AF0C3FE0346C8
S31508007C90D4F80801002B4DD00421E37A227AD6E7DE
S31508007CA0227A1AB1062300930B46D1E739462046B5
S31508007CB00DF136022AF0AEFE0346D4F80801002B71
S31508007CC0EAD10FAB029310AB019311AB009300F509
S31508007CD08E500121BDF836307A68183001F00AFF57
S31508007CE079688046D4F808012CF0FAF838467E60A0
S31508007CF02CF008FAE37A2046013303F00703E3720F
S31508007D002AF0CBFEB8F1000F2BD10F9B204600932B
S31508007D10BDF84020112311992AF0A7FD08B3A66DD6
S31508007D20FEB133230F9A1199207AB04719E000BFA4
S31508007D305F7D00203946BDF8363004F184022CF008
S31508007D404FFAC0B10321E37A227A0091D4F80801E8
S31508007D5021462AF01EFE38462CF0D4F9204601F0BA
S31508007D6055FC40F0EFF902287FF49FADD4F8F000F7
S31508007D7042F0B3FC99E5D4F8F40008B142F078FD76
S31508007D80E36D13B1216E207A98474FF0FF38B1E7BB
S31508007D90022E2DD10BF03003102B94F8506020D111
S31508007DA07B681B78013B042B1ED8DFE803F0141A06
S31508007DB01A1F03000A2638462CF0A4F9079B002B45
S31508007DC0CFD004F1300042F02BF9204684F85060F9
S31508007DD02AF0F8FFC5E7D4F88C3013B120462BF00B
S31508007DE006F800230793E6E70C26E4E70B26E2E706
S31508007DF00023CDE90F331193627A91077FF52BAFF4
S31508007E001BF037031FD153073FF525AFBB89B3B125
S31508007E1043463946D4F8080104F188022CF0E0F903
S31508007E2000287FF418AFE36E13B1216F207A9847C4
S31508007E30D4F8F400002894D042F01AFD91E73846A9
S31508007E402CF060F9EFE7042B35D1267A002E30D1D5
S31508007E5011ABD4F80801029310AB01930FAB009352
S31508007E6000F58E50434631467A68183001F042FED6
S31508007E70F0B9119B20460093BDF8402005230F99C1
S31508007E802AF0F3FC064638462CF03CF90F990029EF
S31508007E903FF467AF109B002B3FF463AF002E3FF40F
S31508007EA060AF666E002E3FF45CAF3323119A3BE752
S31508007EB00F960126E7E7312B7FF4CDAE38462CF036
S31508007EC021F9227A002A7FF44CAF628109231146F0
S31508007ED0204600922AF0C9FC43E700F0FBFF00F0B9
S31508007EE0FB0001287FF4F2AC43F070FA074605F16F
S31508007EF00C002CF092F80446384643F062FA002C3F
S31508007F003FF4E4AC237C4FEA931A7F2BA36898BF0F
S31508007F104FF0000AE3B9214628462BF09BFFC0B173
S31508007F2043F054FA2146064605F108002CF09EF85F
S31508007F30304643F046FACDE443F048FA074605F1E1
S31508007F4008002CF06AF80446384643F03AFAD9E7AE
S31508007F500026A7890FB10237BFB2BAF1000F1AD1AE
S31508007F6040F0F0F8022806D163694FF0FF31D3F8E4
S31508007F70F00042F08DFB6369227CDB7A22F007026F
S31508007F801343237440F0DEF8022804D16369D3F85A
S31508007F90F00042F0A2FB237C7F2B34D8A38993B34D
S31508007FA0A36823B14FF000080837BFB22FE0D4F812
S31508007FB014B040F0C7F8022805D14FF0FF31DBF8BE
S31508007FC0F00042F065FB9BF8048140F0BBF80228FC
S31508007FD003D1DBF8F00042F080FBB8F1000F12D0B5
S31508007FE000F078FF00F0FB000128DDD02168284664
S31508007FF02BF086FF0023236043F0E8F92146064666
S3150800800005F10C0092E7A368002BCBD19846012214
S31508008010237C617C009220683A462BF08DFDB8F1EE
S31508008020000F3DD004F1080128462CF04EF82168CF
S31508008030074628B128462BF063FF0023236049E44E
S315080080404FF0080891F804B005222BF007030B71CE
S31508008050CDF80880A3680BF0070B0193A38900935A
S3150800806063682168606901F003FA22680646137995
S3150800807023F0070343EA0B031371A26850B11146B4
S3150800808028462CF033F828462168A7602BF038FFDD
S3150800809027601FE44346A18960682BF084FCE081D1
S315080080A043F094F90746D9F8A00121464369984751
S315080080B068B1214605F108002BF0D8FF2EB12846F5
S315080080C021682BF01DFF00232360384631E76069DD
S315080080D00028FAD0BAF1000FF7D121468C302BF0E0
S315080080E0B7FF6469E37B0133E373237C002BECD190
S315080080F041F0D6FFC4E90601E7E743F067F905F161
S3150800810004080446404631F044FC0646204643F03F
S3150800811058F940F017F80228A6F1040405D14FF0E3
S31508008120FF31D4F8F00042F0B3FA94F85030022B3D
S315080081304AD120462AF00CFB074670B3D4F8F4302F
S31508008140002B41D104F13000D4F8086141F068FFF2
S315080081503FF0F8FF022807D106F580534FF0FF31AC
S31508008160D3F8980142F094FA00232146304684F861
S31508008170503031F016FC3FF0E5FF022805D106F530
S315080081808053D3F8980142F0A8FAD4F8F00042F0E8
S31508008190DAFA214630462BF03DFF43F017F98246BE
S315080081A0404631F0F6FB0646504643F00AF93FB919
S315080081B03FF0C8FF022803D1D4F8F00042F08DFA48
S315080081C0002EA6D1FFF78ABB0027E6E710B543F0D5
S315080081D0FDF8064B1C7824B1054B1C88003C18BFDB
S315080081E0012443F0EEF8204610BD00BF607D002054
S315080081F040610020F7B543F0E9F8244E244C0546C3
S315080082003178244843F0FBF823782BB1284603B08D
S31508008210BDE8F04043F0D5B81F4B01A918682BF00C
S315080082202AFE014630B101232370284643F0C9F8D7
S3150800823003B0F0BD194B10221C88194B019F184634
S3150800824037F0F2FC013CA4B20168164AC4F30A04EA
S3150800825024010A4044F04474144304600124124A79
S315080082600346C0E90127114A31781060104A0948C7
S3150800827032F097FA31780F4F04FA01F37B65054817
S3150800828032F0CDFA33789C407C62CEE7BA620020A1
S31508008290B762002000000450383000203E610020FC
S315080082A0F82F00200F80EFFC24000A50F42F00203E
S315080082B0283000200010045010B543F087F8084B0A
S315080082C004461A7832B1074A12681AB100221A709F
S315080082D0FFF790FF2046BDE8104043F072B800BF94
S315080082E0B7620020A02F00202DE9F84F43F06EF862
S315080082F05F4B80461B682C2BA3F12C0704D143F057
S3150800830060F81B20BDE8F88F53F82C9CB9F1000FD4
S3150800831000F0AB80BC89574D574E002C00F09B806F
S315080083200D220021284637F07FFC544BB4F5006F28
S31508008330C5E900394FF01309AE60C5F80C905CD852
S31508008340013C0D22002105F11000A4B2D7F804A0C3
S31508008350240137F069FC4A4B44F040542340022478
S31508008360C5E9043AC5E90669D7F80890B9F1000FD6
S3150800837012D023464FEA031A05EB031310220021F5
S31508008380184637F051FC3F4A013445F80A201322B3
S31508008390C0E90196E4B2C26005EB0413102200217D
S315080083A0184637F041FC384A4FEA04190E3745F8A3
S315080083B00920C0E90176002305EB03118A78013309
S315080083C022F010028A70DAB2A242F5D900242F4BA5
S315080083D02F4D304A297830481C70264B32F0E1F987
S315080083E0012329782D4A8B402B48536532F017FA1A
S315080083F0404642F0E6FF204684E7B4F5805F25D87C
S31508008400D7F804A00D220021DFF874B005F110009A
S3150800841037F00AFC0D22002105F12000C5E904BA4F
S31508008420C5E9066937F000FC6FF40063E3189BB2F0
S315080084301B0143F0405303EA0B032B620AF5006362
S315080084400324C5E90936C5F82C908DE7404642F065
S31508008450B8FF212056E710222146284637F0E4FBCC
S315080084600F4BAE60C5E90039A5E701204AE700BF12
S31508008470982F0020A42F00203C000A5060000030EE
S31508008480F07F00307000003010001030607D002052
S31508008490B962002018300020000004500010045073
S315080084A0600010302DE9F04F3D4B561AB6B285B034
S315080084B00D461446DFF80C911E8080B9394B03A986
S315080084C018682BF0D8FC58B199F80010364842F0D5
S315080084D096FF0122354B1A7005B0BDE8F08F039060
S315080084E0039BB4F5006FDFF8E080314FDFF8DCA0BE
S315080084F003EB050B26D810220021404637F094FBE3
S31508008500731EC3F30A031B0143F044733B40C8E9D7
S31508008510003AC8F808B00124264B274A1B6899F880
S315080085200010214832F03DF999F80010234D04FA5D
S3150800853001F36B651C4832F072F999F800309C40DB
S315080085406C62C9E7C5F5FF6507350D22002140466F
S31508008550ADB201932D0137F067FB194A45F0407516
S315080085602A40C8E9002A1322C8F80C201022002144
S3150800857008EB0200C8F808B037F056FB6FF4006342
S31508008580E218C2F30A02019B120142F044723A4011
S3150800859003F50063C8E9042AC8F81830BBE700BF2A
S315080085A03E6100203830002000000450B7620020E9
S315080085B0F07F1003F42F002028300020001004500C
S315080085C0F07F0003BA620020F82F002024000A502A
S315080085D070B5064642F0FAFE0D4D04462B88092B67
S315080085E003D9BDE8704042F0ECBE314609482BF08D
S315080085F044FD2B8801332B80074B1A7832B10022B1
S315080086001A70064B1B780BB9FFF7F4FD2046E8E70E
S3150800861042610020A02F0020B8620020B762002027
S3150800862013B542F0D3FE0A4B04461B88092B09D81A
S31508008630084B0022186801A92BF06EFC10B90198A6
S31508008640FFF7C6FF204642F0BCFE02B010BD00BFD1
S31508008650426100203830002038B50D4642F0B6FE9B
S31508008660044607482BF0E3FC286020B9204642F070
S31508008670A8FE1B2038BD204642F0A3FE0020F9E7DD
S315080086809C2F002037B50D461C4B1D48196031F04C
S3150800869072F91C4831F06FF91B4831F06CF91B4828
S315080086A031F069F929461A482BF0A1F90A24002263
S315080086B0284601A92BF030FCE8B90198FFF788FF96
S315080086C0013CF4D10A22134B0F201A800CF066FFE6
S315080086D04FF44062104B5A614FF0FF3203F50053D6
S315080086E09A640122A3F58053DA6407220B4B1A8099
S315080086F0204603B030BD1924FAE700BF3830002001
S31508008700A02F00209C2F0020982F0020942F0020B7
S31508008710802F00204061002000000A503E610020A2
S3150800872038B542F053FE04460C482BF080FC0C4D3D
S3150800873020B92046BDE8384042F043BEFFF70EF8A0
S31508008740204642F03EFE42F041FE2B8804460133A5
S3150800875002482B802BF06BFCEAE700BF942F002021
S31508008760406100202DE9F04F002585B00395ADF84E
S315080087700A5042F02BFEB54CB54B22781B680646CC
S31508008780D3F808B02AB1B34A257011781570ABEB47
S31508008790010BB14BB14F1A78002A40D0B04DDBF827
S315080087A000200D212A60BBF80420A81FAA809BF888
S315080087B00620AA710DF10A022BF09DF9A5F1070C06
S315080087C08046A8B9DBF80020594645F8072CBBF8BF
S315080087D004203868ACF804209BF806208CF806209C
S315080087E02BF05BFB072241460846FFF75BFE4CE091
S315080087F0BDF80A20984B013292B20CEB0201ADF893
S315080088000A205CF80220CBF800208A88ABF80420FE
S315080088108A798BF8062000221A7001222270DFF866
S3150800882068A2DFF860829AF80050B5B9D8F8002037
S315080088308C4BC2F804B00722294628461A80FFF74F
S3150800884031FE01238AF80030D8F8001086482BF04C
S3150800885006FC38682AF0F7FF17E042F0B7FD8349AF
S3150800886081460A88BAB90121814A82481170824A2A
S31508008870117842F0C4FD484642F0A3FD002259464D
S315080088803868C8F800202BF008FB304642F099FDFE
S3150800889005B0BDE8F08F79482BF0C9FB734900286D
S315080088A0E9D00090088801380880484642F089FDDA
S315080088B0009AC8F800202278EAB9072158462BF012
S315080088C01AF98146B8B96E4ADBF8001038681160A3
S315080088D0BBF8041091809BF80610917159462BF04D
S315080088E0DCFAD8F80000FFF773FE01235A4A494616
S315080088F01370072278E7BBF80210D8F8002038680A
S315080089009181DBF800101268DFF858911160BBF806
S31508008910041091809BF80610917159462BF0BDFA08
S31508008920D8F800108A89002A4DD101238AF8003028
S3150800893007222178A9F80020002900F084803868E9
S3150800894003A92BF098FADFF80CA10090002873D140
S31508008950BDF80A30B9F800B0C3F10704E4B2D91D6E
S315080089600193474B5C4503988AF80040194457D34E
S31508008970444AA4EB0B041568E4B25A468AF8004048
S3150800898037F06FF9039A6A60002C43D0386803A958
S315080089902BF071FA78BB019BB9F800109AF80040E1
S315080089A01944374B073122461944039837F059F9C9
S315080089B0072221460398A9F80020FFF773FD012234
S315080089C0314B1A7040E7B9F80030B3F5857F0ED9F8
S315080089D0062325480B772BF042FB38682AF033FF2D
S315080089E000250123C8F800508AF80030A0E70025C2
S315080089F08AF800509DE7204B1E48197842F0FFFC84
S31508008A00009B8AF8003007230122A9F800301F4B83
S31508008A101A703AE7072221462046A9F80020CCE733
S31508008A20224637F01EF95A4621460398FFF73AFDC3
S31508008A30002D3FF42AAF07E70F4B0E48197842F08E
S31508008A40DEFC0023DDE70846F0E700BFB66200203B
S31508008A50F42F0020B5620020B462002038300020D0
S31508008A60AD6200203E6100209C2F0020426100205C
S31508008A70B862002000000450BA620020A02F00202F
S31508008A80A66200207C2F0020617D0020B7620020AE
S31508008A9070B54B4888B042F05DFE4A4842F05AFE2F
S31508008AA04FF40063012204216846ADF8003008F04F
S31508008AB08BFA4FF410630026434C0122022101A8C9
S31508008AC0ADF8043008F080FA34F8043B002202219D
S31508008AD002A8ADF8083003AD08F076FA324604214C
S31508008AE003A8ADF80C6008F06FFA2BF023F80FCC4A
S31508008AF00FC5236802A92B6003238DF81D30334B5D
S31508008B000124187942F021FE9DF818204FF4E1312E
S31508008B10029808F09DFB03A905902D4808F0C6FBAE
S31508008B204FF440632A4A2B48536104222A4B5C605F
S31508008B305A6110225C61A3F5CA23C3F820284FF4B2
S31508008B400022C3F838284FF41022C3F83028D3F887
S31508008B50202842F00202C3F82028204AC3F82C68CD
S31508008B60C3F8282842F0F6FD304603A932F0FEFF86
S31508008B70034608BB9DF80C30194D03A92B7032F03B
S31508008B80F5FF0346C0B99DF80C20164B29781A70D4
S31508008B90154A0CF089FC034670B94FF48022134934
S31508008BA00A60134AC1E90100C2E90100C860D06041
S31508008BB010484C7210605472184608B070BD00BF59
S31508008BC03CDC040850DC0408C8D1040870DC04083E
S31508008BD000000A5048DC040800100A50010005008D
S31508008BE0BA620020B9620020658700082830002094
S31508008BF0183000200200040038B50C4642F0E6FBA7
S31508008C000C4A0546138823B942F0DBFB03242046A9
S31508008C1038BD2146013B084813802BF020FA012075
S31508008C202AF089FFFFF760FB0446284642F0C9FB95
S31508008C30EDE700BF40610020982F002038B5154B9E
S31508008C40154A9B6C03F00103936413B3134B144842
S31508008C50197842F0E4FB0122124B134D1A7042F0C8
S31508008C60B5FB044628462BF0E2F901460F482BF0DF
S31508008C70F6F9204642F0A5FB00220D490D482AF0D8
S31508008C80BCFE286818B1BDE83840FFF72DBB2AF0AE
S31508008C9052FF38BD00000A5000200A50B962002071
S31508008CA000000450607D0020982F0020942F00209B
S31508008CB021870008802F002070B5044692B0202234
S31508008CC000210AA836F0B0FF244B4FF480520993CE
S31508008CD004F1E8030B9358230C9304F5A0730D9342
S31508008CE02323CDE90E231E4B00250193012302936E
S31508008CF004F148030393502304F1980201A8CDE92F
S31508008D000435CDE90723069541F08BFC04F580561A
S31508008D10C6F89801E0B1B6F8AE01B6F8AC31294606
S31508008D20184405AAFF3041F026FDC6F8940158B14B
S31508008D3021460C4809AA41F0FBFBC6F8900150B938
S31508008D40D6F8940141F0BCFDD6F8980141F0FBFC39
S31508008D50192012B070BD2846FBE700BF7EBB040889
S31508008D6087BB04082D7800080146044B187819704B
S31508008D70034B1B6803B11847704700BF8E6300207A
S31508008D805830002008B50123002219460A482AF05F
S31508008D909DFA08B1002008BD0221084A06482AF0B3
S31508008DA016F90028F6D10321054A03482AF00FF9D7
S31508008DB0B0FA80F04009EEE75C300020398E0008F2
S31508008DC0C58D000808B50448FEF7EAFB05281EBF4E
S31508008DD00122024B1A7008BD5C300020FC6200209C
S31508008DE007B50022074B01461A700288064B043263
S31508008DF0009392B2012305482AF04DFB03B05DF8B3
S31508008E0004FB00BF627D0020398E00085C3000201C
S31508008E1008B506482AF074F9FFF7B4FF28B101220D
S31508008E20034B1A700022034B1A7008BD5C300020F1
S31508008E30627D0020FC62002013B10122074B1A70E4
S31508008E400122074B1A70074B1B78042B05D1002209
S31508008E50054B05201A61FFF787BF7047FC620020A3
S31508008E60627D00208E630020403000207FB51822E6
S31508008E700021684636F0D8FE034B6946186835F077
S31508008E8024FE07B05DF804FB5430002010B50446F4
S31508008E900FF0DAFFA8B94FF4844036F07EFC0038AC
S31508008EA018BF0120084B18700CB1084B1C60002431
S31508008EB0074B02201C61FFF757FFFFF763FF2046A9
S31508008EC010BD0120FCE700BFBB620020583000201F
S31508008ED040300020014B1878704700BF8E63002091
S31508008EE0114B10B51C68043C231D0CD14FF484406B
S31508008EF036F053FCB0B14FF4844036F059FC0446C2
S31508008F0030B1012010BD2368A06898476468EAE775
S31508008F104FF4844036F041FC0128F2D0034B20463A
S31508008F201C70EFE71120EDE73C300020BB62002003
S31508008F302DE9F04FAC4CC5B0237823B1FFF768FF95
S31508008F402378002B3FD1A94B1B78002B3BD001235C
S31508008F50A74800930DF11202002305A92AF0C0F9CB
S31508008F600446002840F05C82059D6B885A1E042A38
S31508008F7026D806225A43DFF8A082298838F8022024
S31508008F8091421DD1023B032B05D8DFE813F02100DF
S31508008F902F0049011C020421964B2A7919700021D9
S31508008FA05970012199706FF07F01D970924909783B
S31508008FB061B9012A18BF24248E485C60FFF710FFA8
S31508008FC005982AF073FF45B0BDE8F08F1224F3E741
S31508008FD00423884A137000235370022393706FF09A
S31508008FE07F03D370242310465360E7E7834A2B1D7B
S31508008FF005F1240153F8040B8B4242F8040BF9D10E
S315080090000AA833F0F0FB10A833F0EDFB18A833F0EC
S31508009010EAFB202011F086FB0646002800F0E280D5
S31508009020202011F07FFB0746002800F0D98020A8F1
S315080090302BF0F9F84FF4804330A830932BF0FBF867
S31508009040309BDFF8D8B122936D4B06A920A8CDF83E
S315080090508CB020930FF0A8FE814648B32BF0F7F8A2
S315080090600446202130460EF073FF384620210EF0C4
S315080090706FFF384611F05EFB304611F05BFB614E20
S31508009080614B30461A68614936F0EBFD06226B885B
S31508009090A6F1080002FB03826FEA43436FEA5343D3
S315080090A0528826F8063C26F8082C46F8044C85E72C
S315080090B02022554B5549069835F0BAFD824630B1FF
S315080090C006980FF05FFA5046CDF81890C6E74FF0AD
S315080090D0200920224D4910A833F0D7FC20224B49FD
S315080090E010A833F008FD202244490AA833F0E5FC0D
S315080090F0202242490AA833F0F8FC08AB58460293E6
S31508009100CDE900794B463D4A069935F0C1FE8346BE
S3150800911030B106980FF036FA5846CDF818A09DE7F4
S315080091204A46394618A833F0C8FC4A46394618A8AC
S3150800913033F0DBFC07ABCDE900934A4633463946A4
S31508009140334835F09EFD81460698B9F1000F04D1E3
S31508009150DDF81CA0BAF1200F05D00FF013FA002392
S31508009160069348467AE70FF00DFA814620B1514634
S3150800917030460EF0EDFEF4E7DFF87CB006909BF87B
S3150800918000300BB101246CE730A82BF04CF84FF0F7
S31508009190010A002309A83393CDF824A02BF04BF835
S315080091A0099B314632934FF484433593194B102269
S315080091B0CDE9303A034630A80FF02EFA8146102141
S315080091C030460EF0C5FEB9F1000F02D18BF800A0AB
S315080091D047E748462BF03BF8041E18BF012440E732
S315080091E0192449E719244AE7FC620020627D002019
S315080091F05C30002046630020BB620020DC62002051
S315080092004171FF004E630020B07B0020BC62002045
S315080092100900000201108000E0D1040800000209DC
S31508009220874B1B78002B00F0C380864F2022002135
S3150800923018A836F0F9FC3B782E1D052B02D1032021
S31508009240FFF792FD334620AE03F1200C324618682C
S315080092505968083303C263451646F7D140217A4850
S3150800926035F067FEC0B9784B28AE03F1200C3246BC
S3150800927018685968083303C263451646F7D1202390
S315080092800DF1400930AE009340224B466F480196D7
S3150800929020A935F0F6FC78B101246D4B5C600622F6
S315080092A06B886B4802FB03826FEA43436FEA5343BA
S315080092B052884380028081E6B44699E80300654AED
S315080092C09DF84E309180090C106091711298BDF886
S315080092D04C105373C2F80700A2F80B1005F12403CB
S315080092E005F1440E624618685968083303C2734587
S315080092F09446F7D1584B0DF1E00C03F1200E624667
S3150800930018685968083303C273459446F7D10DF1B6
S3150800931028094B4610224FF4844040A935F01BFC1F
S3150800932020B1502130460EF013FEB5E74FF0200B62
S31508009330314650224548CDF80490CDF800B018AB18
S3150800934035F09FFC8246502130460EF001FEBAF1F8
S31508009350000F02D0594618A8E5E73B78032B03D13E
S315080093603E4B18680FF00EF948462AF05CFF3C4B56
S3150800937009A80D934FF4407309932AF05CFF099BE3
S3150800938038490C9300232022CDE90A130F9318A914
S315080093904846324B0FF040F90646202118A80EF031
S315080093A0D7FD002E7FF478AF0420FFF7DDFC74E7C5
S315080093B0112227484021027143718371C371083015
S315080093C00EF0C6FD6BE74FF0AA324FF0AA33CDE98F
S315080093D030231C4B1878431F584258412AF067FF20
S315080093E04FF0AA33994208BF984217D1DDE93001F8
S315080093F0994208BF984211D1FFF772FD024606212D
S315080094006B88134801FB03886FEA43436FEA5343AB
S31508009410B8F80210438001804260CFE50822EEE7E3
S315080094201B280AD1104C2378002B3FF4CCAD0F48EB
S31508009430FFF7D6FC00232370C5E5FFF7E9FCC2E574
S31508009440BB6200208E6300204E63002009000002E4
S3150800945046630020403000206E6300205430002010
S315080094600002480500240001FD620020FE6200207B
S315080094702DE9F04FC3B01F46DDE94C830593037A07
S31508009480394E8DF82430D0F8003105460B93D6F8BE
S3150800949007308A46CDF82530B6F80B300021ADF8EE
S315080094A02930737B91460CA8D8228DF82B30DDF82D
S315080094B038B136F0B9FB2D4B2D4A19680CA835F092
S315080094C013FC044648B9424649460CA80FF08AFBE5
S315080094D0044640B10CA835F0E7FB204643B0BDE88A
S315080094E0F04F2AF0B4BE0C2209A90CA835F036FCB8
S315080094F004460028EED14A4651460CA80FF0B2FBA6
S3150800950004460028E6D108ABCDE9008342463B462F
S3150800951039460CA80FF0E6FB04460028DAD107AB5B
S315080095200899CDE901B3059BA8EB010200933944DC
S3150800953006AB0CA835F014FC04460028CAD1FFF780
S3150800954095FCD5F800310133C5F80031336901338C
S31508009550B3F1005F3361C0D1064B1B78052BBCD134
S315080095600320FFF701FCB8E7403000205430002004
S31508009570000248058E63002070B50446007A8CB058
S315080095808DF82400D4F8FC001C4D40F000400B90E8
S315080095902868AE88CDF82500A879CDE900128DF89F
S315080095A02B00129816490690119809AACDE904309D
S315080095B01098ADF82960CDE9023012480C230068EE
S315080095C00FF07CF9064698B9FFF750FCD4F8FC3042
S315080095D00133C4F8FC302B690133B3F1005F2B610A
S315080095E006D1094B1B78052B02D10320FFF7BCFBDC
S315080095F030460CB0BDE870402AF029BE4030002045
S3150800960000024805543000208E630020064B1B7864
S31508009610052B08D1D0F8FC30044A013BC0F8FC30D1
S315080096201369013B136170478E63002040300020A8
S3150800963038B5144625681A46A5F58E50183839B334
S315080096406168144B994213D1134B95F841201B6856
S315080096505AB153B92AF0FDF820682146BDE83840CA
S31508009660A0F58E5018382AF024BD18462AF0DDFEDB
S315080096700A4D21F0FF03AB4203D1C9B229F096FF88
S31508009680EAE7074A9342E7D1C9B229F0D1FFE3E7EF
S3150800969038BD00BFEFBEADDE6830002000BAFECA96
S315080096A000BAEFBE2DE9F0431F46062385B01370B6
S315080096B04D680E46A5F58051FF2980461446DDF80B
S315080096C030903DD80523EDB2538045F4805353605E
S315080096D0337A9A1E012A0DD8A0F58E50294604F130
S315080096E0080218382AF04FF8638804333B6005B03F
S315080096F0BDE8F083052B0ED1A0F58E50294604F15E
S315080097000802183829F002FF0028EDD15C4B2B43DC
S31508009710C9F80030E8E7092B0BD1A0F58E50294689
S3150800972004F10802183829F0CFFF0028DCD1554B80
S31508009730EDE704236380002363600323A360D3E774
S31508009740A5F5E061FF2925D8B6F80280B8F10C0F17
S3150800975003D00023636003235AE0EDB22846F2687B
S31508009760B168FDF7B9FF48B10023636008230238E2
S315080097700228638034BF04230123DFE7234645F428
S31508009780E06543F8045FB2685A60F2689A60A4F824
S315080097900280A9E740F203218D4264D0B5F5017F26
S315080097A020D2602D5CD007D8042D2ED9212D35D096
S315080097B0002363600D232BE0B5F5007F25D040F22A
S315080097C002239D42F4D104235380B36813B3012BBB
S315080097D0BFD101232C4AA360136040F202236360C1
S315080097E008233BE0B5F5C06F23D00BD840F2013310
S315080097F09D420AD0B5F5A06FDAD1337A80F83830B1
S3150800980065602AE0B5F5885FD2D100236360152329
S31508009810A360E5E71C4955600B60F9E75560328996
S31508009820A0F58E5022816380318918382AF09CF879
S315080098305AE7F36803A94361B06840F05DFC48B98C
S31508009840CDE90000114A039908F1140308F118003C
S3150800985042F0D0F84FF4C06363600423638043E7A3
S31508009860B368C360CCE7337A55600822003B628050
S3150800987018BF01230022A26080F8413034E700BFF8
S3150800988000BAFECA00BAEFBE68300020BB42030821
S31508009890004870479FBB04082DE9F0471D4606237C
S315080098A086B0137014464A680746302A00F08F803F
S315080098B01CD8042A06D8013A032A45D8DFE802F05C
S315080098C048764E58202A7CD0A2F5E063FF2B4FF04D
S315080098D0000300F2B7808DF81020D2B242F4E0629D
S315080098E0626003A80393FDF7A9FE2BE040F202236A
S315080098F09A427DD00FD8502A6CD0B2F5007F70D02E
S31508009900402AE1D1A0F58E50626018382AF09BF9FA
S31508009910A060082359E040F201339A426CD0B2F5B0
S31508009920885F4FF000066BD0A2F58053FF2BCBD88B
S315080099308DF81020D2B242F48052626003A80396D2
S31508009940FDF72EFE207207E000236360A360E0E7C0
S315080099500123636006232372052336E004230322CA
S315080099600921C4E901230023C4E9031310232CE0C9
S315080099700423A04648F8043FFFF78AFF814636F0DD
S315080099807DF9461CB6B2802E28BF80264946324647
S3150800999008F1040036F065F90123043666807B7405
S315080099A0638804332B6006B0BDE8F08702230822DB
S315080099B00121636010F8333C628013FB0213A36035
S315080099C0EEE7626050F8302C22816380E8E7C36BCB
S315080099D06260BBE7A0F58E50626018382AF039F944
S315080099E096E7204640F8042F04302AF005FDBDE727
S315080099F0164B62601B68A9E76260FFF76BFA87E798
S31508009A003746626004F1070904F1870A731C684641
S31508009A10CDE90077CDE903778DF804608DF810302D
S31508009A2002970597FDF7BCFD804603A8FDF7B8FD2C
S31508009A3048EA001809F8018F0236D145F6B2E5D191
S31508009A408423C2E763600D2380E700BF68300020E7
S31508009A507FB50123A0F58E56183E009300220223F7
S31508009A603146054629F034FC2E2804463CD048B930
S31508009A700B2128461D4A29F0AAFA044628B1284689
S31508009A8029F03EFB204604B070BD02212846174A3D
S31508009A9029F09DFA04460028F1D103212846144AE4
S31508009AA029F095FA04460028E9D12A4604212846D1
S31508009AB029F08DFA04460028E1D103A930462AF098
S31508009AC0E3FA0623039EB381356034612AF074FCF9
S31508009AD008230C22F381039B7061B1180093284672
S31508009AE0032329F0D8FCCDE71224CBE731960008EA
S31508009AF0B54203082DE9F74F032B8046DDE90D79BA
S31508009B008A4616467BD9528804329A4277D1002370
S31508009B100C9AA0F58E5BABF1180B136049463B60B7
S31508009B205846C9F800302AF0AFFA054608BBD9F8F6
S31508009B3000400C9B224642F80C8B1A6071786173C0
S31508009B40BAF1000F49D13178022918D0032929D052
S31508009B5001294FD10423D9F80060E3810823217332
S31508009B603B60284B18682AF016FC206128B9264B5A
S31508009B707360284603B0BDE8F08F7560F9E773682F
S31508009B80202B09D0591E032906D923F01001402994
S31508009B9002D0B3F5007F18D13B4631464046FFF761
S31508009BA07BFEE6E77368A3F20221012903D9212B7C
S31508009BB001D0602B09D1D9F800303146043300931F
S31508009BC040463B46FFF76EFDD3E70D236361082346
S31508009BD0E3810C2325613B60CBE7BAF1010FC8D1BD
S31508009BE031780229D8D00329E5D019B9042320737E
S31508009BF0E081F0E75846D9F800102AF05AFA2125EC
S31508009C00B7E700BF68300020EFBEADDE002307B51A
S31508009C100193054B1B6840F0DAFE019B002BFCD034
S31508009C2003B05DF804FB00BFB47B0020EFF30583A7
S31508009C300F2B84BF034A9B5C4FF0E023D3F80C3DFF
S31508009C40704700BFF0E300E038B5084DD5E8AF3FF0
S31508009C5013F0010408D128462FF03EFC20B1044B2E
S31508009C6028461C602FF03DFC014838BD003C00200A
S31508009C70043C002070B51348D0E8AF4F14F0010437
S31508009C8018D12FF029FCA8B10F4D2E4646F8044BE3
S31508009C90301910220021103435F0C6FFA02CF7D158
S31508009CA00B220A4B013A194603F1100304D1054861
S31508009CB02FF017FC044870BD286843F8100C29607B
S31508009CC0F0E700BF083C00200C3C0020103C0020B8
S31508009CD02DE9F041884615461E462AF016FC074629
S31508009CE050B35EB30379990748BF86F80080C3F37B
S31508009CF04004037948BF01245A070ED5114B29465B
S31508009D0093F900002CF074FB822302B2C2EB022204
S31508009D10B2FBF3F232559CB901243B791B0708D5EF
S31508009D2082228235C5EB0525B5FBF2F5631C355550
S31508009D30DCB22046BDE8F0810446FAE73446F8E787
S31508009D400224F6E72F640020014B18702AF001BCA4
S31508009D502F64002070B5049D0C46014600B12DB94C
S31508009D60C621064B064A074810F0A4FC0493284669
S31508009D7013462246BDE8704000F082BBBBBB040810
S31508009D80CABC04082DBC0408131D70B5DBB2144602
S31508009D9030B940F217110D4B0D4A0E4810F08AFCE7
S31508009DA0068803F07F0326F4FF46068003709B238C
S31508009DB08370B823C370EA2303710023437111B17A
S31508009DC0063035F04EFFA01DC0B270BD2EBD04088A
S31508009DD03FBD04082DBC04080048704708D2040893
S31508009DE037B54FF6FF720C4D04462B88934200D1C7
S31508009DF0FEE753B904210DEB01002EF097FD00B1E3
S31508009E00FEE7019905482AF062FD20462B880133B2
S31508009E102B8003B030BD00BF44610020B03C002059
S31508009E20034B1B8803B9FEE702482AF05ABD00BF58
S31508009E3044610020B03C002070B505460C468E18DB
S31508009E40B44201D1284670BD284614F8012B0249B0
S31508009E502AF0ECFDF4E700BF8CBD040803688160B6
S31508009E60024A014603F108002AF05DBE58D20408EA
S31508009E7010B504463CF0CCF830B104F108000349AB
S31508009E80BDE810402AF07EBE10BD00BF58D20408B7
S31508009E9003688160024A014603F110002AF043BEB6
S31508009EA04CD2040801460068014A10302AF015BE53
S31508009EB04CD2040810B504463CF0AAF830B104F1B7
S31508009EC010000349BDE810402AF05CBE10BD00BF73
S31508009ED04CD2040838B5016004460D4601F05EF917
S31508009EE000220146A260064A606004F10C00A061E7
S31508009EF0E560226101F18041FFF7B0FF204638BDD9
S31508009F00FD4B030870B5012905461446C2B005D1B4
S31508009F10126817492BF0D5F8002002E0022902D072
S31508009F20072042B070BD134910682AF033FD002897
S31508009F30F6D001AE314660682CF02AFB0028F0D135
S31508009F40019A0A24FF2A28BFFF2202A901929042F9
S31508009F5005D1002302AA135405492846DAE7B0FBBF
S31508009F60F4F304FB1303303301F8013B0130EEE749
S31508009F7092BF040891BD04082DE9F041074615462D
S31508009F800C4671B901F0FAF92B4B2C4A2C490028DA
S31508009F9008BF1A4638462BF094F800263046BDE826
S31508009FA0F081284910682AF0F5FC28B1013C14F024
S31508009FB0FF0405F10405E5D001F0E0F958B14FF0CA
S31508009FC00B08214EB8F1010811D12A4621463868F6
S31508009FD001F09AF923E01D4928682AF0DBFC0028DD
S31508009FE0EDD138461A492BF06CF80D26D6E73168BC
S31508009FF028682AF0CFFCE8B1D6E90132511007EB00
S3150800A0006200D20748BF7A5804F1FF3148BFD358D7
S3150800A010012C08BF0022C9B218BF2A1D9847232859
S3150800A0200646BBD1012CB9D038462A6809492BF017
S3150800A03048F8B3E70C36C5E79CBD040894BD040888
S3150800A040A9BD0408A5BD040864D2040854C20408BE
S3150800A050C2BD0408E1BD040870B50C460023E2B091
S3150800A06005464FF4807120468DF807302AF056FCD5
S3150800A070FF280DF1070619D8214622A835F0E9FD73
S3150800A0803246284602AB22A92BF000F803280446DC
S3150800A0900CD0072810D0A0B928469DF8071002AAA8
S3150800A0A0FFF76AFF0446204662B070BD2846064997
S3150800A0B02BF007F80324F6E7044928462BF001F8A5
S3150800A0C0F1E70349F9E700BF06BE040828BE0408FD
S3150800A0D05DBE04080229F7B507460E4615461BD18C
S3150800A0E0394910682AF056FC002836D0686801A954
S3150800A0F02CF04EFA044660B901980DF103012EF0D2
S3150800A100C2FB044628B938469DF803202F492AF091
S3150800A110D8FF204603B0F0BD03291AD12C49106890
S3150800A1202AF038FCC8B1686801A92CF031FA04464F
S3150800A1300028EED1A8680DF103012CF02DFA04468B
S3150800A1400028E6D19DF8031001982EF07FFB0446FF
S3150800A150DFE7012901D80724DBE71E4928682AF02A
S3150800A16019FC0028F7D0686801A92CF011FA0446F2
S3150800A1700028CED1022E12D101980DF103012EF03E
S3150800A180B7FB0028E3D19DF8033023B912493846B6
S3150800A1902AF097FFBDE7012BBBD11049F7E7032E3D
S3150800A1A0B7D10F49A8682AF0F5FB38B90D49A86850
S3150800A1B02AF0F0FB0028ACD0012100E021460198E6
S3150800A1C02EF076FBC3E700BF7EBE040882BE0408F5
S3150800A1D05AC404088DCD040887BE04088CBE04083A
S3150800A1E0C7D00408D0D0040870B50546144690B008
S3150800A1F0B9B969462AF079FF044678B9212207A930
S3150800A20005A82AF0EBFB6946BDF8102005A8FFF75C
S3150800A21013FE2846164907AA2AF053FF204610B00F
S3150800A22070BD144910682AF0B5FB064628B101210D
S3150800A23028682AF063FF0446F0E70F4920682AF0E9
S3150800A240A9FB08B13146F3E7102320686A460DEBEF
S3150800A2500301ADF810302CF06BF904460028DDD167
S3150800A2606946BDF8102028682AF03BFFE3E700BFDF
S3150800A27092BF040892BE040899BE040870B5044645
S3150800A280164609B9072070BD094910682AF082FBED
S3150800A290054620B10121206801F076F8F3E7054963
S3150800A2A030682AF077FB0028ECD02946F3E700BF90
S3150800A2B054C204083FC2040870B50446164609B9D4
S3150800A2C0072070BD094910682AF064FB054620B1CD
S3150800A2D00121206801F06EF8F3E7054930682AF095
S3150800A2E059FB0028ECD02946F3E700BF54C20408FE
S3150800A2F03FC204082DE9F04706460C469CB00029E3
S3150800A3005AD148492AF0DDFE25460B211B298DF82E
S3150800A310131004D9002420461CB0BDE8F0877CD071
S3150800A320304605AA2AF0EEFE07468DB3BDF92C8005
S3150800A330BDF91430BDF92E9043450FD1BDF916303D
S3150800A3404B450BD1BDF82830BDF840209A4205D1BF
S3150800A3500CA906A835F03FFC00B95FB39DF8135069
S3150800A3600DF14C0A2122514611A82AF037FB013D6E
S3150800A370BDF840200CA911A8FFF75EFD2B46224622
S3150800A3803046CDE9019A2849CDF800802AF099FE91
S3150800A3902FB100259DF813100131C9B2B6E70BADF0
S3150800A3A005AF0FCF0FC59DF8134097E8030045F892
S3150800A3B0040B29800125EDE7012901D00724AAE726
S3150800A3C010680DF113012CF06FF804460028A2D18D
S3150800A3D09DF81310A1F10B030F2BEFD8304605AAF1
S3150800A3E02AF090FE0446002895D113AD2946BDF9FA
S3150800A3F01470BDF91680212211A82AF0EFFABDF8CB
S3150800A400282006A911A8FFF717FD43463A46304605
S3150800A410064900952AF055FE7DE7002DB9D0172785
S3150800A42084E700BFA1BE040828BF04084DBF04087E
S3150800A430F022024B02FB0030704700BF9812002042
S3150800A440034BC01A1E23C010B0FBF3F0C0B270470E
S3150800A4509812002007B5F022014642430748012911
S3150800A460104408D890F8E4302BB9C2F5F07201A967
S3150800A47001922AF07AFE03B05DF804FB98120020D8
S3150800A4802DE9F0478EB00C4605469146002122225A
S3150800A49005A898469DF8586035F0C6FB0023206845
S3150800A4A08DF810308DF803308DF804302AF06FFFE0
S3150800A4B000F44053B3F5005F40F08580830640F111
S3150800A4C08280204602A92BF009F89DF81030002B4F
S3150800A4D079D0012B05D14FF6FF73BDF808209A42B3
S3150800A4E071D020460DF122012BF07DF80746002891
S3150800A4F069D19DF82A30002B65D0D4F800A05046C3
S3150800A5002AF047FF00284ED150462AF040FF02465F
S3150800A5102BF003F8002858D020460DF106012BF041
S3150800A52032F800284FD1BDF806100BA82BF057FBC0
S3150800A530A37920220021AB7105F1080035F074FBE0
S3150800A5402F4B294605939DF8033005A88DF8323020
S3150800A5509DF804308DF833302BF0A3F84946284689
S3150800A5602AF022FF311E18BF012128462AF02DFFA6
S3150800A57020462AF091FF014628462AF097FF2068D0
S3150800A5802AF007FF50B120460DF105012BF0DFF93F
S3150800A590C8B928469DF805102BF0EDF966B3B8F151
S3150800A5A0000F1DD1FEE720460DF103012BF086F9B9
S3150800A5B048B99DF80330052B05D1204601A92BF093
S3150800A5C08DF90028A0D0062716E010462AF018FFB5
S3150800A5D00028ADD020460DF106012AF04FFFA0E76E
S3150800A5E028462BF06CFA2C6832464146204435F052
S3150800A5F038FBAB881E44AE8038460EB0BDE8F087FF
S3150800A6000200002070B504460160C8690D462EF0A8
S3150800A610FAFE2368A080D86901F018F900262946B1
S3150800A620E06104F120002BF0E4FD31461022C4E974
S3150800A630096604F12C0035F0F7FA3146102204F1C8
S3150800A6403C0035F0F1FA1022314604F14C0035F0A1
S3150800A650EBFA054B2046A36604F164036566236797
S3150800A6602BF0DAFA204670BDBD6103080048704732
S3150800A67000F8FF072DE9F84F00240D4616468346D5
S3150800A680A146DFF8908002F1FF3A5F461BF8010BFE
S3150800A69018B9002305EB840536E05C2825D19BF81C
S3150800A6A00020A2F10903DBB2172B13D828FA03F30B
S3150800A6B0DA0711D41BF8013C002BE6D01CB11BF8B5
S3150800A6C0023C002BE1D1544522D0631C45F8247086
S3150800A6D0DCB2DAE75C2AEDD1384635F0CFFA5946CE
S3150800A6E00246384635F087FAE4E70938C3B2172B2D
S3150800A6F0E0D828FA03F3DB0748BF0BF8019CD9E733
S3150800A7000134E4B245F8043BB442F9D3BDE8F88F06
S3150800A7100720BEE7130080002DE9F3470E460546DD
S3150800A720002846D00378302B18D1437803F0DF038E
S3150800A730582B13D14FF0010A023500244FF09938EF
S3150800A740A1461D4F28780DF10701BAF1000F08D070
S3150800A7502AF030F950B302B0BDE8F0874FF0000A8E
S3150800A760EBE72AF01FF90028F5D1A04577EB090396
S3150800A7701FD30A22A4FB024302FB093304E04FEA73
S3150800A780091343EA147324019DF8072000211219BE
S3150800A79053F1000328BF01211446994649B915F813
S3150800A7A0010F0028CED1C6E90023D4E7B9F1805FAE
S3150800A7B0E5D30720CFE700BF99999919012B10B562
S3150800A7C0044608460AD0022B0FD01BB9636810440A
S3150800A7D0834200D910BD2289801AF9E72368881AAE
S3150800A7E08342F7D922891044FAE79C21024B034A8F
S3150800A7F003480FF05FFF00BFCFBF0408D5BF0408AA
S3150800A80028C00408012B08B50DD0022B15D0D3B9E2
S3150800A8108A4237BF4368511A5B1A01683CBF521A0D
S3150800A820D11888B208BD8A4289BF4368891A9B1A1B
S3150800A830026884BF891AC918F3E7C721034B044A7B
S3150800A84004480FF037FF0021EBE700BFCFBF04082D
S3150800A850BFC0040828C00408F8B5047F0546022CC2
S3150800A8600E4605D1E6210E4B0E4A0F480FF022FF81
S3150800A8702346B4FA84F4C76A01223946FFF79EFFD5
S3150800A8806409083455F82430834203D03E70E862E0
S3150800A8900020F8BD28462CF08CF80320F9E700BF05
S3150800A8A019C1040835C1040828C004082DE9F04771
S3150800A8B004462BF0CBFF002841D120462BF0D2FFCF
S3150800A8C094F834700B2604EB8709D9F83880D9F840
S3150800A8D020A04546AA4508D03A46294620462BF0E8
S3150800A8E0E7FE030411D545450FD0C9F83850204670
S3150800A8F02CF03EF8002384F835304FF6FF7365696F
S3150800A900E386B5B90020BDE8F087C0F30D002946F7
S3150800A910821C3B462046FFF751FF013E16F0FF0614
S3150800A9200546D7D140F24531064B074A07480FF08E
S3150800A930C1FE23463A464146A069A847E2E71720E2
S3150800A940E1E700BF68C1040884C1040828C00408F8
S3150800A9504FF6FF732DE9F047C48E05469C421ED17B
S3150800A9602BF074FF0446A8BB28462BF07BFF95F80E
S3150800A97034800B2705EB8803D3F83890D3F820A04A
S3150800A9804E46B24508D04246314628462BF090FE40
S3150800A990030407D54E4505D095F83530C3B920468A
S3150800A9A0BDE8F087C0F30D023146144443462846F5
S3150800A9B00232FFF703FF013F17F0FF070646A4B26E
S3150800A9C0DFD140F2AE31044B044A05480FF072FE5F
S3150800A9D0EC86E4E70024E2E768C10408B1C104088C
S3150800A9E028C00408002330B5174C25688D4224D1A9
S3150800A9F06568954221D1C3F12004D0E90225A3F167
S3150800AA00200105FA04F4DA40224325FA01F10A4343
S3150800AA1012F0010FC3F12004A3F120020CD1012189
S3150800AA2021FA04F401FA02F222439940D0E90043DC
S3150800AA300C431343C0E9004330BD0133DBB21F2B7F
S3150800AA4004F10C04D1D1F7E7E0D204082DE9F04768
S3150800AA5000244FF0010C26461D4D95F808E0BEF17E
S3150800AA60000F22D02B688B421FD1D0E902A9A4F18E
S3150800AA702003C4F120062CFA06F60CFA03F3334336
S3150800AA800CFA04F76FEA0708DE43BAB14AEA070781
S3150800AA9049EA0303C0E90273D0E9007307EA080725
S3150800AAA03340C0E9007331B9764601341F2C05F1ED
S3150800AAB00C05D2D14EB10020BDE8F08708EA0A039A
S3150800AAC006EA0906C0E90236EDE70720F4E700BF03
S3150800AAD0E0D20408F8B506460446002546F8141BD5
S3150800AAE04FF400620F4600F1E90130462BF0C4FD31
S3150800AAF0266604F1640304F18402C3E900550833A9
S3150800AB009342FAD1C4E92255A4F8845004F190007E
S3150800AB102BF0CDFFC823364A0421C4E92C234FF66F
S3150800AB20FF73A4F8B830334B0022C4E9303500234C
S3150800AB3084F8E0103049C4E934230968C4E93623A7
S3150800AB40C4F8E41004F51A6184F8A850C4F8AC50A7
S3150800AB50C4F8BC70C4F8C85084F8E85084F8ED58B6
S3150800AB6084F8EE58A4F86859A4F86E59A4F87059F0
S3150800AB70C4F88059C4F88459C4F88859C4F88C595B
S3150800AB8084F89059C4F8945941E902232368C4F813
S3150800AB90A059A4F8A45903B9FEE7184B2246304633
S3150800ABA017491C602BF078FD7822002104F50F6008
S3150800ABB035F03AF84FF0FF33C4F87259C4F87A59A9
S3150800ABC0C4F86A59C4F8E9582546C4F8763955F8D8
S3150800ABD0D00B22460B493BF00CFA77220021284677
S3150800ABE0FFF700FF04F1BC0029F03BFF2046F8BD43
S3150800ABF000F8FF0735AD0008DCD20408B43C002095
S3150800AC00B7720308A7740308F8B516460F4609680D
S3150800AC100446FFF75FFF06B9FEE7022E14D80025A3
S3150800AC200123656057F8250004EB83032246586024
S3150800AC3006493BF0DEF96A1CB2424FF002034FF0B8
S3150800AC400105EFDB2046F8BDFEE700BFA774030841
S3150800AC50014B1868704700BFB43C0020013804282F
S3150800AC609ABF024B185C0020704700BF54D40408F2
S3150800AC702DE9F84FD0E934321343044604D10123B1
S3150800AC8084F89039BDE8F88FD0302CF060F90025AB
S3150800AC9080464FF00109264FEBB24345EFD2D4E97F
S3150800ACA03430C5F12001A5F12002EB4000FA01F18C
S3150800ACB00B4320FA02F2134313F0010FC5F1200AE1
S3150800ACC0A5F1200602D10C370135E5E73A682ABB1B
S3150800ACD0D7F804B0BBF1770F06D1206800F032FC34
S3150800ACE0082898BF00F1700B5A46802120462CF0A0
S3150800ACF0F8F90028C3D1D4E9343209FA06F629FA54
S3150800AD000AFA46EA0A0609FA05F123EA010322EADB
S3150800AD100602C4E934321343D5D1B0E794F8903922
S3150800AD20002BE8D00123802120462CF0F4F9E0E737
S3150800AD30E0D20408014B1868FFF79ABFB43C00201C
S3150800AD40022313B5B0F898208DF80730B0F896307E
S3150800AD5004469A4206D00DF1070190302BF0BFFE4B
S3150800AD6000B1FEE79DF807302068022B21D13BF0A1
S3150800AD70ABF90023FF2194F8712904F160002244FD
S3150800AD8082F8761982F86A3982F8723982F87A393D
S3150800AD90C4F88039C4F88439C4F88839C4F88C39B9
S3150800ADA02CF0D2F87022802120462CF09AF958B15E
S3150800ADB0FEE7032B03D13BF041F902B010BD3BF08F
S3150800ADC078F90022014B1A600020F6E7B43C00200F
S3150800ADD0002337B505460DF1070190308DF8073089
S3150800ADE02BF07DFE044618BB9DF8073003B3022BF3
S3150800ADF021D128683BF0F4F9D0B195F871392B4484
S3150800AE0093F97629013218D1D5F8B010B9B14A1E8E
S3150800AE100A4214D1B1FA81F1C1F11F0183F87619FA
S3150800AE20B5F8B420074B2868C9B23BF0E5F90446E3
S3150800AE30204603B030BD0C24FAE70D24F8E70724B2
S3150800AE40F6E700BFD9AF000873B504460E46903042
S3150800AE500DF107012BF043FE054698BB9DF8073018
S3150800AE60022B20D003D9DA1E012A88BF032384F8CF
S3150800AE70E03000230C2284F8E830314601232046CE
S3150800AE802CF049F994F8E030042B18D068B904F18D
S3150800AE9014002BF0D9FC0123C4F8E40084F8A83088
S3150800AEA0284602B070BD0123E1E70B4B1B68C4F8C6
S3150800AEB0E430012384F8A83084F8E860F0E7002835
S3150800AEC0EED0F9E72CF05CF83146024620462CF025
S3150800AED008F90546E4E700BFDCD2040810B50446C5
S3150800AEE000683BF058F990B10A280AD84FF4FA627C
S3150800AEF0094910FB021104F16000BDE810402BF06F
S3150800AF00F5BE192805D841F288320449F1E7044903
S3150800AF10F1E70021EFE700BF40CB0D00B0DB2300CF
S3150800AF20CC3F0D0010B504460B462D2202492DF0E4
S3150800AF301FF8204610BD00BF00D6040810B5044609
S3150800AF400B461D2202492DF013F8204610BD00BFFE
S3150800AF50A4D4040810B504460B46032202492DF072
S3150800AF6007F8204610BD00BF80D4040810B5044673
S3150800AF700B46032202492CF0FBFF204610BD00BFFA
S3150800AF805CD40408084B70B51E680C46014630466A
S3150800AF9015462BF0E2FF2B46014622463046BDE811
S3150800AFA070402DF095B800BFB43C0020F7B51E469A
S3150800AFB0084B0C461F680146384615462BF0CDFF50
S3150800AFC02B4601462246384600962DF09EF803B0D9
S3150800AFD0F0BD00BFB43C002038B5074B0C461D68D1
S3150800AFE0014628462BF0B9FF224601462846BDE809
S3150800AFF038402DF0FBB800BFB43C0020002313B541
S3150800B00004460DF1070190308DF807302BF077FDD7
S3150800B010014630B99DF8073020682BB93BF059F93D
S3150800B0200146084602B010BD0049F7E785AF00089B
S3150800B03038B5044600680D463BF0D2F8B8B120682A
S3150800B0403BF0E7F90146E8B120462DF0FCF9034646
S3150800B05070B90D4920683BF0C2F9034640B9C5F3FB
S3150800B0600113234405F00F0583F8725938BD0D23E3
S3150800B07018462BF085FF294602462046BDE838408B
S3150800B0802CF02FB80323F3E7ADAF0008094B091AD4
S3150800B090891030B559430246002324258B4205FB07
S3150800B0A0032004D0046A04B130BD0133F6E700205A
S3150800B0B0FAE700BF398EE33807B50A4600B9FEE756
S3150800B0C0037F03B1FEE7074B019000934168012314
S3150800B0D04FF0FF303BF0C3FA00B1FEE703B05DF86E
S3150800B0E004FB00BF89B2040830B5044685B008469B
S3150800B0F004B9FEE7237F03B1FEE703A965683EF0BE
S3150800B100FBFF48B90123064ACDE900030399234604
S3150800B110284640F06FFC00B1FEE705B030BD00BF21
S3150800B1208FB20408184910B5A1F14800FFF7AEFF21
S3150800B130A0B11549A1F14800FFF7A8FF0446A8B930
S3150800B1401249A1F14800FFF7A1FF044668B120465D
S3150800B1500F492DF0BEFA20460C49F4E70B49A1F138
S3150800B1604800FFF793FF0028E3D110BD00F006F969
S3150800B170084B0949002808BF194620462DF0A9FAA8
S3150800B18020460149D8E700BF503D0020083D002071
S3150800B190B59E0008719E000889500308014B1B697B
S3150800B1A0184700BF083D00202DE9F8430C46154610
S3150800B1B080462EF00BF924234343104AD1589F1892
S3150800B1C009B942F80380002314EB0509404643EB0E
S3150800B1D003062EF0FBF80A4B03EBC00243F8309047
S3150800B1E0566040F0F3F806462A46384621462DF0C2
S3150800B1F0B6FA3046BDE8F84340F0E3B8083D00200B
S3150800B2007814002038B5054640F0E0F8044628468C
S3150800B2102EF0DCF82422054B02FB00302DF072FAE2
S3150800B2202046BDE8384040F0CCB800BF083D0020B5
S3150800B230014B1B69184700BFC03C002070B540F0A1
S3150800B240B8F805464FF0FF303BF081FE0446084942
S3150800B2500B6808608342074B284682BF1A6801328A
S3150800B2601A601E6840F0A0F82046314670BD00BF3F
S3150800B270BC3C0020B83C0020F8B50D4616460446EE
S3150800B2802EF0A4F824234343084AD1589F1801B93D
S3150800B290D45040F09BF804463246384629462DF0ED
S3150800B2A05EFA2046BDE8F84040F08BB8C03C002066
S3150800B2B038B5054640F08AF8044628462EF086F842
S3150800B2C02422054B02FB00302DF01CFA2046BDE86F
S3150800B2D0384040F076B800BFC03C00200FB407B530
S3150800B2E0064B05A91B6801911BB1054A054812685A
S3150800B2F0984703B05DF804EB04B07047C43D0020DE
S3150800B300C03D0020E2C104082DE9F0411768064651
S3150800B3100D4638460E49144634F091FC034628B1CA
S3150800B32038460C4934F08BFC78B901230A4A012DBA
S3150800B33002EBC30305F1FF3130468CBF221D002204
S3150800B340BDE8F0415B68C9B218472320BDE8F08123
S3150800B350F7C1040802C204081CD80408024B196085
S3150800B360024B1A60704700BFC43D0020C03D002054
S3150800B370014B1870704700BF30640020014B1878E5
S3150800B380704700BF3064002008B549B1074829F066
S3150800B3902BFA00202DF030FA003818BF012008BD1E
S3150800B3A0034829F021FA2DF036FAF5E70BC204080E
S3150800B3B028C2040808B549B1074829F015FA01203A
S3150800B3C02DF01AFA003818BF012008BD034829F0E5
S3150800B3D00BFA2DF020FAF5E744C204085AC204080D
S3150800B3E0084B10B5041E0849084818BF194629F025
S3150800B3F0FBF984F0010000F097FF003818BF012020
S3150800B40010BD00BF92BE040899BE04086BC20408AA
S3150800B4100F4B10B51B78CBB1B1B114680D49204656
S3150800B42034F00DFC50B90120FFF7DAFF044618B1D5
S3150800B43021460948FFF752FF204610BD2046074916
S3150800B44034F0FDFB0028EFD00724F1E70D24EFE7E1
S3150800B4503064002092BE0408E2C1040899BE0408BC
S3150800B46010B5074B041E0749074818BF194629F0A7
S3150800B470BBF984F0010001F029F8002010BD00BFD7
S3150800B48092BE040899BE040881C204080F4B10B581
S3150800B4901B78A3B189B114680D49204634F0CFFB57
S3150800B4A028B90120FFF7DCFF0024204610BD2046FE
S3150800B4B0084934F0C4FB0028F4D0072400E00D2422
S3150800B4C021460548FFF70AFFEFE700BF3064002072
S3150800B4D092BE040899BE0408E2C104081FB50023F9
S3150800B4E0CDE901330393FF238DF80430074B044657
S3150800B4F093F9001000F0A6FE00B1FEE7204601A968
S3150800B50001F004F800B1FEE704B010BD3164002074
S3150800B51010B5044600EB8000400000F033FF00B190
S3150800B520FEE7014B1C7010BD3164002008B505F01C
S3150800B5300FFC034B1860BDE808402FF094B800BF15
S3150800B540C83D00200E4B1B68D9070FD45A060FD4E6
S3150800B55013F0180F0ED199070ED49A060ED440F29E
S3150800B5608472134214BF06200720704700207047D4
S3150800B5700220704708207047012070470320704753
S3150800B580C83D002038B5044601F00AFA094D287569
S3150800B590204601F00FFA294628610122204601F0CB
S3150800B5A08DFA054B294620461A78BDE838402AF018
S3150800B5B0BDBE00BF401500205565002001483DF07E
S3150800B5C00FBE00BF4000010010B53FF0FFFE044665
S3150800B5D02DF0C9FB30B1094B1B78012B07D9012087
S3150800B5E000F074FF2046BDE810403FF0EABE1BB1EC
S3150800B5F031F0B6F8C305F2D40020F1E74464002020
S3150800B600002101483DF0D8BD0A000100002101488B
S3150800B6103DF0D2BD6000010000200021014BC3E9C6
S3150800B62000017047881400202DE9F04F144C9B4602
S3150800B630D4E9006585EA030786EA020808EA0008ED
S3150800B6400F4058EA07038246894685B014D003920C
S3150800B65000F0FCFC80B1039A4B46CDE9002B52461C
S3150800B6603BF098F9014610B1064829F0BAF886EA7F
S3150800B67008067D40C4E9006505B0BDE8F08F00BF47
S3150800B6808814002092C2040870B506460C462DF0B0
S3150800B6909FFE05462EF031F9A0B12A4621460A48F2
S3150800B6A029F0A2F82146304601F0F2FA294620464A
S3150800B6B000F022FE00B1FEE729462046BDE87040AC
S3150800B6C000F09CBC70BD00BFC3C2040870B586B04C
S3150800B6D00E462DF07DFE05462EF00FF908B3124BE7
S3150800B6E006F1080403EBC50314F8012DB44203F868
S3150800B6F0012BF9D1059523780C48049363780393B5
S3150800B700A3780293E378019323790093E179637927
S3150800B710A27929F069F82946204600F0F5FD00B11E
S3150800B720FEE706B070BD00BF45640020D5C2040818
S3150800B73038B50C462DF04CFE05462EF0DEF850B115
S3150800B740214605482A4629F04FF82946204600F0A2
S3150800B750E3FD00B1FEE738BDF7C2040808B52DF0D1
S3150800B76050FE10B9024829F03FF8002008BD00BF76
S3150800B7700DC3040810B504462EF0BFF840B12046A4
S3150800B7802DF03FFE30B1044829F02EF8002010BDF8
S3150800B7902520FCE70D20FAE728C3040838B5044637
S3150800B7A00D462EF0AAF820B32DF0BFFA10B10D24DD
S3150800B7B0204638BD204600F021FB0028F7D129464F
S3150800B7C0204600F027FA204600F062FF0146284688
S3150800B7D000F038FD04460028EAD1284600F04AFC65
S3150800B7E0044640B92DF0B3FA044B9D71044B9D7184
S3150800B7F0DEE72524DCE70124DAE700BF4015002050
S3150800B8001015002038B50C4600F042FF0546FFF734
S3150800B810D5FE88B92EF071F880B12946204600F089
S3150800B82011FD50B901202DF092FA40F29441044BD3
S3150800B830044A05480EF03EFF012038BD2520FCE7E6
S3150800B84064CE040846C304087BC3040810B504463E
S3150800B8502EF053F830B120463AF014FC3022024B51
S3150800B86002FB003010BD00BFB0140020084A08B51E
S3150800B8700346107850B90121102B117000D0FEE74D
S3150800B8802DF088FABDE80840FAF7C6BE08BD00BF25
S3150800B890436400202DE9F04106460C4600F0F8FE08
S3150800B8A0804630462DF092FD05462EF026F80028F3
S3150800B8B000F0918001F088F803280BD00022214679
S3150800B8C0304601F0FBF828B1304601F0D5F80020E3
S3150800B8D0BDE8F081012D00D9FEE7404F6B4203F029
S3150800B8E030033B449C4200D0FEE73D4AC5EBC513F6
S3150800B8F0134422689A4200D0FEE73022237F02FBD7
S3150800B900057213F0020F0AD1642382F82C302DF049
S3150800B9100FFAB0B12146304600F07EFBD7E792F821
S3150800B9202C30022B06D83023502203FB057383F8EC
S3150800B9302C20ECE7023BDBB24F2B82F82C30F2D9F5
S3150800B940E5E74146A07900F07DFC0028C0D12DF03E
S3150800B950ECF9804600B1FEE72DF02DFA302303FB03
S3150800B9600577207F1F4DC0F380002C60BE622DF046
S3150800B97011FA217F3046C1F3C0012DF0DCFB28689F
S3150800B980816A00F027FF3FF021FD054601202DF0D2
S3150800B990F3F92DF0CAF900B9FEE7134B2120134934
S3150800B9A083F800803FF08DFC68B9FAF735FE284623
S3150800B9B03FF007FD2DF01FFA002888D021463046B3
S3150800B9C02AF0CCFC83E70228F1D14FF48051404697
S3150800B9D03FF09BFCEBE725207AE700BFB014002078
S3150800B9E057640020D03D0020436400206DB800084D
S3150800B9F000212DE9F843064608463FF062FC544FFD
S3150800BA00544830F0BEFD98B34FF4F8503DF0E8FBCB
S3150800BA1038B32DF0D5F9504F054600287ED03B683F
S3150800BA2000201B684D4D1B78002413F0200F08BF1B
S3150800BA3000252DF0C9F94FF000093B68C3E90499C0
S3150800BA403FF0C4FC8046484600F0D2FA40463FF034
S3150800BA50B8FC396823462A46886A2AF08EFC2DF0F7
S3150800BA6049FF304600F048FABDE8F84300F09ABAB4
S3150800BA703870384830F06AFD044600B9FEE7384D9C
S3150800BA80037BEA7DC3F3800363F34102EA75037B14
S3150800BA9003F0FB030373EA7DDB0963F30002EA752F
S3150800BAA0037B03F07F0303734378AB71034613F8F4
S3150800BAB00C2BAA802B6090F903302A4A6B751370F9
S3150800BAC08378294AAB7513704368D0F80880AB624F
S3150800BAD0FFF7B4FB8045A86A28BF01F1FF31C5E925
S3150800BAE0028190B92DF076FC054628B13AF090FA15
S3150800BAF010B12846FFF746FD01202DF06BFC0546E0
S3150800BB0028B13AF085FA10B12846FFF73BFD2146E1
S3150800BB10164830F046FB2DF0EDFE71E72DF059F989
S3150800BB20044648B128462DF058F90F2421461048F6
S3150800BB3028F05DFE00257EE72DF054F920B1204659
S3150800BB402DF054F90E24F1E72DF059F90B24EDE701
S3150800BB5055650020E43D0020D03D0020101500204A
S3150800BB60401500205564002056640020D43D00206E
S3150800BB7019C4040838B505462DF0D7F8044678B92F
S3150800BB80012D09D0022D0BD1064B987900F072FAD7
S3150800BB90003818BF012038BD3FF0A4FB2046FAE75D
S3150800BBA00120F8E740150020064A1389FF2B06D026
S3150800BBB09079FF2803D0C01A18BF012070470020CB
S3150800BBC0704700BFB0400020034638B1044A03CA94
S3150800BBD01860596010689860002070470720704701
S3150800BBE0B0400020054BDA88824205D01B89834283
S3150800BBF014BFFF200120704700207047B040002086
S3150800BC0008B52DF0E5FB024B03EB4003987908BD18
S3150800BC10B040002010B50C462DF0DAFB012800D9FB
S3150800BC20FEE7024B03EB4003DC8010BDB04000206A
S3150800BC30034B044A1A60044A5A60FF221A81704765
S3150800BC40B0400020303E00208002FF0000487047C8
S3150800BC50B040002018220021014833F0E5BF00BF9C
S3150800BC60BC400020084608B529B14C22034933F0E8
S3150800BC70F8FF002008BD0720FCE700BF701500206C
S3150800BC8068220021014833F0CFBF00BF701500209D
S3150800BC9038B50D462DF031FE98B1284630F071FDC5
S3150800BCA004463DB130F06FFD20B9074828F09CFDE9
S3150800BCB0012038BD284600F0D5FC201E18BF0120FB
S3150800BCC0F7E72520F5E700BF36C4040808B52DF0C8
S3150800BCD07DFB012800D9FEE7024B404200F00C002C
S3150800BCE0184408BD4661002008B500F019FA30B1BD
S3150800BCF0044BB3FBF0F083B20BB1184608BD012024
S3150800BD00FCE700BF40420F0013B50446064800F0A2
S3150800BD101DFAFFF7E9FF0122C100044B009402480F
S3150800BD2000F004FA02B010BDDC4000202B92030894
S3150800BD30036810B5012B044602D1024800F006FA42
S3150800BD40204610BDDC40002070B50446E8B1036803
S3150800BD50022B1AD143790D4D05EB830583797BB107
S3150800BD602DF01EFA06462479284664B22DF00AFA02
S3150800BD70214630462AF0F9FABDE870402DF0BABDE2
S3150800BD802846BDE870402DF0FDB970BDD4400020AE
S3150800BD9008B518220021064833F046FF05482DF05D
S3150800BDA0F1F9044B181DBDE808402DF0EBB900BFAA
S3150800BDB0DC400020D440002008B52DF007FB012800
S3150800BDC000D9FEE7034B03EB8000BDE808402DF0E1
S3150800BDD0D9B900BFD4400020074A136813B9506880
S3150800BDE020B9704718680128F9D170470068431EC2
S3150800BDF058425841704700BFD440002008B52DF07E
S3150800BE00E5FA012800D9FEE7044B53F8200018B1DB
S3150800BE100068431E5842584108BD00BFD440002060
S3150800BE202DE9F74F07460D46924698462DF0CEFA6D
S3150800BE300128064600D9FEE7B8F1000F25D0DFF83D
S3150800BE40589059F820B0BBF1000F23D1182030F0D4
S3150800BE5081F904462A4653463946CDF800B02DF0F6
S3150800BE6070F920462DF09FF9054678B949F826401D
S3150800BE702368012BFCD02379204688F80030FFF789
S3150800BE8063FF284603B0BDE8F08F22253846FFF742
S3150800BE9093FFF6E70425F9E7D44000202DE9F74398
S3150800BEA006460C4690462DF091FA0128054600D91B
S3150800BEB0FEE7DFF8409059F82030ABB9182030F08B
S3150800BEC049F90123074622463146009343462DF099
S3150800BED038F938462DF067F9044630B949F825701F
S3150800BEE0204603B0BDE8F08304243046FFF764FF1C
S3150800BEF0F6E700BFD440002008B52DF067FA012800
S3150800BF0000D9FEE7054B53F8200030B10368022B31
S3150800BF1003D1BDE80840FFF717BF08BDD44000208D
S3150800BF2006280FD171B1084B00201A680A605A68B2
S3150800BF304A609A688A60DA68CA601A690A615B693F
S3150800BF404B61704707207047BC400020C10713D4D7
S3150800BF500A4B1A7802EA000303F00F0302EA1012EA
S3150800BF6013439A0706D45B0706D502200138C0B2E8
S3150800BF703AF070B80120F9E700207047637D002089
S3150800BF8008B50221054830F095FA00B9FEE70449DC
S3150800BF90024830F0A1FA00B9FEE708BDF4400020D7
S3150800BFA0CB93030810B5114830F0EBFAE0B92CF042
S3150800BFB0BFFEC8B90D4830F0C9FA044600B9FEE715
S3150800BFC0037913B1012B09D0FEE781680068FFF7F2
S3150800BFD061FC2046BDE810403FF0ECBC4289017A7E
S3150800BFE00068FFF75BFFF4E710BD00BFF4400020D0
S3150800BFF0014B1870704700BFD56500204FF6FF73D8
S3150800C000984206D00123034A01318B4011780B432D
S3150800C01013707047637D002070B506460C200D46E8
S3150800C0202FF003FF044600B9FEE700230146066029
S3150800C03003718560044830F054FA20B92046BDE8FB
S3150800C04070403FF0B7BC70BDF4400020014B186843
S3150800C050704700BFF0410020014B1868704700BFC9
S3150800C060EC410020004870474841002000487047CE
S3150800C070404100207FB5FF238DF804300023044695
S3150800C080CDE90233FFF790FD0246C8B12046FFF717
S3150800C090A9FDFF2800D1FEE7174D3FF023F92E68CA
S3150800C0A0FFF7D4FD014630463BF089F800B1FEE7BC
S3150800C0B04FF48062286811463AF001FD40B1FEE768
S3150800C0C00D4B4FF4806118683AF0F9FC00B1FEE7B1
S3150800C0D0094B2146186801AA3AF043FB044648B9B9
S3150800C0E001460B202CF090FE044828F07DFB2046E4
S3150800C0F004B070BD0120FBE7F04100205EC40408CF
S3150800C100024B0A46014618683AF0D9BCF0410020AD
S3150800C110024B414218681BF0B9BA00BFF041002033
S3150800C120014B18683AF073BCF041002013B5049C23
S3150800C130CDE9003413460A460146034800683AF03A
S3150800C1408EFA02B010BD00BFF0410020024B014636
S3150800C15018683AF08FBA00BFF04100200246054839
S3150800C1600179914204D84179914238BF002070473D
S3150800C1700020704740410020F8B504461C4E23684D
S3150800C1800F463068FBB197213AF04CFF024600B1E2
S3150800C190FEE7216830681BF029FE00B1FEE721683A
S3150800C1A030683AF00FFC2179814200D0FEE730680A
S3150800C1B01CF020F800B1FEE70122306811463AF07B
S3150800C1C0B1FF28B1FEE70DF0A5FC054608B1FEE76C
S3150800C1D001250322306811463AF08CFF7F2F03D0E1
S3150800C1E0394628462DF041F9024B1C60F8BD00BFC0
S3150800C1F0F0410020EC4100200022034B1A6041F672
S3150800C2000B229A80704700BF40410020024B01462E
S3150800C21018683AF0C4BF00BFF0410020014B18600F
S3150800C220704700BFEC410020014B93F900007047AE
S3150800C230657D0020024B0122002118681BF0DAB93F
S3150800C240F041002038B50D46FFF788FF044678B15F
S3150800C250084B1B68834204D128462DF0FDF80020C0
S3150800C26038BDFFF7E7FF29462046FFF785FFF6E7C3
S3150800C2700720F5E7EC410020014B18683AF051BA5F
S3150800C280F0410020014B18681BF05CB9F041002012
S3150800C29013460A460146024800683AF0EEB900BF5E
S3150800C2A0F041002007B5009313460A4601460348A5
S3150800C2B000683AF0F8F903B05DF804FBF041002095
S3150800C2C013B5049CCDE9003413460A4601460348D3
S3150800C2D000683AF0F3F902B010BD00BFF041002043
S3150800C2E008B513460A460146024800683AF03DFD7D
S3150800C2F008BD00BFF0410020024B0A4601461868F7
S3150800C3003AF0A0BEF0410020024B0A4601461868E2
S3150800C3103AF0C4BEF0410020024B0A4601461868AE
S3150800C3203AF0A6BEF0410020024B014618683AF0E2
S3150800C330CBBE00BFF0410020024B0A4601461868F2
S3150800C3401CF0B6B8F0410020024B0A4601461868B0
S3150800C3503AF058BDF0410020024B0A4601461868DB
S3150800C3601CF0C6B8F0410020014B18683AF05DBBD6
S3150800C370F0410020024B014618681BF0A3B900BF24
S3150800C380F0410020024B014618681BF0A3BF00BF0E
S3150800C390F0410020014B18683AF005BCF041002036
S3150800C3A0014B18681BF0B6BFF0410020024B01464E
S3150800C3B0186830F003BA00BFF0410020024B01466E
S3150800C3C018683AF040BB00BFF0410020024B014616
S3150800C3D018683AF0E0BC00BFF04100204FF0FF3388
S3150800C3E007B50193214B01461B8800220382204B87
S3150800C3F01B6883611F4B1B8843821F4B1B68C361E5
S3150800C4008023838200F12403036201A81BF00EF83F
S3150800C41000B1FEE7194901981CF040F800B1FEE7A3
S3150800C420022101983AF0E3FA00B1FEE714490198AF
S3150800C4301CF06AFA00B1FEE7012101983AF074FE91
S3150800C44000B1FEE7012101983AF084FE00B1FEE74B
S3150800C45000F0ACF9012101983AF0FCF80198094B73
S3150800C460186000B9FEE703B05DF804FB760105081D
S3150800C4707C01050874010508780105080700110004
S3150800C48038D80408F041002008B5054B18681BF099
S3150800C49059F800F00300C31E5842584108BD00BFB2
S3150800C4A0F0410020014B18683AF051BCF0410020D9
S3150800C4B0024B014618683AF081BC00BFF0410020E3
S3150800C4C0014B18680DF026BBF0410020024B0146CF
S3150800C4D018683AF02CBC00BFF0410020024B014618
S3150800C4E018683AF0B0BA00BFF041002013460A4671
S3150800C4F00146024800681BF03DB800BFF041002025
S3150800C500014B18683AF0E5B8F0410020024B0A469C
S3150800C510014618683AF025B9F041002030B50C46B6
S3150800C520154A85B01068516802AB002C03C304F1A4
S3150800C530FF350DD104F030FC2B46CDE9000102AAE7
S3150800C540073412F8011D03F8011FA342F9D110E0C0
S3150800C5502A460A4B0A4913F801098B4202F8010FC9
S3150800C560F9D1082220460DEB020133F034FB0028EE
S3150800C570E0D005B030BD00BF8FCE04080900E00F3B
S3150800C5800100E00F08B5FFF77DFE052896BF024BB0
S3150800C590FF20185C08BD00BF2FD8040810B52CF082
S3150800C5A0E9FB044638B9054828F01EF920462CF060
S3150800C5B0CEFB3EF097FE002010BD00BF0DC3040859
S3150800C5C0014B1878704700BFD765002010B50C4698
S3150800C5D02DF093F930B1044B20461C70FFF7A4FEEA
S3150800C5E000B1FEE710BD00BFD765002010B50C46A8
S3150800C5F02DF083F908B1014B1C7010BDD6650020DB
S3150800C60021B1034B00201B780B7070470720704739
S3150800C610657D002010B50C462DF06FF918B1002085
S3150800C620024B1C7010BD2520FCE700BF657D00206D
S3150800C630024B187808B130F0A6B87047647D002020
S3150800C640014B1878704700BFD7650020014B187852
S3150800C650704700BFD6650020014B1878704700BFA9
S3150800C660647D0020014B1870704700BF647D002070
S3150800C670202208B57F21044833F0D6FA47F67F72A0
S3150800C680024B1A8008BD00BFDA650020D865002075
S3150800C690F0B585B00DF10200FFF790FEBDF8026017
S3150800C6A0FFF782FA294D2A4CD8B9A6F10B02A11830
S3150800C6B0A05691F9102095F900309042A8BF10466F
S3150800C6C095F901207F2A04D07F2B3DD09342B8BF2D
S3150800C6D01346984203DB7F2B14BF1846002005B08B
S3150800C6E0F0BD01A82CF07BFE7F230026184695F99D
S3150800C6F0001095F9015002AF37F8022F7F29A2F1F1
S3150800C7000B0214F902C004D07F2B19D08B42B8BF94
S3150800C7100B46224492F910206245A8BF624682421F
S3150800C720A8BF02467F2D50B204D07F2B0AD0AB4259
S3150800C730B8BF2B46721C022A4FF00106DCD1C8E7A7
S3150800C7400B46E6E72B46F5E71346C2E7D865002011
S3150800C750DA65002070B50C46054616462CF036FEFE
S3150800C760A4F10B030F2B0CD8074B03EB0013191975
S3150800C770284601F80B6CFFF78BFF2CF06DFE0020A6
S3150800C78070BD0720FCE700BFDA65002038B50D4606
S3150800C79004462CF01BFE044B1D542046FFF778FF79
S3150800C7A02CF05AFE002038BDD8650020802208B536
S3150800C7B00021074833F038FA4FF6FF73044A938787
S3150800C7C082F83E30A2F87C3082F87E3008BD00BF81
S3150800C7D0F44100202DE9F041054608462CF0F6FD07
S3150800C7E00646284627F01EFF002850D0284627F080
S3150800C7F020FF00284BD02B7FDA06C3F3001446D45B
S3150800C800284627F0BCFEA0B1284627F023FF074696
S3150800C810002840D0214B03EB86135B785A1E9042C2
S3150800C8200DD0834209D00133984232D00820BDE8A2
S3150800C830F0811A4B03EB86135F78012300E0234649
S3150800C84003EB8603154C1B010C332344AB602B7F8B
S3150800C850DB0716D4284627F092FE4FEA861828B139
S3150800C86004EB08035A6804F808709A6039462846A3
S3150800C870444427F0FCFE616828464B1C636027F099
S3150800C880F8FE0749284601EBC6012CF0D6F9002028
S3150800C890CDE70223D4E70120C9E700BFF441002011
S3150800C8A04564002038B50C462CF090FD05462DF061
S3150800C8B024F848B13EF08AFD044B03EB85135C600F
S3150800C8C0BDE838403EF07DBD38BD00BFF4410020CC
S3150800C8D02DE9F8430746DDE9086591461C462CF024
S3150800C8E075FD80462DF009F800283CD00CB106B13C
S3150800C8F005B9FEE738460021FFF7D4FF23461B4F4C
S3150800C9004FEA881C0CF10C0207EB881888F801908E
S3150800C9103A4404F1100E144618685968083303C4DB
S3150800C92073452246F7D10CF11C0233463A441036B9
S3150800C930144618685968083303C4B3422246F7D127
S3150800C9400CF12C022B463A441035144618685968DF
S3150800C950083303C4AB422246F7D14FF6FF73674448
S3150800C960BB8787F83E30BDE8F88300BFF441002056
S3150800C97038B50C462CF02AFD05462CF0BEFF60B1F2
S3150800C9803EF024FD054B03EB85135A68A24238BFD7
S3150800C9905C60BDE838403EF014BD38BDF441002067
S3150800C9A008B52CF013FD024B8001185C08BD00BFCA
S3150800C9B0F441002008B52CF009FD024B03EB801367
S3150800C9C0986808BDF4410020014B1878704700BFED
S3150800C9D0FA65002070B5234C2278022AD3B227D0F4
S3150800C9E0032B08D0002B3CD101231F482370BDE838
S3150800C9F0704027F0FCBEFEF721FC1C4BD3E9002350
S3150800CA00904299412DD31A4D286800B9FEE7FEF7E2
S3150800CA101DFF0026037F014623F0040303770676ED
S3150800CA202868FEF737FF0123124823702E60DEE7D9
S3150800CA30FEF704FC0D4BD3E900239042994110D32D
S3150800CA400B4E356805B9FEE72846FEF7FFFE0B23B1
S3150800CA5001460022284629F090FC01232370002372
S3150800CA60336070BDFA6500207BC40408D815002021
S3150800CA707442002098C4040838B50446FEF7DEFB65
S3150800CA80094D421941F100030849C1E90023022270
S3150800CA90074B1A7004B9FEE7064B07481C60BDE849
S3150800CAA0384027F0A4BE00BF404B4C00D8150020E4
S3150800CAB0FA65002074420020B8C404082DE9F04F36
S3150800CAC089B007460C461646FEF758FC002843D19F
S3150800CAD020462CF010F9054600283DD0DFF8ACA119
S3150800CAE0614B90F80090002E18BF53469B4622686B
S3150800CAF0CDF80490A388821A00935946A3795B4817
S3150800CB0027F075FE20462CF0C9FC804620B359460E
S3150800CB10574809F0C30927F06AFEB9F1010F2DD16C
S3150800CB205946544827F063FE6B78E32B1AD19EB119
S3150800CB30514B1A78022A0FD1D4E90204032245F28E
S3150800CB4008211A700A184D4944F10003C1E9002367
S3150800CB504B48514627F04BFE4FF00008404609B0B7
S3150800CB60BDE8F08FF32BF7D1002EF5D13E494548A5
S3150800CB7027F03DFE444827F03AFEEFE7B9F1800F6B
S3150800CB80EAD1A3880D2BE7D96B7803F0F80256B9DA
S3150800CB90802AE1D113F0070330D1AB79F02B04D109
S3150800CBA0002ED9D1E6E7402AF3E7E02B08D003F1B7
S3150800CBB01C02D2B20B2A03D95033DBB20F2BCBD8C7
S3150800CBC0002EC9D02C4E3378022BC5D13846FEF735
S3150800CBD03DFE016804220931A81C32F0FCFF00283A
S3150800CBE0BAD10323337045F20821D4E902040A189E
S3150800CBF0224944F10003C1E90023ADE7022BABD17A
S3150800CC00EB78F02BCCD0E02B08D003F11C02D2B283
S3150800CC100B2A03D95033DBB20F2B9DD8002E9BD09D
S3150800CC20DFF8548098F80030022B95D13846FEF785
S3150800CC300DFE05A9064627F0CAFC02A9204627F0DC
S3150800CC40A6FC082205A80DEB020132F0C4FF002855
S3150800CC5082D13368AA78DB7B9A427FF47DAF0323BF
S3150800CC6088F80030BFE700BFD3C40408D6C4040858
S3150800CC7019C5040847C50408FA650020D815002018
S3150800CC8072C50408C9C504080BC60408D0C404083C
S3150800CC9010B50C462CF09CFB044B014623F81040BB
S3150800CCA02246BDE81040024827F09EBD5E6200207D
S3150800CCB02BC6040810B50C462CF08AFB0B4B33F830
S3150800CCC010301C440A4BA4B203EB801000230288E0
S3150800CCD0A24201D182783AB90133102B00F104003F
S3150800CCE0F5D14FF0FF3010BD18B2FCE75E620020A8
S3150800CCF0DE6100202DE9F04106460D46FFF7DAFF12
S3150800CD0080B20F2829D930462CF062FB0021174F34
S3150800CD10830102333B4413F821200AB30131102959
S3150800CD20F9D14FF0FF34A0462A46214610481FFA8B
S3150800CD3088F827F05CFDB8F10F0F15D830462CF0AF
S3150800CD4047FB0C4B04EB001433F810301D44012349
S3150800CD5027F8245007EB8407BB700020BDE8F08154
S3150800CD600C460FFA81F8DFE70320F7E7DE610020BB
S3150800CD7049C604085E62002070B50E460546FFF7F0
S3150800CD8099FF0446014632460A4827F030FDA3B209
S3150800CD900F2B0CD828462CF01BFB04EB00140020A4
S3150800CDA0054B03EB8402907023F8240070BD0A201B
S3150800CDB0FCE700BF6EC60408DE61002010B52CF043
S3150800CDC007FB0446054827F012FD0548402200EBFC
S3150800CDD084100021BDE8104032F026BF95C604082D
S3150800CDE0DE61002010B50C462CF0F2FA0F4B618874
S3150800CDF033F8102023880B44A1881944E3880B4490
S3150800CE001A440B4B92B203EB80100023018891421F
S3150800CE1001D1817839B90133102B00F10400F5D11D
S3150800CE204FF0FF3010BD18B2FCE700BF5E6200206D
S3150800CE305E6100202DE9F04106460D46FFF7D2FF58
S3150800CE4080B20F2830D930462CF0C2FA00211B4F89
S3150800CE50830102333B4413F8212042B301311029E0
S3150800CE60F9D14FF0FF34A0462A46214614481FFA46
S3150800CE7088F827F0BCFCB8F10F0F1CD830462CF008
S3150800CE80A7FA69882A880F4B0A44A98833F810300C
S3150800CE901144EA8804EB00140A44134427F82430A2
S3150800CEA0012307EB8407BB700020BDE8F0810C4620
S3150800CEB00FFA81F8D8E70320F7E700BF5E61002084
S3150800CEC0ADC604085E62002038B50546FFF78AFF3E
S3150800CED0044601460A4827F08AFCA3B20F2B0CD851
S3150800CEE028462CF075FA04EB00140020054B03EBDA
S3150800CEF08402907023F8240038BD0A20FCE700BF9E
S3150800CF00CCC604085E61002010B52CF061FA044610
S3150800CF10054827F06CFC0548402200EB84100021E8
S3150800CF20BDE8104032F080BEE4C604085E61002009
S3150800CF3038B50C460546FDF767FE0022216805F55B
S3150800CF408053C3F8B41109492846C3E96E1221680B
S3150800CF50A3F8A621C3F8C0110549C3E971122168CF
S3150800CF60C3F8CC110349C3E9741238BDA397030863
S3150800CF70199803087597030830B503290C4685B038
S3150800CF8000D9FEE701B9FEE700B9FEE703687BB101
S3150800CF90094D8A00014601A832F063FE224601A91E
S3150800CFA02846FFF7C5FFFDF753FE854201D0FEE789
S3150800CFB0FEE705B030BD00BFE015002038B500F526
S3150800CFC08D5408340546012300220C21204626F0FC
S3150800CFD07DF92E2829D0042808D1FDF739FEBDE8A9
S3150800CFE0384000F58E500C3027F03BBD00B1FEE707
S3150800CFF0022120460D4A25F0EAFF014600B1FEE768
S3150800D00020460B4A25F0E3FF00B1FEE70321204640
S3150800D010084A25F0DCFF00B1FEE72A4605F11400B0
S3150800D0200549BDE8384029F034BB38BDEF970308F9
S3150800D030719703085F9703089F9703082DE9F7433D
S3150800D04000F5805797F8A631064600F11405ABB3EC
S3150800D05097F8A73193BB284629F0F8FB70BB3046F2
S3150800D06029F0C4FF08B12BF057FE01234FF0000842
S3150800D07087F8A73106F6A619284629F0E7FB60B90E
S3150800D080284629F02DFC2846FDF762FC08F1020225
S3150800D0908318B3F5006F044619D3002406F58D509E
S3150800D0A04946234642460094083026F0F4F90146DC
S3150800D0B020B1124887F8A74127F093FB97F8A631C5
S3150800D0C0CBB9284603B0BDE8F043FDF7EFBB09EB43
S3150800D0D00803010A09F80810014658701FFA82F871
S3150800D0E028464A4429F031FC444428461FFA84F865
S3150800D0F0FDF7DCFBC0E703B0BDE8F083FAC6040819
S3150800D100034B1A7A1043187258683DF0B1BB00BF3A
S3150800D110C027002070B54FF490502EF086FE114CB3
S3150800D1200025206058202EF080FE23680E4A0F4CFA
S3150800D1300F4E22604FF49052C4E904325823E3603C
S3150800D140182329460B4AA0600120A3616560357241
S3150800D1503DF011FB22467060294607483DF0E8F984
S3150800D160306070BDB827002016C704087C4200202E
S3150800D170C027002074D80408B5D1000808B50448AB
S3150800D1803DF04FFA034B1860BDE8084032F080BC0A
S3150800D19064D8040878420020024B4FF0FF31186823
S3150800D1A03DF076BA78420020014B18683DF095BAF2
S3150800D1B0784200202DE9F74F00F0E6FA002038F013
S3150800D1C049FF00908046012038F044FF0746019049
S3150800D1D0FEF734F805460E462CF091F9044660B180
S3150800D1E0404638F05BFF384638F058FF224B18683F
S3150800D1F003B0BDE8F04F3DF0FAB9FFF7CDFFEB46B7
S3150800D200A2465BF8049B484638F002FF50B14846F0
S3150800D2102CF077F9484639F02EF91CB9484639F00A
S3150800D2201EF904460AF10103022B4FF0010AE8D160
S3150800D230FFF7BAFF002CCFD1FEF700F80E4CD4E961
S3150800D24004325B1B62EB06021B1842EB0102C4E9BF
S3150800D2500432237A03EA0A0323B1237A03F0FE038E
S3150800D2602372B5E74FF0FF3160683DF0D3FA237AB1
S3150800D27003F00103F0E700BFC027002000F00CB858
S3150800D28000F00AB800F008B800F006B800F004B8D4
S3150800D29000F002B800F000B872B61EF0080F09D008
S3150800D2A01EF0040F0DD0DFF850E0AEE8FF1F6FF058
S3150800D2B002000CE0DFF840E0AEE8FF1F6FF00E005A
S3150800D2C005E0DFF834E0AEE8FF1F6FF006006946B8
S3150800D2D0EFF309828EE8070086460848084C85451C
S3150800D2E001D3A54501D384F3088800F079FA84F3BD
S3150800D2F008882CF004FB0000046700204800002082
S3150800D300C80A002008B500F0C7F9084A536A43F46A
S3150800D31070235362EFF308834FF0CD31044A043B80
S3150800D320934200D208BD43F80419F9E700ED00E07E
S3150800D330080000202DE9F0470025C2B002AE4FF4E0
S3150800D34080720021304632F06FFC2F46DFF870A05D
S3150800D350DFF87080DFF870909AF800303BB91DB19D
S3150800D3603146144827F03AFA42B0BDE8F087124B26
S3150800D37007F00302032A18BF4B46019358F8043BEB
S3150800D3804FF4807100930D4A534670190DF092FAC6
S3150800D3901AF8013B002BFBD17A1C12F00304D7B212
S3150800D3A003D02844C4B22546D6E73146014827F0BB
S3150800D3B015FAF8E77EC2040814D0040844C704081E
S3150800D3C028DA04080467002041C7040840F6052245
S3150800D3D0F8B55D4B1B8893420ED8B3F5206F0CD871
S3150800D3E040F20252934216D040F2017293421CD088
S3150800D3F040F20152934209D0F8BDA3F60223534CDA
S3150800D400032B1AD8DFE803F03056839B5048BDE853
S3150800D410F84027F0E3B94F4827F0E0F94B4B196C71
S3150800D4204D48BDE8F84027F0D9B9484B4B48D3E9F1
S3150800D4302512BDE8F84027F0D1B9494827F0CEF9BA
S3150800D44094F86C309E0702D5464827F0C7F994F839
S3150800D4506F305D0602D5444827F0C0F994F96F305D
S3150800D460002BC9DA4148D2E7414827F0B7F994F8C2
S3150800D4706830980703D0216C374827F0AFF994F93C
S3150800D4806830002B03DA616F3A4827F0A7F90025C0
S3150800D4900126394FA26E06FA05F3134206D057F84D
S3150800D4A025100B7813B1354827F098F90135082D62
S3150800D4B0F0D1A1E7324827F091F9216C264827F0E8
S3150800D4C08DF994F86930590702D52E4827F086F960
S3150800D4D094F96930002B03DA616F264827F07EF944
S3150800D4E00825254EA36EEB40DA0706D556F8251013
S3150800D4F00B7813B1214827F071F90135102DF1D1B8
S3150800D50094F86830002B7FF477AF1F487FE71F48F1
S3150800D51027F064F9216C104827F060F91025164E9B
S3150800D520A36EEB40DB0706D556F825100B7813B12A
S3150800D530124827F053F901351A2DF1D15CE7144842
S3150800D54027F04CF9216C6BE7626200200467002023
S3150800D55053C7040890C70408C0C70408DAC70408F4
S3150800D560F5C704080DC8040847C804087AC804089B
S3150800D570B6C80408DBC80408F4DA0408F8C80408BE
S3150800D58000C9040817C904085DC904088DC9040838
S3150800D590A6C904082DE9F74F334DD5E90D325807CA
S3150800D5A048BF0026D5E9121B4EBFB046D5F85080B5
S3150800D5B08B46D5F83CA05DBF2C4E9246DFF8D0903E
S3150800D5C0DFF8D09013F0080F294B2A4918BF1946DF
S3150800D5D0B6EB08071FBF64237C0803FB0B44B4FBA8
S3150800D5E0F7F40CBF3C46A4B243464A462248CDE966
S3150800D5F0006ABFB227F0F2F84B4622461F4800974A
S3150800D6001FFA8BF127F0EAF8B24501D8C24503D2D2
S3150800D61049461B4827F0E2F8D5E9173213436A6EE4
S3150800D62013431AD0174827F0D9F8002501270E4EBC
S3150800D6300024F26D07FA04F3134203D0124829199D
S3150800D64027F0CCF80134202CF3D12035602D06F1D3
S3150800D6500406EDD103B0BDE8F08F0C4803B0BDE871
S3150800D660F04F27F0BBB800BF04670020C80A0020A7
S3150800D670D4C90408DBC90408E3C9040814CA0408A1
S3150800D6804DCA04086BCA0408B3C204089ACA040837
S3150800D690CFC90408C7C9040837B503F059FB0546BE
S3150800D6A02CF0E1FFEB072DD4012319461A4601FA9F
S3150800D6B002F42C4003F1010326D0214B33F8124023
S3150800D6C0F9F76CFC062C83B21E4A4FEA104021D1AA
S3150800D6D04FF20F0188421AD1B3F5406F28BF4FF4B5
S3150800D6E0C0634CF23C3113804FF00052518040F237
S3150800D6F00172934201BF144B144AD2E90001C3E9EF
S3150800D700000117E00022D8E7102BCFD1D8E74FF455
S3150800D710C063E6E740F207218C420DD14FF20F01B4
S3150800D720884206D1A34202BF4FF000534CF23C3167
S3150800D7305980148003B030BD23461480D7E700BF54
S3150800D74008DA040862620020A042002098670020D8
S3150800D750044B05481B881A0AB3F5406F38BF00EB1F
S3150800D7608200704762620020D8D90408044B1888E2
S3150800D770044B020A53F82230C0B203EB800070470C
S3150800D78062620020A8D9040810B5FFF7E1FF114C22
S3150800D790024621881048090A27F020F8FFF7E6FF15
S3150800D7A0218802460D4827F019F801232288120A13
S3150800D7B0934040F2A17213420AD00020FFF7EAFE16
S3150800D7C00020FFF703FEBDE810400020FFF7B2BDBA
S3150800D7D010BD00BF62620020AFCA0408C5CA0408AB
S3150800D7E0704A2DE9F041704B5668704C5E65516A77
S3150800D7F099656F49D1F80002D865D1F80402186610
S3150800D800D1F808125966916A9966D16AD966116B78
S3150800D8101967516B5967596BD26B11F004009A67F7
S3150800D820644A5ED00820D96B1A6501F12005D864D0
S3150800D8308869C6F308061864CF69062E5F6460D146
S3150800D8405D4EB0425DD35D4EB0425AD206884DF663
S3150800D8504260864255D11868C3F894005868C3F8E0
S3150800D860980040F20170A242164604D23768043284
S3150800D870B7F1CD3FF7D00022C3E91F22C3E9212221
S3150800D880C3E92322A41BDFF830C1DFF830E19C642A
S3150800D8908D4239D8D3E91FC7D3E92165D3E9234196
S3150800D8A04FF0000E013AD2B2FF2A47D1BEF1000F5F
S3150800D8B005D0C3E91FC7C3E92165C3E92341B3F806
S3150800D8C05430C3F308030C2B46D8022B5FD9DA1E53
S3150800D8D0092A5CD8DFE802F03C624B4E5B5B5B5B77
S3150800D8E05B58996BC3E91302914205D301F12000F5
S3150800D8F0A04201D825469BE700212C4DC3E910110B
S3150800D9002C494FF42060AEE755F8044D6445BFD363
S3150800D9107445BDD2E607BBD50026294F57F8048FB4
S3150800D920A045B5D00136062EF8D12AB1013AD2B2B1
S3150800D93003EB8206F467ABE70522F9E7E0464FF00A
S3150800D940010EBC4637462E4625460C464146A9E7F3
S3150800D95040F60120BDE8F0814A2B18D1194B9B6986
S3150800D96013F0020F40F2025318BF1846F2E740F6CA
S3150800D9700320EFE740F6042240F20173B0F5206F6A
S3150800D9800CBF10461846E5E740F60520E2E740F6E4
S3150800D9900722013B6B2B98BF1046DBE740F60220B7
S3150800D9A0D8E700BF00ED00E004670020C80A0020A1
S3150800D9B000E100E0080000208063000800BB0408BE
S3150800D9C07C6700200040005B07B508202CF036F87D
S3150800D9D00222064B6846CDE900232BF0A0FF08205B
S3150800D9E003B05DF804EB2CF034B800BF006A1810D9
S3150800D9F0BFF34F8F0549064BCA6802F4E06213432A
S3150800DA00CB60BFF34F8F00BFFDE700BF00ED00E01E
S3150800DA100400FA050348044A0449121A92102CF025
S3150800DA2000B800BFC061000880630008A067002036
S3150800DA3008B5154B83F30A8800F030F8FFF7EAFFBC
S3150800DA40124B13498B4212D30020124B12498B42B8
S3150800DA5018D3F8F70DFF186850F82240586840F8B0
S3150800DA602240013298688242F5D30C33EAE7002255
S3150800DA70F8E71C6844F8220001325C68A242F8D331
S3150800DA800833E4E70022F8E70800002054410508B7
S3150800DA906041050860410508604105084FF480416A
S3150800DAA0144B154A70B59A60D3F88820134D42F482
S3150800DAB07002C3F88820124A05F5005491664FF0A3
S3150800DAC0FF3222666FF4003262660D22A2660222D7
S3150800DAD0C3F8D020BFF34F8FBFF36F8F4FF4403694
S3150800DAE0002007F077FD0020E66007F057FD2E615D
S3150800DAF070BD00BF00ED00E0006000080080004433
S3150800DB0000900050014B1860704700BFD47B00207E
S3150800DB10054B1860054B1B6F03F00703032B01D158
S3150800DB203BF048BE704700BFDC7B002000800050F9
S3150800DB30002307B5294801933DF00CFE4FF44073C6
S3150800DB40012204216846ADF800302BF08EFF012231
S3150800DB50234B0520C3F8442401A93DF0F6FD00280F
S3150800DB6039D1204BD3F8F02042F00102C3F8F02057
S3150800DB70D3F8FC2042F08072C3F8FC201A4AA3F5B9
S3150800DB805D431A60019B194A03F5D52303F2FC434A
S3150800DB90B3FBF2F3164A013B13610223C2F8F030D5
S3150800DBA04FF48073C2F804334FF06043114AC3F848
S3150800DBB0B02F114AC3F8802ED3F8002E42F4807293
S3150800DBC0C3F8002EFF2283F82020D3F8002E22F473
S3150800DBD08072C3F8002E03B05DF804FB50DC04081D
S3150800DBE000D0035000ED00E0FF030040F8590D0097
S3150800DBF0000004E055CEACC5090001004FF06043B3
S3150800DC00D3F8802E30B5D20715D501240B4D8440A4
S3150800DC10D5F8FC2042F08072C5F8FC20D3F8002E17
S3150800DC202243C3F8002E53F82020002AF0D003F828
S3150800DC302010002030BD1120FCE700BF00ED00E0F9
S3150800DC4070B5044601260C4D04B970BD94FAA4F0CB
S3150800DC50B0FA80F006FA00F224EA0204C200AA58D2
S3150800DC600F2805EBC001C8BF1038002AECD0496858
S3150800DC70C0B29047E8E700BFA842002008B50C48A4
S3150800DC803DF068FD272007F097FC28B1272007F00C
S3150800DC90A1FC272007F082FC282007F08DFC28B17C
S3150800DCA0282007F097FC282007F078FC002008BDFC
S3150800DCB050DC040848B10122437801789A403023A1
S3150800DCC05943034B00205A5070472220704700BF23
S3150800DCD040D0035048B10122437801789A40302356
S3150800DCE05943034B00205A5070472220704700BF03
S3150800DCF040E003502DE9F0410D4690461F46044684
S3150800DD00002836D0002934D03DF060FB237806463B
S3150800DD10FF2B05D042462046296803F0ABF9286058
S3150800DD202868421C0BD12378FF2B1CD1124B607834
S3150800DD30D3F824142CF00FFD431C286013D00F4988
S3150800DD40069B41F8307001EBC0014B602378FF2B2E
S3150800DD5004D001230A4A8340C2F8243430463DF0F1
S3150800DD6030FB002003E030463DF02BFB2D20BDE8BC
S3150800DD70F0812220FBE700BF00C00350A842002024
S3150800DD8000D003500F2838B5054613D83DF01EFBC2
S3150800DD9001230024084AAB40C2F82034C2F82434D0
S3150800DDA0064B43F8354003EBC5035C603DF009FBC1
S3150800DDB0204638BD2120FCE700E00350A842002099
S3150800DDC008B503F0F7F8054B00F0553020F0A040F1
S3150800DDD0C3F82004BDE80840FFF732BF00E003504F
S3150800DDE008B503F0E7F8054B00F0AA3020F020400C
S3150800DDF0C3F82004BDE80840FFF722BF00E003503F
S3150800DE0038B5104B05461B78ABB1B0B10020294692
S3150800DE1028602DF0ABFE044688B93DF0D7FA2B688A
S3150800DE200125094A190102EB03131D7354503DF0ED
S3150800DE30C8FA204638BD054CFBE7054CF9E7054C02
S3150800DE40F7E700BFFB650020AC430020028000F026
S3150800DE50018000F0048000F010B53DF0B7FA144BCD
S3150800DE601C781CB13DF0ADFA124810BD01221A709B
S3150800DE703DF0A7FA104B11481C731C7783F82C4009
S3150800DE8083F83C4083F84C4083F85C4083F86C4048
S3150800DE9083F87C403DF05EFC09483DF05BFC0821B8
S3150800DEA023202DF08EFE074807F08AFA2046DCE785
S3150800DEB0FB650020038000F0AC4300204CDC04081E
S3150800DEC048DC0408A84300202DE9F04F144606460E
S3150800DED00F4689B00393C36B01225B6904A9606886
S3150800DEE09847F36B01225B6905A93846984704A849
S3150800DEF02CF07FFA054650B10023A37563754FF0E1
S3150800DF00FF33A3600025284609B0BDE8F08F05A8B1
S3150800DF102CF07CFA0123A375237E04EBC303DF618F
S3150800DF201D846368BB420ED1206005A82CF08FFAC9
S3150800DF304FF0FF332075A360237D043B022B26D8C0
S3150800DF400023A375DEE723681A1A53425341A375C3
S3150800DF5005A82CF07CFA237D834218BFA57505A871
S3150800DF602CF058FA804604A82CF054FA804518BFBD
S3150800DF70002305A818BFA3752CF053FA804604A8F9
S3150800DF802CF04FFA80451CBF0023A375D4E705A8DB
S3150800DF902CF040FA80B1F36B022238465B6906A979
S3150800DFA0984706A82CF044FA0346207D032839D85A
S3150800DFB0DFE800F03838040905A8F3E7CC22237E09
S3150800DFC004EBC3031A8401F06BFA129B187005A8B8
S3150800DFD094F818802CF012FA04EBC80888F8220086
S3150800DFE0237E05A804EBC303B3F820A093F8228088
S3150800DFF02CF010FA814605A82CF013FA8346B9F1DD
S3150800E000000F14D0F36B022238465B6906A99847BD
S3150800E01006A82CF0D3F9607568B90023A3754FF0EC
S3150800E02000093CE0227E04EBC2021384CBE705A874
S3150800E0302CF0AFF9EFE794F81690B9F1000FEED08F
S3150800E040BAF1000F0DD1B8F1000F1DD00123E37509
S3150800E050637E002B3FD1B8F1010F30D184F81980C7
S3150800E06014E0736C07EB0B015A4287EA0100104271
S3150800E0701CBF0022A2755A1E0A409B1A9A45CCD884
S3150800E080A37D002BDFD1CAE7E37D43B94FF0000932
S3150800E09053465A46394630462BF0F2FEA060A37D19
S3150800E0A013B12269524422611F49227E097891429E
S3150800E0B01AD901322276039ACAB91D4623E796F879
S3150800E0C034307BB9F36A0133E2D1B8F1030FDFD1FB
S3150800E0D00123A376DAE7B8F1010FE0D0B8F1030F10
S3150800E0E0D4D1F5E79946D3E70023A3750BE7002BB0
S3150800E0F03FF409AFE57D002DDFD0B9F1000F11D14E
S3150800E100B8F1030F3FF4FFAEA1684B1C3FF4FBAE1A
S3150800E110129B2246009330460123FFF7D5FE05469B
S3150800E120A075F0E64D46EEE67CDB04082DE9F04FD7
S3150800E1300E46984600238BB004464FF0FF31104632
S3150800E14017468DF8133001F095F9B6F5801F20D2E1
S3150800E150314605AA04F108002CF099F8451C014639
S3150800E16003D1237CBBB92D2010E0384601F082F993
S3150800E1700122394620460DF113032BF0D3FE002861
S3150800E180EFD09DF8133088F8003000200BB0BDE8BA
S3150800E190F08FB01CE5D1E56A691C36D12046616A64
S3150800E1A02BF0B4FD0546B31C18BF0123DFF8CC904D
S3150800E1B00193636A626C0293236805A902FB053A18
S3150800E1C0E36B05225B695046984705A82CF0ABF926
S3150800E1D02CF0CEF950462CF0D6F94FF0000B8246BB
S3150800E1E001464B1C05D0636C81EA0A025B42134266
S3150800E1F011D0294620462BF089FD029BAB422CD034
S3150800E200BBF1000F2CD10546D3E72368ED1A636CE2
S3150800E210B5FBF3F5C7E7484601F02CF90DF11303F2
S3150800E22049462046019A2BF07DFE034690B1B21C62
S3150800E23003D0D9F80020B2420CD19DF813200393DD
S3150800E2400D4B88F8002049461A68384631F009FD12
S3150800E250039B9B46D9F80810C3E7BBF1000F82D091
S3150800E260B6F5801F91D2314698F800307A6804F1E5
S3150800E270080001F02DF888E778DB0408A04A00209A
S3150800E2802DE9F3410446174698460E46184D816A0D
S3150800E290E36A8B4201D04B1C02D102B0BDE8F08183
S3150800E2A0284601F0E7F80122294620460DF1070322
S3150800E2B02BF038FE38B14346294620469DF80720FC
S3150800E2C0B8470028E9D0A9684A1C04D169682046DD
S3150800E2D02BF0A9FD0146012EDAD16B6881EA03020B
S3150800E2E0636C5B421A4218BF4FF0FF31D0E700BF9C
S3150800E2F0744A00202DE9F0474FF0FF334FF6FF72BE
S3150800E3000025044600F108078AB0C0E90923C3625C
S3150800E31005620563384688462BF08AFF20462BF0AF
S3150800E32075FC60BB204641462BF040FD20462BF08D
S3150800E3306DFC60BB5E200AB0BDE8F0872368E26B1F
S3150800E340606C566900FB0530052205A9B04705A88B
S3150800E3502CF0E9F8012806460CD1294620462BF070
S3150800E360F6FC012E024600D10132294620462BF042
S3150800E3706CFC03E02CF001F90028EED10135E369C5
S3150800E3809D42DBD320462BF041FC0028CAD020460C
S3150800E3902BF06CFC4FF6FF72636A934200F0A6807E
S3150800E3A0E26B666C2068694606FB03005569052220
S3150800E3B0A84768462CF08EF8626A2368606C4C4D54
S3150800E3C000FB02302CF0DFF84FF0FF33A062E36267
S3150800E3D02A466FF00101204605ABFFF7A7FE002885
S3150800E3E046D1AD6829462046E5622BF0EBFB206353
S3150800E3F020B92046E16A2BF016FDE0622946204640
S3150800E4002BF011FD0546A36A9D4233D120462BF019
S3150800E41097FB00268046B146E36999453CD3B0454B
S3150800E42059D92046616A2BF071FC0027054604F18C
S3150800E430400AB74212D3626C2368694602FB053963
S3150800E440E36B05225B694846984768462CF042F814
S3150800E450534602464946E06B2CF097F82946204673
S3150800E4602BF054FC0137B8450546E2D1642062E733
S3150800E470A56AB7E7294620462BF0A4FB236B294655
S3150800E48003440646236320462BF0CDFC0546002EA2
S3150800E490B9D1C4E90B06B6E7636C2568052203FB08
S3150800E4A00955E36B05A95B692846984705A82CF02A
S3150800E4B03AF82CF05DF858B128462CF064F8014675
S3150800E4C020462BF07FFB636C143B984208BF01364D
S3150800E4D009F10109A0E738462BF0AAFE00232046D9
S3150800E4E01946044AFFF7CCFE002024E7672022E7F6
S3150800E4F0CC4A0020139F03082DE9F041036B904690
S3150800E500826B90B09A4288BF8363426C436A0768FD
S3150800E5100E4602FB0377C36B01A905225B69044615
S3150800E5203846984701A82BF0FEFF012801463070AF
S3150800E53057D0656CE26B2368606AD2F814C005FB95
S3150800E5400030052206A9E04706A82BF0ECFF0128B3
S3150800E5504FF0000523D0D4E90A3201219342CDE9D0
S3150800E5600B458DF834800E958DF83C102AD1194646
S3150800E57020462BF058FC236B626C14339B1AE0621E
S3150800E58023630C9B53B99DF83C303BB1626A616CBE
S3150800E5902368E06B01FB02312BF07DFF0C9DE36BDA
S3150800E5A005225B6901A93846984701A82BF0BBFFED
S3150800E5B030702846236BA26B9A4288BFA36310B0BB
S3150800E5C0BDE8F081237C33B91C490BAA04F1080085
S3150800E5D000F0CCFED5E72046194A0BABFFF750FEF4
S3150800E5E0CFE7237C23BB2246164904F1080000F036
S3150800E5F0BDFE616A20462BF0AAFB616A421C2046D2
S3150800E6002BF023FB054620B9236B626C1344143B9D
S3150800E61023632046A16A2BF006FC2368A062C01A71
S3150800E620636CB0FBF3F0606220462BF03FFCB6E764
S3150800E63000232046044AFFF723FEDAE76DED0008BB
S3150800E640E9EC0008AD9F0308499F030873B50D461A
S3150800E650D11E4A421C461B7E4A419A4226D1296847
S3150800E6602368994222D3636899421FD8114E0DF147
S3150800E67007033246FFF75AFDC0B972686B689A42BB
S3150800E68014D19DF80730DA1E53425341227E934235
S3150800E6900CD1636901336361D4E90323934205D23C
S3150800E6A02968A26842F8231001332361012002B0C9
S3150800E6B070BD00BFCC4A00202DE9F04F9A468BB0BA
S3150800E6C09DF85030DFF850B10293DBF810308046E1
S3150800E6D053450D461646C0F09880D146DBF80430FF
S3150800E6E00193B9F1000F00F08C80D8F83C30012274
S3150800E6F05B6907A90198984707A82BF087FEDBF8FE
S3150800E7000030984240F0848007A82BF08AFE04283F
S3150800E710074614D107A82BF08BFE019B029A0446E4
S3150800E7203B44002A3ED1864212D91446361A404640
S3150800E73001992BF078FBA9EB04090190D1E7D8F8E9
S3150800E7403C3002225B69019808A9984708A8E2E7C5
S3150800E750841B544528BF5446032C03EB0607AAEB33
S3150800E760040A1DD9D8F83C30294638465B69A20800
S3150800E770984724F0030304F003061F441D44002EA3
S3150800E780D5D0D8F83C3001225B6908A938469847A5
S3150800E7903246284608A9354431F063FA0026C6E70A
S3150800E7A02646ECE7074600F00302039203442A18BC
S3150800E7B004920593049BDD1B059BD81B039B9F4274
S3150800E7C00FD1002FB3D0D8F83C30012208A95B69D5
S3150800E7D098473A46284608A931F0FDF978B93D44E4
S3150800E7E0A5E7D8F83C30012208A95B6998470422B6
S3150800E7F0284608A931F0EFF908B9043FDAE74FF0DF
S3150800E800360948460BB0BDE8F08F4FF06309F8E7C4
S3150800E8104FF06F09F5E700BFF84A00202DE9F041EF
S3150800E8200F4616469846044688B060B390F83450AA
S3150800E830FDB101212BF0DFF900210E9BCDE9051171
S3150800E840CDE902379DF83C30CDF804808DF81C30B0
S3150800E850237C04968BB90D4901AA04F1080000F03F
S3150800E86085FDDDE90553E06B002E08BF1D462BF03C
S3150800E870ABFB284608B0BDE8F0812046044A01AB48
S3150800E880FFF7FEFCEDE70546F3E700BF779F0308B1
S3150800E8904DE600082DE9F04F99B0CDE90B230E4659
S3150800E8A00A69416CD31D1439B3FBF1F3013302EB4A
S3150800E8B0C302036B04469342C0F00F820023DFF8BD
S3150800E8C020940993E36A48461946079300F0D2FD57
S3150800E8D0D6E9033705930C9B022B1CD1CC2F40F0AD
S3150800E8E074810B9B8BB1314620462BF0CBFB656CB4
S3150800E8F014900B9B63B1E36B01225B69706816A9E0
S3150800E900984716A82BF086FD0CE0059B1B68149308
S3150800E91008230E930DE0782F656CEAD80B9B002B25
S3150800E920E9D1F07D00280CBF04230823782F0E9325
S3150800E93028D90123002508930823039333680899E7
S3150800E9400C98C9F80030C9F810702BF084FD002324
S3150800E9500F930D9306930A93039BDDF81CA09B085F
S3150800E96089F814001193616C03984A1E0AEA020298
S3150800E9708B1AEFB10544AB421CD8236B5B1A1344C0
S3150800E980236386E0079A6B1E1340EB1A3A1D9342DF
S3150800E99007D257B1082BCCD8002304250893039532
S3150800E9A0CCE7002504230895C7E704250897F6E76A
S3150800E9B08342E2D3039AB8469B1A9F4228BF9846D9
S3150800E9C052449F42049278D90123D9F8102089F835
S3150800E9D01730974276D1C9F804A0069399F81730EC
S3150800E9E0002B71D099F818200699D31C09EBC3039C
S3150800E9F00132C3F804A0A3F80880997289F8182090
S3150800EA00B8F1000F14D00C9B022B60D10F9B7BB979
S3150800EA100D9B4344032B0BD9E36B01229B69049896
S3150800EA2014A998470546002840F0D58001230F937E
S3150800EA30069B16A80193089B009399F81420434651
S3150800EA40316800F0CDFCE36B50469B69119A16A914
S3150800EA509847051E099B18BF5346039A09935146C2
S3150800EA60434620462BF00CFA236B039AC9F8080094
S3150800EA709B1A08F1030222F003029B1A2363002D56
S3150800EA8040F0A9800D9BDDF810A04344A7EB0807CA
S3150800EA900D93514620462BF0C6F900258246002FD5
S3150800EAA07FF461AF8E4A3168936804F10800E36227
S3150800EAB052680C9B00F00CFC89E0069B002B18BFE3
S3150800EAC003238AE7022388E7C9F804A098E70B9B83
S3150800EAD0002B30D1059BB8F1030F03EB080B27D9A0
S3150800EAE0DDE90401E36B4FEA98029B6998470546FE
S3150800EAF0002864D118F003025ED0059B28F00305B0
S3150800EB002B440593049B1D444FF0FF33059915A824
S3150800EB10159331F0A6F8E36B284601229B6915A9DF
S3150800EB2098470546CDF814B0002D81D0049B94E78C
S3150800EB304246049DE8E706F12003DDF810B010937D
S3150800EB40F37D70689BB10023357E0A9AD9B2A94233
S3150800EB5011D2109903F1010C31F83310914225D9DD
S3150800EB600E9906EBC303D8690A44104403E00E9BCA
S3150800EB700A9A13441844E36B01225B6915A998475E
S3150800EB80159B012213930A9B584604330A93E36B99
S3150800EB9013A99B699847049B05464344A3EB0B03BB
S3150800EBA0042B06D970B90BF1040BC9E76346521A50
S3150800EBB0CCE7CDF810B0B7E7CDF814B038E7CDF804
S3150800EBC014B0B3E7CDF810B0B0E770252F46384635
S3150800EBD019B0BDE8F08F3D2DF8D104F10803039371
S3150800EBE02368079A606CD71AB7FBF0F700FB073063
S3150800EBF02BF0C9FCE16A824620462BF014F9A16A7B
S3150800EC00D4F830E08142626C59D0D9F8083002F164
S3150800EC10FF3CAEEB020103EA0C030B44236309999C
S3150800EC202368E062CB1AB3FBF2F847453BD1079B52
S3150800EC30B3EB0A0711D0E36BBA0851469B699847AC
S3150800EC408346E36A079A3B44E362236B03989B1A5D
S3150800EC50534423632BF0ECFA5F462368616CE06B40
S3150800EC6001FB08312BF004FC20462AF0CFFF204692
S3150800EC702AF0FCFF626A2368606C00FB02302BF006
S3150800EC8082FCA06220462BF011F920636FB132692D
S3150800EC90616CD31D1439B3FBF1F3013302EBC302E4
S3150800ECA090429DD292E70027D7E704F108002BF09F
S3150800ECB0BFFA3B46394620460A4AFFF7E1FA326967
S3150800ECC0616CD31D1439B3FBF1F3013302EBC302B4
S3150800ECD0236B9342BFF4F6AD78E71C2777E700BFAE
S3150800ECE0A04A0020139F0308032A2DE9F34106468C
S3150800ECF00D4617461C4606D1237A012B23D0012040
S3150800ED0002B0BDE8F081DFF86080096842460DF17F
S3150800ED100703FFF70BFA60600028EDD19DF807306E
S3150800ED20032BE9D0D8F804206B689A42E4D1237AF9
S3150800ED302969012BD4F80CC007D172690CEB0103C1
S3150800ED40934202D92074207CDAE708316144E160F5
S3150800ED503B46012229463046FFF79CFD60600028A5
S3150800ED60CAD00020CCE700BFCC4A00202DE9F341E9
S3150800ED70032A1746089C06D1237A012B25D00120A1
S3150800ED8002B0BDE8F0812668DFF89080304642463A
S3150800ED900DF10703FFF7CAF960600028ECD1256872
S3150800EDA0D8F80400A96A6A6C4840534210EA030C72
S3150800EDB0E2D1237A012B0AD1E068D8F8103003444F
S3150800EDC07069834203D984F810C0207CD8E7286884
S3150800EDD0EB6A1B1A081AB3FBF2F3B0FBF2F0834294
S3150800EDE00BD1706CF36A421E1340326B121A13442D
S3150800EDF0284633632BF017F8E862D8F81020E36842
S3150800EE0008321344E36001223B4604492068FFF7B1
S3150800EE1041FD60600028AFD00020B1E7CC4A002051
S3150800EE202DE9F0410025604B0E46D3F800800446D4
S3150800EE301D6018B921252846BDE8F08190F8347080
S3150800EE4007B30A6803689A4240F0A4804A68436890
S3150800EE509A4240F09F808A6883689A4240F09A8076
S3150800EE60CA68C3689A4240F095800A6943699A421B
S3150800EE7040F090808A69C36B9A4240F08B804B6958
S3150800EE808361D8E768223946856B30F0CDFED6E92E
S3150800EE900212336804F1080023607368A56363608F
S3150800EEA0336963617369A3612BF0D4F9B36904F11B
S3150800EEB04000E3639B68984720B9676C17B163689D
S3150800EEC0B3FBF7F794F84330E761002BB2D0002381
S3150800EED0656C2366002D65D0002F63D02368B3FBCD
S3150800EEE0F5F205FB1233002B56D16668B6FBF5F32F
S3150800EEF005FB1363002B4FD120462AF053FEA36966
S3150800EF00043303449E4249D340F634726369CC3BCA
S3150800EF10934245D8B5F5805F44D3032120462AF0AD
S3150800EF206AFED4E90001E36B1B6898470546E36B64
S3150800EF300220DB689847D5B941462046FFF7DAF93B
S3150800EF406428054604D141462046FFF7D3F905460D
S3150800EF506DB9636C226A143B204602FB03F62AF05D
S3150800EF6021FEA369043303449E4238BF5A25002D67
S3150800EF700CBF0123002384F8343007D1D4E90001FB
S3150800EF800A4A1368013313602BF0FEF9E06B2BF085
S3150800EF901BF850E75D254EE759254CE75A254AE701
S3150800EFA05F2548E75B2546E7304400202C440020CF
S3150800EFB02DE9F04385B00E4617461C460546DDF892
S3150800EFC03080A0B390F834309BB3B1F5801F32D2AD
S3150800EFD0DFF8689001212AF00EFE4A463146284697
S3150800EFE00DF10F03FFF7A2F8E8B99DF80F30012BD2
S3150800EFF014D1D9F8102004EB08039A4215D32246F7
S3150800F0000090434639462846FFF756FB0446E86B08
S3150800F0102AF0DAFF204605B0BDE8F083022B0CBFC4
S3150800F02060242D24F3E72D24F1E76324EFE7212458
S3150800F030F0E71124EEE72924ECE700BFF84A0020A0
S3150800F0402DE9F3411E4600230C4617460546336054
S3150800F05050B390F834304BB3B1F5801F28D2DFF89F
S3150800F060548001212AF0C7FD2146424628460DF163
S3150800F0700703FFF75BF80446A0B99DF80730032B92
S3150800F08010D0022B03BF01233B600423D8F81030AD
S3150800F09018BF38603360E86B2AF096FF204602B046
S3150800F0A0BDE8F0812D24F6E72124F7E71124F5E7DA
S3150800F0B02924F3E7F84A002073B5044641692AF083
S3150800F0C056FD626E236B024493422CBF0022012236
S3150800F0D0834294BF00231B1A207C84F85020636562
S3150800F0E084F85800A8B100230B4E1A461946204644
S3150800F0F000962BF08BF8002305461A46194620463B
S3150800F10000962BF08CF8E3682844984294BF0020B8
S3150800F110C01AE06502B070BDFFFF0F002DE9F34786
S3150800F1201E4643690446B342884617469DF828900A
S3150800F1304FD300258DF80750204661692AF017FD40
S3150800F140D4F830A082450AD2236AB5EB430F06D21B
S3150800F150002220460DF10701FFF7CEF9B8B39DF856
S3150800F1600730012B05D1002220460DF10701FFF7D4
S3150800F170C3F9B9F1030F06D0314620462AF0F7FC49
S3150800F180256B854227D3154D4FF0FF31284600F0F1
S3150800F19071F94B46294600222046C5E90376C5F88B
S3150800F1A00080FFF777FB236E054663B12046FFF71D
S3150800F1B083FF94F8503013B994F858301BB1236E76
S3150800F1C004F150009847284602B0BDE8F08701359B
S3150800F1D0B2E76225F7E71C25F5E700BFCC4A002011
S3150800F1E02DE9FF410F4690461E46054698B390F80E
S3150800F1F0343093B3B1F5801F31D21A4C02212AF06C
S3150800F200FAFC2246394628460DF10F03FEF78EFF13
S3150800F210024678B1012342460093394633462846CA
S3150800F220FFF77CFF0446E86B2AF0CEFE204604B0C2
S3150800F230BDE8F0819DF80F30012BEBD12169B14271
S3150800F240E8D10093414633462846FFF735FA044687
S3150800F2500028DFD1E7E72124E8E71124E6E7292497
S3150800F260E4E700BFF84A002030B50C46054685B0ED
S3150800F27028B390F8343023B3B1F5801F23D2022186
S3150800F2802AF0B9FC0DF10F03214628460F4AFEF76E
S3150800F2904DFF034688B99DF80F20032A0DD0032297
S3150800F2A02146009202462846FFF738FF0446E86BD7
S3150800F2B02AF08AFE204605B030BD2D24F7E7212422
S3150800F2C0F8E71124F6E72924F4E700BFF84A0020F6
S3150800F2D02DE9F043466886B3056898464FF0000C5A
S3150800F2E0A946AE4655F83C400CF1010CC4F3130789
S3150800F2F0013401D0B94217D0B4450EF1080EF1D148
S3150800F3002F46002403E0B44207F1080712D055F847
S3150800F310343001340133F6D1C1F3130141EA0851FF
S3150800F320C7E90012BDE8F08341EA0851CEE90012A8
S3150800F330BDE8F083B8F1030F03D101230372BDE8DA
S3150800F340F083002303E0B34209F10809F5D055F824
S3150800F35033400133C4F30754032CF4D1C1F3130328
S3150800F36043EA0853C9E90032BDE8F0832DE9F041C4
S3150800F3700646406882B0B8B10F4690460024336806
S3150800F38053F8345003EBC403C5F30752C5F313010E
S3150800F390013506D05B683046CDF80080B84718B10D
S3150800F3A0706801348442EAD302B0BDE8F08100BF38
S3150800F3B0024B1968024B1868FFF732BDE07B002044
S3150800F3C0007C002008B53BF0F4FF014B186008BD2F
S3150800F3D0244B0020014B18683BF0E6BF244B002065
S3150800F3E073B504462248012A00EAC1119DF818504F
S3150800F3F023F07C4007D9961E012E28D9073303F03F
S3150800F4007F03194308E09DF81C300A43DB0603F026
S3150800F410C053134343F060410023C4E900108DF83C
S3150800F4200730B5B1202221460DF107002BF0C7F8A9
S3150800F4301A220DF10700211D2BF0C1F80820636878
S3150800F4409DF8072043EA8263636002B070BD1143EA
S3150800F450E2E71B220DF1070021462BF0B0F82368DE
S3150800F4609DF80720042043EAC2632360EDE700BF46
S3150800F47080FFFF0738B5094B0D461A680021044678
S3150800F48030F0D2FB00234FF0FF322383C4E9002576
S3150800F4902361A260E382A37638BD00BF78DB040847
S3150800F4A00138C0B205289ABF014B185C0120704785
S3150800F4B07DDB04082DE9F0410746154600240E4673
S3150800F4C0596888B0490A012922464FEA510104F1D0
S3150800F4D00104F8D8DC78997824031B88C90201F45A
S3150800F4E0006104F480540C43C3F30A035203234413
S3150800F4F092B24FF000089C18274B6FEA0444039316
S3150800F50025F07843ED4302A90DF107001B2202936B
S3150800F5108DF807802BF053F89DF80720029B02A967
S3150800F52043EAC2630DF107001B2225F078450493D0
S3150800F53002958DF807802BF042F89DF80720029B6C
S3150800F5406FEA144443EAC26305934FF0FF33079406
S3150800F550069307A9BB69012206F110009847BB6903
S3150800F56005A90446012206F108009847BB694045EB
S3150800F57018BF044604A90122301D984701224045B8
S3150800F58018BF0446BB69304603A99847404508BFDB
S3150800F590204608B0BDE8F08101009AB2034B5A68CC
S3150800F5A012B19A6A002AFAD1704700BF00C000500B
S3150800F5B043681249B3FA83F310B5C3F11F044B68C5
S3150800F5C00BB1FFF7EBFF01220D4B5A604B689B0707
S3150800F5D0FCD4027A437843EA420343EA041301243B
S3150800F5E0427A8B60837A43EA42034B62054B5C603E
S3150800F5F0037813B1FFF7D2FFCC6010BD00C00050EE
S3150800F60000E0005000D00050044B9A6AD006FCD4A3
S3150800F61019639A6AD206FCD4704700BF00C000502E
S3150800F620044BD3F88420D206FBD4D3F88400C0F365
S3150800F630811070470040005038B5174B0546D3F87F
S3150800F64028310C4603F00703013B052B20D8DFE8D9
S3150800F65003F003131B0F0B173AF086F8052305B1C1
S3150800F660286004B1236038BD3AF07EF80623F6E731
S3150800F6703AF0C4F80723F2E73AF0B6F80323EEE7C0
S3150800F6803AF0B2F80423EAE73AF0AAF80223E6E7E2
S3150800F69000231846E3E700BF00800050002337B573
S3150800F6A00193164B0546D3F820320C4603F00703A0
S3150800F6B0042B21D8DFE803F0030B11161B000123E6
S3150800F6C00DB1019A2A6004B1236003B030BD002150
S3150800F6D001A8FFF7B1FF1223F2E73AF08FF80723E4
S3150800F6E00190EDE73BF085FE0A230190E8E73AF042
S3150800F6F0D9F809230190E3E70023E1E700800050E9
S3150800F70038B5104B0546D3F850320C4603F00303C0
S3150800F710022B12D0032B08D0012B0AD0002318463F
S3150800F72005B1286004B1236038BD3BF065FE0C23A3
S3150800F730F6E73BF05EFE0A23F2E73AF0B3F8092350
S3150800F740EEE700BF0080005038B5104B0546D3F8E9
S3150800F75080300C4603F00303022B0BD0032B0DD08D
S3150800F760012B0FD13AF006F80E2305B1286004B133
S3150800F770236038BD3AF042F80723F6E739F0F4FF7C
S3150800F7800623F2E700231846EFE700BF0080005083
S3150800F79038B5104B0546D3F800310C4603F0030381
S3150800F7A0022B0BD0032B0DD0012B0FD13AF01CF8EE
S3150800F7B0032305B1286004B1236038BD3AF072F816
S3150800F7C00923F6E73AF016F80823F2E701230020A2
S3150800F7D0EFE700BF0080005038B5184B0546D3F850
S3150800F7E020010C4600F00700062823D8DFE800F0C1
S3150800F7F0040A0E16121A1E00012305B1286004B168
S3150800F800236038BD39F0B0FF0523F6E739F0ECFF81
S3150800F8100323F2E739F0F2FF0723EEE739F0E0FFBA
S3150800F8200223EAE739F0A0FF0623E6E739F0DCFF12
S3150800F8300423E2E700231846DFE700BF00800050F4
S3150800F84038B5104B0546D3F840310C4603F0030390
S3150800F850022B0BD0032B0DD0012B0FD13BF0C9FD8A
S3150800F8600A2305B1286004B1236038BD3AF01AF8B6
S3150800F8700923F6E73BF0C0FD0C23F2E7012300203D
S3150800F880EFE700BF00800050002337B50193164B01
S3150800F8900546D3F860320C4603F00703013B032BF9
S3150800F8A01FD8DFE803F0020E1914002101A8FFF79C
S3150800F8B093FF10230DB1019A2A6004B1236003B0A7
S3150800F8C030BD002101A8FFF7BBFF1123F2E739F08D
S3150800F8D095FF07230190EDE739F082FF0223019097
S3150800F8E0E8E70023E6E700BF00800050002337B5AD
S3150800F8F00193164B0546D3F894320C4603F00703DA
S3150800F900013B032B1FD8DFE803F0020E1914002170
S3150800F91001A8FFF761FF10230DB1019A2A6004B10F
S3150800F920236003B030BD002101A8FFF789FF11232A
S3150800F930F2E739F063FF07230190EDE739F050FF4E
S3150800F94002230190E8E70023E6E700BF00800050A5
S3150800F95038B5104B0546D3F860310C4603F003035F
S3150800F960022B0BD0032B0DD0012B0FD13BF041FD01
S3150800F9700A2305B1286004B1236038BD39F092FF27
S3150800F9800923F6E73BF038FD0C23F2E701230020B4
S3150800F990EFE700BF008000502E4B98424AD022D88D
S3150800F9A02D4B984240D014D82C4B984239D00AD8BF
S3150800F9B02B4B984232D02B4B98422FD02A4B984249
S3150800F9C02CD000207047294B9842FAD1284B186F43
S3150800F9D07047284B98422AD0274B9842F1D1244B9E
S3150800F9E0D3F880007047254B98422BD009D8244B72
S3150800F9F0984223D0234B9842E3D11D4BD3F88C0071
S3150800FA007047214B984221D003F5740303F5105330
S3150800FA109842D6D1164BD3F898007047144B986D78
S3150800FA207047134B586E7047114B586F7047104B01
S3150800FA30986F70470E4BD3F8840070470C4BD3F879
S3150800FA40880070470A4BD3F890007047084BD3F8E4
S3150800FA50940070470048E8010024F400C0CF6A000B
S3150800FA6080841E0000093D0040420F00405DC6002C
S3150800FA700080E00FC0EA210180BA8C01007E56039F
S3150800FA8080D54302006CDC020090D00373B50D46A6
S3150800FA900021114B0191D3F88041064604F0030476
S3150800FAA0022C13D0032C0CD0012C13D101A8FFF77C
S3150800FAB093FE10240EB1019B336005B12C6002B091
S3150800FAC070BD39F09BFE07240190F3E739F088FEF4
S3150800FAD00190EFE70C46EDE70080005038B5104B73
S3150800FAE00546D3F840320C4603F00303022B0BD02D
S3150800FAF0032B0DD0012B0FD13BF07BFC0A2305B15C
S3150800FB00286004B1236038BD39F0CCFE0923F6E736
S3150800FB103BF072FC0C23F2E701230020EFE700BF5D
S3150800FB200080005038B5144B0546D3F800020C4641
S3150800FB3000F0070004281BD8DFE800F003090D11C0
S3150800FB401500012305B1286004B1236038BD3BF0D8
S3150800FB5050FC0A23F6E739F0A5FE0923F2E73BF045
S3150800FB604BFC0C23EEE739F025FE0F23800AE9E764
S3150800FB7000231846E6E700BF0080005038B5144B4E
S3150800FB800546D3F808020C4600F0070004281BD8DF
S3150800FB90DFE800F003090D111500012305B12860FF
S3150800FBA004B1236038BD3BF024FC0A23F6E739F09C
S3150800FBB079FE0923F2E73BF01FFC0C23EEE739F048
S3150800FBC0F9FD0F23800AE9E700231846E6E700BF98
S3150800FBD000800050B0F5207F1FD009D8B0F5007F0F
S3150800FBE015D003D868B1B0F5C07F0AD000200CE064
S3150800FBF0B0F5607FFAD10B4BD3F88000C0F3011043
S3150800FC0003E0084B186FC0F3033001307047054B0B
S3150800FC10D3F89000C0F30460F7E7024B186FC0F3FF
S3150800FC208020F2E70080005002464FF48030104BE7
S3150800FC3010B598660020FFF7CDFF504341F67132A4
S3150800FC400C4BDC69DA635A6804F4803422F44012F7
S3150800FC5059B90949884294BF00200120000502438A
S3150800FC605A600CB10022DA6310BD0449F2E700BFFE
S3150800FC700090005000000350005A6202002D310126
S3150800FC804209531E022B96BF074B002303EB820340
S3150800FC9000F01F0029B103F58053012282401A6043
S3150800FCA0704703F50053F8E7608000501FB5002140
S3150800FCB0B0F5807F0446CDE9001100F0CF803BD82F
S3150800FCC0002800F0A480A0F12004602C44D8602C01
S3150800FCD042D8DFE804F09CA49CA4B4B4B4B4B4A499
S3150800FCE0BE4AD46A4AA4A4A4414141414141414182
S3150800FCF0A4A4A47CDEA44141414141414141414182
S3150800FD004141E3B49C9C9CD94A4A88E85FB9414181
S3150800FD10414141939C41B4B4B4B4B4B9B9A441A423
S3150800FD20A441414141414141414141414141414152
S3150800FD304141414141419800B0F5E06F00F0A9808A
S3150800FD4038D8B0F5607F75D01AD8B0F5007F61D085
S3150800FD5005D8B0F5C07F5AD0009804B010BDB0F5EC
S3150800FD60207F5CD0B0F5407FF6D139F023FD0246FE
S3150800FD704FF42070FFF72EFFB2FBF0F2520857E05F
S3150800FD80B0F5B06F65D00AD8B0F5806F57D0B0F52A
S3150800FD90A06FE1D100216846FFF780FCDCE7B0F5EB
S3150800FDA0C06F6CD0B0F5D06FD6D100216846FFF78A
S3150800FDB0B9FED1E7B0F5186F70D00DD8B0F5086F59
S3150800FDC07FD0B0F5106F5FD0B0F5F06FC4D10021C9
S3150800FDD06846FFF7BDFDBFE7B0F5286F63D007D8C3
S3150800FDE0B0F5206FB8D100216846FFF74DFDB3E79F
S3150800FDF0B0F5406F28D0B0F5486FADD10021684600
S3150800FE00FFF774FDA8E739F0B5FC0090A4E739F0D0
S3150800FE10D1FCFAE739F0AEFC0246204604E039F098
S3150800FE20C9FC02464FF42070FFF7D4FEB2FBF0F28D
S3150800FE30009291E701A8FFF787FC019AEDE70021F8
S3150800FE406846FFF7C9FC87E700216846FFF7F4FB19
S3150800FE5082E700216846FFF719FE7DE74FF0E023A9
S3150800FE6002911B695B0705D539F0A4FC0290029B39
S3150800FE70009371E703A902A8FFF7E2FCF7E7002160
S3150800FE806846FFF7DDFC67E700216846FFF776FE60
S3150800FE9062E700216846FFF721FE5DE70021684614
S3150800FEA0FFF72EFC58E70021084B0391D3F8703270
S3150800FEB003F00303012B02D103A8FFF7C1FC039B40
S3150800FEC0D6E76846FFF764FC46E700BF00800050A7
S3150800FED008B58020FFF7EAFE034B98429EBF4FF411
S3150800FEE08032024B1A6708BD005A620200A0005011
S3150800FEF01FB503460020B3F5807F019000F0F4801B
S3150800FF0000F28E80662B7DD83C2B06D8243B092B25
S3150800FF105ED9019805B05DF804FB3D3B292BF8D85E
S3150800FF2001A252F823F000BF0B01010839010108AC
S3150800FF3013FF000813FF000813FF000813FF00084B
S3150800FF4013FF000813FF000813FF000813FF00083B
S3150800FF5013FF000813FF000813FF000813FF00082B
S3150800FF6013FF000843010108DF00010813FF00081A
S3150800FF7013FF000813FF00088700010813FF000895
S3150800FF8013FF0008A10001084D01010849000108F6
S3150800FF902F01010813FF000813FF000813FF0008CC
S3150800FFA013FF000813FF0008B900010813FF000833
S3150800FFB013FF0008DF000108DF000108DF00010861
S3150800FFC0DF000108DF0001082F0101082F010108E1
S3150800FFD0092B9ED801A252F823F000BFDF000108C2
S3150800FFE0DF000108DF000108DF000108DF00010863
S3150800FFF013FF0008D500010813FF00086700010871
S3150801000015010108802B84D1594B1B6F03F0070397
S31508010010013B032B3FF67DAFDFE803F05A535658F1
S31508010020B3F5F06F71D023D8B3F5B06F52D010D8AD
S31508010030B3F5607F77D0FFF46CAFB3F5806F4ED020
S31508010040B3F5A06F7FF465AF002001A9FFF726FB82
S315080100505FE7B3F5D06F5DD0B3F5E06F6CD0B3F55C
S31508010060C06F7FF456AF002001A9FFF7E9FB50E7FF
S31508010070B3F5186F65D00BD8B3F5086F4FD0B3F544
S31508010080106F7FF446AF002001A9FFF777FD40E71F
S31508010090B3F5286F5AD008D8B3F5206F7FF439AF76
S315080100A0002001A9FFF7F0FB33E7B3F5406F3ED017
S315080100B0B3F5486F7FF42DAF002001A9FFF716FCB1
S315080100C027E70523019324E70323FBE70823F9E739
S315080100D00223F7E7002001A9FFF7D8FC19E700205A
S315080100E001A9FFF779FB14E74FF0E02302901B699A
S315080100F05B0705D539F05EFB0D230393039BE1E707
S3150801010003A902A8FFF79CFBF8E7002001A9FFF75E
S315080101101FFCFEE6002001A9FFF704FDF9E601A987
S31508010120FFF736FBF5E601A9FFF70EFBF1E600201E
S3150801013001A9FFF781FAECE6002001A9FFF7CEFC39
S31508010140E7E6002001A9FFF7DBFAE2E6084BD3F858
S31508010150703203F00303012B04D0022B0CBF1523C5
S315080101600023AFE7002103A8FFF76AFB1123A9E7DC
S31508010170008000504FF48032074B0849586E03F54A
S3150801018080535A664B6A23F001034B62C3035CBF73
S31508010190034B5A66704700BF0080005000000850A4
S315080101A000A0005008B5FFF7A3FE092811D00A38A8
S315080101B0012802D94FF6FF7008BD4FF48002064B9D
S315080101C05A6603F5D8335B6ADB07F3D54FF4FA7041
S315080101D0F2E7024B1888EFE700900050427D0020B5
S315080101E008B5FFF785FE03280ABF024B4FF6FF70D5
S315080101F0188808BD407D002038B504468020FFF7E1
S3150801020077FE032800F08A804FF48012544B4FF092
S31508010210A0615A6645F60E03524AC2F88030524B1F
S3150801022099624FF4803103F580539962936DD9032E
S31508010230FCD4916D11F08041FBD1D4E900031B0573
S3150801024043EA0063E07B0343207B43EA0043607B88
S3150801025043EA0033A07B43EA801313619069D4E92A
S3150801026004531B0643EA856300F000400343A07E5E
S31508010270E57E0343207E43EA0043607E43EA00238A
S315080102809361136AE06923F00F03002843EA000328
S3150801029043EA850314BF0125002543EAC503136212
S315080102A0324D3CD194F82430916A94F82000DB0051
S315080102B0294043EA40130B4394F8211043EA0113FA
S315080102C043F4803393622A49264A936D31EA03033C
S315080102D0FBD14FF08071244881621369A56823F424
S315080102E0700343EA055313614FF00043836194F8A1
S315080102F022300BB91F4B996294F823303BB94FF45E
S3150801030080321C4B9A62174A936D5B00FCD494F8B1
S3150801031025301BB1134B184AC3F8802038BD022873
S3150801032008D11161154891614FF408524FF47F4184
S315080103302AF063F90B4994F822308A6A94F8200066
S315080103401B062A4043EA4013134394F8242043EA40
S31508010350C20394F8232043EA02438B62D7E700BF1E
S31508010360009000500040005A0050005AC7FFFEFE98
S31508010370030001000060005AF1A7FFFF3440005A4C
S31508010380014B93F900007047667D00204FF4000188
S315080103901B4A437810B551664FF4D151022402F530
S315080103A0B832516217494F2B4C604FF0010428BFF0
S315080103B04F2301F580514C601169C903FCD40178BA
S315080103C043EA01235361D0E901131B0143EA0123DF
S315080103D0417B0B43017B43EA41039360C37B817BEA
S315080103E01B0143EA4113417C0B43017C43EA410368
S315080103F05360837C13B16FF4D153536210BD00BFB0
S315080104000090005000100250014B1880704700BF41
S31508010410427D0020014B1880704700BF407D0020B7
S315080104204FF4800208B5184B5A660223174A5360DF
S31508010430936813F48033FBD1012822D139F0D4F91A
S31508010440134B984215D003F5122303F5F863984226
S3150801045013D0104B00EB8002400AB3FBF0F3520AAB
S315080104600A49CA620B6301234B620022074B5A6091
S3150801047008BD45F67A13084AF2E745F61A03074A0C
S31508010480EEE75362F1E700BF0090005000400250CA
S3150801049000F0490264666666D8B80500BBCF050058
S315080104A0B0F5207F10B50C4657D008D8B0F5007FB7
S315080104B048D003D830B3B0F5C07F23D010BDB0F50E
S315080104C0607FFBD12949013CD1F8FC2012F08072EA
S315080104D01EBFD1F8FC3023F08073C1F8FC302449E3
S315080104E0D1F8803023F0300343EA0414C1F8804080
S315080104F0002AE3D01D4AD2F8FC3043F08073C2F8D3
S31508010500FC30DBE72AF088F82AF094F84FF48031BA
S31508010510184B174A1967136F013C23F4704343EAD2
S315080105200434146739F046F90446FFF779F8C0F13F
S31508010530020120462AF078F800F036F8BDE81040A6
S31508010540FFF7C6BC0A4A4C1ED2F8903023F0F8537E
S3150801055043EA0464C2F89040B0E7054A4C1E136F9B
S3150801056023F4806343EA84231367A7E700ED00E0D9
S31508010570008000500090005008B50121022000F0CB
S315080105804DF94FF42070FFF725FB054B18702AF03B
S3150801059043F82AF04FF84FF48032024B1A6708BD28
S315080105A0FC6500200090005008B54FF4C070FFF7B5
S315080105B07DFBBDE808400449884294BF0121022118
S315080105C04FF42070FFF76CBF80F0FA0238B5044685
S315080105D039F0F0F80546FFF723F8C0F1020128467D
S315080105E02AF022F80121002000F058F92CB1FFF772
S315080105F0DBFFBDE83840FFF76BBC034B4FF42070B7
S315080106001978FFF74DFFF4E7FC6500204FF4C02287
S3150801061070B50546FFF7C0F92F4B04465A6603F530
S3150801062098335A68012A04D12C494A605A689207B4
S31508010630FCD48020FFF75CFC052807D129F0ECFFE4
S3150801064029F0F8FF4FF48032234B1A67244B24F024
S3150801065040749D4235D0234B9D4235D039F084F8FC
S315080106608542064603D90121284600F017F91E4B93
S31508010670DA6812F0060FFBD199689C609A686240A5
S3150801068012F4F81F23D12846FDF73CFA8020FFF71C
S315080106902FFC05280DD139F08DF80446FEF7C0FF69
S315080106A0C0F10201204629F0BFFFFFF77DFFFFF7E2
S315080106B00FFCB5420ED8BDE870400121002000F0BC
S315080106C0EDB844F00074C9E744F08074C6E73546CE
S315080106D09960DBE770BD00BF0090005000E0015053
S315080106E040420F0080841E0000000150364B98429C
S315080106F04FD01CD8354B984257D00ED8344B984218
S315080107004FD008D8334B98422CD0334B984229D036
S31508010710324B984226D0002327E0314B984234D0F9
S31508010720304B9842F7D1304BD3F8BC301DE02F4BF4
S31508010730984232D00FD8A3F53703A3F5D853984278
S3150801074037D003F5B70303F558639842E3D1264B2F
S31508010750D3F8C83009E0264B9842DCD1224BD3F8AE
S31508010760D03002E0204BD3F8A0304FF40021214AC3
S3150801077023F040735166194A90421ED0154A904299
S315080107801ED04FF0B44293607047174BD3F8B83078
S31508010790EBE7154BD3F8C030E7E7134BD3F8CC306A
S315080107A0E3E7114BD3F8A430DFE70F4BD3F8B030AA
S315080107B0DBE70D4BD3F8C430D7E743F00073E0E726
S315080107C043F08073DDE700BFC0EA210180969800F7
S315080107D0404B4C0080841E0000093D0040420F003A
S315080107E0405DC6000024F4000080E00F0048E801DF
S315080107F0005A620200900050024A536B0342FCD130
S31508010800704700BF00800950034A0179D36E23F06F
S3150801081030030B43D366704700400050F8B50446D1
S315080108201C4BD3F88420D106FBD4D3F88430C3F308
S3150801083081139C422CD038F09DFF012C064602D12B
S31508010840214629F0F1FE3AF0B4FD4FF00072124B41
S3150801085007465A66204629F0F4FE4FF480630D4D8B
S31508010860621E93402B676B6E9A0103D4D5F88430C8
S315080108709B060AD538463AF097FD022C08D1304630
S31508010880BDE8F840002129F0CFBED5F88430EAE763
S31508010890F8BD00BF004000500060005010B50C467E
S315080108A008B938F067FF074B21461B783BB1064B61
S315080108B0984204D80120BDE81040FFF7AFBF0220D7
S315080108C0F9E700BFFD650020005A62024FF00042B9
S315080108D038B5244B244C5A664AF6CD33656C014625
S315080108E005F00105236430BB0120FFF785FF636826
S315080108F0DB0708D4002415B11B4B1C4A1A6436F0D1
S3150801090018F9204638BD1A4B58600846194B226B10
S31508010910D20705D4984201D10724ECE70130F6E75E
S315080109209842E7D1F8E70132236B13F0080305D0A3
S315080109308A42F8D1F0E700220E49F5E78A42EBD060
S3150801094020210B4A91620121A2F580525160064984
S31508010950084A886A800603D49342DDD00133F8E752
S315080109609342DEE700900050008009503254FFFFA1
S3150801097000A0095040420F004AF6E8531C4C80B5C6
S315080109801C4FE56EE66E23663AF00CFDFFF7F4FDA3
S315080109903B6F012023F0070343F001033B67FFF791
S315080109A015FE0020FFF792FF29F049FE29F048FEBF
S315080109B07B6E25F003055B0144BF0F4B0F4A45F0DB
S315080109C0020548BFC3F8202446F003060C4BE5662A
S315080109D0E666E566E666E566E666E566E666E566AC
S315080109E09B6ABFF34F8FBFF36F8F30BFFEE700BF20
S315080109F0004000500080005000E003500000FF0F47
S31508010A00008009504FF0004238B5164B01465A6628
S31508010A104AF6CD33144C154A656C236443780B208A
S31508010A205B0043F00103D363FFF7E6FE63688A7848
S31508010A3023F4F87343EA02136360CA784B7943EAED
S31508010A400223A3600A798B7943EA02232361087892
S31508010A50FFF73CFFEB0744BF054B236436F069F803
S31508010A60012038BD00900050008009500040005018
S31508010A703254FFFF4FF00042124B70B55D6E03F51D
S31508010A8080535A664AF6CD3304460F4980204E6C88
S31508010A900B64FFF7B1FE0B6A23F00F030F2C94BF0B
S31508010AA0234343F00F030B62F30744BF074B0B6461
S31508010AB0002DA2BF4FF00042054B5A6636F039F8B1
S31508010AC070BD00BF00800050008009503254FFFFFE
S31508010AD000A000504FF00042104B70B55D6E03F553
S31508010AE080535A664AF6CD3304460D4980204E6C2A
S31508010AF00B64FFF781FE0B6A23F4F85343EA0423D8
S31508010B000B62F30744BF074B0B64002DA2BF4FF0DE
S31508010B100042054B5A6636F00CF870BD008000504D
S31508010B20008009503254FFFF00A00050F8B5012596
S31508010B30C3B2D1F800C08F7A0E7B0C469D40CB7AA2
S31508010B401C491B050D65810001F1A04101F58821AC
S31508010B50C1F804C04FF0300C0CFB00F0617B00F1CA
S31508010B60A04043EA074300F5802043EA465322F0B2
S31508010B7003020166C36502673AF028FC0E4B227A26
S31508010B805D6502B11D64627A02B19D632279A3791A
S31508010B9043EA0243074A93616179E37943EA0143E8
S31508010BA005498B61054B55639D64BDE8F8403AF0EC
S31508010BB008BC00BF00200450001004500000045077
S31508010BC010B50124C0B284403AF000FC044B5A6DBA
S31508010BD022EA04025A659C62BDE810403AF0F1BB6C
S31508010BE00000045010B50124C0B284403AF0EEFB6F
S31508010BF0074BDA6A224208D15B6B9C430CBF01247E
S31508010C0000243AF0DEFB204610BD0024F9E700BFB8
S31508010C10000004504FF48032054B9A6641F6713252
S31508010C2003F51C33DA63012203F50053DA607047D2
S31508010C30009000500B4B01219B6EDB035EBF4FF406
S31508010C408032094B9A6641F67132084BDA63084AD3
S31508010C50D1600022DA634FF48032A3F518339A661D
S31508010C60704700BF008000500090005000000350FC
S31508010C7000200350013836289ABF024B185C002021
S31508010C80704700BF83DB04080346142B08461CD0B3
S31508010C900AD8012B1ED0122B11D070470E4A22FA00
S31508010CA003F3DB0704D47047213B162BF6D97047AB
S31508010CB001280FD8DFE800F00D010120704701294E
S31508010CC007D0042908BF01207047022901D0052948
S31508010CD0F8E70020704700BF0F007200021E30B50A
S31508010CE04FF0000014BF0425102547F6077408497C
S31508010CF052B9831D51F82330234023B1013085426F
S31508010D00F6D14FF0FF3030BD00F11603F2E700BF10
S31508010D100080035038B5C2F30625044602F00702DF
S31508010D2041B942EA052242F440220634074B43F808
S31508010D30242038BD11462846FFF7A6FF0246284655
S31508010D40FFF798FF163442EA0022EFE700800350C6
S31508010D50044B1868421C02BF034AD2F89400186073
S31508010D60704700BF047C0020004000504FF48032D9
S31508010D70084B5A6603F5EE239B69C3F3461203F043
S31508010D800F010A434280C3F30342C3F3033342709C
S31508010D900370704700900050014B986CD96C7047EE
S31508010DA00080E00F0120034B9B680A3303F01F0301
S31508010DB0984070470080E00F10B5044629F093FC6F
S31508010DC029F07DFC502129F054FC29F063FC2046CA
S31508010DD029F067FC29F091FC29F096FC042304F517
S31508010DE0805104F500520B6113610B6113610B61AC
S31508010DF013610B611361202341F202012361002370
S31508010E00E360A36061614FF4A02161620649E36171
S31508010E102362A361A365A362E3622365D1642363A5
S31508010E206363236310BD00BFFF3F0D0370B504461E
S31508010E300D46FFF7C1FF23692A7823F08703134379
S31508010E406A7A43EA420343F080032361A368AA7AD4
S31508010E5023F0030343EA420343F00103A3606369F2
S31508010E602A7A23F00F031343636123696A6823F01F
S31508010E707F4343EA02632361EB68002B00F083801A
S31508010E802269197922F0F80242EAC112197842EA6E
S31508010E904112D97842EA0112D97A42EAC10299790C
S31508010EA042EA81122261E268987C22F0F04222F439
S31508010EB0702242EAC062D87C597942EA004298789F
S31508010EC042EA802242EAC132E260A268987A22F4B2
S31508010ED0C04242EA4032A2605A7804F58050920232
S31508010EE08260666ADA7B284802F0030230400243D0
S31508010EF0187B000100F070000243587B000200F4E1
S31508010F00E0600243987B000300F4E0400243587A0C
S31508010F10000400F47020024362621A8AA26139B1A0
S31508010F201A4A944211D174220021D87929F083FCF6
S31508010F30EB689A793AB3154A944215D17022BDE8FD
S31508010F4070400021187A29F076BC114A944201D1E1
S31508010F508022E9E70F4A944201D18C22E4E70E4A3E
S31508010F609442E5D19822DFE7094A944201D17C22CD
S31508010F70E5E7084A944201D18822E0E7064A944205
S31508010F8001D19422DBE770BD8C88F0FF0000015B7C
S31508010F9000C008500000095000400950012243785A
S31508010FA001789A4030235943014B5A50704700BF84
S31508010FB040E00350034BD3F82424D3F8200410400F
S31508010FC0704700BF00C003502DE9F8431C4B054686
S31508010FD0D3F810334B1E0E2B0E46174690F8009089
S31508010FE0447820D921B34FF000082846EFB138F0EC
S31508010FF05FFC30230F2103FB09F3072C88BF083C4C
S31508011000104895BFA400A40004330C3308FA04F26F
S31508011010A140184429F090FB86B9284657B1BDE886
S31508011020F84338F045BC8846DFE7FFF7B7FFE0E746
S315080110308846DEE7BDE8F843FFF7B0BFBDE8F883A9
S3150801104000C0035030C00350302143780078072B85
S31508011050074A97BF00FB011101FB0022521850688D
S3150801106084BFD06B083B9B00D84000F00F00704747
S3150801107000C003502C4B2DE9F0411746D3F8102335
S315080110804A1C06460C4605D1D3F82414407829F0A3
S3150801109062FB0446002C2FDB072C4FF00305327840
S315080110A02DDC4FEA840805FA08F529461F4802FA95
S315080110B008F229F041FB294672781D4802F003021D
S315080110C002FA08F229F038FB012317F0050F194A2D
S315080110D018BF194903FA04F30CBFC2F81034C1F852
S315080110E0103417F0060F18BF134AC2F81434012337
S315080110F0104AA340C2F820342046BDE8F081A4F185
S3150801110008084FEA880805FA08F529460B4802FA3D
S3150801111008F229F011FB7278294602F00302084801
S3150801112002FA08F2CEE700BF00C0035000C403501C
S3150801113008C4035000E0035000D0035004C4035010
S315080111400CC40350054B9A689107FCD45A68920758
S31508011150F9D4DA69002AF6D1704700BF00C00A50EF
S3150801116010B5034C636838F0AFFB0223236110BD49
S3150801117000C00A5008B5FFF7E5FF0122024B03F547
S3150801118080514A601A6108BD00C00A50044B10B567
S315080111905C68012C03D1FFF7E3FF024B5C6010BDCD
S315080111A000C00A5000E00A5038B5074DFFF7CAFFDC
S315080111B06B680446012B03D1FFF7E8FFFFF7C2FF6F
S315080111C02378EB6038BD00BF00C00A5010B538F06F
S315080111D085FBB8B94A680B7812B1127843EAC2039B
S315080111E04A7843EA42038A6812B1127843EA8213BB
S315080111F0CA7843EA82030A6912B1127843EA42239A
S31508011200014A936410BD00BF00C00A5010B50446D8
S315080112100C4B08469C4209D14FF41672002129F05D
S315080112200AFB802304F58054E36510BD064B9C42F6
S3150801123002D14FF41D72F1E7044B9C42F1D14FF4F0
S315080112402472EBE700000A5000400A5000800A5059
S31508011250032A8EBF0023064B9B5C59434B0803EBBD
S315080112604010B0FBF1F02038C0F31300704700BFFF
S31508011270BADB0408012100F5805310B5596040F620
S31508011280AA6341F2050243610023074C8360C365E3
S31508011290C26000F500520361C361C3649464836547
S315080112A003654365516010BDFFFF010070B50D462A
S315080112B0FFF7E0FF012300F5805673602A7C8368F7
S315080112C0044643EA82736A7843EA02432A7843EA80
S315080112D0C2338360AB7813B1E978FFF797FFAB7B2D
S315080112E0EA7B1B0243EA02336A7B1343E3602B7BE7
S315080112F0AA685B01B360254B03EAC203E3612B7954
S315080113006A791B07120502F4E00203F0E04313436E
S31508011310A365697C1E4A8B1E012B1E4B19D89C425C
S3150801132013D003F580439C4211D003F580439C42B8
S3150801133014BF4FF0FF3302230220C1335B01D050A3
S3150801134003291DD10423F36570BD0023F4E70123A6
S31508011350F2E79C4210D0104B9C420FD003F5804314
S315080113609C4214BF4FF0FF330223022003F24113BC
S315080113705B01D0500129E4E70023F6E70123F4E7EE
S31508011380042304F50054E365DEE700BFF8FF7F0098
S3150801139000C0035000000A5000400A502DE9F843E6
S315080113A0234B1B6836F0CEFE0128064605D939F0CF
S315080113B087F8051E02DA012419E000251D4F3B783E
S315080113C003F0FF088BBB4FF050091B4C04EB0900D7
S315080113D0A465C4F85C9039F024F9206650B9012453
S315080113E0012E04D9284639F081F844EAD0742046FA
S315080113F0BDE8F883114C414604F110032246012049
S31508011400C4F80080C4F80480A360C4F80C9039F0CD
S31508011410B2F920660028E2D0032151202AF0D1FB37
S31508011420512004F0BBF801233B700024D8E700BF24
S31508011430087C0020FE6500208C4B0020284B0020EC
S3150801144008B54FF098435B6CD90208D536F07AFE99
S315080114500238012803D8094B186E39F009FA4FF0FA
S3150801146098435A6CD202FCD55B6D054A03F4702386
S3150801147013605120BDE8084004F0ACB8284B0020A1
S31508011480087C00202DE9F04393B08946DDE91A87E7
S315080114901D460446002858D0002956D0B8F1000F39
S315080114A053D0002F51D013F00F034ED128482949A4
S315080114B00FAE002A08BF0146A360C4E900134846D7
S315080114C03146236229F023FB00283BD120460F9998
S315080114D039F0EEFF2946204639F0EAFF69464846C3
S315080114E001F086FF70BB6946204629F014FD48467F
S315080114F003A929F0D5FB28BB204603A929F00BFD32
S31508011500CDF830804FF0010845F00055CDF834800C
S3150801151006AB0E950CAA07CA83E8070019462046AA
S3150801152029F0F9FC0F9709ABCDF84080119596E89B
S31508011530070083E807002046194639F0DFFF2046F1
S3150801154038F032FA13B0BDE8F0832120FAE700BF7C
S3150801155000010004000101042DE9F04F9FB08A46FD
S31508011560DDE928791D460446DDF8A88000287DD0E6
S3150801157000297BD0B9F1000F78D0B8F1000F75D0EA
S31508011580002F73D013F00F0370D1394839491BAEB8
S31508011590002A08BF0146A360C4E900135046314634
S315080115A0236229F0B4FA00285DD120461B9939F047
S315080115B07FFF2946204639F07BFF6946504601F0F0
S315080115C017FF00284FD16946204629F0A4FC50464A
S315080115D003A929F065FB002845D14FF0010ADFF878
S315080115E098B0204603A929F096FC45F000551297B4
S315080115F006ABCDF84CA012AACDF850B007CA83E8BD
S315080116000700CDF8549015AACDF858A00DF1240974
S31508011610179507CA89E807001946204629F07BFC71
S315080116204946204629F077FCCDF860800CABCDF809
S3150801163064A018AA1A9507CA0FAD83E807001B9775
S31508011640CDF870A0CDF874B096E8070085E80700D4
S315080116501946204639F052FF2046294639F04EFFF1
S31508011660204638F0A1F91FB0BDE8F08F2120FAE72E
S315080116700302000403020104100000202DE9F04FC3
S315080116808B4690461F460546A5B0002800F0DB802C
S31508011690002900F0D8803AB1309B002B00F0D380A6
S315080116A0319B002B00F0CF802E9B002B00F0CB80C6
S315080116B02F9B002B00F0C7803FB13C6800264645AA
S315080116C005D307B13C60002096E03C46F6E75CB1DD
S315080116D0309B2F9A9B5D125D01345340319A04F079
S315080116E00F0493550136EAE7A8EB0609B9F10F0F7E
S315080116F00BD8309B03EB0609319B1E44309B03EB49
S31508011700080AD1457BD14646D9E7504B5846C5E923
S315080117100034AC602C6205A929F0F9F900286BD1CF
S315080117202846059929F00F0939F0C2FE4946284687
S3150801173039F0BEFE584606A901F05AFE00285BD1CB
S31508011740284606A929F0E7FB584609A929F0A8FA67
S31508011750002851D14FF0010A284609A929F0DBFBD7
S315080117602E9B0DF1300C1893394BCDF864A01A93C2
S3150801177018AB93E807008CE8070030990DF13C0E89
S315080117808B191B9349F00053CDF870A01BAA1D9322
S3150801179007CA8EE8070061462846039329F0BBFB72
S315080117A028460FA929F0B7FB3199039B8A191E927E
S315080117B0CDF87CA01EAA209312AB07CA83E80700BE
S315080117C02E99234A2191CDF888A023920DF1540A26
S315080117D024AA12E907008AE807001946284639F0BB
S315080117E08DFE5146284639F089FE284638F0DCF840
S315080117F04E4400283FF47DAF25B0BDE8F08FBCB953
S315080118002F9B224601932E9B594600932846102367
S31508011810FFF738FE0028EFD12E9B03F1100212F8CC
S31508011820013D0133DBB2137013B92E9B9A42F6D1EF
S315080118302F9A19F8013B125D0134534006F8013B12
S3150801184004F00F045DE72120D6E700BF0303000477
S31508011850100000202DE9F04FA7B00F4615460446A3
S31508011860DDF8C8A0369E0093002800F0D58000292F
S3150801187000F0D280359B002B00F0CE80009B002B18
S3150801188000F0CA80BAF1000F03D0319B002B00F09B
S31508011890C3803DB1339B002B00F0BE80349B002BE7
S315080118A000F0BA80309BC3F10F03DBB2032B06D8D5
S315080118B00122DB0002FA03F3AB4240F2AD80022EAD
S315080118C000F0AA80731E0F2B00F2A68016F00108FD
S315080118D040F0A280309B073B062B00F29D80349B8B
S315080118E05A194F4B9A4200F297804E4B0DF18C0BC9
S315080118F059463846C4E90038C4F80880C4F8208037
S3150801190029F005F98146002840F08280204623996E
S3150801191039F0CEFD309B204646EA034139F0C8FD31
S315080119205146204639F0C4FD2946204639F0C0FD06
S31508011930384602A901F05CFD8146002868D1204697
S3150801194002A929F0E8FA384605A929F0A9F9814634
S3150801195000285DD10127204605A929F0DCFA339B29
S315080119600DF12009179345F0005318970193199320
S31508011970319B17AA07CA89E807001A934AF0005249
S31508011980009B1B970DF12C0A1C921AAA07CA8AE812
S3150801199007001D93309B0DF1380C43F000521E973A
S315080119A01F921DAA07CA8CE807006146204629F03E
S315080119B0B2FA5146204629F0AEFA4946204629F0A0
S315080119C0AAFA349B20AA2093019B2197229311AB53
S315080119D007CA83E807001946204639F08FFD359B6B
S315080119E046F000562393249714AB25969BE80700E7
S315080119F083E807001946204629F08DFA204637F074
S31508011A00D3FF814620B12A46414634982EF00CF977
S31508011A10484627B0BDE8F08F4FF02109F8E700BF27
S31508011A2000000820000006042DE9F04FB9B00C4665
S31508011A30164698460546DDF80C91DDF814A10028EE
S31508011A4000F03B81002900F03881002A00F0358139
S31508011A50B9F1000F00F03181469B1BB1BAF1000FB5
S31508011A6000F02B81479B022B00F02781102B00F2F7
S31508011A702481DB0700F12181449B073B062B00F2F9
S31508011A801C81449BC3F10F03DBB2032B04D86A689C
S31508011A90DB00DA4040F011815022002128462EF061
S31508011AA0C3F8479B85F81C80DDF80881449AAB6129
S31508011AB04946C5F8048005F108002EF0D2F8449B82
S31508011AC043F00052469B43F000570123B8F1000F3B
S31508011AD070D1CDF88C900DF1080B2493259223AA89
S31508011AE007CA3D358BE80700CDF898A026AA2793A3
S31508011AF00DF1140A289707CA8AE8070029952A9337
S31508011B00479B0DF1200943F000532B9329AB93E82A
S31508011B1007006B4B89E80700C4E900383046C4F86A
S31508011B200880C4F8208035A928F0F1FF0746002867
S31508011B303CD12046359939F0BBFC479B449A20464F
S31508011B4043EA024139F0B4FC2046469939F0B0FC23
S31508011B503946204639F0ACFC30460BA901F048FC61
S31508011B60074618BB20460BA929F0D5F930460EA918
S31508011B7029F096F80746C8B920460EA929F0CBF9E7
S31508011B805946204629F0C7F95146204629F0C3F996
S31508011B904946204639F0B2FC204637F005FF07468C
S31508011BA020B11022414628462EF03EF8384639B073
S31508011BB0BDE8F08FCDF8B0902D930DF144092E9222
S31508011BC02CAA07CA0DF1500889E80700CDF8BCA070
S31508011BD02FAA3093319707CA88E8070005F11D0235
S31508011BE032920192374A33930DF15C0B349232AA41
S31508011BF007CA8BE8070042AA35923693324B0DF194
S31508011C00680A379338AB13E90700304B8AE80700AF
S31508011C10297F2F4A0025012908BF13463046C4E902
S31508011C2001552360256229A928F071FF0746002876
S31508011C30BCD12046299939F03BFC479B449A20465A
S31508011C4043EA024139F034FC2046469939F030FC22
S31508011C503946204639F02CFC30461DA901F0C8FB4F
S31508011C6007460028A2D120461DA929F054F9304675
S31508011C7020A929F015F80746002897D1204620A95A
S31508011C8029F049F95146204629F045F949462046A1
S31508011C9029F041F94146204629F03DF959462046A1
S31508011CA039F02CFC204637F07FFE074600283FF422
S31508011CB07DAF20222946019876E7212776E700BFDE
S31508011CC0000005042000002004000020010005048E
S31508011CD0010006042DE9F04FBFB00E4691461D4698
S31508011CE08246489FDDF828B120B9212420463FB015
S31508011CF0BDE8F08F0029F8D0002AF6D0002B3FD096
S31508011D000268DAF80410D0188842EED89A18ECD28C
S31508011D10002FEAD0499B002BE7D0724A5919914204
S31508011D20E3D80022CBF800209AF84D0042190F2A71
S31508011D300FD80F2D00F2E0801028D6D82A4639464A
S31508011D400AF13D0420442DF08CFF9AF84D202A44CF
S31508011D5014E0002800F0B4801028C6D80AF13D0422
S31508011D60C0F11002394620442DF07BFFDAF8002035
S31508011D70DAF8041010328A4204D110228AF84D206A
S31508011D800024B3E74FF0010C0AF11D0326930193D2
S31508011D90554BCDF89CC00DF1080E289326AA07CA03
S31508011DA08EE807002994514CCDF8A8C00DF1140E00
S31508011DB02B9429AA07CA8EE80700499A4FF000080A
S31508011DC02C92CDF8B4C02CAA2E9408AC07CA84E884
S31508011DD007000AF11D022F92CDF8C0C02FAA319330
S31508011DE00BAB07CA83E807009AF81C004049414A29
S31508011DF0C6E90188604508BF0A46C6F820804846F4
S31508011E0032603BA928F083FE044600287FF46EAFB2
S31508011E1030463B9939F04CFB1021304639F048FBE6
S31508011E2048460EA901F0E4FA044600287FF45EAF9D
S31508011E3030460EA929F06FF8484611A928F030FF57
S31508011E40044600287FF452AF304611A929F063F8F9
S31508011E50304602A929F05FF8304605A929F05BF852
S31508011E60304608A939F04AFB30460BA939F046FB3A
S31508011E70304637F099FD044660B12A4641464998ED
S31508011E802DF0D2FE2022414601982DF0CDFECBF849
S31508011E9000802BE7DAF80020103D1032CAF800203E
S31508011EA09AF84D208AF84D001544C2F11002499B53
S31508011EB01744DBF80020103310324993CBF8002081
S31508011EC00F2D1CD82A4639460AF13D003BE7DBF8B7
S31508011ED000202A44CBF80020DAF800202A44CAF860
S31508011EE000204DE7000008202000002010000020F7
S31508011EF0030006040300050400287FF42DAF15F03E
S31508011F000F0209D0D4B2AD1A791922460AF13D0059
S31508011F102DF0A7FE8AF84D40DAF80020DAF8041009
S31508011F202A44914214D19AF84D208AB9103D7A195A
S31508011F300AF13D0102F1100052F8044B824241F8C0
S31508011F40044BF9D110228AF84D20002D3FF418AF21
S31508011F500124404B0AF11D08CDF8C8800DF1500C3B
S31508011F60339432AA349307CA8CE80700359745F0AB
S31508011F70005736940DF15C0C379735AA07CA8CE8D9
S31508011F800700499A3892399438AA3A971AAF07CA74
S31508011F9087E80700CDF8EC803C943D933EAB13E906
S31508011FA007001DAB83E807009AF81C002A492B4A4B
S31508011FB00027A04208BF0A46C6E9017748463260AB
S31508011FC0376223A928F0A3FD044600287FF48EAEC4
S31508011FD03046239939F06CFA2946304639F068FAC1
S31508011FE0484620A901F004FA044600287FF47EAE8B
S31508011FF0304620A928F08FFF484623A928F050FE2D
S31508012000044600287FF472AE304623A928F083FFE0
S31508012010304614A928F07FFF304617A928F07BFF20
S3150801202030461AA939F06AFA30461DA939F066FA16
S31508012030304637F0B9FC044600283FF448AF2A4633
S31508012040394649982DF0F0FD2022394640462DF0B3
S31508012050EBFD4BE6200000200300060403000504FF
S315080120602DE9F04F0D4617461E460446A1B0002835
S3150801207000F0C980002900F0C680002A00F0C3805C
S31508012080002B00F0C08083699DF8A8209A42C0F011
S31508012090BA8090F84D809DF8B020904500F2B38043
S315080120A0D0F8049090F81CC0B9F1000F16D1BCF114
S315080120B0010F1A46304604F13D010BD128F0CDFB3C
S315080120C050B1494630462DF0AFFD2C23184621B0B4
S315080120D0BDE8F08F2DF0C5FD0023F7E74FF0010E9F
S315080120E000F11D021492494ACDF854E00DF1080B8E
S315080120F0169214AA07CA48F000588BE8070004F19B
S315080121003D0217920DF1140ACDF860E017AACDF831
S31508012110648007CA8AE807002B9A43F000531A928B
S315080121200DF12009CDF86CE01AAACDF8708007CA1E
S315080121300DF12C0889E807001D96CDF878E01F9364
S3150801214020AB13E90700324B88E80700314A3846C5
S31508012150F44508BF13462B60002311A9C5E90133CD
S315080121602B6228F0D4FC03460028AFD128461199E2
S3150801217039F09EF92846218B39F09AF9284694F8C0
S315080121804D1039F095F938460EA901F031F9034693
S3150801219000289BD128460EA928F0BDFE384611A96C
S315080121A028F07EFD0346002890D1284611A928F07B
S315080121B0B2FE5946284628F0AEFE5146284628F072
S315080121C0AAFE4946284639F099F9237F4146012B4B
S315080121D0284610D128F09FFE284637F0E5FB68B15E
S315080121E0A2690190002130462DF01EFD00222D9B8B
S315080121F01A70019B6AE739F081F9EDE794F84D30D9
S315080122002D9A137068E7212360E700BF200000209C
S3150801221002000504020006042DE9F04FCDB00D4673
S31508012220DDE9599B17461E460446DDF86C810028F0
S3150801223000F05F81002900F05C81569B002B00F0BD
S3150801224058815D9B002B00F05481B9F1000F03D032
S31508012250589B002B00F04D813EB1BBF1000F00F0F9
S315080122604881B8F1000F00F044815C9B043B0C2BBC
S3150801227000F23F81579B0C2B40F03B812B68103BAA
S31508012280102B00F236819C4A22FA03F3D90740F152
S315080122903081012F40F097805C9A984B284643EA93
S315080122A002232360002348A9C4E90133236228F0E5
S315080122B02EFC8246002840F012812046489939F0C2
S315080122C0F7F84946204639F0F3F83146204639F001
S315080122D0EFF86946284601F08BF88246002840F057
S315080122E0FE806946204628F016FE284603A928F0EE
S315080122F0D7FC8246002840F0F280204603A928F040
S315080123000AFE569B2AAA2A937D4B2B972C9306AB3A
S3150801231007CA83E807001946204628F0FCFD589BA2
S315080123202DAA2D9349F000532E972F9309AB07CA6F
S3150801233083E807001946204628F0EDFDCDF8C0B020
S3150801234046F0005B31970CABCDF8C8B030AA07CA86
S3150801235083E807001946204628F0DDFD5D9B33AA70
S3150801236033935C9B349743F0005335930FAB07CAFD
S3150801237083E807001946204628F0CDFDCDF8D88018
S3150801238012AB379736AACDF8E0B007CA83E807003B
S31508012390B8F1000F03D1149A42F0804214921946FB
S315080123A0204639F0ABF8204637F0FEFA8246002877
S315080123B000F099802C2800F096803246002140468C
S315080123C02DF032FC8BE04746D84600234D4A0DF5E1
S315080123D0907B59462846C4E90023A360236228F066
S315080123E096FB824600287AD12046489939F060F84A
S315080123F04946204639F05CF83146204639F058F806
S31508012400284615A900F0F4FF8246002867D1204620
S3150801241015A928F080FD284618A928F041FC82460E
S3150801242000285CD10125204618A928F074FD569B81
S3150801243039AA3993324B3A953B931BAB07CA83E8C2
S3150801244007001946204628F066FD589B3CAA3C938E
S3150801245049F000533D953E931EAB07CA83E8070032
S315080124601946204628F057FDCDF8FC8046F000585D
S31508012470409521ABCDF804813FAA07CA83E8070036
S315080124801946204628F047FD429724AB439542AAB0
S31508012490CDF8108107CA83E807001FB9269A42F0CA
S315080124A0804226921946204639F028F80123CDF8AC
S315080124B014B14693144B45AA479327AB07CA83E839
S315080124C007001946204639F019F8204637F06CFA04
S315080124D0824650B959465C9A5D982DF0C2FB504622
S315080124E04DB0BDE8F08F00276FE732460021384628
S315080124F066E74FF0210AF2E7010101000000030433
S315080125000C00002000000204100000202DE9F04F05
S31508012510A7B00D46DDE9349716469B460446DDF815
S31508012520C880002800F0C280002900F0BF80002B77
S3150801253000F0BC80369B002B00F0B880B8F1000F84
S3150801254003D0319B002B00F0B1803EB1339B002BA9
S3150801255000F0AC80B9F1000F00F0A8803B1F0C2BEE
S3150801256000F2A480309B0C2B40F0A0802B68103B16
S31508012570102B00F29B804E4A22FA03F3DB0740F147
S3150801258095804C4B0DF18C0A43EA072323600023FF
S315080125905146C4E901332362284628F0B8FA0346AE
S315080125A000287FD12046239938F082FF41462046EC
S315080125B038F07EFF3146204638F07AFF284602A9D0
S315080125C000F016FF034600286CD1204602A928F020
S315080125D0A2FC284605A928F063FB0346002861D119
S315080125E00125204605A928F096FC334BCDF85CB0A9
S315080125F017AA1895199308AB07CA83E8070019465D
S31508012600204628F088FC319B1AAA1A9348F00053F1
S315080126101B951C930BAB07CA83E80700194620468E
S3150801262028F079FC339B46F000581D931DAA1E9588
S315080126300EABCDF87C8007CA83E807001946204609
S3150801264028F069FC369B47F00057209320AA21956C
S3150801265011AB229707CA83E807001946204628F0D6
S315080126605AFCCDF88C9014AB2495CDF894809AE851
S31508012670070083E80700B9F1000F03D1169A42F063
S31508012680804216921946204638F038FF204637F020
S315080126908BF9034630B101903246002148462DF0A8
S315080126A0C3FA019B184627B0BDE8F08F2123F9E745
S315080126B001010100000003040C0000202DE9F04F80
S315080126C099B00C4616469A460546DDF888B0259F08
S315080126D0002800F0A280002900F09F80002A00F05F
S315080126E09C80BBF1000F00F098801FB1249B002B42
S315080126F000F09380239A0C2A40F08F80482200210B
S3150801270028462DF091FA4FF0000985F841A0AF60EF
S3150801271005F11008002F71D00123414ACDF83CB0CC
S31508012720109311920FAA07CA8DE80700249A0DF192
S315080127300C0C129247F000521393149212AA07CA6C
S315080127408CE80700374ACDF854801693179218ABD0
S3150801275013E9070006AB83E807003349334A3046D5
S31508012760BAF1010F08BF0A46C4F80890C4E900295E
S31508012770C4F820900CA928F0CAF98246A8BB2046BD
S315080127800C9938F095FE3946204638F091FE5146A7
S31508012790204638F08DFE304609A900F029FE82460A
S315080127A018BB204609A928F0B6FB30460CA928F023
S315080127B077FA8246C8B920460CA928F0ACFB6946C7
S315080127C0204628F0A8FB204603A928F0A4FB2046AA
S315080127D006A938F093FE204637F0E6F8824640B15E
S315080127E02022494640462DF01FFA504619B0BDE849
S315080127F0F08F85F842004FF0000AF6E7DBF8003063
S315080128002B61DBF80430C8F80430DBF80830C8F867
S315080128100830012385F84230EDE74FF0210AE4E755
S315080128200C0000202000002001000304010002041E
S315080128302DE9F04FBFB005469B460C46DDF828A1A9
S31508012840009221B9212318463FB0BDE8F08F009BBD
S31508012850002BF7D00028F5D0BBF1000F01D10023DA
S31508012860F1E7489B002BEDD0499B002BEAD0BAF142
S31508012870000FE7D0D0E90032002613EB0B0352F123
S315080128800002CAF8006028BF0126002EDAD16FF0CF
S315080128901F0199424FF00F039341D3D390F840702B
S315080128A0002F00F08B8107EB0B030F2B00F1300390
S315080128B001930DD818465A46489938442DF0D1F94E
S315080128C095F840305B4485F84030CAF80060C6E7A1
S315080128D0C7F110035FFA83F900F130034A464899B4
S315080128E0D8192DF0BEF995F842C0BD49BD4A05F182
S315080128F010032693BCF1000F08BF0A460193012372
S31508012900DFF8EC8227930DF1080E289226AA07CA4A
S315080129108EE8070005F1300229920DF1140E2A936B
S3150801292029AACDF8AC8007CA8EE80700499A0DF1A5
S31508012930200E2C922D932CAACDF8B88007CA8EE8C2
S315080129400700A74905F110022F920DF12C083093C3
S315080129502FAB319193E80700A34B88E8070095F858
S315080129604110A24A0098012908BF1346BCF1000F7D
S315080129700CBF032201221343C4E90036A66026626E
S315080129803BA928F0C4F8034600287FF45CAF20462B
S315080129903B9938F08DFD3146204638F089FD1021E6
S315080129A0204638F085FD00980EA900F021FD034662
S315080129B000287FF448AF20460EA928F0ACFA009803
S315080129C011A928F06DF9034600287FF43CAF20468B
S315080129D011A928F0A0FA204602A928F09CFA204657
S315080129E005A928F098FA204608A938F087FD204657
S315080129F0414638F083FD204636F0D6FF38B120220D
S31508012A003146009001982DF00FF9009B1BE7D5E997
S31508012A100032103342F10002C5E90032499BABEBA3
S31508012A20090210330F2A85F8426049930FD8489B4B
S31508012A3005F1300003EB09012DF013F9ABF1100391
S31508012A401F44102385F84070CAF8003007E79346FB
S31508012A5085F84060DAF800301033CAF80030489B30
S31508012A601BF00F0203EB090812D0BBF1100F5FFA36
S31508012A708BF605F1300040F2A3802BF00F0B0BEB20
S31508012A800901194406F00F062DF0EBF885F84060A8
S31508012A90D5E9003213EB0B0342F1000295F84260C7
S31508012AA0C5E900324E4F4F4A0123002E08BF3A4668
S31508012AB005F11009CDF8C8900DF1500C33933492F5
S31508012AC032AA07CA8CE807004BF0005CCDF8D4801F
S31508012AD00DF15C0E369335AACDF8DCC007CA8EE82F
S31508012AE00700499A0DF168083892399338AACDF842
S31508012AF0E8C007CA88E80700CDF8EC903C933D97F3
S31508012B003EAB1DAF13E90700374B87E8070095F879
S31508012B104110364A0098012908BF1346002E0CBFFA
S31508012B2003220122002613432360C4E901662662B3
S31508012B3023A927F0ECFF034600287FF484AE2399E6
S31508012B400190204638F0B4FC019B2046194638F01E
S31508012B50AFFC5946204638F0ABFC009820A900F096
S31508012B6047FC034600287FF46EAE204620A928F0CC
S31508012B70D2F9009823A928F093F8034600287FF490
S31508012B8062AE204623A928F0C6F9204614A928F0E2
S31508012B90C2F9204617A928F0BEF94146204638F061
S31508012BA0ADFC2046394638F0A9FC204636F0FCFE35
S31508012BB070B1009020223146484624E7B1464EE7D7
S31508012BC05A4641462DF04DF8002385F840603BE70B
S31508012BD0DAF800205A44CAF8002085F842003EE691
S31508012BE0200000200C00002000000204000003045D
S31508012BF0100000202DE9F04FB3B01F460446904659
S31508012C000D469DF8F0903D9BDDF8FCA0002900F0EB
S31508012C103481002A00F03181002800F02E81002F2E
S31508012C2000F02B81A9F104020C2A00F2268190F802
S31508012C304060102E04D09DF8F820964200F21D81BE
S31508012C40D4E9000116F00F0218BF3246121841F1F5
S31508012C50000E94F84210C4E9002E94F841B0099187
S31508012C60002942D004F110013034BBF1000F1ED106
S31508012C700F2E88BF2EAB0022CDE904430C2328462C
S31508012C80CDE90013CDE9069733464146CDE902223F
S31508012C90FFF7C2FA8346E8B100214A4638468AF860
S31508012CA000102CF0C1FF584633B0BDE8F08F0F2E47
S31508012CB088BF2EABCDE903430023CDE901330C23AD
S31508012CC03246009328460B46CDE905974146FFF75C
S31508012CD01DFCDFE70F2E04D88AF800604FF0000BC1
S31508012CE0E1E700238AF80030F8E7D4E902104FEA51
S31508012CF0517C4CEAC00C9CFA8CF04FF0010CC900CF
S31508012D0009BA2F91510FD20012BA319204F1300249
S31508012D101F9241EACE0146F00052CDF880C009BAA9
S31508012D2021920DF1280E1FAA2E90309107CA8EE81E
S31508012D30070004F110022292514ACDF88CC00DF118
S31508012D40340E249222AA07CA8EE807002EAA2592D3
S31508012D504C4ACDF898C00DF1400E279225AA07CA0C
S31508012D608EE80700289346F00053CDF8A4C028AA98
S31508012D702A93102E13AB07CA83E8070005D1099BCE
S31508012D801393159B43F08043159301232B972C939B
S31508012D9049F000532D932BAB93E8070016AB83E854
S31508012DA00700394A394B4046BBF1010F08BF1346A4
S31508012DB043EA092343F002032B6000231CA9C5E952
S31508012DC001332B6227F0A3FE834600287FF46BAFFD
S31508012DD028461C9938F06CFB5946284638F068FB9A
S31508012DE03146284638F064FB404619A900F000FB35
S31508012DF0834600287FF457AF284619A928F08BF88F
S31508012E0040461CA927F04CFF834600287FF44BAFA8
S31508012E1028461CA928F07FF828460DA928F07BF832
S31508012E2028460AA928F077F8284610A928F073F841
S31508012E3094F84130012B03D1284616A928F06BF8DE
S31508012E40284613A938F05AFB94F841301BB928468D
S31508012E5016A938F053FB284636F0A6FD8346002806
S31508012E603FF438AF94F8411019B94A4638462CF060
S31508012E70DBFE00228AF8002015E74FF0210B12E746
S31508012E8020000020100000200000030400000204B6
S31508012E9000232DE9F0478EB00E46174604460193E6
S31508012EA0002867D00AB1002964D037F0030807F073
S31508012EB0030A27D04FF000094FF0E063C4E900394F
S31508012EC001230896099348F000530A9308AA02AB0E
S31508012ED007CAC4F8089083E80700C4F82090194681
S31508012EE0204638F00BFB4146204638F0E1FA2046E9
S31508012EF036F05AFD054628B14246494630462CF079
S31508012F0093FE03E0BAF1000F04D1002528460EB05E
S31508012F10BDE8F0874FF000094FF0E063C4E90039D6
S31508012F2001AB0B9301230C93134B0EAA0D9305AB1F
S31508012F3012E90700C4F8089083E80700C4F820904E
S31508012F401946204638F0DAFA0421204638F0B0FA54
S31508012F50204636F029FD054608B13A46CDE7019ADD
S31508012F604644EB00013522FA03F3AA4506F8013B6C
S31508012F70F7D1CAE72125C9E7040000202DE9F04168
S31508012F800F46017804460139904692B004295BD868
S31508012F90DFE801F003464B505500402514262B491E
S31508012FA00C3400225D433846C7E9012239603A628A
S31508012FB0294638F07DFA4FF0010C45F00055CDF859
S31508012FC0248009ABCDF828C046F000560B9593E846
S31508012FD0070003AB8DE807000C940CAACDF834C0A2
S31508012FE00E9607CA83E807000F9412AACDF840C0C7
S31508012FF006AC119612E9070084E807001946384617
S3150801300027F089FF6946384627F085FF3846214665
S3150801301038F074FA384636F0C7FC12B0BDE8F081CC
S31508013020402520260A490C34BBE7402520260949B4
S315080130300C34B6E78025402607491434B1E78025C4
S31508013040402606491434ACE72120E6E700020103CD
S31508013050000301030004010300050103000601033F
S3150801306010B591B188B10023C0E90133084B00F1CD
S315080130700C0203F1200153F8044B8B4242F8044B2E
S31508013080F9D103230370002010BD2120FCE700BFFE
S3150801309066CE04082DE9F04F0D46174693B0002871
S315080130A000F0A380002900F0A080002A00F09D808E
S315080130B00278013A042A00F29880DFE802F0030E4A
S315080130C0747E8B004FF0140B4A4A00F10C0A00F18A
S315080130D0040900F12C04D8460AE04FF0200B4FF002
S315080130E01C08454A00F10C0A00F1040900F12C04F8
S315080130F04021984579D840290CBF0223042309F1B8
S31508013100040609EB830356F8040B00286FD19E4287
S31508013110F9D1D9F80030013901EA0306C5E90020D9
S315080131203146A8602862284638F0C2F92846D9F8F7
S31508013130001038F0BDF94FF0010E4BF00053CDF8F1
S3150801314024A046F00056CDF828E00B9309AB93E886
S3150801315007000CAB8DE807000C94CDF834E00E9609
S3150801316093E8070003AE48F0005386E8070006AC6B
S315080131700F97CDF840E0119312AB13E9070084E8E5
S3150801318007006946284627F0C6FE3146284627F035
S31508013190C2FE2846214638F0B1F9284636F004FC25
S315080131A013B0BDE8F08F4FF0200B144A00F10C0A5A
S315080131B000F1040900F12C048DE74FF0400B4FF0A4
S315080131C030080F4A00F1140A00F1040900F1540409
S315080131D080218EE74FF0400B0A4AD84600F1140ABF
S315080131E000F1040900F15404F2E72120D8E70F2081
S315080131F0D6E700BF00020303000303030004030329
S3150801320000050303000603032DE9F0438DB00D46BF
S3150801321091461E460446149F002840D0002F3ED0F2
S315080132200AB9002B3BD16B1EDBB2042B37D81D4ADA
S3150801323012F80380159B984531D8002328020125E9
S3150801324000F1407000F580703146C4E9013323620C
S31508013250206046F00056204638F02AF9CDF8189035
S3150801326006AA0795089607CA8DE8070048F000528E
S3150801327009970A950B9203AD0CAA12E9070085E88E
S3150801328007006946204627F046FE2046294638F0BB
S3150801329035F9204636F088FB0DB0BDE8F0832120CC
S315080132A0FAE700BFBEDB0408F0B50F4616461D4611
S315080132B0044693B010B9212013B0F0BD0029FAD005
S315080132C0002AF8D0002BF6D0002331461A46384694
S315080132D027F0BCFB0028EFD1304602A927F04DFBA9
S315080132E00028E9D1EB68022B0AD039683F48029ACF
S315080132F081426B6902D01830814270D19A42DAD87C
S315080133002B68002BD7D14FF060623846C4E90023F9
S31508013310A360236201A927F0FAFB0028CCD1019901
S31508013320204621F4F061019138F0C2F86946284631
S3150801333027F0EDFB0028BFD12046009938F0B8F8F0
S31508013340384609A900F054F80028B5D1204609A93C
S3150801335027F0E1FD38460CA927F0A2FC0028ABD1DD
S3150801336020460CA927F0D7FDEB684BB1284606A9DC
S3150801337000F03EF800289FD1204606A927F0CBFD8C
S31508013380304603A927F08CFC002895D1B368DA04E6
S315080133900CD59B0427D50621F36932691B6801FB05
S315080133A003225B0043F0005303920593204603A9C9
S315080133B027F0B1FD28460FA927F072FC00287FF4F3
S315080133C07BAF20460FA938F099F80325204636F039
S315080133D0EBFA01287FF470AF013DF7D16CE7B3EB47
S315080133E0420F8DD267E7292066E700BF200000B0AB
S315080133F090B189B101234B60C368013B012B08D801
S315080134008269064B1AB10A6000208B607047044A2C
S31508013410F9E74FF00053F7E721207047080000202D
S31508013420C4DB0408F0B50E46154604468FB00028DD
S3150801343062D0002960D0002A5ED0012329461A46A7
S31508013440304627F003FB002856D1B36813F4C04F62
S3150801345052D0AB6803F4C043B3F5005F4CD1284B97
S315080134600BAFC4E90030A06020623946304627F028
S315080134704EFB00283ED120460B9938F019F8304604
S3150801348002A9FFF7B5FF002836D1204627F043FDEC
S31508013490304605A927F004FC60BB204605A927F09C
S315080134A03AFDEB6843BBAB6803F4C043B3F5005F71
S315080134B022D1284601A927F08AFAE8B9019B6A6947
S315080134C09A421BD32A6943F000530B9201220C92AC
S315080134D00D9308AB97E8070083E8070019462046CD
S315080134E038F00CF80325204636F05EFA012801D19A
S315080134F0013DF8D10FB0F0BD2120FBE71D20F9E70A
S315080135000000010210F1860F12D010F1850F0ADAB8
S3150801351010F1950F0FD010F1930F0CBF6FF06F00DC
S315080135204FF0FF307047003818BF012040427047FE
S315080135306FF0710070470148704700BF00B2FFFF86
S315080135402DE9F0410446AEB01DAD0F4616460021E1
S315080135504122284698462CF067FB402200210DA8F7
S315080135602CF062FB1822002107A82CF05DFB2378BA
S31508013570013B082B58D8DFE803F005574F5153573D
S3150801358057575500384B00200793FFF7BBFF0446F2
S3150801359000283DD14FF480430993BDF81C30BDF88E
S315080135A01E4003F44F420734B2F5824F4FEAD40462
S315080135B03DD1DBB2412B3AD122460DA940460694AC
S315080135C029F093FA22462946304629F08EFA06ABA7
S315080135D004934123CDE90253069B2448CDE90053C0
S315080135E00DAA234607A928F0AFFAFFF78BFF044671
S315080135F070B9BDF81C30384603F44F41B1F5824F16
S31508013600069A29462CD1DBB2412B29D129F03DFA5C
S3150801361020462EB0BDE8F081154BB4E7154BB2E74D
S31508013620154BB0E7154BAEE76FF07100ADE76300D8
S31508013630224601330DA94046069329F05CFA042374
S3150801364022460DF1750130468DF8743029F053FA8A
S31508013650611C2246294406F1080029F04CFAB6E70E
S3150801366029F02BFAD4E700BF1271C0000000020945
S315080136701271000112718001127109024171FF0074
S31508013680012908B50BDC074B074A002918BF1A465A
S31508013690114601F057FCBDE8084027F046BC6FF01B
S315080136A0730008BD08000002090000022DE9F04177
S315080136B0012905460E4690461F4692B04AD8046827
S315080136C024F04003802B02D0B4F5807F45D1202217
S315080136D000210AA82CF0A8FA234A244B0121012E1D
S315080136E008BF134609932B1D0093E408204B44F0A9
S315080136F00054019109A80294CDF80C800491059310
S31508013700069707916946089327F005FC03A909A8B6
S3150801371027F001FC06A909A837F0F0FE296809A8CF
S31508013720C90837F0C5FE102109A837F0C1FE36F0E1
S315080137301DF9A8B909A837F0C4FE4FF098435A6C89
S31508013740D202FCD55C6D36F023F904F4702012B070
S31508013750BDE8F0816FF02000F9E76FF07100F6E738
S315080137604FF0FF30F3E700BF000100040001010438
S31508013770100000202DE9F041012906468846154624
S315080137801F4698B05ED811075FD1046824F040033C
S31508013790802B02D0B4F5807F5AD12022002110A8AF
S315080137A02CF042FA2D4A2E4BE408B8F1010F08BF56
S315080137B0134601220F93331D00932A4B44F00054FC
S315080137C00192029403970492059306970792089328
S315080137D01E9B1F99099345F000530A920FA80B9354
S315080137E00C9169460D920E9327F095FB03A90FA834
S315080137F027F091FB09A90FA827F08DFB0CA90FA8A3
S3150801380037F07CFE06A90FA837F078FE31680FA8B5
S31508013810C90837F04DFE29460FA837F049FE36F09C
S31508013820A5F8C0B90FA837F04CFE4FF098435A6C6B
S31508013830D202FCD55C6D36F0ABF804F4702018B0F2
S31508013840BDE8F0816FF02000F9E76FF02100F6E797
S315080138506FF01F00F3E74FF0FF30F0E703020004B3
S31508013860030201041000002038B5134DFDF796FD3B
S31508013870124B134A1349144806F0A6F82B7803F09D
S31508013880FF04BBB934F05EFC012802D936F018FEF4
S3150801389004462B782BB90D4B0D481B689847012315
S315080138A02B7034F04FFC012804D92046BDE8384076
S315080138B036F01CBE38BD00BFFF6500200DB00308F9
S315080138C0EFAF030827B0030831B00308447C002092
S315080138D0604F0020F8B5154F3B7803F0FF0503BB91
S315080138E034F030FC0128064603D936F0E9FD051EF9
S315080138F019DB3B7853B950230D4CE018A465E365F1
S3150801390036F08FFE2066012408B13C700024012E92
S3150801391005D9284636F0EAFD0028B8BF0224204614
S31508013920F8BD0024FBE70D24F9E700BF0066002077
S31508013930F44B002000F01F02A0F50620A0F5506008
S31508013940812810D8012309494009934051F82020BC
S315080139501A4341F82020064951F8202022EA030299
S3150801396041F8202070474FF0FF3070476C4C00201B
S31508013970584C002000F01F03A0F50620A0F5506062
S31508013980812810B519D801210D4A4009994052F8E4
S3150801399020300B430B4942F82030D1E90034234447
S315080139A08C682344CC68096923445B1804D1C2E9AD
S315080139B00033C2E90233136110BD4FF0FF30FBE754
S315080139C0584C00206C4C00202DE9F04FA7B003920B
S315080139D01D4604460822CDE90401414021FA02F3B5
S315080139E04B40980702F1080218BF9B00202A1C4485
S315080139F0F4D18123B4FBF3F303EBC313E41A784B35
S31508013A0004F506241B7804F55064002B39D1FBF71D
S31508013A10CFFC064600286ED10146402206A82CF0A6
S31508013A2003F93146402216A82CF0FEF86D4E6E4F6A
S31508013A30B0461036B74228BF37466C48013F009753
S31508013A4043461022006806A926F0E0FB4FF0000B5A
S31508013A5081460DF1180AD94540D164480097434675
S31508013A601022006816A926F0DAFB4FF000088346F3
S31508013A7016AFC34545D15E4B9E42D8D10122584B5C
S31508013A801A7081270026DFF878A1DFF878B1630973
S31508013A90A3F58643683B5AF8232004F01F01CA4060
S31508013AA0D20744D45BF82330CB40DB0732D5002E4E
S31508013AB008BF26468123A4F50624A4F6FF44B4FBD1
S31508013AC0F3F303EBC313E41A04F50624013F04F5E3
S31508013AD05064DCD1039BFBB12EBB1DE05AF8040BE5
S31508013AE0FFF728FF013009D100223D4B1A703C4BE4
S31508013AF01B78002BC5D16FF091000FE00BF1010B7C
S31508013B00A9E757F8040BFFF735FF0130EFD008F1A5
S31508013B100108AEE7039B23B96FF08B0027B0BDE818
S31508013B20F08F06B92646329B00201E60F6E7309BC9
S31508013B3013B10023309A1360319B13B10023319AD4
S31508013B4013604FF01009DFF8A480CDF80090002328
S31508013B502A462146D8F80000FBF72AFA002836D16A
S31508013B60309B0BB1C3F800902A68224B9A4217D0B2
S31508013B702146D8F80000FBF777FB0028CCD1D5E918
S31508013B800223DDE90410834208BF8A4292D1039BCE
S31508013B90002BC7D06B68012BC4D16FF08400BDE739
S31508013BA0309B002BEBD0319B002BE8D02146D8F86F
S31508013BB0000016AAFBF744FA48B9319B309A1B68EC
S31508013BC01268934297D39B1A319A1360D7E70A4B27
S31508013BD09842CDD06328CBD0084B9842CFD08AE7FC
S31508013BE001660020006D0800816D0800007C002038
S31508013BF0906D0800105D175EFFDF00F0FEDF00F034
S31508013C006C4C0020584C002070B5124D2B7803F0EF
S31508013C10FF04CBB934F096FA012802D936F050FCE4
S31508013C2004462B784BB90C48436D43F001034365B1
S31508013C300A4B1B68984701232B7034F083FA012835
S31508013C4002D9204636F052FCBDE87040044B0248C2
S31508013C501B68184702660020804C0020447C00201F
S31508013C603C7C0020034B1B781BB1034B03481B68A4
S31508013C701847704702660020387C0020804C0020D7
S31508013C802DE9F04F87B08246894698461646DDF8F3
S31508013C9040B02AB1002B57D040F26C739A4256D8DD
S31508013CA0BBF1010F56D8002406F110073946012049
S31508013CB0059428F0ECF8054600284ED021463A46E8
S31508013CC02BF0B2FFFFF7A0FF05ABCDE90143009446
S31508013CD02B46012250464946FFF776FE044690B127
S31508013CE010F18C0F08BF6FF08D043A460021284663
S31508013CF02BF09AFF284637F05DFEFFF7B3FF204603
S31508013D0007B0BDE8F08F164BC5E902A92B60C5F8C7
S31508013D1004B02EB13246414605F110002BF0A1FF41
S31508013D20059E10483B462A4631460068FBF758FA75
S31508013D3038B93046FFF7FEFD013008BF6FF086043B
S31508013D40D3E76FF09104D0E76FF08604D7E76FF0F9
S31508013D509104D4E76FF08504D1E76FF08C04CEE7C0
S31508013D60105D175E007C00202DE9F0478CB0814676
S31508013D70DDE914780C4616461D465BB1B8F1000F0D
S31508013D8047D0B7F1005F44D3C3F1005303F50023CD
S31508013D909F423ED84FF0000A1022002108A82BF0B6
S31508013DA043FFCDE905AAFFF72FFF07AB029305AB42
S31508013DB0019306AB214600935246484608ABFFF7E6
S31508013DC003FE0446D0B9059B3DB1B3421CD853EA5C
S31508013DD0060504D06FF0860410E0B342FAD3069BB9
S31508013DE00D48C8F8005000953A46079900683344CB
S31508013DF0FBF7DEF8002818BF6FF09104FFF732FFD2
S31508013E0020460CB0BDE8F0879B1B9D4228BF1D4686
S31508013E10E5E76FF08604F3E7007C002070B500261D
S31508013E200C4605468CB01022002108A82BF0FCFE92
S31508013E30CDE90566FFF7E8FE07AB029305AB0193EB
S31508013E4006AB214600933246284608ABFFF7BCFD70
S31508013E50044608BB099B012B23D0079D144B294611
S31508013E601868FBF701FAF8B9A5F50623A3F5506317
S31508013E70812B05F01F020DD801210E485B099140DF
S31508013E8050F823204A4040F823202846FFF772FDC0
S31508013E90013001D16FF08604FFF7E4FE20460CB02D
S31508013EA070BD6FF08404F7E76FF09104F4E700BF83
S31508013EB0007C00206C4C00202DE9F04198B006AD3D
S31508013EC000F130060446884617460FCE0FC596E818
S31508013ED00F0085E80F00282200210EA82BF0A4FE6A
S31508013EE00EA837F0DBFA034604F1300023B16FF070
S31508013EF0920018B0BDE8F0812368184923F47E12B0
S31508013F008A4218D1C3F30543CDE904730D9BCDF855
S31508013F100C80029309AB0193089B221D00930EA9FD
S31508013F209DF81830FDF780FD0028E0D1636A00206E
S31508013F303B446362DDE70A4B9A420CD10D9BCDE9FE
S31508013F400287019309AB0093221D9DF818300EA92B
S31508013F50FEF7B4FBE8E76FF08500CAE70001400504
S31508013F600002400530B5048804F4E043B3F5005F68
S31508013F7020D104F4E063B3F5806F1BD181F0AA6305
S31508013F8083F4807333F47E1306D081F0AA6383F435
S31508013F90007333F47E1316D1C1F30543224D21F480
S31508013FA07E11A94211D005F58075A94224D06FF07A
S31508013FB0850030BD42F204039C4204D181F00523F9
S31508013FC083F48013E5E70023E8E7B4F5105F28D109
S31508013FD0418821F04000802802D0B1F5807F20D1A8
S31508013FE0191F0C291DD8DB071BD4073A062A8CBFD3
S31508013FF06FF086000020DCE7B4F5105F11D1418827
S3150801400021F04000802802D0B1F5807F09D1043B18
S315080140100C2B06D82AB10C2A14BF6FF08500002094
S31508014020C7E76FF08600C4E7000140052DE9F04FA8
S315080140309DB08B46DDE92A6598468146DDF89CA048
S315080140402E9F099228B96FF0860420461DB0BDE857
S31508014050F08F0029F7D0269B002BF4D0289B13B9A3
S31508014060299B002BEFD10EB9002DECD117B92F9B47
S31508014070002BE8D1309B002BE5D02C9B002BE2D0FE
S31508014080524641464846FFF76DFF04460028DCD1F3
S315080140900146282212A82BF0C7FD202221460AA88C
S315080140A02BF0C2FD12A837F0F9F910B16FF092049E
S315080140B0CBE759464846099A0AAB00F0F3FD044690
S315080140C00028C2D12F9B9D4248D8BE4208D27319F7
S315080140D09F4205D231462A4638462BF08CFD3E468C
S315080140E0214B28F47E18984506D003F58073984528
S315080140F01FD06FF08804A8E72D9B2A4606932C9BB0
S315080141000396CDE90473299B0AA90293289B12A851
S31508014110CDE900A3269BFDF79DFB212893D02C28EA
S3150801412002D16FF0940490E70028BFD1309B1D603F
S315080141308BE7BAF10C0F14D12C9B2A4606932D9BBB
S315080141400396CDE90473299B0AA90293289B12A811
S31508014150CDE900A3269BFEF7D9F9DEE76FF08904BE
S3150801416073E76FF0850470E7000140052DE9F34711
S315080141700A9E0C4691469A460546DDF83080002887
S315080141804DD000294BD0002A49D04B880733BAEBCA
S31508014190D30F44D30B88B3F5105F1FD186F0AA63FA
S315080141A083F4807333F47E1306D086F0AA6383F40E
S315080141B0007333F47E1303D1C6F30543102B2ED8AF
S315080141C08022002128462BF02FFD204A26F47E1353
S315080141D0934209D002F58072934205D06FF08504A7
S315080141E0204602B0BDE8F0872F4647F8046B204603
S315080141F03B465246494600F055FD04460028EFD194
S31508014200019001A9384626F0B8FBD8B9019AA2F15E
S315080142101001102903D80E4BCB40DB0702D46FF0EF
S315080142208604DDE70E9B1A440D9B9A42F7D8404651
S3150801423069692BF016FD9DF82C30C5F8148085F8B0
S315080142403030CDE76FF09204CAE700BF00014005A0
S315080142500101010038B515460446D0B1C9B1C36C90
S31508014260A3B903680C4A23F47E13934204D10C2D97
S3150801427004D06FF0850008E0102D0AD82A4604F10B
S315080142803C002BF0EEFC0020E56438BD6FF0880099
S31508014290FBE76FF08600F8E70002400530B50446F3
S315080142A0F0B10368104D23F47E10A84206D005F537
S315080142B08075A84204D06FF0880010E0D8030FD4A7
S315080142C013F4701F0CD0C3F30543102B08D8636A87
S315080142D0002BF0D1A06A0028EDD1C4E90D1230BD3A
S315080142E06FF08600FBE700BF000140052DE9F043AA
S315080142F08FB0044616460021282204A81D46169F9B
S31508014300DDF860802BF090FC04A837F0C7F820B1DF
S315080143106FF092000FB0BDE8F083002C45D02368FA
S31508014320234A23F47E1393422ED194F87D30DFF885
S315080143308490179A2B44934234D806B10FB9002DAD
S3150801434033D1B8F1000F30D0E5B1636A3BB9A26A3F
S315080143502AB911462046FFF7AFFD0028DAD1154BD9
S31508014360CDE90178994500962B4604F1040204F13A
S31508014370300004A910D0FEF75BFA0028C8D1A36A59
S315080143802B44A3620020C5E70B4A934207D194F850
S315080143907030DFF82890CCE7FDF79CFCEDE76FF06D
S315080143A08500B7E76FF08900B4E76FF08600B1E7DB
S315080143B000014005000150050002400500025005B4
S315080143C02DE9F04F05468FB09146DDE918AB282255
S315080143D0002104A81E46DDF86C802BF025FC002D73
S315080143E000F086802B681A9AC3F3054797427CD852
S315080143F0FF2E7DD8BAF1000F7AD0BBF1000F77D026
S31508014400B8F1000F74D00022CAF80020002B72D030
S315080144106B6A6BB12B68394A23F47E13934215D123
S31508014420374C04A837F03AF8D8B16FF0920409E08E
S31508014430AA6A002AEED111462846FFF73DFD044631
S315080144400028E7D020460FB0BDE8F08F2D4A9342E9
S3150801445005D0B3F1052F2C4C18BF0024E1E72B4CEE
S31508014460DFE7274B9C4221D003F580739C4239D163
S3150801447095F871303BB16FF0860404A826F0E8F987
S315080144800028DFD0D1E7FBB2F6B20093CDE9019659
S315080144905B46CDF80CA02A1D04A905F13000FEF7EC
S315080144A0A9FBB8B90446C8F80070E6E795F84C3098
S315080144B0002BE0D1FFB2F6B200975B46CDE9019633
S315080144C0CDF80CA02A1D04A905F13000FDF7C8FD99
S315080144D0AF6CE6E700232128C8F80030CBD06FF08F
S315080144E09204CAE76FF08504C7E76FF08904A9E764
S315080144F06FF08604A6E76FF08804A3E7000140057C
S31508014500000150050002400500051005000250058E
S31508014510094B20F480629A4202D0084B984207D18F
S315080145200B88B3F5105F14BF6FF085000020704744
S315080145306FF08500704700BF004040040013C004B7
S315080145401038102808D8064BC34013F0010F0CBFCA
S315080145506FF08600002070476FF08600704700BF35
S31508014560010101002DE9F04F8A46A5B00021DDE9D8
S315080145703074DDE932580490934606A810221E4687
S31508014580DDF8D0902BF050FB102200210AA82BF061
S315080145904BFBBAF1000F05D16FF0860A504625B0DC
S315080145A0BDE8F08FBBF1000FF6D00FB9002CF3D19F
S315080145B02E9B13B92F9B002BEED115B9B8F1000F1D
S315080145C0EAD1B9F1000FE7D004993046FFF7A0FF09
S315080145D00146002839D1282205901AA82BF024FB78
S315080145E02022059912A82BF01FFB1AA836F056FFB0
S315080145F010B16FF0920AD1E751465A46049812ABA8
S3150801460000F050FB82460028C8D11298FFF798FFA0
S3150801461082460028C0D114B9C9F80000BEE7AF42E6
S3150801462022D23B199D421FD24445B5D82246394666
S3150801463028462BF0E0FA994B9E4200F0C48007D831
S31508014640A3F580739E4200F0B5806FF0850AA5E751
S31508014650934B9E4279D003F540739E4275D0914B98
S315080146609E42F2D12F465FE08E4B9E4259D00DD81D
S31508014670A3F580639E4200F09E8003F580739E42F7
S31508014680E3D124F00F031033434598E0844B9E424F
S3150801469003D003F540739E42D7D1102200210EA8FC
S315080146A02BF0C2FA44453FF677AF7F4B9E422F9BCC
S315080146B04DD10D2B7FF470AF01238DF838302E9B29
S315080146C00DF1390203F10C0153F8040B8B4242F840
S315080146D0040BF9D11B78137001238DF8473014F0B8
S315080146E00F0624F00F0B42D106AB01930EABCDE9B1
S315080146F0027500935A46002312A91AA8FCF7BEFFB1
S315080147000746002853D04246002128462BF08CFA4A
S315080147100023012FC9F800307FF46BAF6FF08B0AC5
S315080147203CE744453FF638AF14F00F027FF434AF47
S315080147302346CDE9007512A91AA8FCF7A3FE074678
S315080147400028E0D1C9F8004028E72F46A5E7102B35
S315080147507FF422AF2E9B0EAA03F1100C1646186899
S315080147605968083303C663453246F7D1B7E707EBFD
S315080147700B030DF1280C03F1100E624618685968EF
S31508014780083303C273459446F7D10F2CACD805EB11
S315080147900B0303930AAB029306AB01930EAB00938B
S315080147A03246002312A91AA8FCF768FFC7E7002EAC
S315080147B0C8D0ECE72F4623077FF4EEAE444504D96B
S315080147C06FF0890AEAE62F465BE72F9B102B7FF4E9
S315080147D0E3AE06AA93462E9B03F1100E944618687B
S315080147E059680833ACE8030073456246F6D12B4B8A
S315080147F09E4207D124F00F0104F00F0239440AA89A
S315080148002BF02FFA0F2C39D8244B9E429AD104F05B
S315080148100F00C0F110020AAE114630442BF004FA1B
S315080148200F2C0ED924F00F022A44A2F110030DF120
S31508014830180C674618685968083303C79342BC467B
S31508014840F7D110230022CDE90166CDF800B012A9EF
S315080148501AA8FCF781FE074600287FF454AF24F016
S315080148600F0425440EAA334603CB93422860696098
S315080148701E4605F10805F6D1103463E7CDE9017541
S315080148800022CDF800B024F00F0312A91AA8FCF7EC
S3150801489063FE07460028B7D035E700BF004140044C
S315080148A00010C004004440040013C0042DE9F04F71
S315080148B00D46C5B00021DDE94EA40646904601A87D
S315080148C020229946DDF840B12BF0AEF920220021CD
S315080148D009A82BF0A9F92022002111A82BF0A4F987
S315080148E02822002119A82BF09FF98422002123A848
S315080148F02BF09AF955B1B8F1000F07D0BAF1000FAC
S3150801490004D0BBF1000F01D0529B2BB96FF086057D
S31508014910284645B0BDE8F08F2F886A8807F4E0433A
S31508014920B3F5804FF2D0384B3849334043F0106322
S315080149308B4210D1D31DB9EBD30F4FEAD306E5D37A
S31508014940519B9E425AD847F212139F4206D047F20C
S3150801495041139F4231D06FF08505D9E7B2F5807FC3
S31508014960F9D184234022023429480AF1010A24F0A4
S31508014970030423A9CDE915130990129228464A463C
S31508014980414601ABCDE90DA400F08CF90546002896
S31508014990BED10B9B119043F4005319A80B9336F023
S315080149A07DFD70BB11AB09AA01A919A8FEF77CFC0C
S315080149B0044688B14828A9D1CDE7A642A6D8FF2A38
S315080149C0C9D1519B0334033359462022114824F097
S315080149D0030423F00303CDE747F212139F420AD1DA
S315080149E03246584623A92BF03CF9234623AA1355E8
S315080149F00134842CFAD1529B1E6089E76FF0890530
S31508014A0086E76FF0920583E70000FFF600000209CA
S31508014A1020000080200000B02DE9F04388461446A6
S31508014A201E46C5B0002849D0002947D0002A45D0DE
S31508014A30002B43D0038803F44F42B2F5824F40F06E
S31508014A40AE80DAB2122A0ED0413A012A00F2A780C4
S31508014A503368002B00F09780DA1DB4EBD20F2DD105
S31508014A60FF2B23D091E023F0FF03B3F5E24F28D1C2
S31508014A7043883360F3B9E3003360B3F5807F40F0D0
S31508014A808E8000231846494908EB0405214415F888
S31508014A90012D11F8014D1043121B18BF0023A8451B
S31508014AA043EA0203F3D148B1002B07DA002045B0E7
S31508014AB0BDE8F083DA1DB4EBD20FDED06FF08600C5
S31508014AC0F5E7B3F5824F6DD10B78042BF6D1282281
S31508014AD0002118A82BF0A8F818A836F0DFFC002842
S31508014AE04ED14FF0880922AD4A46002128462BF0BF
S31508014AF09BF801232022002168468DF888302BF087
S31508014B0093F82022013C08F10103002105940DEBDD
S31508014B100200E400049364082BF086F820220021A1
S31508014B2010A8CDE90C592BF07FF8E02C6F46CDE99A
S31508014B301459346002D0B4F5807FBFD11C4B0734B9
S31508014B403B6008934FF40053BB604FF48043E4087D
S31508014B503A460A93640010AB08A918A81194FEF7FF
S31508014B60A3FB33680733DB085A003BB900289DD0FD
S31508014B70A4E705F8013B013AFBD2F7E70023FAE778
S31508014B806FF0920093E7E3003360B3F5807F06D1B7
S31508014B904388B3F5807F02D0FF23336086E76FF041
S31508014BA0850084E76FF0960081E700BFD8DB04082B
S31508014BB020000080F8B5134642880C460732072ABA
S31508014BC04FEAD20101D0A14261D1D0E90167058836
S31508014BD02022184600212BF027F8360A034616B17B
S31508014BE0012E57D1C660002C51D041F201029542DF
S31508014BF005D0B5F5885F02D0B5F5905F09D15C603F
S31508014C002EB1B90707F0010213D4002A3AD00020C1
S31508014C1011E0B5F5105F07D1182C03D0202C01D06F
S31508014C20102C34D11C60EAE705F44F42B2F5824FE5
S31508014C3002D06FF08500F8BDEAB2122A03D1202C02
S31508014C40F7D1164A04E0412AF3D1202CF1D1144AAE
S31508014C5025F0FF05B5F5E24F1A600CD0B5F5824F80
S31508014C6015D14FF4005217F4705F09D017F4864F27
S31508014C7004D09A60DDE74FF48042F4E742F480629B
S31508014C809A60BDE79A6842F080729A60BFE76FF052
S31508014C908600D0E76FF08B00CDE700BF20000080CB
S31508014CA0200000B02DE9F041174600221C46436852
S31508014CB08CB01B0A80460D46009204D0012B5CD0AD
S31508014CC06FF08B0094E0028822F0FF03B3F5824F60
S31508014CD051D1468810460736F608009626F084FA1A
S31508014CE058B10B78042B05D1013FB7EB460F05F1F7
S31508014CF001050AD06FF086007AE0413AD2B2012A5C
S31508014D0000F2D880BE42F5D13E462246314640469B
S31508014D10FFF750FF00286BD1FA1CC4E9030522F0FE
S31508014D2003026261002E00F0A6802022002101A85C
S31508014D302AF07AFF314601AA4046FFF73BFFDDE933
S31508014D400176DDE9071C039A002840F09480236860
S31508014D50A568BB4240F08F806768B74240F08B80F8
S31508014D60954240F08880A269914240F08480E269C8
S31508014D7062453DD07FE00097C6E7032FBAD90B7885
S31508014D80012B40F09A80497800294BD0F739082938
S31508014D9096D801A353F821F0014E0108BD4D01082B
S31508014DA0C14C0108F74D0108C14C01081B4E010809
S31508014DB0C14C01080B4E0108134E01084FF4105659
S31508014DC0F8253F4F1C22002102A82AF02DFF0323B4
S31508014DD00197CDE90435039601AA09AD134603CB1C
S31508014DE0AB42206061601A4604F10804F6D100203E
S31508014DF00CB0BDE8F08110274FF08076FA25E1E77F
S31508014E0020274FF00076F725DCE7FE252C4F2D4E9F
S31508014E10D8E7FF252A4F2C4ED4E74FF41056FC2528
S31508014E20274FCFE72B2F7FF665AF202220462AF0A2
S31508014E30FBFE05F110032361AB070DD001AB05F1AC
S31508014E4028061A4628686968083503C2B542134612
S31508014E50F7D1286801AD10606B68103F2360AB6815
S31508014E6069466360EB682046A36001236761E360D6
S31508014E7025F083FD28B12022002120462AF0D4FE00
S31508014E8038E7B8F80030009E03F44F42B2F5824F76
S31508014E900ED1DAB2122A0BD123F0FF03B3F5824FF2
S31508014EA006D1730062691C339A42BFF43BAFE2E74D
S31508014EB03346F7E76FF085009AE76FF0910097E7B9
S31508014EC02000008000440002004400032DE9F0435D
S31508014ED08DB01746DDE9149498460E4601B94ABBCA
S31508014EE0B8F1000F02D1B9F1000F23D114B3144B55
S31508014EF0984222D12023B9F11F0F236006D8002337
S31508014F006FF0890023600DB0BDE8F08302A836F082
S31508014F10C5FA054610B16FF09200F4E73B463246F2
S31508014F200321CDE9008902A8FEF76EF90028EAD027
S31508014F302560F0E76FF08600E5E76FF08500E2E7A8
S31508014F400900000230B50D4604468BB0A0B1031D19
S31508014F50D422002118462AF067FE0A4A95420ED144
S31508014F60032269462270FEF77BF8002814BF6FF00A
S31508014F70920000200BB030BD6FF08600FAE76FF0A3
S31508014F808500F7E70900000270B504460D4636F0BC
S31508014F901DFA0D2C06460AD80D2C15D8DFE804F0A3
S31508014FA018181418182714182B142E1431360F3CF8
S31508014FB0E4B2112C08D80123194AA340134216D189
S31508014FC00A2C29D0042C24D0002321242B8009E083
S31508014FD08020FBF705F94FF6FF7398420CBF0E24A4
S31508014FE000242880304636F0ECF9204670BD0023AF
S31508014FF00F242B80F6E74FF48060EAE74FF4406010
S31508015000E7E74FF4C060FBF7CDF8E4E74FF4F0604B
S31508015010F9E74FF4E060F6E74FF41860F3E700BFED
S315080150204751030030B58BB06C46854D854836F03F
S3150801503091FB0FCD0FC42B68834A2360FF238DF89C
S315080150400130D2F84C3113F4802340F0EC80D2F8C9
S3150801505050218DF801309DF801306C46FF2B08BFB1
S315080150602C236846794D8DF80130FBF78FF93220EC
S31508015070FBF7CAF90FCD0FC40FCD0FC495E803008E
S3150801508084E80300704BD3F84C21120300F1C58064
S31508015090D3F85041E4B28DF81940FBF771F904448D
S315080150A084F308046A488DF81840F8F731FD684614
S315080150B0FBF7A2F83220FBF7ADF96648FBF7A6FA2B
S315080150C06548FBF713FB654C654836F043FB002042
S315080150D0FBF7A6F9FBF750FA236F002023F0070325
S315080150E043F003032367FBF771FA236F5D4923F442
S315080150F074432367D1F8FC2012F080721EBFD1F8E1
S31508015100FC3023F08073C1F8FC300021D4F88030DC
S3150801511023F0030343F00103C4F88030524BC3F86C
S31508015120801032B14F4AD2F8FC3043F08073C2F88E
S31508015130FC304A4CD4F8203123F0070343F002032C
S31508015140C4F82031D4F8283123F0070343F00203C9
S31508015150C4F82831D4F8803123F0030343F001035E
S31508015160C4F88031D4F8403123F0030343F0020335
S31508015170C4F84031D4F8603123F0030343F0020345
S31508015180C4F86031D4F8403223F0030343F0020334
S31508015190C4F84032D4F8003223F0070343F002037F
S315080151A0C4F80032D4F8083223F0070343F00203A7
S315080151B0C4F80832D4F8503223F0030343F002034B
S315080151C0C4F85032D4F8703223F0030343F00103D4
S315080151D0C4F87032D4F8203223F0070343F00103F0
S315080151E0C4F82032FAF7C6FF4FF0E022002013690F
S315080151F043F004031361D4F8603223F0070343F044
S315080152000103C4F86032D4F8943223F0070343F05B
S315080152100103C4F894320BB030BD144B1C88FF2C23
S3150801522088BF5A2437E74FF07E6393F89C2093F999
S315080152309C30002BFFF60FAF8DF801200BE700BF5E
S31508015240F8DB040840DC04080080E00F0CDC0408E5
S31508015250C017530200B4C404C0EA210100800050FB
S3150801526044DC040800ED00E0009000500001E00F66
S3150801527007B5094B186899889B7900906846ADF877
S3150801528004108DF80630FBF7BDFB0C20FBF7F2FB8B
S31508015290002003B05DF804FB34DC040813B50024D0
S315080152A0064A6846536F43F00103536700948DF825
S315080152B00440FBF7A9FA204602B010BD0040005091
S315080152C02DE9F04705460E4621B900F005F90646CF
S315080152D000286DD0337D1F2B6CD836F077F807463A
S315080152E0354B1B68183B13F1180F0FD1DFF8CC802B
S315080152F0D8F80090ADBB424629461C2000F0A0F91B
S315080153000446C0B1384636F05CF805E0AB4206D132
S31508015310384636F056F812242046BDE8F0871A6852
S31508015320B24201D09B69DDE73846002DF1D036F04F
S3150801533048F82324F0E74FF0010AD8F80050002274
S315080153400421307D05F1100300F082F9044680B18D
S31508015350BAF1000F02D0284636F028FBC8F80090AB
S31508015360D0E7B9F1000F01D1C8F800504FF0000A93
S31508015370E5E702460421307D05F1140300F068F9DA
S31508015380044618B1286936F011FBE1E72946686039
S315080153902873A86041F8186B074824F0EFFA3046DD
S315080153A026F0E8FB08213046297326F0FEFBA9E71B
S315080153B02D24B1E70F24AFE7EC4C0020E84C002080
S315080153C0024B1B6803600020704700BFE84C0020B1
S315080153D02DE9F0470F469046054608B9314B1D6839
S315080153E035F0F4FF01232E68696896F814E06FEA30
S315080153F0010C03FA0EF3013B23EA010494FAA4F41F
S31508015400B4FA84F4A64504D835F0DBFF1A20BDE8C2
S31508015410F0877A0707D54FF00109326909FA04F9C5
S3150801542019EA020FF0D03A0710D50122F668A24010
S315080154303242E9D0BA070BD40123A3400B436B6070
S3150801544088F8004035F0BDFF0020E0E7002FF1D1D4
S315080154502A7B9645F0D0AEEB020A0AF1FF395FFACC
S3150801546089F9A145E8D301269640013EBF0706FA08
S315080154700AF609D542B10CEA060292FAA2F2B2FA82
S3150801548082F2964588BF14464C45D5D223EA0603CF
S3150801549013EA0C0314BFB3FA83F32023C3F11F03E2
S315080154A0DCB2C9E7E84C002070B50D46164604463D
S315080154B008B9084B1C6823681B7DAB4208D935F02F
S315080154C085FF236943F8256035F07BFF002070BD11
S315080154D02120FCE7E84C00200048704758DC040806
S315080154E0F8B5134D6B6D2A6D1340124A002B1365DF
S315080154F09EB202DB01276EB9F8BD0123E9680E4A9F
S31508015500C1F304218B40284642F82130BDE8F84012
S3150801551034F086BCB6FA86F4C4F11F04E4B2214617
S31508015520284607FA04F434F07BFC26EA0406E2E787
S315080155300000045000200450F04C00200028ACBFA5
S3150801554000F16040064B4FEA0111C9B2ABBF00F545
S31508015550614000F00F0080F800131954704700BF2E
S3150801556014ED00E008B535F031FF0B4B1A7872B926
S3150801557001221A7035F025FF6FF004021046013238
S31508015580052152B2FFF7DAFF5D2AF7D108BDBDE85A
S31508015590084035F016BF00BF04660020002807DB67
S315080155A001234109034A00F01F00834042F82130D4
S315080155B0704700BF00E100E0054B421153F8223065
S315080155C000F01F0023FA00F0C04300F00100704705
S315080155D000E100E0002808DB01224309034900F045
S315080155E01F008240603341F82320704700E100E044
S315080155F013B50A4C23787BB900F05CF8684600F0CD
S3150801560051F8DDE900010222054B26F0DEFE08B954
S315080156100123237002B010BD1220FBE705660020A6
S31508015620104D002007B5009313460A460146034864
S3150801563026F018FB03B05DF804FB00BF104D0020EF
S3150801564013460A460146014826F0FBBB104D0020C9
S3150801565007B5009313460A460146034826F0FBFBA5
S3150801566003B05DF804FB00BF104D002013460A463F
S315080156700146014826F015BC104D002007B54FF02C
S31508015680FF3300920A460146024826F0C1FD03B0DF
S315080156905DF804FB104D00200146014826F0E7BDE0
S315080156A0104D0020024AD2E90021C0E900217047C5
S315080156B0384D00200349044B044A5B1A11605360B4
S315080156C0704700BF887D002000000820384D002063
S315080156D0BFF35F8F074B5A6A22F480325A62D3F8B6
S315080156E0942022F00102C3F89420BFF34F8FBFF331
S315080156F06F8F704700ED00E070B5FFF7E9FF234AA9
S31508015700234CD2F8C030234D23F0FF0343F0A00306
S31508015710AC422149C2F8C03028D025F01F03203BEE
S31508015720B3F1005F23D21D4B0A68184823F01F0303
S3150801573043F00303C0F89820C0F89C30184B013297
S31508015740C0F8A0300A60BFF35F8F05220F4BC3F87C
S3150801575094205A6A42F480325A62BFF34F8FBFF3DC
S315080157606F8FBFF34F8FBFF36F8F70BD0D4B0868F7
S315080157700D4EC2F8980043F001030130AC42C2F85D
S315080157809C60C2F8A0300860DDD0CCE700ED00E0EF
S3150801579060690020A0670020404D00207F69002035
S315080157A0E1FF072000000820030000202DE9F04151
S315080157B00E461146DFF8D480D8F80040FF2C8CBF7E
S315080157C01A270027FFF784FF1F292AD90021C206B5
S315080157D01CBF20F01F0020302B4DF30618BF26F002
S315080157E01F06CBB29C4231D8D5F8C03040F003042D
S315080157F023F47F4343F48073C5F8C03035F0E6FDE2
S31508015800D8F8003046F00306C5F89830C5F89C402C
S31508015810C5F8A06035F0D5FDD8F800300133C8F8D1
S315080158200030BFF35F8F0522174BC3F894205A6ADD
S3150801583042F480325A62BFF34F8FBFF36F8FBFF3C3
S315080158404F8FBFF36F8F3846BDE8F081C5F89830A2
S31508015850D5F89C30D5F8A02023F01F03984222F0F2
S315080158601F0201D196420BD0904201D89E4209D21D
S31508015870D5F89830013123F0FF03C5F89830B0E721
S315080158800027CEE72827CCE700ED00E0404D0020B1
S3150801589008B52AF004F9034B1868BDE8084034F046
S315080158A0A6BE00BF444D002030B5094D8BB001ACF2
S315080158B00FCD0FC40FCD0FC42B68002101AA0548CF
S315080158C0236034F035FE044B18600BB030BD00BFC1
S315080158D0CCDC040891580108444D002070B535F018
S315080158E075FD144E05463478FCB9134B1C60134BF1
S315080158F01C60134B1C6000F031F8012036F0C3F828
S3150801590034F00CFD0F4B0246186020B9284635F0D5
S3150801591058FD232070BD234640F2E7310A4804F0BA
S3150801592009FD0A4B186001233370284635F049FDF5
S315080159300020EFE708660020504D00204C4D00205E
S31508015940584D0020544D002018FCFFFF484D0020FB
S31508015950014B1868704700BF484D002010B5002458
S3150801596086B01422214601A88DF800402AF05CF978
S31508015970012313488DF8043035F0ECFEBFF34F8F41
S315080159806846FBF711FC204601A98DF80440FBF790
S315080159901DFC20460F2133F0B3FF0F21204633F0BB
S315080159A0B5FFFBF7E7FB33F08FFF064B53209C61EE
S315080159B0FFF710FE5320FFF7F1FD06B010BD00BF3B
S315080159C040DC040800C00A5010B5044633F0F2FE64
S315080159D00C4BA0F57A729A4212D84FF47A73B0FB3F
S315080159E0F3F05C43084BB3FBF0F3B4FBF3F0022886
S315080159F006D9BDE810400323B0FBF3F0F0F7C0BCAD
S31508015A0010BD00BFFFC99A3B40420F0073B5114D47
S31508015A1004462B78C3B100210F4B1E680F4B104863
S31508015A201A6800F083F82B78324683F001032B704D
S31508015A30002301930B4B214600934FF0FF300123BE
S31508015A4030F00DFE02B070BD074B1978074B1E6882
S31508015A50E4E700BF0C6600205C4D0020644D002081
S31508015A60804D00200D5A010809660020604D00206E
S31508015A70642A70B50D46144636D81C4E7270B3703A
S31508015A8030700BB102B158B919494FF0FF3030F0F7
S31508015A90F1FD2A460021174800F048F8012070BD9B
S31508015AA0642A07D112494FF0FF3030F0E3FD2A4648
S31508015AB03178F0E7104A11481160002210490A703E
S31508015AC014FB03F1C4F1640414FB03F409B20D4B8E
S31508015AD001EB810124B2016004EB840411460448F8
S31508015AE01C60FFF793FFD9E70020D8E70966002075
S31508015AF0684D0020804D0020644D0020604D002037
S31508015B000C6600205C4D0020014B1860704700BFF1
S31508015B10A84D0020014B1860704700BFA04D00201A
S31508015B20014B1860704700BFA44D00201FB50346FE
S31508015B300848006840B153B18DF8081001A90193CE
S31508015B40039226F0F2FD012005B05DF804FB184624
S31508015B50FAE700BFAC4D00200F4A10B59368906074
S31508015B60434003F4806413F4007311D00B4A1068A0
S31508015B7018B124B10A4A106800B910BD1BB1074B08
S31508015B801B68984714B1064B1B6898470120F4E730
S31508015B90002CEFD1FAE700BF944D00208C4D002070
S31508015BA0904D0020014B9868704700BF944D002026
S31508015BB040B1C268531C05D00123934019B1034A69
S31508015BC0C2F820347047024AFAE700BF00D00350F2
S31508015BD000E003500F4A104B117821B90F49096C9F
S31508015BE0198001211170B3F900201888002AB8BF5D
S31508015BF080F06200B3F9021042001A805A8800291F
S31508015C00BCBF82F4805282F00B0251005980504089
S31508015C10704700BF0E660020646200200080E00F16
S31508015C200D4B10B51A78AAB901240C481C70FFF758
S31508015C306BFF26F0C5FCF8F721F821464FF0FF3037
S31508015C4030F008FD0648FFF765FFBDE81040054836
S31508015C50FFF766BF10BD00BF0D660020F0DC040823
S31508015C6013C70308819A0108044B1A7E1044C0B26F
S31508015C7053F82020013243F820207047B04D002008
S31508015C80034B5B7E13B10420FFF7EEBF704700BFDD
S31508015C90B04D0020064B70B506460D461446002148
S31508015CA05822184629F0C0FFC0E90965C46270BDCB
S31508015CB0CC4D002070B51E465306154615D5114A1A
S31508015CC01479937814F0020404D054799C4234BFB1
S31508015CD00024012492799A4212D3002C0CBF012187
S31508015CE0032100220848FFF721FF084B1D4204D073
S31508015CF0002205481146FFF719FF2846314670BDAF
S31508015D000021EEE7CC4D00200C4E00200950010081
S31508015D1038B50C46C105054607D5FFF743FFC4F359
S31508015D20002340EA8320FFF717FFAA0508D5FFF7E6
S31508015D3039FF04F4007220F400701043FFF70CFFDA
S31508015D406B0506D5274BC4F38021DA7861F3000287
S31508015D50DA70280506D5234BC4F3C0211A7961F3F5
S31508015D6041021A71E90406D51E4BC4F300311A79AA
S31508015D7061F300021A71AA0406D51A4BC4F340311D
S31508015D80DA7861F30412DA706B0419D5154AC4F38B
S31508015D908031D37861F3C30313F00800D37018BFB9
S31508015DA013794FF000011EBF5B0003F0020343F0B5
S31508015DB08000D379127A5B0003F0FE03FFF758FEE1
S31508015DC0EBB213B1074B83F83240B5F5803F28BFD4
S31508015DD0044A4FF0010022BF138E03EB14431380CC
S31508015DE038BD00BFCC4D002070B5064626F0AFFC85
S31508015DF00D4D80F001010446C9B2686A30F014FFFE
S31508015E0086B17CB9686A11F09DFB052801D1FFF7B7
S31508015E1037FFAB6A9847BDE8704000220348114630
S31508015E20FFF784BE70BD00BFCC4D00200C4E00208C
S31508015E30084B10B55A6A044652B1820504D5D8787A
S31508015E4000F00100FFF7D0FFA30601D526F07AFC82
S31508015E5010BD00BFCC4D002037B50546104CC38890
S31508015E602386FFF7DDFEEA88AB884FF6FF701344F9
S31508015E702380AF23637142F2FF73E38014232372F5
S31508015E802968FFF745FF4FF40070FFF7D1FF40225D
S31508015E900023CDE90023606A30F07CFD03B030BDF4
S31508015EA0CC4D002007B5F7F7D7FF094B984200D02C
S31508015EB050B9002101A8F7F7A3FF28B94FF0FF3021
S31508015EC09DF8041030F0E8FC03B05DF804FB00BF50
S31508015ED0038000F038B508460C4630F0A0FE0346AC
S31508015EE020B994E80700024D85E80700184638BD31
S31508015EF0284E002070B5042915461C46049E01D972
S31508015F00212070BD02D130F05CFE01460B4B9A7A16
S31508015F108A42F5D918680C2303FB010115B1B1F9B9
S31508015F2004302B8014B1B1F9063023800EB9002054
S31508015F30E7E7B1F908303380F9E700BF284E0020BA
S31508015F402DE9F0432A48DDF81C80847A94424BD91E
S31508015F500C246243D0F800E01EEB020446D06089A7
S31508015F60002843D0B4F90450B4F906608D42B4F957
S31508015F7008701DDCB142A8BF3146002F36D000F1AA
S31508015F80FF3C1FFA8CFC07FB0C594C1B94FBF7F4DE
S31508015F904E45D8BF6046A4B2A04202D3B14218BF4B
S31508015FA020465EF802C05CF820200CEB800403E072
S31508015FB02946E2E7013880B218B154F804ED724572
S31508015FC0F8D0B1421EBF17FB00F1491909B299422F
S31508015FD003DD10B1013880B2E5E70020C8F80020DA
S31508015FE0A8F80410BDE8F0830E20FBE70220F9E7C4
S31508015FF0284E002008B506494FF0FF30FFF76AFF23
S31508016000BDE8084001214FF0FF3030F00ABE00BF5D
S3150801601030FC0408004870470080FFFF7FB5022264
S31508016020084B0949CDE901234FF04073CDE9031324
S31508016030052301A94FF0FF30059330F067FF07B03C
S315080160405DF804FB006A180000030400044B1B6892
S31508016050584043085B4240421843C017704700BF87
S31508016060344E0020054B01311B680132434022EAB8
S31508016070030208400243501E00B27047344E002006
S315080160802DE9F04F99B0CDE9021000211846019289
S31508016090059326F0D5FD002800F0E7814FF00109A8
S315080160A08E4B05991493019815ABADF83090ADF860
S315080160B03890CDF84090CDF84890139326F049FDD5
S315080160C001301ED1039B33B9029B9BB900231846A5
S315080160D019B0BDE8F08F0021039826F064FC00286A
S315080160E0F2D00024A046A2462746264600946FF021
S315080160F00F03D5E0DDE9011026F01FFC0028F0D1D9
S31508016100E4E7002501990BA80B95ADF8325026F066
S3150801611014FC0B9E0446BDF83270002840F09E819F
S315080161200D90ADF83A0005990DA826F006FCDDF8A4
S3150801613034A00546BDF83A80002840F09481019BB9
S315080161400F90D9880FA80231ADF83890ADF8309084
S3150801615026F05CFB044618B10F9B2C460093C6E754
S3150801616001460FA826F01FFC0F9B00930028BED1FD
S31508016170019B1190D98811A8023126F047FB119C81
S3150801618083460028B3D10DA826F075FC00F01F0040
S315080161901F2870D0C0F11F0319460BA8049326F0D7
S315080161A0B0FC0B9EBDF832700028A0D104990DA849
S315080161B026F0A7FCDDF834A0BDF83A80002896D170
S315080161C0C1463D46A7EB080B4FEA4B1319460DA8E6
S315080161D0CDF834A0ADF83A80079326F092FCDDF8A5
S315080161E034A0BDF83A80002881D1009B03EB8B0BC4
S315080161F00DA90BA80B96ADF83270CDF834A0ADF801
S315080162003A8026F0D5FC00283ADA09F1FF330799D6
S315080162100DA8069326F094FC09F1FF330AEB8303D4
S31508016220079309F18043023B0AEB830305F1FF3B20
S3150801623005F180450893013D009BA5EB090503EB94
S315080162408505069B9B454BD8039B73B118460FA939
S3150801625026F073FB00287FF44AAF019B059A9B88B9
S31508016260928813FB02F3039A9380029B002B40F05A
S31508016270D880002314E0C1463D46CDF810B0A1E709
S31508016280DBF800300BA90133CBF8003008460DAA1C
S3150801629026F0C5FD0B9E0346BDF832700028A7D02F
S315080162A00BA801930B96ADF8327026F0A1FA0DA84A
S315080162B0CDF834A0ADF83A8026F09AFA009B0FA8DB
S315080162C00F9326F095FA11A8119426F091FA0C214C
S315080162D015A801F03DFE019BF9E600BF0100030088
S315080162E0079B56F82B101A684FEA8B09A9F1040087
S315080162F03318914209934AD20023305804F01AF808
S31508016300002914BF4FF0FF330346BBF1010F2B6081
S315080163100EBF0023B14459F8083C1593099B1B6825
S31508016320169306EB8B031B6817932B6801332B60B7
S315080163302B680021013B2B6011A8119426F033FB31
S31508016340119C00287FF4D3AE069B1BB3089B1B68E0
S315080163502360079B11A91B68084663602A6826F013
S31508016360FFFD119C00287FF4C2AE13A911A826F0DF
S315080163701FFC0028DCDC2A680DA911A8CDF834A079
S31508016380ADF83A8026F0ECFD30B1119CAFE64FF03E
S31508016390FF33BAE7069BDBE76FF00709009B11A8F5
S315080163A009FB03F909EBC509494626F0AAFB119C25
S315080163B000287FF49CAE0BA9084611AA0B96ADF8E6
S315080163C0327026F02CFD0B9E0346BDF8327000286C
S315080163D07FF466AF01460BA826F032FC00281CDACA
S315080163E00DA911A826F0A9FA0028CED1494611A867
S315080163F026F087FB119C00287FF479AE0BA9084685
S3150801640011AA26F009FD0B9E0346BDF83270002835
S315080164107FF446AF2B68013B2B600BF1FF3B043D34
S315080164200FE704990BA80B96ADF8327026F088FB96
S31508016430019B0BA99B880298ADF8303026F07DFAAE
S31508016440014600287FF453AE029826F0F9FB00288E
S315080164507FF40FAF0123029A93800AE72C46A846D8
S31508016460AA46009543E6009441E66FF00B032EE633
S31508016470044B1B68584043085B4240421843C01707
S31508016480704700BF344E002010B50B4C22682368B4
S315080164904240594081EA0200C00FFFF7E9FF23682D
S315080164A0521A434022EA030208401043C00FBDE8CE
S315080164B01040FFF7DDBF00BF344E0020F8B50D468A
S315080164C0014628681746FFF7DFFF0124C143074B3A
S315080164D01E68BC4202D346EA0100F8BD55F82400FD
S315080164E0FFF7C6FF01340643F3E700BF344E002029
S315080164F02DE9F04707460F4B88461E6819681D683F
S31508016500541E631C02D13046BDE8F08758F824A012
S3150801651057F8249050464946FFF7B6FF51460543BA
S315080165204846FFF7B1FF20EA05031E430543013C30
S31508016530E7E700BF344E00208842F0B504D00025B5
S31508016540084F0438AA4200D1F0BD3E6850F8044FFE
S315080165505E4024EA060451F8256001351E4034439D
S315080165600460EFE7344E00208842F0B505D00D4EA1
S31508016570043900EB8202904200D1F0BD3468056807
S3150801658051F8047F5C4025EA04041F403C4340F867
S31508016590044B37680C685F4024EA07041D402C4306
S315080165A00C60E8E7344E00202DE9F04F1C4685B013
S315080165B0DFF884900391064621461046D9F8003043
S315080165C0D9F8003026F08EFFC51D282D904634BF18
S315080165D04FF0FA0A4FF01E0AEB0825F00705029359
S315080165E02D1A0F9B2146009330460E9B029A27F0DF
S315080165F0CCF90746C0B92A462146304627F042F863
S31508016600BAF1010A14D0224631460398FFF756FF1C
S315080166102246834641463046FFF76AFFD9F80020ED
S315080166200BEA00039A42DCD0384605B0BDE8F08F84
S315080166306FF00D07F8E700BF344E00200239C9B2E2
S31508016640042938B504460BD90023037000232278A0
S315080166506370012A13D104F1080024F099FC0CE0B7
S31508016660084B5D5C012D0570F0D14FF410500649B9
S3150801667001F01AFF0028E9D06570002038BD0348EB
S315080166802370FBE7DCFC040800444004009FFFFF7D
S31508016690F0B543780546012B0E461446077887B0B0
S315080166A02FD11422002101A829F0BEFA012F14BF07
S315080166B000234FF410534FF6F872ADF800304FF639
S315080166C0FF73944298BF2346ADF802304FF48073A6
S315080166D0114A3146CDE90232E21D68462B1DD20820
S315080166E001F09AFF044640B104220C4B0C4929F0EB
S315080166F03BF90446204607B0F0BD684628F0EEFD92
S31508016700F8E7012F05D1083007B0BDE8F04024F0BD
S3150801671049BC044CEEE700BF004440042FF90308C6
S315080167207AFF0408809CFFFF10B543780C46012BBD
S3150801673086B014D105AB02931023CDE900230A468E
S3150801674040680D4901F0E0FF034628B10B4B0422CE
S315080167500B4929F009F90346184606B010BD017818
S31508016760012907D113462246083006B0BDE8104074
S31508016770FCF79CBF034BEFE7004440042FF90308DD
S315080167807AFF0408809CFFFF18B112B1002011603E
S3150801679070470148704700BF009FFFFFF0B50446E8
S315080167A00B4B0C4E586800B9F0BDC579C5F3840585
S315080167B056F825502D78A54208D1457905F00F07D9
S315080167C0B1EB871F02D1B2EB151FEDD00833E9E70C
S315080167D0F4FC0408E4FC040838B5044638B390F818
S315080167E04430012B11D1C56B4DB12B7A012B02D146
S315080167F0686801F0C7FE0C21284627F045FF2046A8
S31508016800BDE83840482101F0A3BB006C10B15C21FA
S3150801681027F03AFFE06B0028F1D02368044ADB79B8
S31508016820C3F3840352F823309B699847E7E738BDD9
S31508016830E4FC040838B505460C46A9B148220021EE
S3150801684029F0F2F9E379094AC3F3840352F82330AC
S315080168505B6913B900202C6038BD9847E8630028A6
S31508016860F8D1A0F5C340F7E70148F5E7E4FC0408C9
S31508016870009FFFFF2DE9F0431E46DBB2012B0446BC
S315080168808846154687B06ED8D0F80090B9F1000F42
S3150801689069D090F84430012B39D1C76B18220021F1
S315080168A0684629F0C1F96B075DD13B7A002B5AD1AD
S315080168B099F80620102A08D80D2A08D8023A052A76
S315080168C005D92A4807B0BDE8F083263AF7E74FF419
S315080168D01053ADF800304FF4407302933B4653F81A
S315080168E0042B41460392EA1D6846D20801F094FE3C
S315080168F010F1860FE5D028B18D301D4818BF6FF00D
S315080169006F00DFE701233B7265602672DAE799F8C3
S31508016910073003F00303012B06D899F8053003F075
S315080169200F03B2EB831F1ED1267299F80730114A5D
S31508016930C3F38403012EE06B52F82320656009D066
S3150801694099F8053003F0F001302903D003F0E0038C
S31508016950402B06D1D3682A46414607B0BDE8F04325
S3150801696018471369F7E70448ACE700BF809FFFFFA4
S31508016970809EFFFFE4FC0408009FFFFF03682DE9E2
S31508016980F04104460F46154613B91E48BDE8F08185
S3150801699090F84420012A33D0102D31D8DA79D2075C
S315080169A020D41A795209B5EB820F4FEA8206ECD345
S315080169B05B7903F0F003902B18D10023E06B1A469C
S315080169C0194627F011F90028E0D194F908305BB18E
S315080169D0012BDAD103212B463A46E06BBDE8F0419B
S315080169E027F0CDB82E46E3E70221F4E736B1324661
S315080169F0394604F1280029F034F9A6630020C5E7D1
S31508016A000148C3E7009FFFFF809FFFFF2DE9F04F75
S31508016A10076885B00446884615469A46DDF83890D3
S31508016A201FB9614805B0BDE8F08F90F84400012808
S31508016A3001D15E48F6E700203E79C9F8000016F054
S31508016A401F0600F0AD80787900F0F000102814D107
S31508016A50B24240F0A780C9F80020FA795449C2F336
S31508016A60840251F82220E06B55684246AC4694F9F7
S31508016A70081005B0BDE8F04F6047902805D1CDE96B
S31508016A800029E06B27F03CF9CCE7994208D1636A03
S31508016A90002BC6D1B2FBF6F306FB1323002BC0D19C
S31508016AA02028C6D1626A94F9083003928BB9039BF0
S31508016AB0E268F31A8AB1AB4211D303982A46143015
S31508016AC04146204429F0CDF8636A2B4463620020CD
S31508016AD0A8E7012B03D1039BF31AAB42EDD8039B1D
S31508016AE04BB3A6EB030B03F114005A464146204467
S31508016AF029F0B7F8234653F8142B2D49D279CDE955
S31508016B00003AC2F3840251F82220E06B936894F9A3
S31508016B1008101F46324604F12803B847002881D1D8
S31508016B20D9F80030039F33442F44C9F80030B244E2
S31508016B306062D844BD1B002DC9D0B5FBF6F706FB2C
S31508016B40175737B994F908301BB9E368002B18BFF2
S31508016B503746ED1B3A4608EB050104F1140029F006
S31508016B6080F8636A3B446362002DB0D02368104AFB
S31508016B70DB79CDE9008AC3F3840352F8233094F90B
S31508016B8008109E682A46E06B04F12803B0470028DE
S31508016B907FF448AFD9F800302B44C9F8003041E7F3
S31508016BA004483FE704483DE7009FFFFF809FFFFF3A
S31508016BB0E4FC0408809CFFFF809DFFFFF7B507688A
S31508016BC004460E46154617B93A4803B0F0BD90F883
S31508016BD04430012B01D13848F7E7002313607A794D
S31508016BE002F0F003202B0CD10269002AECD0BA7905
S31508016BF04C3A012A13D9102B13D1636A7BB12F485A
S31508016C00E3E702F0B001302909D002F0E002402A98
S31508016C1005D0602B03D0902B01D0A02BE7D1002003
S31508016C20D3E7202BD7D194F90830626A012B32D1E8
S31508016C30E36813B9002AF2D0E1E7A16B04F1140065
S31508016C4011B93979490989009847234653F8281B08
S31508016C501B480A79C9790196C1F3840150F82110B4
S31508016C6004F1140000908F68E06B94F9081002F0A3
S31508016C701F02B8470028A8D194F9083021689BB9A2
S31508016C80236911B1097901F01F012A46304603B07B
S31508016C90BDE8F04018473B7903F01F039A42D4D068
S31508016CA0E368002BC6D0AAE711B1097901F01F01E3
S31508016CB02960B4E7009FFFFF809FFFFF809DFFFFCC
S31508016CC0E4FC040803689BB15B7903F0F003202B0D
S31508016CD00ED190F84430012B03D104290AD10020A2
S31508016CE07047042906D10023C360034B0361F6E705
S31508016CF0024870470248704789670108009FFFFFED
S31508016D00809FFFFF002370B50370012304460D46DB
S31508016D10061D83704170304627F005FC04F16400B6
S31508016D2025F061FD04F16C0027F0EFFB04F1840006
S31508016D3027F0EBFB04F19C0025F055FD294630466A
S31508016D4001F06EF8024B002818BF184670BD00BF47
S31508016D5080B1FFFF012A70B504460D46164601D9D2
S31508016D60134870BD437809787BB9FFF7CBFFE8B9BB
S31508016D70A378012BF4D1012E05F1680108D104F19C
S31508016D808400BDE8704027F041BC9942F0D0E7E79E
S31508016D9004F16C0027F03AFC0028E2D105F1600104
S31508016DA004F16400BDE8704025F0C7BD0148D8E785
S31508016DB080B0FFFF80B1FFFF2DE9F7430F468178C9
S31508016DC0164601299946DDE90A32044603D01B48CD
S31508016DD003B0BDE8F083016C00F104080029F6D080
S31508016DE000F19C05CDE90032294600F1640300F162
S31508016DF084024046FCF7A4FB0028E9D1284625F081
S31508016E003EFE8145E3D3226C404612F0070318BFC4
S31508016E10012303EBD2033B6027F06EFB02283146C0
S31508016E2028463A6804D103B0BDE8F04325F05DBEB3
S31508016E3003B0BDE8F04325F05EBE00BF80B0FFFF9A
S31508016E4070B50C460646114620461A4626F01BF82A
S31508016E500546A0B9B36C33B921462046321DBDE8B3
S31508016E60704026F0AFB8B4F90430002B09DB204690
S31508016E7025F001FEF36BB0EB430F09D9184D2846EF
S31508016E8070BD0146204625F0DBFE0028EFD0F5E768
S31508016E902046B36C984705460028F0D10436B4F964
S31508016EA00430002B04DA0021204625F0C9FE68B912
S31508016EB03146204625F07CFE0028E0DB3246214695
S31508016EC0204625F022FF0028F2D006E03246214668
S31508016ED0204625F0A1FF0028E1D00546CFE700BFEF
S31508016EE080B0FFFFF0B514461F46064685B002A8D6
S31508016EF00D4625F078FC234602210097321D02A88B
S31508016F0026F028F9044678B92A462946304602ABBE
S31508016F10FFF796FF044638B905F1100211463046C7
S31508016F2002ABFFF78DFF044602A825F061FC034872
S31508016F3014F10E0F18BF204605B0F0BD00B3FFFFD0
S31508016F40F0B514461F46054685B002A80E4625F03B
S31508016F504AFC2346022100972A1D02A826F0FAF8C0
S31508016F60044648BB06F110021146284602ABFFF754
S31508016F7067FF044600BB06F108073A463946284624
S31508016F8002ABFFF75DFF0446B0B902AB1A461946D4
S31508016F902846FFF755FF044670B93246314628465A
S31508016FA002ABFFF74DFF044630B93A463946284643
S31508016FB002ABFFF745FF044602A825F019FC034872
S31508016FC014F10E0F18BF204605B0F0BD00B3FFFF40
S31508016FD02DE9F14F9A461B6904460E4691460A9DCC
S31508016FE01BB9724801B0BDE8F08F02F11007002104
S31508016FF0384625F025FE30B95146304601B0BDE880
S31508017000F04F27F003BB0AF110080021404625F08E
S3150801701017FE08B94946F0E70121404625F010FE5A
S315080170200028DED13B463A4629462046FFF708FFA7
S315080170300028D7D105F108083B462A46414620468D
S31508017040FFF7FEFE0028CDD153462A46294620469B
S31508017050FFF7F6FE0028C5D14246414620460AF109
S315080170600803FFF7EDFE0028BCD14B462A46294600
S31508017070204627F0AEF80028B4D109F1080B5B4683
S3150801708042464146204627F0A4F80028AAD1002105
S31508017090284625F0D5FD014690B9404625F0D0FD94
S315080170A040B92B464A463146204601B0BDE8F04F65
S315080170B027F01CB9304601B0BDE8F04F27F0BCBA3D
S315080170C02B463A46204606F11001FFF7B9FE00287D
S315080170D088D105F110072B462A4639462046FFF77F
S315080170E0AFFE00287FF47EAF05F1180A2B463A4613
S315080170F051462046FFF7A4FE00287FF473AF4B469E
S315080171003A4639462046FFF79BFE00287FF46AAFC8
S315080171103946284625F011FC00287FF463AF294635
S31508017120204627F0D4F800287FF45CAF4346424650
S3150801713031462046FFF784FE00287FF453AF2B46DD
S3150801714032463146204627F044F800287FF44AAFF4
S31508017150534632463146204627F03BF800287FF44D
S3150801716041AF33463A463946204627F032F80028D9
S315080171707FF438AF43463A4639462046FFF760FE64
S3150801718000287FF42FAF5B46524651462046FFF74B
S3150801719057FE00287FF426AF53463A46204606F1A5
S315080171A0080101B0BDE8F04F27F013B880B0FFFF22
S315080171B02DE9F84F012A8346DDE90A690F46924609
S315080171C098465CD8043025F05AFC0546584627F0FF
S315080171D093F9022823D14D45C8F8005003D9294C03
S315080171E02046BDE8F88F2A463146384625F07DFC0B
S315080171F004460028F4D1584627F07EF9012883462B
S31508017200EED1002107F1100025F01AFD044640B918
S31508017210B9F1000FE3D03070C8F800B0E0E71A4CB6
S31508017220E9E7BAF1000F19D16B0001334B45C8F8EC
S315080172300030D4D8314604232A46384601F8013BA2
S3150801724025F059FC04460028CAD12A46691C31444E
S3150801725007F10800BDE8F84F25F04DBC6B1C4B45FE
S31508017260C8F80030BBD8002107F1080025F0B7FBA4
S315080172703146023001F8010B2A463846EAE7034C43
S31508017280AEE700BF00B1FFFF80B1FFFF80B0FFFF8F
S315080172902DE9F04781460D4617461E461BB9334C64
S315080172A02046BDE8F087043025F0E9FB80464846CC
S315080172B027F022F9022832D14645F0D1324639461D
S315080172C0284625F0E2FB04460028E9D105F1080025
S315080172D025F08EFA99F80030092B16D0012105F10F
S315080172E0100025F060FB04460028D9D1484627F04E
S315080172F003F901288246D3D13B7893B9012ECED121
S315080173002846BDE8F04727F097B9F10022462846F6
S31508017310013925F074FB04460028DFD0C0E7144C78
S31508017320E4E708F10109B145B9D842462846791C6E
S3150801733025F0C3FB04460028B2D1514605F11000D9
S3150801734025F031FB04460028AAD13B78042BA6D1A7
S315080173504FEA48030133B342A1D1424607EB09017B
S3150801736005F10800BDE8F04725F0A7BB80B0FFFF8F
S3150801737080B1FFFF2DE9FF410E460546012106F1C1
S31508017380100025F05DFC044620B1694C204604B086
S31508017390BDE8F081284627F0AFF8022850D13046DB
S315080173A025F06DFB2B6C0733B0EBD30FEDD82146D7
S315080173B0304625F045FC0028E7DB02A82F7825F0A2
S315080173C012FA314602A825F0B8FA0446B0B90435CE
S315080173D0294602A825F0ECFB002807DA012102A8B4
S315080173E025F02EFC00280DDC514C07E002A92A469F
S315080173F0084625F014FD04460028E9D002A825F020
S31508017400F7F9C3E7092F0ED002A90122084625F08C
S315080174100AFD04460028F1D1294602A825F0C8FB31
S315080174200028EBD1E0E7434902A825F0C1FB002873
S31508017430DAD0414902A825F0BBFB0028E4D1D3E7FD
S31508017440012872D12146304625F0FAFB00289CDB3B
S3150801745006F108082146404625F0F2FB002894DB90
S315080174602F1D3946304625F0A3FB00288DDA39460B
S31508017470404625F09DFB002887DA684625F0B3F9D2
S3150801748002A825F0B0F94346424669462846FFF761
S31508017490D7FC0446002844D133463246284602A979
S315080174A0FFF7CEFC044600283BD1EB687BBB02A95B
S315080174B00322084625F0CFFC044690BBBDF90C30E3
S315080174C0002B04DA002102A825F0BAFBC8B902AAE2
S315080174D0334611462846FFF7B3FC044608BB02AA01
S315080174E01146284605F1140326F057FE0446C0B98D
S315080174F0684602A925F05CFB0D4B041E18BF1C4605
S315080175000FE002A93A46084625F086FCD4E702AA06
S315080175101146284605F10C0326F03FFE04460028CD
S31508017520D5D0684625F064F968E7044C2EE700BF14
S3150801753080B3FFFF48FE040840FE040880B0FFFF41
S3150801754070B5064626F0D8FF02280C4605461DD119
S315080175500021204625F043FA08B1154870BD0121DE
S31508017560204625F03CFA0028F7D1204625F083FA73
S31508017570336C5A1C9042F0D1FE2B05D12946204680
S3150801758025F02DFA0028E8D10020E7E701280DD1DA
S315080175900146204625F054FB0028DEDB204606F18D
S315080175A0340125F005FB0028EEDBD6E70148D5E7CF
S315080175B080B3FFFF80B0FFFF2DE9F04F0E46B7B04D
S315080175C0114605469B460392FFF7BAFF0446C8B91A
S315080175D059462846FFF7CEFE044698B9284626F0AE
S315080175E08BFF022840F0AA810DA826F08EFF07A876
S315080175F025F0F9F8042115A826F051FD409B2BB971
S31508017600A4F59F44204637B0BDE8F08F594607A830
S3150801761025F093F90446002855D159460DA826F0B8
S31508017620F5FF044600284ED10121304625F0BBF965
S315080176300446002847D106F110070146384625F0C9
S31508017640B2F9044600283ED106F1080025F0D0F823
S3150801765005F1040A51460DA825F0AAFA00282ADAE6
S315080176602846DDE940230DA9FFF73CFC044650BB3B
S31508017670D5F84090B9F1FF3F40F081803146DDE908
S3150801768040232846FFF72EFC0446E0B95246394600
S31508017690384625F080FD0446A8B93B4632463146B0
S315080176A02846FFF7CDFB044668B90121384625F07F
S315080176B07AF9044607E00DA95246084625F025FB46
S315080176C004460028C6D00DA826F0B5FD07A825F062
S315080176D08FF8042115A826F0EDFC002C92D1284636
S315080176E026F00AFF012804908CD12B6C182101334E
S315080176F002204FEA530824F0CAFB0746002800F087
S31508017700478207F1180A26F000FF0DF15409504681
S3150801771026F0FBFE0421484626F0C1FC59463846A8
S3150801772026F074FF0446002840F01D818346D8459B
S3150801773040F006815146284626F0C7FC0446002833
S3150801774040F0118153463A4651462846CDF80090F5
S31508017750FFF73EFC0446002840F0058151462846BD
S3150801776026F0B3FC0446002840F0FD8007F110001E
S3150801777025F03EF807F1280025F03AF8F3E04946E6
S31508017780039825F02CF95FFA80F8424630460DA990
S3150801779025F089F80446002895D14246384611A9AC
S315080177A025F081F8044600288DD13B463246284605
S315080177B015A926F0F2FC0446002884D13B46324638
S315080177C0284617A926F005FD044600287FF47BAF55
S315080177D0284611AB0DAA19A926F0DFFC0446002894
S315080177E07FF471AF284611AB0DAA1BA926F0F1FC4F
S315080177F0044600287FF467AF1BAA1146284615AB35
S31508017800FFF71EFB044600287FF45DAF19AA11464F
S31508017810284617ABFFF714FB044600287FF453AF3D
S3150801782015AB1A4619462846FFF70AFB04460028EF
S315080178307FF449AF17AB1A4619462846FFF700FBEE
S31508017840044600287FF43FAF3146284617AB15AAF0
S31508017850FFF7F6FA044600287FF435AF15AA114654
S31508017860284617AB26F0B5FC044600287FF42BAF53
S315080178703946284615AB05F10C02FFF7E1FA04462D
S3150801788000287FF420AF3B463946284617AA26F03A
S3150801789084FC044600287FF416AF284619AB1BAAB8
S315080178A00DA926F07AFC044600287FF40CAF0DAB2F
S315080178B01A4619462846FFF7C3FA044600287FF4F4
S315080178C002AF284619AB1BAA11A926F082FC044669
S315080178D000287FF4F8AE11AB1A4619462846FFF779
S315080178E0AFFA044600287FF4EEAE11AB19462846D6
S315080178F007AAFFF7A5FA044600287FF4E4AE3B463B
S315080179003946284615AAFFF79BFA044600287FF44C
S31508017910DAAE424630460DA924F0C5FF04460028D2
S315080179207FF4D1AE4246384611A924F0BCFF09F1CD
S31508017930FF39044600283FF49DAEC4E6954CCEE6D1
S31508017940BBFBF8F3049A02FA03F1182208FB13B3F6
S31508017950C9B202FB017283B34B461146284626F08B
S31508017960C5FC0446B0B30421484626F0A3FB7CB9FE
S3150801797007A824F038FF05F1340B0DA824F033FFCE
S315080179802146584625F02BF8012826D0A4F59F4410
S31508017990AB6D9F420AD04FB1384626F0F3FD07F189
S315080179A0180026F0EFFD384634F004F8002C3FF4B1
S315080179B029AE304626F0E6FD24E618234908104686
S315080179C003FB0171059226F021FE059A044600285B
S315080179D0C2D0C8E70BF1010BA9E62146039824F0AA
S315080179E0FEFF0399B0FA80FA07A824F0A6FF4FEA2A
S315080179F05A1A0446002854D15946039A0DA825F067
S31508017A000EFA044600284CD152460DA907A824F0BF
S31508017A1021FF0446002844D1014608F101024846DF
S31508017A2028F002F9A3464A46D845039264D0594636
S31508017A3007A824F0D4FF039A08EB0B0113780492E4
S31508017A400343DBB207A8039324F0C9FF039B049AF7
S31508017A5043EA400302F8013B0BF1010BE4E799F80D
S31508017A60013099F800E083EA02010393CB4303F05E
S31508017A700100049043F3000303980EEA0303104040
S31508017A8001EA0302594009F8011F19F8013C049952
S31508017A90024343EAC11309F8013C0CF1010CE34521
S31508017AA0DDD20DF13409484624F0A2FE07A824F0D8
S31508017AB09FFE002C7FF46CAF07A826F026FD042153
S31508017AC0484626F0ECFA08F1D8036B443A463146A3
S31508017AD0284613F8843C26F0BCFB044680BB409B31
S31508017AE0002B48D0DDE9402331462846FFF728FA1E
S31508017AF0002840D0044623E000224FF0010CCEE7CF
S31508017B004B4632463146284608F1FF3826F0EEFB49
S31508017B100028EFD13A4628461BF8083007A926F06F
S31508017B2098FB0028E6D1324631462846CDF8009022
S31508017B3007ABFFF74DFA0028DCD1B8F1000FDFD10A
S31508017B4007A826F078FB04210DA826F0B3FA002C25
S31508017B507FF41EAF52463146284626F0FAFA044605
S31508017B6000287FF415AF409B43B93146284626F0D5
S31508017B70ACFA04460CE70DF1540BDEE73146DDE9B4
S31508017B8040232846FFF7DCF904460028EDD0FFE636
S31508017B90014CFDE680B0FFFF80B2FFFF30B4DDE99E
S31508017BA0024524B1CDE9024530BCFFF705BD0148C0
S31508017BB030BC704780B0FFFFF7B506460C4619463C
S31508017BC026F09AFC022805462DD1366C0B46F70895
S31508017BD001373946204625F0A2FA024698BBC6EB7C
S31508017BE0C7012046013924F0ABFF024658BB0122E2
S31508017BF03146204624F003FF024620BB01462046B3
S31508017C0024F0FDFE0246F0B90121204624F0F7FED4
S31508017C100246C0B9FE2E16D12946204603B0BDE854
S31508017C20F04024F0ECBE012810D11346009106F16C
S31508017C3034020146204625F08DFA054B10F10E0F48
S31508017C4014BF02461A46104603B0F0BD014AFAE7C8
S31508017C5000B3FFFF80B0FFFF2DE9F7430C468046CE
S31508017C600146204617461E4600F0DAF80546002862
S31508017C7079D1204626F040FC0228814654D1B8F134
S31508017C80090F30D1202E70D104F1600832463946E9
S31508017C90404624F0FAFE0246F0B90146404624F071
S31508017CA0AEFE0246C0B90121404624F0A8FE0246AE
S31508017CB090B94946404624F0A2FE024660B9FF2122
S31508017CC0404624F09CFE024630B90122FE21404678
S31508017CD024F095FE024640B304F16000019224F0B7
S31508017CE087FD019A37E0B8F10D0F1DD1382E3CD129
S31508017CF004F1600832463946404624F0C6FE02467B
S31508017D000028E9D10146404624F079FE02460028BA
S31508017D10E2D10121404624F072FE02460028DBD159
S31508017D20012240F2BF11D2E7114D204626F0E4FBAD
S31508017D30012804F1600812D132463946404624F03A
S31508017D40BCFE02460028C7D141462046FFF7F8FB8C
S31508017D5002460028C0D1104603B0BDE8F083002DC5
S31508017D60F2D0034AB8E70246F5E7024AF3E700BF4D
S31508017D7080B1FFFF80B3FFFF70B5066C0D4607366D
S31508017D80B3EBD60F114604464FEAD60203D20023B7
S31508017D900E482B6070BDB0F866302A608BB126F0AC
S31508017DA0ABFB022805D104F16000BDE8704024F060
S31508017DB09CBE012807D104F16000BDE8704024F09B
S31508017DC09ABE0348E6E76FF06D00E3E700B1FFFFEF
S31508017DD080B0FFFFF0B5C4880546082C8BB017D9CB
S31508017DE0083C082C17D80668A70020363A463146BB
S31508017DF002A827F036FF3A460021304627F014FF3D
S31508017E002623009309212346286802AA25F0DBFCCC
S31508017E1000200BB0F0BD0148FBE700BF80B0FFFFB3
S31508017E20F8B505460E4626F0B1FB284626F07BFB3B
S31508017E30032E2E7005D0092E29D00023394C2B701C
S31508017E4023E0394B394AAB60AB61AB632B62AB625A
S31508017E50374B6A606B624FF00113364A2B636A61CE
S31508017E60354A364B6A63364AEB62EA61281D24F0C5
S31508017E7002FEE86305F1340024F0FDFD01236B647D
S31508017E800023C5E91633286400242046F8BD2D4B86
S31508017E902D49AB6405F10C0024F085FD0446E0BBD1
S31508017EA02F1D0121384624F07EFD0446A8BBFF217B
S31508017EB0384624F026FE044678BB1322394638464E
S31508017EC024F0C9FF044640BB384624F0D4FD05F129
S31508017ED03407E863102238461C4924F0EEFD0446AF
S31508017EE0D8B90122FC21384624F089FD0446A0B9F7
S31508017EF0314605F11C0024F056FD044668B90121F6
S31508017F0005F12C0024F04FFD044630B905F1240093
S31508017F1024F06EFCFE232B64B6E7284626F036FBD2
S31508017F20B3E700BF80B1FFFF0100080020FF040886
S31508017F30C0FE040800FF0408A0FE040840FF040868
S31508017F40E0FE0408D57D010842DB010090FE040825
S31508017F5010B50A46044619B1024B00211B68984719
S31508017F6010BD00BF44FF0408F8B50D4E0D4C0E4D6B
S31508017F7033680E48984767782B680C4898473368E2
S31508017F800B489847022F08D12478E31F5C425C41CD
S31508017F902B68074898472046F8BD0024F8E700BF34
S31508017FA03C7C0020384E0020387C0020984E00206A
S31508017FB0FC4E00200E4B0340B3F1607F06D1B1F5AC
S31508017FC0885F0CBF00206FF086007047B3F1707FA1
S31508017FD00BD101F4E043B3F5005F06D111F4E06F6C
S31508017FE014BF00206FF0860070476FF08600704757
S31508017FF00000C07F8A42F8B506460D4600F0CD80DE
S315080180006A4B22F4FF7121F00101994210D06849A7
S3150801801022F0FF038B420BD022F47F7020F003007D
S31508018020A1F57061884203D001F5A0618B4227D181
S315080180305E4B25F4FF7121F00101994210D05C498C
S3150801804025F0FF038B420BD025F47F7020F0030047
S31508018050A1F57061884203D001F5A0618B420FD169
S3150801806015F0FF000BD0534B40F00070984240F0DA
S31508018070968082EA0500FF288CBF00200120F8BD02
S3150801808005F0FE43B3F1A06F11D102F0FE43B3F13F
S31508018090A06F72D182EA050333F47E136DD12804E9
S315080180A06BD5C5F30540C2F305429042E4E7B3F147
S315080180B0407F62D102F0FE43B3F1407F5DD182EA8F
S315080180C0050030F47E1458D131462846FFF772FF71
S315080180D0002864D1384912F47C1701EA020116D046
S315080180E0B1F1607FC2F3054336D1D1B241F00071D7
S315080180F001F17E410339102901D83048445C15F451
S315080181007C1F2FD19C4214BF00200120B7E7B1F193
S31508018110607F0AD1D3B243F0007303F17E43033B78
S31508018120102B40D82649CB5CDFE7B1F1707F17D118
S3150801813006F4E043B3F5005F33D10123C6F3022108
S315080181408B4006F4E041B1F5005FD8D10120C6F3B2
S31508018150022600FA06F4D2E7B1F1707FCFD1F0E733
S315080181603B46CCE71FB9C5F30541A14215D0290401
S3150801817003D5C5F3054098427EE725F47F03B3F19D
S31508018180106F0CD102F0FE43B3F1106F07D10D4801
S31508018190104040F01060A842B5E701206FE70020C3
S315080181A06DE73B46CDE73B469FE700BF0002000669
S315080181B000130006FF0000020000C07F48FF040804
S315080181C048FF04080000FFF60B4B20F47E10984286
S315080181D006D10739072934BF00206FF0860070479A
S315080181E0064B984205D1002914BF00206FF086007E
S315080181F070476FF085007047000140050002400591
S3150801820000F0FE43B3F1A06F2AD1174B20F4FF7299
S3150801821022F001029A4210D0144A20F0FF03934239
S315080182200BD020F47F7121F00301A2F5706291420F
S3150801823003D002F5A06293420BD110F0FF0011D0D2
S315080182400B4B40F0007098420CBF6FF0860000207F
S31508018250704710F4004F14BF6FF086000020704776
S315080182606FF08600704700BF000200060013000683
S31508018270FF00000237B505460C46FFF775FE78B1D3
S315080182800023224601932946074801AB22F011FF34
S3150801829020B9019BA34218BF6FF0930003B030BD0C
S315080182A06FF08800FAE700BF3C4E00202DE9F8433D
S315080182B0884617461C4601F08FFA0546002844D120
S315080182C0D8F80060B6F8009009F4E043B3F5804F9A
S315080182D0B36808BF27F0010737EA03032DD1A4B312
S315080182E0244B24F4FF7222F001029A4210D0224A4A
S315080182F024F0FF0393420BD024F47F7121F003018C
S31508018300A2F57062914203D002F5A06293421FD191
S3150801831014F0FF0304D0194A43F0007393421ED0A8
S3150801832022464846F168FFF765FE074668B92246C0
S3150801833048463169FFF75EFED0B96FF08405002320
S315080183403046C8F8003001F0BFFA2846BDE8F88380
S3150801835004F0FE43B3F1407F04D12304E0D56FF066
S315080183608605ECE7B3F1A06FF7D0044B9C42D6E73C
S315080183703D46EAE70002000600130006FF00000278
S31508018380154B70B51B68054614480E46984718B133
S315080183906FF08F04204670BD2B794BB96B690024A9
S315080183A033602B7E012B14D034606FF0960407E0FE
S315080183B02846D5E9081227F016FA04460028EDD012
S315080183C0074B06481B6898470028E3D0002CE1D1E3
S315080183D0DEE702232B76F3E73C7C0020604F002082
S315080183E0387C002000232DE9F3414768D0F8148032
S315080183F005460E4638461146136027F0C5F9044668
S3150801840088B9384627F0C2F9044660B9FFB277B988
S31508018410B8F1000F05D1AB6823F47F4323F00303BA
S3150801842063B16FF08604204602B0BDE8F0810146CB
S31508018430686927F083F90028EDD1F2E74FF6F8735A
S315080184406A889A4227D8154B15481B682F79984789
S3150801845010B16FF08F04E6E707B901A8314601F0BC
S3150801846071F9104B04461B680D48984710B1002C4A
S31508018470D9D1EEE7002CD6D10FCDD6F800C0664685
S315080184800FC695E8030086E80300002FCBD1019BB0
S31508018490CCF81430C7E76FF08504C4E73C7C0020AC
S315080184A0604F0020387C0020074B10B51B68074831
S315080184B09847074B05481C78064B04F001041B68CE
S315080184C09847204610BD00BF3C7C0020FC4E00208A
S315080184D0384E0020387C00202DE9F04F446885B0DD
S315080184E0240A012C8046DDE90E56894692469B46AA
S315080184F0109F20D0DFF858C0644514D01CBBCDE9C5
S315080185000167009523F06CF910F1860F1DD15B46C2
S31508018510524649464046CDE90F670E9505B0BDE876
S31508018520F04F26F063BACDE90F670E9505B0BDE8A1
S31508018530F04F23F055B9CDE90F670E9505B0BDE8A3
S31508018540F04F22F0F2BF6FF0860005B0BDE8F08F5C
S315080185500200800010B5044660B1074B07481B6846
S315080185609847204626F094FABDE81040044B034884
S315080185701B68184710BD00BF3C7C0020604F0020D7
S31508018580387C002037B5044620B301A901F024F947
S315080185900446F8B91D4B1E481B6898471D4D58B12E
S315080185A00024019827F0DBF82B68002818BF044639
S315080185B01748984770B10AE00198037E032B11D139
S315080185C027F0CDF82B6804461148984728B10CB90D
S315080185D06FF08F04204603B030BD002C08BF6FF042
S315080185E08704F7E7022B0BD1032303760379FF2BC5
S315080185F009D0002BD4D0406927F0DAF80446D0E731
S315080186006FF09604CDE76FF08404CAE73C7C00203E
S31508018610604F0020387C00202DE9F0411F460023D9
S3150801862088B0064688461546CDE9043307923B606D
S31508018630002A61D0B2F1005F61D205AA04A9FFF749
S31508018640D1FE044698B9049B5A6AA2B104982A46EF
S3150801865043884146069306AB029300F1240301932E
S31508018660436A0093036AFFF737FF044608B3049881
S31508018670FFF770FF36E073681B0A10D0012B06D08E
S3150801868020498B4213D007926FF08604EFE73046F4
S3150801869007A9079526F026FE04460028E7D107997B
S315080186A0049826F080F904460028CFD0DFE707951D
S315080186B0F5E70498069B4288C2B943804FF6F872DB
S315080186C0934216D8338813B102889A42DCD173884B
S315080186D013B142889A42D7D13946FFF751FE04466B
S315080186E00028C4D1204608B0BDE8F0819A42E5D0F9
S315080186F0CAE76FF08504BAE76FF08604F2E76FF010
S315080187008504EFE7020080002DE9F04F00249A4620
S3150801871001F0FE4393B0B3F1806F0D46DDE91C68A5
S31508018720DDF8789009920D9440F0B0800B464FF42D
S3150801873080720DA9FFF7BAFD0346002840F0AA800A
S315080187400D9B1B8803F4E042B2F5005F1CD113F4BC
S31508018750E06F19D0544925F480728A420AD001F58E
S3150801876000718D4206D051498D4203D0A1F53F4192
S315080187708A4209D10124C3F302239C40102C0ED945
S3150801878000266FF083034CE042F20402934202D1C1
S31508018790474B9D420DD0474B9D420CD10D24A04518
S315080187A07AD321460EA8FFF765FD034620B10026B8
S315080187B037E00C24F3E700240D9FD7E90812002EB1
S315080187C046D006EB040B7B68A8EB04081B0A012BB1
S315080187D04ED0394883423DD0002B58D1099B3846A3
S315080187E0CDE901430EAB0093CDE905892B46CDE9C9
S315080187F003ABCDE90A1223F04CF9DDE90A1210F1AF
S31508018800860F03460DD1099B3846CDE901430EABC8
S315080188100093CDE905892B46CDE903AB26F010FD7A
S3150801882003460D98099301F04FF8099B0546BBBB12
S31508018830B8BB24B1224630460EA927F012FAD9F858
S3150801884000301C442846C9F8004013B0BDE8F08F33
S31508018850B346B8E7099B3846CDE901430EAB009309
S31508018860CDE905892B46CDE903AB23F012F9D7E704
S31508018870099B3846CDE901430EAB0093CDE905893D
S315080188802B46CDE903AB23F06CF8C9E726466FF012
S315080188908603C6E72646C4E700266FF08903C0E7C4
S315080188A01D460024CEE700BF0010C00400FF4004A7
S315080188B0000180040013C004020080002DE9F04F76
S315080188C01F4600238FB00446DDE91D8A0846CAF80B
S315080188D000300D469146FFF793FC002840F0898049
S315080188E020462B464FF400720DA9FFF7DFFC04461C
S315080188F000284DD139462846FFF766FC044600286C
S3150801890043D10D9E7368D6E908B21B0A012B58D0CC
S3150801891039498B4240D0002B68D11C9B5946069396
S315080189201B9B304605931A9BCDE9078A0493199B2D
S31508018930CDF800900393189B0B92CDE901732B4652
S3150801894023F013F810F1860F04460B9A14D11C9BD9
S31508018950594606931B9B304605931A9BCDE9078A10
S315080189600493199BCDF800900393189BCDE90173E5
S315080189702B4600F0BDFB04463CB1B8F1000F04D00C
S31508018980424600211C9827F04FF90D9800F09CFFEC
S3150801899020460FB0BDE8F08F1C9B594606931B9BDA
S315080189A0304605931A9BCDE9078A0493199BCDF89E
S315080189B000900393189BCDE901732B4622F0D5FF4E
S315080189C0D9E71C9B594606931B9B304605931A9B70
S315080189D0CDE9078A0493199BCDF800900393189B58
S315080189E0CDE901732B4622F027FFC4E76FF0860411
S315080189F0C3E76FF08604CBE7020080002DE9F04F4C
S31508018A001C46002385B0054620468A46164603932A
S31508018A10FFF7F6FB08B36FF08606039800F054FFDC
S31508018A20002E40F0CF80694B24F47E149C4200F05E
S31508018A30C58003F580739C4200F0C280B4F1052F0E
S31508018A40634B18BF002306466B602B7D6AF304133C
S31508018A502B75304605B0BDE8F08F2B68002B40F02A
S31508018A60AA80297D11F00F0140F0A58005F11808AB
S31508018A70C022404627F0D8F8BAF1000F30462346FF
S31508018A800CBF4FF400724FF4807203A9FFF70EFC76
S31508018A9006460028C1D14D4824F47E128242C4F309
S31508018AA00741C4F3054305D04A498A422ED06FF0DF
S31508018AB08506B2E7043B0C2BADD8CA07ABD4039F96
S31508018AC07B68D7E9089B1B0ABAF1000F43D0012B33
S31508018AD032D0414A934225D0002B9CD104234A46E1
S31508018AE02B6039465B464046009422F040FF10F160
S31508018AF0860F08D101234A462B6039465B46404614
S31508018B00009426F01EFB10B3064686E7043BDBB24B
S31508018B100C2B80D841F6117222FA03F3DB077FF595
S31508018B207AAFCCE704234A462B6039465B46404672
S31508018B30009422F01CFFE6E75B464A463946404662
S31508018B40009422F07BFE0028DED105232B60039BCF
S31508018B501B882B8161E7012B25D01F4A934218D028
S31508018B60002B7FF458AF04234A462B6039465B46EF
S31508018B704046009422F01AFF10F1860FC3D1012353
S31508018B804A462B6039465B464046009426F0E4FA8D
S31508018B90B9E704234A462B6039465B4640460094AA
S31508018BA022F004FFAFE75B464A4639464046009441
S31508018BB022F064FEC7E76FF088062EE7074B42E707
S31508018BC0074B40E7284626F06FF842E700014005C3
S31508018BD0000510050002400502008000000150054D
S31508018BE000025005F8B5036805460E46174673B3E5
S31508018BF0027D12F00E0F2AD14168194A914202D11B
S31508018C00B6F57F4F29D8042B13D0052B18D0012B85
S31508018C1023D13A46314605F1180000F0F3F9044626
S31508018C20B8B92B7DC5E9036743F002032B752046C6
S31508018C30F8BD3A46314605F1180022F0DEFEEEE7A8
S31508018C403A46314605F1180022F03FFEE7E76FF094
S31508018C508804284626F028F8E9E76FF08604F8E73D
S31508018C600001500538B5036805461BB3007D00F0C1
S31508018C700904012C1ED132B900242B7D43F00403CB
S31508018C802B75204638BD800710D5E868904207D372
S31508018C90801AE860042B18D0052B1BD0012B0CD0A9
S31508018CA06FF08604284625F0FFFFEAE76C680C4852
S31508018CB08442EFD16FF08804F4E705F1180000F05B
S31508018CC0B3F904460028D7D0ECE705F1180022F0DD
S31508018CD09BFEF6E705F1180022F0FEFDF1E700BF5D
S31508018CE000015005F7B500240546DDE908C0046012
S31508018CF02C68DCB12E7DF70718D5B60712D5EE68B4
S31508018D0056B92E69964207D3B61A2E61042C20D07D
S31508018D10052C25D0012C0CD06FF08604284625F0A9
S31508018D20C3FF13E0124E6F68B742EFD16FF08804A4
S31508018D30F4E7CDE900C005F1180000F087F904460B
S31508018D400028EBD12B7D43F008032B75204603B091
S31508018D50F0BDCDE900C005F1180022F065FEEEE789
S31508018D60CDE900C005F1180022F0C6FDE7E700BF0E
S31508018D7000015005F0B5DFF82CE0DDF824C0734595
S31508018D80DDE90545DDE9076708D1CDE9087CCDE9C7
S31508018D9006560594BDE8F04000F062BB6FF0850009
S31508018DA0F0BD00BF00000209002307B51A4600916D
S31508018DB0024926F0E4F803B05DF804FB5CFF0408F9
S31508018DC070B51B4E1B4C33681B48984723785807C8
S31508018DD044BF03F0FB032370990705D500F09AFCFD
S31508018DE0237823F002032370144D13482B68984700
S31508018DF033681348984763781BB10023114A6360A7
S31508018E005360002308210F486370FFF7A1F82B6808
S31508018E100B48984733680848984723780648DA077D
S31508018E2044BF23F0010323702B68BDE8704018473F
S31508018E303C7C0020384E0020FC4E0020387C002067
S31508018E40984E00203C4E00202DE9F041FFF78CF8A2
S31508018E5018B100242046BDE8F081364F36483B68F4
S31508018E609847044620B16FF08F04FFF7A9FFF1E791
S31508018E70324D2B78D8070AD422F010F9044610B9D6
S31508018E8022F015F904462B7843F001032B702C4E7A
S31508018E9029483368984710B1002CE4D0E5E7002C3F
S31508018EA0E3D13B682448984704460028DBD12B7850
S31508018EB0990706D400F026FC04462B7843F00203F2
S31508018EC02B7033681C4898470028E5D1002CCCD173
S31508018ED03B68194898470028C5D13368164895F85C
S31508018EE0008098470028BED13B6816489847002855
S31508018EF0B9D16B783BB918F0010F04D0124B6C60ED
S31508018F005C6002236B7033680E4898470028AAD123
S31508018F103B68094898470028A5D12B7806485A077F
S31508018F205CBF43F004032B7033689847002890D040
S31508018F3099E700BF3C7C0020FC4E0020384E0020FB
S31508018F40387C0020984E00203C4E00202DE9FF4138
S31508018F501C464B88054603930DF10A0300930E46FA
S31508018F601746204609880DF10B0303AA00F010F9EC
S31508018F7030BB184B24F47E129A4224D103F5801390
S31508018F802B60338803F4E042B2F5005F1ED103F487
S31508018F90E063B3F5806F19D105F10808404624F05E
S31508018FA0C4FD3A46039B9DF80A10404624F0C1FDCC
S31508018FB025F0BFFB20B93388C4F30544AB80EC71B7
S31508018FC004B0BDE8F0816FF08500F9E76FF086001F
S31508018FD0F6E700BF00014005134610B5084A0468C4
S31508018FE094420AD184790A46083004F0010124F032
S31508018FF0C6FDBDE8104025F09CBB6FF0850010BD8D
S315080190000001500510B5074B04689C4207D1C37986
S31508019010083024F0E9FDBDE8104025F08ABB0020A0
S3150801902010BD00BF0001500510B5074B04689C42EE
S3150801903006D1083024F0F2FDBDE8104025F079BBD1
S315080190406FF0850010BD00BF00015005F0B5076837
S315080190500D4E85B0B7420A9D03920FD1AA4210D888
S3150801906003ACCDE90054083024F04AFE25F061FB33
S3150801907010B90B9B039A1A6005B0F0BD6FF0850015
S31508019080FAE76FF08900F7E70001500538B51D4684
S31508019090C279059B04469A420FD801680A4B994240
S315080190A00ED10499083024F0FCFE25F042FB18B9CC
S315080190B02860E279069B1A6038BD6FF08900FBE7E4
S315080190C06FF08500F8E700BF000150050268074BFD
S315080190D010B59A42044602D1083024F043FDA3791B
S315080190E0002023F00103A37110BD00BF0001500544
S315080190F02DE9F043044688469946A3B07022DDE976
S315080191002E75002106A8329E26F08EFD21464B4675
S31508019110424606A8FFF71AFF044610BB9DF81F3002
S31508019120AB422AD8319AE91A8A4229D31748069CAA
S315080191307A18844227D1CDE90423309B08A8CDE9C2
S3150801914002732D9B01932C9B0093DDE92A2324F0BE
S315080191501BFF25F0EEFA044618B99DF81F30EB1AE5
S31508019160336006A8FFF7B2FF1CB99DF81F30ED1A48
S315080191703560204623B0BDE8F0836FF08604F0E73A
S315080191806FF08904EDE76FF08504EAE70001500501
S3150801919000F0FE42B2F1A06F08BF20F47E1000F085
S315080191A0FC4210B5B2F1806F029C08D10D4A90427B
S315080191B00AD00D4A90420FD06FF085000BE00B4A9A
S315080191C09042F9D1012200E00222B1F5105F1A702E
S315080191D0F2D11CB9002010BD0822F6E7022323703C
S315080191E0F8E700BF00404004000140050002C00343
S315080191F02DE9F84F0D461C46074600F1080840467A
S3150801920091460E889DF928B024F0E2FEB5F802A031
S3150801921031460023524620463C6025F0A8FF014608
S31508019220002864D04046FDF705FB0546002840D1D5
S315080192305B46524649464046FDF71CFB0546C0BB00
S315080192402D4B9C420AD003F580739C4236D004F01C
S31508019250FF43B3F1906F07D101230BE00421404688
S31508019260FDF730FD002840D106F4E043B3F5005F71
S3150801927026D000237B7106F4E043B3F5005F25D1C0
S3150801928016F4E06F22D01D4A24F4807393420AD063
S3150801929002F50072944206D0194A944203D0A2F507
S315080192A03F42934212D10124C6F30226B440E4B2E6
S315080192B03C712846BDE8F84F25F03BBA0146CEE792
S315080192C00123C6F302229340DBB2D3E742F2040339
S315080192D09E4202D10B4B9C4205D00B4B9C420CBFC4
S315080192E00D240024E4E70C24E2E70546E1E76FF0E4
S315080192F08500BDE8F88F00BF004040040010C00497
S3150801930000FF4004000180040013C004F0B51D46A7
S31508019310C36A0E46174685B02BB10368114A23F472
S315080193208063934217D02A4669460830FDF746FC02
S3150801933025F0FFF9044638B92A682AB1BA420DD888
S315080193406946304626F08DFC68461021FEF700FE78
S31508019350204605B0F0BD6FF08604F5E76FF0890485
S31508019360F2E700BF004040042DE9F74300F4E0406E
S31508019370B0F5804F0D4616461F46DDF828902CD1CC
S3150801938001F16808404625F06BF988B94B46002279
S3150801939041462846CDE90067FDF70AFF25F0C9F9D8
S315080193A00446B0B13A460021304626F03DFC10E0AD
S315080193B0002301930D4B4146009305F1600205F127
S315080193C01C03284625F055F925F0B3F9044600286B
S315080193D0DCD0204603B0BDE8F08349462846FEF7AF
S315080193E0CBFC03B0BDE8F04325F0A3B9CDF90308DA
S315080193F0F0B51D460388174603F44F42B2F5824F6E
S3150801940018BF00230E46A1B04188D8B226F0CDFA7E
S315080194100446F8B1684625F0A7F821466846FEF7DE
S31508019420FFFC044670B903460C4A684618A9FEF7BC
S31508019430C3FB044630B93B46324629466846FEF721
S315080194409BFC0446684625F0D1F8204625F071F9BB
S3150801945021B0F0BD6FF08500FAE700BFCDF903082A
S315080194602DE9F04305460088AFB020F0FF04B4F5B6
S31508019470E24FDDF8E890DDE9387869D1364C1C40D1
S31508019480364B44F010649C4262D10023029302AB2E
S31508019490009313460A46698826F00EF80446002802
S315080194A052D1CDE90300029D04A9287826F06EFA67
S315080194B0044605A824F0D2FD44F4824003AB009388
S315080194C0049980B2DDE9362325F0F6FF039E0446AA
S315080194D038BB0122314605A8FDF73CFC25F029F9E0
S315080194E00446F0B90246294605A8FDF733FC25F0DE
S315080194F020F90446A8B91A4B3A4649460190009301
S3150801950005A84346FDF758FC25F013F9044640B96A
S31508019510049BD9F800200733B2EBD30F05D06FF0BF
S31508019520960441463846FEF713FD05A824F09AFD30
S31508019530304625F05BF8304632F03CFA284625F0ED
S3150801954055F8284632F036FA20462FB0BDE8F083A2
S315080195506FF08604F8E700BF0000FFF60000020975
S31508019560CDF90308036810B504462BB1054A9342A1
S3150801957005D1043021F0F7FC0020206010BD6FF002
S315080195808800FBE709000002F8B5076805460C469E
S3150801959007BB124B994213D1061D304621F0E1FC57
S315080195A030463946FAF76CF8064628B92C60304633
S315080195B0BDE8F84025F0BDB82846FFF7D3FFF6E722
S315080195C001F0FE44B4F1007F14BF6FF086006FF01E
S315080195D08500F8BD6FF08800FBE700BF09000002AF
S315080195E010B5074B04689C4206D1043021F0BDFC36
S315080195F0BDE8104025F09DB86FF0880010BD00BF8A
S31508019600090000022DE9F0411F460478064644F098
S31508019610007404F17E44033C102C98BF104B884615
S3150801962015468CBF00241C5D3A601AB121214046BB
S3150801963026F0FAFAAC420DD832680A4B9A420CD196
S315080196404146301D21F098FC25F073F800B93C60BD
S31508019650BDE8F0816FF08900FAE76FF08800F7E757
S3150801966060FF040809000002064B10B51B6806488E
S315080196709847064B044893F85040054B1B68984792
S31508019680204610BD3C7C0020FC4E0020444E0020A4
S31508019690387C002000F14043012B70B505460E4683
S315080196A00CD82822154C02FB0344237E022B02D137
S315080196B06369834215D06FF08B0017E0012126F00C
S315080196C03DF8A0B10D4C237E022B02D163699D4260
S315080196D007D094F84030022BEDD1E36B9D42EAD1D5
S315080196E0074C204626F01DF820B9346070BD6FF08E
S315080196F08700FBE76FF09600F8E700BF444E0020AD
S315080197006C4E00200122024B002083F8502070473E
S31508019710444E00200A4B70B51E46012503241846FF
S31508019720DD611C7625F0B4F906F12800756486F822
S31508019730404025F0ADF9002386F8503070BD00BFD2
S31508019740444E0020F8B505460E46FFF78DFF70B367
S315080197501F4C237EC3B1022B14D1E36993B9237934
S31508019760002B14BF2746002794F84030EBB137BBCE
S31508019770022B04D1636C13B994F82C30F3B96FF04A
S315080197808C0016E00027EFE727463B7E9BB90123AD
S315080197903B763DB13C1BE41003F1CC335C4304F149
S315080197A080442C6000203760F8BD0A4FEDE76FF062
S315080197B088000027F7E76FF09600FAE7054F384665
S315080197C025F0AFFF384625F063F90028DDD0F0E72C
S315080197D0444E00206C4E002000232DE9F3410B6016
S315080197E007460D46FFF740FF002864D0334B34483F
S315080197F01B689847064628B16FF08F04204602B0C9
S31508019800BDE8F08129463846FFF744FF10F18C0F71
S315080198100446DFF8B08008D0D8F8003028489847C1
S315080198200028EBD0002CE9D1E6E729463046FFF7B8
S3150801983089FF044620B1D8F8003021489847DDE76A
S3150801984001232E68CDE900006946304677617360C9
S3150801985001AA26F01AF8044628B9DDE900123046AD
S3150801986025F0B4F80446DDE9000126F00CF828686D
S315080198704CB125F00DF914F18C0F08BF6FF0870470
S3150801988000232B60C8E78368D90444BF43F4806387
S3150801989083609A0444BF43F400638360037E012B0B
S315080198A004BF0223037625F03CFF04460028B3D003
S315080198B06FF09604E4E76FF088049FE73C7C00208C
S315080198C0604F0020387C00200B4B10B51B680446FE
S315080198D00A48984718B16FF08F04204610BD2046F4
S315080198E025F03DFF064B04461B68044898470028A7
S315080198F0F3D0002CF1D1EEE73C7C0020604F00202C
S31508019900387C002030B40D4D2C681C606C685C6096
S3150801991000249C605468DC6014881C8254885C822C
S3150801992094685C61D4689C61126930BCDA61196219
S315080199300A46014603F1240026F093B971FF04088B
S315080199402DE9F843232904460F4691469846089E71
S3150801995004D86FF098052846BDE8F8830822194906
S3150801996026F039F905460028F3D1A368002BF0D172
S31508019970216A243F8F42C8F80010EAD3B1F5005F87
S31508019980E7D271B9C9F80000E3687360238A3380A6
S31508019990638A73806369B360A369F360E3693361BA
S315080199A0D9E7012022F073FAC9F8000030B1D8F8D6
S315080199B0002004F1240126F054F9E5E76FF08C053F
S315080199C0C9E700BF71FF040870B5094D0446286050
S315080199D008480160084909480A60094A1360A0470E
S315080199E02B68084898472B680748BDE87040184710
S315080199F0447C0020407C00203C7C0020604F0020F5
S31508019A00387C0020FC4E0020984E002010B500201E
S31508019A102CF02CFB0B4C206060B101202CF026FBAE
S31508019A20606038B12368084A13604BB96A21074B4D
S31508019A30074A02E05821074B054A074800F03AFE53
S31508019A4010BD00BFC84F0020C44F002078CF0408BE
S31508019A508AFF040864CF040872CF0408022101486A
S31508019A60F3F78ABAC84F002010B5044C20682CF0C9
S31508019A7002FD2068BDE810401FF043BDC44F002019
S31508019A8010B504460A4B1868204001D0FCF7D0F9F6
S31508019A90084B1868204001D022F07DFE064B186855
S31508019AA0204003D0BDE8104022F085BE10BD00BF9E
S31508019AB00C7C0020107C0020244E0020014902481D
S31508019AC0FBF7FEBB58DC0408D04F00200C4B0246BE
S31508019AD0996829B1596832EA010104D108487047E1
S31508019AE0D9680029F6D1996929B15B6905489A436C
S31508019AF018BF00207047D8690028F6D1704700BF03
S31508019B004C7C00205C7C0020014B1878704700BF14
S31508019B101166002038B5054622F04EFEFFF7D6FF3E
S31508019B200446A8B1836833B9E36863B92278094B57
S31508019B3000201A7006E00278196828460EF01CFF04
S31508019B400028F1D038BD284698470028EED0F9E715
S31508019B500220F7E71166002081F0004102E000BF0C
S31508019B6083F0004330B54FEA41044FEA430594EACE
S31508019B70050F08BF90EA020F1FBF54EA000C55EA09
S31508019B80020C7FEA645C7FEA655C00F0E2804FEADA
S31508019B905454D4EB5555B8BF6D420CDD2C4480EABC
S31508019BA0020281EA030382EA000083EA010180EAEC
S31508019BB0020281EA0303362D88BF30BD11F0004F3A
S31508019BC04FEA01314FF4801C4CEA113102D0404270
S31508019BD061EB410113F0004F4FEA03334CEA1333AB
S31508019BE002D0524263EB430394EA050F00F0A780C3
S31508019BF0A4F10104D5F1200E0DDB02FA0EFC22FABE
S31508019C0005F2801841F1000103FA0EF2801843FAB1
S31508019C1005F359410EE0A5F120050EF1200E012AA2
S31508019C2003FA0EFC28BF4CF0020C43FA05F3C018E0
S31508019C3051EBE37101F0004507D54FF0000EDCF159
S31508019C40000C7EEB00006EEB0101B1F5801F1BD302
S31508019C50B1F5001F0CD349085FEA30004FEA3C0C06
S31508019C6004F101044FEA445212F5800F80F09A80FC
S31508019C70BCF1004F08BF5FEA500C50F1000041EB00
S31508019C80045141EA050130BD5FEA4C0C404141EB04
S31508019C900101013C28BFB1F5801FE9D291F0000FFF
S31508019CA004BF01460020B1FA81F308BF2033A3F1AE
S31508019CB00B03B3F120020CDA0C3208DD02F1140CA5
S31508019CC0C2F10C0201FA0CF021FA02F10CE002F1E0
S31508019CD01402D8BFC2F1200C01FA02F120FA0CFCD9
S31508019CE0DCBF41EA0C019040E41AA2BF01EB045122
S31508019CF0294330BD6FEA04041F3C1CDA0C340EDC20
S31508019D0004F11404C4F1200220FA04F001FA02F362
S31508019D1040EA030021FA04F345EA030130BDC4F120
S31508019D200C04C4F1200220FA02F001FA04F340EA15
S31508019D300300294630BD21FA04F0294630BD94F0C6
S31508019D40000F83F4801306BF81F480110134013DAD
S31508019D504EE77FEA645C18BF7FEA655C29D094EA1E
S31508019D60050F08BF90EA020F05D054EA000C04BF9C
S31508019D701946104630BD91EA030F1EBF0021002087
S31508019D8030BD5FEA545C05D14000494128BF41F026
S31508019D90004130BD14F580043CBF01F5801130BD8A
S31508019DA001F0004545F0FE4141F470014FF0000015
S31508019DB030BD7FEA645C1ABF194610467FEA655CC6
S31508019DC01CBF0B46024650EA013406BF52EA033568
S31508019DD091EA030F41F4002130BD00BF90F0000F56
S31508019DE004BF0021704730B54FF4806404F1320492
S31508019DF04FF000054FF0000150E700BF90F0000F4B
S31508019E0004BF0021704730B54FF4806404F1320471
S31508019E1010F0004548BF40424FF000013EE700BF41
S31508019E2042004FEAE2014FEA31014FEA02701FBFD1
S31508019E3012F07F4393F07F4F81F06051704732F003
S31508019E407F4208BF704793F07F4F04BF41F400215A
S31508019E50704730B54FF4607401F0004521F00041B8
S31508019E601CE700BF50EA010208BF704730B54FF042
S31508019E7000050AE050EA010208BF704730B511F043
S31508019E80004502D5404261EB41014FF4806404F17B
S31508019E9032045FEA915C3FF4D8AE4FF003025FEA01
S31508019EA0DC0C18BF03325FEADC0C18BF033202EB85
S31508019EB0DC02C2F1200300FA03FC20FA02F001FADF
S31508019EC003FE40EA0E0021FA02F11444BDE600BF82
S31508019ED070B54FF0FF0C4CF4E06C1CEA11541DBF31
S31508019EE01CEA135594EA0C0F95EA0C0F00F0DEF8FC
S31508019EF02C4481EA030621EA4C5123EA4C5350EAE1
S31508019F00013518BF52EA033541F4801143F4801331
S31508019F1038D0A0FB02CE4FF00005E1FB02E506F0C2
S31508019F200042E0FB03E54FF00006E1FB03569CF017
S31508019F30000F18BF4EF0010EA4F1FF04B6F5007F1D
S31508019F4064F5407404D25FEA4E0E6D4146EB06068F
S31508019F5042EAC62141EA55514FEAC52040EA5E5018
S31508019F604FEACE2EB4F1FD0C88BFBCF5E06F1ED8C2
S31508019F70BEF1004F08BF5FEA500E50F1000041EBF9
S31508019F80045170BD06F0004646EA010140EA0200A6
S31508019F9081EA0301B4EB5C04C2BFD4EB0C0541EAC8
S31508019FA0045170BD41F480114FF0000E013C00F3DD
S31508019FB0AB8014F1360FDEBF002001F0004170BD01
S31508019FC0C4F10004203C35DA0C341BDC04F114041A
S31508019FD0C4F1200500FA05F320FA04F001FA05F2A6
S31508019FE040EA020001F0004221F0004110EBD37073
S31508019FF021FA04F642EB06015EEA430E08BF20EA9F
S3150801A000D37070BDC4F10C04C4F1200500FA04F341
S3150801A01020FA05F001FA04F240EA020001F00041D3
S3150801A02010EBD37041F100015EEA430E08BF20EA46
S3150801A030D37070BDC4F1200500FA05F24EEA020E8E
S3150801A04020FA04F301FA05F243EA020321FA04F0BD
S3150801A05001F0004121FA04F220EA020000EBD37074
S3150801A0605EEA430E08BF20EAD37070BD94F0000F74
S3150801A0700FD101F00046400041EB010111F4801FA8
S3150801A08008BF013CF7D041EA060195F0000F18BF59
S3150801A090704703F00046520043EB030313F4801F95
S3150801A0A008BF013DF7D043EA0603704794EA0C0F4F
S3150801A0B00CEA135518BF95EA0C0F0CD050EA410665
S3150801A0C018BF52EA4306D1D181EA030101F00041E2
S3150801A0D04FF0000070BD50EA410606BF104619460A
S3150801A0E052EA430619D094EA0C0F02D150EA013616
S3150801A0F013D195EA0C0F05D152EA03361CBF104657
S3150801A10019460AD181EA030101F0004141F0FE41F5
S3150801A11041F470014FF0000070BD41F0FE4141F479
S3150801A120780170BD70B54FF0FF0C4CF4E06C1CEA79
S3150801A13011541DBF1CEA135594EA0C0F95EA0C0F2E
S3150801A14000F0A7F8A4EB050481EA030E52EA0335E9
S3150801A1504FEA013100F088804FEA03334FF080550A
S3150801A16045EA131343EA12634FEA022245EA111537
S3150801A17045EA10654FEA00260EF000419D4208BFE8
S3150801A180964244F1FD0404F5407402D25B084FEA95
S3150801A1903202B61A65EB03055B084FEA32024FF441
S3150801A1A080104FF4002CB6EB020E75EB030E22BF9E
S3150801A1B0B61A754640EA0C005B084FEA3202B6EB5E
S3150801A1C0020E75EB030E22BFB61A754640EA5C000D
S3150801A1D05B084FEA3202B6EB020E75EB030E22BF9D
S3150801A1E0B61A754640EA9C005B084FEA3202B6EB9E
S3150801A1F0020E75EB030E22BFB61A754640EADC005D
S3150801A20055EA060E18D04FEA051545EA16754FEABE
S3150801A21006164FEAC30343EA52734FEAC2025FEADC
S3150801A2201C1CC0D111F4801F0BD141EA00014FF06B
S3150801A23000004FF0004CB6E711F4801F04BF01433C
S3150801A2400020B4F1FD0C88BFBCF5E06F3FF6AFAE58
S3150801A250B5EB030C04BFB6EB020C5FEA500C50F1E8
S3150801A260000041EB045170BD0EF0004E4EEA11316B
S3150801A27014EB5C04C2BFD4EB0C0541EA045170BD72
S3150801A28041F480114FF0000E013C90E645EA060EB6
S3150801A2908DE60CEA135594EA0C0F08BF95EA0C0FE4
S3150801A2A03FF43BAF94EA0C0F0AD150EA01347FF42C
S3150801A2B034AF95EA0C0F7FF425AF104619462CE703
S3150801A2C095EA0C0F06D152EA03353FF4FDAE104666
S3150801A2D0194622E750EA410618BF52EA43067FF4B7
S3150801A2E0C5AE50EA41047FF40DAF52EA43057FF447
S3150801A2F0EBAE12E74A0011D212F5001211D20DD5B2
S3150801A3006FF47873B3EB62520ED44FEAC12343F06C
S3150801A310004343EA505323FA02F070474FF0000016
S3150801A320704750EA013002D14FF0FF3070474FF0C5
S3150801A3300000704753B94AB9002908BF00281CBF55
S3150801A3404FF0FF314FF0FF3000F0B2B9ADF1080C14
S3150801A3506DE904CE00F006F8DDF804E0DDE9022334
S3150801A36004B070472DE9F04F8C46099E04460F4606
S3150801A370002B48D18A4215465ED9B2FA82F33BB11F
S3150801A380C3F120029F409D409C4020FA02F21743E8
S3150801A3904FEA154E1FFA85FC220CB7FBFEF10EFBA0
S3150801A3A0117701FB0CF042EA0742904207D9AA1835
S3150801A3B001F1FF3702D2904200F258813946121A4A
S3150801A3C0A4B2B2FBFEF00EFB102200FB0CFC44EA21
S3150801A3D00244A4450BD92C1900F1FF322CBF0127E1
S3150801A3E00027A44502D9002F00F04381104640EA10
S3150801A3F00140A4EB0C0400211EB1DC400023C6E990
S3150801A4000043BDE8F08F8B4206D90EB1C6E90001BB
S3150801A41000210846BDE8F08FB3FA83F1002951D12E
S3150801A4206345C0F01681824240F213810846002E28
S3150801A430E7D0C6E90047E4E7002A00F0AF80B2FAA0
S3150801A44082F3002B40F0C2808A1A4FEA154EAFB24A
S3150801A4500121200CB2FBFEFC0EFB1C2240EA024243
S3150801A46007FB0CF090420ED9AA180CF1FF382CBF45
S3150801A4704FF001094FF00009904203D9B9F1000FD5
S3150801A48000F0F080C446121AA4B2B2FBFEF00EFB2D
S3150801A490102200FB07F744EA0244A7420ED92C19F9
S3150801A4A000F1FF322CBF4FF0010E4FF0000EA7420C
S3150801A4B003D9BEF1000F00F0D2801046E41B40EA32
S3150801A4C00C4099E7C1F120058B400CFA01F400FA1A
S3150801A4D001F922FA05F72CFA05FC8A401F4320FAEE
S3150801A4E005F3380C23431FFA87FE1C0CBCFBF0F856
S3150801A4F000FB18CC44EA0C4408FB0EFCA4450ED913
S3150801A5003C1908F1FF3A2CBF4FF0010B4FF0000B35
S3150801A510A44503D9BBF1000F00F0B880D046A4EBDF
S3150801A5200C041FFA83FCB4FBF0F300FB134403FB92
S3150801A5300EFE4CEA0444A6450ED93C1903F1FF3038
S3150801A5402CBF4FF0010C4FF0000CA64503D9BCF106
S3150801A550000F00F09F80034643EA0840A4EB0E046F
S3150801A560A0FB02EC64457346E04602D307D1F145E8
S3150801A57005D2BEEB02036CEB070C0138E0465EB16F
S3150801A580B9EB030264EB080404FA05F522FA01F3B0
S3150801A590CC401D43C6E90054002132E742082F4644
S3150801A5A04B08AC4642EAC172AE46C407110C92B2D8
S3150801A5B041EA034142EA0142B1FBF5F1B3FBF5F089
S3150801A5C01F23A2EB0C0241EA004142E79D40C3F179
S3150801A5D0200299409C402CFA02FC4FEA154E20FABB
S3150801A5E002F2AFB2BCFBFEF80A430EFB18CC110C03
S3150801A5F041EA0C4108FB07FC8C4550D9691808F15A
S3150801A600FF302CBF4FF001094FF000098C4502D9E4
S3150801A610B9F1000F30D0A1EB0C01B1FBFEF808FB34
S3150801A62007FC0EFB181192B242EA0142624534D286
S3150801A630AA1808F1FF312CBF4FF001094FF00009A4
S3150801A6406245BED2B9F1000FBBD1A8F102012A4475
S3150801A650B7E7841A6CEB030201201746E7E62C4498
S3150801A66002382BE7ACF1020C2A440CE702392A44DA
S3150801A670A5E62C440238BAE6A5EB0C0CA8F10200B3
S3150801A6806144B1FBFEF808FB07FCCAE7A8F102081A
S3150801A6903C4444E7023B3C445EE7414691E7A1EB73
S3150801A6A00C014046B1FBFEF808FB07FCB9E700BF01
S3150801A6B0704700BF1FB514461A46094B05461B6865
S3150801A6C0D8684CB1074B00910749CDE901342B46AF
S3150801A6D000F0DEF825F0DAFA044B1C46F3E700BF72
S3150801A6E0787C002082CF04088FCF040814D0040890
S3150801A6F0024B0A460146186821F0C4BD787C002041
S3150801A70008B5064B044613B10021AFF30080044B8C
S3150801A7101B6803B1984720461FF070F90000000036
S3150801A72028510020024B0146186821F0A5BD00BF3B
S3150801A730787C0020024B0146186821F0A0BD00BFB5
S3150801A740787C0020002310B5044683608181194670
S3150801A7504366C28108228361C0E90033C0E9043334
S3150801A7605C3025F061FA0D4B246263620C4BA362DF
S3150801A7700C4BE3620C4B23630C4B9C4206D003F152
S3150801A7806802944202D0D0339C4205D104F15800A4
S3150801A790BDE8104025F050BA10BD00BFF3FA030812
S3150801A7A015FB03084DFB030873FB0308F04F002054
S3150801A7B0024A0349034825F07EB900BF6C7C002094
S3150801A7C091FE03087C7C002041680C4B994210B528
S3150801A7D0044601D025F05CFBA168094B994202D0D9
S3150801A7E0204625F055FBE168064B994204D02046E0
S3150801A7F0BDE8104025F04CBB10BD00BFF04F00204E
S3150801A80058500020C05000200C4B04210C4A0D481A
S3150801A81010B51A600022FFF795FF0A4B012209219C
S3150801A8201C4603F16800FFF78DFF022204F1D000F0
S3150801A8301221BDE81040FFF785BF00BF285100204F
S3150801A840B1A70108F04F0020014825F0F6B900BF6D
S3150801A85012660020014825F0F1B900BF12660020F2
S3150801A86010B50446FFF7F0FF236A1BB1BDE8104097
S3150801A870FFF7F0BF044B2362044B1B68002BF5D18D
S3150801A880FFF7C2FFF2E700BFC9A701082851002058
S3150801A8900EB403B503AB0146054853F8042B00680B
S3150801A8A0019300F0B1F902B05DF804EB03B070470B
S3150801A8B0787C00200CB4194B30B50C1E9DB01D6870
S3150801A8C008DA8B234FF0FF302B601DB0BDE830400E
S3150801A8D002B070474FF402730290069002A9ADF8D0
S3150801A8E014304FF00003209A28461B9314BF04F135
S3150801A8F0FF332346049307934FF6FF73ADF81630DB
S3150801A90021AB019300F084F8431CBCBF8B232B6059
S3150801A910002CDAD0029B00221A70D6E7787C002038
S3150801A92007B5009313460A4601460348006825F011
S3150801A93024F903B05DF804FB787C002038B50023C0
S3150801A940054D044608462B601FF055F8431C02D1F5
S3150801A9502B6803B1236038BD2C51002038B5044655
S3150801A960064D0846114600222A601A461FF050F87D
S3150801A970431C02D12B6803B1236038BD2C5100203A
S3150801A98038B50446064D0846114600222A601A467D
S3150801A9901FF040F8431C02D12B6803B1236038BD70
S3150801A9A02C51002038B50446064D084611460022AA
S3150801A9B02A601A461FF030F8431C02D12B6803B1EE
S3150801A9C0236038BD2C51002070B50D4B00260D4D66
S3150801A9D05B1B9C10A64209D10B4D31F091F80B4B2C
S3150801A9E000265B1B9C10A64205D170BD55F8043B99
S3150801A9F001369847EEE755F8043B01369847F2E7E2
S3150801AA007C7D0020787D00207C7D0020807D0020D3
S3150801AA102DE9F04F98468B899DB007461B060D46D2
S3150801AA20144610D50B6973B9402121F025FC28601D
S3150801AA30286130B90C233B604FF0FF301DB0BDE8EB
S3150801AA40F08F40236B610023CDF80C804FF001098C
S3150801AA50DFF8A081099320238DF8293030238DF85A
S3150801AA602A3023469A4613F8012B0AB1252AF9D129
S3150801AA70BAEB040B0BD05B4622462946384625F02D
S3150801AA800CF9013000F0A780099A5A4409929AF8FC
S3150801AA900030002B00F09F8000234FF0FF320AF1AF
S3150801AAA0010A049307938DF853301A93CDE90523C8
S3150801AAB0544605224F4814F8011B25F079FA049AE1
S3150801AAC0D8B9D00644BF20238DF85330110744BFA7
S3150801AAD02B238DF853309AF800302A2B15D0079A74
S3150801AAE0544600204FF00A0C214611F8013B303B31
S3150801AAF0092B4BD9B0B1079214E0A0EB0803A24683
S3150801AB0009FA03F313430493D2E7039B191D1B6840
S3150801AB10002B0391BBBF5B4242F0020207930793E6
S3150801AB20B8BF049223782E2B0AD163782A2B32D107
S3150801AB30039B02341A1D1B6843EAE37303920593C8
S3150801AB40DFF8C0A003222178504625F031FA38B142
S3150801AB50A0EB0A004022049B01348240134304936C
S3150801AB6014F8011B062224488DF8281025F020FA2E
S3150801AB70002836D0214B1BBB039B073323F0070361
S3150801AB8008330393099B334409936AE70CFB0232A2
S3150801AB900C460120A8E7002301344FF00A0C194698
S3150801ABA00593204610F8012B303A092A03D9002BC0
S3150801ABB0C6D00591C4E70CFB012104460123F0E741
S3150801ABC003AB2A4604A9384600930D4BAFF3008020
S3150801ABD0421C0646D6D1AB895B063FF52DAF0998CF
S3150801ABE02CE703AB2A4604A938460093044B00F028
S3150801ABF023F9EDE7BECF0408C8CF0408000000001A
S3150801AC009BFC0308C4CF04082DE9F04F0D469DB0FF
S3150801AC1014469846064618B1036A0BB9FFF720FE93
S3150801AC206B6ED90705D4AB899A0502D4A86D25F0B0
S3150801AC3004F8AB891B0701D52B699BB92946304610
S3150801AC4000F09AFA70B16B6EDC0704D54FF0FF304D
S3150801AC501DB0BDE8F08FAB899805F7D4A86D24F02F
S3150801AC60EDFFF3E70023CDF80C804FF00109DFF87B
S3150801AC70B481099320238DF8293030238DF82A30A1
S3150801AC8023469A4613F8012B0AB1252AF9D1BAEBBC
S3150801AC90040B0BD05B4622462946304625F074F84C
S3150801ACA0013000F0A780099A5A4409929AF80030AF
S3150801ACB0002B00F09F8000234FF0FF320AF1010AB2
S3150801ACC0049307938DF853301A93CDE90523544617
S3150801ACD00522544814F8011B25F06AF9049AD8B9D3
S3150801ACE0D10644BF20238DF85330130744BF2B23C5
S3150801ACF08DF853309AF800302A2B15D0079A544606
S3150801AD0000204FF00A0C214611F8013B303B092B74
S3150801AD104BD9B0B1079214E0A0EB0803A24609FA91
S3150801AD2003F313430493D2E7039B191D1B68002BF6
S3150801AD300391BBBF5B4242F0020207930793B8BF78
S3150801AD40049223782E2B0AD163782A2B32D1039BBE
S3150801AD5002341A1D1B6843EAE37303920593DFF86D
S3150801AD60D4A003222178504625F022F938B1A0EB68
S3150801AD700A004022049B013482401343049314F8C9
S3150801AD80011B062228488DF8281025F011F90028FC
S3150801AD903FD0264B1BBB039B073323F0070308331E
S3150801ADA00393099B3B4409936AE70CFB02320C4661
S3150801ADB00120A8E7002301344FF00A0C1946059330
S3150801ADC0204610F8012B303A092A03D9002BC6D0A0
S3150801ADD00591C4E70CFB012104460123F0E703AB07
S3150801ADE02A4604A930460093114BAFF30080074663
S3150801ADF0781CD6D16B6ED90705D4AB899A0502D4CE
S3150801AE00A86D24F01BFFAB895B063FF51FAF0998B8
S3150801AE101EE703AB2A4604A930460093044B00F00B
S3150801AE200BF8E4E7BECF0408C8CF04080000000009
S3150801AE3089FD0308C4CF04082DE9FF470F7E914613
S3150801AE4080460C46782F9A460C9E01F1430207D894
S3150801AE50622F0AD8002F00F0D280582F00F0B78051
S3150801AE6004F1420684F842703AE0A7F16303152B10
S3150801AE70F6D801A151F823F0D1AE0108E5AE0108D3
S3150801AE8061AE010861AE010861AE010861AE010853
S3150801AE90E5AE010861AE010861AE010861AE0108BF
S3150801AEA061AE0108E5AF01080FAF01089BAF0108C4
S3150801AEB061AE010861AE010807B0010861AE01087B
S3150801AEC00FAF010861AE010861AE0108A3AF010821
S3150801AED033681A1D1B68326004F1420684F8423051
S3150801AEE001239DE033682068191D3160060601D5E6
S3150801AEF01D6803E04506FBD5B3F90050002D03DABA
S3150801AF002D236D4284F8433059480A2310E02168FD
S3150801AF103368080653F8045B02D4490648BFADB244
S3150801AF206F2F5348336059D10823002184F8431001
S3150801AF306668002EA66005DB21682E4321F0040110
S3150801AF4021604DD01646B5FBF3F103FB1157C75DDA
S3150801AF5006F8017D2F460D46BB42F4D9082B0BD1C5
S3150801AF602368DF0708D5236961689942DEBF302364
S3150801AF7006F8013C06F1FF36921B22614B4603AAED
S3150801AF8021464046CDF800A024F010FF01304CD1EF
S3150801AF904FF0FF3004B0BDE8F087236843F0200383
S3150801AFA0236078273348236884F845701F0631687B
S3150801AFB051F8045B02D45F0648BFADB23160D907C8
S3150801AFC044BF43F0200323601DB11023ADE7284891
S3150801AFD0E9E7236823F020032360F6E70A23A4E7B9
S3150801AFE01646BBE733682568181D616930602E0669
S3150801AFF01B6801D5196002E06806FBD51980002394
S3150801B00016462361BAE7336800211A1D32601E68A5
S3150801B0106268304624F0CCFF08B1801B6060636823
S3150801B0202361002384F84330A8E723693246494659
S3150801B0304046D0470130ABD023689B0713D4E0685C
S3150801B040039B9842B8BF1846A4E7012332464946EE
S3150801B0504046D04701309BD00135E36803995B1A16
S3150801B060AB42F2DCEBE7002504F11906F5E700BF70
S3150801B070CFCF0408E0CF0408B1F90C202DE9F0413F
S3150801B080160705460C4651D44B68002B02DC0B6C9F
S3150801B090002B49DDE66A002E46D0002312F48052C1
S3150801B0A02F682B6031D0626DA389590705D563686E
S3150801B0B0D21A636B0BB1236CD21A0023E66A216A92
S3150801B0C02846B047421CB4F90C3006D129681D2917
S3150801B0D045D8284ACA40D60741D50022D904626014
S3150801B0E02269226004D5421C01D12B6803B9606527
S3150801B0F0616B2F60C1B104F14403994202D028461D
S3150801B10021F0BDF8002363630EE00123216A284676
S3150801B110B0470246501CC7D12B68002BC4D01D2B43
S3150801B12001D0162B19D12F6000201DE00F69002FC1
S3150801B130FAD093070E680F600CBF4B690023A6EB84
S3150801B14007088B60B8F1000FEEDD43463A46216ADF
S3150801B1502846A66AB047002808DCB4F90C3043F043
S3150801B16040034FF0FF30A381BDE8F0810744A8EB07
S3150801B1700008E7E70100402038B5284B05460C468C
S3150801B180186818B1036A0BB9FFF76AFBB4F90C30F2
S3150801B1901A0721D4D80607D409222A6043F04003A6
S3150801B1A04FF0FF30A38130E0590712D5616B41B1E9
S3150801B1B004F14403994202D0284621F060F800239D
S3150801B1C063630022B4F90C30626023F02403226918
S3150801B1D0226043F00803A38122693AB99A0501D589
S3150801B1E0180603D52146284624F014FFB4F90C3075
S3150801B1F013F001020AD00022A26062695242A261DA
S3150801B200226942B913F08000C8D138BD990758BFE1
S3150801B2106269A260F4E70020F7E700BF787C0020A6
S3150801B220024B0146186824F099BE00BF787C0020BD
S3150801B23038B50023064D0446084611462B601EF014
S3150801B240E4FB431C02D12B6803B1236038BD00BF60
S3150801B2502C51002038B50023064D044608461146F0
S3150801B2602B601EF0CCFB431C02D12B6803B1236073
S3150801B27038BD00BF2C51002038B50023054D0446C2
S3150801B28008462B601EF0BFFB431C02D12B6803B195
S3150801B290236038BD2C510020F0B5477B057B7B1C0C
S3150801B2A0B7EB951F89B004464FF00006437306D3E2
S3150801B2B08673312009B0BDE8F04009F095BD1D48F7
S3150801B2C009F02CFD7F001C491C4B3D41CDE90413B7
S3150801B2D005F00305E37A253504A88DF81830CDF86D
S3150801B2E01A60ADF81E608DF8195000F059FEA37A60
S3150801B2F0CDE901668DF8093023890396C3F3402207
S3150801B30052008DF80A20627B012A01D8DA070DD589
S3150801B31023F00103238101238DF8083001A825F0C4
S3150801B3200FF9206928F0D1F909B0F0BD2368019316
S3150801B330F4E700BF79B30108D6BE898E5555550085
S3150801B340222810B50C460DD0562812D100F0F8FC6B
S3150801B350084809F0E3FC0123A3733120BDE8104036
S3150801B36009F042BD00F0ECFCBDE81040014809F0C7
S3150801B370D5BC10BD87000408512808B510D10A8923
S3150801B380920508D50120897A00F0E0FABDE808405F
S3150801B390054809F0C3BC0846BDE80840FFF77CBF6D
S3150801B3A0BDE80840FFF7CCBFADB301082DE9F04F62
S3150801B3B053280C4685B007D0552800F0A28005B061
S3150801B3C0BDE8F04FFFF7BCBF00F07EFB8368064679
S3150801B3D0DD0740F1948043210DF10F0209F034FC99
S3150801B3E043780546252B00F28A8090F8008008F0FC
S3150801B3F00F08B8F1030F02D0B8F1050F7FD1206904
S3150801B40028F05EF922890146C2F34002284628F04F
S3150801B41074F9002873D1AB4627891BF802AB24F0CF
S3150801B42054FE07F4C07980F00103B9F10002CAF3AA
S3150801B430801A594618BF01225046DBB228F06FFA26
S3150801B4400146002863D124F049FE002857D1B9F1F5
S3150801B450000F5CD0FF43B8F1030FBFB220D1380605
S3150801B4604DD521892846C1F3800128F05DF90328C5
S3150801B470054628D123899A0627D4284809F04EFC7F
S3150801B480A17A002000F04CFA606928F01EF9238998
S3150801B4909B0640D5304605B0BDE8F04F28F044B8C4
S3150801B4A0F9052CD5218904F118030193C1F38013F9
S3150801B4B00093C1F30012C1F340032846C1F3C0014A
S3150801B4C028F03BF9D3E7052819D1304601F04EF9A2
S3150801B4D0A8B1032DD1D000253046A57300F02EFB67
S3150801B4E0304628F021F800F02BFC0D4809F016FC2F
S3150801B4F03120A57305B0BDE8F04F09F075BC00F021
S3150801B5001FFC204605B0BDE8F04FFFF7C5BEB8F1F0
S3150801B510030FC7D1A5E705B0BDE8F08F950004086C
S3150801B520870004080120014909F0E6BB87000408E1
S3150801B53021281FB50C4634D11C4809F0EFFB04F14C
S3150801B540100000F02DFD94F8240027F035FF94F83B
S3150801B5502030626813F0010394F8221012D00023F8
S3150801B560CDE90233A3686846134401930123009287
S3150801B5708DF80A308DF80B108DF80C3000F008FAAA
S3150801B58004B010BDCDE901330223684600928DF857
S3150801B59005108DF8063024F0D3FF204624F020FE4E
S3150801B5A0EEE704B0BDE8104024F09DBD4D02040845
S3150801B5B00320014909F0A0BB31B5010837B5174D7C
S3150801B5C00446EB6993F87D2012B9002003B030BD1B
S3150801B5D001281AD002280CBF022201228DF8042064
S3150801B5E001228DF805209A6F286922F044029A678C
S3150801B5F001A92BF09BF90028E8D1012C07D1EA69AA
S3150801B600936F43F040039367DFE70422E6E7022CD2
S3150801B610DBD1EA69936F43F00403F4E7402800207D
S3150801B62037B5184D0446EA6992F87D3013B90020FA
S3150801B63003B030BD01281CD002280CBF0223012308
S3150801B6408DF8043001238DF80530936F286923F4AA
S3150801B650805323F00203936701A92BF08BF9002885
S3150801B660E6D1012C07D1EA69936F43F00203936788
S3150801B670DDE70423E4E7022CD9D1EA69936F43F4A1
S3150801B6808053F4E7402800200422F0B51D4E0546F4
S3150801B690F36985B083F87C20407900F00BFF2C799B
S3150801B6A0074694B1A879FFF789FF044638BB0146D6
S3150801B6B06A79012021F04AF83B46224671793069B8
S3150801B6C005B0BDE8F0402AF0D8BF2B686879039425
S3150801B6D0029300F0EFFE009022467179306902ABC1
S3150801B6E02AF0D6FF044650B9A879FFF767FF044642
S3150801B6F028B9024601216B79286821F026F82046E7
S3150801B70005B0F0BD40280020014B18692BF054BC48
S3150801B71040280020014B18692BF050BC4028002016
S3150801B720F8B52FF053FE0646164FFB6993F86F409E
S3150801B73093F86E300434E41AE4B20CB9042507E030
S3150801B74001202CF040FB014688B9C4F10405EDB28D
S3150801B75030462FF036FE44B1FA694FF00060936F18
S3150801B76043F01003936709F05BFC2846F8BD0648C9
S3150801B7702CF070FAFA69013C92F86E30013382F8BE
S3150801B7806E30D9E740280020542800202DE9F843D7
S3150801B790DFF86C800546D8F81C3093F86E4093F8AC
S3150801B7A06F30E41AE4B298B12FF010FE2E46074620
S3150801B7B0306820B1042C0ED130462CF0DCF929680A
S3150801B7C00E482CF03DFA38462FF0FBFD00232B607E
S3150801B7D02046BDE8F883D0F800902CF0EAFA3368E1
S3150801B7E0D8F81C20C3F8009092F86E300134013362
S3150801B7F03668E4B282F86E30DAE700BF54280020D2
S3150801B800402800202DE9F0414FF0000882B0054696
S3150801B810CDF8048038B3154F01AC0AE023601B68E4
S3150801B8207B612368C3F800802668453D002D3446B0
S3150801B83010DD7B69002BF1D101202CF0C4FA0646F4
S3150801B84020600028F1D101A8FFF7A0FF304602B019
S3150801B850BDE8F081019E3046737943F001037371A7
S3150801B86002B0BDE8F0810646F5E700BF4028002092
S3150801B87038B52FF0ABFD00240546094BDA695B693B
S3150801B880A2F86E40621C3BB906482CF074F92846AA
S3150801B8902FF097FDE0B238BD14461B68F2E700BFEA
S3150801B8A0402800205428002008B509F0EBFD024B7A
S3150801B8B01030D86108BD00BF4028002038B50446BD
S3150801B8C00A4DFFF7F1FFEB692A689A6764B1A08808
S3150801B8D009F096F909F0B0F90122EB6983F87C20A1
S3150801B8E0FFF71EFF002038BD0120F3E7402800209E
S3150801B8F0014BD86970307047402800200022024B5E
S3150801B900DB691A675A67704740280020034BDA69D2
S3150801B910936F43F480339367704700BF4028002034
S3150801B920042238B5084B0D46DB6983F87C20FFF7FE
S3150801B93045FE044608B100F0EBFC2A460021012029
S3150801B94020F004FF204638BD40280020022238B5E1
S3150801B950094B0D46DB6983F87C20FFF761FE044637
S3150801B96008B100F0D5FC2A460021012020F0EEFEA0
S3150801B97024F0CFFD204638BD40280020034A13682D
S3150801B98023F40043136000F0E5BE00BF4028002001
S3150801B9907FB52D4E0446F569102295F87C300021B5
S3150801B9A0022B14BF02230823684685F87C3024F04D
S3150801B9B03BF9237A002B3DD001238DF804306368C7
S3150801B9C00293A37A53B195F87D0009F003F9029B16
S3150801B9D002881344029301238DF80D30637A207B84
S3150801B9E08DF80E30FFF71CFE0546C0B9E07A00F067
S3150801B9F061FD6A460346717930692AF0B6FE054645
S3150801BA0068B9F369227AB3F87A10E37A01F0010189
S3150801BA109AB11A46012020F099FE24F07AFDF269BE
S3150801BA20936F23F48033936715B1284600F070FCB1
S3150801BA3004B070BD23680093C1E70A462068012156
S3150801BA4020F083FEE9E700BF40280020082270B5F0
S3150801BA501C4D86B0EB690E4683F87C20017A0446B4
S3150801BA604B1ED9B2437A0529184628BF00212B71E6
S3150801BA7024F000FDADF810300023687102466068B5
S3150801BA808DF812300290ADF81430206802AB00939D
S3150801BA903368039028692BF0B8FBEB69227A83F89F
S3150801BAA07D2018B100F034FC06B070BD307BFFF77D
S3150801BAB0B7FD0028F6D1EA69936F43F4807393675B
S3150801BAC0F2E700BF40280020F0B51B4B87B0DD69BF
S3150801BAD095F86C4004EBC404A600AF5905EB840441
S3150801BAE017B1204607B0F0BD1A79A773627303210F
S3150801BAF001AA1869A7600CF0DBFCA8512046039A35
S3150801BB00049B1036AA513544BDF808209DF8041047
S3150801BB106B60BDF806300729A3EB0203638308BFF0
S3150801BB20A368228308BF43F00103A783276208BFDE
S3150801BB30A36007B0F0BD00BF4028002083689B07BB
S3150801BB4000D5704730B5154D87B0044601686A4679
S3150801BB5028690CF0CDFC50B9238B628B69461344D6
S3150801BB6003332869ADF804302BF018F908B107B08A
S3150801BB7030BD009B9DF90E00636000F0DBFD20736C
S3150801BB80EB699DF8111093F87D0009F017F8A36881
S3150801BB90A07343F00203A36007B030BD402800201C
S3150801BBA0F8B54FF6FF741E46A142038BB0F81AC0CA
S3150801BBB008BF818B9C4418BF81836145054636DAE7
S3150801BBC04FF6FF708242ACEB010C02D09445A8BF38
S3150801BBD094468B421FFA8CF407D80027A74216D33E
S3150801BBE0AB8B38463B44AB83F8BD5B1AA342A8BF6F
S3150801BBF023462A69304611449AB217462CF018FA98
S3150801BC0080B2B84218D1298BA7420B46E8D23046F2
S3150801BC10C91AE61B6B69B6B2324613FA81F12CF0E2
S3150801BC2007FA80B2361AB6B226B92746D8E70027E8
S3150801BC303846F8BD384480B20746AB8B1844A8830A
S3150801BC403846F8BDF8B524260F4FFC6994F86D30CF
S3150801BC5006FB0344214624F07CFC05462FF0B6FB7F
S3150801BC600022F969226291F86D305E438A510322F6
S3150801BC700133B3FBF2F202EB42029B1A81F86D30F3
S3150801BC802FF09FFB2846F8BD402800202421044BAD
S3150801BC90DB6993F86C2001FB023124F05ABC00BF22
S3150801BCA04028002073B5114D04462B7883421BD0DA
S3150801BCB00F4E88B1012006F021F9002301930D4B9F
S3150801BCC04FF0004200930C49012330692AF0C7FC62
S3150801BCD001202C7002B070BD074930692AF0CAFCF0
S3150801BCE0204606F00BF9F3E70020F3E71366002078
S3150801BCF0402800206B0404083051002010B5094C77
S3150801BD00E369986F10F400700AD020692BF0F0F8F7
S3150801BD1030B9012120692BF0CBF880F00100C0B2BF
S3150801BD2010BD00BF40280020044BDA69926F9205C6
S3150801BD3003D5002118692BF0BBB8704740280020AD
S3150801BD4010B5154CE36993F87C30012B08D0002215
S3150801BD501146104620F0FAFC0122E36983F87C209B
S3150801BD600122032120690BF045FC002201212069EB
S3150801BD702BF034F8FFF7D8FF002024F0CEFB24F08F
S3150801BD80CEFB002024F0CDFBE269936F23F4847384
S3150801BD9043F4C043936710BD4028002010B52FF027
S3150801BDA015FB0446FFF7CCFF074B5620DA69B2F8B4
S3150801BDB076300133A2F8763009F05EF82046BDE800
S3150801BDC010402FF0FEBA00BF4028002010B5114CD4
S3150801BDD0E269936F190704D523F008039367FFF700
S3150801BDE0DDFFE269936FD80604D523F01003936744
S3150801BDF0FFF796FCE269936F990609D523F02003AC
S3150801BE00936709F051FB18B1BDE81040FFF7C6BFAB
S3150801BE1010BD00BF4028002008B5FFF791FF00F0CC
S3150801BE2099FC094A1368D16923F4004313605369DD
S3150801BE300022501C23B981F86E2081F86F3008BDA5
S3150801BE4002461B68F5E700BF402800202DE9FF4799
S3150801BE500C9D17469946064660B9294CFFF764FFBB
S3150801BE6020692AF0EBFFE269936F23F4007300203F
S3150801BE70936720E0042840D808293ED8531E072B8B
S3150801BE803BD8002D39D0B9F1000F36D00023DFF8A1
S3150801BE9070808DF809308DF80B301A4B8DF8081023
S3150801BEA0D8F8100002A98DF80A2003932BF010F890
S3150801BEB0044618B11F2004B0BDE8F0874FF0010A07
S3150801BEC0CDF800A000212B46D8F81000E2B22AF0DE
S3150801BED0D5FF01460028EDD10134B4423D44EFDBDC
S3150801BEE04A46D8F810002AF0B7FF0028E2D1D8F858
S3150801BEF01C20936F43F40073B9E72020DBE700BFEA
S3150801BF0040280020FEFFFF01014B18692BF01FB8DE
S3150801BF1040280020002208B51046114620F016FCDC
S3150801BF20034B18692AF0FDFB24F0F6FA08BD00BF99
S3150801BF3040280020024B5878C0F38000704700BFA4
S3150801BF404028002038B5154C0546E36993F87D303D
S3150801BF5083420ED0431E042B08D8DFE803F0030BF7
S3150801BF600F14160020690CF037FD10B9E36983F840
S3150801BF707D5038BD206924F0D6FAF6E700212069FC
S3150801BF8024F0D3FAF1E70221F9E7FFF7D3FF0028F6
S3150801BF90ECD0206924F0CBFAE7E700BF402800205F
S3150801BFA07FB50446114E407A0025307124F062FAB5
S3150801BFB07071207AFFF7C6FF6368694600932368A4
S3150801BFC030690193637A8DF80A50ADF80830ADF8F7
S3150801BFD00C502BF004F92A462946284624F098FAEB
S3150801BFE0206824F09BFA04B070BD00BF40280020E9
S3150801BFF038B50B4C05462368206923F48063236012
S3150801C0002AF0DEFF38B10DB9002038BD236843F4A4
S3150801C01080632360F8E7002DF6D00C20F5E700BF12
S3150801C02040280020F0B53B4C0746216889B011F03D
S3150801C030010165D12022204623F0F6FD36482AF073
S3150801C04024FC064610B1102009B0F0BD334D344B1F
S3150801C05001A82B6009F01AFA029B2046AB82019BC4
S3150801C06032462B622F4B29461B886B822E4B1B6847
S3150801C070EB612E4B1B882B822D4B1B68AB614FF056
S3150801C080FF3340F8103F0BF0D1F90028DBD1BB682C
S3150801C090DB0237D4012000F093FB0028D3D102221A
S3150801C0A04FF0FF3120692AF00AFD0028CBD1012083
S3150801C0B0FFF79EFF20690CF077FC0028C3D11D4EBF
S3150801C0C001AD0FCE0FC596E8070085E80700206980
S3150801C0D001A90BF0AFFE0028B5D1012120692AF08C
S3150801C0E0B9FA0028AFD1144A14492069F9F7D2FDE3
S3150801C0F000F09AFA0028A6D1236843F001032360C9
S3150801C1000020A1E70E4920690BF0DCFA0028C1D00E
S3150801C11099E700BF40280020690345EC48510020F3
S3150801C12039C301087401050878010508760105086F
S3150801C1307C010508A4FF0408710404089F04040887
S3150801C140A1FF040870B505460E4614460AB124F047
S3150801C150E1F90448234632462946BDE8704000699C
S3150801C1602AF003BE40280020F8B505460E46FFF71B
S3150801C170ABFC2F680446CFB9638B008B18440A3091
S3150801C18080B2FFF73FFB0346286000B382790C3281
S3150801C1901344A2681A71618B228BDF710A441A81D2
S3150801C1A00D4A0A2112799A712BF0BCFC4FF6FF71E0
S3150801C1B02B68B2B22046FFF7F3FC074A5369D169E7
S3150801C1C00022501C23B981F86E2081F86F30F8BD22
S3150801C1D002461B68F5E700BF40280020242238B52F
S3150801C1E005460B4BDC6994F86C3002FB0344204688
S3150801C1F0FFF7A4FCAA790C32AB18197941F00201B0
S3150801C20019716168A950227B5A71A27BDA7138BD0E
S3150801C21040280020024BDB6993F87D00704700BF78
S3150801C22040280020044BDA69936F034393674FF064
S3150801C230006027F0F1B900BF4028002038B505F0A5
S3150801C2407BFE324C28B3857D25BBE36993F87C20B8
S3150801C250022A10D1B3F8722053200132A3F87220B2
S3150801C26008F00AFE012024F05CF92421E26992F81B
S3150801C2706C304B43D550E26992F86E3092F86F20D4
S3150801C2809B1ADBB2032B40D8BDE838401020FFF7D4
S3150801C290C9BFFF25284608F037FD002831D0E369D4
S3150801C2A093F87C20022AE6D1B3F872205320013292
S3150801C2B0A3F8722008F0E0FD012024F032F9236882
S3150801C2C01D0407D5E36993F87C30012B02D052206F
S3150801C2D008F0D2FD2422E16991F86C305A43881896
S3150801C2E08068C0F38005400741BF03220133B3FBD1
S3150801C2F0F2F202EB420246BF9B1A81F86C308D506E
S3150801C300B9E7322008F0B8FDB5E738BD4028002066
S3150801C31038B505462FF04DF80446064B0820DB696B
S3150801C32083F87E50FFF77EFF2046BDE838402FF0A0
S3150801C3303BB800BF40280020F8B515461C460646FE
S3150801C3401946104600F0D2F82A4623463046F9F730
S3150801C350B1FC4E4ED6E9022300EA020401EA0305BE
S3150801C3600D2C75F100034DD20D2C75F1000318D370
S3150801C370474B23402BB124F0011323F4A0432B434D
S3150801C38076D004F17F432B4365D0610152D5F36919
S3150801C390996FCA054ED521F4807193F87C20996767
S3150801C3A026E00C2CE4D801A353F824F003C40108B1
S3150801C3B071C3010871C3010871C3010851C4010899
S3150801C3C071C3010871C3010871C30108E7C30108F4
S3150801C3D071C3010871C3010871C30108E1C30108EA
S3150801C3E0002024F09EF8FFF729FFF36993F87C20D3
S3150801C3F0082A04BF022283F87C202046294620F019
S3150801C400AEF9F8BDA4F58043083B2B43B0D1FFF73D
S3150801C41015FFF36993F87C20022AE9D140F6020157
S3150801C420986F814318BF0122552083F87C2008F0B4
S3150801C43023FDDAE72EF0BDFF64220746F3690820DB
S3150801C44083F87E20FFF7EEFE38462EF0ADFFCCE7E7
S3150801C45024F068F8C9E7F2695120B2F8703001335F
S3150801C460A2F8703008F008FD012024F05AF8BCE75C
S3150801C470F36993F87C20012ABFD040F60202996F2E
S3150801C4808A4314BF01220222CEE700BF40280020BA
S3150801C4900150010007B54FF480730022CDE900234E
S3150801C4A0034908692AF076FA03B05DF804FB00BF70
S3150801C4B04028002038B5044605F03EFDFF21094B0A
S3150801C4C005461A68537A127A6343B3FBF1F3064CAD
S3150801C4D01344237005F0E0FBEB686060A360204617
S3150801C4E038BD00BFA05700206C510020CB0507B509
S3150801C4F00CD5084B002218690DF107012AF037F906
S3150801C50010B99DF807300BB1FFF702FF03B05DF8CC
S3150801C51004FB00BF4028002030B50C460021054623
S3150801C52085B009480091006903AB0DF10E02F9F7D0
S3150801C530E1FC15B1BDF80E302B8014B1BDF80C30F5
S3150801C540238005B030BD00BF4028002013B504463E
S3150801C5500DF106010020FFF7DFFFBDF90600074BC5
S3150801C560C828A8BFC820A042A8BF2046B3F90420FE
S3150801C5709042B8BF1046588002B010BD68620020CC
S3150801C58070B586B0ADF80C20ADF80E304FF0C81274
S3150801C5904FF08213ADF80800ADF80A1000200DF12E
S3150801C5A00601CDE90423FFF7B7FF02A804220346D3
S3150801C5B0BDF9066004ACB0F9001034F9025BB1426A
S3150801C5C0A8BF3146A942A8BF2946013A12F0FF027F
S3150801C5D020F8021BEFD103CB034AC2F80600C2F8C2
S3150801C5E00A1006B070BD00BF6862002013B5044684
S3150801C5F000210DF10600FFF78FFFBDF90600084A75
S3150801C600084B9042B8BF1046A042B8BF2046B3F9BE
S3150801C61002209042A8BF1046988002B010BD00BF04
S3150801C620D4FEFFFF6862002038B5144B0021186953
S3150801C63020F0C4F80446E8B947F6FF7310498D1E81
S3150801C640086048608860881C21F8023CFFF764FF8F
S3150801C650B5F90420B5F902309A420DDCC820FFF776
S3150801C66075FF0848FFF7C2FF64231A46194618469C
S3150801C670FFF786FF204638BD1024FBE74028002037
S3150801C6806A620020D4FEFFFF084B10B5B3F90240D9
S3150801C69030B903EB4103B3F904309C42A8BF1C46E9
S3150801C6A0A242A8BF2246104610BD00BF68620020FC
S3150801C6B00346044AB2F904001BB1034B1B8BC01A8B
S3150801C6C000B270476862002040280020034BB3F986
S3150801C6D002309842A8BF1846704700BF686200201A
S3150801C6E0C82838B50EDC084B084D1A8B801AB5F9DF
S3150801C6F0002004B2A24205D0214618690BF0EAFDD2
S3150801C70000B92C8038BD00BF40280020686200208F
S3150801C7108BB200294FF00A01B4BF053B05339BB222
S3150801C7201BB293FBF1F3024A10835383704700BF90
S3150801C73040280020024B5B8BC01A40B2704700BFED
S3150801C74040280020024B1B8BC01A00B2704700BF5D
S3150801C750402800200022044BDB691A605A629A6459
S3150801C760A3F86C20704700BF402800200A4B418B74
S3150801C770DA6992F86E3092F86F209B1A5BB203EB76
S3150801C780031203EB8203028B50180A30834234BF2B
S3150801C79000200120704700BF40280020074B418B2D
S3150801C7A0DA69038B0B4445214E33B3FBF1F392F857
S3150801C7B06F100B4482F86F30704700BF4028002085
S3150801C7C007B50A490A4AD1E90203024343F020039D
S3150801C7D0C1E90223CDE900234FF0FF324FF0FF33C1
S3150801C7E008692AF0D7F803B05DF804FB4028002051
S3150801C7F00DD5015507B5019001A82BF0BCF9084BD9
S3150801C8001A680AB95A683AB1D3F870349B0703D43F
S3150801C8104FF4806026F000FF03B05DF804FB00BF0B
S3150801C820785100200022014B1A70704715660020C6
S3150801C830024A1378013B1370704700BF1566002042
S3150801C840024B1A7810441870704700BF156600200D
S3150801C850044B1878044B1B78984234BF00200120FA
S3150801C860704700BF15660020687D0020F8B50546AB
S3150801C87023F0D7FE044608B90020F8BD194FAE7B50
S3150801C880387806F02006012820D0032821D018B1CF
S3150801C8900024AEB93E7013E03EB9FFF7D9FFE0B107
S3150801C8A02846FFF7A7FF0120E7E701223A70FFF7BD
S3150801C8B0CFFF044630B1032328463B70FFF79AFFA2
S3150801C8C02046DAE71046FFF7BBFFF9E7FFF7B8FF9F
S3150801C8D0DEE72846FFF78EFFDBE70120FFF7B0FF0B
S3150801C8E0CAE700BF14660020014B1870704700BFE5
S3150801C8F0687D0020002313B5074C0193D4F808047A
S3150801C90001A92BF0E9FB20B10198C27983799A42F2
S3150801C910F4D102B010BD00BF7851002070B50024D3
S3150801C9202EF054FD144BD3F80834621C43B9E4B213
S3150801C930B4FA84F62EF045FD76091A2C03D970BD92
S3150801C94014461B68F1E7002023F0C7FE05460028B8
S3150801C950F5D01EB1437943F0010343712EF036FD3C
S3150801C9600646294605482BF06BF9013430462EF068
S3150801C97028FD0026E4B2E0E7785100208055002022
S3150801C98084B06B460E4A1068516803C303C30D4B46
S3150801C99003F2544282E8030003F25C4204A911E956
S3150801C9A0030082E80300084AC3F8642440F272626D
S3150801C9B0A3F86824002283F86C2404B0704700BFEA
S3150801C9C08FCE0408785100201B00480110B507488E
S3150801C9D02BF0D1F8054B1C46181D2BF0CCF804F5A5
S3150801C9E08160BDE810402BF0C6B800BF7851002021
S3150801C9F010B583790C33C15CC4184B1EDBB23F2BCF
S3150801CA001BD80F4A02EBD30090F8540403F007032E
S3150801CA10D84010F001000FD03E290ED1A378013B72
S3150801CA20DBB23F2B09D802EBD30292F85C0403F080
S3150801CA300703D84000F0010010BD0120FCE700BF44
S3150801CA407851002010B52EF0C1FC044608482BF099
S3150801CA5092F8074B181D2BF08EF8FFF791FF00226D
S3150801CA60044B20461A70BDE810402EF0AABC00BF40
S3150801CA7078510020156600202DE9F0410646006828
S3150801CA80294D437913F0020F14BF0427022723F017
S3150801CA904EFE002818BF05272EF098FC95F86D3430
S3150801CAA0013385F86D342EF08CFC306823F00CFECA
S3150801CAB030682BF0BAF8002380464FF4806231685B
S3150801CAC005F109002BF04DF804468045304609BFAB
S3150801CAD02F720527002701342BF04DF80023336008
S3150801CAE097B12EF073FCD5F87034052723F00203AD
S3150801CAF0C5F8703495F86D34013B85F86D342EF020
S3150801CB0060FC3846BDE8F081012024B223F00EFE10
S3150801CB102146064823F0D1FD2146044815F089FD32
S3150801CB200028EED0DDE700BF7851002080510020B3
S3150801CB302DE9F047814692461FFA81F805F01CFB5C
S3150801CB402EF044FC0746042023F0B9FDB9F1000F85
S3150801CB5000F0BA8040F2017208F1FF339BB29342AA
S3150801CB6000F2B2805A4ED6F80C44002C40F094805C
S3150801CB70FFF7C0FE0446002865D0C6F80C046379A1
S3150801CB8043F008036371E579C5F1450515F0FF051D
S3150801CB900BD1637923F0080363712468002C5BD0F9
S3150801CBA04525637943F008036371454528BF454622
S3150801CBB049462A4620462AF0C1FF85424CD1A94456
S3150801CBC0A8EB05051FFA85F8B8F1000FDBD1D6F8F1
S3150801CBD00C84BAF1000F73D098F80650404608EB5A
S3150801CBE0050393F80C900135EDB288F80650C8F89C
S3150801CBF008902BF01AF80C35B9F1020F45444FD0BD
S3150801CC00B9F1050F55D0B9F1010F5DD1AB780338EC
S3150801CC10834259D198F8053043F0020388F8053064
S3150801CC20637923F00803637123681BB15A7942F0CB
S3150801CC3001025A7100234FF48060C6F80C3426F0BD
S3150801CC40EBFC00240AE0FFF769FEFFF753FE0446F2
S3150801CC50C6F80C04002892D14FF0FF3438462EF05E
S3150801CC60B0FB9CB11A48D0F80C247AB113460025BA
S3150801CC705979DD8021F00B0159711B68002BF7D119
S3150801CC80517941F001015171C0F80C342046BDE8D3
S3150801CC90F0872468002CDFD063791B07F9D572E782
S3150801CCA06B88043883420FD198F8053003F0FD03E9
S3150801CCB0B4E7EA78AB7802F03F0243EA0223F0E7E9
S3150801CCC040462AF0B2FFBCE76FF00104C6E700BF91
S3150801CCD07851002008B52EF079FB054AD2F8703450
S3150801CCE023F00203C2F87034BDE808402EF069BB90
S3150801CCF07851002070B506462EF068FB114C0546A2
S3150801CD0094F86D34013B84F86D34D4F87034DB063D
S3150801CD1001D515F091FC23680BB9606878B14FF419
S3150801CD20806026F079FC2EB9D4F8703423F002031A
S3150801CD30C4F870342846BDE870402EF042BB23F093
S3150801CD40F5FCF0E77851002010B52EF03FFB0A4BB1
S3150801CD500446D3F8702422F00202C3F870241A6834
S3150801CD600AB95B681BB14FF4806026F055FC204672
S3150801CD70BDE810402EF025BB7851002070B5044659
S3150801CD802EF024FB05462046FFF770FD20B1284604
S3150801CD90BDE870402EF015BB084E214630462AF0F4
S3150801CDA04FFF204623F08AFCD6F870349B07EED451
S3150801CDB04FF4806026F030FCE9E700BF7851002087
S3150801CDC0002337B501932EF001FB184C0546D4F81C
S3150801CDD070349B0724D4201D2AF0D7FE0190A0B1F8
S3150801CDE0D4F8703443F00203C4F870340124284699
S3150801CDF02EF0E7FA019830B1A4B101A8FFF73CFE7D
S3150801CE0008B1FFF7A1FF03B030BD20462AF0BDFEE9
S3150801CE10019028B1D4F8703443F00203C4F8703491
S3150801CE200024E4E700F0BAFAEAE700BF78510020E7
S3150801CE3037B5154CD4F808343BB1D4F80C249342D1
S3150801CE4003D0DA799B799A4204D103B0BDE8304020
S3150801CE50FFF764BD2EF0BAFA05460C482AF095FE8E
S3150801CE60019028462EF0ADFA019843799B0702D422
S3150801CE7001F0B0FDDEE701A800F024FB01980028C7
S3150801CE80D8D023F068FCD5E77851002080550020DA
S3150801CE9008B500F065FC40F274420021054822F00D
S3150801CEA0C3FE23F025FCFFF76BFDBDE80840FFF73D
S3150801CEB0B9BC00BF785100200949024691F85B3494
S3150801CEC013F020000AD0531EC3F3C402114491F88B
S3150801CED05C0403F00703D84000F00100704700BF67
S3150801CEE07851002000222DE9F04F4FF0010A8046C3
S3150801CEF0006889B08379CDE903220C3305924A7813
S3150801CF00DFF8A491034413448D799F78D9F87034D6
S3150801CF108E780AFA05F51D400C46029007EA060BBB
S3150801CF2013D002A82AF027FE23795B4508D0A379F6
S3150801CF300AFA03FAD9F8703423EA0A03C9F87034ED
S3150801CF400525284609B0BDE8F08F91F800A02AF01A
S3150801CF506CFE2178CAF1FF0A023101EB0A039842F5
S3150801CF60EFD902A82AF0B0FF27EA0607069000289B
S3150801CF7060D0FF26029B13BB039A0393C8F80020CF
S3150801CF800425D8F8002093790C33D118D35C3E2BAD
S3150801CF9005D18B780D2B02D13046FFF751FC06A837
S3150801CFA02AF0E9FD02A82AF0E6FD03A82AF0E3FD26
S3150801CFB004A82AF0E0FD05A82AF0DDFDC1E75146DF
S3150801CFC002A82AF081FF0490002833D0022106988E
S3150801CFD02AF09EFF059068B3029A43791ABB43F07B
S3150801CFE009034371049B0360837904950C33034455
S3150801CFF001932AF01AFE019B0238C0B25870E278F2
S3150801D00021781A44401A9070029A8AB12279617875
S3150801D0103A430B449A70059903A801362AF010FE83
S3150801D020F6B20595A6E723F0080343F00103D8E70E
S3150801D0305A46ECE70122A179D9F870348A4013429D
S3150801D0402ED121790698594504BF1343C9F870347E
S3150801D0500790002310BB0298029307902AF0E5FD7A
S3150801D06023780026C11A023907A82AF029FE07984B
S3150801D07085790C3505442AF0D8FD0238C0B26870A6
S3150801D080E37822782B44801A987063781D44637973
S3150801D0901F43079BAF70C8F8003071E70693DDE7B9
S3150801D0A0002605256DE700BF7851002037B583793D
S3150801D0B001900C33C4180123E370A388103B0B2B92
S3150801D0C06ED8DFE803F0066D75736D366D6D6D6D9F
S3150801D0D06B6B032563780E3B637002230199A3707A
S3150801D0E08879CA79344B121A0C300144D2B21846DF
S3150801D0F022F0B7FD25718279A0F214456271D0F844
S3150801D100072000F11C01C4F80620B0F80B20628143
S3150801D110C27E04F10D00227322F0A3FD95F82F3487
S3150801D1201C4495F825346373019AD3790E3BD37160
S3150801D13032E003F001F800283CD0019C1E4DA1798C
S3150801D140E2792846521A0C31D2B2214422F089FDDD
S3150801D1501221A2790C32A31859703E21A1540B222F
S3150801D1609A700122DA701A71AA795A71D5F80720CC
S3150801D170C3F80620B5F80B205A812A7D1A73D5F80B
S3150801D1801520C3F80D20B5F81920A3F811206A7CDB
S3150801D190DA74E379083BE371002005E0042599E791
S3150801D1A001A82AF0E8FC052003B030BD002591E767
S3150801D1B002258FE701258DE78C55002070B5056896
S3150801D1C00646AB790C33EC18EB5C0C2B26D03E2BC0
S3150801D1D036D0012B16D142F23002B4F8033093420D
S3150801D1E013D042F2420293420CD1694AD2F8103462
S3150801D1F0990507D523F40073C2F810340C23E3709C
S3150801D200202323710024204670BD237A03F00303EB
S3150801D2102372637A03F003036372F3E75C4ED6F86D
S3150801D2201034DA050AD4284615F008F80124D6F888
S3150801D230103423F48073C6F81034E4E70024F6E7C3
S3150801D240A378292BDED8232B0FD80D2B3ED01FD838
S3150801D250042B2BD00C2BD5D1A37903F00303A3718F
S3150801D260E37903F00303E371CCE7243B052BC9D823
S3150801D27001A252F823F000BF75D3010837D301087C
S3150801D28059D3010805D2010805D20108F1D20108CE
S3150801D290142BB7D1AB68012BB4D13D4B93F86C4431
S3150801D2A0012CAFD1284614F0C9FFACE7384ED6F8A1
S3150801D2B010341B0608D4284614F0C0FF0124D6F8FA
S3150801D2C0103423F08003B6E70024F8E70123304A37
S3150801D2D00B7092F86C249A4204D12846BDE8704036
S3150801D2E0FFF7E4BE2B49E370BDE87040FFF7FABDCE
S3150801D2F02920FFF7E1FD002884D10A20FFF7DCFD8C
S3150801D300EA796378033AD2B2EA7120B1033B6370D2
S3150801D3100A23A37076E7D4F81A200F3BC4F80E2027
S3150801D320E28B628294F820202275EA790C3AEA7136
S3150801D33063700123EDE72520FFF7BEFD48B92846AE
S3150801D34023F023FA0822144B1A7006225A70072270
S3150801D350DA7030461049C7E72620FFF7ADFD0028E9
S3150801D3607FF450AFEB79043BEB716378043B637050
S3150801D3701823CEE72420FFF79FFD00287FF442AF4C
S3150801D380EB79043BEB716378043B63700E23C0E7CA
S3150801D39078510020C0FF0408697D00207FB500236D
S3150801D3A042798DF80F3092070346019005D423F090
S3150801D3B0A8F90446204604B070BD82790C3281185A
S3150801D3C0805CFF2807D188780D2804D13E249C5417
S3150801D3D001228870CA70184623F0F1F9012826D06F
S3150801D3E00DF10F0101A8FFF7E9FE044608B104286B
S3150801D3F021D10198FFF7FCFAC8B1042C019D25D16A
S3150801D400002128462AF08DFC2DF0E0FF2946064624
S3150801D4100F482AF024FC0E482AF0B7FB044630468A
S3150801D4202DF0CFFF204623F06CF9044603E001A84E
S3150801D4302AF0A1FB01249DF80F30002BBAD004F085
S3150801D440FB03012BB6D1FFF7F3F9B3E72846EAE761
S3150801D4507851002038B51A4A044692F86C341BB93B
S3150801D46082F86C14012017E08B42FBD083790C33C8
S3150801D470C15AC21842F20D03994208D0A1F50153C7
S3150801D480033B012B03D942F28503994205D10C22AC
S3150801D490204623F067FB002038BD42F286039942F5
S3150801D4A008D1D57801230C2223F095F9A3791C44D8
S3150801D4B0A574F0E700230C2223F08DF9EBE700BFF2
S3150801D4C07851002038B504460F4B1D688DB9206880
S3150801D4D02B46817901220144898923F07CF9206848
S3150801D4E080B1FFF785FA68B92046BDE838402AF0C9
S3150801D4F042BB20466B6898470028F0D1002CEED035
S3150801D5002D68E3E738BD00BFEC55002008B50A4988
S3150801D5100A4800F01DF9E9F791FB012807D1022015
S3150801D52023F0DBF8002240F6034123F02CFBBDE88B
S3150801D5300840E9F79FBB00BF41D50108F055002017
S3150801D54070B504680546A37988B00C33E618E35A22
S3150801D550A3F57C43073B332B00F2C180DFE803F0D8
S3150801D5605667BFBFBFBFBFBFBF3759641A2B5CAA77
S3150801D570A433BFBF2FBFBFBFBF3B4144474A5F6A02
S3150801D580959B989EBF4DBF5053A1A7ADB0B3B9BCEB
S3150801D590BFBFBFB6F57845B91122002529462046F1
S3150801D5A023F0C6F9012008B070BD23F0BDF80028A4
S3150801D5B0F2D00022F2E7204623F0C6F9F2E7204628
S3150801D5C023F0E5F9EEE7204623F0FDF9EAE72046E0
S3150801D5D023F0B0F8E7E700224249204623F00DF987
S3150801D5E0E0E700224049F8E700224049F5E7002232
S3150801D5F03F49F2E700223F49EFE700223E49ECE7BF
S3150801D60000223E49E9E700223D49E6E700223D4975
S3150801D610E3E700223C49E0E700223C49DDE72AF03E
S3150801D620AAFA14F0F0FFBDE700223949D5E700222E
S3150801D6303849D2E701A8009424F0ADFBD6F80330A7
S3150801D640684601932AF097FA14F0DDFF01A814F051
S3150801D650B0FF00284FF001000CBF00241F242AF058
S3150801D660B2FB009070B1224604234FF6264123F0FF
S3150801D67054FA009C0020A2790C32144414F078FD67
S3150801D680C4F80600009B2B608CE700222249A4E718
S3150801D69000222249A1E7002221499EE700222149C9
S3150801D6A09BE70022204998E70022204995E70022B6
S3150801D6B01F4992E700221F498FE700221E498CE77E
S3150801D6C000221E4989E700221D4986E700221D49D5
S3150801D6D083E700221C4980E700221C497DE70020D8
S3150801D6E061E700BFA9F10108D1F10108F9F10108C3
S3150801D6F021F2010849F20108010904089F120408E8
S3150801D70095060408E9ED010829ED01088D060408C6
S3150801D71071ED0108C5ED010871F2010815EC010862
S3150801D72099F201086D4D0408E94D04084DF1010807
S3150801D730AB4D040893060408BD150408F9F201085F
S3150801D740FB15040821160408C1F201082709040873
S3150801D750024B1A68C0E9002118607047EC55002091
S3150801D7600021054A13680BB9136070471868596098
S3150801D77019600346F7E700BFEC550020F0B50468C9
S3150801D78085B0A37923449B89B3F5015F3AD842F260
S3150801D79034029342A3F5005305D8063B9AB2042AEC
S3150801D7A020D900205EE0353B0B2BFAD801A252F8AE
S3150801D7B023F000BF0FDB0108BFDA0108D3DA01083D
S3150801D7C0E7DA0108FBDA0108A3D701083DDB0108FE
S3150801D7D069D801084FD8010829D8010829DB0108A9
S3150801D7E015DB0108042BDCD801A252F823F000BF8F
S3150801D7F08DD80108A3D70108D9D901084DDA01083E
S3150801D8007BD901084FF60A4293423CD014D84FF609
S3150801D8100942934234D042F27F02934200F04F818B
S3150801D82042F286029342BCD102212046FFF712FE3C
S3150801D830B8B10022CC4911E04FF6194293421CD0E7
S3150801D8404FF61A429342ACD10022C84906E002219A
S3150801D8502046FFF7FFFD20B10022C549204622F0E8
S3150801D860CCFF012005B0F0BD02212046FFF7F2FDED
S3150801D8700028F6D00022BF49F0E70022BE49EDE7AD
S3150801D8800022BE49EAE70922BD49E7E70121204608
S3150801D890FFF7E0FD0028E4D0A779BA4A0C37E51965
S3150801D8A005F1030C634605F10B0E1646186859680F
S3150801D8B0083303C673453246F7D11868B24A306051
S3150801D8C099889B791068B1805168B37101AB03C31C
S3150801D8D0128900261A8036231922E3552027604625
S3150801D8E03146AA706F7022F09FF9FE23EB70A74BA1
S3150801D8F004A9B3F814242E72AA71120AEA71B3F8AC
S3150801D9001624EE726A72120AAA7293F8182420462D
S3150801D91001EB420232F80C2C2946AA80A3F86A24A4
S3150801D92093F819246A7393F81A24AA73D3F81B2453
S3150801D930C5F80F20B3F81F24A5F8132093F821245E
S3150801D9402A7393F82234EE766B757F23AB75012320
S3150801D950EB7522F036FF324620468D4922F04DFFFF
S3150801D9600622A3790C332344DA705A781F71013AD7
S3150801D9705A70E379013BE37173E701212046FFF70A
S3150801D98069FD00283FF46DAF3922A37900250C33D0
S3150801D990E118E25401230B717C4B2026B3F86A3453
S3150801D9A02046A3F11D0253425341DB01FE228B712E
S3150801D9B007234A718B704E70CD710D724D7222F02C
S3150801D9C000FF2A462046734922F017FF0A22A37947
S3150801D9D02344DA731E7444E701212046FFF73AFD12
S3150801D9E000283FF43EAF002120462AF09AF9A17992
S3150801D9F0E3790C312144CD781F3B2B442A46E37148
S3150801DA000431604822F02DF9372222732A1DA273A8
S3150801DA10FE220023E27320260322E3806374594918
S3150801DA20227466732A46A57404F1130022F019F9C3
S3150801DA30204604F10C0122F0C4FE0722204656496D
S3150801DA4022F0DBFEA37908222344C2E701212046FE
S3150801DA50FFF700FD00283FF404AF002120462AF015
S3150801DA6060F9A179E3790C312144CD781F3B2B4428
S3150801DA702A46E3710431434822F0F3F80023E38090
S3150801DA80382323732B1DA373FE232026E373032355
S3150801DA902A4623743B496673A57404F1130022F0E0
S3150801DAA0E0F8204604F10C0122F08BFE07222046FD
S3150801DAB03A4922F0A2FEA3790922234489E70221E1
S3150801DAC02046FFF7C7FC00283FF4CBAE00223049B9
S3150801DAD0C4E602212046FFF7BDFC00283FF4C1AE8B
S3150801DAE007222D49BAE602212046FFF7B3FC002892
S3150801DAF03FF4B7AE07222949B0E602212046FFF7CF
S3150801DB00A9FC00283FF4ADAE00222249A6E6002270
S3150801DB102349A3E602212046FFF79CFC00283FF48F
S3150801DB20A0AE00221F4999E602212046FFF792FC82
S3150801DB3000283FF496AE06221B498FE602212046AD
S3150801DB40FFF788FC00283FF48CAE2046012300220B
S3150801DB5042F23B0122F03FFEA3790C331C4404F048
S3150801DB6081FBA0717DE600BF15100408E50F0408C6
S3150801DB705D0E0408790E0408B50F0408C7110408D8
S3150801DB80111304088C550020C8FF04087851002099
S3150801DB90FDF301083D0F0408A50E0408F10E04085B
S3150801DBA0250E04083711040885110408014902489D
S3150801DBB0FFF7CEBD7DD70108F85500201FB542F203
S3150801DBC024020468A3790C33E018E35A93424BD82C
S3150801DBD042F20C0293420FD840F21D42934200F0E2
S3150801DBE0B38041F20542934200F0B88040F2064202
S3150801DBF093426CD0002062E0A3F500530D3B172B2E
S3150801DC00F8D801A252F823F0EDDC0108E7DC010897
S3150801DC10F5DB0108F5DB0108F5DB0108F5DB010891
S3150801DC20E1DC0108F5DB0108B5DD010835DD010890
S3150801DC3063DD010899DD0108B3DC0108C9DC0108C7
S3150801DC40C3DC0108F5DB0108F5DB0108F5DB010892
S3150801DC50F5DB0108F5DB0108F5DB01080FDD010835
S3150801DC60F5DB010815DD01084FF60442934231D070
S3150801DC7014D842F27A02934200F09F8042F285025A
S3150801DC8093423CD042F243029342B3D10221204649
S3150801DC90FFF7E0FB90B10D2249490CE04FF605422A
S3150801DCA093421AD04FF606429342A3D10022454920
S3150801DCB001E000224449204622F09FFD012004B0DC
S3150801DCC010BD00224149F6E700224149F3E7002247
S3150801DCD04049F0E700224049EDE700223F49EAE7DB
S3150801DCE000223F49E7E700223E49E4E701212046B1
S3150801DCF0FFF7B0FB0028E1D000223B49DBE7022110
S3150801DD002046FFF7A7FB0028D8D00F22C4E7002238
S3150801DD103649D0E70179C378354A43EA0123A2F89F
S3150801DD2064348179437943EA0123A2F86634314997
S3150801DD300022C0E72E4A3049D2F8103443F0800356
S3150801DD40C2F810340022B6E7294A2C49D2F8103411
S3150801DD5043F48073C2F810340022ACE70022284944
S3150801DD60A9E7C21C6946133022F0E0FD1023002200
S3150801DD7042F21701204622F02EFD6A46E379234432
S3150801DD80043B144603CC596004A98C421860224608
S3150801DD9003F10803F5D191E720460823002242F250
S3150801DDA0180122F018FDA07908212044123001F04B
S3150801DDB001FE83E7002213497DE7002212497AE72B
S3150801DDC08B4A0408B54804082B4704088347040806
S3150801DDD0BF470408054804083B4804087D48040869
S3150801DDE0ED4804086149040891490408414C0408AE
S3150801DDF078510020994C0408C74C0408F74C0408CC
S3150801DE00274D04083B510408CB510408014902482F
S3150801DE10FFF79EBCBDDB010800560020014B1870B8
S3150801DE20704700BF1666002001490248FFF790BCFB
S3150801DE3099DE010808560020002210B51549044646
S3150801DE4022F0DBFC40F201130721E380204629F08A
S3150801DE5069FE0E21A3790C33E154E21805230A2140
S3150801DE605370637943F00303637192F90730002B0A
S3150801DE70B8BF5B429BB2B3FBF1F303EB83035B00D1
S3150801DE8093710723D3702023137101239370002301
S3150801DE90537110BDD9F0010842F28401F0B5046846
S3150801DEA00646A279B3B00C32A35AA5188B4214D8E8
S3150801DEB0B3F5005F13D841F2090293420DD8B3F5C1
S3150801DEC0805F00F21D8140F60142934200F04A81CB
S3150801DED040F60342934200F02F8100203CE1A3F56E
S3150801DEE00053013B832BF8D801A151F823F000BF59
S3150801DEF0D1E10108E7E1010873E30108DBDE010866
S3150801DF0041E30108DBDE010855E30108DBDE010810
S3150801DF10DBDE0108DBDE0108E3E301080BE40108A7
S3150801DF20DBDE0108DBDE01089DE50108A3E5010842
S3150801DF30A9E50108AFE50108DBDE010855E7010897
S3150801DF40DBDE0108DBDE0108DBDE0108DBDE0108BA
S3150801DF50DBDE0108DBDE0108DBDE01084DE3010833
S3150801DF60B5E50108EBE50108E5E40108DBDE010892
S3150801DF70DBDE0108DBDE0108B3E60108DBDE0108AA
S3150801DF80DBDE0108DBDE0108DBDE0108DBDE01087A
S3150801DF90DBDE0108DBDE0108DBDE0108DBDE01086A
S3150801DFA0DBDE0108DBDE01086BE30108DBDE0108C5
S3150801DFB0DBDE0108DBDE01081DE601084FE6010884
S3150801DFC0DBDE0108DBDE0108DBDE0108DBDE01083A
S3150801DFD0DBDE0108D7E60108DBDE0108DBDE010826
S3150801DFE0DBDE0108DBDE0108DBDE0108DBDE01081A
S3150801DFF0F7E30108D1E40108DBDE0108FFE40108C3
S3150801E00013E5010827E501083BE501084FE5010885
S3150801E01063E5010877E501088BE5010891E5010843
S3150801E02097E50108DBDE0108D1E3010881E601086D
S3150801E03001E7010813E701082BE7010807E70108CB
S3150801E0400DE7010819E701081FE7010825E7010897
S3150801E050EBE40108DBDE0108DBDE0108DBDE010893
S3150801E060DBDE0108DBDE0108DBDE0108DBDE010899
S3150801E070DBDE0108DBDE0108DBDE0108DBDE010889
S3150801E080DBDE0108DBDE0108DBDE0108DBDE010879
S3150801E090DBDE0108DBDE0108DBDE0108DBDE010869
S3150801E0A0DBDE0108DBDE0108DBDE0108DBDE010859
S3150801E0B0DBDE0108DBDE0108DBDE010831E70108EA
S3150801E0C0DBDE010837E701083DE70108DBDE010869
S3150801E0D0DBDE0108DBDE0108D7E30108DBDE010828
S3150801E0E0DBDE0108DBDE0108DBDE0108DBDE010819
S3150801E0F0DBDE010843E7010849E701084FE70108A4
S3150801E100A3F58053013B082B3FF6E7AE01A252F86F
S3150801E11023F000BF9FE301080DE201081DE3010892
S3150801E120DBDE0108DBDE0108DBDE0108DBDE0108D8
S3150801E130DBDE0108DDE301080120E8F777FD22F0BF
S3150801E14096FC58B10022C249306822F056FBFEF708
S3150801E15079FCE8F78FFD012033B0F0BD304629F090
S3150801E1600AFDF8E71FAA1646BA4B03F1080C17462B
S3150801E17018685968083303C763453A46F7D11868DA
S3150801E18099889B793860B980BB71D5F80300D5F8B1
S3150801E1900710B14A012703C231460020A2F25C42A8
S3150801E1A011F8013B013002EBD30595F8546403F0ED
S3150801E1B0070307FA03F333430F2885F85434EFD1DD
S3150801E1C0002340F601411A46204622F004FBC2E725
S3150801E1D0D5F80710A14BD5F8030003C3002342F273
S3150801E1E001011A46F0E70323002242F20201204602
S3150801E1F022F0F1FA6FF00402A3790C3323449A71E1
S3150801E2000022DA71964A12781A72A4E702AA15460A
S3150801E210944B019403F1300614461868596808337B
S3150801E22003C4B3422246F7D118688F4B2060209366
S3150801E2308E4B402221938E4B002122938D4B0FA8A2
S3150801E24023938D4B1FAC24938C4B1F9525938C4B95
S3150801E250254626938B4B4FF6FF7727938A4B2893B0
S3150801E2608A4B29938A4B2A938A4B2B938A4B2C9355
S3150801E2708A4B2D938A4B2E938A4B2F938A4B309335
S3150801E2808A4B319321F0D0FC00224FF0010C00207B
S3150801E29054F8046B0DE0C3F3C701C831694411F89A
S3150801E2A08CEC03F007030CFA03F343EA0E0301F8B7
S3150801E2B08C3CC3B236F813300130BB42EBD1013284
S3150801E2C0D2B2132AE3D1012029F07DFD0446019833
S3150801E2D024B92346072241F2020176E740230022A8
S3150801E2E041F2020122F077FA4021204629F01AFC70
S3150801E2F0A3790FAA23440C33164603CEAE421860FF
S3150801E3005960324603F10803F6D1019A2146D379B9
S3150801E31001A8403BD37129F093FC1CE7082300228E
S3150801E32041F20301204622F056FA0022A3790C3362
S3150801E3302344C3F80A20C3F8062060229A720AE722
S3150801E34000225B49204622F058FA04E7204622F0CB
S3150801E35040FB00E701212046FFF77CF800283FF43F
S3150801E360FAAE2046FFF768FDF5E6204622F053FB94
S3150801E370F1E620460823002242F2030122F02BFA95
S3150801E380A3790C331C440023C4F80630C4F80A30B8
S3150801E39006F036FFC4F80600C4F80A10DBE60823BF
S3150801E3A0002241F20101204622F015FA0622A3793C
S3150801E3B00F200C3323441A725A734FF0FF3260212F
S3150801E3C09A7202229871D97158721973DA72C2E671
S3150801E3D000223849B6E700223749B3E70022374910
S3150801E3E0B0E701212046FFF735F800283FF4B3AE20
S3150801E3F000223349A6E702212046FFF72BF8002819
S3150801E4003FF4A9AE00222F499CE701212046FFF7D8
S3150801E41021F800283FF49FAE4222A37900250C3348
S3150801E420E118E25420234B7006234D718B708D71D0
S3150801E430CD710D72204622F0C4F9234A2349D2F838
S3150801E440103443F40073C2F810342A467AE700BF41
S3150801E450F1E80108F3CF0408CC550020D455002073
S3150801E46016660020EAFF0408F000050858000508AA
S3150801E470E8FF0408E6FF040880000508E4FF04082D
S3150801E480E2FF0408E0FF0408420005084800050801
S3150801E490DEFF0408DCFF0408DAFF0408D8FF0408D5
S3150801E4A0D6FF0408D4FF04083A000508D2FF040879
S3150801E4B019EA010863130408DDF50108B5EA01083C
S3150801E4C0FDEF010895EF010878510020A1F0010838
S3150801E4D002212046FEF7BEFF00283FF43CAE00228B
S3150801E4E09E492FE700229E492CE702212046FEF786
S3150801E4F0B1FF00283FF42FAE00229A4922E70221F4
S3150801E5002046FEF7A7FF00283FF425AE00229649CC
S3150801E51018E702212046FEF79DFF00283FF41BAEAF
S3150801E520002292490EE702212046FEF793FF0028B2
S3150801E5303FF411AE00228E4904E702212046FEF778
S3150801E54089FF00283FF407AE00228A49FAE602212C
S3150801E5502046FEF77FFF00283FF4FDAD00228649DD
S3150801E560F0E602212046FEF775FF00283FF4F3ADD9
S3150801E57000228249E6E602212046FEF76BFF0028C3
S3150801E5803FF4E9AD00227E49DCE600227D49D9E661
S3150801E59000227D49D6E600227C49D3E600227C4941
S3150801E5A0D0E600227B49CDE600227B49CAE6002255
S3150801E5B07A49C7E64F232026A354794906222046DD
S3150801E5C06E7029F0BBFAAB7829460633AB70204644
S3150801E5D022F0F7F800222046724922F00EF91D2290
S3150801E5E0A3792344DA731E74B5E57B232026A35445
S3150801E5F06D49052220466E7029F0A0FAAB782946A6
S3150801E6000533AB70204622F0DCF800222046674924
S3150801E61022F0F3F8A3791E222344E3E74F232026A9
S3150801E620A3546349042220466E7029F087FAAB7811
S3150801E63029460433AB70204622F0C3F8002220464F
S3150801E640584922F0DAF8A37933222344CAE77B230F
S3150801E6502026A3545749042220466E7029F06EFAE3
S3150801E660AB7829460433AB70204622F0AAF800227B
S3150801E67020464E4922F0C1F8A37934222344B1E752
S3150801E6807B232026A3544C49012220466E7029F08B
S3150801E69055FAAB7829460133AB70204622F091F83A
S3150801E6A000222046414922F0A8F8A37950222344A2
S3150801E6B098E70423002242F22301204622F08BF830
S3150801E6C0A3793E4A0C33B2F86414B2F8662423449B
S3150801E6D0D9801A813FE502212046FEF7BBFE0028B4
S3150801E6E03FF439AD0223002242F23A01204622F0D4
S3150801E6F072F8324AA379B2F8682423445A822AE581
S3150801E70000222F491EE600222E491BE600222E4929
S3150801E71018E600222D4915E600222D4912E60022A7
S3150801E7202C490FE600222C490CE600222B4909E662
S3150801E73000222B4906E600222A4903E600222A4935
S3150801E74000E605222949FDE505222949FAE50822B7
S3150801E7502849F7E500222849F4E500BF65F00108D4
S3150801E760EF13040851EB010895EB0108F5EB0108D5
S3150801E77001ED010861EC01088DEC0108B9EC01080D
S3150801E780D9EC0108D9F00108DDEA010821EB0108F5
S3150801E790430D0408650D0408870D0408C30D040814
S3150801E7A01E0005086313040825000508DDF50108A0
S3150801E7B02B00050830000508F1CF04087851002020
S3150801E7C081060408830604088506040887060408E2
S3150801E7D0890604088B0604088F06040891060408AE
S3150801E7E021F101082D520408AD520408C512040886
S3150801E7F0110D0408150D040865F3010842F23102EA
S3150801E80008B50068837903449B8993420DD042F287
S3150801E810320293420CD042F2300293420BD10022CB
S3150801E820064921F0EAFF012008BD00220449F8E75C
S3150801E83000220449F5E70020F6E700BFF5F60108CE
S3150801E8404D1404080115040801490248FEF780BF62
S3150801E850FDE7010810560020054A08B5926882426C
S3150801E86005D0427942F00302427121F074FF08BDD6
S3150801E8701856002010B5074A002394688279811832
S3150801E88089892046012222F048F92046BDE8104030
S3150801E890FFF7E2BF1856002010B5074829F06BF9B3
S3150801E8A0054B1C46181D29F066F904F10800BDE858
S3150801E8B0104029F060B900BF1856002010B5022093
S3150801E8C029F081FA034C6060022029F07CFAA060E5
S3150801E8D010BD00BF1856002008B5FFF7DDFF00225E
S3150801E8E0024BDA60BDE80840FFF7E8BF185600207A
S3150801E8F010B506F09FFCBDE81040002303481A46F0
S3150801E90040F60341806822F008B900BF1856002076
S3150801E91037B500250C4C2046E56029F02CF96368CB
S3150801E92068461A681D60009229F025F9636801A8EE
S3150801E930DD80A3681A681D60019229F01CF9A36895
S3150801E940DD8003B030BD00BF18560020014B586862
S3150801E950704700BF18560020014B9868704700BFE2
S3150801E9601856002038B5104DEB681BB1EB6898476F
S3150801E9700023EB602B688BB10B4829F006F9044696
S3150801E98060B12B681BB14FF0004024F045FE2046CC
S3150801E99021F0CDFE18B1204621F0CBFE38BD204628
S3150801E9A026F0F3FBFAE700BF1856002010B5084C0D
S3150801E9B0E0604FF0004024F02FFE00BF00BF00BF0B
S3150801E9C000BFE3681BB1E36898470023E36010BD05
S3150801E9D01856002038B5827943790244527B044699
S3150801E9E012F0300F06BF23F0020343F0010303F0D0
S3150801E9F0FC0343712CF0EAFC05462146054829F03B
S3150801EA001FF94FF0004024F007FE2846BDE83840BC
S3150801EA102CF0D7BC185600202DE9F041244E0021D0
S3150801EA207468FE20A57903F04FFD074601F0CCF87E
S3150801EA3050B141F20C00C2B20023B06842F205019E
S3150801EA40BDE8F04122F069B801F0E4F80028F0D1F8
S3150801EA500C352C44237AE51C9B09022BE9D0012BA2
S3150801EA6018D9237AA11C03F03F02073443F0C003E7
S3150801EA7011F8010F8C4242EA000203EA0003F7D1BA
S3150801EA80002AD6D0FF2BD4D057B9284624F065FDE5
S3150801EA900020D0E7294624F073FD0028E1D0C8E715
S3150801EAA02946384623F05AFB0028EED0C3E700BFB3
S3150801EAB018560020084B10B59C68002220460623EC
S3150801EAC041F2090122F029F8E3790633E018BDE895
S3150801EAD0104024F065BD00BF1856002038B50F4B0D
S3150801EAE000229D6842F24C0104232846AC7922F0A3
S3150801EAF014F80020FDF726FE0C342C44E080002093
S3150801EB00FDF718FEC0EB4033C0EB830040002081BF
S3150801EB102846BDE83840FFF79FBE00BF18560020BB
S3150801EB2010B50A4C63689A790C321344B3F9051087
S3150801EB30B3F90300FDF7ECFD0023A0681A46BDE80A
S3150801EB40104042F24D0121F0E8BF00BF18560020DF
S3150801EB5010B50F4C63689A790C32134459798807B2
S3150801EB6001D5CA070ED503290FD8B3F8030021F03A
S3150801EB70A1FFC2B20023A06842F25901BDE81040C4
S3150801EB8021F0CBBF41F21200F3E741F21100F0E7A1
S3150801EB9018560020F0B5164C85B063689A790C3280
S3150801EBA01344D87807281FD89D89B5F5FA7F1DD251
S3150801EBB043F6F671DE89A6F10A0292B28A4215D89F
S3150801EBC01F7C1F2F12D85A791979CDE9016700954B
S3150801EBD0063321F063FF024642F24401A06805B0FC
S3150801EBE0BDE8F04021F0BEBF0C22F5E71222F3E79B
S3150801EBF01856002010B521F053FFBDE81040024613
S3150801EC000348002342F24501806821F086BF00BF10
S3150801EC101856002070B5114C63689A790C32134462
S3150801EC20B3F80510B1F5FA7F15D243F6F675B3F8C0
S3150801EC300720A2F10A0080B2A8420CD8B3F8030053
S3150801EC4021F030FF0246A0680023BDE870404FF668
S3150801EC50294121F062BF1222F5E700BF18560020AC
S3150801EC6010B5094C63689A790C3213449A7A191DBE
S3150801EC70D87821F022FF0023024642F24701A06814
S3150801EC80BDE8104021F049BF1856002010B5094CBF
S3150801EC9063689A790C3213449A7A191DD87821F047
S3150801ECA00EFF0023024642F24801A068BDE8104063
S3150801ECB021F033BF1856002010B521F004FFBDE836
S3150801ECC0104002460348002342F24901806821F0B8
S3150801ECD024BF00BF18560020084B10B59C680022B7
S3150801ECE02046012342F24A0121F017FFA3790C338A
S3150801ECF01C4421F0E6FEA07110BD00BF1856002085
S3150801ED0010B5084C63689A791344B3F80F0021F0DB
S3150801ED10CBFE0023024642F24601A068BDE8104038
S3150801ED2021F0FBBE1856002070B5104E7468A37901
S3150801ED300C331C44D4F8030008B106F081F9D4F861
S3150801ED40070008B106F088F9D4F80B0006F090F927
S3150801ED500546B4680423204600224FF6114121F0E6
S3150801ED60DCFEA3791C44C4F8125070BD1856002065
S3150801ED70F8B5134A53689468997900220B442046DA
S3150801ED804FF61241DF7B082321F0C7FEA3790C3326
S3150801ED901C44FCF7ADFD05462CF018FB2B880646EE
S3150801EDA0E3806B882381AB886381EB88A3810FB1EC
S3150801EDB0FCF7A4FD3046BDE8F8402CF002BB00BFC5
S3150801EDC018560020074B10B59C68112201232046CE
S3150801EDD04FF6084121F0A1FEE3791C440023E372B2
S3150801EDE010BD00BF185600207FB5684C63689A7934
S3150801EDF00C321344DA78013A132A12D8DFE802F002
S3150801EE000A13262A32113A3E535C6D757D11119506
S3150801EE109DA6AFB85879003818BF0120FCF742FF04
S3150801EE2048B9122008E05A4AB3F805101268117257
S3150801EE30B3F8073053720020024600234FF6074104
S3150801EE40A06804B0BDE8704021F067BE587901F0AA
S3150801EE5043F9F0E71A79042AE3D1D3F8050006F055
S3150801EE60EFF8E8E71A79042ADBD1D3F8050006F0AA
S3150801EE70F3F8E0E7587924F0A9FFDCE71A79022AC2
S3150801EE80CFD1B3F805600021F0B203F01DFB0546AA
S3150801EE9023F044FA002876D0284623F03FFA310AAF
S3150801EEA021F0E7FBC7E71A79112ABAD8591D384B59
S3150801EEB0186820F0D6FEBEE7587930B903460246EF
S3150801EEC001460090FCF7C2FFB6E7DA79997902F1B3
S3150801EED008051D4400950833F4E758790128A0D898
S3150801EEE000F00100FDF784F8A6E71A79042A98D1FB
S3150801EEF0D3F8050024F06BFF9EE71A79082A90D10A
S3150801EF00D3F80500D3F8091002AA03C2BDF90E30D9
S3150801EF10BDF90C20BDF90A10BDF9080022F013FC51
S3150801EF20002814BF1F20002086E71A79082A7FF4D3
S3150801EF3078AF581D06F0B0FE7EE71A79022A7FF4EB
S3150801EF4070AFB3F8050000F007FF75E71A79012AD3
S3150801EF507FF467AF93F9050024F060FF6CE71A792F
S3150801EF60022A7FF45EAFB3F9050024F059FF63E77F
S3150801EF701A79012A7FF455AF5879003818BF01204C
S3150801EF8001F0BAF858E7422056E700BF18560020A4
S3150801EF90A0570020F0B5184E85B07568AB790C33CB
S3150801EFA01D4406F033F9B5F80920B5F807108A4269
S3150801EFB01FD8032A1DD903291BD96F79CFB1C0439D
S3150801EFC060F0050010EA070413D1EB78A879CDE9BA
S3150801EFD001742C79009400F097FD00280CBF0C22CF
S3150801EFE0002242F24101B06805B0BDE8F04021F0C7
S3150801EFF0CABD1122F5E700BF18560020F0B5184D15
S3150801F00085B06C68A3790C331C44E288A1888A42CE
S3150801F01024D843F6FC70131F9BB283421ED80B1FDC
S3150801F0209BB283421AD894F903300127002BB4BF47
S3150801F03004260126E078237ACDE90167647A0094EB
S3150801F04000F062FD00280CBF0C22002242F20B01DF
S3150801F050A86805B0BDE8F04021F095BD1122F5E795
S3150801F0601856002010B50D4C626893790C331A4472
S3150801F0701179D078003918BF01210038B2F8073064
S3150801F08018BF0120B2F8052000F0CCFD42F242017A
S3150801F0900246A068BDE8104021F075BD185600204B
S3150801F0A010B50C4C63689A790C3213441979D878DF
S3150801F0B00023C91A18BF0121C01A1A4618BF012010
S3150801F0C000F0B0FD42F20C010246A068BDE810400E
S3150801F0D021F059BD1856002038B524F073FEC82210
S3150801F0E00221FDF7D1FAFDF72DFB0C4B05469C686D
S3150801F0F000222046022342F24B0121F00EFDA3799C
S3150801F10001200C331C44FDF7D3FA0A2390FBF3F0D4
S3150801F11095FBF3F5A071E57138BD00BF18560020BF
S3150801F12010B5094C63689A790C3213441979D87861
S3150801F13006F032F80023024642F27401A068BDE8DF
S3150801F140104021F0EABC00BF18560020154B37B510
S3150801F1509D6800220A2328464FF6174121F0DDFC57
S3150801F160AC790DF1060101A8FDF7D6F90C34BDF805
S3150801F17004302C44E380BDF8063000202381FDF7D6
S3150801F18097FA608124F01EFEC8220221FDF77CFA57
S3150801F190A0810020FDF7D6FAE0812846FFF75CFB3F
S3150801F1A003B030BD1856002010B5084C63689A792B
S3150801F1B01344D87B04F022FB002302464FF6204174
S3150801F1C0A068BDE8104021F0A8BC00BF1856002071
S3150801F1D010B5084C63689A791344D87B03F0DEF9B5
S3150801F1E00023C2B24FF62141A068BDE8104021F0C4
S3150801F1F094BC00BF1856002010B5084C63689A796C
S3150801F2001344D87B06F020FB002302464FF6224121
S3150801F210A068BDE8104021F080BC00BF1856002048
S3150801F22010B5084C63689A791344D87B21F010FA13
S3150801F230002302464FF62341A068BDE8104021F09D
S3150801F2406CBC00BF1856002010B5084C63689A7943
S3150801F2501344D87B21F01EFC002302464FF62441B5
S3150801F260A068BDE8104021F058BC00BF1856002020
S3150801F27010B5084C63689A791344D87B01F066F88F
S3150801F280002302464FF62741A068BDE8104021F049
S3150801F29044BC00BF1856002010B5084C6068837935
S3150801F2A018440F3005F010FE0023A0681A46BDE881
S3150801F2B010404FF6284121F030BC00BF18560020F7
S3150801F2C038B50C4B4FF63541D3E901349A792046C6
S3150801F2D01344DD7B0022282321F01FFCA3790C337C
S3150801F2E01C4425B9A01D24F09DFD607138BD12206E
S3150801F2F0FBE700BF18560020164B13B59C68002380
S3150801F3006846CDE90033E7F7D5FC0C28024607D154
S3150801F31008234FF63341204621F0FFFB02B010BD0A
S3150801F32001A8E7F7C9FB0C28024603D101A821F079
S3150801F330C9FC0246082320464FF6334121F0EDFB6E
S3150801F340A3790C331C44009BC4F80A30019BC4F80A
S3150801F3500630E3E718560020014B5868FFF78ABACA
S3150801F3601856002070B5154D6B689A790C321344FE
S3150801F370DA79DC1C02F01F022046DA7124F03CFD22
S3150801F380C8B1204624F025FD04F070FF21F07FFB6B
S3150801F39010B9204621F07DFB21F0B0FB024610B9D9
S3150801F3A021F06CF90246A8680023BDE8704042F2D4
S3150801F3B0140121F0B2BB1222F5E700BF185600204E
S3150801F3C0242816D80F2805D802280CD8B0FA80F0B8
S3150801F3D040097047084B103880B2C34003F0010357
S3150801F3E083F0010070470538012894BF00200120E9
S3150801F3F070470120704700BF2D2011002DE9F04FFD
S3150801F40095B0FFF7A3FA42F23603867905460C361C
S3150801F41030F80680841998450ED1FFF797FA02212C
S3150801F42028F080FB7F22A3780233A370AA55002314
S3150801F43020222377627063770121E07803F044F88C
S3150801F44000230546ADF84630002800F0C280CDE914
S3150801F4501233237AE2888DF84A30E37AADF84820E8
S3150801F4608DF84E30E378B4F80920FE2BA388ADF861
S3150801F4704C2003F01C014FF6FF7208BF4FF480427F
S3150801F4801C2922D0DDE91201884201D81F281AD881
S3150801F49041F21105FFF760FA0446EAB20123414633
S3150801F4A021F03BFBA3791C44BDF94630002BACBFC8
S3150801F4B005226FF0040213440A2293FBF2F3A374A4
S3150801F4C015B0BDE8F08F9142E2D813F01003E67D3E
S3150801F4D0677E04D0012E0AD041F21205DAE706F05A
S3150801F4E0FD02012AD4D17A1ED2B2022AD0D8227BB1
S3150801F4F0013A062ACCD87BB905F088FE032E08BF47
S3150801F50004260640F6B2002EC2D0032F08BF0427F0
S3150801F5103840C0B20028BBD0E07822F080FE20B186
S3150801F520A088FFF74DFF0028D6D02B4A237F1278F3
S3150801F530002A47D0042BCFD8677F042FCCD8E07D8B
S3150801F54094F91620032808BF04207F2A08BFC82279
S3150801F550667B1CBF02EB820252000E96A67B18BF81
S3150801F56092B2B4F804C0E18894F80C9094F815A006
S3150801F57094F818B00F96ADF84620667EB4F80920BF
S3150801F580CDE90B37E37E032E08BF0426003B18BFDF
S3150801F59001230A93A37E04F10F0ECDE908630DF149
S3150801F5A04603CDE904A30F9BCDE9060B01930E9BF8
S3150801F5B0284600935FFA8CF3CDE902E922F0FDFBB8
S3150801F5C0054667E7002B7FF463AF677F002FB6D048
S3150801F5D05EE741F207055DE7176600202DE9F04170
S3150801F5E088B0FFF7B3F900238579CDE906330C35E1
S3150801F5F00446054428F019FB411E204628F084FAE2
S3150801F60090F900307E2B1DD07F2B1DD003EB830391
S3150801F6105E006B7AD3B10A21204607AB06AA20F011
S3150801F62070FF98B140F4805406A828F0A4FAFFF7B1
S3150801F63093F9002342F27B01E2B221F06EFA08B097
S3150801F640BDE8F081164EE4E7C826E2E7EB78272BFA
S3150801F65020D8A87923F0E6FFF8B105F075F9044634
S3150801F6600028E1D1A879EC782F7995F8058024F05E
S3150801F67051F9079A049603926A7A034602922A7AFC
S3150801F68020460192EA7939460092424605F068F920
S3150801F6900446C9E741F21204C6E741F21104C3E779
S3150801F6A00CFEFFFFF8B507460D4616461C4623B95C
S3150801F6B0012028F088FB0446C8B106220C21204601
S3150801F6C021F046FA691EC9B2032988BF0022A37927
S3150801F6D098BF074A03F10C0398BF525C234420469E
S3150801F6E09F80DE70DA719A71FFF7B6F80120F8BDCE
S3150801F6F035000508F8B5FFF729F983791844B0F8F4
S3150801F7000F60B0B203F0DAFE0446C0B123F09BFBEA
S3150801F7100138C0B2032814D800270B4B1C5CFFF72D
S3150801F7201BF9054604233A4642F2300121F0F5F960
S3150801F730AB790C33E818C68004724472F8BD022707
S3150801F740EDE700242746EAE7350005082DE9F041EB
S3150801F7501D46134307460C461646BDF8188006D1C2
S3150801F7602046BDE8F0411A46194622F029B8414615
S3150801F770204625F096FE78B12146384623F0A3F8AF
S3150801F78040238674C5742146069338464346BDE828
S3150801F790F041024A25F0ABBEBDE8F0819D18040888
S3150801F7A0F7B504460D4623F04BFB064620212046B5
S3150801F7B023F09AF8204621F0D4FF337803EA13138D
S3150801F7C0184021F0C5FF0646204625F02FFF0746BB
S3150801F7D0A8B936B1204623F036FB05F0E5F9B04263
S3150801F7E00FD1204623F02FFB05F0DEF92B46014603
S3150801F7F03A46204621F0E4FF002003B0F0BD232756
S3150801F800EFE73946204623F07CF91621284625F0EC
S3150801F81024FE284625F012FE2946467086702046A3
S3150801F82025F001FE0321204623F0A4F840220346D1
S3150801F830009221460120024A25F059FEDCE700BF65
S3150801F8405118040810B50446002028F0BCFA0146F0
S3150801F85010B90723184610BD204606F0BBFF03461C
S3150801F8600028F7D128F0AFFA01460028F1D0204642
S3150801F870BDE81040014A25F01EBF00BFA1F70108E7
S3150801F880F7B50E46054623F0DBFAB37900780C3353
S3150801F89033445F789B7800EA10101F40384021F006
S3150801F8A057FF044668B9284621F05BFF384021F026
S3150801F8B04FFF044628B9284623F0C5FA05F074F91E
S3150801F8C004462846002123F01CF91721304625F065
S3150801F8D0C4FD304625F0B2FD314644708470284691
S3150801F8E025F0A1FD0321284623F044F840220346CA
S3150801F8F0009229460020024A25F0F9FD03B0F0BD21
S3150801F90051180408F0B507460E46144685B00C4B47
S3150801F9106946384603F1100205F0FCFE0028F6D0C8
S3150801F920102C254628BF102530462A46694620F060
S3150801F93098F9641B2F442E44E9D105B0F0BD00BFE8
S3150801F9401866002030B589B020226946FFF7DAFF2C
S3150801F9506A460C4D04AB144603CC9C422860696088
S3150801F960224605F10805F6D1074C1A4603CA616015
S3150801F97008A98A422060134604F10804F5D109B0A2
S3150801F98030BD00BF186600202866002010B588B073
S3150801F9906946202012F0F0FD044630B96846FFF7A3
S3150801F9A0D1FF0122024B83F82020204608B010BD62
S3150801F9B01866002070B5124B054693F820300C46A0
S3150801F9C08CB00BB9FFF7E2FF10220021684620F040
S3150801F9D02BF94CB92022214604A820F025F904A8C0
S3150801F9E0FFF7B0FF0CB070BD102C264628BF1026B5
S3150801F9F0294632466846FFF785FF3544A41BE8E7E2
S3150801FA001866002008B581B2074824F077FE012060
S3150801FA1002F038F930B9054A137D59075CBF43F03E
S3150801FA200203137508BD00BF305600202856002072
S3150801FA304FF0101370B51F4C0025A3644FF4E06313
S3150801FA4020460126A4F84C301B4B43F6FF71E365AB
S3150801FA501A4B656240F8583F84F8606020F0C3FD90
S3150801FA6005F0D4FB4FF48073A4F85230144B84F894
S3150801FA705600A361134BA4F84E601A6884F85150D6
S3150801FA80A4F8B86084F8B5502575137852782946D4
S3150801FA901344334104F108006375A4F8C050A4F86F
S3150801FAA0B65024F02BFE294604F19400BDE87040B7
S3150801FAB024F024BE2856002055555500D6BE898EF9
S3150801FAC0231B0408A057002010B50B4CA06A18B1D7
S3150801FAD003F0B0FF0023A362084828F04CF8084851
S3150801FAE028F049F8074828F046F80023C4F8A43056
S3150801FAF0BDE81040FFF79CBF285600204856002055
S3150801FB0054560020585600202DE9F8432D4C9946A5
S3150801FB10636A0F46D90715469DF824609DF8288023
S3150801FB204DD400283AD004F1240353E8003F43F0AA
S3150801FB30020304F1240141E80032002AF3D1626A82
S3150801FB409DF8203022F4C07242EAC312052E626281
S3150801FB5084F8546007D1FCF7EDF968B96D00ADB2C8
S3150801FB60BD4228BF3D4694F854309A0722D413F073
S3150801FB70040F14BF03260126636A84F86060A4F89B
S3150801FB804870A4F84A5084F84C90B8F1000F13D085
S3150801FB9043F4801301206362BDE8F88304F124036A
S3150801FBA053E8002F194622F0020241E80023002BF0
S3150801FBB0F4D1C4E70226DFE723F48013EAE700203D
S3150801FBC0EAE700BF28560020024B93F82400C0F349
S3150801FBD0800070472856002008B5FFF7F5FFB0B139
S3150801FBE00B4B586A20F0040210F001005A6203D147
S3150801FBF0BDE8084001F0EEBB01F0C2FC00F0DCFBF9
S3150801FC0001F074F9BDE80840002001F007BC08BD01
S3150801FC1028560020024B586A00F00100704700BFC1
S3150801FC202856002070B54A4C1646636A03F001024D
S3150801FC3088B972B12BF0CAFB0546606A20F0010249
S3150801FC4010F00400626201D101F0C4FB28462BF0D2
S3150801FC50B8FB002070BD002AFBD19B0704D5236B96
S3150801FC6003B3012001F020FA94F84C3003F0FD03A8
S3150801FC70012B1FD02BF0AAFB05460EB304F1240372
S3150801FC8053E8003F43F4804304F1240141E800327C
S3150801FC90002AF3D1FCF738F942F2107303FB060088
S3150801FCA0606319E0022028F08EF820630028D8D175
S3150801FCB00720CFE723F07DFC0028DBD11220C9E716
S3150801FCC004F1240353E8003F23F4804304F124019B
S3150801FCD041E80032002AF3D104F1240353E8003F36
S3150801FCE043F0010304F1240141E80032002AF3D16B
S3150801FCF0636A13F00403A9D140F27122E363B4F8ED
S3150801FD004A30E260023B5343236120F0B1FB0323EF
S3150801FD10B0FBF3F303EB4303C31A253384F86130CD
S3150801FD2001F0F0F8FCF7F0F860602064B4F8C00060
S3150801FD30002808BFF520FFF765FE064B04481A6838
S3150801FD401378527813445B10637521F0EBFF7DE756
S3150801FD5028560020A057002028B1A0F11003F02B47
S3150801FD6003D9122070474FF48070024BA3F8520052
S3150801FD700020704728560020F0B5244C87B0A06AA9
S3150801FD8000B3E76ABE7903F0B1FB0C36BA5DBD195B
S3150801FD900223FF26CDE9043695F8233000215B09B5
S3150801FDA00393AB8BD20902936B8B80B201932B8B96
S3150801FDB0009305F1080325F05BF8A06A03F03AFE03
S3150801FDC00023A362E06A12F039FA0023E362636A48
S3150801FDD023F00402D907626208D594F85450052D18
S3150801FDE006D1FCF7A7F818B184F8605007B0F0BD42
S3150801FDF094F854309A0707D413F0040F14BF032359
S3150801FE00012384F86030F1E70223FAE72856002037
S3150801FE1013B5154C2BF0DAFA236A019300232362F2
S3150801FE202BF0CFFA019BA3B9636A1A0406D520F011
S3150801FE30D3FEA0B1636A23F400436362636A1B03BA
S3150801FE4005D5FFF799FF636A23F40023636202B0BD
S3150801FE5010BD01A827F099FE20F036FFE2E74FF022
S3150801FE60804023F0D9FBE9E728560020044B586A5D
S3150801FE7000F08100A0F1810358425841704700BF44
S3150801FE8028560020024B93F82400C0F380107047CF
S3150801FE902856002037B5054608461146254A526AAE
S3150801FEA002F41072B2F5107F04D1022B40D0032B55
S3150801FEB008BF01230193162300F001020093284687
S3150801FEC0052321F06FFEAC7925F030FA0C342C4469
S3150801FED00321C4F80E0004F11200FFF76BFDBDF80B
S3150801FEE0203004F11E002383BDF82430E382022367
S3150801FEF06375BDF818306383BDF81C30A38305F01C
S3150801FF00BBFD0C22A37CB3FBF2F102FB113394F87F
S3150801FF102320053363F3040284F8232004F084FEC6
S3150801FF2094F8233060F3471384F8233003B030BDC7
S3150801FF300023BFE7285600202DE9F041054686B083
S3150801FF4000208846174627F03EFF0646002800F09F
S3150801FF50BA805E4CC4F82880687810F0010000F079
S3150801FF60998004F1240353E8003F43F0400304F168
S3150801FF70240141E80032002AF3D12A79636A023A58
S3150801FF80012A00F2948043F40073636280F0010051
S3150801FF904FF0000820F0A5F805AB029304AB0193D6
S3150801FFA0EB89CDE904880093AB89EA8AA98AA06A14
S3150801FFB004F0BEFB40F2E242059BCDF80C80B3FB90
S3150801FFC0F2F39BB202936B8A304601932B8A6A1D20
S3150801FFD00093A9782B79FFF75DFFB379049A334427
S3150801FFE01A63E6622BF0F2F90646404601F05CF820
S3150801FFF0636A43F004036362354B1A689379D279CD
S3150802000013445B106375EB7803F00505052D84F838
S31508020010553051D1FBF78EFF00B90325636A84F880
S31508020020605013F001022ED1E263002F48D043F448
S315080200308013B4F8C0006362002808BFF520FFF7F2
S31508020040E1FC40F27122B4F84A30E2605343A3F568
S31508020050E173236120F00CFA0323B0FBF3F303EBFD
S315080200604303C31A253343F6FF711A4884F86130ED
S3150802007020F0B9FA00F046FFFBF746FF60602064FD
S31508020080124821F04FFE30462BF09BF9002006B0AD
S31508020090BDE8F08104F1240353E8003F23F040034E
S315080200A004F1240141E80032002AF3D165E723F47A
S315080200B00073002063626BE75B07AED40125ADE7E8
S315080200C023F48013B5E70720E1E700BF285600208E
S315080200D0A05700208056002010B500F007042046DD
S315080200E027F088FC002808BF0724024B83F84D40F6
S315080200F010BD00BF285600200E4A68B102F124033B
S3150802010053E8003F43F4802302F1240040E800311B
S315080201100029F3D10020704702F1240353E8003F77
S3150802012023F4802302F1240040E800310029F3D1A8
S31508020130F0E700BF28560020024B93F8250000F08E
S31508020140010070472856002038B505464FF480202E
S315080201500C4604F08DFF48B140F22E432046C4E90E
S315080201600333BDE83840104901F008BF0F4B9C42E3
S3150802017017D1042D14BF28460320FF2123F0C0FB04
S3150802018042F20F7300F5AF70984298BF42F21073AD
S31508020190A4F18C04C4F898008CBFC4F89C00C4F877
S315080201A09C30012038BD00BF80969800B4560020C6
S315080201B038B500230125104CB4F8B61004F19400A2
S315080201C0994208BFF521C4F8A43084F8A05024F057
S315080201D095FA284601F056FD38B994F8A0305A0720
S315080201E05CBF43F0020384F8A0300120BDE8384022
S315080201F00249FFF7A9BF00BF28560020B4560020BF
S31508020200F0B5274C85B00646FBF79AFD04F158036C
S315080202100FCB8DE80F0094F8AC3094F8B420002187
S31508020220C8208DF808308DF8092023F0C6FD01464E
S31508020230684620F0D8F9684623F0DEFA20F055F928
S3150802024000220146042020F063F97568FBF75CFE7C
S31508020250636A2D1A13F4003F4FF480200CBF10274F
S31508020260112704F005FF28B101F0F4FCA0F52F7060
S3150802027020F056F9D4F8BC3070688C2D00EB930147
S3150802028094F8A13006DC1A46384623F01AFB0120F8
S3150802029005B0F0BD0A460146384623F0D8FAF6E715
S315080202A02856002073B54379019023F00103437160
S315080202B001221C2101A827F0A9FD48B1144A01A868
S315080202C0536A43F40063536227F055FC02B070BDCB
S315080202D0019A104C537904F1180643F0010353713D
S315080202E0937913440C33254603CDB54218605960F9
S315080202F02C4603F10803F6D1286811461860064809
S3150802030027F09EFC4FF0804023F086F9DEE700BF17
S3150802031028560020905600204856002010B50A4C50
S31508020320D4F8A40020B194F88B30012B01D0002018
S3150802033010BDFBF7E9FDD4F8B030181AB0F57A7F8C
S3150802034094BF0020012010BD2856002010B504468F
S3150802035004F05CFF34EA00000ABF024B122083F85D
S31508020360564010BD2856002010B5124C636A1B056C
S315080203701FD5012027F027FD28B9BDE810404FF008
S31508020380804023F049B9B4F86C3023F0600343F097
S315080203904003A4F86C30FFF785FF04F1240353E801
S315080203A0003F23F4006304F1240141E80032002AE5
S315080203B0F3D110BD2856002010B50A4CD4F8A43043
S315080203C05BB1012104F18C0021F0B8FC04F1940020
S315080203D005F0FAFC0023C4F8A430BDE81040FFF784
S315080203E0C3BF00BF2856002010B5044601F0A4FD7D
S315080203F0844201D1FBF7A4FC084BB3F8B62032B904
S31508020400D3F8942012F4601F08BFA3F8B620FFF7AA
S31508020410D3FFBDE81040012001F000B8285600209D
S315080204202DE9F3415F4C984605460E461746FBF7FB
S315080204306BFD94F88B30022B05D0D4F88410091A78
S31508020440B1F5FA7F49D2A54201D100F091FDAE611C
S31508020450294694F87600FFF777FE06464FF4802081
S3150802046004F006FEA8B1B6B101F0F4FBA0F52F70B0
S3150802047020F056F84C4B4D4A3846CDE90032D4F8AE
S31508020480843094F8882094F8761023F0FEF906460C
S3150802049001E0002EEED120F028F8002201460420C1
S315080204A020F036F8002004F015FCA54209D1D4F84C
S315080204B0A43033B1002104F18C0021F03FFCFFF790
S315080204C07BFFD4F88430C4F8B03094F8883084F8C6
S315080204D0B430304602B0BDE8F081A54216D1D5F84F
S315080204E0A4309BB1D5F8B0301B1A994207D300F055
S315080204F03FFD0121284621F021FC0126E9E70021DA
S3150802050005F18C0021F01AFCFFF756FFD4F8843067
S31508020510A542C4F8B03094F8883084F8B43001D1D2
S3150802052000F026FD0121284621F008FC2049D4F8CE
S315080205308430A1F13000C4F89030C4F8A46024F0E5
S31508020540E5FED4F8B0201A49D8F80030A1F13000F7
S31508020550D31A94F8BA2005F095FC15494FF4167388
S315080205600122A1F1300024F0D7FE637D84F8A13080
S31508020570FFF72AFB0F4B1B6890B1DB7994F8A12091
S315080205800D4993423CBF02F1FF32D3B294F876008A
S3150802059084F8A130FFF7D8FD074821F0C3FBACE782
S315080205A05B78EBE72856002055555500D6BE898E4E
S315080205B0E4560020A0570020B45600202DE9F04F3B
S315080205C08E798DB00C360E44F37A09910590002B7C
S315080205D000F00C819346357B8846C5F38112069254
S315080205E0AA0915F03F0518BF757B0392BBF1010FE7
S315080205F006F10E02049200F0D08100F2EB80039A13
S31508020600033A18BF01220492002A00F0EF80327BD7
S3150802061002F03F029A4280F2E980BE4C636A23F4F2
S3150802062000336362337BC3F38113013BDBB2012BD5
S3150802063040F2E5804046FBF7D1FDDDF8248005F05F
S31508020640020198F8062089460C3205F0010308EBE8
S31508020650020ABBF1000F00F07081BBF1040F00F033
S31508020660CF81002B40F0E68106F10E07002940F003
S31508020670EB81690700F1A5812A0705D57B78023740
S31508020680C3F3031384F87730BBF1010F09D19AF843
S315080206900C3003F0C003402B00F0C580802B00F01D
S315080206A0C2809D4ADAF800300192363A00923946FB
S315080206B02A4694F8560023F08DFAB4F86C1094F88A
S315080206C08A3021F06001D4F8249007EB000889B239
S315080206D0002B00F0E48194F8893041F02001A4F857
S315080206E06C1084F8763084F8AC3015F0200A1FBFF7
S315080206F098F8023098F80320474643EA02230EBFC9
S315080207005746A4F87A3008F11208BBF1010F00F037
S31508020710A1801FF0DAFCEB0640F16381BBF1020F00
S3150802072000F26B82039B626A022B00F0AC8294F899
S315080207308B30002B40F0A1829946BAF1000F19D0EE
S315080207400023049394F87720744994F86E00D6F837
S3150802075000A020F0ABF9002840F0C082049B4BB100
S31508020760676A1FF0B2FCEB0640F1D681BBF1010FB6
S3150802077000F0D281680644BF98F8003084F87830D1
S31508020780337B03F03F07099B0B93636AD90740F152
S315080207900F81BBF1000F40F0D881EA0600F108810B
S315080207A04FF0FF310BA8FBF7DFFC0B98FBF716FDA2
S315080207B0B3790BA884F86B30737907F10D0184F8C5
S315080207C0793027F056FA0B98002800F07382A0F8C1
S315080207D006B0D1E1ABF10302012A07D8039AB2FAAD
S315080207E082F252090492002A7FF411AF09A8FAF795
S315080207F0CDFF4FF0000948460DB0BDE8F08FBBF1BA
S31508020800010F7FF417AFEF0700F11181A80700F176
S315080208103F826907B24600F1D2802A0706F10E071F
S315080208203FF52CAF33E70023A4F88A30636A23F432
S315080208300039B4F86C30C4F8249023F06003A4F8A5
S315080208406C30EB0600F1AE8115F0200A40F0048206
S31508020850B846574619F0040F1ED0039BD8071BD576
S31508020860099B079394F87620C9F300330092012175
S3150802087000202A4A00F04EFF81460798FBF7AEFC95
S31508020880B9F1000F03D00020079900F02BFFBAF147
S31508020890000F3FF463AF55E71FF017FCE90680F037
S315080208A00103C9F3C019DBB240F1A0804A461B49CD
S315080208B094F86E0023F033F878B9B9F1000F2FD106
S315080208C0494648461FF00AFC50BBBBF1020F00F22C
S315080208D09481BBF1000F3FF425AFD4F82490099B0D
S315080208E019F0040F079340F0ED81039B012B04D9FD
S315080208F009F00303032B00F00E8294F88B3003935E
S31508020900002B40F0FC810798FBF768FC039B99468D
S3150802091013E700BF28560020E2560020975600200B
S31508020920BAF1000F40F051814FF0000909A8FAF711
S315080209302DFF48460DB0BDE8F08F4FF07F0C327B95
S315080209409AF807704FF0FF0E84F878C04FF6007CCD
S3150802095094F8600092090528A4F86C20A4F87AB0E5
S3150802096084F86EE0A4F876C003D1042F384608BF8F
S31508020970032084F87500002A40F0AF80002B40F06F
S315080209807681B9F1000F40F0B7816A0717D42B07B1
S3150802099000F1A18106F10E0783E6BF4A0399B2F870
S315080209A06C2002F00302521AB2FA82F252092AE6BD
S315080209B00BA827F0E0F848460DB0BDE8F08F06F11F
S315080209C00E071FF092FD4FF6FF73CDF804800093D1
S315080209D00146B24B042094F86E201FF078FD0137C9
S315080209E04AE680F00100C9F3C019C3B24A46AB49C8
S315080209F094F86E0022F093FF00287FF466AF5CE756
S31508020A000A20B4F86C20A4F86C00500744BF0E22E2
S31508020A10A4F86C2073B90029B7D006F10E076B0744
S31508020A2007F10607CDD428073FF528AE39E6B246C0
S31508020A3005F0020194F86E30FF2B00F0188106F1DA
S31508020A40140700293FF415AEABF10203022BE6D9CF
S31508020A5094F84C30B27AB3FA83F04009B0EBD21F5D
S31508020A6000F0D880181E18BF0120394622F088FDEA
S31508020A700790B07A3946C0091FF029FB81460890CB
S31508020A801FF016FBDDE90713626A02F48072002979
S31508020A9000F0C98033B12AB1C0B9FE2305E0A4F833
S31508020AA06C1022E690B9B37ADB0984F87C303B688D
S31508020AB00637C4F87D30B4F86C3037F8022C43F0A8
S31508020AC00403A4F86C30764B9A80D2E594F84C303D
S31508020AD0002B40F0CE800223E7E7626A42F4003236
S31508020AE06262002B3FF44DAFD6F80E30C4F86F3071
S31508020AF0708A6A4B9880B37A13F040031BBF0123AE
S31508020B0042F4805222F48052626212BF84F86E3036
S31508020B1084F86E30626292E780F00100C3B2C7F3CE
S31508020B20C0125E4994F86E0007F0800722F0F7FEBD
S31508020B3000287FF41FAE002F7FF4F8AE39461FF067
S31508020B40CDFA00283FF416AEF0E64FF0FF310BA8B7
S31508020B50FBF70AFB0B98FBF741FBB3790BA884F862
S31508020B606B30737907F10D0184F8793027F081F833
S31508020B700B98002800F09E80B4F86C20636A02F095
S31508020B806002202A0CBF43F4006323F40063636205
S31508020B90437923F001034371FFF784FB48460DB0FE
S31508020BA0BDE8F08F15F0200A07F103083FF451AEAD
S31508020BB07B79BA794FF0200A43EA0223A4F87A30FD
S31508020BC007F115034746984644E694F877203349D1
S31508020BD094F86E0035681FF069FF00283FF4A4AE4A
S31508020BE006F10C0094F876401FF094FF3A46034645
S31508020BF0294620461FF05CFF96E694F88B30002BB8
S31508020C003FF49AAD3346002205982649FFF708FCB9
S31508020C10814692E539461FF05AFA81461FF048FA8C
S31508020C20626A02F48072B9F1000F05D0002A7FF4D5
S31508020C3033AF00287FF44AAFD4F8A4304BB1012170
S31508020C40194821F07BF8194805F0BEF80023C4F8C4
S31508020C50A430FFF789FBC9E5BB78FA784FF0200A7A
S31508020C6043EA0223A4F87A3007F11208F2E5626A27
S31508020C703AE7012B08BF032317E7334605980C49C1
S31508020C80C2F34042C2E712F002093FF456AD4EE5FE
S31508020C90B24606F10E07DBE62856002097560020D4
S31508020CA0A5560020B51A0408B4560020BC560020E2
S31508020CB0550D0208012027F086F80B9000283FF40C
S31508020CC09AAD59E7069BDA073CD40798FBF786FAEA
S31508020CD04FF0000931E506F10E07CFE494F87630B5
S31508020CE006F10C0003931FF015FF3A4603465146D8
S31508020CF003981FF0DDFE31E506F10E07A8E6C9F3F3
S31508020D004042334605981149FFF78AFB8146079800
S31508020D10FBF764FA11E5079821F030F810B9D4F810
S31508020D202490EAE5B17A06F10E00C1F3801100F0CB
S31508020D309BFC81460798B9F1000FC7D0044B059A68
S31508020D409361E5E7002304938CE500BFB51A04080E
S31508020D50D91A0408532810B50C4610D006D85128BB
S31508020D6017D02146BDE8104020F06EBEA0F155030B
S31508020D70012BF6D82046BDE81040FFF735BB002206
S31508020D80064B0120A3F88A2020F079FE0028F1D02C
S31508020D9010BDBDE8104000F08DBC00BF28560020EB
S31508020DA053282DE9F74F0C4615D007D8512878D085
S31508020DB0214603B0BDE8F04F20F046BEA0F1550328
S31508020DC0012BF5D8A0F1560358424FF000015841BD
S31508020DD000F08AF92FE04FF0000901A84FF0FF3121
S31508020DE0CDF80490FBF7C0F90198DFF8D88048B12E
S31508020DF0FBF7F4F9019800F085FA082821D001A832
S31508020E00FAF7C4FC01F098F8844201D1FAF798FF80
S31508020E100021204620F092FFFFF7CEFAD8F82430B8
S31508020E205A0703D50021084600F05EF9D8F824309F
S31508020E3013F0050F40D0204603B0BDE8F04FFFF788
S31508020E40D3BA019DD8F82C70AB79BE790C331D4400
S31508020E501FF02AF9E8B11FF024F9002819DB0C362D
S31508020E60B85D07EB060B0BF1080A4A465146C0095C
S31508020E701FF02FF968B1D5F80E30CBF808306B8A17
S31508020E80ABF80C30AB7ABA5DC3F3801363F3C712BF
S31508020E90BA55002295F9051098F8760000F0FCFA82
S31508020EA0ADE7074B11201B685978FAF74FFD054A3B
S31508020EB0536A43F02003536203B0BDE8F08F00BFC4
S31508020EC0A05700202856002001238340DB43064909
S31508020ED001F1240252E8002F1A4001F1240C4CE8D1
S31508020EE000200028F4D1704728560020044A4FF003
S31508020EF08040536A43F40023536222F08DBB00BF3D
S31508020F002856002038B5FEF785FE184D044608B166
S31508020F1095F85440FEF758FE10B195F855301C4323
S31508020F2004F00504052C0DD1FBF704F850B995F821
S31508020F306030012B03D1032385F8603038BD0123C5
S31508020F4085F8603095F8613095F84D10253BDBB28F
S31508020F500133DBB2032B28BF002341FA03F2D2077F
S31508020F60F6D5253385F86130E8E700BF2856002014
S31508020F7008B5FAF7C9FF054A516C50640B1A002BDB
S31508020F80BFBFD36B5B1A1B18D36308BD2856002054
S31508020F9040F271232DE9F041414C0E46E36018B147
S31508020FA0237D43F00803237540F27125FAF7ACFF57
S31508020FB0B4F84870216C7D436B181B1AA3F5967218
S31508020FC0A7B1AA4212DD8D4210D86FF49672134465
S31508020FD0B3FBF5F3B1FBF5F2934228BF134605FBC3
S31508020FE01311A5F59672121A21640A4440F2712C5D
S31508020FF0B4F84A30D4F83C801F1F0CFB03F3E168AF
S315080210002089984508440CFB07F72CBF0021A3EB5F
S31508021010080116B10E1E18BF0126B84500D316B12F
S31508021020904200DAF1B9227DA3F5E17322F00802B3
S3150802103023612275FFF766FF236CB8451D444FF0FE
S31508021040000365602564E363164D18D2FEF7BCFDFE
S315080210502B6810B3DA79197B637D5B1A934218DA27
S31508021060627507E0237D9142D4BF2161226143F074
S31508021070080323750A48BDE8F04120F053BEFEF77F
S31508021080A3FD2B6838B19A791B7B617D0B44934289
S31508021090E6DC6375EEE71A78F6E75A78DBE700BF0F
S315080210A028560020A057002038B505460D4C80B1B9
S315080210B00320FFF709FF002384F851300123A4F81F
S315080210C04E300420FFF700FFBDE838401020FFF736
S315080210D0FBBE0520FFF7F8FE012384F8B550A4F8F5
S315080210E0B830EEE728560020324B70B55A6A0D46DC
S315080210F031B316075CD503F1510603F14E0498B3D2
S31508021100D10624D52288012A21D952080420228010
S31508021110FFF7DAFE1020FFF7D7FE23880BB9012363
S3150802112023801FF0A5F92388B0FBF3F202FB130014
S315080211303070002D3AD00320BDE87040FFF7C4BED8
S31508021140940635D503F1B50603F1B804D7E703F1DA
S31508021150240252E8002F42F0100203F1240040E86C
S3150802116000210029F3D1D5E7D20312D52288B3F894
S31508021170521091420DD9520092B22280B3F85230DF
S315080211801020934228BF13462380FFF79DFE0420B2
S31508021190C1E703F1240252E8002F42F4803203F138
S315080211A0240040E800210029F3D1F0E70520C3E72F
S315080211B070BD00BF2856002070B58AB005466B463A
S315080211C04D4AAC7910685168127A03C30C34082068
S315080211D01A702C4403F04CFF20B101222846A11DA7
S315080211E026F0ACFC0021A3790DF121008DF80F3011
S315080211F0A37ACDF8211003F00F0303F128026A44FB
S3150802120012F8282C8180ADF810208DF82010062BB4
S3150802121012D8DFE803F00459111168115500374A4C
S3150802122002F1240353E8003F43F4005302F1240079
S3150802123040E800310029F3D1A37A0DF11301C3F373
S3150802124080138DF81230E3680DF11200CDF81330D1
S31508021250238A09AEADF8173000231A461EF026FF78
S31508021260E3791C218DF819304FF47F43ADF81A3013
S315080212707F238DF81C30637928468DF81D300023AC
S31508021280ADF81E30AB7903AC1233AB7126F0A1FC74
S31508021290AB792B440C33224603CAB2421860596012
S315080212A0144603F10803F6D1106829461860144853
S315080212B026F0C6FC4FF0804022F0AEF90AB070BDA7
S315080212C00D20FFF701FEB7E7D4F81230CDF821302A
S315080212D0E38A8380EB79063BEB71A37AC3F3C013E7
S315080212E08DF82030A8E7054B5B6A9B0444BF42F0A1
S315080212F00102ADF810209FE703D004082856002003
S315080213004856002070B583790C33C4182379DA0756
S3150802131002D44FF0FF3070BDA37A03F00F05082DF3
S31508021320F7D8062D01D92846F5E7E27A911F1F2933
S31508021330EFD8012D1FD10C2AEBD1244E736A13F074
S31508021340060F01D1DB05EED41EF0BFFE20B91EF052
S31508021350B3FE0028E7D1DCE7A37A96F84C20C3F35C
S31508021360C010B2EBD31FD4D104F1120100F0010070
S3150802137022F006F9EDE7042DD5D11449144A486A34
S315080213800240002AC5D0096B0029CCD08A79C3F35A
S3150802139080130C3288188A5CB3EBD21F13D104F17E
S315080213A00C01062208301EF016FCB0FA80F4640915
S315080213B01EF08BFE0028B6D1002CB4D11EF071FEA9
S315080213C00028B0DBA5E70024F2E700BF2856002074
S315080213D00800040038B50E4D044600F0D1F8286B13
S315080213E018B110F02BFF00232B63FEF7E5FF09481F
S315080213F004F0EAFCEB6A0BB1FFF778FD044884F0C7
S31508021400010120F09BFCBDE83840034826F0B3BB37
S3150802141028560020305600204856002038B51C4C65
S315080214200546237D23F00803237500F0A9F8B4F8CE
S31508021430C0302BB9A36813F4601F08BFA4F8C030E4
S315080214401348002120F07AFC124B606AA361430418
S3150802145006D485F001000021BDE83840FFF798BDA3
S31508021460626B6168521A002AF3DA20F0010242F42A
S31508021470004210F00400626201D1FFF7ABFF4FF0A1
S31508021480804022F0C9F8FEF79FFB0028E1D138BD5B
S3150802149028560020231B04082DE9F04F4FF0000BB5
S315080214A0304C89B0E66AA36AB779C4E90ABB0C3735
S315080214B0F51901936B6A9046824689460393FAF7B1
S315080214C03FFCF35D05F108073946C3F3C01306A8C6
S315080214D08DF818301EF004FEFF238DF8193094F8A3
S315080214E0253001A8C3F380030E358DF81A30CDE9ED
S315080214F004578DF808B08DF81BA08DF81C908DF84E
S315080215001D8002F009FB304610F098FE636A23F04C
S315080215102402D907626205D40120FFF75BFF09B0EE
S31508021520BDE8F08F104B94F854501A68052D1378BD
S31508021530527813444FEA6303637502D1FAF7FAFC49
S3150802154040B994F854309A070AD413F0040F14BF1A
S3150802155003250125012084F86050FFF75FFFDEE7C7
S315080215600225F7E728560020A0570020034B5B6A9E
S3150802157013F0060F0CBFE220F12070472856002010
S3150802158008B500F0D9FC054B834206D1FAF7D8FB19
S31508021590BDE80840002003F09DBB08BD2856002080
S315080215A070B51E4C1E4803F095FB94F8603094F80B
S315080215B061200021C82022F000FC014604F15800EF
S315080215C01FF011F804F1580022F016F9002211460C
S315080215D010461EF09DFF66686664FAF795FC024699
S315080215E0FFF7C4FFB61AB6F5FA6F05460BDC00F02C
S315080215F031FB627DA0F5E171284622F062F9BDE869
S315080216007040FAF77BBB666800F024FB3146A0F50A
S31508021610E172637D284622F01AF9F0E7285600207F
S315080216206D19020810B5FAF78BFB00F019FB40F2A8
S31508021630EE2398420FDDFFF799FF044600F00AFBF6
S31508021640084BA0F5E1715A7D204622F03AF9BDE829
S315080216501040FAF753BBFFF78BFCBDE81040002099
S3150802166020F06DBA28560020F7B5104C064694F8B5
S3150802167051500F462DB10020013D84F8515003B058
S31508021680F0BD0B4B02201B685978FAF749F994F812
S315080216904C303A46CDE9005331460323206B20F0FD
S315080216A081FA206B03F01AFF0120E8E7285600208A
S315080216B0A0570020094A02F1240353E8003F43F0E9
S315080216C0080302F1240040E800310029F3D1044B53
S315080216D001201B685978FAF739B900BF2856002045
S315080216E0A057002070B50A4C636A5B070DD58B7943
S315080216F00C33CD1850B9E879CE58298922F000F969
S315080217000644A6636B7984F8503070BD0120F3E76E
S31508021710285600202DE9F04F174698468F4B8BB076
S31508021720DD6A0491AC795B6A0C342A5D014061F387
S3150802173045122A55394603F04002064640460292A9
S31508021740C3F3801A1EF0C3FC05EB040B0590285D53
S315080217500BF108031946C00903931EF0B8FC029B55
S315080217608146002B45D1002845D11EF0AEFC80F0FB
S315080217700103DBB252463946404603F0010322F022
S31508021780CEF80390002800F08580029B002B34D106
S31508021790B9F1000F6CD1059B002B69D01EF084FCB1
S315080217A0002865D0012208A90DF11F001EF093FC3E
S315080217B000286FD09DF81F302A5D591E4B424B41B7
S315080217C0B3EBD21F66D1062208A90BF108001EF058
S315080217D002FA00285ED13B68CBF80830BB88ABF822
S315080217E00C302B5D68F3C7132B554FF0000AD14610
S315080217F01AE00123BEE7029BBCE7584B5B6A9805D1
S315080218001CD44FF0000915F804A048461EF069FCDE
S315080218103B68CAF3801ACBF80830BB88ABF80C30A1
S315080218202B5D68F3C7132B554C4F002E38D197F80A
S31508021830B530ABB3013B87F8B5302BE01EF031FC6F
S315080218400028DEDB0022114610461EF03CFC15F885
S3150802185004A081460028D8D0002302211A460BEBA1
S31508021860010020F075F92B5D60F386132B55CCE742
S3150802187008F1FF32D2F100082B5D48EB0208B8EBFB
S31508021880D31F07D1062239460BF108001EF0A3F929
S315080218900028AAD00023039303980BB0BDE8F08F63
S315080218A0FAF732FBFB6A00F196019A790BF10E0000
S315080218B013441A6B9DF85030009620F0ABF9284B6A
S315080218C007461B68002E3DD102205978DFF88C8026
S315080218D0FAF726F8D8F82C0003F000FED8F82C30D0
S315080218E09A7913441F6386B31E4803F0F3F9049AE0
S315080218F0D8F8243072B343F48063C8F82430029BC4
S315080219008BB986B92B5D3246C3F3C0130BF10801B6
S3150802191008A88DF820301EF0DEFB2B5D9DF82020EE
S3150802192062F3C7132B55B9F1000FB5D00023514600
S315080219301A460BF1020020F00BF92B5D60F38613B1
S315080219402B55A9E70020D979C0E700F0F5FA064B2E
S315080219508361CCE723F48063CFE700BF28560020D3
S31508021960A0570020311B0208A10D020853282DE9B1
S31508021970FF4718D005D8512800F0CE8004B0BDE83C
S31508021980F087A0F15503012BF8D8553818BF012066
S315080219900121FFF7A9FBFFF7EBFA002004B0BDE827
S315080219A0F04720F0CCB8002402A84FF0FF31029489
S315080219B0FAF7DAFB02985C4D68B1FFF7A3FC082830
S315080219C0064605D8594B13F8009019F0080F09D1A5
S315080219D002A8F9F7DBFE6B6A13F0060F1FD0FFF7B2
S315080219E021FE1CE0072821D16A6A12F48012EFD17F
S315080219F028460299FEF7E2FD0028ECD0FEF78EFC97
S31508021A0068B1FFF7B5FA40F27122B5F84A30534386
S31508021A10EA6B9A4203D201210846FFF7B9FA012175
S31508021A20084604B0BDE8F047FFF75EBB029B039386
S31508021A3000F016F96B6A074613F004035ED019F034
S31508021A4002035BD0A0F56E73002B0EDD0120039A0C
S31508021A5093790C331A44917A0090C1F380130C32AD
S31508021A60C1F34011FFF756FE04460398FAF7B6FB90
S31508021A7003990120FFF736FE6A6AD10748D503990A
S31508021A8002F080088B790C3301EB030A1EF01DFB6A
S31508021A9080F001039AF80A00DBB24FEAD8120AF17B
S31508021AA00C01C0F3801021F03AFF48B3C4B96B6A3F
S31508021AB09A0736D519F0010F17D0039820F05EF968
S31508021AC070B1A7F21657002F0ADD039883790C33F3
S31508021AD01844817A0C30C1F38011FFF7C5FD04461C
S31508021AE0042E02D16B6A9B0712D519F0040F0FD088
S31508021AF00398FFF761FB002C91D16CE71C46B4E70B
S31508021B00B8F1000F04D141461EF0E8FA0028CDD0FC
S31508021B1003A8F9F73BFEEEE704B0BDE8F047FFF786
S31508021B20C9BD042EE1D1F3E7285600204E00050868
S31508021B30512808B50BD1084803F0CCF80122074B07
S31508021B40104693F95010BDE80840FFF7A5BCBDE85A
S31508021B500840FFF70BBF00BF6D1902082856002080
S31508021B6010B5074C2368DA0607D523F0100323605D
S31508021B7018B90220A1681EF09DFC0023A36010BDBF
S31508021B80EC560020F8B50023027D0446950703604B
S31508021B900CD550F8081FC90C01F4FC7141F0050177
S31508021BA022F0B2FD227D02F0FD022275A06820F025
S31508021BB08CF80546100703D5FAF7A6F9284460609B
S31508021BC0194F62683E4656F8041FAD1A79B9216064
S31508021BD03460BB68E3B1607D597D884219D2217DA4
S31508021BE009070FD5BDE8F8400020FFF7B9BF886896
S31508021BF020F06BF84B682B441B1A002BE7DA0E46CB
S31508021C000968E3E759681B690B449B1A002BE9DA52
S31508021C10F8BDD3E9011020F058F8E3681A44521ABD
S31508021C20C242F5D5DEE700BFEC560020014610B5E4
S31508021C30044603201EF03EFC054B1B68D90305D457
S31508021C40237D5A075CBF43F00203237510BD00BF0C
S31508021C50EC560020014BD868DC387047EC56002059
S31508021C60034B10B5DC68FAF74FF9DC3C201A10BDB5
S31508021C70EC5600201822002101481DF0D5BF00BFEE
S31508021C80EC560020034B1B6803EA0040003818BFD5
S31508021C9001207047EC560020064A9368197DC90749
S31508021CA05FBFD0685A68DC38DB685ABF801AC01A28
S31508021CB000207047EC56002030B5B8B14468ACB184
S31508021CC0104D2B691A4692B943B19A688A1A41BFCE
S31508021CD05242B2FBF4F202FB044409190A4C81602F
S31508021CE04BB9036020602B7D01332B7530BD8242D0
S31508021CF0FCD01268E7E79A68521A002AF1DA1C46FB
S31508021D001B68EDE7EC560020FC56002040B14368FC
S31508021D1033B1084B1A7D013A1A7553F8102F02B9D6
S31508021D2070471A68904202D102681A6070471346D1
S31508021D301268F4E7EC56002038B50446094D084601
S31508021D40AB68A34201D1FFF70BFF6A68064B22B1C3
S31508021D501A68A24202D122681A6038BD134612686E
S31508021D60F5E700BFEC560020F05600202DE9F347B0
S31508021D705C4E33685A0700F1B280B368002B40F014
S31508021D80AE8056E8003F43F0040346E80032002AD4
S31508021D90F7D17468B4B1FAF7B7F801AA074601464B
S31508021DA0204625691FF099FF08B9204621E0019BC4
S31508021DB0A5EB03082568ADB9636808F1DC08434456
S31508021DC0C6E9024356E8003F23F0040346E8003218
S31508021DD0002AF7D1B468002C4DD102B0BDE8F0470D
S31508021DE0FAF798B83946284601AA1FF076FF18B9B5
S31508021DF02846FFF71BFFCCE7D5E901A01FF065FFD0
S31508021E002B7DAAEB0000DB0705D4019A2B699B1AE6
S31508021E10EA689B1A1844626802EB08031B1A002B2D
S31508021E2025DD984504D9E368801ADC3383421DD937
S31508021E3094F8149019F0010F0DD1A0681FF045FF10
S31508021E402369E9681A44A2EB0A02E368521A121ACB
S31508021E50DC339A420DDC6A7D637D9A4207D219F019
S31508021E60080FA2D0D5F80C802C4600E080462D68D3
S31508021E70A1E78846F8E7A36813F4601FC3F3C245CF
S31508021E8026D100253368214643F01003012033602A
S31508021E901EF010FB1DB3A36804F1080513F4601FB6
S31508021EA04FEAD341C3F3C24407D0013CE4B201F47A
S31508021EB0FC712846214322F027FC0321284603F019
S31508021EC09DFF64B9284602B0BDE8F04703F07CBF1F
S31508021ED004F1080003F030FF0028D2D1D2E702B09D
S31508021EE0BDE8F087EC56002008B5034B996809B19E
S31508021EF01EF0E0FA08BD00BFEC5600200D4B50B1AB
S31508021F0053E8002F42F0040243E800210029F7D1E2
S31508021F100220FFF7E9BF53E8002F22F0040243E844
S31508021F2000210029F7D1986808B1FFF77FBEFFF7AD
S31508021F301DBF00BFEC560020014B9868704700BFD2
S31508021F40EC5600200C4B70B59C68844212D121468F
S31508021F5002201EF0AFFAD4E901601FF0B6FE05466C
S31508021F60F9F7D2FF801BE84221464CBF0120032025
S31508021F701EF0A0FA70BD00BFEC56002002462DE9FD
S31508021F80F84F002855D02C4FD0F80C80BD6806694A
S31508021F90854208EB01090E440CD12C68F4B9954226
S31508021FA0C2E9039603D16B68DC333344FB60012034
S31508021FB0BDE8F88F6FF0DB0A7C68002CEFD0A068CA
S31508021FC01FF083FE844653686068AAEB0303034442
S31508021FD0A3EB0C03002B01DA2468EEE76FF0DB0BA8
S31508021FE0D2F804A0ABEB0A0BA0681FF06EFE63687A
S31508021FF05B44181A814515D394F815C0537D9C4540
S3150802200002D92468002CEFD10C4B994211D1804594
S315080220100FD89542C2E90300C9D10AF1DC0A504435
S31508022020F860C4E7C2F80C908642D4BF1661106104
S31508022030BDE70020BCE700BFEC560020809698005A
S31508022040114B70B59D682C692E6816B968682044CC
S3150802205070BD727D6B7D9A420FD8B0681FF035FE4F
S315080220606FF0DB036A6871689B1A0B4429691B1AAD
S315080220708B42D4BFD0185018EAE730461FF07AFED2
S315080220800028EAD13668E0E7EC560020884270B5A7
S3150802209005460E46144621D0164B1B690BB35B68E0
S315080220A0B3FBF2F302FB03F085420CD8814215D248
S315080220B0B0FBF5F5B0FBF5F0B04228BF3046B0FBF1
S315080220C0F4F060430AE0B5FBF0F3DBB200FB03F27F
S315080220D0954204D89642304628BF104670BD013351
S315080220E0F3E71EF07EFA731BB0FBF3F202FB130052
S315080220F02844E1E7EC56002010B50024094B1C7071
S3150802210003F098F803F0E4FD22462146204621F022
S3150802211067FA1EF00EFAFCF7BFFB1EF034FB2046E8
S3150802212010BD00BF39660020014B1878704700BF02
S3150802213039660020437D0F4A1B01DBB282F82E3333
S3150802214082F82F3382F8313382F8303382F8323309
S3150802215082F8333382F8343382F8353382F83733E8
S3150802216082F83633037E23B9037D1B01DBB282F87C
S31508022170223C704700E100E0024B1B780BB910F0D5
S315080221802BBA70473966002037B5054602F082FF3A
S31508022190044698B92846FFF7CDFF2B8A0DF10601AA
S315080221A0ADF804306B8A01A8ADF806301FF0FFFDC2
S315080221B00122034B1A70204603B030BD0224FAE707
S315080221C039660020902238B50546164B00211C6850
S315080221D02D0202FB004420461DF026FD124B45F057
S315080221E001051B6804F10800DB7800216375E582A6
S315080221F022F084FA4FF00823E3641323A4F850303C
S315080222004FF60773A4F85830FF23084A84F85A3061
S31508022210074B2046C4E91B32C4E91F32BDE83840E1
S3150802222020F02FBA04570020A05700205555550014
S31508022230D6BE898E00220A4B18791B68D1B288420B
S3150802224001D800207047996921B1196A01F0600125
S31508022250602902D001329033F0E70120704700BFAF
S3150802226004570020014B1879704700BF0457002015
S31508022270034B1B68C01A034B00115843C0B2704780
S3150802228004570020398EE3382DE9F0411E4683694A
S3150802229004460F4615468BB169B929F097F80546E3
S315080222A03946A06C1EF01AFC2046394620F07AF907
S315080222B0284629F086F80020BDE8F0810029FAD0E0
S315080222C0B0F85030DA0675D5B4F85030DF077BD44B
S315080222D0204620F086F90028EED1B4F85030D90607
S315080222E07ED4D4E90A12204600F07EFE012E11D0D1
S315080222F040F27123B4F84C205A4390420AD9B4F8F2
S315080223004E205A43904278D800F51C70B0FBF3F081
S31508022310A4F84C003A4BE26884F856602261B4F895
S315080223205020A36112F0100F4FF000030CBF4FF4B8
S315080223308C768C2684F8573006F26316236A002DAB
S3150802234050D123F4807343F4006323622D4B04F1C6
S3150802235008081B68DB78637529F038F8237D074679
S3150802236043F0080340463146237522F0C7F9012097
S31508022370FFF788FC28B9237D5A075CBF43F002039E
S315080223802375A1684046C1F3C84141F0900122F085
S31508022390BBF925B1F9F7B8FD636A034463622046BF
S315080223A01FF0C0FC384629F00CF80121A06C1EF07B
S315080223B095FB80E7980787D5E06A25F036FC002862
S315080223C082D141F20C0077E7E36B002B80D101F052
S315080223D0E5FAE06300287FF47BAF41F209006BE778
S315080223E0094B98E740F27121B4F84E2043F4807302
S315080223F0C2EB05124A436262A5E741F245005BE772
S315080224004D250408A05700207530020870B500242F
S315080224109026094D2B79A34200DC70BD286806FB7D
S31508022420040090F85930FF2B04D000231A461946A7
S31508022430FFF72AFF0134EDE70457002038B50446B2
S31508022440002839D0083003F0BFFC0025FF2304F129
S31508022450280084F85930A56125F08DFB04F12C007B
S3150802246025F089FB04F1300025F085FB04F13400E0
S3150802247025F081FB04F1400025F07DFB104B18681E
S31508022480104B201A00115843C0B21EF030F801460C
S3150802249028461EF025F8E06B10B101F0CBFAE56389
S315080224A0606C18B11EF0E8F800236364A06C1EF095
S315080224B02DFB0020A06438BD41F24200FBE700BFB5
S315080224C004570020398EE338F0B5104B02461E68D1
S315080224D093F804C035464FF0FF3400239C4508DCC8
S315080224E091B1631C10D0902303FB046080F8592035
S315080224F0F0BD95F8597028469742F9D0FF2F08BFC4
S315080225001C4690350133E9E70020F1E7045700201D
S31508022510014B9868704700BF0457002070B5002425
S315080225209026064D2B79A34201DC002070BD28684F
S3150802253006FB0400FFF782FF0134F3E70457002085
S3150802254038B50A4DFFF7EAFFAB6813B100221A60E5
S31508022550DA801EF066FC00242B79A34200DC38BD23
S315080225602046FFF72FFE0134F6E700BF0457002086
S31508022570F8B5054600249027074E3279E3B29A4207
S3150802258001D80020F8BD3068297807FB03001FF040
S3150802259011FE0134F1E700BF0457002070B5314C33
S315080225A00646A06818B10FF049FE0023A360E0684A
S315080225B018B10FF043FE0023E360FFF7C1FF0020C6
S315080225C01DF09DFF6EB900250320267125606583DF
S315080225D00FF080FDAE4221DC20791DF090FF28B96C
S315080225E070BD022025F0EFFBA06080B90025A06827
S315080225F02571256088BBE06818B10FF01FFE00231D
S31508022600E36000201DF07BFF41F20700E8E70220A5
S3150802261025F0D9FBE0600028D5D1E7E706EBC6012D
S3150802262009012B460122032089B20FF00FFD054648
S315080226300028DBD103200FF077FD20600028D5D0D3
S315080226409022294672431DF0EFFA2379AB42C3DD85
S315080226502846FFF7B7FD0135F7E70FF0EFFDA5604E
S31508022660C9E700BF045700202DE9F04300268BB0C6
S31508022670DFF8E08008AF98F80430B34202DC0BB00A
S31508022680BDE8F0839023D8F8004003FB064494F88B
S315080226905930FF2B0DD0236A980306D504F1400959
S315080226A0484625F0BAFA054628B9226A12F4A02F36
S315080226B01DD10136DFE7AB7939460C332B44D8688E
S315080226C09A7A1B8AC2F38012BB8000238DF81F20D8
S315080226D038601A460DF11F001DF0E8FC3B462846F5
S315080226E09DF81F2094F859101EF083FAD8E7B4F81B
S315080226F0503003F01D031D2B17D13C23FF21002068
S31508022700CDE90431CDE902000121CDE9000004F149
S315080227106203C2F3800222F0ABFBA8B94FF08050E5
S315080227200BB0BDE8F04302F07BBC12F4803F08BF51
S315080227303C214FF0000218BF432194F8573094F811
S3150802274059001EF08AFDE8E7236A23F4A0232362D0
S31508022750AFE700BF0457002070B5002490260C4D41
S315080227602B79A34200DC70BD2B6806FB043393F871
S315080227705920FF2A03D0986C18B11EF0C8F9013403
S31508022780EEE7586C0028FAD01DF061FFF7E700BFA4
S315080227900457002070B505460C4CB0F85260237EEB
S315080227A0216906F5FA7606FB1311A06803F022F9E9
S315080227B0217E6B68002006FB01316A7D21F033F821
S315080227C0A068BDE8704002F089BE00BF0457002029
S315080227D038B50446104B0D461B68627DD87AA9B1F6
S315080227E09B781044984200DCC3B22046A16A6375FE
S315080227F01FF0ADFD20B1002194F8850021F0DCFA26
S3150802280029462046BDE838401FF08ABFDB78121AEF
S315080228109A42A8BFD3B2E8E7A05700202DE9F74F9E
S31508022820164688469A460546FFF772FE0446284625
S31508022830FFF71EFD1DF05BFE0190304698F800700A
S3150802284025F0F3F9DFF838B10021BBF91430C61ABE
S31508022850384603F0B1F87B0748BF073026EAE67622
S315080228603318FF2B13DD47F01007C0F1FC061DF0E5
S31508022870FFFD2523B0FBF3F101FB13010020C9B2CA
S3150802288003F04AF94FF0100985F8850002E017F0BF
S315080228901009ECD1BAF1000F01D095F850A0002327
S315080228A052463946204621F088F82946204621F024
S315080228B0F4F92946204621F0B5F82046019921F077
S315080228C0DAF8204605F18C0121F01AF9B9F1000F60
S315080228D04AD095F8842095F88510204603F042F8E8
S315080228E02946204621F01BF990B1DBF810306968B9
S315080228F0E2791944A379A86CD21A0C3353FA82F2F4
S315080229002244B0B31EF0EBF80146204625F00AF938
S31508022910B9F1000F31D0B5F98810204621F002F935
S315080229202046019921F0D3F82946204621F0F7F8E6
S3150802293020B1A86C10B121461EF0D3F831462046C4
S3150802294021F004F9B9F1000F08D0FF2195F88400A7
S3150802295021F038F90146204603F04CF8304688F84B
S31508022960007003B0BDE8F08F95F8742095F87510DD
S31508022970B3E7686C1DF070FEC6E7B5F97810CCE7C8
S31508022980045700202DE9F34704468DF8071016462A
S31508022990002190F88520984690F88430B0F95400C2
S315080229A021F00BFA04F17C05014628461DF01BFEB0
S315080229B0284620F021FF0022114610461DF0A8FDE8
S315080229C09DF807506B0709D52046FFF751FC1DF005
S315080229D08EFD0021024604201DF09AFDFFF798FDA0
S315080229E025F010058146324620469DF828300DF11D
S315080229F007018DF80750FFF711FFDFF858A00746C1
S31508022A00AAF81600B8F1000F17D19DF8075015F06D
S31508022A10100015D10C4B6168A361DAF81030627D9B
S31508022A20194420F000FF3B4631464846BAF91420BD
S31508022A3002F072FD02B0BDE8F0870220034BEAE716
S31508022A404046034BE7E700BF3B2504085B2504081D
S31508022A50392C02080457002073B5044690F8611011
S31508022A601FF0AEFCB4F8502094F86130910703F0D9
S31508022A70EF0505D1960601D4C10701D503F0EE0587
S31508022A80606C48BBA06C002831D1204645F0080688
S31508022A90FFF7EEFB1DF02BFD48B1C3799B0606D561
S31508022AA0636C23B9838845F00C06013383800022C0
S31508022AB0B4F85000104B9A8210F0030318BF012392
S31508022AC081074FF0010158BFA26A2046009131469C
S31508022AD0FFF758FF02B070BD1DF0C4FD0028D1D023
S31508022AE0B4F850309A07D0D145F02005CDE71DF04D
S31508022AF0F0FF0028F4D1C8E70457002038B51D496D
S31508022B0004460B7E4A7E0133DBB2B3EB921F0B7689
S31508022B1003D3032300200B7638BD5B001A4102F06B
S31508022B200302253280F87520B4F8505090F87430B4
S31508022B3015F01001B0F9540016D121F03EF904F14E
S31508022B406C05014628461DF04EFD284620F054FE27
S31508022B500022114610461DF0DBFC94F87500002190
S31508022B6021F02AF90120D7E7024619460020F9F78B
S31508022B708BFDE4E70457002010B5037D044623F0D5
S31508022B80080303750C4B8361FFF7B8FF20B1204693
S31508022B90BDE81040FFF7FEBD2046A16A1FF0D7FB2D
S31508022BA020B12046BDE81040FFF756BF2046BDE8D3
S31508022BB010400121FFF70CBE4D25040837B504461F
S31508022BC01FF07CFD28B12046A16A1FF0E2FB84F8BB
S31508022BD06100174D94F858001FF0EDF8B4F852301A
S31508022BE06A7E03F5FA7392095343204603F59673F0
S31508022BF02B61FFF783FF0F4B94F86110A361237DC6
S31508022C00204643F0010323751FF0DAFB01238DF8F2
S31508022C100700002220460DF10701FFF7FFFD0022FB
S31508022C202046AB681A6003B0BDE83040FFF7B2BD74
S31508022C30045700204D250408512837B50C4620D1E3
S31508022C40124DFF21AB8AEA8A94F884001344AB82B8
S31508022C5020F0B8FF2B6994F8611003442B61B4F88D
S31508022C605030D4E90A0213F0020F4FF0000308BFEE
S31508022C7002460093204601F04801FFF783FE03B09F
S31508022C8030BD03B0BDE830401FF02DBC045700200C
S31508022C9000232DE9F04387B004464FF0FF3105A81B
S31508022CA00593F9F761FA059D002D4BD0AB790C33E4
S31508022CB01D442B79D90742D5EB7A252B3FD86F4E7F
S31508022CC094F85020B168C2F300128B7905F10A080C
S31508022CD082F001020C33404602F00102194420F048
S31508022CE00CFD60BB236A95F80A9003F060071DF095
S31508022CF0ECF9C9F3801980F001033A1E05F10C01BB
S31508022D0018BF01224846DBB220F009FE0146D8B9AF
S31508022D101DF0E4F998B987F06003AA7A02F00F0267
S31508022D20032A13D19A060AD5B4F850104046C1F3BD
S31508022D30400120F0F9FC032823D0052870D005A805
S31508022D40F8F724FD012064E06023E6E7052AF6D1B8
S31508022D509B09F4D004F16202B4F850100192226A77
S31508022D60C1F30013C2F3800283F0010300924046C6
S31508022D70C1F3800203F0010301F0010120F0DDFC3A
S31508022D80D9E7FFF7C5FB09230546617D00208DF8C3
S31508022D901330F8F7C5FD0123E26A0DF11301204647
S31508022DA0FFF73CFDAA7903461544AA7BE16A22F09D
S31508022DB0C002AA730022F082B068B28202F0ACFBAB
S31508022DC09DF813302E4A13F0100F2E4B18BF1346D8
S31508022DD00598A361F9F702FA059A93790C33D01884
S31508022DE00189C079D55820F08BFD6368C3F1960333
S31508022DF02B4403443361236ADB060DD5059904F196
S31508022E00400024F01DFF4FF4003120461FF081FCDC
S31508022E10002007B0BDE8F08305A8F8F7B7FCF7E786
S31508022E20059F617DBB7900200C331F44F8F778FDB6
S31508022E30154BB068A361B97A07F10C038779256A3D
S31508022E4007443F7BC5F3400CC5F3C00215F4005591
S31508022E5018BF04F15B05C7F38017CDE901C5C1F3B5
S31508022E608011009720F036FF0023B068036002F055
S31508022E7035FB0598A063F9F7B1F9C9E704570020AD
S31508022E80392C02083B250408472304082DE9F04398
S31508022E9004468F798BB00C370DF10409CD1901223E
S31508022EA00E460DF1030049461DF015F9E36B8046FF
S31508022EB003930023E363B4F85030E879C3F30013AD
S31508022EC08DF825302989F75920F01AFD204B074439
S31508022ED01B6805975B7905F118026375012306924B
S31508022EE08DF8103005F10C03B8F1000F25D09DF8C6
S31508022EF00330CDF81C908DF820309DF8252094F8E3
S31508022F0059308DF821300123E2B1AA7AC2F3401270
S31508022F108DF822208DF823306B7903A88DF824309A
S31508022F2000F0FAFD012120461FF03CFB30460FF067
S31508022F3085F901200BB0BDE8F0830793AB7AC3F39A
S31508022F408013D8E78DF8223094F88430E2E700BF80
S31508022F50A0570020F7B504461DF08AFAC0F30F23DE
S31508022F60542B3CD9A92B8CBF02230123C0B27E283D
S31508022F708CBF0222012203218DF804301344B3FBCD
S31508022F80F1F000EB40001B1A8DF805301344B3FB31
S31508022F90F1F2002102EB42029B1A8DF8063008462E
S31508022FA00B460A4601AE16F8015B44FA05F7FF0717
S31508022FB006D551008D4001212B430132DBB2D2B234
S31508022FC00130C0B20328EED1002908BF0023054903
S31508022FD043EA82134B76FF230B7603B0F0BD002338
S31508022FE0C4E700BF04570020F7B505466B461646E8
S31508022FF0174A0C461068516803C395F858300833C7
S315080230006B4413F8087CB5F85030DA0609D433460F
S315080230102246394628461FF0FDF900F5FA7003B034
S31508023020F0BD204624F001FEB5F8503000F10A043E
S315080230309B074FEAC40405D0304624F0F6FD04F592
S315080230400C740444E823781E584304FB0700E4E79B
S3150802305078000508064B1B68D97ADA78437D5B1A2D
S315080230609342A8BFDAB2002142751FF059BB00BFCE
S31508023070A05700202DE9F04F03280C4685B000F032
S315080230804D8107D8012820D0022800F0358105B0E5
S31508023090BDE8F08F312800F036813228F7D10023B7
S315080230A003A80393F8F7CEFD0028F0D103998B798C
S315080230B00B449B7D03F00F03032B00F04A81052B7B
S315080230C0E5D12046FFF7E2FEE1E7B1F85020A64B2C
S315080230D0D1071E68C2F340034FEA830348BF43F091
S315080230E0080333815707226A44BF43F0100333812A
S315080230F0D50644BF43F020033381500744BF43F04B
S3150802310040033381910644BF43F080033381570657
S3150802311044BF43F4807333815D0701D4180702D58F
S3150802312043F4007333814FF0000BD4F862308F4FAB
S31508023130B361B4F866302046B3831FF0BFFA20F0B5
S31508023140BEFABB6804F1620AA3F806B0A06A24F0C4
S315080231506CFD0622BD6880462B7BA5F806B003F0F7
S315080231604F032B73B4F850305FFA80F9103B6A7339
S315080231700D2B31D8DFE803F0BD30B907300C3030FB
S3150802318030303030300C2B7B23F00F032B7323E0C7
S3150802319001232A7B206A63F303022A730C2210F0A6
S315080231A0080F6A7305F114020DD001924FF0FF322F
S315080231B051460092C0F380001A461CF082FF2B7B10
S315080231C043F08003E2E7D4F862306B61BAF8043060
S315080231D09380236A5907F2D4B4F850202B7B05F161
S315080231E00E0162F345132B73204620F02DFD2B7B2F
S315080231F0697B60F3861302312B732846C9B224F021
S3150802320091FCB4F8503003F01403142B05D0B9F12D
S31508023210000F02D06B7B43446B7300234A46A16AB4
S31508023220B86824F0A6FEB86820F04EFA33893061F1
S315080232305A072ED54FF00009FB68A3F80690E06AF4
S3150802324024F0F3FCFD68804608212846A5F8069076
S3150802325024F068FC0623297B6B7301F0400141F0D8
S3150802326004012973204605F10E0120F0EDFC2B7BA3
S31508023270E16A60F386132B7308F106036B735FFA30
S3150802328088F24B46F86824F074FEF86820F01CFAB7
S31508023290706140F27121B4F84C30B4F84E2094F8BB
S315080232A05800D21AE36803F59C53083301FB02332C
S315080232B02361FFF74FFE7B7E33730023737394F803
S315080232C07430F3726368B4F978003360F9F708FA70
S315080232D02120237D1B0742BF338943F00103338133
S315080232E005B0BDE8F04F01F07FBD2B7B62F3030307
S315080232F04CE702222B7BF9E7FEF71EFE84427FF497
S31508023300C6AE2220ECE70B7D23F008030B75164B9D
S315080233101B689B7B43B1012B7FF4B9AE204605B0EF
S31508023320BDE8F04FFFF796BE114B497D1A68D37A6E
S3150802333092780B449342D8BFDAB2A3696275002B1E
S315080233403FF4A5AE0121204605B0BDE8F04F1FF0B7
S31508023350E7B904F1400024F073FC4FF4003120462B
S315080233601FF0D7F993E600BFE45700200457002060
S31508023370A057002038B50446D0F8A400D0B194F876
S31508023380305124F017FC81B20631284620F0B8FAEB
S3150802339083B240F271200849B4F87C20098C424372
S315080233A041438A42B8BF0A4603F548709042B8BFFD
S315080233B0104638BD0346ECE72057002030B5174BB8
S315080233C0826A1B68D206597926D5828F1C79836B45
S315080233D01203B2FBF3F2631AB2FBF3F2B0F8A030AF
S315080233E003B1013BD0F8A45005B15B101B02B3FB35
S315080233F0F2F35B180CD090F899200F2A08D9120913
S31508023400B3EB820FB8BF00234FEA8201A8BF5B1A4B
S315080234109C42A8BF1C46E1B2417530BDA0570020A8
S3150802342010B50446FEF788FDA0420AD1054B1B6873
S3150802343093F8203080F83430BDE81040222001F09D
S31508023440D3BC10BDE45700202DE9F0411A4C0646BC
S315080234502368A3B92EB100254FF4A478EFB2B74278
S3150802346011DB0020BDE8F0812068013507FB030067
S315080234701DF027F8A27BEBB29A42F5D8EAE70025B7
S315080234804FF4A477F6E72068013508FB07001DF01C
S3150802349016F80028E2D000254FF4A476EBB2BB4218
S315080234A002D341F20700DDE7206806FB05001DF09E
S315080234B008F80135F2E700BF205700200A4B9A7B2D
S315080234C082420ED94FF4A4721B6802FB0030836A4B
S315080234D05B0707D490F8383113F0100F08BF0020A5
S315080234E070470020704700BF20570020084A094944
S315080234F01368C31AD810002B01FB00F005DB937B77
S315080235008342D8BF4FF0FF3070474FF0FF30704705
S3150802351020570020199C8FC170B504460E4627F025
S3150802352055FF054604F1300252E8003F334342E8AC
S3150802353000310029F8D12046FFF7D8FF01230B4AAC
S3150802354003FA00F002F11C0353E8003F034302F1B9
S315080235501C0444E800310029F4D14FF4807020F0AD
S315080235605BF82846BDE8704027F02BBF205700209D
S3150802357070B505460C46C2B9012620461FF060F909
S31508023580B5F84010441C284622F05DF814FB06F4F0
S315080235900028A4B207DD844205DB84B2012C1CBFD5
S315080235A004F1FF34A4B2204670BD836ADE07E3D570
S315080235B0C28F002AE0D0D906DED5DA05DCD4D0F8E7
S315080235C0A430002BD8D10C4B1B6893F8213013F08A
S315080235D00C0FD1D103F01202122ACDD15B06CBD53C
S315080235E0FFF784FF80B21FF02DF90028C4D1EE8FB1
S315080235F00136B6B2C1E700BFE45700202DE9F0470D
S3150802360089466A490446CB8A63B9826812F4601FFE
S315080236104FEAD24301BFC3F3C40303EB830302EBAE
S315080236208302CA82B9F1000F02D120461FF049F976
S31508023630B4F8A050002D40F0AC80A36A082113F01C
S31508023640100F0CBF3E230823204684F87B3002F075
S3150802365007FD2046FFF7B2FEFFF748FF86B2074688
S3150802366030461FF0F7F8824630461FF0F1F830B1BF
S3150802367030461FF0E3F8002130461FF0E8F8236BC6
S31508023680580409D54FF4804104F130001FF099F827
S3150802369000212046FFF740FFFFB24A463946204638
S315080236A0B4F84080FFF764FFB4F84030A4F880000D
S315080236B01844A4F840005DB120461DF0E7F92046FB
S315080236C01CF001FF2046B4F8401021F071FE0546B1
S315080236D030461FF0BFF8504510D0A36AD9070DD45B
S315080236E04A4639462046A4F84080FFF741FFB4F817
S315080236F04030A4F880001844A4F84000B4F84030DA
S31508023700434502D230461FF0A1F830461FF097F81B
S31508023710B4F88030B4F8A02094F87410D21AA4F839
S31508023720A02094F8732003FB01222521B2FBF1F0B5
S3150802373001FB102284F873206DB3A26AD20712D550
S31508023740A26B2046534340F2712204F144015343CB
S3150802375094F8422002F096FB606C85082046FFF733
S3150802376009FE2844E06040F27125A16B2046013922
S3150802377069431FF02FF8A36BB4F8802020465A43FA
S315080237806368012105FB02336360BDE8F0471EF05A
S31508023790E6BA01255DE720460221FFF7BDFE294666
S315080237A02046BDE8F0471EF0C9BA00BF20570020E0
S315080237B008B501F02BFDFB220F4B10F0020FDA734E
S315080237C044F290221A820CBF012203224107197B76
S315080237D048BF42F0040262F303011973197B62F3CC
S315080237E00711032219731A760421002219755A82BF
S315080237F0DA61DA8208BD00BF205700202DE9F843B6
S31508023800564C0546A06818B10EF018FD0023A360B1
S31508023810EEB2304620F01AFC8046002841D13046E6
S315080238201FF023F800283CD1FFF70EFE07460220B8
S315080238300EF050FC75B105EB850105EBC101C90017
S3150802384043460122022089B20EF000FC074638B12F
S3150802385041F207070023C4E90033A373EFB120E05E
S3150802386002204FF4A479A6730EF05EFC394609FBD2
S3150802387005F220601CF0D8F92368681EF9B2814265
S3150802388009FB01F207F101072DDB002128469950B1
S315080238906360FFF7D9FD0028DAD130461EF0CAFF69
S315080238A030B30025002020F0D1FB00201EF0DDFFFA
S315080238B00020FFF7C9FD02200EF00CFC2846C4E9D9
S315080238C00055A5731EF0B6FF28461DF0DDF82846FA
S315080238D01EF0ADFF28461CF010FE02200EF0FAFB81
S315080238E04FF0070837E002F5A47119449950C5E765
S315080238F030461DF0C9F80028D3D128461CF0FDFD34
S315080239000028CED130461EF092FF0028C9D1304693
S315080239101EF0A3FF06460028C3D1002D1BDD022098
S3150802392024F051FA0221A060C68024F0FBF8A068B0
S3150802393031468379C279D21A0C33D2B218441CF0B2
S3150802394073F90121A3689A7913441A7B61F3010278
S315080239501A73FFF72DFF4046BDE8F883205700206B
S31508023960014B987B704700BF2057002030B50A4BA1
S315080239704FF4A4751A689C7B002318462832D9B2DC
S315080239808C4200D830BD05FB03F151580133C1F30F
S3150802399040110844C0B2F2E720570020F8B527F0D4
S315080239A015FD234D06466C685CB123684FF4A47274
S315080239B000212046E7696B601CF036F92023E7618F
S315080239C0A362304627F0FDFC84B30123237584F8ED
S315080239D03031A3F10113E367EB7BAA8984F84231FC
S315080239E02B8A0021A4F84031072384F889304FF442
S315080239F0A473A4F88A3003F1A473C4F88C3003F1D3
S31508023A00CE5303F59813C4F8903041F61B33A4F845
S31508023A1094301B2304F10800A4F8442184F8963054
S31508023A2020F06CFE1021204602F01AFB2046F8BD53
S31508023A302057002070B504461EF0C2FF04F10800A4
S31508023A4002F0C2F927F0C2FC4FF4A472054600211F
S31508023A502046E6691CF0E8F8064BE66153F8042F9F
S31508023A602AB928461C60BDE8704027F0AABC1B6824
S31508023A701A68F5E7205700202DE9F04106464FF46B
S31508023A8080400F4601F0F4FA044630B90E4B1D6821
S31508023A9093F80E807535A04502D80020BDE8F0815E
S31508023AA055F84D3C5A0709D5C3F34003BB4205D125
S31508023AB00622294630461CF08EF818B1013405F55F
S31508023AC0A475E8E70B20E9E72057002010B504465D
S31508023AD010B9084B198410BDA0F87C10A0F87E20F6
S31508023AE0FFF748FC2169E0602046BDE810401EF059
S31508023AF071BE00BF20570020014BD8731982704748
S31508023B0020570020014BD87B704700BF2057002062
S31508023B10004870472C5700202DE9F04FD0E902954E
S31508023B2090F9181087B0027D0291417E01920468CD
S31508023B3007790369427D90F816A090F81780002944
S31508023B4040F0FD80A8F10301012994BF032602264D
S31508023B500393B5F808B084F89F202A4652F8101B3A
S31508023B60BAF1000018BF0120C4F8281104F148016F
S31508023B7001F08EFF204621F04FFC20461EF077FE0C
S31508023B8020F020F941460246204620F06EFAC82265
S31508023B900DF116012046ADF816201EF060FE43F61A
S31508023BA0FF7104F594701CF01EFDAA88039BA4F805
S31508023BB02C21AA7984F82E211A68C4F875209B88C4
S31508023BC0A4F87930019B1BB1A36A43F00203A362EE
S31508023BD0BAF1000F03D0A36A43F40073A3624FF449
S31508023BE0607001F045FAC0F3C01AC3054FEA8A1A93
S31508023BF048BF4AF0800A810548BF4AF4807A27F00E
S31508023C00E5FBA36A43F00403A362E36A43EA0A03F1
S31508023C10E36227F0D6FB94F8343043F0100384F8B5
S31508023C203430BB1E012B00F28C80A36A43F4804316
S31508023C30A36201212046FFF76FFC0421204602F009
S31508023C400FFA6B7D2046C3F3040384F874306A893D
S31508023C5007F0FD075200A263697B2A7B42EA01222A
S31508023C60E287E97BAA7B42EA0122A2876A7D84F877
S31508023C707330C2F3421284F8422000220523A4F8C4
S31508023C8040200122A4F8A030A4F8802002991EF050
S31508023C90F3FD01F0B5FA20F40060C4E908012046F4
S31508023CA0FFF78CFB414BB3F816A0BAF1000F05D10A
S31508023CB0002F40F2C71A18BF4FF4D77A2046FFF7EB
S31508023CC015FCC0B23A4B000240F00300E082C4F889
S31508023CD00490A361002F3AD12046FFF74BFBB8F1B7
S31508023CE0010FE06005D04146204684F830811EF077
S31508023CF008FF04F108063046514620F0FFFC012071
S31508023D00FDF7C0FF28B9237D5A075CBF43F00203BB
S31508023D102375A1683046C1F3C84141F0880120F0F5
S31508023D20F3FC40F271216B892046013B59431EF090
S31508023D3051FD20461DF0F6FF07B0BDE8F08F0126BB
S31508023D4006E7012F7FF475AF40F2014172E740F2B0
S31508023D507127760006EB4B067E4309EB0603636082
S31508023D60A36A04F1440943F00103A36294F83430C8
S31508023D70494643F00103204684F8343021F0C6FA56
S31508023D8033464946204694F8422002F07BF8EB79FE
S31508023D9001225B00494620467B4321F0BDFA636C4B
S31508023DA020469E08FFF7E6FA304498E72057002097
S31508023DB0C942020810B4C46A14F0080F11D144F0BB
S31508023DC0080423F41053C46223F01003064C1B04A0
S31508023DD014401B0CC0E9084340215DF8044BFFF769
S31508023DE09BBB5DF8044B70472FCF87F700232DE95D
S31508023DF0F341ADF804304B799DF804209E074EBF77
S31508023E00032303F00103013363F30102054608465F
S31508023E108DF804200C461CF057FB064616F01F03C5
S31508023E2018BF01239DF8042018BF4FF0030863F357
S31508023E304512EB6A08BF4FF0020898058DF8042070
S31508023E4004D521462846019A20F076F8204623F022
S31508023E50ECFE07464146204623F0BBFEA3798DF8C1
S31508023E600570BDF804100C33E152E2189DF80430CF
S31508023E70990648BF9670637943F00103637127F088
S31508023E80A5FA2146074605F1A40023F0D9FE95F8BE
S31508023E904631013385F84631AB6ADA070ED528462C
S31508023EA0FFF724FB80B21EF0C7FC30B34388B5F88F
S31508023EB080209A4202D928461EF0C8FFFEF73CF82F
S31508023EC0854214D10E4B20461E681FF0FDFB2C3688
S31508023ED0014630461FF0E9FAAB6ADB0707D43046DB
S31508023EE01FF0DCFA022802D8232000F07DFF3846AC
S31508023EF002B0BDE8F04127F064BA0123D7E700BF54
S31508023F00E45700202DE9F04F85B004460191084692
S31508023F1061B34B799A071AD423F087FE019A60B9DE
S31508023F20537901A8DB0742BFA36A43F40063A3627D
S31508023F3023F021FE05B0BDE8F08FA36A1F0506D55A
S31508023F4023F40063A362537943F001035371019E7C
S31508023F5027F03CFA737931469E0705461ED504F1C9
S31508023F60AC0023F07CFE284627F02BFADFF89C915A
S31508023F7027F02CFAA36A80465D0614D5D4F8AC302D
S31508023F8043B19A7913441B7B3A2B03D829FA03F3D4
S31508023F90D80711D4404627F014FACBE704F1A80053
S31508023FA023F04EFEDFE794F94631022BF2DCD4E920
S31508023FB02A6376B9002BEDD004F1AC0023F0E5FDB7
S31508023FC00546404627F0FDF929462046FFF70EFF2B
S31508023FD0CEE7002BF0D194F89670039304F1A80B60
S31508023FE096F807A0B379AAEB030A5FFA8AFABA45E2
S31508023FF027DC584623F011FE0546A7EB0A076B791C
S31508024000294623F008036B7103A823F019FED4F896
S31508024010A86036B17379DA0703D49B0701D4002F57
S31508024020DED1039B002BB5D09B79022B46D8002004
S3150802403023F0C9FE039980BB04F1A80023F00FFE02
S31508024040A8E7002023F0BFFE054630B9039904F11C
S31508024050A80023F004FE03959CE78079B1790C3019
S315080240600C313A463144FFB228441BF0FAFD394670
S31508024070284623F057FDB37972791F44B7716B79D5
S31508024080D1074CBF43F0010303F0FE036B7173794A
S31508024090002723F001037371B1E74A794379D507FB
S315080240A04CBF43F0010303F0FE0343714B7923F03F
S315080240B001034B71014603A823F0CCFDE36A9A0576
S315080240C013D50398034600680028FBD1DB79C3F1B0
S315080240D04503DBB2032B08D823F075FE014608B95F
S315080240E00399A9E703A823F0ABFDD4F8A83013B1C6
S315080240F05B79DB0704D5039A537943F008035371B6
S31508024100404627F05EF903995FE700BF7C2C020060
S3150802411000232DE9F0411B4E06F11C0252E8007FEE
S3150802412042E80034002CF7D14FF001088FB934B3B6
S3150802413006F11C0353E8003F234306F11C0141E83C
S315080241400032002AF4D1BDE8F0414FF4807000F045
S3150802415067BF97FAA7F080B1B0FA80F308FA03F5B9
S31508024160184627EA0507FFF7A9F90028DED01EF048
S31508024170A8FE0028DAD12C43D8E72023EEE7BDE8CB
S31508024180F08100BF205700202DE9F74F0446019021
S31508024190002867D04FF00009C5794E460C3505440C
S315080241A027F014F94F46DFF8C080009098F80E20E1
S315080241B05FFA89FA52451AD94FF4A47303FB0AFB2C
S315080241C0D8F800105944886A430748D5B1F89810B8
S315080241D0C1F30B01002942D0E179C1F14501C9B207
S315080241E0032916D8022023F0EEFD044648B9002317
S315080241F00098A8F8123027F0E4F8304603B0BDE874
S31508024200F08F0027014601A823F01AFDE5790C353F
S3150802421025440123002039B203EB810305F821A0C6
S31508024220E854D8F8003005EB810C5B44B3F89830B3
S3150802423001378CF80230032303EB8103E854D8F8DC
S31508024240003004215B44B3F89820013660F30B0270
S31508024250A3F89820204623F065FCFFB2F6B209F1CE
S315080242600109A3E70646C8E720570020F7B56846BE
S3150802427001F002FC00254FF4A477124EB37BAB4241
S3150802428001DC03B0F0BD346807FB0544A36A03F0FA
S315080242900503042B13D10522694604F149001BF0D4
S315080242A09AFC60B10121204621F076FA38B901203C
S315080242B023F089FD014610B1204602F085FA013540
S315080242C0DCE700BF205700202DE9F04F31280C46C5
S315080242D085B000F091810AD8022800F0E28003280E
S315080242E000F0E580012847D005B0BDE8F08F3228F6
S315080242F000F0ED803328F7D101F1A40023F045FC44
S3150802430094F846310390013B84F8463143799D0778
S3150802431022D4180720D5B4F8983004205A1C62F320
S315080243200B03A4F8983000F0A3FEA8B12046FFF7C5
S31508024330DDF880B21EF080FA002800F05581418827
S31508024340AA4A937C0B44DBB29374127D9A4203D831
S315080243504FF080601FF060F903A823F00CFCD4F834
S31508024360A8301BB9D4F8AC30002BBDD04FF480511D
S315080243702046FFF7D1F8B7E791F89930084623F0B7
S31508024380F00381F899301EF041FA84F8310120468B
S315080243901FF0C3FEB4F93401F8F7A2F9944B20468C
S315080243A01D68FFF7A3F885F8240094F834304FF413
S315080243B0003085F82030002385F8213085F823302F
S315080243C063686B60A36ADA0742BF636C9B08AB60DB
S315080243D000F04EFE002859D0FDF732FED4F82831F7
S315080243E0E8602B6194F83131804E6B76D4F82C3123
S315080243F005F12C076B6194F830312B76637D85F8CD
S31508024400223094F8953085F82530E26A02F4C062C3
S31508024410B2F5C06F04BF043385F825301FF04FF993
S3150802442038461FF038F8B0681FF04EF90023A86224
S315080244300393D4F8A40003A923F04EFE48BB212017
S3150802444000F0D2FCD4F8A83013B9D4F8AC3023B1B2
S315080244504FF480512046FFF75FF8042000F008FE6B
S3150802446000283FF441AFB37C002B3FF43DAFF37C09
S31508024470327E0133DBB29A42F3743FF635AF4FF020
S31508024480806005B0BDE8F04F1FF0C6B8FDF7E2FB45
S31508024490A4E703981FF018F9014638461FF005F8F5
S315080244A0C7E7084605B0BDE8F04FFEF7B9BF91F871
S315080244B09930C3F30312013262F3071381F8993074
S315080244C00021204605B0BDE8F04FFFF797B8002651
S315080244D003A80396F7F7B6FB2046FFF707F8C0B21C
S315080244E01BF0FFFF05462046FFF700F8039B294607
S315080244F00193B4F8403082B20093022033461BF08F
S31508024500E6FF03998B7903F10C050D44AA7A0A335F
S3150802451012F0200F14BF0322022213448B71E36A9E
S315080245205B050FD5AB7AEA7A204643EA02221FF0E8
S315080245301CFD38B903A823F01EFB3D2120461EF0B8
S31508024540B8FED1E6A26AAB7A1706039903F003030B
S3150802455012D5032BEED18B790B441A7B3A2AE9D86A
S31508024560244BD340DE07E5D54B79204643F00203B8
S315080245704B7101F043FEB7E6032B4A79F4D022F0D9
S3150802458002034B71084695F8068095F9059095F849
S315080245900AB023F04AFB06210646039823F019FBC4
S315080245A02046FEF7A3FF039D0BF0030B95F806A022
S315080245B0C0F303230AF10C0A05EB0A0743EA0B13B5
S315080245C0FB702B46F6B2B870BE8005F80A9087F8DB
S315080245D001805A7922F002025A711B68002BF8D11F
S315080245E028461CF041FB7FE60121A9E62057002058
S315080245F0E45700207C2C0200344B8E8F1D6836014E
S3150802460095F8203081F834308B6BE08FB6FBF3F6E1
S31508024610B1F8A010B3B21B1A994295F821204CDCC6
S31508024620D1064CBF0021022194F831011FF0C4FBC8
S3150802463095F82130DB071BD5A36ADF0706D52B6859
S315080246402046636004F1440120F060FE95F82130AB
S31508024650D80602D4A36AD90606D4A4F8A0602046CE
S3150802466095F927101EF008F9A36A43F01003A3620E
S3150802467095F82020E36A92064CBF43F0010323F023
S315080246800103E36295F821309B0606D52046FEF71C
S315080246902DFF012180B21EF0DAF895F82130204666
S315080246A003F01203122B0ED11EF00CF995F8261000
S315080246B020461EF005F9012103E79207B8D5032122
S315080246C094F83101B2E71EF0FCF8EFE7E457002050
S315080246D0F8B500244FF4A4770E4DAB7BA34203DC56
S315080246E0BDE8F840FFF764B807FB04F629683144C9
S315080246F08B6A5B070BD5012020F068FF296800202A
S31508024700314420F063FF28683044FFF793F90134F7
S31508024710E3E700BF20570020012838BF01200129FE
S3150802472038BF0121014B18751976704720570020AA
S31508024730F0B587B01D4604460E9FFFF7C7F940F24B
S31508024740E242BDF8301002FB05F05143FDF79EFC2C
S315080247501A4B3860DE8A40F28A23002E08BF1E46AC
S31508024760F7F7D2FB3B68019000EB4302CDE902233F
S31508024770E368054601A8CDE904361BF09DFE9DF8BF
S31508024780043053B91BF074FE4FF4FA63B0FBF3F22C
S3150802479002FB130015FA80F002900299E368616041
S315080247A03A68E0691BF08EFE6168E069FDF784FAF3
S315080247B062680D9B1A6007B0F0BD00BF2057002043
S315080247C010B526F003FE0021044607481DF0B6FA86
S315080247D0F7F79AFB044B586018461DF0A3FA2046D1
S315080247E0BDE8104026F0EDBD4457002038B51D4CF3
S315080247F0012808BFA3844FF0000363754FF0040332
S3150802480094F82850E382184B0CBF45F0300545F062
S315080248105005164884F826104FF47A710CBF84F8AE
S31508024820285084F82850C4E9033384F827201FF057
S3150802483065FF0120FDF726FA28B9237D5A075CBFD2
S3150802484043F002032375A1680848C1F3C84141F041
S31508024850F0011FF059FF064BA361237D43F00903BC
S31508024860237538BD4457002000CA9A3B4C5700208E
S31508024870754802080328F8B50CD004D801280DD0CB
S31508024880022852D0F8BD3128FCD12D4B1B685B7D1E
S31508024890012BF7D1BDE8F840FFF792BF294F284E02
S315080248A07B7D35682B75FB8C6B8200232B8297F8F0
S315080248B02830990634D5A8751EF001FF386A1EF00D
S315080248C003FF3468E860E0681EF0FAFE4178A07CCF
S315080248D01EF014FE04461BF00EFE38B1C3799A0682
S315080248E042BF837903F01F0304EBC30440F271232A
S315080248F004F2693494FBF3F45C43B7F92400AC6020
S31508024900F7F7E4FEF7F7ECFE34687B682360FDF7F9
S31508024910A1F96060212000F067FA1BF0FDFDB1E7FE
S315080249200220A8751BF009FEEEE7064B93F828301D
S31508024930DB06A7D5BDE8F840222000F055BA00BF2D
S31508024940E457002044570020044B41F20C0093F828
S31508024950283013F0100F08BF002070474457002074
S315080249602DE9F04F89B00E4617469DF848509DF836
S315080249704CB09DF85090029003931BF0BCFD044680
S3150802498030B995B341F21104204609B0BDE8F08F5B
S31508024990002D14BF01220022C37962F34513C371A5
S315080249A023D0594628461BF0AEFD0028EAD1A9F1C4
S315080249B00203402BE6D8A37905F01F0848EA8B18AC
S315080249C003F0200348EA030849462046159A84F864
S315080249D006801BF083FD10B140F48054D4E71BF027
S315080249E078FD10B140F48054CEE71BF084FD0546ED
S315080249F040B390F8079019F0200925D14FF0020B21
S31508024A00012023F0E0F9404C2062002879D083790E
S31508024A1007F00F020C33C118C2544E70B9F1000FD9
S31508024A2005D0C25C42F02002C254AB798B7059465B
S31508024A3023F078F8072F2FD8DFE807F0261A0B603D
S31508024A4020231D178146D9E74FF001094FF0030BC2
S31508024A50D6E73246AA21206A1EF0BCFCE0B141F232
S31508024A6007042A4823F087F88EE732465521F2E7EB
S31508024A703246F021EFE732460F21ECE73246FF21B4
S31508024A80E9E732460021E6E74FF000094FF0FF3B1F
S31508024A90236A01934E450AD80120DDE90221BDF9B0
S31508024AA05830FFF7A3FE0024FFF78AFE6CE7BA46E2
S31508024AB000240DF110080BF48875284622F09AFF97
S31508024AC000F0010040EA4B0B280AC00101346307D3
S31508024AD040EA5A0A08BF08F801AB08AB9845EAD17A
S31508024AE0102201980DEB020123F0A2FA80B21028D7
S31508024AF0B5D109F110091FFA89F9CBE741F2110478
S31508024B00AFE741F207043FE7445700206457002005
S31508024B10F8B51C4B1E689EB31B4D95F8284014F039
S31508024B2010042BD0222000F05FF926F04FFC95F8EE
S31508024B30283007469B06348A06D54FF4803000F0A3
S31508024B4097FA002808BF002400260F48314685F840
S31508024B5028601DF0F3F80D4823F00DF82E621BF0BD
S31508024B60C8FC05461BF0C7FC014628461BF0B8FCE4
S31508024B70074801F029F9384626F023FC2046F8BDF5
S31508024B803446FBE7E45700204457002064570020C8
S31508024B904C570020034B93F828300BB1FFF7B8BFE8
S31508024BA0704700BF445700200138C0B203289ABF95
S31508024BB0014B185C00207047AF000508431E012B05
S31508024BC005D9022902D8024B585C70470020704763
S31508024BD0AC000508431E042B054A07D8052808BF5A
S31508024BE003200621431E01FB032070471046704727
S31508024BF0D8000508014B53F820007047B400050891
S31508024C0010B560B10022074CD3B2013354F8231011
S31508024C101346814202F10102F6D2D8B210BD012032
S31508024C20FCE700BFB4000508024BDB6993F87F0076
S31508024C30704700BF40280020024BDB6983F87F00DB
S31508024C40704700BF4028002070B51646028B0446FE
S31508024C508A420D461DD2438B23B90EB1D5B23570A1
S31508024C60206970BD0C4B216918461AF0FAFF0346F3
S31508024C70208B61692D1A1844638B9D42A8BF1D4675
S31508024C80EAB21AF0EEFF16B1238B1D4435700248BC
S31508024C9070BD002EE3D1E3E73A6600200022024BFC
S31508024CA0C3E90022704700BF9457002010B524229A
S31508024CB0002106481AF0B8FF0623044C2384044B45
S31508024CC0E36100F0DFFB9430206010BD70570020CE
S31508024CD09336040810B5044626F06BFB0022044BF3
S31508024CE05C60044BBDE81040DA6126F05DBB00BF8C
S31508024CF09457002070570020024B03EB800359603B
S31508024D00704700BF70570020034B03EB80035868B7
S31508024D10003818BF012070477057002010B50446A6
S31508024D2026F047FB0022044BDC61044BBDE8104029
S31508024D305A6026F039BB00BF7057002094570020EE
S31508024D4070B5C6B2212E0446144D10D1F6F716FEDA
S31508024D50230CC4F3074405EB84042B846368EB61D4
S31508024D60EB69CBB130462968BDE870401847222E58
S31508024D70F6D126F02BFBEB69044633B10020FFF788
S31508024D80CDFFFF232B84F7F747F800F0AFFA20464A
S31508024D90BDE8704026F015BB70BD00BF70570020F5
S31508024DA038B5104B04461A7812B100221A7038BD6B
S31508024DB0C5B2FDF7C1F868B1C38AB3EB144F0BD17C
S31508024DC0312D02D101201BF02BFC2846BDE83840C4
S31508024DD0FDF78AB8FF23F0E72846BDE838401EF0FB
S31508024DE037BC00BF9457002038B5A0F121030E2B1B
S31508024DF0044612D8FDF7A0F868B3C58AFF2D2AD053
S31508024E00212C02D100201BF00BFC222C44EA05407F
S31508024E1025D1BDE838401EF02EBCA0F131031E2B69
S31508024E200ED8134B188C44EA004000F0FDFA312CD8
S31508024E3011D10020FFF772FFBDE838401BF07FBB97
S31508024E40A0F111030E2B06D8132C40F4C02003D070
S31508024E5009D9142C03D038BD0122064B1A70BDE8B5
S31508024E60384000F0C5BABDE8384000F0DDBA00BFE8
S31508024E7070570020945700200B4A10B5D369044690
S31508024E801BB11168BDE810401847084B5B6813B19F
S31508024E90BDE810401847FDF74FF8014618B1836977
S31508024EA00BB12046EEE710BD70570020945700203C
S31508024EB008B500F0E7FA034B1A6802609B888380FC
S31508024EC008BD00BF7D66002037B5054600F0DAFA50
S31508024ED0044600F0DFF90D4B002808BF1C462DB129
S31508024EE02B682360AB88A38003B030BD1BF023FB7D
S31508024EF00322CDE900010DF105010DEB02001AF0BE
S31508024F007AFE0098BDF804302060ECE77D66002042
S31508024F10024B186908B1E1F705BF704760280020FF
S31508024F200D4B37B51C6804B10C340C4B68461D682A
S31508024F3000232B6000F0AAFA009B20466B60F6F766
S31508024F40BDFCFFF7B5FF044822F015FE0122044B0B
S31508024F5083F8202003B030BD9C570020E457002078
S31508024F6060280020002310B52C4A02F1100151E8EE
S31508024F70001F02F1100C4CE80034002CF5D140EA6F
S31508024F800104A00201D5FCF7F1FE210101D5F6F7CD
S31508024F901DFFE20301D500F0DFF9002C01DAF9F76B
S31508024FA0E1FC630001D5FAF733FFE00001D5FDF70E
S31508024FB05BFB610101D51EF01AF9A20107D51EF0A5
S31508024FC0FAFEFFF753F91BF099FD1BF057FBE301B5
S31508024FD001D51BF06EFD600201D5FDF7BDFB21026E
S31508024FE001D51BF078FAE20201D51DF022FCA305D1
S31508024FF001D501F0A7F8E00501D5FFF789F86105A3
S3150802500003D5F7F7DDFEF7F713FF220501D51CF0E6
S31508025010D2FAA30301D51BF087FC10BD6028002035
S31508025020064A02F1100353E8003F034302F1100C4B
S315080250304CE800310029F4D1704700BF60280020EF
S31508025040044A52E8003F034342E800310029F8D1F6
S31508025050704700BF60280020C043044A52E8003F58
S31508025060034042E800310029F8D170476028002041
S31508025070014B1B68184070476028002010B5044B86
S31508025080D3E9064204430A43C3E9064210BD00BFF8
S315080250906028002038B50546FCF7ECFD00212822D9
S315080250A033481AF0C1FD4CF20C000021FFF7E6FF67
S315080250B0CDB1AB682E4A00201360E98A4FF6FF721B
S315080250C0FEF704FD022022F07EFE2A4B1860002815
S315080250D04BD02B460C3005F11C0253F8041B9342A5
S315080250E040F8041BF9D1224A234B101D9360002372
S315080250F013730DF0D7F800F0FBFD2846F6F792FF7A
S31508025100044668BBF6F700FB20B14FF48070002115
S31508025110FFF7B4FFF6F7FEFA20B14FF4006000215C
S31508025120FFF7ACFF2DB1B5F90E10B5F90C00F7F77C
S31508025130EFFA1EF053FE0020FFF7C6FE00F07CFBD6
S31508025140FAF724FC044658B9F9F7C6FBFFF7A6FD99
S3150802515000F0EAF830B900F0EDF804461EF0AFFAAE
S31508025160204638BDFFF7DCFEF8E70124F8E700BF62
S31508025170602800209C570020114F020810B5054BE5
S31508025180D3E9064224EA000422EA0102C3E90642F6
S3150802519010BD00BF6028002070B505460E46FEF712
S315080251A0E5FB044628BB154B2F2DD3E9062313D15D
S315080251B013F4804F1FD00120A5F12003C5F1200268
S315080251C000FA03F320FA02F243EA0201A8406EB19A
S315080251D0FFF754FF204670BD262D02D113F0200F8B
S315080251E0E8E7202D07D112F0405FE3E7FFF7C6FF95
S315080251F0F0E70C24EEE71124ECE700BF6028002054
S31508025200014BD3E90601704760280020054B9B69CC
S31508025210DA054CBF032001201B0548BF40F00400F5
S31508025220704700BF60280020014B1860704700BF16
S31508025230A057002010B526F0C9F804460220FCF74C
S3150802524053FEF6F767FEFCF715FD204626F0B9F879
S31508025250F9F75EFBFAF738FCFDF772F91BF05CFC0E
S31508025260FFF736FA1EF0A6FD00F076FB1EF0B1F93E
S31508025270FFF790FC1AF031FF1BF057FBBDE8104010
S315080252800022024B02481A6122F075BC60280020EF
S315080252909C570020014B93F8200070476028002095
S315080252A02022034BC3E900229A6000221A7670472D
S315080252B0C857002010B50024094B1C22214609486C
S315080252C0C3E900441AF0B0FCFFF7EAFF3023054AA7
S315080252D0C2E90333536154760122034B1A7010BD97
S315080252E0A4570020C8570020707D002008B526F074
S315080252F06DF8FFF7D5FF3023084A0949D3601361D1
S315080253005361CB600B614B610023537601224B76C6
S31508025310044B1A70BDE8084026F053B8AC57002073
S31508025320C8570020707D0020014B1878704700BFCF
S315080253308366002010B5044C23781BB91EF09DF92C
S3150802534001232370002010BD83660020014B1868D4
S31508025350704700BFA45700202DE9F04126F036F821
S31508025360DFF88880074698F8003043B94FF4803052
S315080253701EF052F93846BDE8F04126F022B8184E1A
S31508025380184C35460FCD0FC495E8070084E8070088
S31508025390FFF786FF3023C6E90333736100233846D5
S315080253A0737688F80030032526F00BF80E4E103C6B
S315080253B0E068302804D07368C6E90030FFF7F0FCCD
S315080253C054F8040B202801D0FFF7BAFC013D15F06A
S315080253D0FF05EDD1012388F80030BDE8F08100BF52
S315080253E0C8570020AC570020A4570020707D002023
S315080253F038B50C4C0546237E022B12D854F82330B6
S31508025400202B0ED125F0E2FF237E44F823500133E8
S31508025410237625F0D6FFBDE838404FF480301EF0DB
S31508025420FBB838BDC857002038B50D4C0546637E13
S31508025430022B14D804EB8303DB68302B0FD125F03B
S31508025440C5FF637E04EB83020133D560637625F0DC
S31508025450B8FFBDE838404FF480301EF0DDB838BDDD
S31508025460C85700204FF48272002101481AF0DCBBAB
S31508025470E8570020014B024A1A607047E457002099
S315080254807C58002000487047E8570020024A02600C
S315080254904FF4007242607047EC580020014B186EB8
S315080254A080B2704700C001B80B4BD86800F0706034
S315080254B0B0F1106F0ED008D8B0F1E06F18BFB0F196
S315080254C0006F0CBF01200020704700F17443584258
S315080254D05841704701207047000002B838B50446A3
S315080254E080790C4D0C3020441BF014F80123A17965
S315080254F0E279521A0C3121442869D2B221F035FCDC
S31508025500246804B938BDA179E2790023521A0C310C
S31508025510F1E700BF402800202DE9F04105468079D1
S315080255200C460C30284416461F461AF0F3FFA97992
S31508025530EA79DFF85C80521A0C310123D8F8100098
S31508025540D2B2294421F011FC44B1E379A2799B1A1B
S31508025550DBB2B34204D30CB1002F04DCBDE8F08100
S315080255602468F61AF0E7A179E57900236D1AEDB2F7
S31508025570AD1BBD42A8BF3D460C3131442144D8F883
S315080255801000AAB221F0F1FB002624687F1BE2E78D
S31508025590402800202DE9F04F89B0074691469A46E1
S315080255A0ADF8141022F041FB051E46DD25F00EFF6C
S315080255B09DF814B003900BF023030493002F3FD0F9
S315080255C03C464FF00008254EA079E27900F10C011D
S315080255D0121A5FFA82FB214406EB08005A461AF0B1
S315080255E040FB2468D844002CEED1049B1C48009347
S315080255F0C0F808900DF11C0953462A461749CDF8FA
S315080256000490A24626F03AF83C46A379E57903F1D6
S315080256100C00ED1AEDB206EB0A0120442A461AF0EE
S3150802562020FB2468AA44002CEFD1039825F0C9FE72
S3150802563004224946384622F0FBFC09B0BDE8F08F41
S3150802564007480093C0F808900DF11C0953462A46EC
S315080256500249CDF8049026F011F8E6E7EC5A002044
S31508025660C87C00202DE9F04784B0904699460390FD
S31508025670ADF8081022F0D9FA071F002F25DD039D81
S31508025680002D40D04FF0000A204EAB79EC7903F199
S315080256900C01E41AE4B2294406EB0A0022461AF07F
S315080256A0E0FA2D68A244002DEFD11948F119C0F885
S315080256B0088001919DF808104B4601F023010091DC
S315080256C03A46124925F0CEFF18B1002004B0BDE8CB
S315080256D0F087039D7DB10746AB79EC7903F10C009F
S315080256E0E41AE4B2F119284422461AF0BAFA2D68E5
S315080256F02744002DF0D103A8042122F0E1FA012063
S3150802570004B0BDE8F087014ECFE700BFEC5A00208F
S31508025710C87C002030B514460D460246064883B0BA
S315080257200195802183602346009425F0B3FFB0FAE1
S3150802573080F0400903B030BDC87C0020002370B554
S315080257400D46D1688AB009BA0291C17890F800C0AC
S3150802575061F30703817802AE61F30F23417806AC41
S3150802576061F317436CF31F630993936851681BBA75
S315080257700393836809BA1BBA0793136842681BBA6C
S3150802578005930F4B12BA9E60C36804911BBA08921E
S3150802579006932346802201200949009425F07DFFBD
S315080257A00028F6D1DDE90810DDE9063200BA09BAA1
S315080257B012BA1BBA28606960AA60EB600AB070BDAB
S315080257C0C87C00202DE9F84FDFF868808246D8F8B1
S315080257D000B00F461646BBF1000F28D0002498F8F1
S315080257E004904C4507D1347098F80400A04214BFBF
S315080257F00120022017E004EB09056910C1EBC1017B
S3150802580059448879C5F3470500F00100381A03D1CF
S31508025810062250461AF0DFF9002806DB02D06C1C75
S31508025820E4B2DEE73570BDE8F88FA946D9E703206A
S31508025830F9E700BFFC5B00200022024B1A711BF03D
S315080258406BBA00BFFC5B0020F8B5054625F0BEFD25
S31508025850104C85F3070563790646AB4205D1002449
S31508025860304625F0AEFD2046F8BD00272068657152
S31508025870277110B122F04EFC27606379002BEED017
S31508025880C5EBC5000CF048FE20600028E7D1607120
S315080258900724E5E7FC5B0020014B5879704700BFF7
S315080258A0FC5B0020F7B5061E0D4618BF01262846E2
S315080258B031460DF10702FFF785FF00B3032821D011
S315080258C0114C2279637993421CD99DF807102068F6
S315080258D04B1CC3EBC303DF1F521AC2EBC202C11928
S315080258E018441AF088F929682368D951DA19AB8855
S315080258F0938023683B449E712379013323710120E7
S3150802590003B0F0BD0020FBE7FC5B00200B4637B571
S31508025910011E18BF012118460DF10702FFF752FFB3
S3150802592010B1002003B030BD0A4C9DF80730227929
S31508025930C3EBC3002568D21AC11D013AC2EBC202E3
S31508025940294428441AF057F923790120013B237187
S31508025950E8E700BFFC5B00200022014B1A71704782
S31508025960FC5B00207FB50E461021054614461EF044
S3150802597017F8E8B10F4B01A918681B7902908DF840
S315080259800C300023ADF8043066F305038DF80430B5
S3150802599004F110030DEB03044FF0000314F8082C6E
S315080259A0284662F3471303228DF8063022F0C6F81A
S315080259B004B070BDFA000508034637B50C4C6A46B2
S315080259C02068A5880090A079ADF804508DF80600E5
S315080259D013B9481C03B030BD0220D90748BF117855
S315080259E002F1010248BF40185B08F6D1F2E700BF90
S315080259F00DD0040838B583790C460C33C518C35C38
S31508025A0003F00F03072B25D1AB789A0622D0E87844
S31508025A10C3061FD5012100F00F00FFF7CDFF0E4B7D
S31508025A2002359C4295BF1E234FF49673002101212D
S31508025A3094BFB4FBF3F4B4FBF3F42B5C2A1861F3BA
S31508025A40C7132B549378547023F01F03C4F304240A
S31508025A502343937038BD00BFC3BF03004840704755
S31508025A6000EB0010084480B2704700BF90FAA0F01D
S31508025A7000BA80B2704700BF044BD3F80120026017
S31508025A805B7903F01F030371704700BF8466002029
S31508025A90204BF0B5002914BF0C461C4600250646C5
S31508025AA0174613688BB0C4F80130137925706371F1
S31508025AB0EAB2114638461EF072F938B1237803F174
S31508025AC028016944013301F8282C23700135252D54
S31508025AD0EED122782EB16946A01D1AF0C2F80BB093
S31508025AE0F0BD002AFBD00534F5B2294638461EF029
S31508025AF056F940B9B5FBF2F302FB13550AAB53FA52
S31508025B0085F515F8285C0136252E04F8015FEBD1D8
S31508025B10E5E700BF84660020034B002818BF03464A
S31508025B200B449879704700BF8466002070B50E460C
S31508025B3082EA124294B2214603463046FFF78EFFA6
S31508025B40FFF794FFFFF78CFFFFF790FFFFF788FF39
S31508025B50FFF78CFFFFF784FF174D002B14BF1E4675
S31508025B602E460546FFF77AFF0246144B701CA3FB26
S31508025B700213D11A03EB51035B0903EBC30103EBCF
S31508025B808103D21AD2B211461EF009F940B9337806
S31508025B906C40A4B204FB03F306EB1346B07970BD5E
S31508025BA0731D2A3601E09E4204D013F8010F824281
S31508025BB0F9D1F4E7104670BD846600204D91CFBA3C
S31508025BC070B5044625F002FC0B4E0546306818B13E
S31508025BD022F0A0FA002333602CB12220604322F07F
S31508025BE097FA30B130600024284625F0EAFB2046B1
S31508025BF070BD1A24F8E700BF045C002008B5FDF75B
S31508025C0075FC431C1BBF2222034B00201B6818BFCE
S31508025C1002FB003008BD00BF045C00202DE9F041FC
S31508025C200F4616461CF06CFE002239464FFA80F8DB
S31508025C30044617481EF0B1F90546012239461448AA
S31508025C401EF0ABF9454501DB804512DA054405EB42
S31508025C50D575C4EB650040B20E4A92F9003083420C
S31508025C6009DAC01A00EBD07003EB600358B2BDE83C
S31508025C70F0810020F0E792F901308342F7DDB2F9AC
S31508025C800230B342DCBF00EBD07040F34700EEE7C8
S31508025C90AF6600207662002010B50446FDF766FE60
S31508025CA048B920461EF09EF938B92368044A13609B
S31508025CB06368536010BD0C20FCE71220FAE700BFA8
S31508025CC0AF660020014B1878704700BFB8660020FF
S31508025CD038B50025044C054B20681D7010B122F01A
S31508025CE019FA256038BD00BF045C0020B86600209A
S31508025CF0104B1A7842F0F0021A701A7C42F0F0023F
S31508025D001A7493F8202042F0F00283F8202093F8C0
S31508025D10302042F0F00283F8302093F8402042F017
S31508025D20F00283F8402093F8502042F0F00283F8FC
S31508025D3050207047085C00204288F8B502F0070236
S31508025D40072A05461E4F2AD125F040FB00221101DB
S31508025D507B5C07EB021C1B090F2B0AD00132062AB1
S31508025D60F5D1184A13880133138025F02AFB192026
S31508025D70F8BD2B681446ACF8023011237B5496B250
S31508025D8025F01FFBF6F7C0F807EB0413D8602B685B
S31508025D90002023F4E02343EA06432B60E8E71301D5
S31508025DA0F95C1446C1F30312013202F00F02052A06
S31508025DB028BF002262F307112646F954E2E700BF1C
S31508025DC0085C00207A62002038B54488054604F04B
S31508025DD00704072C0FD025F0F9FA074A2401135DA8
S31508025DE043F0F00313552B6843F4E0232B60BDE818
S31508025DF0384025F0E6BA38BD085C00202DE9F047A0
S31508025E00B0F80280074608F00708B8F1070F894676
S31508025E1032D01A4D4FEA08142E5DF6F775F805EBDF
S31508025E20081ADAF80C30360906EBC806C01A05EB6A
S31508025E30460670802B5D03F00F02042A9EBF0132CC
S31508025E4062F303032B55B9F1030F12D1295D02340C
S31508025E50281901F00F011FF0B8FF044625F0B6FA1B
S31508025E603A68074B134023433B60BDE8F04725F0E9
S31508025E70A8BA4FF6FF74F1E7BDE8F087085C002080
S31508025E800000FF7F2DE9F0411D4690460E46074663
S31508025E90FEF7CAFEFEF7AEFE04464046FEF7AAFE27
S31508025EA0194B04449D4225D9184B9D4215D9184BC6
S31508025EB0013D93FBF4F3002BB8BF03339A1005EBAD
S31508025EC0A305B5FBF2F379683268A1EB930102EBFD
S31508025ED0430279603260BDE8F0810E4B0E4AA3FB9D
S31508025EE005535B0904FB03F303F6C313A2FB03235F
S31508025EF0DB0AE8E704FB05F3084A03F574338F3334
S31508025F00A2FB03231B0CDEE74C621000136666062F
S31508025F1040420F001F85EB515917B7D183DE1B4349
S31508025F2003460146002230B501F03F003F2844D01F
S31508025F3000283FD001321B2A4FEA5101F4D1002230
S31508025F40012411462748584004FA01F5054201F191
S31508025F50010118BF013220292DD0022AF4D1DAB262
S31508025F60C3F3072191422AD000211C46084604F0B1
S31508025F700305013D012D00F1010098BF01311F28DB
S31508025F804FEA540423D1182917DC052000219B0E59
S31508025F9003F00304013C012C98BF013101384FEA92
S31508025FA05303F5D1012905DD1346ABB90228D4BF3F
S31508025FB00020012030BD022AD1D00020FAE7C3F31F
S31508025FC007419142D0D1B2EB136FCDD1F5E7102834
S31508025FD0CDD10B29CBDDF0E703F0010210445B08B3
S31508025FE0E3E700BFD6BE898E3A289ABF014B185CF2
S31508025FF0FF207047FF000508024B1A681860026006
S31508026000704700BF6C5C00200022024B1A601A71AE
S31508026010704700BF6C5C002070B5064615460C46F4
S3150802602025F0D4F9337B23EA050344EA03013173E5
S315080260300A4C1DB923791943217106E00023194632
S31508026040226823712AB9002BF6D1BDE8704025F0E3
S31508026050B8B9137B126819430123F3E76C5C002075
S3150802606070B50E4B06461B7901EA0304994313D110
S3150802607094B125F0ABF9054630461CF03EFC30B12A
S3150802608003781C4304704FF400701DF0C5FA2846C5
S31508026090BDE8704025F095B970BD00BF6C5C002064
S315080260A02DE9F04707461CF028FC044600283DD097
S315080260B045784DB925F08AF9237825706370204B07
S315080260C01B68636025F07DF94FF00108DFF87090D0
S315080260D0667836B923784BB34FF400701DF09CFAF4
S315080260E024E096FAA6F5B5FA85F508FA05F55FFAF3
S315080260F085FA636833B9D9F8003026EA050565706A
S315080261006360E5E79A68A2B11B7B3AEA030310D1FA
S31508026110BAF1000F0DD051463846904748B10228C9
S315080261200BD0012805D163681B6863600120BDE8AE
S31508026130F08763681B686360DBE70020F7E700BF48
S315080261406C5C002070B500250E4EFDF709FCA842CE
S3150802615000D870BD3068FDF7B1F940B1FFF7A0FF6E
S3150802616028B94FF40070BDE87040FEF759BF34688D
S31508026170FDF7F6FB0134B4FBF0F303FB10440135DB
S315080261803460E2E7685C0020F8B506460C46174616
S315080261901D461CF0A7FB10F0080003D0022130466A
S315080261A01DF03BF84FF0290C134BC5F12001A5F160
S315080261B02002EB400CFA01F10B432CFA02F21343CC
S315080261C0DB0700D470B1112120461FF046F920469C
S315080261D01FF034F94570877021463046BDE8F8400D
S315080261E01FF021B90D2120461FF037F920461FF06E
S315080261F025F94770F0E700BF000040842DE9F34116
S3150802620005460C4600911CF067FB030705D5684650
S3150802621021F0B1FC02B0BDE8F081009F97F8068034
S3150802622008F10C0817F80800FFF7DEFEFF280646F5
S315080262300ED10021009B01A81A681960019221F06B
S315080262409AFC284617F8082000991FF018F9E1E782
S31508026250384621F0EAFC0138B042EAD10B4B1E68F7
S315080262604EB921462846A37923441A7B02B0BDE8D3
S31508026270F0411FF004B973680BB93668F0E7214696
S31508026280284698470028F8D0C4E700BF6C5C00206F
S3150802629037B504460D460821FFF7E2FE20460821D7
S315080262A01CF01CFB294620461CF061FB21460120F6
S315080262B01FF08CF9214600201FF088F901200023DF
S315080262C02146034A00901FF012F903B030BD00BF01
S315080262D09F53040837B504461FF0F5FA03212046F2
S315080262E01CF048FB0025034621460120034A009577
S315080262F01FF0FDF8284603B030BD00BFAD570408AD
S315080263002DE9F74F80460F461CF0ECFA10F480147C
S3150802631050D1022021F057FD064600284CD0BB7901
S3150802632021460C333B44B3F80490B3F806B0B3F8ED
S3150802633008A01FF092F830461FF080F802210546A1
S3150802634040461CF017FBA5F804906881A5F806B02C
S31508026350A5F808A01AF08CF809F10109B0FBF9F3BF
S3150802636003FB1900022368806B70B3793146BB714F
S31508026370FB71F2793846D21AD2B2234621F0F9FDD8
S31508026380414601201CF09FFA1022C7606B894146DC
S3150802639001200092094A1FF0AAF84FF480314046BC
S315080263A01CF0A2FA404631461FF03DF8204603B0DB
S315080263B0BDE8F08F2320FAE70720F8E70359040817
S315080263C02DE9F34104460D46014601201CF07BFAED
S315080263D00121074628461FF040F828461FF02EF8E6
S315080263E0064600F101084046FFF746FBD6F801309B
S315080263F00221C7F8123073792046BB751CF0BAFA27
S3150802640029460746F08020461FF00DF8202321462C
S31508026410009301203B46034A1FF069F8002002B0A8
S31508026420BDE8F081935804087FB504460D461CF072
S3150802643053FAC2073BD520461CF054FA430715D532
S31508026440002320461A460DF10F011CF0B0FC9DF8F8
S315080264500F30062B0AD828460BF0F0FE012200233D
S315080264602046FDF7A7FC002004B070BD0E21284681
S315080264701EF0F3FF28461EF0E1FF0646FEF7C0FEB1
S31508026480C6F80510FEF7BCFE2946C6F801002046E6
S315080264901EF0C9FF032120461CF06CFA00220346AF
S315080264A0009221460120034A1FF021F8DBE7082162
S315080264B0DDE700BFB157040808B5074A0749084887
S315080264C01FF064F90648FFF797FDBDE80840002269
S315080264D004210348FFF7A0BDB35904084966020818
S315080264E0745C00202DE9F04191F806800F4686B0CB
S315080264F008F10C080391044601EB0806014601203F
S315080265001CF0E1F917F808300546023B0F2B00F29A
S315080265109280DFE803F008909090906790719090CF
S3150802652031609090905124F051FF717805462046CB
S315080265301CF01DFA082120461CF0D0F9214601203C
S315080265401FF044F8214600201FF040F8012300936B
S3150802655000233A4A184621461EF0C9FF082120465A
S31508026560FFF77EFD03A821F006FB284624F029FF43
S31508026570012006B0BDE8F081B3882046728871789A
S315080265801CF000FC20461CF0ADF9830708D420460F
S3150802659003991FF098F901212046FFF761FDE7E705
S315080265A0AA68274B9A4203D1214601201EF0DEFF34
S315080265B003A821F0E0FAEEE7836843B103AA04923E
S315080265C0B27803218DF8142004AA2046984703A816
S315080265D021F0D1FACCE78368002BF8D003AA0492FB
S315080265E07278EEE78368002BF1D00022059203AA9F
S315080265F00492042104AAE8E7039D21460120AE7904
S315080266001CF061F90F4B82689A4203D028460BF0B8
S3150802661015FEADE7AB19D3F80D202046D3F8113095
S31508026620FDF7C8FB28460BF009FE214601201EF09D
S315080266309DFF0221B0E700209BE700BFBB58040874
S31508026640AD570408B1570408F7B50D4604461CF0C1
S3150802665043F9AB790C33EF5CEE18C3076DD5012FFE
S3150802666048D0082F41D0002F5AD1718920461EF0F2
S315080266702CFFB188727809290B4638BF0923013BDA
S315080266809BB29A4209D873888B428CBF0023012396
S31508026690002A08BF002300EA03072046FCF726FF64
S315080266A080B21CF0C9F870B14088B188F388328983
S315080266B0009008461EF049FE38B928460BF0BEFD82
S315080266C0012003B0F0BD0120EFE7002FF5D02146E7
S315080266D000201CF0F8F81022C560738900921A4A45
S315080266E0214600201EF003FFEAE7294620461FF04E
S315080266F082F8E5E72046F1881EF0E7FE0746701C99
S315080267001DF07AFB0028D8D0002FD6D021460020CB
S315080267101CF0D9F82022C560F38800920B4ADFE7FD
S31508026720294620461BF07EF90028C9D1294620466B
S3150802673003B0BDE8F040FFF7D5BE0E2FD5D02946E7
S3150802674020461BF05EF9EFE7035904084B58040884
S3150802675038B504460D461CF0C5F842070FD4204644
S315080267601CF0C0F883070AD4204602211CF0BCF8A4
S3150802677029462046BDE83840034A1EF09CBF2846F3
S315080267800BF05CFD002038BDD562020838B5044618
S315080267900D461CF0A1F800F0050004280CD120468D
S315080267A01CF0A0F810F4C02F06D129462046BDE8F1
S315080267B03840044A1EF07FBF28460BF03FFD0C20E6
S315080267C038BD00BF01630208014A1EF074BF00BF4C
S315080267D0C163020870B505460C46014601201CF045
S315080267E072F8064628461CF07DF8010704D52046AD
S315080267F00BF024FD002070BD33685A05F7D42846ED
S315080268001CF06AF8C30708D521462846FFF7A0FFF9
S3150802681018B921F0D8FA044670B156E8003F43F495
S31508026820806346E80032002AF7D121462846BDE8A9
S315080268307040024A1EF03FBF0720DCE729640208BF
S3150802684073B504460E461CF047F800F00C000428FF
S315080268504FF0020035D121F0B6FA054698B34379CE
S31508026860022143F0020343711EF0F7FD28461EF08B
S31508026870E5FD2946467020461EF0D5FD162120461E
S315080268801CF075F8082120461CF028F8214601203C
S315080268901EF09CFE214600201EF098FE20461EF0A1
S315080268A03FFF012120461CF065F8034601202146D8
S315080268B0064A00901EF01BFE20460821FFF7D0FB71
S315080268C0002002B070BD0720FBE700BFDB570408B3
S315080268D02DE9F04387B004460E461CF003F800F48F
S315080268E0C060B0F5C06F06D1022021F06CFA0546E9
S315080268F010B9072053E00025214601201BF0E3FFCB
S31508026900814696F8068000F1120208F10C08B04496
S3150802691008F10F0308F11F0153F8040B8B4242F8E2
S31508026920040BF9D1032130461EF097FD30461EF0BE
S3150802693085FD0A22074608F10501013019F05BF9BF
S315080269400C210DEB0100F9F735F803AB03CBC7F8B9
S315080269500B00C7F80F10059B07F10B02C7F8133097
S3150802696005B30A2128461EF078FD28461EF066FD64
S31508026970294620461EF057FD40212046C9F80C60DC
S315080269801BF0ACFF032120461BF0F4FF002503464B
S31508026990214601200B4A00951EF0A9FD284607B09C
S315080269A0BDE8F083204607F1130301211DF03DFAE5
S315080269B0204631461EF037FD2046C9F80C501DF018
S315080269C050FADFE71D5A0408F0B50D4689B00446A9
S315080269D01BF082FFAB7910F0010003F10C0305EB03
S315080269E00302EB5C00F09E80033B082B00F2318128
S315080269F0DFE813F009002F012F0182002F012F0172
S31508026A002F015C007C00D2F80100D2F8051003AB16
S31508026A10B2F8097003C302F1130301210B322046AF
S31508026A201DF003FA042128461EF017FD28461EF01B
S31508026A3005FD06460C2105A8F8F7BCFF05AB03CBF6
S31508026A403346C6F80100C6F80510079A002143F82E
S31508026A50092F2046721C1DF0E8F9214600201BF07A
S31508026A6032FF034603AA478303CAC3F81200C3F8D0
S31508026A70161020460821FCF74FFD802120461BF000
S31508026A802DFF20461DF0EDF9294620461EF0CBFCC7
S31508026A90032120461BF06EFF0346002021466E4A5C
S31508026AA000901EF024FD012009B0F0BD0B212846F6
S31508026AB01EF0D3FC28461EF0C1FC294620461EF0CD
S31508026AC0B2FC24F083FC0546C02120461BF006FFD3
S31508026AD04FF4805120461BF007FF284624F071FC2C
S31508026AE04FF4806120461BF003FFDCE728460BF0D3
S31508026AF0A5FB4FF40071F5E7062128461EF0ADFC0A
S31508026B0028461EF09BFC20461CF095F9294620468D
S31508026B101EF089FC20461DF0C9F9214600201EF008
S31508026B2025FDC0E7043B072BBED801A252F823F085
S31508026B30516B0208756B0208D76B0208A96A02082C
S31508026B40A96A0208A96A0208A96A0208ED6B02087C
S31508026B50204680211BF0C2FEAA7920460C322A441E
S31508026B6002F10903002101321DF05FF928460BF0F4
S31508026B7065FB98E74FF48060FEF77AFAB0B1002712
S31508026B804FF4006120461BF0AFFE2046CDE905779B
S31508026B90FCF7ACFC064620461BF09CFE394603462B
S31508026BA0009505AAB0B21EF04DFA7CE721460120EF
S31508026BB01BF089FE00F1120120461DF08CF9062110
S31508026BC028461EF04AFC28461EF038FC294620466E
S31508026BD01EF029FC67E728460BF030FB2146012008
S31508026BE01EF0F4FC20461DF061F95CE724F0EEFB8A
S31508026BF00646802120461BF071FE4FF4805120463E
S31508026C001BF072FE304624F0DCFB4FF4C0612046CE
S31508026C101BF06EFE294620461EF005FC2146012081
S31508026C201BF051FEC268054682B1937901210C33E5
S31508026C301A4402F1130320460B321DF0F6F82046D9
S31508026C401DF00FF92046E9681EF0EDFB0023EB6004
S31508026C5029E7002028E700BF1D5A040808B5074996
S31508026C60002207481EF092FD0548FFF7C5F9BDE860
S31508026C70084001200021FEF701BA00BFC9690208CF
S31508026C80845C002038B505460C461BF025FE00F04C
S31508026C900500042806D121462846BDE83840044A9C
S31508026CA01EF009BD20460BF0C9FA0C2038BD00BFFC
S31508026CB0D168020838B50C468B7905460C33194457
S31508026CC0E35C142B03D0152B0FD0002038BD0131FD
S31508026CD01EF07AFF1521284622461EF0BFFF2146DE
S31508026CE028461EF0A0FB0120F0E7014601201BF012
S31508026CF0EAFD0B4B82689A4203D020460BF09EFAB5
S31508026D00F1E7A179284621440D311EF05DFF2046A0
S31508026D100BF094FA294601201EF028FCE3E700BF8F
S31508026D20B15C040837B504460D460A4614211EF01E
S31508026D3095FF294620461EF076FB032120461BF0C6
S31508026D4019FE30220346009221460120024A1EF00D
S31508026D50CEFB002003B030BDB15C040808B5094A71
S31508026D6009490A481EF012FD0848FFF745F90221AB
S31508026D7006480022FFF750F9BDE808402020002106
S31508026D80FEF77CB9B55C0408B56C0208945C002071
S31508026D9073B51E46ADF800208DF80230009B0446F6
S31508026DA001A801930D4611461EF0F8FE9DF806301D
S31508026DB0B34203D1BDF804308B4205D028460BF006
S31508026DC03DFA122002B070BD20461BF098FE9DF8CF
S31508026DD00230827A9A4209D18288BDF800309A42F4
S31508026DE004D128460BF02AFA0020EBE7694620462A
S31508026DF01CF088FA29462046014A1EF05CFCE1E7A7
S31508026E00256D020837B504461EF00DFB0321204600
S31508026E101BF0B0FD0025034621460120034A0095D2
S31508026E201EF065FB284603B030BD00BF0F5D04089F
S31508026E302DE9F047884621210446174699461CF053
S31508026E40ECF988B320461BF04DFD10F4103F2ED105
S31508026E50022020F0B8FF054658B34FF00A0A23214C
S31508026E601EF0FBFA28461EF0E9FA012397FBFAF709
S31508026E7008F1FF3293404370064687704846F5F795
S31508026E8061FC90FBFAF04FF48041F07020461BF04B
S31508026E902BFD414620461DF0EFF929462046BDE85E
S31508026EA0F047054A1EF007BC1120BDE8F0872320EB
S31508026EB0FBE70720F9E700BF056E020801481FF045
S31508026EC0E4BC00BF690345EC02464FF6FF71002099
S31508026ED010B5094B1B6813B902B1117010BD93F8AE
S31508026EE022422CB193F823428C423CBF21461846D3
S31508026EF0D3F81C32EFE700BFA85C002038B5074D6F
S31508026F000446286818B1002240231FF0BFFA20461B
S31508026F102C60BDE8384000F057BF00BFAC5C0020CB
S31508026F202DE9F0410646DFF8CC8024F042FAD8F87B
S31508026F300040B4420BBF0024012525462B4B18BF3F
S31508026F401D7024F031FA5DB1A4B93046FFF7D6FFB9
S31508026F50304604F02FFA0022802330461FF096FAB4
S31508026F6024F027FA15B10022204B1A70BDE8F04129
S31508026F7024F01ABA032006F0CBFF94F8792268BBEC
S31508026F80032A18BF052A0CBF01270027132A98BF10
S31508026F90174B20469EBFD34003F001031F4304F05C
S31508026FA029F900230022C8F80030204640231FF0A2
S31508026FB06DFA94F87932032B12D0052B14D0002FD0
S31508026FC0C3D094F8791206224908090141F0020150
S31508026FD0204601F0F2011FF06DFAB6E70027D5E761
S31508026FE0022384F87932EAE70423FAE7B96600202D
S31508026FF0800A0800AC5C002030B50D46CC6989B021
S3150802700004281AD8DFE810F005000500FE00E5009E
S315080270100D012046FFF784FF284603A91FF0FAFB55
S3150802702094F8792258B15108090141F0050106225E
S31508027030204601F0F5011FF03DFA09B030BD2B7D5F
S31508027040C3F3C00383F00103DBB2142A00F2C18042
S31508027050DFE802F0D1BF81BF0BBF2EBF39BF46BFE3
S3150802706053BF6ABF9ABFA7BFB100039A8DF81430FF
S31508027070049294F8373220468DF815300523D4F851
S315080270802C2284F87932B4F8201204AB20F07BF96A
S31508027090002800F09E8094F87912024649080901F0
S315080270A041F00401204601F0F4011FF003FA90E0D2
S315080270B007232046D4F82C22B4F8201284F8793211
S315080270C020F057F9E4E70923204684F87932D4F800
S315080270D02C22D4F82432B4F8201202F033FBD7E774
S315080270E00B23204684F87932D4F82C22D4F8243299
S315080270F0B4F8201220F055F9CAE7039A8DF814302D
S31508027100049294F8373220468DF815300D2384F808
S315080271107932D4F82832B4F82012D4F82C22009303
S3150802712004AB02F08FFEB3E7039A8DF8143004928B
S3150802713094F8373220468DF815300F2384F87932C1
S31508027140D4F82832B4F82012D4F82C22009304ABCF
S3150802715020F089F99CE7039A8DF814300492D4F842
S31508027160302294F836320692B4F834228DF81E305C
S315080271700323ADF81C202046B4F8201284F879328D
S3150802718004AA1FF0C1FC83E71123204684F879324A
S3150802719094F87822D4F82C32B4F820121FF0D4FCD2
S315080271A076E7132384F8793220462A69B4F820123E
S315080271B001F0ECFE6CE71F4B01215B680020984743
S315080271C0152384F8793294F8603143F0040384F87D
S315080271D0603194F82232002B3FF42FAF164B1B680E
S315080271E0A3427FF42AAF2046B4F8201209B0BDE8BC
S315080271F030401FF076BC40F6E8022821002001F054
S31508027200AFF9E6E70622204694F8791249080901F9
S3150802721041F0030101F0F30109B0BDE830401FF067
S3150802722049B900210846034B5B6809B0BDE83040FE
S31508027230184700BF1C7D0020AC5C002070B500F02A
S31508027240FD05012D18D10020FFF73EFE044670B158
S31508027250FFF766FE2046B4F820121FF042FC58B922
S3150802726029462846054B5B68BDE870401847034B1C
S3150802727001465B682846F7E770BD00BF1C7D002003
S3150802728073B506460DF107000D46FFF71DFE30B928
S31508027290012110481FF0ACFA002002B070BD0D4C57
S315080272A0204600F001FD9DF8071050B1237E8B425F
S315080272B002D0204600F0C2FC002EEDD101232B702D
S315080272C0EAE72046217600F069FC0EB901232B7005
S315080272D00120E2E7DC7C00202DE9F04F91460022EE
S315080272E087B004460D469B468DF8172024F061F8B0
S315080272F029460746204600F0D3FD064638B13846E9
S3150802730024F052F82126304607B0BDE8F08F04F57E
S315080273101478404600F0C8FC0190BBF1000F44D037
S315080273209BF800A0DBF80410DBF80820D4F86432D6
S31508027330A4F8205223F00803C4F86432B9F1000F06
S3150802734058D099F80430D9F800509BBBD4F8643267
S31508027350C4F8545243F00803C4F864322944C4F802
S315080273605812484629461FF073F9022384F868A280
S3150802737084F87932D9F80830C4F86002C4F8303291
S3150802738099F80C30404684F8343299F80D3084F86E
S31508027390353299F80E3084F83632019B3BB31FF02A
S315080273A011FA0028ABD105462EE0324631464FF097
S315080273B0FF0ABBE70392029120F05CFA41F2873397
S315080273C0029905449942039AC4F85452C6D899F8C0
S315080273D00C304BB96FF04041D9F80830A3F59C53ED
S315080273E0083B5B1B8B428AD241F28831B6E700F032
S315080273F0D5FBD6E70125484684F8225284F823A20B
S315080274000DF11701FFF73CFF384623F0CDFF9DF833
S31508027410173013B1044800F02DFC002D3FF473AF6A
S31508027420404600F027FC6EE7DC7C00202DE9F84395
S315080274309046074600286BD005686B1C68D1002960
S3150802744066D0084600F04EFC044618B90E252846B2
S31508027450BDE8F88323F0ADFFD4F86C3206461BB1BB
S31508027460304623F0A1FFF1E72A4B1B78002BF7D110
S3150802747004F50E7001F04EF90028F1D1264B274A81
S31508027480C4F87032264B1268D3F8009084F8790251
S31508027490A4F82002C4F82C0284F82352C4F85C2209
S315080274A0C4F86402C4F86C42C4F87452B9F1000F05
S315080274B002D12046FFF722FD02F01CFC20461FF0EF
S315080274C0EEF9054660B1B9F1000F02D14846FFF759
S315080274D015FD20461FF0DBF9304623F065FFB6E7B7
S315080274E0104B1A681C60C4F81C223C60B9F1000FE4
S315080274F008D100F00DFB00F01FFB00228023204676
S315080275001EF0C4FFB8F1000FE6D02046C047E3E7F5
S3150802751021259CE7B9660020F96F0208007D002044
S31508027520AC5C0020A85C0020044B1B681BB9044B0A
S315080275301878C0B270470120704700BFAC5C0020C3
S31508027540B966002038B5044623F033FF084B0546D2
S315080275501B68A34207D104F0DDF80446284623F047
S3150802756023FF204638BD94F822420134E4B2F5E7F7
S31508027570AC5C0020062A2DE9F04704468A461546E1
S31508027580994633D823F015FF04F51477064638468C
S3150802759000F08AFB1023A4F820A284F8793284F832
S315080275A07852804620F066F9114B00F59C52C4F8D1
S315080275B0603200230832C4F85402C4F85822384606
S315080275C084F86832C4F82C92B8F1000F0BD01FF079
S315080275D0F9F830B90024304623F0E6FE2046BDE825
S315080275E0F0872124F7E700F0D9FAF2E72124F5E734
S315080275F08096980000232DE9F74304468DF8073054
S315080276008846914623F0D5FE94F879320646112B20
S3150802761005D120461FF05DF8072384F878324FF427
S315080276207F430025A4F8223284F8795200F096FAAC
S3150802763001200DF10701FFF723FE124B07461B68CF
S31508027640A3421AD10122494640461FF057F9054678
S31508027650012104F514701FF0CBF800F08DFA17B16A
S315080276609DF8073013B1084800F004FB304623F0B2
S315080276709BFE284603B0BDE8F083204601F044FC91
S31508027680E6E700BFAC5C0020DC7C002070B506464D
S315080276900C4623F08EFE094B05461B68B34204D0FE
S315080276A023F082FE064C204670BD2146184602F09B
S315080276B089FC0446284623F077FEF4E7AC5C0020F2
S315080276C000FEFFFFF8B505460C4623F072FE95F854
S315080276D0613106469A07A7781CD4012F05D00024E3
S315080276E0304623F061FE2046F8BD204602F01EFF12
S315080276F004460028F4D195F86131384643F002036E
S3150802770085F8613102F022FF0A4A044613680133FA
S315080277101360E5E7012FE2D023F0020385F8613111
S31508027720044B1868013818600028D8D102F00EFFF9
S315080277300446D5E7A45C00202DE9F34704460F4624
S31508027740904623F049FEA0B1384B1B68A3422DD1BF
S3150802775000264FF4881120461FF094FA424639460D
S31508027760204605F0A7F9054696B120461EF0D9FF30
S315080277700EE021F0EFFF0028E6D123F01AFE2C4B8B
S3150802778006461B7803F0FF0533B123F00DFE0225EA
S31508027790284602B0BDE8F0870DF10700FFF794FB13
S315080277A09DF8073023B9304623F0FEFD0E25EFE794
S315080277B004F5147A504600F077FA94F86031814657
S315080277C065F3820384F86031142384F8793220F051
S315080277D051F800F59C530833C4F85832154BC4F8CF
S315080277E05402C4F8603284F86852B9F1000F1BD10A
S315080277F0504600F0D3F90546304623F0D5FD002D54
S31508027800D4D194F86031C3F380065B07A1D420F083
S3150802781031F8D4F85432C01AD4F860329842F0D308
S3150802782020461EF07EFFC1E70125E5E7AC5C002095
S31508027830B966002080841E0070B56FF040450F4B74
S3150802784000F132045B680BB9012015E0586910F0A3
S31508027850040001D01B68F6E78B42FBD01E7E0A7E27
S315080278609642F7D2CA680E6922443244DE68324426
S315080278709E68921BAA42EDD270BD00BFB05C002082
S315080278802DE9F04F844C85B0236813F00C0F23685A
S3150802789005D043F00203236005B0BDE8F08F43F03C
S315080278A0040213F00103226025D06FF040481FF04E
S315080278B09EFBD4F8089066682368B9F1000F14BFD6
S315080278C04D463546074623F00203294623604FF004
S315080278D0000A1EF05AFF07F1320B36B13146384616
S315080278E01EF053FF736999070AD46DBBB9F1000FED
S315080278F02CD0002547E0A360236823F00403CAE7D7
S31508027900317E2A7E914202D36A69920713D45B07B3
S3150802791013D431463846FFF78FFF60B1F368B26871
S315080279205B449B1A43450CD36B6903F00603022B8F
S315080279301CBF354682463668CFE735464FF0010A00
S31508027940F9E735468246F6E7A94506D16068A26890
S31508027950323700283DD101254BE0BAF1000F12D18A
S3150802796029463846FFF768FF68B96B695E07BDD4D2
S315080279706FF03103AA68DB1B1344EA689B1A6FF09F
S3150802798040429342B2D3236823F002032360B9F13B
S31508027990000F10D0D9F8143003F00603022B04D1D5
S315080279A000220121484600F07DF8236898073FF532
S315080279B07EAF0DB9CAE745B16B6913F0060F04D05D
S315080279C0294601202B6AA560984723689907BDD5E1
S315080279D06DE7824241D0456915F004053DD1C36879
S315080279E081683B445B1A434537D20122114600F0AF
S315080279F059F8266816F002067FF459AF002D3FF4AF
S31508027A0056AF37466FF0310E6168D4F808C031BBFD
S31508027A10224800F019FF81462048002F39D01FF06E
S31508027A20E0FA08B14E450CD000231D4A31460092B1
S31508027A301A481A460293019300F0BAFEB0FA80F584
S31508027A406D092378C3F3400383F00103DB077FF54F
S31508027A502EAF002D7FF450AF29E7006879E78C45F1
S31508027A6012D0486942070FD48B6810F0020F4A6891
S31508027A7018BF1A46CB68AEEB0303134437B1F21AA2
S31508027A8042453CBF0F461E460968C0E70F461E46DA
S31508027A90FAE700F06BFED4E7B05C0020BC5C00207D
S31508027AA0AF67040870B51646044658B3174D2B46F9
S31508027AB053F8042F42B31868A04211D1A24223D127
S31508027AC022681A600023AA682360A24208BFAB6034
S31508027AD019B121460220236A984726B9002070BDAB
S31508027AE003460268E6E7FFF7CBFE63695A07F5D451
S31508027AF0AB6813B15B695B07F0D521460420236A9C
S31508027B009847EBE70120EAE70220E8E7B05C0020A5
S31508027B1010B523F04EFC00230446064843608360F2
S31508027B2040F80C3B00F0F6FD2046BDE8104023F075
S31508027B303BBC00BFB05C002010B523F03AFC0446FB
S31508027B40054A136843F001031360FFF799FE2046BE
S31508027B50BDE8104023F028BCB05C002008B523F02D
S31508027B6028FC044A136843F008031360BDE808407A
S31508027B7023F01ABCB05C002010B523F01AFC0446A8
S31508027B80054A136823F008031360FFF779FE2046B7
S31508027B90BDE8104023F008BCB05C0020F8B50446E6
S31508027BA0002846D000230360436923F00203436199
S31508027BB023F0FFFB636906465B072BD5636943F02F
S31508027BC0020363611C4D6FF04040294651F8043F99
S31508027BD07BB1626997070BD45A69920726D46768FC
S31508027BE0E268D21B5F683A44DF68D21B82421DD222
S31508027BF023600C60FFF744FEAB6813B15B695B0751
S31508027C0003D521460420236A9847304623F0CCFB45
S31508027C100020F8BD6768E5681FF0E9F96FF0404390
S31508027C203235ED1B05449D42C8D3CBE719461B687E
S31508027C30CEE70120EDE700BFB05C002070B505462F
S31508027C400C4623F0B6FB0A4B2A7E9B6806462C7620
S31508027C5023B1AB4207D01B7EA34206D83046BDE805
S31508027C60704023F0A1BBA242F8D2FFF709FEF5E75E
S31508027C70B05C002038B5044688B123F09AFB094B5C
S31508027C8005469968A14208D103200B6A9847002441
S31508027C90284623F089FB204638BD0324F8E7012449
S31508027CA0F9E700BFB05C002038B5054623F081FB32
S31508027CB0074B5C681CB923F077FB204604E0AC420C
S31508027CC003D123F071FB012038BD2468F2E700BF17
S31508027CD0B05C0020024B9B681B1A584258417047F9
S31508027CE0B05C0020F8B5044623F063FB002607467D
S31508027CF00E4B1B6893B19E68AEB196F82420D20744
S31508027D0011D435460FCC0FC50FCC0FC523682B608F
S31508027D1096F8243043F0010386F82430384623F0D7
S31508027D2043FB3046F8BD1B68E4E700BF107D002020
S31508027D30431E033306D8044B984228BF18466428C4
S31508027D4038BF6420704700BF40420F0038B51A4B4F
S31508027D5005461B680C4603B1984744B1236833B1FC
S31508027D601B68013303D0E3680BB1A36843B91FF05C
S31508027D7066FD00209122412100F0F2FB212038BD48
S31508027D80204605F021FB00230C4A85F84831126883
S31508027D90C5E93A43AA4202BF094A136053606369B6
S31508027DA043B1084A42211068B322C31A58425841BD
S31508027DB000F0D6FB0020E2E7285F0020AC5C00203A
S31508027DC0047D0020645F002010B5044618B9054BEF
S31508027DD0054A136010BD01F00FF8D4F8F430002BF1
S31508027DE0F6D1F4E7C3690408147D0020F8B51546F0
S31508027DF006460C4623F0DDFA0B4B0746002D08BF54
S31508027E001D460A4BC6F8F4501B68B34204BF084B1A
S31508027E101D6024B1214630461EF0E0FD0446384670
S31508027E2023F0C2FA2046F8BDC3690408AC5C0020F8
S31508027E30147D002070B50C46064623F0BAFA0546AC
S31508027E402068FFF775FF20606068FFF771FF6060C2
S31508027E50A068FFF76DFFA060E068FFF769FF236976
S31508027E60E060591C03D00D4A934228BF134623618A
S31508027E7063695A1C03D0094A934228BF13466361B1
S31508027E80A069FFF755FF2146A061304602F0C6FAFF
S31508027E900446284623F088FA204670BD40420F0061
S31508027EA0D0F8EC302DE9F04105460C4613B1038EA5
S31508027EB08B424ED0D5F8E830002B4DD09E68002E66
S31508027EC04AD0D868002847D0013800B200281DDBFE
S31508027ED0002107E0128A0CF10101A24219D209B265
S31508027EE0884213DB0B1803EBD3735B1003EBC30255
S31508027EF006EB8202B2F80EE01FFA83FCA6450CF1E5
S31508027F00FF3EE7D90FFA8EF08842EBDA2120BDE868
S31508027F10F0814FF6FF729445F8D09BB203EBC30388
S31508027F2006EB83062846B6F9122095F83C11D5F8D1
S31508027F30FC8014F04FFC0746B8F1000F04D000236A
S31508027F40324628461946C0472C86C5F8EC6085F89D
S31508027F5045710020BDE8F0810E20BDE8F08100BF22
S31508027F60834B1B68834201D003F07EB82DE9F04F9C
S31508027F7083B004460E46154602F01AFB00287BD14A
S31508027F807C4F3B68D4F8E8B0D4F8ECA013B15B4553
S31508027F9000F090804FF00008BE6003F0BBFB01289A
S31508027FA0814604D00121002208461EF0A7FC20467D
S31508027FB01FF034FB18B194F825309A076FD43B6842
S31508027FC0DBF80010DAF8002013B1186888427ED070
S31508027FD020461FF0F4FAB8F1000F15D0A5B92046CD
S31508027FE002F08EFE0646D4F89830002B3DD1B9F140
S31508027FF0010F05D026B1604B002103205B68984724
S31508028000304603B0BDE8F08F5C4BC7F800B01A786B
S31508028010C7F804A08DF8075092BBD4F8FC60002E6E
S3150802802064D0114620460DF10703B0472046002DBD
S3150802803055D102F065FE0646B8F1000FD3D1B6FA5D
S3150802804086F040F205423321400900F089FA2946B2
S31508028050204603F015F84A4B51461B680646204649
S315080280609847D4F89830002BC1D000224FF40073F9
S31508028070204600F0D1FEBAE700233E4F7B6080E738
S31508028080D4F8EC30B4F9481023B1B3F91230994256
S31508028090A8BF19462A46204602F07EFDC6E7D4F84E
S315080280A0A0305B058BD5374B0122002120461B6881
S315080280B0984784E77B68002B3FF46CAF53457FF4FF
S315080280C069AFBB68B3421DD04FF0010864E779680F
S315080280D019B1096891423FF47EAF596878E703F00F
S315080280E0F7F8204602F00CFE0646A8E794F82A108E
S315080280F094F845312A46994228BF1946204602F085
S31508028100E9FC93E70DB900267AE7204603F0E0F882
S3150802811001231A4A8DF8073012789AB1D4F8EC304E
S31508028120B4F9481023B1B3F912309942A8BF1946D7
S315080281300122204602F030FD114B514620461B68AB
S315080281409847E0E7D4F8FC502DB1114620460DF1C8
S315080281500703A847F0E794F82A0094F845111A4647
S31508028160814228BF0146204602F0B4FCE4E700BF7C
S31508028170AC5C0020047D00201C7D00202CFC040839
S31508028180147D00202C5F002070B506460D46FFF7C9
S3150802819087FE044608B1204670BD03F09BFA2246C4
S315080281A029463046FFF7DCFE04460028F3D130465E
S315080281B01FF034FA0028EED096F8253013F00203A1
S315080281C00DD0D6F8A0305B050DD5B6F83631AB42E0
S315080281D00BD0B6F838315B1BB3FA83F35B09044A52
S315080281E082F8D830D7E72346F9E70123F7E700BF35
S315080281F0003E00B070B504460E4623F0DAF8314662
S3150802820005462046FFF7C0FF044620B9044B01463F
S315080282105B6803209847284623F0C6F8204670BDB7
S315080282201C7D002037B5D0F8E830274A044613608B
S31508028230D0F8EC309160536000228DF80720234A6B
S3150802824012786AB3B0F9481023B1B3F912309942D9
S31508028250A8BF19460022204602F09EFC204602F0DC
S315080282604FFDB0FA80F040F259423321400900F03E
S3150802827077F90121204602F003FF154B05461B68D4
S315080282802046D4F8EC109847D4F898302BB100223F
S315080282904FF40073204600F0BFFD284603B030BDF8
S315080282A0D0F8FC5055B990F82A1090F845312A466C
S315080282B0994228BF194602F00DFCCFE711460DF187
S315080282C00703A847CAE700BF047D00202CFC040860
S315080282D0147D0020F8B50E46044623F06AF80546D2
S315080282E000201FF0B0FA0A4B1B7863B9D4F8FC7069
S315080282F04FB11A4631462046B8470446284623F067
S3150802830053F82046F8BD314620461FF008F9F4E72F
S315080283102CFC040837B5044623F04BF86946054693
S3150802832020461EF091FC0F4B1B785BB19DF800307E
S315080283300D2B07D0B4F94E40284623F035F82046CF
S3150802834003B030BD20461EF0E7FFFF28024606D0DE
S3150802835020469DF80010EDF75DFE0446ECE7024C58
S31508028360EAE700BF2CFC04080080FFFF2DE9F34171
S3150802837098460E4B04461B780E4617469BB123F0C9
S3150802838018F8BDF9203005460093204643463A467A
S3150802839031461FF0C7F80446284623F005F820465A
S315080283A002B0BDE8F0810E24F9E700BFC4660020DA
S315080283B02DE9FF4707460E46144622F0FAFF814684
S315080283C00CB9D7F89840214638461EF05BFC314B6B
S315080283D01B68BB4204D1E30702D5384607F008FFFB
S315080283E004F0E8FB2C4B05460FCBE8468DE80F0058
S315080283F06EB1FF2D0DBF336804AB56F825200093E6
S315080284000BBF736803EB8503019343F8102C14F42E
S31508028410803425D12A46414638461FF0ABF98246B2
S31508028420484622F0C1FF2CB12A4641463846FFF794
S3150802843083F98246BAF1000F0ED16EB1FF2D0FBF36
S31508028440009B04AB03EB850353F8103C05BF33606E
S31508028450019B46F825307360504604B0BDE8F087A4
S31508028460FF2D0DD1009B013310D0019B01330DD096
S315080284702A464146384604F0EFFA00248246CFE7F8
S3150802848004AB03EB850353F8103CEFE701244FF0E6
S31508028490000AC5E7AC5C00205401050808B50B467E
S315080284A0024919401EF0E0FB002008BD0700110032
S315080284B02DE9F04105460F46904622F07AFF0B4B0E
S315080284C006461B68AB4204D095F8244014F008040B
S315080284D005D042463946284604F072FE044630461E
S315080284E022F062FF2046BDE8F08100BFAC5C0020A6
S315080284F0F8B504460E46174622F05BFF0A4B0546B8
S315080285001B68A34203D094F824301B070AD52046D9
S315080285103A46314601F0EAF90446284622F044FF73
S315080285202046F8BD0224F8E7AC5C0020024B18602E
S31508028530024B1960FEE700BFD45E0020187D0020BA
S3150802854038B5044D044C054B286021601A60FFF7C4
S31508028550EDFF38BDD45E0020187D0020D85E0020CD
S3150802856010B550B90548064B0160064802601868FE
S31508028570054B18601868FFF7E3FF10BD187D002049
S31508028580AC5C0020D85E0020D45E0020054B1B6838
S315080285900BB918467047834201D01B69F8E70120D8
S315080285A0704700BFE05E002018B10A4B1A680AB984
S315080285B0104670471A68824207D1026901201A607A
S315080285C0054A1368013B1360704702F110031269EA
S315080285D0EDE700BFE05E0020DC5E00202DE9F74FE4
S315080285E0064622F0F3FEDFF82081012398F800B050
S315080285F0DFF818910190BBF1000F06D089F8003018
S3150802860003B0BDE8F04F22F0DCBE3D4F88F80030DB
S3150802861089F800B01EF0EFFC08B11EF0EAFC3D68CE
S3150802862038495DB9DFF8E8A0DAF800200024AA4242
S315080286303B682ED84FF0FF31324838E06B7D8BB15C
S315080286402B68B34202D09A1B8A420BD96A68134432
S315080286502B60AB68003A18BF0122003B18BF012302
S315080286606A75AB752D69DCE7907D20B1107D88426D
S315080286709CBF014614461269002AF5D1002CD9D0AE
S3150802868094E80B00A275411AE2682046984701351C
S31508028690CAE71A46FF21EFE75A7D3AB11A68B2428B
S315080286A028D0921B824225D8914226D21B69002BDA
S315080286B0F2D15CB12046FFF777FF38B13B683C60E0
S315080286C02361DAF800300133CAF800303B685C7D72
S315080286D01CB1186800F0DEF804461EF088FC06464F
S315080286E0002C95D199F80030002B91D1019888F881
S315080286F0004085E71C460021D8E711461C46D5E707
S31508028700E05E0020FCFFFFBFBB660020BA660020C1
S31508028710DC5E002038B5054610B31822002117F092
S3150802872083FA22F053FE02462846FFF72FFF20B1AE
S31508028730104622F046FE022038BD0A4B1C6854B980
S3150802874009491D600B68104601332C610B6022F043
S3150802875038FE2046F0E719680C6901F11003EEE7C6
S315080287602120E9E7E05E0020DC5E002038B50446F9
S31508028770FFF70CFF22F02AFE05462046FFF706FF02
S31508028780637D23B9284622F01CFE0E2038BD00233D
S315080287906375064B1B68A34203D11EF028FCFFF73C
S315080287A01DFF284622F00DFE0020EFE7E05E0020BE
S315080287B02DE9F84FDDF82890984604460D4692466C
S315080287C0FFF7E4FEDDF830B022F000FE07461EF0A1
S315080287D00EFC06462046FFF7D9FE637D23B12046E6
S315080287E0FFF7C4FF0023A375BAF1010F21D175B9AA
S315080287F0B8F1000F1FD1B9F1000F03D05A4631461E
S315080288002046C847384622F0DCFD002017E03544EA
S315080288100C4BAA1B9A420ED8012363759DF82C307D
S31508028820304684E820032375C4F80CB0FFF7D6FE59
S31508028830E8E7AE42ECD1384622F0C3FD2120BDE876
S31508028840F88F00BFFCFFFFBF2DE9F04107468846B7
S31508028850FFF79CFE22F0BAFD3D6806461EF0C7FBEE
S315080288607B7D7BB185420DD0094B2C1A9C4209D8D7
S31508028870304622F0A6FDB8F1010F08BF2546284664
S31508028880BDE8F081304622F09CFD0025F7E700BFDF
S31508028890FCFFFFBF0023024A194600F057BD00BF7E
S315080288A0C96F04082DE9F0418AB001AB0C460546AA
S315080288B024221846134917F0D4F90027002C08BFBA
S315080288C00446384604F10C0690B95FFA87F8424620
S315080288D0284621881EF0A5FE50B942462846E18858
S315080288E01EF0B0FE20B94246314628461EF0BDFEAD
S315080288F00137032F06F1080604F10204E4D10AB08F
S31508028900BDE8F08188010508F0B589B005460E462E
S3150802891022F04FFD31460746284603F075FB04460A
S3150802892020BB01AC06F10C0CBCE80F000FC49CE896
S31508028930070084E8070001A92846FFF77BFA2846BC
S31508028940311D1EF0B1F9044648B92846094901F015
S3150802895007FC044618B9284603F020FB04462846B5
S315080289603168FFF79FFF384622F01EFD204609B000
S31508028970F0BD00BF80010508F8B50C460546174646
S3150802898022F017FD214606463A4628461EF023FEE1
S31508028990044610B9034BC5F88C31304622F004FD63
S315080289A02046F8BDFB6F040870B5044622F001FDA7
S315080289B003210646204600F085FA0546204603F0BE
S315080289C0B1FC044B3046C4F88C3122F0EDFC284643
S315080289D070BD00BF59C6020838B5044622F0E9FC44
S315080289E0064B05460022196820461EF0A1FE0446DB
S315080289F0284622F0D9FC204638BD00BF28FC0408C8
S31508028A0038B5044622F0D5FC064B054601221968FC
S31508028A1020461EF08DFE0446284622F0C5FC204656
S31508028A2038BD00BF3C5F002070B505460C4622F0F3
S31508028A30C0FC95F827300646FF2B19D00D4B012CA2
S31508028A40C5F88C3104D9023C012C0DD9212409E040
S31508028A500222094B196828461EF06AFE0446304669
S31508028A6022F0A2FC204670BD044B03221968F2E7E5
S31508028A700224F4E759C602081CFC040818FC040878
S31508028A8038B5044622F095FC064B054604221968B9
S31508028A9020461EF04DFE0446284622F085FC204656
S31508028AA038BD00BF14FC0408F8B590F827500746ED
S31508028AB0FF2D0C461ED0023D012D8CBF0025012537
S31508028AC049682A4603F06AFC0B4B26681B6896FA25
S31508028AD0A6F6BB424FEA162609D1304606F05EF9DB
S31508028AE0A17A2A46208981F0010103F08FFC002031
S31508028AF02660F8BD0220FCE7AC5C0020024BD86871
S31508028B00C0F30360704700BF000002B870B522F0D8
S31508028B1050FC264B1A68114629B9002A41D1BDE8EC
S31508028B20704022F041BC8B686BB193F82440E5078C
S31508028B3009D5DD690DB19D693DB993F8244024F044
S31508028B40080483F824400968E6E744F00804F8E7CD
S31508028B5093682BB393F8242002F00902092A1FD13D
S31508028B6021468A68CAB192F8245005F00905092DEA
S31508028B7013D1DE69D569AE4203D09E699569AE42C4
S31508028B800BD193F8245025F0080583F8245092F85F
S31508028B90245025F0080582F8245009680029E0D1F6
S31508028BA022461468002CD3D1B9E700BF107D0020F5
S31508028BB0064B1B7823B1064BD3F8EC3E5B0103D474
S31508028BC00022044B83F8802000207047BC660020F0
S31508028BD0003000B0003F00B02DE9F8439846184B24
S31508028BE005461F680C46914622F0E3FBAF4206464D
S31508028BF020D1A047044628B1304622F0D5FB2046AC
S31508028C00BDE8F88308F0CEFF0E4BD3F8EC4E24EA03
S31508028C100904AF4244EA080408D10422094B304643
S31508028C20C3F8EC4E084B5A6422F0BEFBC5F87841ED
S31508028C300024E4E722F0B8FBD5F87841E7E700BF5D
S31508028C40AC5C0020003000B0002002B810B5054C1C
S31508028C50237823B106F0D8FD0020207010BD0E201F
S31508028C60FCE700BFBF66002008B506F09BFD01229F
S31508028C70014B00201A7008BDBF6600202DE9FF4788
S31508028C808F7880460F2F0C4603D9212004B0BDE801
S31508028C90F08727B90122464B1A700020F6E70E78AC
S31508028CA04D78002E3DD1002DEFD1AE42E088B24676
S31508028CB038BFAA4605F0B0F9C30943EA4163C01AA8
S31508028CC061EBD11105F0E8F9FF288146DDD0A088CD
S31508028CD005F01CFB374B354301461A884FF604004C
S31508028CE0002D5DD1824208D13348006E80B290428F
S31508028CF00ABF4FF6050218801A80B1F5803F2E4B3F
S31508028D0014D902224FF0080A1A66802256464908E2
S31508028D10C3F880204FF6FF730139994228BF1946D6
S31508028D200EE0082EB1D8082DAFD8BEE701224FF0C3
S31508028D30080A1A6680225646C3F880200029E9D115
S31508028D40002302930123013FFFB2009332465346A2
S31508028D50019708F5827005F0E5F81DB94FF48012FF
S31508028D60164B5A6594F90310484605F0C9F90221CB
S31508028D70134BA2681A600E4B197098F82E30013BF5
S31508028D808B428AD8032301200E4AC2F850320E4B70
S31508028D90C3F85002C2F864120422C3F864227CE7BC
S31508028DA082421EBFDFF810C0CCF860201880C5E7E3
S31508028DB0BD660020447D002000C001B800D001B87D
S31508028DC0FC5E0020006001B8005001B800F01803EC
S31508028DD0182B0AD003070AD410F0100F40F2011319
S31508028DE008BF0023034A936770470023FAE7012363
S31508028DF0F8E700BF003F00B038B10368044A002B09
S31508028E0008BF1346034A13607047014BFAE700BFCF
S31508028E105D720408307D002010B4D0E95641224024
S31508028E200B4052EA030104D003495DF8044B096872
S31508028E3008475DF8044B7047307D0020F7B50446B5
S31508028E401046D4E956C7DDE908268CEA020587EA00
S31508028E50060105401940794085EA0C05C4E95651D0
S31508028E60174909688C4227D1002523F4004106EAEE
S31508028E70010320F0010043F40073024043F00203A9
S31508028E800195009508F068FC94F824309A0713D5E2
S31508028E90D4F85C319B050FD54FF4881120461EF095
S31508028EA091FD94F82430024665F3410384F8243090
S31508028EB020460B46FFF7B0FF002003B0F0BD00BF07
S31508028EC0AC5C00200F2938B504460D4614D80C4B65
S31508028ED01B68834209D102F01DFC01280ED1094AFA
S31508028EE0536E23F00F032B435366204684F86251D0
S31508028EF01EF014FC002038BD2120FCE70220FAE708
S31508028F00AC5C0020003F00B0D0F87821034B134038
S31508028F10C0F878310023C0F888317047DF0000FFB7
S31508028F2008B50E4B5A6C12F0A00F13D19B6C5B0757
S31508028F3012D40B4BD3F8EC3E23F07F4323F0FF0306
S31508028F4053B1FFF7DBFD6FF4905343FA00F000F0DC
S31508028F50010008BD0020FCE70120FAE7000002B87C
S31508028F60003000B0074A084B30B10221C2F8641239
S31508028F700422C3F8642270470421C2F8641202224A
S31508028F80F7E700BF006001B8005001B82DE9F341C8
S31508028F9004468846154602F0BDFB012846D194F8D8
S31508028FA02430234E23F0040384F824304FF47E43FE
S31508028FB06386204B204FDA6B284632605B6A3B6039
S31508028FC005F030FE054638B14FF0FF3321203B60ED
S31508028FD0336002B0BDE8F0810122002301901946F0
S31508028FE00090104608F0B8FB4FF40012134B4146A6
S31508028FF02046DA641DF075FD0028EAD0D4F8A010E0
S3150802900094F827004FF0FF3405F0DCFE0022002317
S31508029010002101200195009508F09EFB386801F0B1
S31508029020B7FB30683C6001F0C1FB34600220D0E730
S31508029030287D002000C000B82C7D0020005001B811
S31508029040F8B51B4F0E4605463B6810B90BB30E2002
S3150802905018E0984217D0174BD5F8F00093F900405C
S315080290601EF047FA0021C4F11C04231A9B1BC3F104
S315080290702B02002AB8BF5242232A17DC69B10D4BCC
S315080290801E700020F8BD02F045FB0128E3D002203D
S31508029090F8E7C1F11C030121E9E73A6885F8286077
S315080290A0AA42EED158B201F041FCEAE72120E9E7EB
S315080290B0AC5C0020BE66002010B504461EF0AEFA6F
S315080290C010B1012002F05AFF204602F051F907F0CA
S315080290D065F822F06EF90A4A0121D2F8BC3E044626
S315080290E023F02003C2F8BC3E0222064B08469A60C9
S315080290F0054B5B689847204622F056F9002010BDBA
S31508029100003000B0001002B81C7D002070B5A6B071
S3150802911004461822002108A816F086FD002104AE8E
S315080291201022304601910291039116F07DFD601ED0
S31508029130444C03287CD8DFE800F0440230784FF428
S315080291400013E36406F0C0F84FF060523E4BDA644F
S315080291504FF0C1530422E3643C4BC3F88C203B4ACC
S31508029160936F23F0060343F0040393674FF48022B8
S31508029170374B9A644FF0805203F5E0331A6507F0CD
S31508029180E7FA40B14FF48073324AC2F81431A2F5B5
S315080291908052C2F8183126B070BD2F4D19AC0FCDCA
S315080291A00FC40FCD0FC40FCD0FC42B682C2200217C
S315080291B00EA8236016F038FD07238DF838300223EF
S315080291C013E0264D19AC0FCD0FC40FCD0FC40FCD2A
S315080291D00FC42B682C2200210EA8236016F024FD4A
S315080291E007238DF838304FF400734FF400120F93AB
S315080291F0144BDA641A4B08221A930023CDE9042386
S31508029200ADF866302093069319AB08930EAB099313
S3150802921001ABCDE90A3606F057F808A805F004FEB0
S3150802922005F0ECFF05F0E2FF99E70E4D19ACB6E73B
S3150802923040F61E220B210020FFF792F94FF4001385
S31508029240E364D7E7005001B8006001B8004000B8EF
S31508029250005000B8002000BAC4010508F801050844
S31508029260800000BA2C02050810B5044606F02CF850
S315080292700022114BC3F88C204FF0605203F590334D
S31508029280DA6404F095FB0D4B1B7813B106220C4BDE
S315080292909A674FF080520B4B1A65D4F8A01094F8CF
S315080292A0270005F08FFD4FF48072074BC3F818218B
S315080292B0C3F8142110BD00BF004000B8C0660020E4
S315080292C0006000B8002002B8002000BA08B51DF0F8
S315080292D0C6FF8022024B5867024B1A6108BD00BFBF
S315080292E0003F00B0000002B830B4D0F8A0400A40EF
S315080292F024EA01041443C0F8A040054C24688442B9
S3150802930002D130BC01F03EBB002030BC704700BF22
S31508029310AC5C0020012313B500220024009300232D
S3150802932010461946019408F017FA052004F0ECFCD9
S31508029330044B21461C60044B02205B689847204672
S3150802934002B010BD185F00201C7D00202DE9FF41E8
S3150802935002290C4615469846039005D1FFF7DAFF0F
S31508029360002004B0BDE8F08122F023F81E4E07461D
S31508029370336853B1AB4208D00024384622F014F8B9
S31508029380002CEDD121203460EBE7184B0022C3F8FC
S3150802939000803560002301254FF000081046194663
S315080293A00195009508F0D8F9114B052083F800803D
S315080293B004F0AAFC22464346052003A904F0C2FC8F
S315080293C00C4B039A04461A600028D5D0DFF8288089
S315080293D0D8F8003098472128CFD12946D8F8043042
S315080293E002209847C9E700BF185F0020145F0020D3
S315080293F0C2660020105F00201C7D002090F82730EE
S31508029400023B022B05D84B7CE3B1012B1CD0022B65
S315080294101CD0D0F87C311B0612D5D0F8A4300D2BFF
S3150802942003D0A3F10F02022A0AD88A8A1A2A07D96E
S315080294300F2B08480CD0084A112B18BF1046704744
S315080294401DF042BF054870470548704701487047F6
S31508029450704700BF40420F0080841E0020A107000B
S3150802946048E801000B78022B14D0A3F1040CDCF1B6
S31508029470000343EB0C035B004A781B01022A0BD05C
S31508029480111F4A424A41520043EA82130349044AD7
S31508029490FFF7A2BB0123EFE70122F5E75DB7020852
S315080294A0F0FFFF000A78022A13D0A2F1040CDCF1BD
S315080294B0000242EB0C0252004B78022B0BD0191F0A
S315080294C04B424B415B0042EA830304490F22FFF7F2
S315080294D083BB0122F0E70123F5E700BF89B702083B
S315080294E04FF4005318B1034AC2F8FC337047024AD4
S315080294F0FAE700BF001002B8002002B8D0F8B03070
S3150802950010B5994204460ED0C0F8B01004F072F8AD
S315080295100649A4F840010123054AD1F8FC1004F5CE
S31508029520827006F079FF002010BD00BF004F00B020
S31508029530A43F00B02DE9F74F04468B4615461F4651
S31508029540FFF7EEFC18B9022003B0BDE8F08FA38A34
S31508029550002BF8D020461DF069FC68B90FB10E2021
S31508029560F2E76D4BD3F8EC3E03F03002102AF6D040
S3150802957003F0C003402BF2D0684F06F00FFE7B695A
S31508029580DB07ECD5032004F0C3FC0028DBD17A699B
S3150802959012F0060AD7D1604B4FF400612046D3F881
S315080295A0EC9ED3F8C48E08F06DFC48B14FF40077F0
S315080295B001215B4E5246084677641DF09FF977648F
S315080295C094F825309F0707D5D4F8A0305E0542BF28
S315080295D04FF40022534B5A6459462046FEF7D4FDEF
S315080295E04D4BC3F8EC9EC3F8C48E0028ACD194F850
S315080295F02430980601D4002D4ED0C5F3400007F05A
S315080296001FFA022315F4807F1FBF464A00215364BE
S315080296104FF03A420BBF424A91615364536308F0D2
S31508029620C1FA4FF4806315F0040F14BF3E4A3F4A4D
S315080296303B4E1365042328467364FFF7C7FB20468F
S315080296401DF093FE38B14FF4807315F0010F16BF63
S31508029650344A73645364A90647D54FF6FF72B4F8C1
S31508029660423093420FD0324A3249526F100CC2F33B
S3150802967001120132B3FBF2F308802B4A2B492E481A
S315080296801B0448675367003D18BF012594F8243028
S3150802969065F3451384F8243020461DF0BFFFF0B168
S315080296A020461DF062FED0B14FF40031204608F084
S315080296B0E9FB431C03229BB201A920481EF0B6F817
S315080296C09DF804209DF8053002F00701052915D1F9
S315080296D012070DD443F48073194AC2F8CC3000201D
S315080296E003B0BDE8F04F1EF0AEB801F0D3FFCAE7EB
S315080296F013F0040F09D19DF80630EBE703F03002A8
S31508029700202A05D113F0010FF4E74FF48073E3E73B
S315080297109DF80630E0E700BF003000B000C001B88F
S31508029720002002B8001002B8005001B8006001B863
S31508029730004001B8467D00200000FFFF0C0000BA79
S31508029740003E00B02DE9F3410646884615461F46F7
S3150802975021F02FFE0446032004F0DAFB38B1204636
S3150802976021F022FE0E24204602B0BDE8F081042034
S3150802977004F0CEFB0028F2D1204621F015FE012383
S315080297802A4641463046FFF7D5FE04460028EAD166
S31508029790DFF8BC806FB188F8000039463046FFF71B
S315080297A06DFA50B998F80030012B08D107F032F853
S315080297B0D9E798F80030002BF4D12124D3E72022E8
S315080297C01D4B01205A641D4B5B6FB3F5817F22BF87
S315080297D080221B4B1A611EF054F821F0EAFD194B40
S315080297E006461B6801938BB904F0EEFB15F080055B
S315080297F01ED1012004F0F4FB15B9284606F0F4FF41
S31508029800114B01215B68002098470DE0042004F003
S315080298107BFA00230122042001A904F093FA002806
S31508029820E2D107F069F92124304621F0BDFD9AE715
S315080298300022064B9A67DCE7001002B8003F00B028
S31508029840000002B8FC5E00201C7D002000C001B8A2
S31508029850BD66002038B505460C4619B11DF0DEFE78
S3150802986004EB8004204604F051FD064B40421B6877
S31508029870AB4204BF044BC3F8DC0EC5F880010020D6
S3150802988038BD00BFAC5C0020003000B0C38E70B596
S31508029890934205460C46164621D3124B006D1B68A9
S315080298A0884208BF0024AB4213D1FFF727F94FF4C9
S315080298B09C53C340DA0703D50B4B5B6C9B0304D45A
S315080298C001223146204603F0A9FA0020A5F868616C
S315080298D070BD002CF9D0214616F0C3F9F5E7212010
S315080298E0F6E700BFAC5C0020000002B82DE9F041A3
S315080298F00B460646154611B92120BDE8F081002A15
S31508029900FAD0032905D8002203F05AFC0346002898
S31508029910F2D01C889A78B4F5804F02F0070180F0DD
S315080299208A80A1F1070C1879DF88DCF1000343EB82
S315080299300C0305292B7394BF0023C2F30013C2F349
S31508029940801C6B73930985F810C003F00203C2F3F7
S31508029950C00C43EA0C03C2F34012E8746B74AA748F
S31508029960D6F8A030AF82D80649D40639012946D896
S315080299700020B6F81280F76908F1FF38083C04EAB5
S315080299800804395D2D4B80291CBF3239C9B249B248
S315080299905B6DA973A86096F827300134FF2B04EA99
S315080299A008040BD13B5D5B0103F47E63FF2B9CBF6E
S315080299B0DB43D8B2D6F8F83003B19847631CE8738C
S315080299C003EA0803F95C013303EA0803FA5C013384
S315080299D003EA080341EA0221FA5C013303EA0803AF
S315080299E0F85C41EA0241002341EA00616A7C30469A
S315080299F006F0BCFD062328600020AB717DE7002334
S31508029A00EB730F4B1B68B34212D10E4BDA69130A7A
S31508029A10120403D4DAB2323A53B205E063F0FF0213
S31508029A205BB213F1800FF6D1AB7300232B60E3E729
S31508029A306FF07F03F8E702205FE700BF004000B837
S31508029A40AC5C002000C000B82DE9F04180460D4606
S31508029A508F88FFF7D3FC98F827400646042C02D1D4
S31508029A606B7C012B12D9023C012C8CBF00240124E9
S31508029A70194B1B68434500D054B13146204606F0BF
S31508029A809FFD431C07D10220BDE8F0810124EFE7C0
S31508029A90D8F88401F5E7114B04EB4404D3F8A8205F
S31508029AA02B6802F01F02A3EBC203032204EBC704CE
S31508029AB004442B60AA71002EE5D0B4F5803FE2D8A3
S31508029AC04FF22441720901FB04223609B2FBF6F26F
S31508029AD09B1A00202B60D7E7AC5C0020003E00B042
S31508029AE070B506460C468D88FFF788FC96F827203F
S31508029AF0EB00042A0CBF627C023A012A98BF0333A0
S31508029B00C8B1B3F5803F16D84FF22441420901FB8A
S31508029B1003220009B2FBF0F2236800209B1A074AC7
S31508029B202360D2F8A82002F01F02A3EBC203236027
S31508029B300523A37170BD0220FCE700BF003E00B0FA
S31508029B4038B50546124B808A1B68AB4211D14FF0D5
S31508029B503A43DC6AC4F30C0484428CBF0020012019
S31508029B6041F2B8420821FEF7FBFCA88A001B80B224
S31508029B7038BDB5F86A31B5F86C41E41A95F825305E
S31508029B80A4B2DB075EBF00F1FF3303431C40E3E7E1
S31508029B90AC5C00202DE9F04104460F461646DFF874
S31508029BA0B48053B301F026FAD8F80030A58AA34246
S31508029BB003D13946204602F0A5FEB54228BF3546EE
S31508029BC0D8F80030ADB2A3421BD12A4639462048FE
S31508029BD003F05EF8B4F86C3194F825202B449BB256
S31508029BE0D207A4F86C3105D4A28A511E0A4313403F
S31508029BF0A4F86C312846BDE8F081FFF7A1FF0546B7
S31508029C00DBE7A68AB4F86C31B3FBF6F206FB12332D
S31508029C10F61A226AB6B2B54212FA83F814D994F839
S31508029C20250040F25742C043082100F00100FEF722
S31508029C3097FC32463946404616F013F8206AAA1BA4
S31508029C40B91916F00EF8C5E72A4639464046F8E726
S31508029C500C0000BAAC5C00202DE9F84311F00307AA
S31508029C6005468846164699463ED1B2F5805F3BD8E8
S31508029C709A4239D33F2A31D9B2FA82F40123C4F17E
S31508029C801F02D2B293409BB2B3422CBFC4F119044D
S31508029C90C4F11A04E2B20123911DC9B28B409BB2E8
S31508029CA0B34214BF0121002102D095F80131EBB964
S31508029CB095F8253061F3000385F825300C4B1B68AF
S31508029CC0AB420DD14946404602F0C2FFA5F86C9157
S31508029CD0C5F82080AE823846BDE8F8833A46DAE708
S31508029CE00023A5F86A31F1E72127F4E70E27F2E700
S31508029CF0AC5C0020044B054A1A60054B054A1A60FB
S31508029D00054B064A1A607047F85E00200D8B02085A
S31508029D10F45E00203D750408F05E002019CF0208A3
S31508029D202DE9F04111F0030405460F46164645D1C2
S31508029D30002A43D013883F2B40D9B3FA83F3C3F1E1
S31508029D401901C9B2062901D8192B1DD0062928BF1F
S31508029D50062101238A1DDFF87080D2B29340338030
S31508029D60D8F80030AB4202D138461DF055FD33888B
S31508029D7028466B82EF6103F07DF8114B1B682BB105
S31508029D8098472046BDE8F0812146E2E70D4BD8F810
S31508029D9000401A6822B9641B18BF01246400F0E760
S31508029DA093684BB19C4207D093F82410C90741BF68
S31508029DB0E169D961618A59821268EBE72124E0E7F1
S31508029DC0F85E0020107D0020AC5C002070B5148877
S31508029DD011F0030605464FEAC40423D13F2C21D9C4
S31508029DE0B4FA84F4C4F11903DBB2052B01D8192C91
S31508029DF016D0052B28BF052301200633DBB200FA4D
S31508029E0003F3C3F3CF001080AB87074BA9611B6826
S31508029E10288203B19847284603F02CF8304670BDCD
S31508029E203346E9E72126F9E7F85E0020082310B150
S31508029E30024A53647047024AFBE700BF001002B8A1
S31508029E40002002B82DE9F743DDF82880074689463F
S31508029E5016461D4621F0ADFA0446032004F058F8CA
S31508029E6038B1204621F0A0FA0E24204603B0BDE8F8
S31508029E70F0834C4B20465B6913F0060FF2D121F0B2
S31508029E8093FA0123324649463846FFF753FB0446FE
S31508029E900028EAD1002D73D0B8F1000F70D0DFF890
S31508029EA02091D9F8000000280ADA01213B20E5F7BB
S31508029EB0E7FE2046E6F712FF0028C9F80000D3DBC2
S31508029EC004224FF4345110F0BDFBE8220021D9F8E0
S31508029ED0000010F0BCFB4FF48072324B4146384604
S31508029EE09A65FEF7CBFE00284AD12F4B1B78012B29
S31508029EF046D020222D4B01205A642D4B5B6FB3F5B9
S31508029F00817F22BF80222B4B1A611DF0BAFC21F0F9
S31508029F1050FA294A07461368B3B129682C790B44C3
S31508029F201360019383B1042003F0EEFE0023224658
S31508029F30042001A903F006FF30B906F0DDFD21244D
S31508029F40384621F031FA90E704F03EF816F0800020
S31508029F5018D00022134B9A67687901A9431E584202
S31508029F605841FFF763FF2B68032001932A790823D8
S31508029F7003F0E8FE48B906F0BFFD384621F014FAA8
S31508029F80212472E706F030FCE6E70C4D2B68984769
S31508029F9021280446D4D1012100206B689847002461
S31508029FA0CEE700BF00C001B8BD660020001002B8A7
S31508029FB0003F00B0000002B8FC5E00201C7D0020B5
S31508029FC0247D0020054A12681AB190F82A1119B997
S31508029FD01047084604F0CABD01487047E85E0020EB
S31508029FE000FEFFFF394B2DE9F3471C6801F400799F
S31508029FF000F00103174653EA090206460D463FD00A
S3150802A0004FF000088BB30023002201200021CDF86F
S3150802A0100480CDF8008007F09FFB41462046FFF7F3
S3150802A020D1FF01224FF0FF3A41466086DFF8B08041
S3150802A03010461CF063FCD4F8A01094F8270004F02C
S3150802A040C1FED8F8000000F0A3FBC8F800A0DFF8AC
S3150802A0509480D8F8000000F0A9FB94F82430C8F8D8
S3150802A06000A043F0040384F82430B9F1000F07D0A6
S3150802A070012120461DF0A6FC25F4007506430D4372
S3150802A0802B4632462046FEF7C7FEFB070FD5104978
S3150802A090104A086800211368116001210E4A1170DE
S3150802A0A003B198470D4B002102205B68984717F0C9
S3150802A0B00E0F08D040F2CB123B21002002B0BDE8B9
S3150802A0C0F047FEF74DBA02B0BDE8F087AC5C002057
S3150802A0D0145F0020185F0020C26600201C7D002045
S3150802A0E02C7D0020287D002070B50E4610210446DE
S3150802A0F007F0C8FE102105463201204607F0A8FEE1
S3150802A100034B1B68A34201D107F024FF284670BD02
S3150802A110AC5C00200F4B10B51B68044683420BD17A
S3150802A120582200210C4815F07FFD1022FF210B480A
S3150802A13015F07AFD07F00EFF5822002104F5C870C3
S3150802A14015F072FD1022FF2104F5EA7015F06CFD78
S3150802A150002010BDAC5C0020F03E00B0343F00B0D9
S3150802A16070B50D460646FFF7D5FF3DB3AC78082C09
S3150802A1702AD8EB78082B27D844EA0314134BE4B2FF
S3150802A1801B68B3420ED1DCB16A68114BC3F8F020E2
S3150802A1902A7883F844216A7883F8474183F8452167
S3150802A1A007F0D8FE74B16B68C6F890312B7886F83A
S3150802A1B0E4316B7886F8E74186F8E531002070BD10
S3150802A1C02246E2E72346EFE72120F8E7AC5C0020C7
S3150802A1D0003E00B037B53249324C0A7824784FF03F
S3150802A1E0FF35224386240A70A0F820416F21822473
S3150802A1F00D22C0E94441C0F80C11642180F83C21C3
S3150802A200C0E946114FF6FF7240F2FF410286818588
S3150802A210C2844FF400410022A0F8481080F8282092
S3150802A2202149224A0164146800F154010165204952
S3150802A2308442C0F8B0504585416385632DD106F046
S3150802A24091FA2046FFF766FF01221A4B2046C3F809
S3150802A250382294F92810FEF7F3FE6023164A41F6CF
S3150802A260FF71D3644FF03A4211631167134A2946C4
S3150802A270D3644022124B20465A64D4F8A020FFF732
S3150802A28033F80E2300220193009340F2022310466C
S3150802A290194607F061FA03F049F9002003B030BD08
S3150802A2A0C46600202CFC04080700FFFFAC5C0020F3
S3150802A2B0FFFF4000005001B8004000B8005000B847
S3150802A2C0002002B80129F0B544D8002A42D0224B10
S3150802A2D08C001D68C90085420ABF204B90F8E731F9
S3150802A2E093F84731013A43FA04F404F00F04082CB0
S3150802A2F028BF0824854205BF0026184B90F8E67148
S3150802A30093F8467108BF83F84661002301F2D31613
S3150802A31001F1304180F8E631064401F578515FFAD9
S3150802A32083FCA44508D3854204BF0C4B83F84671C7
S3150802A33080F8E6710020F0BD854202BF92F801E07E
S3150802A34001EB030C8CF834E112F801CF013306F85D
S3150802A35001CFE4E72120EEE7AC5C0020003E00B026
S3150802A360012A30B51DD8032B1BD803EB8202012321
S3150802A3700D4C93402568DBB285420ABF0B4C90F818
S3150802A380E64194F8464149B12343854204BF074A48
S3150802A39082F8463180F8E631002030BD24EA03030C
S3150802A3A0F3E72120F9E700BFAC5C0020003E00B0CD
S3150802A3B02DE9FF411646184A4C0812689DF828707E
S3150802A3C0824205BF04F1304404F57854241894F8FF
S3150802A3D0474118BF94F8E74102938B001C4104F0E9
S3150802A3E00F04082C28BF082400230A460093019468
S3150802A3F033460546884607F057FD4FB140B93346FE
S3150802A40042460121284604B0BDE8F041FFF7A8BF3D
S3150802A41004B0BDE8F08100BFAC5C00202DE9F8432A
S3150802A42090F861310E6813F0010F14BF4FF023093B
S3150802A4304FF00009731C08BFD0F80C61D1F804E08C
S3150802A440B0F8402108BF0E60BEF1FF3F08BFD0F842
S3150802A45018E18B6808BFC1F804E05F1C48D1D0F840
S3150802A4601441CB688C605D1C4AD1D0F81051D1F8E2
S3150802A47010C04F69BCF1FF3F08BFD0F804C1D1F83C
S3150802A480188008BFC1F810C07B1C08BFD0F8087135
S3150802A490CD6008BF4F61B8F1FF3F08BFD0F81C81F5
S3150802A4A0B8F1000F34D1C9F164038B6116B16F2E6E
S3150802A4B038BF6F26C0F81C31194BC0F80C611B68EF
S3150802A4C0C0F810518342C0F81441C0F818E1C0F828
S3150802A4D004C1C0F8087108D112490723124AD1F8F3
S3150802A4E0FC1000F5827005F097FF0020BDE8F8839E
S3150802A4F002F16F04A4EB09049C4238BF1C46B0E77C
S3150802A50002F18605A5EB09059D4238BF1D46AEE751
S3150802A51002F16F03A3EB0903434538BF4346C4E779
S3150802A520AC5C0020004F00B0A43F00B038B5054C23
S3150802A530054B417800782568236005F0B1F800B12B
S3150802A540256038BD1C5F0020B40105080A4B10B50A
S3150802A5501B68044673B1094B48B10121084A1A60BF
S3150802A560022005F031FE0020064B1C7010BD014684
S3150802A5701860F5E70220F9E71C5F0020205F00203B
S3150802A580AC010508C366002008B5034693F86021A6
S3150802A590084661F3000283F86021044A12689A4267
S3150802A5A001D104F0DDFB002008BD00BFAC5C002031
S3150802A5B04FF40022034B586C03F500535A64C0F358
S3150802A5C0C0407047000002B838B5104B04469B6875
S3150802A5D0DA050FD41DF04EF9054604F0D7F803F054
S3150802A5E0FBFA03F071FB1DF045F9431B9C4208D99F
S3150802A5F02C44241A054B5B69DB0704D520461DF05B
S3150802A60040F9002038BD0220FCE700BF00C001B8AF
S3150802A610024B586900F00100704700BF00C001B83C
S3150802A62030B56FF040440E4D2040C5F850420D4CEF
S3150802A630D2B2C4F850024FF0FF30C5F85402C4F83B
S3150802A6405412FF21C5F86412C4F864220649074A5F
S3150802A6500020C2F8C810A2F58052C2F8C83030BD30
S3150802A660006001B8005001B80000FFFF00E000B822
S3150802A67090F92430002B0CDA4FF08053064A29B1A0
S3150802A6809360A2F58052D36000207047D36093602E
S3150802A690FAE70E20704700BF006001B838B50546D4
S3150802A6A00C463AB990F825309B0703D581F001008C
S3150802A6B0400038BD084B4FF080621C702846A3063E
S3150802A6C00649FEF789FA95F86131002064F300031A
S3150802A6D085F86131EDE700BFBC660020B18B020840
S3150802A6E0034A1268824201D01DF0FFB80868704713
S3150802A6F0AC5C00202DE9F04705460E461F46144677
S3150802A70022B1136813B15B68002B38D120F051FED1
S3150802A710D5F8F030D5F8ECA08146C5F8EC4013B16F
S3150802A7201A68032A27D828461849FFF7D9FFC0F31B
S3150802A730C20210F0380F00F0070818BF02FB08F82B
S3150802A74010F4E07FC0F3821201D002FB08F84846F3
S3150802A750C5F8ECA020F028FE87F80A80A389089895
S3150802A760F11A6368A26889B2034402FB013339818C
S3150802A7707B60BDE8F0879B6A4FEA5368E7E71A6889
S3150802A780032AC3D99B6A4FEA5368E5E73C8001B8B6
S3150802A790431C07D06FF0FF02034B10405A62A3F521
S3150802A7A080535862704700BF00E000B8431C06D0C9
S3150802A7B06FF07E42024BDA63A3F58053D863704783
S3150802A7C000E000B8044B1B68834206BF034B986E31
S3150802A7D0D0F8A400704700BFAC5C0020003F00B070
S3150802A7E0054BC0F8A4101B68834208BF034B4FF001
S3150802A7F0000008BF99667047AC5C0020003F00B0B5
S3150802A80003282DE9F3470F46904666D8344B1D5C5C
S3150802A810344B13F80090344B13F800A007F08EF966
S3150802A820064640B10023002201930093012000232B
S3150802A830002106F091FF07F089F948B100230022AA
S3150802A84001930093002000234FF4004106F084FF91
S3150802A850002D3CD0254BDC6C04F00804244BDC6448
S3150802A86005EB090323335344D8B203F091F9494659
S3150802A870284607F0AFF952464946284607F016FA1F
S3150802A8801C4BDC649EB14FF0FF341B4B1B68D3F89C
S3150802A890A01093F8270004F095FA18490868FFF7FC
S3150802A8A077FF0C6016490868FFF780FF0C60B8F15D
S3150802A8B0000F04D0134B002103205B68984700F071
S3150802A8C029FF012805D1002002B0BDE8F0872C46F1
S3150802A8D0C4E7002FF3D10520F6E72120F4E700BFED
S3150802A8E0680205086402050860020508004000B807
S3150802A8F0006000B8005000B8AC5C00202C7D002037
S3150802A900287D00201C7D0020024608B508461CF05A
S3150802A910F0FD054B93F90030C3F11C031B1A92F99B
S3150802A9202800181A08BD00BFBE660020034A136A2B
S3150802A93060F3D22313620020704700BF00C000B83C
S3150802A94070B50C460C490646FFF7CAFE10F4001508
S3150802A9500FD130460949FFF7C3FEC30709D430466B
S3150802A9600749FFF7BDFE00F47060003818BF0120E2
S3150802A97070BD44EA5550FBE7504001B8404101B862
S3150802A980804001B8F8B514460D4601F00B0323EAD8
S3150802A9900201484A2340D164A2F58052D3646B0768
S3150802A9A0064610D50121FFF7CBFF60B107F0FAF88A
S3150802A9B04FF4007314F0040F14BF3F4A3F4A13655D
S3150802A9C004223F4B5A64EF0606D514F0100F14BF43
S3150802A9D000221B223B4B5A65280618D5210611D59B
S3150802A9E04FF40012344BDA6420F0E3FC0E210746DA
S3150802A9F0032004F09BF840F20122324B3846DA6211
S3150802AA0020F0D2FC214696F8270004F0DBF9EA0585
S3150802AA1003D5E30537D504F091F9AF0503D5A005AB
S3150802AA2034D504F097F915F48C6F18D014F48062B3
S3150802AA3031D096F8253099070CD5328EB6F83631CC
S3150802AA40934226D0B6F838319A1A534253411E4ACF
S3150802AA5082F8D8303046D6F8F010FEF737FC2805CB
S3150802AA600FD507F09FF8194A2105D2F8EC3E4CBFDC
S3150802AA7043F0006323F00063C2F8EC3E0422104B55
S3150802AA805A640020F8BD04F053F9C6E704F05CF9ED
S3150802AA90C9E70123DBE76B05DCD596F825309F0766
S3150802AAA0D8D5094B114683F8D820094B30461B687E
S3150802AAB09847CFE7006000B8005001B8006001B8B7
S3150802AAC0002002B8004000B8003E00B0003000B0D6
S3150802AAD02C5F002070B5054690F83C010C460D28FF
S3150802AAE028D0FF2901D1212070BD1AB14FF0FF32BB
S3150802AAF0114B1A601CF0ABFE064695F83C0102F0B3
S3150802AB006BFD844228BF0446E4B2B44238BF3446D9
S3150802AB100A4BE0B21B6885F82B00AB4201D0002035
S3150802AB20E2E702F099FE064B1B78002BF7D1FF28C5
S3150802AB30F5D1D8E70220D7E7347D0020AC5C0020A7
S3150802AB402CFC04080429F8B505460C460AD1002649
S3150802AB50F7B2384602F0D0FC08B13C4602E00136AC
S3150802AB60042EF5D1204602F0C7FC88B195F83C318F
S3150802AB70A34201D10020F8BD064B85F83C411B686B
S3150802AB809D42F7D105F59E70BDE8F84002F054BC27
S3150802AB902120F0E7AC5C00207FB5204B04461B78E9
S3150802ABA00E46154643B3D0F8EC3000229BB34FF05D
S3150802ABB0FF36029602AEB3F9123000960392EBF70D
S3150802ABC0BFF9B8B902994B1C14D02046C1F381319A
S3150802ABD0FFF7B8FF70B9BDF90C3002990246009327
S3150802ABE0C1F30D0103462046FDF7C0FB2946204660
S3150802ABF01CF037FE04B070BD02A91CF025F83246D7
S3150802AC009DF80810204611F0E5FD2A460146204621
S3150802AC10FFF760FFEEE71846ECE700BF2CFC0408D6
S3150802AC20F8B50D4690F83C1104460D29174603D18E
S3150802AC302E4B1B78002B51D02A462046A4F84850A2
S3150802AC4011F0C8FDD4F8EC3084F82A00002B41D064
S3150802AC50274A1678D4F8FC204EB1002A40D1B4F916
S3150802AC604800B3F91210884206DC002607E0BABB90
S3150802AC7094F84521824202D20126B3F912500022E3
S3150802AC802946204684F82D70FFF786FF08BB76B161
S3150802AC90C4F8EC0020461BF010FF4FF6FF739842EB
S3150802ACA0014615D02046BDE8F840FDF76DBA114BAE
S3150802ACB01B7813F0FD0F0BD1204602F09BFC0E49C0
S3150802ACC001230E4AD1F8FC1004F5827005F0A4FBA4
S3150802ACD00020F8BDFF2384F82B30F9E70220F8E7B5
S3150802ACE0B4F94410B3F912209142BDE72CFC0408CA
S3150802ACF0C4660020487D0020004F00B0A43F00B083
S3150802AD002DE9F04304468FB001F064FED4F8A8306A
S3150802AD100546012B03D0774B1B689C4203D0284675
S3150802AD200FB0BDE8F0830028F9D1734920461CF01C
S3150802AD30DCFDD4F8EC600146258EC4F8F000002E3E
S3150802AD4066D03368002B63D05B68002B60D01A6824
S3150802AD50032A5DD99F6A7F0EB3898DF80E70B06893
S3150802AD607268EB1A9BB200FB03226448ADF80C30FA
S3150802AD70036802928B4202D02046FEF7A7FA604D7C
S3150802AD80604E00F0C7FC0128FBD12B6CDB07F8D418
S3150802AD90736CDF01F5D4D4F8F01020460D919DF8B6
S3150802ADA00E20029908AB04F0D5FF00285BD100F00B
S3150802ADB0B1FC0128FBD1534A5149536CD801FCD442
S3150802ADC00B6CDB07F9D408A901A805F08FF905462B
S3150802ADD0002848D1228E4C4B5A6494F8243060F3EA
S3150802ADE0410384F8243001F0E5FE0246D4F8EC105B
S3150802ADF04B691E685868531EDBB2FD2B04960590F4
S3150802AE0033D8012A4DD0204604A901F025FE86E74B
S3150802AE1020F0CFFAD4F8F030D4F8EC808146C4F8A2
S3150802AE20EC6013B11A68032A1AD820463749FFF785
S3150802AE3057FCC0F3C20210F0380F00F0070718BF1C
S3150802AE40574310F4E07FC0F3821201D002FB07F7E2
S3150802AE504846C4F8EC8020F0A7FAD4F8F0107BE74D
S3150802AE609F6A7F0EF4E7022559E7F71C03D8FF2AE3
S3150802AE702AD00022C7E7FF2A30D001367FF44FAF27
S3150802AE80D4F8EC10224B4A689A4210D8D4F85C31AE
S3150802AE909B0513D494F8243043F0020384F8243033
S3150802AEA03DE7C61CAFD901307FF439AFEAE7204641
S3150802AEB001F032FE00283FF432AFE7E720464FF4AE
S3150802AEC080311CF07FFD2AE7C71C9CD90130D0D1FE
S3150802AED02A46204604A901F0BFFDD1E7C31C05D8BE
S3150802AEE00122204604A901F0B7FDC6E70130C4D104
S3150802AEF0C8E700BFAC5C0020FC4F00B0EC5E002047
S3150802AF0000C002B8000002B8008001B83C8001B84F
S3150802AF1000CA9A3B38B590F84831044613B31F2243
S3150802AF20114D013B2A651340104A1365D0F84C218E
S3150802AF300F4B9A67D0F85021DA67D3F84031DB070E
S3150802AF4010D51CF083FA4FF0FF3318B1C0F1200078
S3150802AF508340DB43C5F84431D4F8AC201340034A96
S3150802AF60C2F8443138BD00BF006001B8005001B8CC
S3150802AF70004001B80B7810B50C4683B9FEF774F990
S3150802AF80637883B94FF03A4341F6FF721A67602233
S3150802AF90084BDA6403F5E83340225A6410BD1846B2
S3150802AFA0FEF7B4F8ECE76022034BDA6403F5D8330C
S3150802AFB0F2E700BF005000B8006000B810B50423DD
S3150802AFC04FF03A4101240A4AD1F81801C2F8183159
S3150802AFD0C2F814314C634FF400511163410742BF62
S3150802AFE0C2F81431A2F58052C2F8183110BD00BF5A
S3150802AFF0002000BA38B5074B04461B680025834271
S3150802B00004D1FFF7DBFFA4F86C5138BDA0F86A51EA
S3150802B010F9E700BFAC5C0020104B70B51B68834291
S3150802B02018D14FF03A434FF480640D4DD3F81861A6
S3150802B0300020C5F81841C5F8144106F00FFE4FF472
S3150802B04000532B67730504D5064BC5F81441C3F89C
S3150802B050184170BDBDE8704001F00CBFAC5C002021
S3150802B060002000BA001000BA10B5044904461CF0C4
S3150802B0703CFCC4F8F000002010BD00BFFC4F00B035
S3150802B0802DE9F04104460D4619B990F824305906BF
S3150802B09064D44C4B4C4A5B6AA18EC3F303231370E8
S3150802B0A04FF6FF739942D4F8F06004D0474B1B68F9
S3150802B0B00BB120469847464F3B68B34275D0454B7D
S3150802B0C01B6833B1002E78D0316801B1B1682046C9
S3150802B0D098474FF00708204602F08CFA002D59D0FF
S3150802B0E03D4B93F90030C3F11C0316B196F926209D
S3150802B0F09B1A00210625334894F92860026A9B1B8D
S3150802B10063F3D222D4F8F03002623B60334B08462E
S3150802B1109D6705F055FAC4F8840102F049FC00223D
S3150802B12001202F4B2F49087083F8802020461CF0F7
S3150802B130F5FA94F860312C4A23F0300384F860312A
S3150802B140536C5A0203D4D4F8A0301B0603D54FF425
S3150802B1500012264BDA640020BDE8F0814FF6FF7C28
S3150802B16065F38613174A80F82430536A184F16492E
S3150802B170C3F30323D0F8F0600B703B68A0F834C021
S3150802B180B34215D0134B1B68002B9BD102F032FA3F
S3150802B1904FF00708164A4346D2F8FC1004F58270A7
S3150802B1A0A2F65C7205F038F99AE74FF0010892E7C1
S3150802B1B002F020FA4FF00108ECE73146204698479C
S3150802B1C087E700BF00C000B8C16600200C5F0020F8
S3150802B1D0EC5E0020005F0020BE660020006000B81A
S3150802B1E0003F00B0C0660020000002B8005001B857
S3150802B1F0004F00B02E4970B5CB680446C3F303630B
S3150802B200092BD0F8782141D18B6C590740D4294BA8
S3150802B210D3F8EC3E9A423BD14FF4F162264BDA64FC
S3150802B220264B1B681BB101220021204698470121A3
S3150802B230084606F0CFFC4FF03A4300219A691B6B89
S3150802B240A4F86A2194F86021C3F3403363F34102F8
S3150802B25084F86021084605F0B3F94FF0FF3518491E
S3150802B260C4F884010868FFF793FA0D60154908685F
S3150802B270FFF79CFA144B0D601B6873B194F82420EF
S3150802B28012070AD52046BDE8704018470C2BBED1D6
S3150802B2900E4B1340C4F87831BEE701221146104618
S3150802B2A006F004FD0023A4F86E31C4F8703170BDAF
S3150802B2B0000002B8003000B0006000B82C5F002021
S3150802B2C02C7D0020287D0020F45E0020DF0000FF90
S3150802B2D0F0B50446002694F8241083B041F0200104
S3150802B2E084F824101F4BD4F878111F4DC3F8EC1EAE
S3150802B2F0D4F888115822C5F8C410D4F8801105F17B
S3150802B300F000C3F8DC1ED4F87C11C3F8BC1E04F5A1
S3150802B310C87114F0A6FCD4F8A420144B05F1C80C85
S3150802B3209A6694F8622104F5F4755A66D4E9567356
S3150802B33023F402440FCDACE80F0024F00204296876
S3150802B34044F40073CCF800104FF0FF304FF0FF3191
S3150802B35027F0010243F002030196009606F0FCF973
S3150802B36003B0F0BD003000B0003E00B0003F00B0B0
S3150802B37010B50446D0F824210B4B4FF40061C3F8EC
S3150802B380C02090F82420D20102F4006206F060FD83
S3150802B39094F8243013F0100F4FF4007314BF034AC5
S3150802B3A0034A536410BD00BF003E00B0001002B845
S3150802B3B0002002B82DE9F843044600F59E7002F013
S3150802B3C03BF80122218E204694F86061FCF7C8FDFD
S3150802B3D006F0C0FDA3490723A34AD1F8FC1004F5D9
S3150802B3E0827005F019F8D4F8F0102046FFF78CFAA7
S3150802B3F040B2FFF79BFA94F9650103F0BDFC2046BB
S3150802B40004F580711CF0D1F8204604F58171FFF726
S3150802B410B1FD94F8631194F8642120461CF01FFAD2
S3150802B420B4F87431914AC3F30E03936494F8600135
S3150802B430C6F3001700F0010003F092FC94F8270007
S3150802B440C6F34016FF3818BF012002F0ADFB2046AE
S3150802B450FFF78EFF94F86001C0F3C000FEF740F8CC
S3150802B4602046FFF757FDD4F88C310BB12046984792
S3150802B470216A4FF6FF72238F002900F0E480934277
S3150802B4801FBF94F8605103F1FF332D0305F40055ED
S3150802B49018BF1D434FF03A43B4F86C91B4F86A8169
S3150802B4A0A08AC3F814900CBF41F6FF75ADB2C3F873
S3150802B4B01880002840F0A680D8604FF03A430C2145
S3150802B4C0226AC1451A616A4A1D63C2F8141101D07B
S3150802B4D002225A63674B1B680BB1204698474FF600
S3150802B4E0FF72638F93424FF03A420FBF41F6FF73E2
S3150802B4F0116F6FF30C010B4313674FF03A430122A6
S3150802B500C3F8F420E38E4FF03A42B3FA83F3C3F159
S3150802B5101903DBB2C2F8CC30236DC2F8D030B4F8C6
S3150802B5206831C2F8D430002B00F0998006232046F1
S3150802B530C2F8F4301CF072F808B394F825309B0769
S3150802B54011D4D4F8303173B14B4B20461B6804F53D
S3150802B55098719847B0FA80F094F82530400960F35C
S3150802B560410384F8253094F82530444A13F002033F
S3150802B5701CBF94F8A130C3F3800382F8D8300022A6
S3150802B5803F4B204683F88020012294F8611111402E
S3150802B590FFF784F84FF0FF312046D4F8A020FFF7D2
S3150802B5A0F1F994F82730FF2B13D120461CF036F810
S3150802B5B078B937B1334B1B681BB12046D4F8FC1156
S3150802B5C0984736B1304B1B681BB12046B4F80812AF
S3150802B5D09847F0232D4AC2F8883094F8623143F42A
S3150802B5E08073C2F888302A4B196891F8793291F833
S3150802B5F02212C3F3430343EA0113DBB2C2F88830CB
S3150802B600BDE8F8833F281CD9B0FA80F30122C3F1BA
S3150802B6101903DBB203F1060C02FA0CF292B290425B
S3150802B62000D901334FF03A42D360B8F1000F7FF4E4
S3150802B63044AFB9F1000F3FF440AF204601F062F97A
S3150802B6403BE70023EEE793424FF03A420FBF41F63B
S3150802B650FF73116B6FF30C010B4313633AE7042371
S3150802B66065E700BF004F00B0A43F00B0008001B8F4
S3150802B670002000BAF05E0020245F0020003E00B0E1
S3150802B680003F00B0085F0020045F0020004000B8B9
S3150802B690AC5C002038B51FF08CFE4FF6FF710A4AE3
S3150802B6A013888B4203D11FF07FFE0E2038BD074C4C
S3150802B6B0074D1B046567A4F58054636711801FF064
S3150802B6C073FE0020F2E700BF467D0020006001B845
S3150802B6D00000FFFF08B50C4BD3F84C21531C11D0C0
S3150802B6E012F080420ED1094B1B681BB1114603208A
S3150802B6F0FFF786F84FF08062054B1A6501225A61F8
S3150802B70002229A6208BD00BF0080E00FAC5C0020EE
S3150802B710001002B80F4BDB68C3F30363013B0B2B24
S3150802B7200FD8DFE803F006060C06060606080A081E
S3150802B7300808022070470420704705207047032036
S3150802B7407047054B5B6913F0060F14BF04200120EE
S3150802B750704700BF000002B800C001B8094AD368A2
S3150802B760C3F303630B2B08D06FF49050184100F013
S3150802B770010080F0010040007047506C10F48030E0
S3150802B780EDD17047000002B80C4AD368C3F30363CD
S3150802B790062B07D8042BD8B20BD8C31E58425841D9
S3150802B7A040007047072B06D1D2F868010028ECD171
S3150802B7B07047022070470020704700BF000002B899
S3150802B7C0084BDA68C2F30362931E012B8CBF00236F
S3150802B7D00123037040F62203D34003F001030B70E2
S3150802B7E0704700BF000002B8084BDA6802F0306200
S3150802B7F0B2F1407F08D19A6CD20605D4D86CC0F350
S3150802B800C00080F00100704700207047000002B8AF
S3150802B8102DE9F84F4FF00108264F08FA01F8BB69DF
S3150802B820064613EA080F0C4632D01CF023F84FF0EE
S3150802B8303009824609FB0679DFF894B0D9F86450D4
S3150802B84005F00305012D25D11034BB6905FA04F468
S3150802B85044EA080423EA0403BB613046E5F7B0F973
S3150802B860154BB5405D631549154B8A6D5B6F22F41E
S3150802B870706203F4706313434FF4E0228B65114B35
S3150802B880C3F86821104B1B681340104AC2F8683186
S3150802B890BDE8F88F1BF0EEFFA0EB0A00584540F210
S3150802B8A0F7624FF051018CBF00200120FCF758FEC9
S3150802B8B0C4E700BF0000045000200450004001B84D
S3150802B8C0003F00B0002002B8305F0020001002B826
S3150802B8D03F420F002DE9F04F0446ADF5157D0D46A2
S3150802B8E020200121E4F7CCF902F0A6FE4FF41472E7
S3150802B8F081460021684614F097F9E52603464FF07B
S3150802B9000108132202215E634FF43276A74F08FA22
S3150802B91005F5EDB2C3E90A7205724572C26045764B
S3150802B920C26180F8201080F8008080F81080A7F5A0
S3150802B93001479F48303FC3E91A72586208379D4843
S3150802B940C3E91E72183FDFF888E2DFF888C2C3E946
S3150802B950227258645E659848984EA7F57C57183F38
S3150802B960C3E90EE2C3E912C2C3E9166283F83010CC
S3150802B97083F8401083F8501018661867C3F88000D9
S3150802B980C3F89000C3E926722037C3E92A728C4F9E
S3150802B9904FF0300AC3F8B47007F56057C3F8C4709D
S3150802B9A0A5270AFB09F9C3F8D470864FDFF828B22F
S3150802B9B0C3F8E4700B27CB444FF0C80A4FF00309CB
S3150802B9C0C3F8F470804FC3E92E62C3E93262C3E951
S3150802B9D036E2C3E93AC2C3E93EB2C3E94662C3F8EC
S3150802B9E0A00083F8B01083F8C01083F8D01083F84B
S3150802B9F0E01083F8F010C3F80001C3F8087183F861
S3150802BA000C9183F81011C3F814A183F8201183F856
S3150802BA10385183F83951664D07F5E037C3F8445172
S3150802BA20E525C3F85451634D07F5A677C3F8645163
S3150802BA304FF43275C3E94A72C3E95272A7F5014750
S3150802BA40303FC3E962720837C3E96672183FC3E931
S3150802BA506A72DFF88891A7F57C57183FC3E956E260
S3150802BA60C3E95AC2C3E95E62C3F83C2183F84011AE
S3150802BA7083F8501183F8601183F87011C3F8745172
S3150802BA80C3F88001C3F89001C3F8A001C3F8249152
S3150802BA9083F83081C3F8B001C3E96E722037C3E96F
S3150802BAA07272474FC3F8C001C3F8D47107F56057DD
S3150802BAB0C3F8E471A527C3F8F471424FC3F820020C
S3150802BAC0C3F804720B270320C3F814723E4FC3E966
S3150802BAD07662C3F8287207F5E037C3E97A62C3E9E2
S3150802BAE07EE2C3E982C2C3E986B2C3E98E6283F8FB
S3150802BAF0D01183F8E01183F8F01183F8001283F865
S3150802BB00101283F82C0283F830129422C3F834A256
S3150802BB1007F5A67783F8401204F1300083F84C1231
S3150802BB201946C3F84492C3F8487202F067FCD4F87F
S3150802BB307C2204F140039B0863F39F0225462346B1
S3150802BB40C4F87C2204F11402C3F8945005F11801D2
S3150802BB5004359542C3F8B41103F11003F4D1202039
S3150802BB60E4F7A4F80B235843184B00F1927000F53A
S3150802BB707840B0FBF3F094F83231C4F8240143F06C
S3150802BB80400384F8323194F85232C4F8345143F0FF
S3150802BB90400384F8523204F12C03C4F84402C4F870
S3150802BBA054320DF5157DBDE8F08F00BF740102B859
S3150802BBB068F19F010300004008002008548001B87C
S3150802BBC0C80A040003000080284000B800F04902B1
S3150802BBD02C8001B8108001B86000045048F19F011A
S3150802BBE02DE9F84F04460E4617461BF017FD0028A6
S3150802BBF074D094F82530990770D5394BD3F800B02C
S3150802BC00A3456BD102F018FD9BF9269005463EB96D
S3150802BC104946FFF7FDFD002F4ED10020BDE8F88FFB
S3150802BC200124DFF8CCA004FA09F6DAF81830334210
S3150802BC30F1D14FF470622B4B04FA00F89A654FF46F
S3150802BC402062A3F580539A654FF42451224648464A
S3150802BC500EF0F8FC302303FB05A54FF4803340F6BB
S3150802BC60A202EB65DBF83031303323F003032B678E
S3150802BC701D4BCAF82880C3F834801C4BDB68C3F313
S3150802BC80036304FA03F1114211D1022B26D1184B90
S3150802BC9009F110095C60DA6904FA09F42243DA61E7
S3150802BCA09A69164326439E61C3F84880B3E70F4B49
S3150802BCB0DB68C3F30363E4E70E4B1A6C5B6892070F
S3150802BCC0ABD5043BDBB2012BA7D802220A4B1A6476
S3150802BCD04FF48002094BC3F884219EE702209DE7B0
S3150802BCE0AC5C0020006001B800200450000002B8D5
S3150802BCF00000045000C0095000E0095000E100E0CD
S3150802BD0038B504461BF08AFC00B394F825309B0725
S3150802BD101CD5002502F090FC94F92610FFF778FD51
S3150802BD2094F82530C4F8305123F0020384F82530FC
S3150802BD30074B2A4683F8D850064B29461D60064B00
S3150802BD4020461D60FEF7AAFC044B1D60002038BD84
S3150802BD50003E00B02C5F0020285F0020245F0020F0
S3150802BD602DE9F04F794B7A4A8FB004460D461A6090
S3150802BD701BF054FC28B94FF0020B58460FB0BDE829
S3150802BD80F08F75B194F825309B0706D50C22294603
S3150802BD9004F5987013F01FFF30B1EA882B899A428E
S3150802BDA005D12046FFF7ACFF4FF0000BE5E7694BDC
S3150802BDB01B68A34209D1FFF7ADFC01288046DAD1F8
S3150802BDC02F687FB94FF00E0BD7E794F8253023F08A
S3150802BDD0020384F8253004F5987495E8070084E888
S3150802BDE00700E1E717F00307ECD1AB88B3F5207F2C
S3150802BDF0E8D302F021FCFF28E4D094F92660002E4D
S3150802BE000CDA41463B20E3F73BFF3846E4F766FF88
S3150802BE1046B2002EC0F2978084F82660002294F873
S3150802BE202530114623F0020384F825302046FEF712
S3150802BE3035FC4FF40022484B5A64484B484A1A606C
S3150802BE40484B494A1A6002F0F7FB3146FFF7E0FC15
S3150802BE50464B1B68A3B1A84658F8049B05F108038C
S3150802BE604F46B4F830A00393204638F8021FFCF771
S3150802BE7017F8834670B151462046FCF711F87CE75D
S3150802BE803B4B0E22204619681BF0A5FB8346002869
S3150802BE90E1D072E70090D4F8EC202046218E05AB5B
S3150802BEA0FEF728FCD4F8F03020460D939DF81E20A4
S3150802BEB0069908AB03F04EFF83460028DBD12D49CD
S3150802BEC00A9BD1F81C2118376FF31B321A43D1F893
S3150802BED03C3109996FF313030B43218E47F8181C5B
S3150802BEE0089947F8083CBDF81C3047F8101C47F873
S3150802BEF0043C039B47F80C2C9845B5D1514620467D
S3150802BF00FBF7CEFF834600287FF437AF3146484613
S3150802BF10FFF7E0FC5A4601212046FEF7BFFB164A08
S3150802BF2004F59876C2F8D490C4F8F49182F8D9B098
S3150802BF3095E8070086E8070094F8252042F00202F1
S3150802BF4084F8252019E74FF0210B16E7245F002015
S3150802BF5061BD0208AC5C0020001002B82C5F00200C
S3150802BF60E1BB0208285F002001BD0208345F0020F9
S3150802BF700CFC0408004001B8003E00B0024B1B68E6
S3150802BF8003B11847704700BF385F0020024B1B6891
S3150802BF9003B11847704700BF345F002010B5FF226F
S3150802BFA04FF6FF7104461BF03CFB68B9FF224FF6B9
S3150802BFB0FF7120461BF046FB30B92046BDE810400B
S3150802BFC0FF2202491BF051BB10BD00BF74020508CF
S3150802BFD010B55B0743EA02439DF8082043EAC163AA
S3150802BFE0520502F0BC621A43064942F4C872044674
S3150802BFF005F02EFF002220461146FDF747FC0020D9
S3150802C00010BD00BF9007E12D37B50C4605460B4B10
S3150802C0101A680B4B19680B4B186802F0DFFA94F88A
S3150802C02028302846009394F82B3094F8292094F85F
S3150802C0302A10FFF7CDFF002003B030BDCC5F0020E9
S3150802C040C85F0020D05F002008B5FFF7CDFB88B196
S3150802C050094BDA6912030DD5586C10F4003009D170
S3150802C060DB6C13F0100F4FF010030CBF034A044A9F
S3150802C070D36408BD0220FCE7000002B8001002B82B
S3150802C080002002B8034610B500B3124AD169090363
S3150802C0901ED5946CC4F38114032C15D0022C17D127
S3150802C0A022460D49B1F8C80001F10061801A01F56E
S3150802C0B036710144184613F0D4FD064A0472D26C4E
S3150802C0C0120A4272002010BD0822EAE72120FAE786
S3150802C0D00220F8E7000002B8003E00B038B505466F
S3150802C0E0FFF782FB98B10B4B5C6C14F400340ED14B
S3150802C0F00220094B094A1B681B6DD0642246AB42D3
S3150802C10014BF2846002000F089FE204638BD0224C6
S3150802C110FBE700BF000002B8AC5C0020001002B8C2
S3150802C12038B5124B05461B680C4683420CD14B1E8A
S3150802C130012B14D8022915D101220D4800210A43E0
S3150802C1400C4B0D49FEF76CFA003C18BF012495F812
S3150802C1502430002064F3C71385F8243038BD002242
S3150802C1600648EBE7002202210148E8E7AC5C00201A
S3150802C17091D106190000E2EC9E0C4B5490D1061997
S3150802C18004292DE9F04104460F4632D81A4B1B689A
S3150802C19083421AD14E1EF6B2032E8BBF0025174BC9
S3150802C1A0A84613F806809CBF154B9D5D1BF036FA10
S3150802C1B080B94FF000084FF46032124B6D045A6290
S3150802C1C045EAC835A3F580535D62002084F82E70CF
S3150802C1D0BDE8F0812046FEF7F5FA80B28428E8D851
S3150802C1E0022EE8D894F824102046C909FFF798FFCA
S3150802C1F0E1E72120ECE700BFAC5C002070020508ED
S3150802C2006C02050800E000B811F0010311D09AB9D2
S3150802C210552391FAA1F193FAA3F34A081B0F490091
S3150802C22042EAC37201F00203C0F8AC2080F8293052
S3150802C230704722B9AA23ECE70023024AF4E7014A27
S3150802C240F2E700BFB756351213B501910F21164B07
S3150802C2505967019911F0010F144922D00ABB01242A
S3150802C2604C674FF0FF31C3F84411D0F8AC400F4980
S3150802C270C1F844414FF07044C3F8484190F8293058
S3150802C2801B07C1F8483152B10422006D0DEB0201B9
S3150802C29013F0E7FC4FF03A430222C3F8F42002B047
S3150802C2A010BD0224DCE700BF006001B8005001B8E7
S3150802C2B0F7B50446184F90F82710FEF791FA3B682F
S3150802C2C0A3420BD1012001F06FFC4FF4F062134B2D
S3150802C2D0DA644FF40072A3F58053DA64002594F801
S3150802C2E027600195023EF6B2012E9BBF04250C4B30
S3150802C2F028469B6F9CBF0DEB050001933B68A34242
S3150802C30004D11DB10122042100F088FD012E98BF37
S3150802C310A4F8685103B0F0BDAC5C0020006000B818
S3150802C320004001B838B5184B05461C6844B1E368A5
S3150802C33033B1206802F024FBA368186802F020FBD8
S3150802C340124B134A1B6813602BB1DA681AB19B6841
S3150802C350186802F015FB0F4B1B682BB1DA681AB185
S3150802C3609B68186802F00CFB0B4B1B682BB1DA684A
S3150802C3701AB19B68186802F003FB21462846BDE8F5
S3150802C380384000221BF0D4B928FC040824FC04080F
S3150802C3903C5F00201CFC040818FC0408F8B5D0F819
S3150802C3A04C3104468B420D461646154F03D190F87A
S3150802C3B04831202B11D0324629462046FFF724FF62
S3150802C3C0202384F848310023C4F850313B68C4F866
S3150802C3D04C51A34213D1FEF79DFD3B68A3420ED1F1
S3150802C3E04FF00077074B32465F6429462046FFF72F
S3150802C3F02BFF8022044B1A6103F500535F64F8BDD4
S3150802C400AC5C0020001002B8000002B8072330B561
S3150802C410144CE363144BB9B14425144940F0400067
S3150802C4204D6388630121D9634FF4804112B9C4F878
S3150802C430081101E0C3F808110A4BC3F80C11C3F836
S3150802C4401011C3F8141130BD4FF480424FF48041E5
S3150802C450C3F80811C3F80C21C3F81021C3F8142134
S3150802C460F1E700BF006000B8005000B8004000B80D
S3150802C4702DE9F84F0E46054617469A4604F08AFBFA
S3150802C480032E7FD8DFE806F0025B61673E4BDFF8D2
S3150802C4902081D3F8009095F827B085F82760B9F17E
S3150802C4A0000F6FD0D5F8E8304B4507D0484600F064
S3150802C4B08BFF0023C5F8E890C5F8EC3039462846C4
S3150802C4C0FBF7EEFC044604F07BFBB34507D0D5F830
S3150802C4D0EC3028461A68D9F804101BF070F8AAF14D
S3150802C4E06F0001F013FFB0F57F4F3FBF274B9B6BE1
S3150802C4F00133C018264BA0F57F40C3F8C800404652
S3150802C50003F014FF224BC3F8CC00ACB939462846CF
S3150802C510FBF788FE044678B901224FF002081D4B44
S3150802C52039465A642846C3F80880FCF7C5FD04460E
S3150802C53098B1194BC3F808802046BDE8F88F174B07
S3150802C540DFF87080D3F80090A5E7154BD3F8009072
S3150802C550DFF864809FE7134BF8E731462846FEF773
S3150802C5603FF928460A99FCF79FFA04460028E3D1C0
S3150802C5700D4907230D4AD1F8FC1005F5827003F020
S3150802C5804BFFD9E72124D7E728FC040800C001B8E5
S3150802C590003E00B0001002B8002002B83C5F00203E
S3150802C5A01CFC040818FC0408004F00B0A43F00B0A5
S3150802C5B0D0FB010050BD0100501C0700034BD3F805
S3150802C5C0F80780F00070C0F340607047000002B8B8
S3150802C5D038B51B4B05461B680C4683420ED1042907
S3150802C5E02BD8DFE801F026180323200000230222B5
S3150802C5F0144915481A43154BFEF712F885F8664191
S3150802C600003C18BF0124002095F8243064F3C713B0
S3150802C61085F8243038BD002302221A430C490D48F6
S3150802C62042F02802E7E701230022E1E7012300227C
S3150802C630F3E7002211461046DDE72120EAE700BFAC
S3150802C640AC5C00201E2F4E309231061E0000E2EC32
S3150802C650DF0D4B286B29851B4FF4F06238B5194B51
S3150802C6600446DA644FF40072A3F58053DA64D0F80C
S3150802C670FC0102F093FB94F82750134B023D012D5F
S3150802C6808CBF00250125996F2A462046FFF7DCFD57
S3150802C69094F806122A46B4F8040281F00101FFF75B
S3150802C6A0B5FE94F860315B0604D5204604F503719D
S3150802C6B000F0C2F8204694F86611BDE83840FFF744
S3150802C6C087BF00BF006000B8004001B800200146DD
S3150802C6D030B50B4B0B4CD3F8843ED4F8805001335B
S3150802C6E0AB4228BFE36F1A7802F03F028A4006314E
S3150802C6F01E2940EA0200F2D1014AC2F8843E30BD40
S3150802C700003000B0003E00B03E4B2DE9F0411A68F9
S3150802C7103D4BA6B019683D4BDFF81881186801F041
S3150802C7205DFF3B4A3B4B12683B4E1A604FF47A72E6
S3150802C7303A4B3B4D1B683B4CB3FBF2F39B03B3FBF3
S3150802C740F2F34FF4E062C8F8A430374B19AF1A6215
S3150802C7504FF40072A3F580531A624FF06053F364E4
S3150802C7604FF00053EB640FCC0FC70FCC0FC70FCC9B
S3150802C7700FC754F8043B3B600EAF0FCC0FC70FCC64
S3150802C7800FC794E80700002404AB87E80700214690
S3150802C7901022184601940294039413F045FACDE93F
S3150802C7A00C44D8F8903019AA08921A930EAAD8F807
S3150802C7B09430099201AACDE90A209B0808A8ADF887
S3150802C7C0663002F031FB02F07FFD4FF080736B6634
S3150802C7D04FF000636B66D8F8A0204FF0804372B121
S3150802C7E0124A53604FF48043C6F8B4314FF4C0235B
S3150802C7F000206B6102236B6126B0BDE8F0810C4A0A
S3150802C800EFE700BFC05F0020BC5F0020C45F0020C6
S3150802C81020FC04083C5F0020006001B8645F002029
S3150802C820005001B85C04050800E000B8009000500A
S3150802C83000A00050003E00B00B8870B503F0060257
S3150802C840062A06460C464CD0274DC5F8A0304B683A
S3150802C850C5F890304B88C5F894308B68EB67C5F8F5
S3150802C8608430FFF751FF96F82730023BDBB2FC2BE8
S3150802C8701E4B1ED80022C3F8C0201D4B1A4D1B782A
S3150802C8804BB3A3683BB3227B1344C5F88030FFF74A
S3150802C8901DFFC5F88800FFF719FFEB6FC5F88C0076
S3150802C8A003B11B7843F4C0330020124AC2F8C031E0
S3150802C8B070BD4FF0F071104AD160D5F8A02012F081
S3150802C8C00402D8D04FF400110C4AD1600222C3F8F0
S3150802C8D0BC200B4ACFE7EB6F03B11B7843F48033D6
S3150802C8E0E2E70E20E4E700BF003E00B0004000B8D1
S3150802C8F0C5660020004001B8006000B8005000B8C4
S3150802C90001A0010010B590F82700FF2814D02E4B7D
S3150802C910D3F8A02012F0060F01D001280DD94FF442
S3150802C92070622A4BDA604FF48072A3F58053DA609C
S3150802C9300022254BC3F89C2010BD12F004043CD0FB
S3150802C9400B7813F0200300D08B78920718D50B7852
S3150802C95003F00F03072B32D14B78022B2FD98B7892
S3150802C96013F03E0F2BD0CA7812F0040F27D012F01C
S3150802C970010F14BF0A230423920748BF0633CB5C70
S3150802C980EBB1002C14BF02210121012840F6FF70E9
S3150802C99003F01F0208BF5200013A40EA02320C486D
S3150802C9A002654FF47060094A0902D060A2F5805206
S3150802C9B0D160054AC2F89C30BEE72346C5E7002384
S3150802C9C0034A01211365ECE7003E00B0006000B897
S3150802C9D0004000B810B590F82710012903D8174B64
S3150802C9E0D3F898300BB1002010BD028E272A22D820
S3150802C9F0134B14481B68834219D031241248181A5B
S3150802CA00434243415B000D48A0F8B24050246343B9
S3150802CA10282404FB01330D491944895CFA31A0F82C
S3150802CA20B8100B490B449A5C0A4B1A70DBE76FF095
S3150802CA3003040123E7E70E20D6E700BF003E00B055
S3150802CA40645F002000F04902005A62026C0305087E
S3150802CA507C020508C6660020144B10B51B68834283
S3150802CA6001BF0C68124BC3F87842C3F87C42C0B1C6
S3150802CA70D0F8EC30ABB1586998B1531EDBB2FD2B36
S3150802CA8011D90B685C1C04BF6FF001030B600360CD
S3150802CA90FF2A06D14B685A1C02D16FF001034B607C
S3150802CAA04360002010BD012AF3E700BFAC5C0020FA
S3150802CAB0004001B8F0B5164B85B007460E46144637
S3150802CAC00FCB8DE80F00134A6D46D2F84832D2F8DA
S3150802CAD04C22591C08BF0023501C15D0002B08BF36
S3150802CAE013463EB1611EC9B2FD290FD93360FF2C28
S3150802CAF000D17260CDE90032294622463846FFF750
S3150802CB00ABFF002005B0F0BD1A46EAE7012CEFE7B5
S3150802CB10C40405080080E00F184AF0B5D2F8483276
S3150802CB20D0F8E840D2F84C025A1C08BF0023411C30
S3150802CB3010D0002B08BF034600214FF0240C104AE0
S3150802CB40104FC2F87832C2F87C32E5688D4203D1BA
S3150802CB500020F0BD1846EFE7A2680CFB01225668D2
S3150802CB60BE4209D952693AB116680136566808BFF3
S3150802CB701360013608BF50600131E7E70080E00F15
S3150802CB80004001B800CA9A3BFF2818BFC3434FF0BA
S3150802CB90180108BF1023064A18BFDB00C2F8FC13A7
S3150802CBA018BF03F00803A2F58052C2F8FC33704797
S3150802CBB0002002B8024BD3F8F807C0F3C04070470A
S3150802CBC0000002B84FF03A43D3F81421D2031ED517
S3150802CBD04FF480320E49C1F81421A1F58051C1F8EB
S3150802CBE018215A6DD1B2C2F30722C3F8A410C3F8AA
S3150802CBF0A4200422C3F8A4200022C3F8A420C3F860
S3150802CC00A420C3F8A420C3F8A420C3F8A42070471C
S3150802CC10002000BAF0220D4B016D9A64A022A3F5FA
S3150802CC2080539A64C38E4FF03A42B3FA83F30120D3
S3150802CC30C3F11903DBB2C2F8F400C2F8CC304FF4E0
S3150802CC400053C2F8D010C2F8F0307047006000B83E
S3150802CC50F8B54FF03A440D46174606461EF0A9FBAC
S3150802CC60012304226363084BE76026616561C3F802
S3150802CC7014214FF40042054BC3F884211EF094FB9D
S3150802CC800DB102236363F8BD002000BA00E100E09B
S3150802CC902DE9F84305460124036803F00703063322
S3150802CCA004FA03F0AB68EC68461EA34278D06C68B7
S3150802CCB003EA060707EB040CC41B13440643A24205
S3150802CCC006EA0306634637D9101A3A189CB3631E56
S3150802CCD0062B40F2978041EA0C039F0740F09280A8
S3150802CCE04B1CACEB0303022B40F28C800B4624F060
S3150802CCF003084FEA940901EB0807ACEB010E186822
S3150802CD0043F80E0004339F42F9D144450CEB080060
S3150802CD10A4EB080354D097F800E0012B0CF829E09D
S3150802CD204ED00C44214697F801C0022B80F801C068
S3150802CD301CBFBB7883706B684AB3501E062801F184
S3150802CD40010040D91C1A022C3DD941EA0304A40762
S3150802CD5039D122F00307A1F1040C4FEA920ED81931
S3150802CD605CF8044F43F8044B8342F9D1BA42A2EB6A
S3150802CD70070001EB07040AD011F82E2001281A70C1
S3150802CD8005D0627802285A7001D0A2789A701EF0ED
S3150802CD9010FB0223AE60AB62BDE8F8431EF004BB8B
S3150802CDA0042A1BD90B78043AAB614B780431AB6180
S3150802CDB011F8023CAB6111F8013CAB61AB6876E74E
S3150802CDC00C442146B7E71144013B00E0013010F854
S3150802CDD0012C884203F8012FF8D1D8E7013A032A31
S3150802CDE00ED8DFE802F00B08050211F8013BAB6129
S3150802CDF011F8013BAB6111F8013BAB610B78AB61F2
S3150802CE00BDE8F8830C44ACEB010E01EB0E0311F8F6
S3150802CE10010B8C421870F8D121468CE738B50B46BF
S3150802CE20154601464FF03A4468B101221048C4F843
S3150802CE30F4201A46FFF72CFF25B14FF03A43042295
S3150802CE40C3F8F42038BD73B1D4F8D8209A4284BF07
S3150802CE500122C4F8F4204FF03A42C2F8D430022331
S3150802CE60C2F8F430E8E70123C4F8F430E4E700BF77
S3150802CE70CC0000BA38B504461EF09BFA224B05468A
S3150802CE801B68A34239D14FF03A420121A38F516759
S3150802CE904BB3B3FA83F3C3F11903DBB2A069C2F841
S3150802CEA0B410C2F88C300723C2F89000C2F8B0302A
S3150802CEB04FF4A02302F50052C2F81431A2F58052AB
S3150802CEC0C2F818310022114B1A60114B5B6C5B02D7
S3150802CED009D54FF480020F4B5A64D4F8A01094F87F
S3150802CEE0270001F06FFF0023E38707232846A4F8EB
S3150802CEF04030BDE838401EF057BA0023A4F86E3118
S3150802CF00C4F87031EFE700BFAC5C0020405F002038
S3150802CF10000002B8002002B838B50446618AC06922
S3150802CF2021B1B1FA81F1C1F11901C9B21AF074FC41
S3150802CF304FF03A43B4F870215A6504225A67B4F896
S3150802CF406E219A654FF4006203F50053C3F8142163
S3150802CF50238A2BB1A38FB3FA83F3C3F11903DBB286
S3150802CF604FF03A420125A069B4F84010C2F8B4500D
S3150802CF70C2F88C30B4F87231C2F89000C2F8B01018
S3150802CF80C2F894300423C2F8B430E38FC2F898305A
S3150802CF904FF40022034BC3F814214FF48022C3F83E
S3150802CFA0142138BD002000BA2DE9F04705460C4683
S3150802CFB0A9B1D0F81880878F1EF0FBF9B5F83EE0C4
S3150802CFC007F1FF3C0CEA0E0323F00702032C064680
S3150802CFD042446AD13F490C6824B91EF0E5F90E208D
S3150802CFE0BDE8F08724F001043B490868A84261D1EC
S3150802CFF0DFF8E090D9F8001021F00101A14259D1D9
S3150802D0000023C9F80030238894426FEA43436FEA43
S3150802D0105343238044D1B5F8403008EB070A194632
S3150802D020083989B202F10804544528BF444608293A
S3150802D03004D9B4F80090B9F5804F46D273445B1A06
S3150802D04047EA0C0714883B409BB2A842A5F8401051
S3150802D050EB87C4F30C043AD195784FF03A429465BB
S3150802D060C2F89830C2F8B0104FF480221B4B05F074
S3150802D0700705C3F814214FF40042194BC3F884215B
S3150802D080FFF7A0FD042D0BD14FF48002154B5B6C04
S3150802D090154B5A64D0F8A01090F8270001F092FEBA
S3150802D0A030461EF081F900209AE7611E012998BFD1
S3150802D0B0144699E7B5F840104344E31A48BFDB190A
S3150802D0C0083999429FDC304687E72246A8E7A5F841
S3150802D0D06E41E5E7405F0020AC5C0020002000BA04
S3150802D0E000E100E0000002B8002002B8164B10B5B5
S3150802D0F01968B1F84020CB8F888F13440138073B53
S3150802D1008C69034023F007031C4402F108034FF01D
S3150802D1103A429BB2A1F84030C2F8B0304FF48022AE
S3150802D1200A4BC3F814214FF40042094BC3F8842171
S3150802D130A07800F00700042803D1064AD3681B0327
S3150802D140FCD4054B1C6010BDAC5C0020002000BA64
S3150802D15000E100E0000002B8405F002010B5064C6E
S3150802D160216839B1CB0703D4044B1868FFF71CFFB3
S3150802D1700023236010BD00BF405F0020AC5C002086
S3150802D1804FF480320C4B0D49C3F818214FF03A433D
S3150802D190C1F81421D3F8AC10D3F88C20012302F07D
S3150802D1A0070206329340C1F30C01083B994201D8A3
S3150802D1B0FFF708BD704700BF002000BA001000BA8A
S3150802D1C02DE9F84306460C46B0F83C8015468769B1
S3150802D1D01EF0EFF8B6F83EC008F1FF320CEA020379
S3150802D1E023F00701032CB6F840E039441CD15C4C05
S3150802D1F02468B44202D15B4C246894B90CEB0E0441
S3150802D200073C144024F007043C443B44E31A48BF55
S3150802D2104344734510DB1EF0C7F800242046BDE8D8
S3150802D220F88324F00104F0E7012C03D0022CECD198
S3150802D230AEF1080E0C46E8E7002D75D0DFF820E1BE
S3150802D2408C42DEF800E02FD176450ABF4FF03A410C
S3150802D250B6F86E718F6D7645718A31D14FF03A4CB8
S3150802D260DCF8AC20C2F30C02934233DBDCF8542020
S3150802D2704B1ED21B0B431340DFF8F0C01BB2002B28
S3150802D280DCF80C2066DC02F0706202F17D4EDEF1FB
S3150802D290000242EB0E02D2002A70DCF84C20C2F3DE
S3150802D2A007222A746B802EE0A4F108018F4284BFFC
S3150802D2B04FEAD80701EBC7010F88C7F30C07CAE77D
S3150802D2C0B6F8729148EA0208A9EB0C0C0CEA0802B5
S3150802D2D0934241DA2388B3F5804F9CD2A278C3F3EE
S3150802D2E00C0302F0070201F1FF3CDB1B4CEA010CBE
S3150802D2F0052A2A7003EA0C0319D81BB223EAE37239
S3150802D3006A80E2782A74F6694A1E3A40B718AF600C
S3150802D3109FB212FA83F399422FBF0023891AA98072
S3150802D320EE6024BFAF80EB601EF03EF876E77645E6
S3150802D33007D10D4A526D003A18BF0122D2009B1A34
S3150802D340DBE796F8A020C2F3001282F00102D200AF
S3150802D35012B2F4E708229FE7002213462A70A0E7D2
S3150802D360AC5C0020405F0020004000B8000002B814
S3150802D370134B70B51E684FF03A43748ADD6D621E10
S3150802D3805B6DADB292B242EA04015B1B0B40191EF9
S3150802D39018BF0121C90001700A492A40C96C438095
S3150802D3A0090A0174F169D618A64201EB0205D2BF31
S3150802D3B00021A31A9BB285608380C160002070BDDC
S3150802D3C0AC5C0020000002B8054BA822D3F84C0139
S3150802D3D03121431C0CBF0120C0F38070FBF7C0B893
S3150802D3E00080E00F10B50F4B1C78ACB90E4BD3F882
S3150802D3F0F8375B0309D490B10F23441EB4FBF3F448
S3150802D40010300444E4B2204610BD40F648023F21DB
S3150802D4102046FBF7A5F8F6E70001C4B2F3E71024A5
S3150802D420F1E700BF487D0020000002B8014B588092
S3150802D43000207047487D002038B5264D04462978D5
S3150802D44019B92022244812F0EFFB4FF2F001237893
S3150802D450224A1370224AC2F8C811224A1BBB224921
S3150802D460D1F8F81709031ED4FF2313704FF040733F
S3150802D4701B4AC2F834311C4BD3F8F83713F480230D
S3150802D4800BD14FF47F01C2F830111849C1F8303177
S3150802D49048F2C801164BC3F8F4100723C2F8FC3346
S3150802D4A00122124B0FE000201249022BC1F8DC00C0
S3150802D4B04FF0FF011170D9D10722094BC3F8FC239B
S3150802D4C00422A3F58053C3F8FC23012300202B7002
S3150802D4D038BD00BFC7660020E03F00B0487D002087
S3150802D4E0002002B8747D0020000002B8001002B8BD
S3150802D4F0003F00B0004001B810B5044601F046F9F5
S3150802D500094BD3F8F80734B900F44020B0F54020A7
S3150802D51018BF012010BD022C0ABF80F4003000207B
S3150802D520C0F34040F6E700BF000002B82049D1F830
S3150802D530FC37FF2B31D01F48C3F303120270D1F810
S3150802D540F81703F00F0309035BBFC2EB02120F3B86
S3150802D55002F1FF32D2184ABF03EB0213D3B2DBB28F
S3150802D560154A164913700978154B1A68E9B1B2F1CA
S3150802D570A06F1AD3D3F85012124A134BB1F1FF3FD8
S3150802D58018BF1346114A136041F66A02104B1B680C
S3150802D590B3FBF2F30F4A13607047D1F8F83713F466
S3150802D5A0002F0CBFB4235A23DAE7074BEAE700BF7A
S3150802D5B0000002B8757D0020C9660020737D002030
S3150802D5C00080E00F5082E00FD4040508445F002073
S3150802D5D0645F0020485F002020B1022804D1034B73
S3150802D5E018787047024BFBE700207047757D0020CC
S3150802D5F0C96600202DE9F84FD0F8B040844E022CB7
S3150802D60038BF022433680546984290F83C8104F1F3
S3150802D610FF3426D17F4BD86C4C237E4AC0F3821046
S3150802D620D2F8DC707C4AC340116803F00100A142BB
S3150802D63003461AD179490978814216D17849097877
S3150802D640414512D1D5F8B41079B1B9420DD175490F
S3150802D65095F82B7009788F4207D1734B9888BDE8E5
S3150802D660F88F72491AF041F9D6E73168A94202BF22
S3150802D67014606A4A1370002800F0A08004234FF051
S3150802D6807F416B4AC2F8BC306A4BC3F8BC1095F8A6
S3150802D6902B301B06C2F8BC304FF0000940F271224B
S3150802D6A0654B1B68B3FBF2F319226343B3FBF2F231
S3150802D6B0182B4FEA09448CBFB2FA82F32023002CB6
S3150802D6C000F0A280B4FA84F15B1A002B40F3998029
S3150802D6D0C3F10F0ABAF1010F38BF4FF0010ADC4055
S3150802D6E0A24202D20AF1FF3A640809F101030AF0DA
S3150802D6F01F025B0093401B1B504FDFF858B19B0873
S3150802D700C7F8B030DBF8000040F6C202003818BF8E
S3150802D71001202B21FAF724FFFA235C43DBF80030B9
S3150802D720B4FBF3F40A235C43336804F57A7BAB4211
S3150802D7303FD140F6FF71424B09EB0922C3F8D810D4
S3150802D7404FEA0A233F4943EA0A1343EA0A03C1F89E
S3150802D750D830304B09EB0222C3F8DC2001F5304100
S3150802D760D1F8F817490308D4D3F8DC3003F47F015B
S3150802D770C3F303530B43C7F8FC30334EC5F8B42042
S3150802D78004F6B830C6F800B002F0D0FD4FF47A724B
S3150802D7902A4BC3F8A400C3F8F8003368B3FBF2F3C4
S3150802D7A0214A93801E4B95F82B2083F800801D4B47
S3150802D7B01A704FF47A73BBFBF3F050E71A4B1878DA
S3150802D7C0FFF70AFF95F82B30834228BF0346D8B2E3
S3150802D7D095F83C3133B1022B7FF45EAFFFF702FEB8
S3150802D7E081465BE7194BD3F8F8371F03F6D418B10D
S3150802D7F00F230138B0FBF3F0154B1B6813F80090A2
S3150802D8004CE74FF00F0A6BE74FF00F0A6DE700BFC0
S3150802D810AC5C0020004001B8347D0020C8660020B8
S3150802D820727D0020717D0020487D00204C4001B8A1
S3150802D830001002B8002002B8645F0020003F00B062
S3150802D840006001B8005001B84C5F0020000002B821
S3150802D850445F0020485F002038B5254B05461A78F4
S3150802D860244C0D2A02D1FF20207038BD104619F02B
S3150802D870EEFF01461046FFF7AFFEA84228BF28462C
S3150802D880C0B2884238BF08462378C0B28342ECD079
S3150802D890207042BB184BD3F8F81711F4002122D195
S3150802D8A0F8B1431EDBB24FF2F005144AC2F8C8516A
S3150802D8B00F22B3FBF2F2551C18B1C2EB02129B1AE5
S3150802D8C0591C0D4AD2F8C83143EA053343EA011313
S3150802D8D0C2F8C831D2F8C821094BC3F8FC2020780F
S3150802D8E0C3E70346DFE7074B1868FFF783FEF6E749
S3150802D8F0487D0020747D0020000002B8002002B88E
S3150802D900003F00B0AC5C0020014B1870704700BFA6
S3150802D910737D002010B50446F9F706FE78B1154B5B
S3150802D9201B786BB964B1144B1B784BB1134B1B783C
S3150802D930013B012B04D84FF40042114B1A6510BD66
S3150802D940104B1B6D1B04FAD41DF033FD044604F07C
S3150802D95029F94FF400420C4B2046BDE810401A65DF
S3150802D96002220A4BC3F814250422054B5A641DF0F9
S3150802D9701BBD00BFCA660020CB660020505F002090
S3150802D980002002B8000002B8001002B800D0035006
S3150802D9900122024B00201A70FFF7BCBFCA6600209C
S3150802D9A00022024B01201A70FFF7B4BFCA66002094
S3150802D9B0054BD3F8843013F0030F4FF4802314BFBA
S3150802D9C0024A034A93647047004000B8005000B800
S3150802D9D0006000B837B5044600F0D8FE01213A20A7
S3150802D9E0E2F74EF9354D364B00201C702B78002B8A
S3150802D9F00CBF002404F00104FFF78CFF2B78013BCF
S3150802DA00012B08D8EB7B01A88DF804302B7C8DF806
S3150802DA100530E0F75FF900222A4BC3F81425002CDB
S3150802DA2044D06A68002A37D0274B1B6803EB520397
S3150802DA30B3FBF2F3013B1B0243F0F8032A78022AEE
S3150802DA402CD0032A2ED0012A33D1072243F002030F
S3150802DA504FF6FF701D49C1F88400A1F58051C1F83F
S3150802DA608430184BC3F8142593070BD5EB7B01A812
S3150802DA708DF804302B7C8DF80530E0F71BF9012070
S3150802DA80FFF748FF4FF08043ACB1114A13650020F7
S3150802DA90FFF78EFF03B030BDF823CFE7062243F027
S3150802DAA00103D5E7042243F00503D1E72246F8230A
S3150802DAB0CEE70022CCE7074AE8E700BF505F00201E
S3150802DAC0CB66002000C00350645F0020006000B8E7
S3150802DAD0001002B8002002B8F0B52A4F06463D46A5
S3150802DAE004460FCE85B00FC533682B6000F04EFE94
S3150802DAF001213A20E2F7C4F80022234BC3F8142581
S3150802DB00A17A627A42EA0142C3F82025217CE27BA5
S3150802DB1042EA0142C3F81C25217B627B41EA0240A4
S3150802DB20C3F818053B78032B29D8DFE803F022024D
S3150802DB300C178DF8041004218DF805200DEB010051
S3150802DB4000220BF092FFE37B00228DF80830237C3B
S3150802DB50042102A88DF809300BF087FF637A0122A7
S3150802DB608DF80C30A37A042103A88DF80D300BF03A
S3150802DB707CFF064B1878FFF72DFF002000E02120D6
S3150802DB8005B0F0BD505F002000C00350CB660020F0
S3150802DB90034B1B6D002BBCBF024BC3F888007047B2
S3150802DBA0000002B8004000B84FF0006338B1064AD8
S3150802DBB01365064B4FF40032C3F884207047044AB3
S3150802DBC01365044BF6E700BF001002B8005000B810
S3150802DBD0002002B8006000B82DE9F04700F030FED8
S3150802DBE04FF47A752F4BB0FBF5F518604FF4FA73BC
S3150802DBF06B4307462C48190E1B0218182B4A4FF07E
S3150802DC00000341F10001ECF795FB294BA0F5807161
S3150802DC1082460246196330B94FF0010A4A222B217D
S3150802DC20FAF79EFC52464FF47A735A4329020023A6
S3150802DC305008ECF77FFB1E4B1E4AB7F57A7F9A60AF
S3150802DC401D4B4FEA0A6619601C4BA94688460446CC
S3150802DC5018604FEA1A2A06D201259D222B21002096
S3150802DC60FAF77EFCA9464FF47A73A6FB030103FB77
S3150802DC700A116D0840194FF0000341F100014A46A6
S3150802DC80ECF758FB0E4B023419600E4B48F10008AC
S3150802DC90A408186044EA8874054B013C9C63BDE8F5
S3150802DCA0F08700BF645F002020A1070040420F00F2
S3150802DCB000C001B802110100785F0020745F0020DD
S3150802DCC0705F00206C5F00204FF40022034BC3F8FC
S3150802DCD084215A600122024BDA60704700E100E0B3
S3150802DCE000C001B810B50446A242A2EB0000A3EB9D
S3150802DCF0010104D2034B01399B6B0133184401F02D
S3150802DD00030110BD00C001B838B501250A4B02014E
S3150802DD109D504FF480730446084A834053661DF0AB
S3150802DD2048FB074AA540137823EA05031370BDE8A2
S3150802DD3038401DF039BB00BF00E101B800E001B868
S3150802DD40D56600202DE9F84F164604468A461F4630
S3150802DD501DF02FFB022E00F0938080461DF036FB45
S3150802DD60604B614AD3F8209092F879505A6EEDB218
S3150802DD70520744BFD3F82090013505F003051DF07C
S3150802DD8020FB4846294600F0ADFA8446DAF8000038
S3150802DD90012E04BF01306044ACEB000C08BFCAF880
S3150802DDA00000BCF1804F7ED300F0B0FA8145A1EBAA
S3150802DDB0050188BF4B4BDFF854E188BF01F1FF31FB
S3150802DDC001F0030188BF9B6BA0EB090C0EF8041047
S3150802DDD0A1B1F90742BF41F61F72444B5A67BA0707
S3150802DDE042BF424B424A5A677B0742BF00223D4B1B
S3150802DDF09A673D0742BF00223A4B9A6511254FF0B2
S3150802DE00010A384B04F11002120103EB041BCBF88A
S3150802DE100C0138499D501A6A0AFA04F5586E0B78AD
S3150802DE20A2EB0902EDB22B4362450B704FEA0419C5
S3150802DE3025D34FF48073A340034220D11EF8042051
S3150802DE40002A4BD10EB32C4AF807536607D541F67A
S3150802DE501F7140F20110254B596750675967B90778
S3150802DE6006D5224B224A244924485A6748675A67E4
S3150802DE707A0742BF0122224B1A613B0719D4404650
S3150802DE801DF092FA0120BDE8F88F1E4A42F809A051
S3150802DE9042F89C3C1DF08DFA16490B7823EA0503D5
S3150802DEA00B701DF081FA40461DF07EFA0020BDE88F
S3150802DEB0F88F2120FFF76CFE4FF48031094A124B86
S3150802DEC0D1601A78002ADAD000222D201A70FFF7BC
S3150802DED05FFE1022084B40465A66D1E7064A40467C
S3150802DEE05366CDE700C001B8003E00B000E001B8B5
S3150802DEF000001F1FD566002000D001B800000101EE
S3150802DF00000002B800E101B8CC660020CD66002008
S3150802DF10034B10300001185800F00100704700BF8B
S3150802DF2000C001B82DE9F0419DF818800D46B8F1F8
S3150802DF30000F08BF0022214EB5F5803FB16807469B
S3150802DF4021F4700141F4A001B1609DF820409DF8CA
S3150802DF501C104FEA042444EA016444EA031444EA1E
S3150802DF60084444EA02044FF018014FF436722CBFF3
S3150802DF70002001207465FAF7F3FA3564B8F1000F48
S3150802DF801AD00F4BBC68D3F8B8306F2C38BF6F2441
S3150802DF905B0606D500F0DCFD18B10A4BB3FBF0F3BD
S3150802DFA01C44204600F0B2F90130854238BF0022EF
S3150802DFB0024B34BF5A645864BDE8F08100C001B808
S3150802DFC000C000B800093D00034B044A5A6741F2F3
S3150802DFD001429A67704700BF00C001B8011B0118C9
S3150802DFE010B504462120FFF7D3FD1CB14FF4803249
S3150802DFF0064BDA60064B1A783AB100222D201A70BF
S3150802E000FFF7C6FD1022034B5A6610BD00C001B8C1
S3150802E010CC66002000D001B82DE9F0411C4D04461B
S3150802E020EB6BDB012DD500F0DFFD0646A0FB0447AE
S3150802E030E86B4FEA1028050C10F0FF0005D140F2F4
S3150802E04039422B21FAF78CFA0120EDB2AD01B5FB64
S3150802E050F0F55FFA88F815EB881506D1284640F2DE
S3150802E0603E422B21FAF77CFA01252A46002320464E
S3150802E0703946ECF75FF9B6FBF5F5064A1560BDE8D1
S3150802E080F08100F065FD0546A0FB0401F5E700BF37
S3150802E09000C000B8685F00200246012030B50B4C6C
S3150802E0A0A0F12003C0F1200524FA05F504FA03F3CA
S3150802E0B02B4304FA00F595428B4100D330BD0F2855
S3150802E0C001D00130ECE7FF20F8E700BF40420F001D
S3150802E0D038B51DF07BF9084B084A1D6A92F8794053
S3150802E0E05A6EE4B2520744BF1D6A01341DF069F93B
S3150802E0F0284604F0030138BD00C001B8003E00B04E
S3150802E10000232DE9F04F634F85B03B70624B634A9B
S3150802E1101B680191B2FBF3F805461DF04AF9DFF8D0
S3150802E12090B18146DBF860A002F00AFBDBF84030CA
S3150802E13006460A2B84BF4FF0FF34DBF854304FF003
S3150802E140200081BF03F00F039C402AEA0404B4FAB4
S3150802E15084F498BF0124DBF844B088BF6409FFF74A
S3150802E16017FD10234E4A93608EB100220020082123
S3150802E170FBF738FF10234B4A5366A2F58052136702
S3150802E180BBF1000F00D014B18022474B1A6103F08D
S3150802E190C5F94FF48012454B4FF0000BC3F88421A2
S3150802E1A001238DF80F30404BDA6812F0706F06D0F3
S3150802E1B05FFA8BFB0AE00A2019F063FBF3E70BF11F
S3150802E1C0010BBBF1330FF6D14FF0320B9DF80F302E
S3150802E1D013B1BBF1320F4AD116B10CB101233B7010
S3150802E1E0334B4846C3F860A01DF0DEF83326314C9F
S3150802E1F0E36813F4603F03D1013E16F0FF0642D1ED
S3150802E20001234046236519F03CFB1DF0D2F8072D81
S3150802E210294628BF07210F26636A6A1E23F47063FC
S3150802E22043EA0223A26A22F0E05242EA81622249C2
S3150802E230C1F8B860214945F010060978A942204973
S3150802E2402BBFA262C1F8B860C1F8B86063622CBF7E
S3150802E2506362A2621DF0A8F8164B5B6ADBB2802BDA
S3150802E26015D0019805B0BDE8F04F00F085BD0DF157
S3150802E2700F010DF10E00FDF7A3FA0A2019F001FBB2
S3150802E2800BF1010B94E70A2019F0FBFAB0E705B087
S3150802E290BDE8F08FCC660020685F002040420F0080
S3150802E2A0001002B800E001B8000002B800E100E080
S3150802E2B000C001B800C000B800E000B8C16600207E
S3150802E2C000D000B80346064A103302EB00111B01C0
S3150802E2D0D1F80C01D158C1F3400119F0DDBA00BFDB
S3150802E2E000C001B8074B084A1B6810B543431468B7
S3150802E2F003EB817300224FF00041E4FB00129818E9
S3150802E30010BD00BF705F00206C5F00200C4A20F031
S3150802E3104043014610B5002014684FF00042E4FB62
S3150802E3200320084A890F126802FB0300064B9B6BFF
S3150802E330984204D901330131C01A01F0030110BD14
S3150802E340745F0020785F002000C001B8044B01F01A
S3150802E350F071103041F0030100011950704700BFF7
S3150802E36000C001B808B52220FFF712FC4FF480223C
S3150802E370014BDA6008BD00BF00C001B840B183682E
S3150802E38033B10649C268096803F13043032A00D843
S3150802E390704743F8041B043AF8E700BFAC5F002055
S3150802E3A070B51646054610B92124204670BD0029C7
S3150802E3B0FAD0002AF8D042680F4B006803321B686D
S3150802E3C0920800F13040984704460028EDD1EA68E1
S3150802E3D0A86803323146920800F1304019F07CFAF7
S3150802E3E004460028E0D1286921466A6900F13040CE
S3150802E3F011F01AFCD9E700BF387D00202DE9F04755
S3150802E400074688461646204C204DDFF8849088B089
S3150802E4101EB9304608B0BDE8F087B6F5006F4FF072
S3150802E42010024FF000016846B24628BF4FF4006A50
S3150802E43011F0FAFB08238DF800300AF1FF339BB27C
S3150802E440009A1B0143F003632A4023401343102218
S3150802E45000210DEB0200CDE90038029711F0E4FB2A
S3150802E4606A4699F8000004A9E2F760FBA6EB0A06D9
S3150802E47008EB8A0807EB8A0799F80000E2F7B2FB6D
S3150802E4800028F9D0C4E700BFF07F300C0F80CFF325
S3150802E490767D002070B50C68651C15D0C4F302663B
S3150802E4A09E42C4F3074530D1A4B294422DD804EB58
S3150802E4B08506B24229D2141BA50824F003040E5974
S3150802E4C0340F04D0012C08D00022212402E06B1C50
S3150802E4D051F82320C0E9002470BD0E4C34F81330DD
S3150802E4E042EA03431A686B1C51F8234001EB830185
S3150802E4F04B6822405E4036F0704404D11B0F032B52
S3150802E50004BF8B681A430024E4E7013501EB850151
S3150802E510C1E700BFF004050807B501A8E2F726FC23
S3150802E520264B2749D3F86022D2B2FF2A1DBFD1F85B
S3150802E5307801130243EA0213D1F878311CBF20F49A
S3150802E5407F621343C1F8F8330C20E2F7C3FA0121BC
S3150802E5503F20E1F795FB4FF000421A4B42F20101C8
S3150802E5605A60C822184B5A654FF4C02203F5104365
S3150802E570C3F868214FF48032C3F86C21134AC2F8F3
S3150802E580701202F52042D2F8F827120308D44FF483
S3150802E59070610F4AC2F8A0104FF42062C3F8A02097
S3150802E5A001220C4BC3F8002403F53043D3F8682143
S3150802E5B0094B1A6003B05DF804FB00BF0080E00F48
S3150802E5C0000002B800900950008001B8006001B846
S3150802E5D0002002B8005001B8305F0020836810B4EA
S3150802E5E0074C03F1304324681B689C4203D15DF84B
S3150802E5F0044BFFF7D5BE00205DF8044B704700BFF9
S3150802E600AC5F002010B504461CF0D3FE064B074A41
S3150802E6101C70074BFF2C08BF1346064A13601CF0F2
S3150802E620C3FE002010BD00BF767D0020D9780408FD
S3150802E630FDE30208387D0020014B1878704700BFB9
S3150802E640767D0020134B1B78002B20D0124B134AE1
S3150802E65000201A60124B134A1A60134B134A1A60A7
S3150802E660134B1A68134B1A60134B144A1A60144B4D
S3150802E670144A1A60144B154A1A60154B154A1A6041
S3150802E680154B164A1A60164B164A1A60704702202C
S3150802E690704700BFD6660020B85F0020E40D050863
S3150802E6A0B05F00204C050508B45F00206C0505081C
S3150802E6B03C7D0020AC5F0020D05F002034050508B1
S3150802E6C0C85F0020E8080508CC5F00206805050831
S3150802E6D0C45F00201C050508BC5F002070050508FC
S3150802E6E0C05F0020640505080022012138B51F4BCA
S3150802E6F05A649A64DA641E4A51610221916242F2AC
S3150802E7000101DA68C2F3036221FA02F2D207F8D5E6
S3150802E71011220124174DDA634FF0FF302C700EF0E8
S3150802E72060F800232B70144D40F2D2522868542107
S3150802E730C01A18BF0120F9F713FF104B28681A6888
S3150802E7400F4B1968FFF72CFE01F062FF0D4B186894
S3150802E750FFF714FE0C4B1868FFF710FE4FF08062A5
S3150802E760034B5A6103F580535C6138BD000002B859
S3150802E770001002B8D6660020B05F0020B45F002001
S3150802E780B85F0020D05F0020C45F002001230D4A35
S3150802E7900D49C2F8803291660C4A53600C4A53609E
S3150802E7A00C4A5360A2F580425360A2F54042536078
S3150802E7B002F5C032536002F580425360A2F5004268
S3150802E7C05360704700900050FF0B001600D000B847
S3150802E7D0001000BA005001B810B50324FFF7D6FF9F
S3150802E7E0114A124B1A65FFF797FE114BC3F81041EF
S3150802E7F000F09EFA01F0D2FC4FF460720D4B5A619A
S3150802E8004FF400721A65FEF7D5F90021FEF7BCF936
S3150802E8104FF48002084B1C64A3F580535C64074BD3
S3150802E820C3F884215A6010BD0048F000000002B8FF
S3150802E830005001B8001002B800E0095000E100E0FB
S3150802E84008B51AF097FF044B1B6FC3F30043013355
S3150802E850B0FBF3F008BD00BF008000502DE9F04F71
S3150802E860064687B002900F4657F8044B631C06D13A
S3150802E870029B3460F01A801007B0BDE8F08F3E4B59
S3150802E880C4F3016A5FEA147B33F81A1008BFC4F3AB
S3150802E8900742A4B244EA014404F06F4118BF0122B8
S3150802E8A0B1F1804F02D0B1F1204F0ED124F070445D
S3150802E8B04FEAC209314B09F10401314499424BD955
S3150802E8C001339E4248D80020D6E704F06041B1F1F0
S3150802E8D0204F08BF24F08054EAE7059B2BBB07208C
S3150802E8E015F0420F20FA0AF000F001002CD115F0BB
S3150802E8F0280F21D100222244BBF1010F48F8082C27
S3150802E9004FF0FF3218BF0022019B043453F8041B50
S3150802E91008F108084A4048F80C2C0193039B9C42CC
S3150802E920DBD104994E4439449DE74FF40F623221F4
S3150802E9300020F9F715FEDDE740F6F4023221F9F771
S3150802E9400FFE4FF48052D6E740F6F9023221F9F764
S3150802E95007FE4FF40052CEE701259300049305FA09
S3150802E9600BF504EB8203039305F0940306F10808FA
S3150802E97001970593D2E700BFE8040508DF4F00B008
S3150802E980F8B50646E0B10024144B25461F4614493D
S3150802E99053F8042BAAB91348314600EB8500FFF752
S3150802E9A05DFF30B940F6A5223621BDE8F840F9F7F1
S3150802E9B0D7BD0D4B0135281847F8246023F81400F3
S3150802E9C0F8BDB242FCD001340C2C02D031F81450F6
S3150802E9D0DEE740F6BF2236210020E6E77C5F00200C
S3150802E9E07A620020404000B07C62002070B5A8B16F
S3150802E9F0002971D0002213463849394C51F8045B74
S3150802EA0085420CD1374A116CC907FCD49B0003F521
S3150802EA10804340331360344B01221A6470BD0132BD
S3150802EA200C2A59D034F81230E8E7C2F3016334F8F5
S3150802EA30131012F47E0F93B243EA014321D0043035
S3150802EA40C2F30742022A016808D946688568033A6A
S3150802EA50C3E900169D600C300C33F3E70CD142680B
S3150802EA600830C3E900120268531CDED100221D4B8E
S3150802EA701A6003F58053CFE7012AF4D104301960EE
S3150802EA80F1E7120F00F108054068072A09D8DFE8FE
S3150802EA9002F007040A0E1114191EC04303F50053A7
S3150802EAA018602846DFE71A6842401A60F9E703F554
S3150802EAB08053F5E718F0E5FEF3E7012203F58053E4
S3150802EAC08240F2E7012203F500538240EDE71A6815
S3150802EAD030EA0202FBD1E4E7044CC4E77C5F00207B
S3150802EAE07A62002000C002B800D002B8F004050815
S3150802EAF00B4B1B68D3F8F03023B11A68022A01D9E6
S3150802EB00186A7047074B9A6E90B238B1064BC2F331
S3150802EB1007421B68DB085343B3FBF0F0704700BF9C
S3150802EB20AC5C0020004001B8645F0020064BDB683D
S3150802EB30C3F30363984206D1044A536E23F0F003E3
S3150802EB4043EA011151667047000002B8003F00B05F
S3150802EB50054B1B68D3F8F03013B11A680A2A01D894
S3150802EB60FFF7C6BF186C7047AC5C00202DE9F34767
S3150802EB70054618F07FFE00278046194EDFF864A086
S3150802EB801CF017FC0DF1070181460DF10600FCF792
S3150802EB9017FE9DF806300BB3DAF80C3013F4603F13
S3150802EBA01CD0DAF8180018F0DFFE04466B1C03D0F6
S3150802EBB018F060FEA0EB080748461CF0F5FB14F5B2
S3150802EBC0007F07D19DF8063013B99DF807300BB1BF
S3150802EBD0AF42D5D3204602B0BDE8F0873446E5E712
S3150802EBE000FEFFFF00C000B80B4A10B5136F0B4CAE
S3150802EBF0116F03F00703E35CC1F3CD0101FB033395
S3150802EC00126F0748C2F3454202FB033300688001CC
S3150802EC10B0FBF3F010BD00BF004001B8E0040508E0
S3150802EC20645F00202DE9F0418046FFF7DDFF0446C8
S3150802EC3028B940F6B9522B21F9F792FC012422464B
S3150802EC4000234FF038403549EBF774FB804563D211
S3150802EC50A4FB0884324B984574F100034FD3002372
S3150802EC60404621462E4AEBF765FB002914BF4FF0B2
S3150802EC70FF360646B6FA86F6C6F11F060F2E28BFD7
S3150802EC800F26012E38BF01264FF08073254F264DD9
S3150802EC90FB634FF470636B6233022146234A7B623D
S3150802ECA040460023EBF746FBC6F1200201FA02F2C0
S3150802ECB020FA06F4A6F1200321FA03F314431C43AF
S3150802ECC0204600236422F140EBF734FB00EB800375
S3150802ECD003EB8303A4EB8304E4B25F2C1AD8022C59
S3150802ECE00FD90323B4FBF3F46FF07F432404EB63D9
S3150802ECF044EA00240B4B44F0FF04DC6307E00126D8
S3150802ED00C2E74FF0FF13EB634FF00113FB630020DA
S3150802ED10BDE8F0811F24E7E72120F9E75FE6010055
S3150802ED200090D00300D000B800E000B800C4090083
S3150802ED300122014B1A657047001002B80122014BE5
S3150802ED401A657047002002B84022014B1A657047BF
S3150802ED50002002B84022014B1A657047001002B81B
S3150802ED604FF0807310B1024A13657047014AFBE7F8
S3150802ED70001002B8002002B810F1800F04D04D2806
S3150802ED80CEBF7F20323040B2FF22034BC0B25A6256
S3150802ED90A3F580535862704700E000B80122024B7F
S3150802EDA098611A61704700BF000001B8044BD3F896
S3150802EDB0B03010B1C3F30332027003F00F0070478C
S3150802EDC0000002B8064B01F080015B6C03F4800375
S3150802EDD00B4302BF4FF40012024BDA64704700BFBE
S3150802EDE0000002B8006001B830B1012806D1064B0E
S3150802EDF003F58053D9607047044BF9E700224FF4B4
S3150802EE008053DA60FFDE00BF004003B8000003B893
S3150802EE10044B986E00F0B05000F16A4358425841CC
S3150802EE20704700BF008000502DE9F74F4FF0B052EF
S3150802EE30B94BDFF808A39A660268DFF804B31378B9
S3150802EE40B64C072B94BF002101218AF80010B44959
S3150802EE5000250B7001695688002908BF8021CBF866
S3150802EE600010B049072B98BF214601F58054256149
S3150802EE700225256155684D6206B1013E072B94BFEE
S3150802EE80A94DAA4DAA4FB600AF62A66202F11805AD
S3150802EE90E0CD354392F824603D4345EAC6254FF056
S3150802EEA0010C92F8296092F814E045EA466592F850
S3150802EEB026600CFA03FC45EA865592F82760072B6A
S3150802EEC045EAC65592F8286088BF4FEA2C2C45EACF
S3150802EED006654FF0FF364CEA0E2C45EA0C0525F07E
S3150802EEE0004525F40025072B0D6794BF8E4D8F4DDF
S3150802EEF0D2F80CC06E674FF0FF36072BC4F874C001
S3150802EF0098BF894DD2F810C088BF884DAE67C4F83D
S3150802EF1078C04FB94FF6FF779668072B94BF824D94
S3150802EF20824DB6B2EF67E667082B40F02F81D76AA3
S3150802EF30804E814D002F00F02681B7604FF0060CF7
S3150802EF40176BC5F808C0B760156AB5F5801F03D0F8
S3150802EF509569B5F5803F52D14FF0070C4668072BE5
S3150802EF6094BF714D714D3778C5F840C0A5F58055E7
S3150802EF702F644FF0FF3C08254FF0FF384FF0FF395A
S3150802EF80072B94BF684F694F072B25647568C7F826
S3150802EF904CC094BF644F654F072BD6F80CC0E56486
S3150802EFA0C7F8508094BF604F604FD6F81480C4F8F3
S3150802EFB050C0C7F854904FF0FF3945EA0C054FF098
S3150802EFC0FF3CF769072B019794BF574F574FC4F871
S3150802EFD05480C7F85890019F01F58059072B45EAD6
S3150802EFE00805C9F8587045EA070594BF4E4F4F4FB2
S3150802EFF0C7F848C0C9F84850756AC9F84050D26976
S3150802F00022F40032B2F5802F4ED107274568072B26
S3150802F01094BF454A454A6E785764A2F580525664AB
S3150802F0204FF0FF3C08224FF0FF384FF0FF39072B0D
S3150802F03094BF3D4F3D4F01F58056072B7264AA686F
S3150802F040C7F860C094BF384F384F072B3266D5F8D9
S3150802F05010C0C7F8648094BF334F344FC6F864C0F3
S3150802F060D5F81880C7F868904FF0FF3742EA0C02C5
S3150802F0704FF0FF3C072BC6F8688094BF2A4E2B4EEA
S3150802F080072BD5F82090F76694BF274E274E01F531
S3150802F090805742EA0802C7F86C9042EA0902C6F8A3
S3150802F0A05CC0FA65AA6A7A648668072BD6E90025DF
S3150802F0B042EA050242EA8E0202F01F02C1F88020E5
S3150802F0C0B2684FF6FF7694BF174D184D92B2C5F83F
S3150802F0D08460C568C4F88420D5E900242243AC6854
S3150802F0E0072B42EA040202F01F02C1F888204FF0F9
S3150802F0F0FF3294BF0C4C0D4CED6801F58051C4F8F3
S3150802F1008C20072BDBF80020C1F88C504ED8064B12
S3150802F1109A61A3F5805315E000900050000003B8E9
S3150802F120D7660020004003B8002003B8006003B881
S3150802F130FCFF0700009003B800A003B8D8660020B9
S3150802F140D85F0020DA61562301221F4903F017030C
S3150802F15002FA03F3C1F888318B601C4B41691960C6
S3150802F1601B4B1B78082B04BF1A4B5A609AF80030BF
S3150802F1701BB3012B23D1184B012203F580535A6086
S3150802F18003B0BDE8F08F0127AF60D7E6A3F10B0500
S3150802F190012D3FF6D9AE92F825504FF400461DB11F
S3150802F1A00E4DC5F87062CFE60D4DFAE70D4B9A6122
S3150802F1B0A3F58053DA615723C6E70B4BDCE7002237
S3150802F1C04FF480535A60FFDE00E100E0D45F00206E
S3150802F1D0D7660020009003B8004003B8005001B873
S3150802F1E0006001B8006003B8000003B8024B0221B0
S3150802F1F01878FFF7F9BD00BFD8660020084B1B78C0
S3150802F2003BB1012B07D1074B042203F58053DA6081
S3150802F2107047054BF8E700224FF48053DA60FFDEA9
S3150802F220D8660020004003B8000003B80D4B1A78D0
S3150802F23082B1012A10D10C4B012112F0010F0B4A9F
S3150802F24003F580539960084B08BF13469A689207DC
S3150802F250FCD47047054BEFE700224FF480539A60BF
S3150802F260FFDE00BFD8660020004003B8000003B8DE
S3150802F27008B50246FFF7CCFDC8B10021C2B1012A82
S3150802F28018D10D4BD9610D4903F5005309780829A0
S3150802F29002BF01200A494860012112F0010F094AFA
S3150802F2A05960054B08BF13465A689207FCD408BD35
S3150802F2B0044BE7E7C961FFDE004003B8D7660020C2
S3150802F2C000A003B8000003B8014B1878FFF7D0BFB7
S3150802F2D0D8660020094B10B59C69DB691C4006D02C
S3150802F2E0074B1B6823B120469847064B9C6110BD05
S3150802F2F06305FAD5FFF79AFFF7E700BF000003B8E0
S3150802F300D45F0020002003B8094B10B59C69DB695D
S3150802F3101C4006D0074B1B6823B120469847064B6C
S3150802F3209C6110BD6305FAD5FFF780FFF7E700BFBA
S3150802F330004003B8D45F0020006003B8124B197866
S3150802F34009BB124AD06C5860D2F88800D860526F4E
S3150802F3501A610F4AD0689861D06BD861D2F8080151
S3150802F3601862D2F80C015862106B9862506BD86218
S3150802F370926B1A6301221A70064B074AD3F8BC0E1F
S3150802F3801060C3F8BC1E7047E05F0020004001B859
S3150802F390004000B8003000B0DC5F0020164B1A7837
S3150802F3A04AB35968154AD164D968C2F888101969E6
S3150802F3B051679969A2F58032D160D969D163196A10
S3150802F3C0C2F80811596AC2F80C11996A1163D96A06
S3150802F3D05163196B9163012102F500529164102160
S3150802F3E0A2F58052C2F8841000221A70044B1A68D9
S3150802F3F0044BC3F8BC2E7047E05F0020004001B8FA
S3150802F400DC5F0020003000B0194A38B5D36C03F42B
S3150802F410E071C02921D003F0C003802B23D1154BFC
S3150802F420154A01255A67302203F580535A67052281
S3150802F430A3F59033DA6003F580539D641BF0B9FF98
S3150802F44004460E4B29461D610D4B00205B68984702
S3150802F4502046BDE838401BF0A7BF23F4E07343F00B
S3150802F4608003D364DBE70023C2F88830D7E700BFFE
S3150802F470004001B8005001B80F00FFFF000002B8B3
S3150802F4801C7D0020012838B501D0042831D11E4B35
S3150802F490D3F8082122F48042C3F80821D3F80C21B4
S3150802F4A022F48042C3F80C210122DA6324221A6369
S3150802F4B04FF480725A634FF49C729A63102203F5D2
S3150802F4C00053C3F88420052201250F4BDA6003F5A1
S3150802F4D080539D641BF06DFF04460C4B29461D6143
S3150802F4E00B4B00205B6898472046BDE838401BF066
S3150802F4F05BBF3F22074B06285A670CBF064A074AD4
S3150802F500A3F580535A67DEE7004000B8000002B848
S3150802F5101C7D0020006001B83800FFFF1200FFFFC3
S3150802F5204FF604014FF60502044B01201B6C9BB2F1
S3150802F5308B4208BF1346024A136670470080E00FE3
S3150802F54000C001B82DE9F74F81460E464FF0FF3449
S3150802F550FEF7BEFD002501908A46A0462846DFF83A
S3150802F560D0B005F110031B015BF8037007F003071F
S3150802F570012F15D12846FEF7A5FE02460B4601982D
S3150802F5805146FEF7AFFBDBF8643005F10802D340BB
S3150802F590DB0736D5002E3DD00024A0463560384616
S3150802F5A00135082DDDD148B300221146204DAF683A
S3150802F5B0AB6B0133E8FB034107F44033B3F5003F75
S3150802F5C030D16B6B07F44057013342F10006B7F5A9
S3150802F5D0805F22D12D6B15F5807505FB06F642F183
S3150802F5E0000203FB0266A5FB03323244594304FBBD
S3150802F5F00212A3FB04342244C9E9003203B0BDE86F
S3150802F600F08FA04271EB0803C9D206B135600446F1
S3150802F6108846C4E73446B046C1E7320242EA136274
S3150802F6201B02E3E72B6B13F5807342F10002DDE759
S3150802F63000C001B8F8B5062018F03FF9044618F0DC
S3150802F64019F942F21073041B9C42054618D94FF069
S3150802F65080624F240B4B5A6441F26F770A4E0BE0D5
S3150802F66018F008F9401BB8424FF4837221468CBF42
S3150802F67000200120F8F774FF736C5B01F0D5F8BD22
S3150802F6801A24E9E7002002B8000002B8034B1A6EF2
S3150802F690596E03F500530A401A66704700C00A50AD
S3150802F6A0FF28F8B56BD0FF2965D00F2865D8002941
S3150802F6B063D10026344C354D84F8740084F875609D
S3150802F6C0686940F25F124B2100F00100F8F748FF23
S3150802F6D011234FF48012AB662D4B6E66C3F8882150
S3150802F6E09A6001213B20E0F7CBFA94F87510294A73
S3150802F6F094F874300A432849063341F82320274BE5
S3150802F7003E201D68E0F7D2FA6F08ED070246334637
S3150802F71028463946EAF70EFE090241EA1061C0F3A5
S3150802F720C05040EA41001E4B6066186B10F58070A7
S3150802F73005D14FF4D7722B21F8F712FF02200246A1
S3150802F740002300200121EAF7F5FDA0663E20E0F736
S3150802F750ADFA40F649435843000DFF2828BFFF205B
S3150802F760022838BF0220002184F87800012000F020
S3150802F7702BFD0020F8BD0F289BD92120FAE7FF2987
S3150802F7804FF0070093D194E7003E00B000C00A503C
S3150802F79000E100E0020D0C0000800350645F0020C7
S3150802F7A000C001B870B5FFF745FF0021022000F03E
S3150802F7B00BFD18F05FF804460F4D104ED5F8F433DA
S3150802F7C01B070BD51BF0F5FDBDE8704002220C4B5A
S3150802F7D0DA6001220B4B1A701BF0E6BD18F04AF8E4
S3150802F7E0001BB04240F216224FF045018CBF0020A2
S3150802F7F00120F8F7B5FEE1E7000002B83F420F0024
S3150802F80000C001B8D9660020224910B50B78002B32
S3150802F8103ED00122204C94F875300133DBB202FA4D
S3150802F82003F31E4A536613664FF400221C4BC3F8B1
S3150802F830882100230B7003231A4A39211364A2F57F
S3150802F84080525364184B40F2C522586CC0F380604C
S3150802F850F8F786FE4FF48041144A154BC2F8941005
S3150802F860144AE16ED26E914202BFD3F86C21226726
S3150802F870D3F86431206F08BFA4F87A30B4F87A1046
S3150802F88000F0DEF8BDE810400121022000F09CBC21
S3150802F89010BD00BFD9660020003E00B000E00A5045
S3150802F8A000E100E000E00950000002B800E001B8FB
S3150802F8B000C001B800C00A5010B504463E20E0F761
S3150802F8C0F5F96043034B00F5F42000F59070B0FBA0
S3150802F8D0F3F010BD40420F002DE9F74FFFF7ECFF9A
S3150802F8E00446FFF7A7FE1BF064FD00214B4D0646B2
S3150802F8F068462970FFF726FE494B80469F69494BA1
S3150802F900DB6813F0706F1CD1474B5B6913F0060A6C
S3150802F91017D1E0B1454B611D1868A1FB00B93E201D
S3150802F920E0F7C4F95346024649465846EAF702FD45
S3150802F930009B090241EA106100029842019B994123
S3150802F94005D3304603B0BDE8F04F1BF02DBD0021AC
S3150802F950022000F039FC17F08DFF8146DFF8C4B0AB
S3150802F960DFF8D4A0DBF8F4331B0741D5B8F1000F52
S3150802F9704DD0DDE900893E20E0F798F94FEA1821D3
S3150802F98041EA09614FEA1923A0FB019800FB0388A3
S3150802F990264B1A6812B9FEF753FF02460023484659
S3150802F9A04146EAF7C7FC0121214B013493F8753029
S3150802F9B0DFF86CC001331F4A3F1BDFF880E0DBB279
S3150802F9C001FA03F30744CEF86030CCF86C7053663C
S3150802F9D0DCF81820DCF86C70241AD21BA24216D264
S3150802F9E0CEF864300220CEF8603000F0EDFBA8E7CE
S3150802F9F017F040FFA0EB090050454FF41B724FF079
S3150802FA0045018CBF00200120F8F7AAFDAAE70222C9
S3150802FA10054BDA6001232B7093E700BFD9660020F5
S3150802FA2000C00A50000002B800C001B8645F002096
S3150802FA30003E00B000D00A503F420F0000E00A50D4
S3150802FA4001232DE9F74F934F044697F875208A4606
S3150802FA509340914A0E46936697F874208F4B054653
S3150802FA60C3F8F0204FF400328D4B4FF0000B1A61A9
S3150802FA700223DFF83882C8F80C308A4B9B6903F1F7
S3150802FA80FF39A3EB0903002B40F3EA800BF1010BC4
S3150802FA90BBF1020F6FD9EC220D210020F8F760FDA9
S3150802FAA04FF08053804A814F53664FF40031794BA9
S3150802FAB0C7F86C511D670025C3F86C90C7F86461D6
S3150802FAC0A3F87A601161754AC2F8F05093F8752066
S3150802FAD001239340704A93661BF06BFC29464FF448
S3150802FAE0807E3E6AD7F864C001F110031B01FB58F9
S3150802FAF003F00303012B10D10EFA01F313EA0C0FDC
S3150802FB000BD107EB0112B442D2F80C2100F2BB80EA
S3150802FB10944202D2964280F0B98001310829E3D193
S3150802FB20634C2268012A08D862490B78142B02BF53
S3150802FB300023614E337001330B70BDB15549012A5A
S3150802FB40B1F8763043EA0503A1F87630544B5D6680
S3150802FB500CD859490B780133DBB2022B0B7005D14D
S3150802FB60002301322260534A0B70137003B0BDE8BA
S3150802FB70F04F1BF019BC012397F87520494D9340A5
S3150802FB80454A93661BF015FC4FF08052464B01908E
S3150802FB905A66AB6903F10109C5F86C90D8F83010BA
S3150802FBA0D8F80830DD036BD5FA6E7B6EA9EB020234
S3150802FBB0A2FB0326D7F868C001F58071A2FB0C5395
S3150802FBC00025E6FB0C35A1FB03EC01FB05CCB2EBE9
S3150802FBD00E0266EB0C06120A42EA06625244B2EBBF
S3150802FBE0112F4FEA112603D3013345F10005921B63
S3150802FBF0043E964228BF1646C8F8186097F8792038
S3150802FC00D8F82010E318D2B245F100058C42D8F88C
S3150802FC10381084BF02F1FF32D2B2481C0ED04FF020
S3150802FC20000E01F1010C99427EEB050008D2013261
S3150802FC30B3EB0C03D2B265F10005F4E72A44D2B25B
S3150802FC401D4602F0030287F87920C8F820300123FE
S3150802FC5097F8752001989340184A93661BF0A4FBFF
S3150802FC60104B9B6900BF00BF00BF00BF00BF00BFAB
S3150802FC7000BF00BFD8F86420D2007FF502AF0FE7B5
S3150802FC8056462546E3E79442BFF444AF2B439DB25A
S3150802FC9043E700BF003E00B000E00A500080035070
S3150802FCA000D001B800C00A5000E001B800C001B88F
S3150802FCB0E45E0020DB660020DA66002000D00A50E7
S3150802FCC04FF40052014B5A60704700BF00E100E052
S3150802FCD04FF40052034BC3F88420BFF34F8FBFF390
S3150802FCE06F8F704700E100E0F8B50B46002213F863
S3150802FCF0044B944225D91D68854224D106245A7993
S3150802FD001D79124B88181E6804FB0503104F33F839
S3150802FD10063C7B43B3420ED900238A5A7A4396425B
S3150802FD2002D804FB0300F8BD9D42FAD9013304FB4D
S3150802FD3003F2825AF2E740F251423D210020F8F7D7
S3150802FD400FFC0020EFE708330132D2E714600020E7
S3150802FD5040420F004FF0000C2DE9F04FA2FB017A4A
S3150802FD60BA4EDFF834E3BE1998466AF10003B6457F
S3150802FD707CEB030383B009D240F243220E2160468C
S3150802FD80F8F7EEFB022003B0BDE8F08FD8F814B0FE
S3150802FD900C4615468146BBF1000F63D0DBF80030EE
S3150802FDA0032B5FD9042BDBF8286008D1F0014CBF7E
S3150802FDB04FF4400306F0E07326F0E0761E4319F08E
S3150802FDC013FD012D0246DDD10028DBD0A04B984257
S3150802FDD000F0BF8003F5122303F5F863984200F09A
S3150802FDE0F6809C4B984200F0FA800190002300208E
S3150802FDF04FF00071EAF79EFA019A0130A7FB0071EB
S3150802FE00C6F31303A3FB023200FB0A11DB0C43EA17
S3150802FE104233914A20311460F502904A58BF5B4238
S3150802FE208909C8F800101C4413608D4B1C60BBF18D
S3150802FE30000F15D00025DBF81CA0F00148BF6408A6
S3150802FE40C8F80850C8F80450BAF1000F45D1DBF8D3
S3150802FE5000700023062FC8F80C30C8F810307CD87A
S3150802FE60002090E77F4E804B3268D3F8FCB04A45B3
S3150802FE7025D048467D4917F038FD3268C0F3140389
S3150802FE804A4500F0268148467949019317F02DFD27
S3150802FE9010F0040F3268019B58D1860506F0E07609
S3150802FEA0914546EA030614D04846724917F01DFDE5
S3150802FEB0430048BF46F0807646EA45667FE76E49C4
S3150802FEC06E4B9B6B0E6FC3F31403710743D543F452
S3150802FED040066B4BD3F8EC00EAE7624B1B684B45CE
S3150802FEE077D04846674917F000FDDBF81CA0D8F81A
S3150802FEF008505A4AC102DBF8007072D45646002CE2
S3150802FF006BD0B4FA84F1072967DCC1F108032AFA2F
S3150802FF1003F304FA01F113F1010AB1FBFAF14B00FA
S3150802FF204FEA442C0133E40D01E002330131A3FB0D
S3150802FF300602844574EB0202F7D2C1F30E0145EAC2
S3150802FF40013545F00065C8F8085082E74FF44006C7
S3150802FF50A6E74D4852E7B605A0E7DBF83030002B96
S3150802FF603FF47EAF19F040FCDBF83010FFF7BCFE19
S3150802FF70044618B18378002B40F0908019F0F4FB00
S3150802FF80DBF83010FFF7B0FE044600283FF468AFEE
S3150802FF908378002B3FF464AF407940F27D520038F3
S3150802FFA018BF01203D21F8F7DBFA207940F27E528C
S3150802FFB000384FF03D0118BF0120F8F7D1FA23792E
S3150802FFC062791B0243EA0213C8F8103048E72F4841
S3150802FFD014E7294BD3F83C018CE721029DE72C480C
S3150802FFE00CE72C4B1068C6F381569E5D0028B8BFF5
S3150802FFF0404246F3401100FB01F14FEAE07EB606A5
S3150803000006FB0E11A0FB06064FEA540C10EB0C0078
S3150803001041EB060122460023EAF78CF90E2F0FD986
S31508030020154B164A916B9A6CD3F83C31D20607D511
S3150803003001F4801103F40013194308BFC0F58010B7
S31508030040C0F31300C8F8040058E700BF006CCA8859
S3150803005000F04902005A62021C6000201860002062
S3150803006014600020AC5C0020004F00B0388001B853
S31508030070704001B8EC0002B8004001B8008001B82E
S31508030080000002B83C4101B80A3BB2DF313641DC15
S31508030090D694BFD6F8040508807C814A407940F295
S315080300A06252003818BF01203D21F8F759FA207922
S315080300B040F2635200384FF03D0118BF0120F8F7AC
S315080300C04FFA237962791B0243EA0213C8F80C3004
S315080300D054E7054A166F72073FF5F9AEB60506F0FB
S315080300E0E0761E43F5E600BF004001B810B50446A6
S315080300F086B059B9214B4168D3F8FC30827A204837
S31508030100059300686B46FFF725FE69461D4B0A688B
S315080301105A631A4BD3F8FC3033B34B6843B11A4BC3
S315080301201A4AC3F83C214A68A3F58053C3F83C210D
S315080301308B6843B1144B164AC3F81C218A68A3F586
S315080301408053C3F81C21134AC868D2F8983123F49C
S31508030150EE630343C2F89831D2F89031096923F460
S31508030160EE630B43C2F89031002022890A4B9A6248
S3150803017003F5A033186406B010BD00BF004F00B0E6
S31508030180AC5C0020008001B8006001B8FFFF0F00D7
S3150803019000F0FF0F000002B8004000B8074BD3F881
S315080301A08022D20707D55B6E002B4FF48043B4BF7A
S315080301B0034A044A13650020704700BF00800050B5
S315080301C0002002B8001002B8064B1A6C9207FCD43A
S315080301D0022240EA01205860034B1A640122034BAA
S315080301E01A70704700C002B800D002B8DC66002057
S315080301F02DE9F041374F0646FB6803F07063B3F108
S31508030200007F65D117F036FB0546DFF8E080BC6A48
S3150803021014F480244AD11BF0CCF8FB68054603F096
S315080302207063B3F1007F3BD1304617F0F7F928B175
S31508030230294B93F8D8200AB183F8D9400022274BD3
S3150803024083F88020234B5B6C98053DD5224BD3F866
S31508030250C03059889A68C90748BF1821D66848BF65
S31508030260927806F4000044BF01FB023303F10C0243
S315080302701B4B06F008069B6993608022194BDA60CC
S3150803028038B14FF4003203F5A043CF20DA61FDF706
S315080302907FFCCEB14FF40072134B5A6402229A6064
S315080302A028461BF081F82046BDE8F08117F0E2FAEC
S315080302B0401B40454FF064024FF047018CBF0020B6
S315080302C00120F8F74DF9A2E78022024B1A61E7E706
S315080302D00224E8E7000002B8003E00B0003F00B081
S315080302E000C000B800C001B8002002B83F420F00A2
S315080302F010B590B10468012C0FD902696AB1116867
S31508030300094B102C196051685960916888BFD268E7
S31508030310996094BFD960DA6010BD102200210248A3
S315080303200FF082FCF8E700BF24600020084BC117D2
S315080303301A68A2FB000302FB013310F1807043F134
S315080303400003400E40EAC310803820EAE070704785
S31508030350346000200722194B70B51A64184B194AE2
S315080303601E68194BF408E005C0184FEA163141F127
S3150803037000010023E9F7DEFF144B154D18601548F5
S31508030380FFF7D4FF4042C5F8DC0049F65800FFF7EB
S31508030390CDFFC5F8A8001048FDF7B8FF024660B1BF
S315080303A0E301500818184FEA16714FF0000341F19C
S315080303B00001E9F7BFFFC5F8B40070BD000002B835
S315080303C0645F002065CD1D00B2E60E003460002090
S315080303D0003F00B07011010040420F0010B50446FB
S315080303E098B10B4BD3F8FC00FFF782FF4FF47A73EF
S315080303F003FB04F0074BA0F6AC50DA689B6810447D
S31508030400C01ABDE81040FFF791BF4AF6C870F8E76F
S31508030410004F00B0246000202DE9F843054608463E
S3150803042014461E46FFF764FF002D00F0848016F07D
S31508030430040754D0286900287FD04FF47A735843A9
S31508030440454BA0F6AC509B68C01AFFF76FFFA06236
S31508030450A88B002874D04FF47A7358433E4BA0F602
S31508030460AC509B68C01AFFF761FFE0613B4BE96834
S31508030470D3F80080002966D04FF47A735943364B74
S31508030480A1F6AC519A685B68891AC91A344BC8171E
S315080304901A68DFF8D490A2FB011302FB003311F1AB
S315080304A0807143F10003490E41EAC31180392D4B8C
S315080304B02162D3F8C4306362D9F8003053B1404699
S315080304C017F0ACF830B12246D9F800302249D8F8EB
S315080304D0E40098470021A869FFF780FF6063B30724
S315080304E010D5284600F084F820636B6973B31A4A5B
S315080304F0D0684FF47A7202FB0300A0F5FA50FFF7AF
S3150803050015FFE062BFB1A86818B34FF47A7358436E
S31508030510A0F5FA50FFF70AFF6061286840B14FF467
S315080305207A720D4B1B6803F51C53103302FB00301C
S31508030530FFF7FCFEA061BDE8F8834AF6C87084E7B6
S315080305404AF6C8708FE74AF6C8719FE747F23050F4
S31508030550D5E747F23050DDE724600020AC5C002085
S3150803056034600020003F00B02060002070B50646C6
S3150803057008461C4617F0A8F90546D6F8F00000F019
S3150803058011F84368054A002BA8BF4FF4FA721A44B8
S31508030590034B601992FBF3F2104470BD0CFEFFFF88
S315080305A018FCFFFF40B10368012B05D90069034B0B
S315080305B0002808BF18467047004870470005050815
S315080305C028B1094881420CBF2F20BC207047074A2F
S315080305D0536F106DC3F301111B0C01FB033300F0BA
S315080305E01F0001301844704748E80100004001B86D
S315080305F0406840B14FF47A72044B1B6803F51C53E9
S31508030600103302FB0030FFF791BE00BF24600020C1
S3150803061070B588B06D46184C0FCC0FC594E80F001B
S3150803062085E80F00EC22002114480FF0FDFAB022EA
S31508030630002113480FF0F8FA2022002111480FF081
S31508030640F3FA17F0AFF9104B1B783BB16D460A4E18
S315080306500FCD0FC695E80F0084E80F000C220B494F
S315080306600B480FF0FEFA0B4B0B4AD3F87831C3F35A
S315080306708243136608B070BDE03F00B0643E00B025
S31508030680503F00B0E04F00B0C766002010050508CC
S31508030690AC3E00B0000002B8003F00B0064BD3F8EA
S315080306A0EC0E064B9B6C1A0103D4054B9B6E1B047D
S315080306B001D500F580707047003000B0000002B81D
S315080306C0004000B810B51AF074FE0E210446032044
S315080306D0FEF72CFA40F20122034B2046BDE81040F0
S315080306E0DA621AF061BE00BF004000B8064B00206C
S315080306F01B6893F82430DB0902BF0322034BC3F8B4
S315080307005022F8F72FBC00BFAC5C0020006001B88C
S31508030710012370B5074C2370074B1E68074B3240FD
S31508030720D3E9005319402840F9F75CFC00232370EA
S3150803073070BD00BFE46600203C600020082E002040
S31508030740024B1879C0F3C000704700BF082E00207B
S31508030750034B1B6813F4C06F14BF012000207047B6
S31508030760082E002010B50446FEF736F800F078FF89
S315080307702046FCF74FFAFDF7B7FFFDF72DFAFDF70D
S31508030780A3FAFFF7E7FD15490723154AD1F8FC1025
S3150803079004F58270FFF740FE4FF080710020FDF7E5
S315080307A0D5FD4FF000720F4B4FF400110120C3F82B
S315080307B00021FDF7CBFDFEF7B3FE20B94FF48F7288
S315080307C01421F7F7CDFE17F0EBF80120FDF702F930
S315080307D0BDE81040002017F00CB900BF004F00B069
S315080307E0A43F00B000D001B88023074A5364082306
S315080307F040B15364054AD2F8BC3E23F02003C2F83D
S31508030800BC3E7047024AF4E7001002B8003000B055
S31508030810002002B8012110B50020FFF7E5FFBDE867
S315080308201040024B1961024B5B681847000002B877
S315080308301C7D002070B582B014460546FFF7AEFC52
S31508030840F9F7E6FE002800F08E80504B5B6913F03B
S31508030850060340F0888022790093022A41D1237B3C
S31508030860022B32D00320FDF753FB18B9484BDB683C
S315080308705B0478D5A37B267B003B18BF0123A268BC
S315080308804449012E0B70019273D000F0DBFE04205D
S31508030890FDF73AFA04203D4D0223696F324621F0EB
S315080308A0F85121F4F81141F0506141F48031696738
S315080308B00DEB0001FDF746FA044600284CD001204B
S315080308C030223549354B08701A65354C23689847E5
S315080308D0212849D10121636800209847002002B0E6
S315080308E070BD0320FDF714FB00283CD12179D5F808
S315080308F00C310129226839D0D01A0026234B294AFC
S3150803090000905A679E67637B274823F04006002EAC
S31508030910C3F3801303700CBF012300232349244A1E
S315080309200B70D2F8BC3E224A0CBF43F0200323F0D7
S315080309302003C2F8BC3E0320FDF7E6F9134A1D4916
S3150803094001235167032069462279FDF7FBF9D8B1DC
S315080309500122194B1A7082E70320FDF7D5F9114ACC
S31508030960154B6A671C700E2002B070BD9342C4D83B
S31508030970C2E72379022B88D0009BD5F80C110026F1
S315080309800B441344019380E72120EDE700C001B827
S31508030990000002B8E3660020E6660020001002B8ED
S315080309A01C7D002000000101E1660020E2660020AC
S315080309B0003000B0010C0100E0660020F7B5002402
S315080309C01A4B064620461A4F1C70FFF70DFF194BA4
S315080309D00D467B67BC674879431E58425841F9F769
S315080309E025FA40F60143BB672A792968012AD6F80E
S315080309F0143101D1994200D3CC1A042303200DEBF9
S31508030A0003010194FDF79EF928B9882221200A4B90
S31508030A105A6403B0F0BD094C236898472128F8D1D6
S31508030A2001210020636898470020F2E7E06600206A
S31508030A3000C001B800000101002002B81C7D002097
S31508030A4038B5164C0546207840F27D22B0FA80F078
S31508030A503E214009F7F784FD55B14FF44062104B28
S31508030A60D3F80831C3F3812323700E4BC3F8082147
S31508030A70607840F27D22B0FA80F03E214009F7F70C
S31508030A806FFD55B14FF44062054BD3F80C31C3F3F0
S31508030A9081236370034BC3F80C2138BDDD66002040
S31508030AA0004000B8006000B810B5104B104AD3F8E0
S31508030AB0B8001478596A9A6A00F00F0021F4706135
S31508030AC022F0E052844241EA042142EA84624FF06A
S31508030AD01F04084835BF9A6259625962C0F8B8407C
S31508030AE034BFC0F8B8409A6210BD00BF00C000B852
S31508030AF0C166002000E000B8A82238B51C4B5D6C1F
S31508030B0003F500535A6410229A60A3F5804302F151
S31508030B1000521A675A6601F01FF8164B1B7813B969
S31508030B200320FDF7F1F80024134B9C6701F03AF80C
S31508030B30124A134BD2F8EC1E0B40C2F8EC3E0422C1
S31508030B40104B5A64104BC3F8C440FFF7ADFFAB060E
S31508030B5007D50E4B5B6FB3F5817F22BF8022044B0B
S31508030B601A61FAF797FD0022094B1A7038BD00BFC0
S31508030B70000002B8E066002000C001B8003000B0EB
S31508030B80DF0000FF002002B8003E00B0003F00B0BF
S31508030B90DF66002008B5FFF795FD01F003F801228B
S31508030BA0064B5A6102229A62042203F580535A6459
S31508030BB04FF4C062A3F540439A6508BD001002B816
S31508030BC038B5174A174B184C656C5A6700F0EAFF95
S31508030BD0FF22164B15F0A00F9A604FF4807222611C
S31508030BE04FF004025A6401D000F0D0FF6369D907B5
S31508030BF014D5E06810F07060FBD10D4A536E23F0EC
S31508030C00F003536601F02AF80A4BD3F84C315A1C01
S31508030C1001D05B0002D50122044B5A6138BD00BFDF
S31508030C200000010100C001B8000002B8002002B8A4
S31508030C30003F00B00080E00F0D4A10B5D2F8A0308F
S31508030C40D2F8A4100B40B3F1804F0CD34FF04040B9
S31508030C500849094CC1F8A400D467C1F8A0004FF4A9
S31508030C608021064AD161034AC2F8A03010BD00BFED
S31508030C7000400050006000500000FF01001002B859
S31508030C80034B187818B9034BD868C0F380307047FC
S31508030C90DF660020000002B89B4B2DE9F04F9A6EE1
S31508030CA0DB6E87B002EA0308984BC3F868804FF0F7
S31508030CB03A43D3F81471D3F818311F40944BC3F849
S31508030CC01471944B9A68DB6802EA030A924BC3F8D9
S31508030CD008A003F52043DA691B6A02EA03098F4B66
S31508030CE009F47702DA618E4BD3F80422100305D48C
S31508030CF0D3F8046116F4002600F0E1801AF059FBD4
S31508030D00884B5A695E6E02F0060BBBF1000218BFE8
S31508030D1001221B6F01921E40834A26F0007323F4B7
S31508030D2000637107536606D5804A92F87930013312
S31508030D30DBB282F879301AF037FBB8F1000F00F00E
S31508030D40DF8018F4004427D01AF033FB0146FFF777
S31508030D50A5FC0446764B1D682A682B689A42FCD084
S31508030D602A689A42FCD0FFF799FCA04240F0A98072
S31508030D7008461AF019FB6F4B1C606F4B5D6C15F434
S31508030D80E05B40F0A08024F07F4424F0DF040CB934
S31508030D90FFF7B2FE4FF08074002518F0020F12D049
S31508030DA0654B5E495B6C03F460424A64002A00F0B3
S31508030DB09E801A0400F19E809D0440F19E804FF0A8
S31508030DC0006300251C43C8F340384FEA48085B4BC9
S31508030DD03B40002B4BD017F4206F0AD04FF4B9626F
S31508030DE006210020F7F7BCFB002000F037FF27F4A5
S31508030DF08027F80506D5FF22484B44F4C0649A6059
S31508030E00FFF760FC17F0090F0BD040F2DD520821FB
S31508030E100020F7F7A5FB00F015FF4FF03A43012230
S31508030E205A6317F0106F0CD040F2E65209210020DE
S31508030E30F7F796FB00F006FF002211461046FBF76C
S31508030E40EDFF17F4202F0AD040F2EE5207210020B7
S31508030E50F7F786FB002000F001FF27F48027F90344
S31508030E6001D5FCF78DF9002FB8BF48F008087A07B3
S31508030E700ED54FF03A431B6B13F4005F4FF4005340
S31508030E8017BF234A2E4A136344F4000408BF1363A7
S31508030E907B0548BF44F0040417F48023029300F04B
S31508030EA0B780FCF723F9013806284BD8DFE810F09A
S31508030EB077017A0177017D01800183018301019618
S31508030EC03BE7044648E7FFF717FE144BC3F844B05D
S31508030ED015F4805305D115F4806505D04FF0806469
S31508030EE05AE74FF0804457E74FF0805455E74FF0E1
S31508030EF0007366E74FF0004363E74FF0005360E77C
S31508030F004446454663E700BF004000B8006000B8A2
S31508030F10002000BA004001B8006001B8002002B8FA
S31508030F2000E100E000C001B800E001B8003E00B0EF
S31508030F30C001050838600020000002B8090B0B89B8
S31508030F40001000BA40F21F6203210020F7F708FBDE
S31508030F504FF03A420121D2F88C30D2F8AC0003F0B4
S31508030F600703063301FA03F3C0F30C001B1A9BB2FB
S31508030F70072B12D99A4B5B6C58020ED49948D36C3B
S31508030F80D26E406D58B103F0070306339940C2F396
S31508030F900C03C91A89B2072901D844F40074924B81
S31508030FA01B78002B34D04FF03A43D3F8143113F49B
S31508030FB0A02F2DD18D4BDFF870B21B7883B9F204BD
S31508030FC00ED49BF800305BB18949C4F3C003D1F84A
S31508030FD0EC1E83F001035B0021FA03F39B0717D189
S31508030FE00420FCF791FE834B8349596700F02AFBDB
S31508030FF09BF8003043B9814B1B782BB1804B814A50
S315080310001B682340134201D144F4804426F48056D6
S31508031010BAF1000F31D01AF4805F18BF44F4802464
S315080310201AF4807F18BF44F400241AF4005F18BF2B
S3150803103044F010041AF4007F18BF44F020041AF48D
S31508031040806F06D04FF480626F4B44F04004DA6039
S315080310509A601AF4006F06D04FF400626A4B44F0A4
S315080310608004DA609A601AF0805F06D0674B002125
S31508031070186845F48055F9F7FBFAB9F1000F39D02A
S3150803108019F4802F18BF45F4007519F4803F18BF6B
S3150803109044F4805419F4801F18BF44F4003419F437
S315080310A0001F18BF44F0020419F4003F18BF44F4A4
S315080310B0801419F4800F18BF45F0100519F4002F92
S315080310C018D04B4BD3F8BC3E13F0C00F12D0444B89
S315080310D0DA6802F03062B2F1407F05D19A6CD00625
S315080310E002D4DB6C190769D54FF40022484B29F45F
S315080310F00029DA61002E00F0478132051ED54549DD
S31508031100DFF8F0B091F803A0434ABAF1000F00F0F4
S315080311108D804FF400600AF1FF3A50665FFA8AF24F
S31508031120CA703AB93D4A1278002A4AD040F60142B3
S315080311303B4B5A670022134614431D43B30009D594
S315080311402E20FCF725FD4FF00052334B45F00805DA
S315080311501A675A66F00608D52B20FCF719FD1022E4
S315080311602D4B45F400151A675A6616F0306F40F092
S31508031170A580F10440F1FC80019B002B40F0DC8044
S31508031180244A1379002B00F05681013BDBB2137115
S3150803119013B9234B234A5A6700231C43E8E044F454
S315080311A08034D5E644F40064D2E644F48064CFE69A
S315080311B044F48074CCE644F00804C9E644F4001405
S315080311C098E7DBF8782012F4A05F15BF4FF4807216
S315080311D040F60142CBF85820CBF87820AAE700BF9F
S315080311E0000002B8004000B8E6660020E566002065
S315080311F0003000B000C001B800000101E16600201C
S31508031200082E0020088D0100006001B8AC5C0020A0
S31508031210002002B8CD66002000E001B8E066002091
S3150803122000D001B80000010DE26600200320FCF798
S315080312306BFD4FF40061A34A5166DBF8141011F0F5
S31508031240060126D05046FCF7CBFEDBF86410DBF824
S3150803125070309C4A0B4013F0100F1FD010232D201B
S3150803126013675366FCF794FC4FF4001A9649974A9A
S31508031270B1F8763013F4006F1CD023F40063A1F899
S315080312807630137803F0FF025BB14FF400425346FE
S3150803129052E741F61F705067CBF878104FF0000AF3
S315080312A0E4E70392FDF75EF8FFF726FC039A4AF094
S315080312B0200341E713784FF40052E8E7320115D5C6
S315080312C02920FCF765FC824B8249DB6803F48042DC
S315080312D0C3F380330B70FFF733FA28B17E4B794992
S315080312E07E484B660367D2B945F00405B30123D597
S315080312F00420FCF709FD2720FCF74AFCFFF7FCFB53
S315080313004FF000726F4B5A66754BD3F8EC2E5106A5
S3150803131079D40222734B9A6045F0020523E00B67E2
S3150803132020204B66FCF734FC45F400152D2045F0C8
S315080313300C05FCF72DFCD9E716F0807FDFF8A8A18A
S315080313404CD00420FCF7E0FC2820FCF721FCDAF853
S315080313507830002B3ED1FFF7CFFB5A4B5E4A45F058
S3150803136001051A675A66FFF7C1F900225E4B9A65AB
S31508031370B20409D55D4A5379002B00F09E80013BE0
S315080313805371002348EA0308554BD3F8BC3E1B06A2
S3150803139003D520462946FAF7F9FD4246204629464B
S315080313A0FFF7B6F9029B0BB1FBF7D8FE4FF40042E1
S315080313B04F4B07F00437C3F814714E4B19F4002F3B
S315080313C0C3F884211EBF4FF40022464BDA6107B0E7
S315080313D0BDE8F08F0023CAF87830BEE7F004C4D519
S315080313E00420FCF791FC444BCAF87430FCF7BAFFA7
S315080313F0DAF8643013F0407FB7D12A20FCF7C8FB2C
S31508031400FFF77AFB80E7D3F8BC3E9A0684D4022218
S315080314103A4B9A603A4B1B6893F825309B077FF53E
S315080314207BAF294B93F8D830002B3FF475AF802256
S31508031430274B1A6170E70420FCF766FC0320FCF7C8
S3150803144063FC294B2C4A5A6719F0B3FF82460DF100
S315080314501700FDF7ABFC2B4B83461B780BB1FFF745
S3150803146031F9BBF1030F0ED1DFF864B00020FDF7A5
S315080314709DFC032807D1DBF82830D807F6D4DBF818
S315080314804830D903F2D49DF81730032B06D101222D
S315080314901D4B50461A7019F087FF7DE64FF03A4305
S315080314A0D3F8143113F4A02FF1D100F0CBF850463A
S315080314B019F07AFF4FF480436FE60520FCF724FC06
S315080314C001235FE700E001B8003E00B0E0660020B4
S315080314D0000002B8DF6600201000002000D001B823
S315080314E0003000B0002002B800C001B8CD66002065
S315080314F0002000BA00E100E000000101001002B874
S31508031500AC5C0020E3660020E56600200122024B5E
S315080315101A62DA61704700BF002002B8094A08B5A3
S31508031520D369116A0B40084923F47F00DB07C861B6
S3150803153006D5D1684FF0FF30C1F3036116F03BFAC5
S3150803154008BD00BF000002B8002002B80C4A08B55F
S31508031550936CD26C13400B4A9364DB070FD50A4B83
S3150803156040F679021878122100F00100F6F7F8FF21
S31508031570BDE80840002201200021FFF7C9B808BDCD
S3150803158000C000B800E000B8082E002038B50C4C9F
S315080315900C4DD4F88430DB0706D4A36FD4F8842023
S315080315A01340094A936738BDD5F804315A02F0D572
S315080315B000F02EFD4FF48003C5F88431E9E700BF38
S315080315C0008001B800E100E000A001B808B519F0F1
S315080315D0F0FE0E4B1A78A2B90D4A126812F4843F2C
S315080315E00FD10C4A102111651B7863B9084B1B6888
S315080315F0DB0508D4074B20221A65BDE8084019F015
S31508031600D3BE054AEEE7044BF5E700BFE6660020BE
S31508031610082E0020002002B8001002B810B519F0F1
S31508031620C8FE0E2104460320FDF780FA40F2012284
S31508031630034B2046BDE81040DA6219F0B5BE00BF79
S31508031640004000B80022044B1A70044B197811B1F4
S315080316501A70FFF7BBBF7047E5660020E6660020F1
S3150803166038B519F0A6FE4FF48043274C0546C4F84F
S315080316708430BFF34F8FBFF36F8F4FF40043C4F823
S315080316808430BFF34F8FBFF36F8F4FF48033C4F8A3
S315080316908430BFF34F8FBFF36F8F4FF40033C4F813
S315080316A08430BFF34F8FBFF36F8F4FF48023C4F893
S315080316B08430BFF34F8FBFF36F8FFEF709FB4FF4E9
S315080316C00023C4F88430BFF34F8FBFF36F8F4FF4F3
S315080316D08013C4F88430BFF34F8FBFF36F8F4FF473
S315080316E00013C4F88430BFF34F8FBFF36F8F4FF4E3
S315080316F00003C4F88430BFF34F8FBFF36F8F2846B8
S31508031700BDE8384019F050BE00E100E038B519F0DD
S3150803171050FE05464FF480430E4C63604FF4004376
S3150803172063604FF4003363604FF480236360FEF70E
S31508031730C7FA4FF4002363604FF4801363604FF4D2
S31508031740001363604FF4000363602846BDE838401E
S3150803175019F02ABE00E100E02DE9F047DDF820A0E4
S3150803176003EA0108099B06460D4602EA000703EA4F
S315080317700A09BAF1000F40F06881031F0B4300F012
S315080317802881052871F1000380F0FE8050EA0103E1
S3150803179000F0D081431E0B4300F03E81FFF760FF44
S315080317A0BD4AD2E9004323EA050324EA06043C4377
S315080317B043EA0807B94BC2E900471E6826EA0A0640
S315080317C046EA09061E60FFF701FF14F02A4F0CBF0D
S315080317D04FF4004348F20203B14AB507D26EB14843
S315080317E048BF43F4005383EA020122EA0302C266AE
S315080317F0AD4A0B408166D366C4F3804212032003C5
S3150803180048BF42F48072E10648BF42F40052A74932
S31508031810A30648BF42F4007214F0400FD1F888308B
S31508031820A34800F031815D0505D44FF480652B4349
S315080318308560C1F8883014F0800FD1F888309C4849
S3150803184000F05C811D0505D44FF400652B438560C4
S31508031850C1F88830974B9648D96817F4007F82EA0F
S31508031860010323F0805301EA030102EA0302C1607C
S315080318708360914BDA608D4B07F4007200F0468162
S3150803188001224FF4802583F88420E30448BF45F4F6
S315080318908035A00348BF45F48015A10748BF45F422
S315080318A0001514F4001FDFF84C8206D0D8F80000A0
S315080318B016F09DF808B945F40025E20248BF45F439
S315080318C00035FB067D4B48BF45F480051A6A7C49FB
S315080318D085EA020323F001031A400A621D40CB611D
S315080318E0784B16F0010F1D62774B784A08BF1A46E4
S315080318F0774B7D071B6F48BF42F00062754882EA43
S31508031900030123EA02030367734B0A4041661A6716
S31508031910724A04F00103D16CA0F5803081EA030210
S3150803192021EA0301C16482641A406D4B2002DA641A
S31508031930D8F8002048BF6B4B92F8022158BF6A4B70
S31508031940610748BF43F4806322B114F4C06F18BF1C
S3150803195043F4807332074FF03A42BDE8F047D2F8B2
S31508031960181148BF43F0004383EA010222F4A02278
S315080319705E481140C0F818111340C0F814215C4A98
S31508031980C2F81831FFF7C2BEA0F580630B4306D031
S3150803199020F48063A3F500730B437FF4FFAE19F0BD
S315080319A008FD3D49D1E9003223EA060322EA050286
S315080319B042EA08023B43C1E900324E4A126892F8EA
S315080319C002114A4A09B313F4C06F1ED04FF4807349
S315080319D011E019F0EEFC304AD2E9003123F0040392
S315080319E03B4341EA080157EA0807C2E900314FF4C5
S315080319F080633E4A0BD0C2F81431A2F58052C2F86E
S31508031A001831BDE8F04719F0CFBC4FF48073C2F81C
S31508031A101831C2F81431F4E719F0CBFC1E4AD2E99F
S31508031A20003123F001033B4341EA0801C2E90031CF
S31508031A300123314A57EA08071BBF9364A2F580526C
S31508031A40D364D36408BF9364DBE750EA01037FF4E6
S31508031A50A5AEBAF1010F7FF4A1AE19F0AAFC0F4A9D
S31508031A60136823F0010343EA090313604FF4005391
S31508031A70184AB9F1000F04D05366A2F580521367CA
S31508031A80BFE713675366BCE723F48063C1F888305E
S31508031A904FF480638360CEE6082E00203C60002066
S31508031AA0004000B8006000B8005000B8003F00B01E
S31508031AB0006001B8004001B8005001B8000002B840
S31508031AC0002002B8001002B8041800030438000303
S31508031AD000C001B800E001B800D001B800C000B8E2
S31508031AE000D000B80D0A0A09090A0A09002000BA33
S31508031AF0001000BAAC5C002000E000B823F40063D1
S31508031B00C1F888304FF400638360A3E693F8841022
S31508031B1071B183F88420084BD3F8A41003F5005356
S31508031B20C3F8A410C3F8A0104FF05023C3F8A42099
S31508031B300025AAE6BDE8F08700400050024B186866
S31508031B4000F00100704700BF082E0020014B5879AA
S31508031B50C0097047082E00200A4B197801F0FF02C6
S31508031B6029B10021197008499202C1F80821597848
S31508031B7001F0FF0229B1002159709302024AC2F803
S31508031B800C317047DD660020005000B84FF4006240
S31508031B90034B5A644FF40042A3F5E0339A66704741
S31508031BA0001002B8F8B5084C084D636C0423084FB7
S31508031BB06B64636C5B0300D4F8BD042602207E6461
S31508031BC015F05FFE6E64F4E7000002B8001002B871
S31508031BD0002002B838B5044671B940B1154BDB6825
S31508031BE013F0606F04D04FF4C062134B9A6538BD87
S31508031BF0124B1B6CD907F6D4FFF710FD0D4D0020C9
S31508031C00FDF7D4F8032801D0092805D1AB6ADA070A
S31508031C10F5D4AB6CDB03F2D4FFF7C4FF0122084B00
S31508031C205A6102229A62042203F580535A64002CED
S31508031C30DDD0D8E7000002B8006001B800C002B8DA
S31508031C40001002B808B503210920FCF76FFF20220C
S31508031C50014B1A6108BD00BF000002B838B5054636
S31508031C6019F0A7FB0E4B04461868FBF703F935B1C1
S31508031C70FFF7E8FC2046BDE8384019F095BB094B49
S31508031C801B78002BF6D0084B1D78002DF2D1FFF7F1
S31508031C90D9FC2A464FF480400021FEF739FDE9E7CF
S31508031CA0AC5C0020E5660020E46600202DE9F84FC9
S31508031CB0584B07460E4615465C6C002A40F0A7802B
S31508031CC004F0A004003C18BF0124F9F7E3FCFEF76F
S31508031CD0EBFEA0234FF0000A4F4A03205364FCF798
S31508031CE013F80420FCF710F8DFF86081FFF7AAFC65
S31508031CF04A4B4FF0040BC8F87430C8F878A0FFF7BE
S31508031D0051FF474B444AD3F8BC1EDFF8089141F00C
S31508031D102001C3F8BC1EFF2191604FF48071C9F8F6
S31508031D201010D3F8EC1E3F480840C3F8EC0EC2F86F
S31508031D3044B0C3F8C4AED8F8143013F0060F04D071
S31508031D40FCF710FB5846FBF7DFFF0CB1FFF71EFF46
S31508031D5047B1FFF763FCFFF775FF0420FBF7D4FFD2
S31508031D60FFF7FAFED9F81430D9074BD5294AD368B1
S31508031D7013F0706FFBD1284B2B4A5A642B4A536EC8
S31508031D8023F0F003536616B12846FFF767FF284B7F
S31508031D90D3F84C315A1C01D05B0002D501221E4BE5
S31508031DA05A61002D2ED0234B2049DA6E03F50053D2
S31508031DB09A6603F5D0331B6A174A23F00103D361E6
S31508031DC01D4BD1F88800DB681C4903438B601C4B09
S31508031DD0C860D3F8841003F5005399674FF03A4364
S31508031DE0D3F8181103F50053C3F81411154BD96C1E
S31508031DF003F500539964144903F5803359664FF67E
S31508031E00084353640020BDE8F84FFAF7B7B800242F
S31508031E105BE700BF000002B8002002B8000001011A
S31508031E20003000B0DF0000FF10003000003F00B0B4
S31508031E300080E00F004000B8004001B8006001B818
S31508031E40008001B800C000B85000002F00C001B8D8
S31508031E5010B5D0F87C4184EA02030B406340C0F80E
S31508031E607C31064B1B68834207D1054BD3F8BC0E5E
S31508031E70424011404140C3F8BC1E10BDAC5C002073
S31508031E80003000B0064B1B6883420ABF054BD0F8E7
S31508031E907C31D3F8BC3E99430CBF01200020704720
S31508031EA0AC5C0020003000B02DE9F84317460A431E
S31508031EB0012A054698469DF820909DF824600A9CB9
S31508031EC042D8B14540D2082E3ED8032B3CD8002C25
S31508031ED03AD00A460021F8F743FAFF201B4B09F1CB
S31508031EE06402D3F800C04FEAC8039840C043494682
S31508031EF002EBC702DFF858904FEAC70E05EB8202DA
S31508031F0004F1FF38CCB2A64202D80020BDE8F88314
S31508031F10AC4503BF0EEB010409EB8404D4F8F47053
S31508031F20576818F8014F0740AC4504FA03F444EA26
S31508031F30070402BF0EEB010709EB8707C7F8F4404E
S31508031F40013142F8044FDDE72120DFE7AC5C0020CE
S31508031F50003E00B0174BD3F8BC2E12F0010312D083
S31508031F60154B93F84830154A43F08073C2F8D030BE
S31508031F704FF4801302F50052C2F8B430A2F580522A
S31508031F80C2F8B83070471106EDD40D4B93F84711D4
S31508031F9021B1D20602D593F84431E4E74FF480120F
S31508031FA00020084B0549C3F8B820C1F8D000C3F888
S31508031FB0B4207047003000B0003F00B0004000B8BE
S31508031FC0003E00B0006000B802220E4B10B41A643B
S31508031FD00D4AA3F5005314685B687CB1DBB2042B86
S31508031FE007D100220121094B186823465DF8044BE3
S31508031FF01847052B02D100221146F4E75DF8044B76
S31508032000704700BF00E009502C5F0020AC5C00203D
S315080320100C4B10B51C6C5A6C14400B4A24F0020185
S315080320201164E20705D540F2BD1200201968F6F7D8
S3150803203097FAA30704D5BDE810400248FFF7C4BFC3
S3150803204010BD00BF00C0095000E009502DE9F04754
S315080320504FF6FC7700251646DFF8748003311A4BD2
S3150803206008EB00140F404FEA001A1B68628081468A
S3150803207028F80A7002FB07F0E560984717FB06F392
S315080320809BB2024660602381E0B11049204651F8AD
S31508032090291009F09BFD2946228960680DF0C4FDC5
S315080320A029462B469E4205DC0020D044A8F8026048
S315080320B0BDE8F0876268E068551850500133E5605B
S315080320C03944EFE71A20F3E7406000200C4105087E
S315080320D06C60002010B5094C04EB001463682BB13F
S315080320E0204609F075FD606816F014F82046BDE829
S315080320F01040102200210DF097BD00BF6C60002030
S31508032100034B0201C3E90010002102480DF08CBD00
S31508032110406000206C6000200022024BC3E90022C5
S31508032120704700BF4060002038B5094B020103EB36
S315080321300014E568204629469A5A09F04AFD25B14E
S315080321402B68E3606388013B6380284638BD00BF7C
S315080321506C600020054B03EB0010C3680B604388D3
S31508032160C1600133438009F035BD00BF6C600020B0
S31508032170044A010102EB0013505A10B11B89B3FB41
S31508032180F0F070476C600020054B10B553F82040FB
S3150803219004B910BD2046636898472468F8E700BF6A
S315080321A0606000200020134B10B51870124B134CB7
S315080321B0C3E90000124B206018706060A060FFF747
S315080321C0D7FF80B2A0F10E036380A0F11403013098
S315080321D060810C49201DE38009F0F6FC20460A4974
S315080321E009F0F2FC04F108000849BDE8104009F0BB
S315080321F0EBBC00BFE8660020606000209462002004
S31508032200E7660020C1D00408CAD00408D4D004085D
S3150803221010B50848074C09F0DBFC074809F0D8FC59
S31508032220201D09F0D5FC0023221F44F8043C536003
S31508032230636010BD986200209462002070B504465E
S3150803224048B319F0C3F8002363712379054613F0DD
S31508032250100605D010232371BDE8704019F0B1B8F4
S315080322600D4903F0030331F823203046013A21F8D8
S3150803227023202146094CFFF76DFF23781BB130460F
S31508032280FFF782FF2670064B5B6813B10120FFF741
S315080322907BFF2846E0E770BD94620020E8660020CD
S315080322A06060002038B50446057A19F08FF8054BA7
S315080322B053F82520226043F82540BDE8384019F035
S315080322C080B800BF606000202DE9F04F04468BB04C
S315080322D00592420748BF00F0F704029119F076F811
S315080322E0DFF894A104F003060AEB86033AF82620DE
S315080322F05B8880469A4204F0EF094FEA860739D28B
S315080323000020FFF711FF0546A0B33AF8263001333C
S315080323102AF82630404619F054F8002D40F08280FA
S3150803232023071DD51F2C1BD904F0E0035744039339
S3150803233019F04CF83AF82620AA467B88DFF8388144
S315080323409A422CBF4FF0000B4FF0010B464F19F082
S3150803235038F808EB86030693444B1B789A450ED345
S31508032360C4F3800080F00100494600F0010000F044
S3150803237085F86EE001223E4B00251A70CAE73B78C2
S31508032380039A1A4204D07B680193019B1B681BB905
S315080323900AF1010A0837DFE709935A79D00709D5FD
S315080323A01A79510706D5BBF1000F0CD189EA020247
S315080323B0920708D001931B68002BEED1E5E70121AC
S315080323C02B4A117026E0019815F0DFFB90F804B04C
S315080323D0099009A815F0CFFB5946002000F04EF8DE
S315080323E018F0F4FF069B38F826205B8804909A4277
S315080323F034BF4FF0010B4FF0000B03D20020FFF759
S3150803240093FE0990099B002BD9D038F82620013270
S3150803241028F826200498079318F0D3FF079B002B68
S31508032420B3D01D46284615F0C4FC029B029AAB712D
S31508032430059B85F804901344EB710E4B5B6843B117
S3150803244018F0C4FF04460120FFF79EFE204618F045
S31508032450B8FF0948452200EB8600294609F0B9FB6F
S3150803246028460BB0BDE8F08F48600020E7660020D9
S31508032470E8660020606000209462002070B5054677
S315080324800E46054B1C6804B970BD63683146284679
S3150803249098472468F7E700BF6860002038B5124DEF
S315080324A02B78FBB9114B002808BF1846046804B9F2
S315080324B01C680D200E49FFF723FE5423B4FBF3F2E1
S315080324C000235121184692B2FFF7C0FD044620B1F6
S315080324D0FFF722FE1924204638BDFFF763FE0123C2
S315080324E02B70F8E71224F6E7E96600203CD10408C6
S315080324F01925030810B5074C23784BB1FFF788FE57
S315080325000020FFF7E7FDFFF707FE0020207010BD48
S315080325101120FCE7E9660020012838BF012038B5F9
S31508032520C41C24F00304204609F07FFC0546014633
S315080325302246084809F04DFB2DB921460220FFF72C
S315080325409DFF284638BD2246002128460DF06CFB20
S31508032550F7E700BF4041050810B5064C237823B9B1
S31508032560E6F772FC18B901232370002010BD40F268
S315080325700740FBE7EA66002038B50A4B05461B7891
S315080325800C463BB908490948FFF7E6FF10B140F284
S31508032590074038BD294620460CF0CBFC0028F8D066
S315080325A0F5E700BFEA660020EFBEADDEBEBAFECA97
S315080325B0704710B50446EFF7B7FD58B90320EBF794
S315080325C02DFC20460FF0DCFB28B92046BDE8104059
S315080325D0D4F788B9002010BD00B589B001A80FF05B
S315080325E0DAFB4FF4005301A80193FFF7E2FF09B0A2
S315080325F05DF804FB08B5EFF797FD18B1BDE8084089
S31508032600EFF77ABD08BD08B5FFF7F4FFBDE8084044
S315080326100FF0BFBB08B5E8F785FFBDE80840E8F744
S31508032620C7BF1846EAF766BB01207047704701F033
S315080326303DBC89B2D4F70EBADBF7DAB907B504217C
S3150803264001220DEB0100ADF8042007F00EFA002075
S3150803265003B05DF804FB08B5FFF7F0FF002008BDDB
S3150803266007B50421012300220DEB0100ADF8043060
S3150803267007F0FBF9002003B05DF804FB4FF0006395
S31508032680F0B59F6A044607F17843B3F5C04F0D4684
S31508032690164685B00DD201A8D4F768FC039B5B05E3
S315080326A007D53246294620463B6C05B0BDE8F040BF
S315080326B0184705B0F0BD1FB54FF000639B6A03F1D9
S315080326C07842B2F5C04F04D340F2011005B05DF865
S315080326D004FB1B6B03F17843B3F5C04FF4D2012314
S315080326E08DF80430002301A8CDE90233D4F73EFC64
S315080326F0039BDB03E8D5029B1A0EE5D0012A03D117
S31508032700C3F307430A2BDFD94FF000639B6A1B6B9E
S315080327101B6C9847DAE7007A0B7A98422CBF00209D
S31508032720012070470246D0F8940068B9937B73B9C1
S31508032730D2F8900050B9D2F88C3043B9537B127B48
S315080327409B1A5842584170470020704718467047ED
S3150803275008B50146FFF7E6FF50B1D1F8880040B93E
S31508032760D1F8843023B9B1F86800B0FA80F040098B
S3150803277008BD0020FCE710B5044618F027FEA36839
S31508032780013BA360BDE8104018F01BBE10B5044614
S315080327900846214601F055FC2046BDE81040332182
S315080327A0D4F7F2BC38B5044618F010FE0546D4F83B
S315080327B0F40038B118F05CF80124284618F001FE35
S315080327C0204638BD0446F8E738B5044618F0FEFD3A
S315080327D00546D4F80801211D043007F0CFF828462A
S315080327E018F0EFFDD4F8083103F58053D3F89401B4
S315080327F0BDE8384018F03CB82DE9F0410B7C044697
S315080328007F2B4FEA93160D46904698BF002618F07D
S31508032810DDFD07463EB9637B63B904F1900029469B
S3150803282001F016FC19E0032E1CD1A37BD3B90123AF
S31508032830A37301E0013B6373D4F808012946083002
S3150803284001F006FCB8F1000F07D0D4F8083103F5F8
S315080328508053D3F8940118F00BF83846BDE8F041D5
S3150803286018F0AFBD04F19400D9E72DE9F347044600
S31508032870884691461E4615F065FC022844D1F24364
S31508032880D4F89C30D4F8080102F0010201A901F03A
S31508032890C8FA0746E8B915F055FC022805D14FF0E2
S315080328A0FF31D4F8F00017F0F3FE16F00E0F657A31
S315080328B006F002022AD0AB070FD415F043FC022810
S315080328C003D1D4F8F00017F008FF019801F01AFCB9
S315080328D02127384602B0BDE8F087E2B916F00403AB
S315080328E01BD116F008051BD12B4694F85020052A50
S315080328F018D015F027FC022803D1D4F8F00017F0F6
S31508032900ECFE019801F0FEFB0227E2E715F001054C
S31508032910D3D10123E9E70025E6E704251346E4E7CF
S315080329200E25E2E7DDF804A0CAF80480AAF80C909D
S31508032930CAF81440227A8AF811200A9ACAF820207B
S3150803294013B3A27AE17A1301DBB20B43C6F300167B
S31508032950013243EAC60302F007028AF81030A2726C
S315080329604946404601F013F801220199AAF80E00D8
S315080329702046FFF741FF15F0E5FB0228A9D1D4F855
S31508032980F00017F0AAFEA4E765F03F058AF8105091
S31508032990E6E7F7B50F4601A9054616461C4601F0B4
S315080329A002FCD0B9019B64F06F049DF820201C74C7
S315080329B05E745F615B6801211A70019C606800F0B0
S315080329C0E6FFE08118F002FD0446019905F10800C7
S315080329D001F03EFB204618F0F4FC03B0F0BD38B511
S315080329E00D46044608B9022038BD18F0EFFCA36863
S315080329F013B918F0E6FCF6E70133A36018F0E1FC17
S31508032A0025B1236813B100202B60EDE72046FFF7B5
S31508032A10B2FEE8E7F0B587B005460C461646D6F784
S31508032A2059FA04280FD8DFE800F02E30030B0B0001
S31508032A30287A012894BF00200120C00007B0F0BD02
S31508032A402B7A012B21D095F804010028F6D02268A9
S31508032A502846137903F0070723F00703137133880E
S31508032A6005AACDE901320093052263682168D6F7E2
S31508032A7083FD08B9059B33802268137923F007037E
S31508032A801F431771DAE70320D8E70020D6E705388E
S31508032A9003288CBF00200120704737B5044605225A
S31508032AA0D0F8080101A901F07CF998B9019B5C618A
S31508032AB0227A5A74E27A62F07F021A7418F086FC54
S31508032AC00546D4F808010199083001F0C1FA2846E9
S31508032AD018F077FC03B030BD00B97047037A8B4210
S31508032AE005D190F85030002B08BF002070470068C6
S31508032AF0F2E708B510B117F0BBFE012008BD2DE9B2
S31508032B00F84306464FF0020900F1100833690BB97A
S31508032B10BDE8F88318F05AFC0746404601F07DFAEB
S31508032B204469054694F8503023B93846BDE8F84356
S31508032B3018F047BCB4F86830002BF6D0013BA4F86C
S31508032B406830384618F03DFC2B7C7F2B4FEA9312EE
S31508032B5035D9032A07D16869476E27B1AB6A2A6A4A
S31508032B606968007AB84715F0EDFA022805D14FF0DF
S31508032B70FF31D4F8F00017F08BFD94F85030062B8C
S31508032B8020D0082B1ED0032B0BD12046FFF7E0FDE0
S31508032B9038B1637A84F85090DB0602D52046FFF7EE
S31508032BA013FE15F0CFFA022803D1D4F8F00017F074
S31508032BB094FD002328466B6001F0A4FAA6E768692A
S31508032BC0876DCAE72046FFF7ADFD0028E9D0D4F89C
S31508032BD00801217A00F58E50183001F0D9FB30B17F
S31508032BE00923D4F8F80084F85030FFF782FF94F8E5
S31508032BF05030062B04BF072384F85030D1E738B585
S31508032C000446D0F8F8000D46FFF773FF40B9E36FA3
S31508032C102BB1207A2A46D4F880109847012038BD6C
S31508032C200020FCE738B590F850300446042B0D46CF
S31508032C3024D1002914BF0223052380F85030D0F885
S31508032C40F800FFF756FFC8B9E36FBBB115F07AFA78
S31508032C50022803D1D4F8F00017F03FFD2946204691
S31508032C60FFF7CDFF15F06EFA022807D1D4F8F00066
S31508032C704FF0FF31BDE8384017F00ABD38BDC3062B
S31508032C8003D5012907D0042905D0053902298CBFA4
S31508032C90002001207047012070472DE9F0410446C2
S31508032CA018F094FB0646D4F808319D6815BB04F161
S31508032CB0300017F0B5F9D4F808315D69002D35D120
S31508032CC0A04658F88C7F002F4CD12774274657F80F
S31508032CD0905F002D5AD1274657F8945F002D5CD193
S31508032CE0D4F80831DF68002F5ED13046BDE8F041DD
S31508032CF018F067BB15F8203CA5F130007F2B4FEA87
S31508032D009317436998BF0027A3422D68CED1D4F8F9
S31508032D1008110831FFF73AFD1FB9637B0133637363
S31508032D20C4E7032F04BF0023A373BFE715F8203CAA
S31508032D30A5F130007F2B4FEA9317436998BF002705
S31508032D40A3422D68BAD1D4F808111431FFF71EFD32
S31508032D501FB9637B01336373B0E7032F04BF0023F3
S31508032D60A373ABE73D4655F830794046294601F04B
S31508032D7068F9AB7C33B9637B332101332846637324
S31508032D80D4F702FAE37B013BE3739CE7284639460B
S31508032D9050F83059FFF7FAFC9BE72846394650F8AE
S31508032DA03059FFF7F3FC99E7384650F83079436909
S31508032DB0A34298D1D4F808110C31FFF7E7FC84F83D
S31508032DC0055190E7436F10B5044613B1816F007A36
S31508032DD09847D4F8F40008B117F04AFDD4F8F80078
S31508032DE0FFF787FE2046BDE81040FFF756BFF8B544
S31508032DF0044618F0EBFA04F18C070646384601F048
S31508032E000CF9054620B93046BDE8F84018F0D9BA9A
S31508032E10837C23B10146384601F028F9F3E704F128
S31508032E20300017F0FDF8304618F0CBFAAE682EB925
S31508032E302968D4F8080101F063F82E6018F0C6FA79
S31508032E400646D4F808012946083001F00FF9237C11
S31508032E50304601332374E37B013BE37318F0B1FA7D
S31508032E60D4F8083103F58053D3F89401BDE8F84044
S31508032E7017F0FEBC2DE9F041064600F11408736904
S31508032E800BB9BDE8F08118F0A1FA0446404601F0F3
S31508032E90C4F80546204618F094FA6C6915F052F9F9
S31508032EA0022805D14FF0FF31D4F8F00017F0F0FBF4
S31508032EB095F824306BB100212846D4F765F915F047
S31508032EC041F90228DBD16B69D3F8F00017F005FC4A
S31508032ED0D5E7294604F18C0001F0C8F8237C092BB1
S31508032EE006D90A23204684F85030FFF76BFFE6E736
S31508032EF0676941F288307F00676117F0EBF887420C
S31508032F0004D941F2883017F0E5F860612046FFF7E7
S31508032F106EFFD4E7F8B590F85030044618460E46C7
S31508032F20FFF7B5FD08B9042B09D1217A39B1D4F8CD
S31508032F30080110B100F58E50183001F026FA032364
S31508032F4004F1840584F85030D4F884305BBB04F16B
S31508032F508807D4F888507DBB2046FFF79EFE642079
S31508032F60658117F0B7F8002200236061C4E90623D8
S31508032F702046C4E90823C4E90A23C4E93F55FFF7F1
S31508032F80E7FB10B3022384F8503016B12046FFF747
S31508032F901BFC00252046FFF705FCD4F8F800FFF7CD
S31508032FA0A8FD2846F8BD284606F0F3FC0146D4F8E2
S31508032FB0080101F001F8C7E7384606F0EAFC0146BE
S31508032FC0D4F8080100F0F8FFC3E70525E2E72DE981
S31508032FD0F34188461546074600284BD001A9FFF753
S31508032FE0FEFC0646002847D1019C15F0ABF80228DB
S31508032FF005D14FF0FF31D4F8F00017F049FBB8F1CB
S315080330000D0F35D8DFE808F007171D232527292CC8
S3150803301030191B1F3421E56515F094F8022803D1EE
S31508033020D4F8F00017F059FB3846FFF7A4FB3046EF
S3150803303002B0BDE8F0812566EEE7E566ECE72567AD
S31508033040EAE7A565E8E76566E6E76565E4E76567CC
S31508033050E2E7A567E0E7E567DEE7C4F88050DBE764
S315080330602B68C4F89830D7E72B68C4F89C30D3E7A5
S315080330702126D1E72226DAE70226D8E773B501A97E
S315080330800646FFF7ACFC0446C0BB019D15F05AF88B
S31508033090022805D14FF0FF31D5F8F00017F0F8FAFA
S315080330A0697A11F010010ED015F04CF8022803D1F5
S315080330B0D5F8F00017F011FB3046FFF75CFB0F2439
S315080330C0204602B070BD95F85030022B06D0032B6C
S315080330D010D08BB12846FFF71DFF044615F032F8CA
S315080330E0022803D1D5F8F00017F0F7FA3046FFF7B0
S315080330F042FBE5E70524F1E70224EFE70224DFE7CD
S3150803310038B5044618F062F92568034635B16A7A74
S31508033110D20603D418F055F90F2038BDA268012A40
S3150803312004D9184618F04DF90420F6E70022184684
S31508033130A26018F046F9BDB115F004F8022805D1C6
S315080331404FF0FF31D5F8F00017F0A2FA012128460F
S31508033150FFF7E0FE14F0F6FF022803D1D5F8F000D6
S3150803316017F0BBFA002323600020D6E72DE9F041C8
S315080331709AB00E4601A90746FFF731FC0546002813
S3150803318040F09880019C227B637B934201D1012BFB
S3150803319007D03846FFF7EFFA212528461AB0BDE8C7
S315080331A0F08114F0CFFF022805D14FF0FF31D4F890
S315080331B0F00017F06DFA94F85030013B042B77D8DA
S315080331C0DFE803F04A03764A0800237A73B905232E
S315080331D084F8503014F0B6FF022803D1D4F8F0006F
S315080331E017F07BFA3846FFF7C6FAD6E716F0010654
S315080331F017D0D4F8080138BB01F08EF840B3D4F8D9
S31508033200080110B100F58E501830217A01F0BAF88A
S315080332108046E8B11EB9D4F8F80017F051FB4546C5
S31508033220D8E706AB049350230593D4F8F8300BB1CB
S315080332301925CFE73146012002AA17F09CFAC4F8EC
S31508033240F8000028D5D1F3E700F58E501830D3E7F8
S31508033250012384F850300EB10525BBE714F072FF3D
S31508033260022803D1D4F8F00017F037FA4FF0FF31EC
S31508033270D4F8F80017F0CEFA064614F063FF0228CE
S3150803328005D14FF0FF31D4F8F00017F001FAD4F85E
S31508033290F80017F015FB0023C4F8F8302EB994F894
S315080332A05030052B18BF062594E7022384F85030BF
S315080332B002258FE7022570E707B5009313460A46EA
S315080332C00021D4F7FFF803B05DF804FBFFF7F4BF5A
S315080332D010B49DF8044001945DF8044BD4F7F2B892
S315080332E02DE9F04F9A4600239DB006468946904637
S315080332F09DF89870039314F025FF022804D002253D
S3150803330028461DB0BDE8F08F304603A9FFF767FBD3
S3150803331005460028F3D1039C14F014FF022805D1AF
S315080333204FF0FF31D4F8F00017F0B2F9BB074BBFE3
S31508033330D4F88830D4F8843004F1880B04F1840B6C
S3150803334007F001070193002B7DD194F85010607A9A
S31508033350FFF795FC019B58B914F0F4FE022803D134
S31508033360D4F8F00017F0B9F93046FFF704FAC6E7C0
S3150803337067B114F0E7FE022803D1D4F8F00017F07A
S31508033380ACF93046FFF7F7F91B25B9E7D4F8F4206B
S3150803339062B114F0D7FE022803D1D4F8F00017F06F
S315080333A09CF93046FFF7E7F90B25A9E708AA069221
S315080333B0502219460792FF2004AA17F0DCF9C4F82D
S315080333C0F40060B914F0BEFE022803D1D4F8F00065
S315080333D017F083F93046FFF7CEF9192590E714F06D
S315080333E0B1FE022803D1D4F8F00017F076F9BAF142
S315080333F0000F14BF51464FF0FF31D4F8F40017F00D
S3150803340009FA824614F09EFE022805D14FF0FF31D1
S31508033410D4F8F00017F03CF90023D4F8F400C4F804
S31508033420F43017F04DFA1AF1020F0CD114F08AFE94
S31508033430022803D1D4F8F00017F04FF93046FFF706
S315080334409AF907255CE7584606F0A3FA014688B1B8
S3150803345043464A46D4F8080100F0C0FD14F072FE4C
S31508033460022803D1D4F8F00017F037F93046FFF7EE
S3150803347082F945E7C9F80000A8F80000002F7FF491
S3150803348078AF94F85010607AFFF7F9FB00280CBF61
S3150803349002250625E2E72DE9FF410F4603A906465D
S315080334A015469846FFF79BFA50BB5FB365B3039877
S315080334B0D0F8083190F8042103F58053B3F8B041E6
S315080334C040F6F773002C08BF1C46C2EB423204EBE6
S315080334D0C204A4B2A54207D93046FFF74CF92B24F8
S315080334E0204604B0BDE8F0810A9B2A460093394674
S315080334F04346FFF7BAF904463046FFF73CF9EFE7C8
S315080335000224EDE72224EBE72124E9E770B5044614
S315080335100D46164614F016FE022807D104F5805305
S315080335204FF0FF31D3F8980117F0B2F8294620680F
S31508033530FFF7D2FA02230546337058B914F002FE90
S31508033540022805D104F58054D4F8980117F0C5F874
S31508033550022427E014F0F6FD022805D14FF0FF31C7
S31508033560D5F8F00017F094F814F0ECFD022805D10D
S3150803357004F58054D4F8980117F0AFF895F850304D
S31508033580012B01D0042B0FD1042385F850300523D2
S315080335900024337014F0D6FD022803D1D5F8F000C1
S315080335A017F09BF8204670BD0224F3E770B504466E
S315080335B00D46164614F0C6FD022807D104F58053B6
S315080335C04FF0FF31D3F8980117F062F829462068BF
S315080335D0FFF782FA054658B914F0B4FD022826D136
S315080335E004F58054D4F89801BDE8704017F075B80F
S315080335F014F0A8FD022805D14FF0FF31D5F8F000E5
S3150803360017F046F814F09EFD022805D104F58054F8
S31508033610D4F8980117F061F831462846FFF702FBFC
S3150803362014F090FD022802D1D5F8F000DCE770BD4E
S3150803363038B504460D4614F085FD022807D104F56E
S3150803364080534FF0FF31D3F8980117F021F8294634
S315080336502068FFF741FA054658B914F073FD0228A6
S3150803366031D104F58054D4F89801BDE8384017F0F1
S3150803367034B814F067FD022805D14FF0FF31D5F8A9
S31508033680F00017F005F814F05DFD022805D104F5DE
S315080336908054D4F8980117F020F895F85030073B72
S315080336A0012B9CBF092385F8503014F04BFD0228E3
S315080336B003D1D5F8F00017F010F8D5F8F800BDE8EF
S315080336C03840FFF716BA38BD70B504460D46164698
S315080336D014F038FD022807D104F580534FF0FF3163
S315080336E0D3F8980116F0D4FF29462068FFF7F4F9B2
S315080336F0054670B914F026FD022805D104F5805451
S31508033700D4F8980116F0E9FF09232D2433702046CF
S3150803371070BD14F017FD022805D14FF0FF31D5F817
S31508033720F00016F0B5FF14F00DFD022805D104F5D7
S315080337308054D4F8980116F0D0FF95F85030053B1D
S31508033740032B1DD8DFE803F011021911082385F8A6
S31508033750503008230524337014F0F4FC0228D6D11C
S31508033760D5F8F00016F0B9FFD1E70823284685F8FF
S315080337705030FEF7D7FF0028EBD009230024EAE7E9
S3150803378009230224E7E770B505460C46164614F0E6
S31508033790D9FC022807D105F580534FF0FF31D3F83A
S315080337A0980116F075FF21462868FFF795F9022355
S315080337B00446337058B914F0C5FC02283CD105F504
S315080337C08055D5F89801BDE8704016F086BF14F009
S315080337D0B9FC022805D14FF0FF31D4F8F00016F0F2
S315080337E057FF14F0AFFC022805D105F58055D5F827
S315080337F0980116F072FF94F850301846FFF747F908
S3150803380030B10A2384F850302046FFF7DBFA0CE080
S31508033810042B0AD109230621204684F85030FFF7E2
S31508033820EEF910B9637ADB06EED414F08BFC0228A2
S3150803383002D1D4F8F000C6E770BD00F58050D0F881
S31508033840940117F015B800F58050D0F8940117F0D5
S315080338500FB8012370B500F5805585F8183204466C
S3150803386014F070FC022805D14FF0FF31D5F8980102
S3150803387016F00EFF022624684CB914F063FC0228DE
S3150803388031D1D5F89801BDE8704016F026BF14F07B
S3150803389059FC022805D14FF0FF31D4F8F00016F091
S315080338A0F7FE94F85030042B16D00BD8012B13D0FF
S315080338B014F048FC022803D1D4F8F00016F00DFFE3
S315080338C02468D9E7053B032BF2D80A23204684F854
S315080338D05030FFF777FAEBE70621204684F8506065
S315080338E0FFF78DF9E4E770BD38B5044614F02AFCF2
S315080338F0022807D104F580534FF0FF31D3F8980116
S3150803390016F0C6FE25680DB9012512E014F01AFC57
S31508033910022805D14FF0FF31D5F8F00016F0B8FEAE
S3150803392095F85030022B15D014F00CFC02280CD055
S31508033930002514F007FC022805D104F58054D4F8B1
S31508033940980116F0CAFE284638BDD5F8F00016F0D9
S31508033950C4FEEDE714F0F6FB022803D1D5F8F00010
S3150803396016F0BBFE2D68CEE700F58050A0F8B0111F
S31508033970704740BA80B24140C1F303135940080364
S3150803398080B24840490101F4FF5148407047024656
S3150803399010B544180020A24200D110BD12F8011B2D
S315080339A0FFF7E7FFF7E770B5044646181D460020FC
S315080339B0B44203D11544AA4205D170BD14F8011BBC
S315080339C0FFF7D7FFF4E712F8011BFFF7D2FFF2E779
S315080339D038B5044645180020AC4203D1831A584229
S315080339E0584138BD14F8011BFFF7C3FFF4E700235A
S315080339F0C0E902130374436070472DE9F041044696
S31508033A008846174617F0E2FC257C064625B117F0CB
S31508033A10D8FC0420BDE8F081A06821464030C4F8EC
S31508033A200480E76005F0AEFFA268304692F844309A
S31508033A30013382F844300123237417F0C2FCA068CB
S31508033A400321FFF7FAFE2846E4E738B5044617F0DC
S31508033A50BDFC237C054663B1A0682146403005F0CA
S31508033A60A0FFA26892F84430013B82F84430002351
S31508033A7023742846BDE8384017F0A3BC2DE9F04760
S31508033A8090F8447004463E464FF0000800F140099A
S31508033A9017F09CFC8246484605F07BFF05465046D0
S31508033AA017F08FFC45B16B68E86885F81080013E0E
S31508033AB0984716F0FF06EBD117F088FC94F84430C4
S31508033AC0BB4232BF0023DB1BDBB284F84430BDE8BC
S31508033AD0F04717F076BC21B1012300200B704B7019
S31508033AE07047222070474FF4E130704708B5D4F782
S31508033AF081FB002008BD0729F8B5164605460CBF05
S31508033B00012707270024284603780135142B08D1F3
S31508033B100521B0F80520FFF75BFF10B106B1348025
S31508033B20F8BD0134A4B2BC42EDD10020F8E74FF446
S31508033B30E13070477047704770B514269DF81050EA
S31508033B408270120A044606704170C27003712DB161
S31508033B500521FFF71CFF6071000AA07170BD10B53F
S31508033B6004461830FFF771FF04F12C0004F580545E
S31508033B70FFF76BFFD4F8900116F039FDD4F89401DA
S31508033B8016F09EFED4F89801BDE8104016F0DBBD8A
S31508033B9070B5044605F0EFFE201D05F0ECFE04F1B2
S31508033BA0080005F0E8FE04F10C0005F0E4FE04F154
S31508033BB0100005F0E0FE04F1400005F0DCFE0023EA
S31508033BC004F5805684F844302146A6F8183204F1E1
S31508033BD01800FFF70CFF214604F12C00FFF707FF37
S31508033BE0D6F8A00104F58D51836804319847054634
S31508033BF0B0B9D6F8A00103689847054680B9D6F840
S31508033C00A001214643689847054630B904F58E5006
S31508033C10183000F0A4FB054610B12046FFF79FFFB6
S31508033C20284670BD00F5805310B50446D3F8A001A5
S31508033C30C368984730B904F58E501830BDE810406C
S31508033C40D5F706BF10BD00F58050D0F8A001C369AB
S31508033C50184700F58050D0F8A001036A1847836A0D
S31508033C6003B11847704708F09CBA10B550F8044CCE
S31508033C70011F04F58053D3F8C801FFF7F4FF204664
S31508033C8010BD07B501A908F073FA08B1002301931B
S31508033C90019803B05DF804FB7FB500F58A530293D8
S31508033CA00026502300F58054B4F8AE1105466A463B
S31508033CB00846CDE90066039316F05DFDC4F89C013A
S31508033CC000286CD005F58D501C30E1F7E5FCB4F8F7
S31508033CD0AC31B4F8AE11D4F8BC2101EB4301013978
S31508033CE03420E1F7CBFC05F58E50E1F7D5FCB4F8A3
S31508033CF0AC31B4F8AE11D4F8C02101EB4301013954
S31508033D000720E1F7BBFC05F58E500430E1F7C4FC48
S31508033D10B4F8AC11D4F8C421490801310120E1F7FC
S31508033D20ADFC05F58E500830E1F7B6FCD4F8A801CA
S31508033D30D4F8C821113080B2B4F8AC110430E1F7D5
S31508033D409DFC05F58E500C30E1F7A6FCB4F8AC11D2
S31508033D50D4F8CC2101390C20E1F790FC05F58E50F7
S31508033D601030E1F799FC0521D4F8D0219420E1F726
S31508033D7085FC05F58E501430E1F78EFCD4F8D42172
S31508033D80B4F8AE110820E1F779FC05F58D50143027
S31508033D9005F0F1FD3046A4F8B86104B070BD1920EA
S31508033DA0FBE72DE9F843074690460E46A9B300F507
S31508033DB08055D5F8BC01FFF764FF0446F0B13422F9
S31508033DC000210BF031FF17F001FB08F1FF338146A1
S31508033DD0042B24D8DFE803F0182303180300B5F8E7
S31508033DE0AC21B5F8B831013A93420ADBD5F8BC01E0
S31508033DF02146FFF738FF484617F0E3FA1A20BDE8CD
S31508033E00F8830133A5F8B831484617F0DAFA84F887
S31508033E101380A76100203460F1E72220EFE7212011
S31508033E20EDE7002A38B5044600F580500D46D0F86C
S31508033E309C0114BF1946002116F0ECFC0330012837
S31508033E4006D929462046BDE838400422FFF7A9BF0C
S31508033E501A2038BD10B50C4659B100F58050D0F874
S31508033E60C001FFF70EFF002820600CBF1A200020B0
S31508033E7010BD2220FCE738B500F580530446D3F875
S31508033E80C8010D46FFF7FDFE034620B1002043F89F
S31508033E90044B2B6038BD1A20FBE7084608B519B151
S31508033EA0FFF7E3FE002008BD2220FCE710B5A8B102
S31508033EB0FFF7DBFE044600F58D50143005F069FD67
S31508033EC004F58054014618B1D4F8CC01FFF7CBFEAC
S31508033ED0D4F8A001FFF7C3FE002010BD2220FCE79B
S31508033EE010B50446084649B104F58054FFF7BDFEEC
S31508033EF0D4F8A001FFF7B3FE002010BD2220FCE78B
S31508033F0008B539B100F58050D0F8C001FFF7ABFE0C
S31508033F10002008BD2220FCE700232DE9F7430646C7
S31508033F2090460F46019391B32AB300F58053D3F80D
S31508033F30C801FFF7A6FE054658B345F8046B304695
S31508033F4001A9FFF787FFDDF804900446B9F1000FCE
S31508033F500AD0012269463046FFF723FF044660B1BB
S31508033F6049463046FFF7CCFFB8F1000F0BD0284679
S31508033F70FFF77BFE07E01546E1E7009BC3E90095DB
S31508033F80988118773B60204603B0BDE8F083222466
S31508033F90F9E71A24F7E710B50C4659B100F580502E
S31508033FA0D0F8CC01FFF76DFE002820600CBF1A205D
S31508033FB0002010BD2220FCE738B504460D4661B142
S31508033FC0496809B1FFF78CFF04F580542946D4F8EC
S31508033FD0CC01BDE83840FFF746BE38BD38B54D6855
S31508033FE000F58D5015600A8914301A8005F0C6FC51
S31508033FF0002038BD10B50C4651B14FF48871012025
S31508034000E6F776FB002820600CBF1A20002010BDB7
S315080340102220FCE7084617F0CDBC08B505F0B9FC25
S3150803402020B110F81E3C3038013B837408BD08B52F
S3150803403005F0AFFC20B110F81A3C2C38013B837409
S3150803404008BD8B7C3031013B01F81E3C05F0A9BC49
S315080340508B7C3031013301F81E3C05F093BC8B7C15
S315080340602C31013301F81A3C05F08CBC8B7C3031BA
S31508034070013301F81E3C05F081BC8B7C2C310133DE
S3150803408001F81A3C05F07ABC10B50C4669B100F57F
S315080340908050D0F8D001FFF7F4FD206038B1002333
S315080340A0036003724360184610BD2220FCE71A20FA
S315080340B0FAE708B539B100F58050D0F8D001FFF713
S315080340C0D2FD002008BD2220FCE710B50C4659B1E5
S315080340D000F58050D0F8D401FFF7D3FD00282060FF
S315080340E00CBF1A20002010BD2220FCE708B539B101
S315080340F000F58050D0F8D401FFF7B5FD002008BDC0
S315080341002220FCE7F8B50446002848D0837C002B18
S3150803411047D10168866911B13046FFF7F1FE30468B
S31508034120A168FFF7E3FFE37C06F58055022B08D069
S31508034130032B08D0012B08D1616811B13046FFF76C
S31508034140CFFE012702E06168D1B9002717F03EF9CF
S3150803415021460646D5F8BC01FFF785FDE37C042B0B
S3150803416013D1D5F89C0116F083FB304617F029F9CD
S3150803417027B1D5F8A001436A03B198470020F8BDD3
S31508034180D5F8C401FFF76FFDDFE7052B01D0032B35
S31508034190EBD1B5F8B831013BA5F8B831E5E72220EC
S315080341A0EDE70420EBE7F7B50F46032201A9054619
S315080341B0FFF7F7FD044660B905F58055D5F8C40140
S315080341C0019EFFF75EFD706030B93046FFF79AFF30
S315080341D01A24204603B0F0BD0123B3813E60F8E7F5
S315080341E02DE9F34116461F460D46D1B1CAB101A9B9
S315080341F0FFF7D1FE044680B94FF0020801996B68B0
S3150803420008604B60304681F80A800F8105F0BAFBD7
S31508034210284685F81380FFF775FF204602B0BDE8E8
S31508034220F0812224F9E710B50446182200210BF081
S31508034230FBFC204610BD0368D90444BF43F48063DE
S3150803424003609A0444BF43F400630360704710F1A4
S31508034250840F12DA10F1950F25DB9530102822D832
S31508034260DFE800F01D2121211B2121211913110F3C
S31508034270151F170923000F207047003818BF0120A0
S3150803428070471D2070472E2070472D207047242025
S315080342907047212070471A2070472F2070472C201B
S315080342A07047252070470120704708207047002073
S315080342B00021704701230B74704738B50D4617F074
S315080342C0C1FB15F035FF04462D6817F0BBFB15F047
S315080342D02FFF031BAB42F8D938BDEFB50646A0F549
S315080342E08E500D46183803A91746FFF7CDFE88B931
S315080342F00623039909228B8105230D7245F48055FC
S31508034300CB810E600D610F750123009130460C3188
S31508034310FFF7C1F804B0E0BD407C70471FB5037CC6
S3150803432004461BB1FEF7ECFE0023237494F83830D9
S315080343309BB10323204600930DF10A02002303A928
S31508034340FEF7CEFF48B9BDF80A3003981BB10278C9
S31508034350E36B1344E363FFF7A9FD04B010BD38B557
S31508034360002504464561C56380F838500582202236
S31508034370294618300BF058FC25606560A560E56092
S31508034380284638BD0122FFF7A8BF0222FFF7A5BFBB
S315080343900922FFF7A2BF1FB548B101280AD101A810
S315080343A0D2F7E4FD9DF80400B0FA80F0400905B0A1
S315080343B05DF804FB0120FAE710B5DCF7C9FC0446EF
S315080343C006F051F914F0400F14BF7320772014F048
S315080343D0800F18BF732014F4806F18BF732014F06E
S315080343E0010F18BF782014F0080F18BF742014F0B3
S315080343F0040F18BF722010BD1FB5044601A8D2F7D3
S31508034400B5FD029B63600023A3609DF80430012B6E
S3150803441002D10323237004E02BB923704FF0FF3333
S31508034420636004B010BD0423F4E708B54FF20F0226
S315080344304FF000535A8028B101280BD04CF23C3276
S315080344405A8002E040F201221A8007F0B8FB0120E5
S31508034450E6F756F940F20222F6E770472DE9F041EE
S31508034460804615460F4600294BD0E8070FD4A907FF
S315080344700DD46A070BD42B07C5F3C00607D4D5F7A3
S31508034480E3FB0268144604BB1720BDE8F081D5F7A1
S31508034490DBFB0468002C2FD1D5F7ECFB0468002C52
S315080344A031D0236810220360002120460BF0BCFBA1
S315080344B0D5F7CAFB0368236004602571A4F8068050
S315080344C03B68A3607B68E3600EE0E188414502D060
S315080344D026462468D7E74EB90AB113680360D5F7A9
S315080344E0C9FB0368236004600020CEE73268002A0C
S315080344F0F5D012683260F2E7E3884345DDD02468D5
S31508034500C8E70720C1E70320BFE738B5054610B952
S315080345100024204638BD037A012B0AD1D5F794FB2C
S315080345202B880468002CF3D0E2889A42F1D02468D9
S31508034530F8E7022BECD1D5F787FB0468002CE7D004
S3150803454008222946A0180BF046FB0028E1D0246868
S31508034550F4E710B5D5F778FB00240460D5F78AFB92
S31508034560021D00F1B4012346144610328A42036041
S3150803457000D110BD42F8103CF5E700887047036880
S31508034580187800F00700831E5842584170471FB534
S3150803459000230C4601A98DF80C3001F024F80246D5
S315080345A038B99DF80C30012B06D0022B09D003B974
S315080345B02072104604B010BD2372BDF80430238060
S315080345C0F7E7237201AB03CB20606160F1E71FB500
S315080345D000230C4601A98DF80C3000F07FFF024634
S315080345E038B99DF80C30012B06D0022B09D003B934
S315080345F02072104604B010BD2372BDF80430238020
S31508034600F7E7237201AB03CB20606160F1E708B5D6
S315080346100068FFF7B2FF00F44050A0F50053584274
S31508034620584108BD08B50068FFF7A7FFC0F3C000E7
S3150803463008BD07B50DF1070101F050F940B99DF81A
S315080346400700A0F108035842584103B05DF804FB7C
S315080346500020FAE7002307B50DF107018DF80730A7
S3150803466001F075F99DF8070003B05DF804FB01F046
S3150803467082B901F053B9C830D5F7EEBCC83000F09B
S315080346801BBDD5F7E7BE012801D8D5F7D1BE002053
S315080346907047D5F7D5BE0120704700F088BD00F0F6
S315080346A077BD00F077BD00F077BD403000F0AABDB6
S315080346B0806C003818BF01207047403000F0CEBD2B
S315080346C0403000F0D5BDC069D7F77ABF08B5836C0B
S315080346D023B1C069D7F77AFF002008BD0D20FCE790
S315080346E0836C13B1C069D7F759BF0D2070474030A3
S315080346F000F0C8BD006F7047403000F0D7BD543096
S3150803470001F0B6BA403000F0E7BD08B5836C23B1B3
S31508034710C069D7F76BFF002008BD0D20FCE7836C43
S3150803472013B1C069D8F7E6BA0D207047836C13B185
S315080347301C3001F0CABD0D207047836C13B1C069E4
S31508034740D8F71ABB0D207047836C13B11C3001F0E0
S31508034750C8BD0D20704708B5836C23B1C069D8F767
S315080347602DFB002008BD0D20FCE708B5836C23B19B
S31508034770C069D8F7C9FB002008BD0D20FCE7403007
S3150803478000F0C2BD0022403000F0F7BD01224030E0
S3150803479000F0F3BDD6F752BD90F844007047403099
S315080347A000F04BBDB0F846007047403000F038BD06
S315080347B062307047403000F047BDB0F85E0070477E
S315080347C0D7F7ACBE08B5836C23B1543001F070FA41
S315080347D0002008BD0D20FCE7012070470FB404B084
S315080347E070470FB404B070470FB404B070470FB4E2
S315080347F004B0704710B5044611F00AFC20B1201D19
S31508034800BDE8104000F035B910BD10B5044611F0E7
S31508034810FFFB18B16068003818BF012010BD0023DC
S3150803482001608380C2807047838870B50446C08858
S315080348309E188642154608D8206818440BF011FAC4
S315080348400020A3881D44A58070BD0320FCE707B597
S3150803485001228DF807100DF10701FFF7E5FF03B0F5
S315080348605DF804FB07B50222ADF806100DF1060143
S31508034870FFF7DAFF03B05DF804FB0A7A10B5012ADD
S31508034880044603D0022A06D0002010BD0988BDE8D5
S315080348901040FFF7E7BF8388E28803F108009042D8
S315080348A008D820680122184401F087F9A388083339
S315080348B0A380E9E70320E8E703468288C088114412
S315080348C081429DBF1868998080180020704731B1CE
S315080348D06FF00043994208BF012101607047012127
S315080348E0FBE748F24E3301460268A2FB032313EBA8
S315080348F0520044BF20F00043581C086070478142A9
S3150803490038B505460C4600D8FEE7D5F789FA641B81
S31508034910B0FBF4F303FB1400284438BD10B540B1CB
S315080349200023441E98B2814203D90133E25C002A6C
S31508034930F8D110BDA0F14103192B9CBF2030C0B29A
S31508034940704738B5034610469AB1012A19D11A4653
S31508034950013911F8015F134612F8010B8DB1FFF700
S31508034960E9FF04462846FFF7E5FF8442F1D0002015
S315080349700FE01A46013911F8014F134612F8015B85
S315080349802CB91B78002B14BF0120022001E0AC428E
S31508034990F1D038BD08B50022FFF7D3FF831E58426E
S315080349A0584108BD3038C0B209289ABF087000209C
S315080349B007207047A0F14103052B03D83738087041
S315080349C000207047A0F16103052B01D85738F6E795
S315080349D03038C0B20928F2D90720704710B5002429
S315080349E001608480C2800C7010BD70B504460E4603
S315080349F0E588134682880068AA4234BFA91A0021AB
S31508034A0010443246E5F78CFF002800DAFEE7A38850
S31508034A10E288184480B2904228BF2368A08022BF48
S31508034A209B18002203F8012C204670BD0EB417B557
S31508034A30044605AA52F8041B0192FFF7D6FF20463F
S31508034A4003B0BDE8104003B07047036823B901609B
S31508034A500868896004F04BBF9A688A6099600160A8
S31508034A607047836801461BB900680430FFF7EDBF3A
S31508034A70704738B500250468056004B938BDA068D1
S31508034A80844216BF83680024A360436885609847F9
S31508034A90F3E783688968981A8A1A92EA000F58BF57
S31508034AA0581AC00F7047436870B504460D4623B9B4
S31508034AB0BDE870404B68006818478B689847636879
S31508034AC001469A68831A002BB8BF121A2B68206806
S31508034AD0A8BF0022BDE87040184738B50C461146F2
S31508034AE0E2680346944206D04568AC420BD142605D
S31508034AF0FFF7D9FFE46038BD94420DD01146D2685A
S31508034B00002AF9D1F6E72A460021F9E7CB68002BF4
S31508034B10F0D0DB68CB60EDE70029F7D1002DE9D0AB
S31508034B20EA685A60E6E72DE9F047936805460C46B6
S31508034B30164698473246814621462846FFF7CDFF53
S31508034B40D5F804A04FF0000857462FB14A46394610
S31508034B502046FFF79EFF58B1B8F1000F0BD1C4F8F2
S31508034B600CA0314628466C60BDE8F047FFF79BBFAB
S31508034B70B846FF68E9E7D8F80C30E360C8F80C4094
S31508034B80BDE8F08770B5466804460D467EB18B6866
S31508034B909847B368C01A002809DB20462A463146D7
S31508034BA0FFF79BFF30467368BDE8704018472946F0
S31508034BB02046BDE87040FFF776BF002A00DAFEE715
S31508034BC01144D5F765B938B50D460446D6F730FB13
S31508034BD02A4601462046BDE83840FFF7EEBF43683C
S31508034BE041690C308B4208BF50F8043C01F18041FF
S31508034BF004BF013340F8043CD5F730B900682430C4
S31508034C00FFF7EDBF1FB50446084601A900F0FDFFEF
S31508034C10204601A900F097F904B010BD2DE9F84F15
S31508034C2013F0010804460D4617461E46DDF828907C
S31508034C3002D1043B0C2B6AD9FEE710461B0A421C19
S31508034C40002BFAD19DF82CB0C0B2022838BF022037
S31508034C50BBF10D0F28BF4FF00D0BCBF10F03984295
S31508034C60B8BFD8B2C0F10F039B45C8BF5FFA83FB31
S31508034C702B1E18BF012372100138013A9B015FFAF4
S31508034C8080FA43EAC2034AEA03035A4649462372A9
S31508034C9004F109000AF0E5FF3A460F2304F1180167
S31508034CA09B4537D304F108021146204600F051F913
S31508034CB06DB1B5F57F4F227A637AC5F30720E9B25A
S31508034CC02ED24FF0020842404B40227263725A4674
S31508034CD0494684F818A004F119000AF0C2FF0BF13B
S31508034CE019000021CBF10F0220440AF09DFF00238F
S31508034CF0C4E90F376364102384F84CB084F84D6015
S31508034D00A563A4F84880A4F84A30BDE8F88F13468B
S31508034D10404694E7013B01F8012DDBB2120ABFE7CF
S31508034D20D24383F0FE036372A37A4FF0060883EA3D
S31508034D301563A372E37A227283EA1543E372237B2C
S31508034D405840637B207359406173C0E7C36B2DE9F1
S31508034D50F04113441546826B044693420E4619D80E
S31508034D6001EB050800F10807B04514D1E36B1D44B0
S31508034D70A36BE5639D420BD1B4F848302BB104F11C
S31508034D8008021146204600F0E4F80023A4F8483048
S31508034D90BDE8F081FEE7B4F84830102B05D13A4652
S31508034DA03946204600F0D5F800235A1CA4F84820B3
S31508034DB0234416F8010B1A7A50401872D4E72DE9E2
S31508034DC0F04F1D4685B09DF8383091460293436CE3
S31508034DD0026C2B4493420446884628D86B180193E1
S31508034DE06FF018030F46CB461B1A00F1280A0393E4
S31508034DF0019B9F421CD1636C1D44236C65649D42D1
S31508034E0068D3B4F848302BB104F10802114620469A
S31508034E1000F09FF8002194F84C2002F11900204471
S31508034E20C2F10F0205B0BDE8F04F0AF0FDBEFEE77A
S31508034E30B4F84A20102A16D1514694F84C00039B1D
S31508034E405A18904206DA11F8012D0132D2B20A70C5
S31508034E50002AF4D05246204604F1180100F079F8E6
S31508034E600022A4F84A20029B23BB3E78B9F1000F1F
S31508034E700AD0B4F84A20511CA4F84A10224492F8DE
S31508034E80282072408BF80020B4F84820102A06D14F
S31508034E9004F108021146204600F05BF80022511C73
S31508034EA0A4F848102244117A01374E4016720BF1C2
S31508034EB0010B9DE7B4F84A209BF80060511CA4F83F
S31508034EC04A10224492F828205640B8F1000FDBD046
S31508034ED03E70D9E705B0BDE8F08F38B5D0E9103292
S31508034EE09A4204460D4600D0FEE700F1280200F177
S31508034EF0180100F02EF80023E21D94F84D1099428C
S31508034F0000DC38BD12F8011F92F820004140E9542D
S31508034F100133F2E710B504681C604468080E18727A
S31508034F20080C5872080A5C609872D9721A7310BD15
S31508034F30002310B5C0E90033044600F018F800B1A1
S31508034F40FEE7204610BD08B500F01FF800B1FEE7DE
S31508034F5008BD08B500F032F800B1FEE708BD10B584
S31508034F60044600F03EF800B1FEE7204610BD08B53A
S31508034F7038B18388232B06D9006806F009F8002080
S31508034F8008BD0720FCE70120FAE713B5044668467F
S31508034F9000F035F874B1A388232B0DD9BDF8042086
S31508034FA000992068D20005F0FDFF003818BF0120DC
S31508034FB002B010BD0720FBE70120F9E708B5134641
S31508034FC058B18288232A0AD90A4600680121DEF7DE
S31508034FD06DFB003818BF012008BD0720FCE7012038
S31508034FE0FAE708B538B18388232B06D9006805F094
S31508034FF0D3FF002008BD0720FCE70120FAE70A686B
S3150803500002608A8882807047012913B503D0072472
S31508035010204602B010BD10680DF1070101F044FAED
S3150803502004460028F4D19DF80700A0F10B030F2BC3
S31508035030EDD8D6F753FAEBE708B50120D6F798F972
S31508035040002008BD08B50020D6F792F9002008BD50
S31508035050012913B50DD110680DF1070101F059FAAD
S31508035060044618B99DF90700D6F752FA204602B046
S3150803507010BD0724FAE7002201600C21C0E90422C7
S31508035080C0E901128261704703F0DFBB70B5A2B0B5
S315080350900846164601A921221D46D5F7EBFA04460A
S315080350A038B901A801F058FA2946307001A801F069
S315080350B048FA204622B070BDC0E905120068D6F743
S315080350C04DB90EB4034617B505A951F8040B5C6927
S315080350D001910CB19A69A04703B0BDE8104003B02B
S315080350E070470C2070470C20704708B50A461023F2
S315080350F0006822F8103FFFF7F6FF08BD0C2070473B
S315080351000C20704713B510241346948202F1140435
S315080351100194141D009402330068FFF7F1FF02B0EF
S3150803512010BD38B500250446C0E90150C0E903504F
S3150803513045611830D4F754FE2146C4E9074404F1FF
S315080351402400D4F7C7FE214604F1400000F046F8D0
S31508035150214604F1C800FFF78EFF84F8E450D4F71C
S315080351605FFEC4F8E800204638BD10B5044621B1F1
S315080351700B68EB2B04D8EC230B600024204610BDE8
S315080351800028FBD0FFF7CDFF012384F8E430F5E7C9
S3150803519003F0BABD03F0BABD10B504461C3001F0DE
S315080351A048F804F14000BDE8104000F00AB890F84A
S315080351B0E4302BB10023543080F8903000F09ABDC8
S315080351C070470023C0E9033383600B2303714FF64B
S315080351D0FF73143020F80E3C00F01EBD0B2310B5E8
S315080351E003714FF6FF73C38000230446C0E90233F5
S315080351F0016003611430D5F705FA2046FFF7E1FF8E
S31508035200204610BD38B504460D46143019B100F0D2
S315080352105BFD10B138BD00F06DFD0020A560F9E710
S3150803522038B5836804460D462BB1143000F024FDC7
S315080352300020E58038BD0D20FCE7836813B10171B2
S31508035240002070470D20704708B5836823B11430D2
S3150803525000F024FD002008BD0D20FCE708B583688F
S3150803526023B1143000F00CFD002008BD0D20FCE727
S3150803527008B5836823B1143000F007FD002008BD84
S315080352800D20FCE783681BB10179143000F045BD96
S315080352900D20704710B484682CB122B923460068E0
S315080352A05DF8044B18475DF8044B704738B58368B7
S315080352B004460D462BB1143000F09EFE00B9E56096
S315080352C038BD0D20FCE738B5C56804461DB100682E
S315080352D0A8470023E36038BD38B51D4683680446EE
S315080352E02BB1143000F094FD00B9256138BD0D20AB
S315080352F0FCE7836810B504462BB103691BB1006844
S3150803530098470023236110BD2DE9F04304468FB067
S315080353100D4616460021102202A806AF99460DF13E
S3150803532028080AF081FC1022002138460AF07CFC82
S315080353301022002140460AF077FCA368DBB100225D
S31508035340494602A800F053FC00223846169900F095
S315080353504EFC00224046179900F049FC04F114005C
S3150803536032462946CDE9007802AB00F0AAFD0020B3
S315080353700FB0BDE8F0830D20FAE708B5836823B1BB
S31508035380143000F01FFF002008BD0D20FCE700883D
S31508035390704708B5FFF7FBFFC0F3C00008BD0368F5
S315080353A01970090A5970704708B503460068FFF76C
S315080353B0EEFF39B140F010011846BDE8084089B23E
S315080353C0FFF7EDBF20F01001F6E708B503460068BE
S315080353D0FFF7DDFF39B140F400711846BDE8084010
S315080353E089B2FFF7DCBF20F40071F6E708B5006859
S315080353F0FFF7CDFF10F4807F0CBF0320022008BD02
S3150803540000F44052B2F5005F034622D148F2400247
S3150803541020F44E5020F03F0090421ED010D8B0F52D
S31508035420446F1AD007D8B0F5046F18BF002814BF05
S31508035430012000207047B0F5004018BF01207047CF
S315080354404CF6404203F44C43B3F5404F18BF904221
S31508035450EDE700F44063181EEFE70020704708B530
S3150803546001460068FFF793FFFFF7CAFF20B1BDE8BF
S3150803547008400846FFF7BABFFF2008BD38B50546FA
S315080354800C46FFF7ECFFFF2817BF2B6806201B5AAD
S31508035490002018BF238038BD08B503681846FFF7F0
S315080354A076FFC20500D5FEE7987808BD08B50368F8
S315080354B01846FFF76CFFC20500D5FEE7997008BDCD
S315080354C008B50246FFF792FF01461068FFF75FFF2C
S315080354D0FFF796FF01EB4000C0B208BD38B5054695
S315080354E00C46FFF7EDFF2B6801461846FFF74FFFFB
S315080354F0C0F38120022805D0032807D00023002003
S31508035500237238BD5B5A23800123F8E71944012225
S31508035510204600F052FB0223F1E700F44053B3F5AB
S31508035520005F04D100F44C43B3F54C4F08D0B0F5F3
S31508035530804F05D3C0F3801080F00100C0B27047D6
S315080355400020704710B502460068FFF720FF04469F
S31508035550FFF7E3FFA8B11046FFF748FF01462046C9
S31508035560FFF74EFFC4F3812401EB4001022CC8B2B6
S3150803557002D0032C03D010BD0230C0B2FBE70830BB
S31508035580FBE7FF20F7E738B505460C46FFF7DAFFD2
S31508035590FF2817BF2B6806201B5A002018BF238035
S315080355A038BD034610B50068FFF7F1FE04461846F2
S315080355B0FFF71CFF01462046FFF722FFC4F38123AA
S315080355C001EB4002022BD2B208D0032B09D02046A6
S315080355D0FFF7A3FF02EB4000C0B210BD0232D2B2FE
S315080355E0F5E70832FBE738B505460C46FFF7D9FF5A
S315080355F02D6801462846FFF7CAFEC0F38130022804
S3150803560004D0032808D070B1062038BD6B5A23800E
S31508035610012323720020F8E701222046294400F0DB
S31508035620CCFA0223F5E72072F4E700F018001028F5
S3150803563005D0A0F1180358425841C000704704200A
S31508035640704700F007030120984010F0220F09D194
S3150803565010F0880F08D100F04400003818BF012065
S31508035660C00070470420704710207047037A012B47
S3150803567006D0022B0CBF03200020884080B2704757
S315080356800220FAE708B54307024608D0FFF7CDFF1D
S3150803569012F0180F0CBF05300630C0B208BDFF2044
S315080356A0FCE72DE9F743061D0446B0F80090458844
S315080356B00F4630460E21FFF7D9FF04EB010849EAE6
S315080356C0050202430A214046FFF7D0FF92B2A37DA3
S315080356D0104380B25BB1012B04D14FF6FF72E18907
S315080356E0914204D0B9F1020F18BF40F02000A27FFF
S315080356F0003A18BF0122B5F5805F40EAC20094F864
S31508035700212003D0B5F5005F0CD09DB9217B31B1BB
S315080357102BB1218B638B994208BF40F04000D50714
S3150803572008D5FEE7217B002B70D1637F002967D15B
S31508035730002B76D102F0010240EA022539687F225E
S315080357406846FFF76CF829466846FFF78BF8E905BC
S3150803575003D401216846FFF7AFF82846FFF750FE42
S3150803576018B16846618BFFF77DF841466846FFF72F
S3150803577084F82846FFF7D1FE18B16846218BFFF750
S3150803578071F831466846FFF778F8BDF80430A67F06
S31508035790BB808EB1E37F68461E433146FFF757F851
S315080357A03046FFF76FFF411E89B26846FFF784F854
S315080357B03046FFF746FF0646AA050ED52388032B70
S315080357C003D094F821309B070FD402216846FFF7CC
S315080357D073F800227F2100F0E7F92388032B04D10D
S315080357E0684694F82010FFF732F802366846F1B295
S315080357F0FFF762F8BDF80430BB8003B0BDE8F08359
S31508035800002B97D1237F002B94D10AE009B9637F34
S31508035810F9E7022901D1022BF9D0218B638B99422F
S3150803582088D140F0400085E710B580F480720446BD
S31508035830C2F30021FFF7E4FD48B98A1CC4F38123A8
S31508035840022B06D0032B15D02BB1FF2010BD0A1D42
S31508035850F4E70232D2B22046FFF75FFEA40B02EB4F
S315080358604002022CD0B207D0032C08D0002C18BF54
S31508035870FF20EBE70832EDE70230C0B2E6E708306F
S31508035880FBE708B58388032B06D90068FFF77FFD76
S31508035890BDE80840FFF7C8BFFF2008BD08B58388E1
S315080358A00246022B08D90068FFF773FD20B1BDE84D
S315080358B008401046FFF7E5BFFF2008BD38B5054683
S315080358C00C46FFF7EBFFFF2817BF2B6806201B5C68
S315080358D000201CBF03F00703237038BD38B50546FF
S315080358E00C46FFF7DBFFFF2817BF2B6806201B5C58
S315080358F000201CBF03F01803237038BD38B50546CE
S315080359000C46FFF7CBFFFF281FBF431C2A68DBB2F1
S31508035910D35816BF00200620236038BD38B5054680
S315080359200C46FFF7BBFFFF2800D1FEE72A68431C96
S31508035930D9B2545452FA83F3220A5A70220C240E0B
S315080359409A70DC702B7F43F001032B7738BD70B553
S3150803595006460D46FFF7A2FFFF28044609D032681C
S31508035960105CFFF762FE22440244002053792B7031
S3150803597070BD0620FCE770B506460D46FFF78EFF99
S31508035980FF28044600D1FEE73268105CFFF74DFE98
S3150803599022440244557170BD10B50446FFF77EFFD5
S315080359A0FF2806D02368185CFFF74BFE0230C0B207
S315080359B010BD0220FCE710B50446FFF762FFFF2877
S315080359C0014611D022681046FFF7E3FC60B1A488AC
S315080359D0A1420BDA505CFFF755FEFF2808D00144B5
S315080359E0C9B28C42B8BFFF21084610BDFF21FBE7A9
S315080359F00146F9E7F8B50646FFF7DDFFFF28044633
S31508035A0032D037683846FFF7C2FC830505461CD5EE
S31508035A103046FFF7C1FFB188A21C93B210FA82F28F
S31508035A208A4207EB040620DC3A5D02F07F02134440
S31508035A309CB210FA83F3994217DB328802F4FF42C9
S31508035A40B2F57E5F01D09942E6DC3B7803F00703A3
S31508035A50032B06D105F44055B5F5005F1CBF013489
S31508035A60A4B2FE2C01D8E0B2F8BDFF20FCE710B5BE
S31508035A700446FFF7BFFFFF2816BF23680020C01898
S31508035A8010BD10B50446FFF7F2FF2368C01AC0B26B
S31508035A9010BD70B505468688FFF7F3FF044628460A
S31508035AA0FFF77AFF0444301B80B270BD38B504464D
S31508035AB00568FFF771FFA388181A284438BD08B587
S31508035AC003460068FFF763FC820504D51846BDE85C
S31508035AD00840FFF770BFFF2008BD2DE9F0410023FA
S31508035AE004469CB008A80D460393FFF721FA2068DD
S31508035AF0FFF74FFC002851D020460DF10B01FFF7A5
S31508035B00DDFE00284AD1204603A9FFF7F7FE06461D
S31508035B10002843D10DF1100843469DF80B2028466B
S31508035B200399FFF7F7F9A16808A8FFF76BF820466A
S31508035B30FFF732FF05462046FFF7A3FF0746204631
S31508035B40FFF7A7FF0D23023D02463946CDE9008339
S31508035B5008A8EBB2FFF762F82046FFF792FF25681D
S31508035B600246294608A8FFF7F1F82046FFF77FFF04
S31508035B7005462046FFF78DFF2A460346294608A809
S31508035B800096FFF71CF92046FFF790FF014608A881
S31508035B90FFF7A3F9237F43F01003237708A8FFF73A
S31508035BA0DEF91CB0BDE8F081C90101F4FF4102F03A
S31508035BB07F020A4301800270704712B1012A05D099
S31508035BC070470B6803604B684360704701F108032D
S31508035BD013F8012D8B4200F8012BF9D170470123E5
S31508035BE0418043717047102200210AF01DB80B4605
S31508035BF0024630B501F1100514461868596808338A
S31508035C0003C4AB422246F7D130BD102308608B800C
S31508035C1070470068D5F7C2BD38B54FF6FE73002541
S31508035C20044643818381C38AC58003F0FE0343F494
S31508035C30FE4343F00103C3820572C0F80E50C0F851
S31508035C401250856180F861502C30FFF7CCFF04F1C0
S31508035C503C00FFF7C8FF04F14C00FFF7C4FF84F8C4
S31508035C606050E56504F16400BDE83840D4F71AB915
S31508035C70808840F0340070470368D869D5F704BDB7
S31508035C80418100681C3000F0D1BA82898A4204D067
S31508035C9003688181D86900F06FBB70470A68C0F84A
S31508035CA00E204A68C0F8122000681C3000F0B2BA09
S31508035CB0837D61F3000383758388DB0503D5036856
S31508035CC0D86900F094BB7047837910B5044673B955
S31508035CD00368D869D5F742FD58B92368D869D6F752
S31508035CE05DFC30B9A379012B01D00123A3710020F0
S31508035CF010BDFEE710B504466430D4F7D3F823681D
S31508035D00D869D6F74BFC38B92368D869D5F732FD75
S31508035D1010B9A37903B1A07110BD10B50446006884
S31508035D201C30FFF776FF20B9A379022B1CBF022389
S31508035D30A37110BD38B50123044603FA01F1002007
S31508035D40FEF7DDFD4FF4A07303FB00F5A37D206882
S31508035D50DB070BD5E3691C309979FFF75AFF294608
S31508035D6004F16400BDE83840FEF72DBFC069D6F7D5
S31508035D7015FCF4E7837910B503F0FB03032B0446FC
S31508035D8023D18388DB0614D50423A3712068E1692C
S31508035D901C3000F0B2FA0D2809D1E1694B693BB111
S31508035DA000232068C1E904331C3000F0A6FA60B169
S31508035DB0FEE7C369006899791C30FFF72AFF00B12B
S31508035DC0FEE7A379042BE1D0DEE710BDC269837928
S31508035DD0516909B912692AB1072B01D007238371BF
S31508035DE0FFF7C8BF032BFBD00323F8E7034610B41A
S31508035DF05C6A08462CB19A6A012123465DF8044B6E
S31508035E0018475DF8044B70470368D86903F014B85C
S31508035E10837910B504468BB1033B042B0ED98388CB
S31508035E209B070DD50368D86903F023F8A379052BD7
S31508035E3001D1002010BD0523A371FAE70D20F9E768
S31508035E400C20F7E783792030022B1CBF022300F8C6
S31508035E501A3C00F0DAB9838810B59B07044600D5C7
S31508035E60FEE7FFF7D1FF7F2806D094F917307F2B7B
S31508035E7001D0984200DDE075D5F790F9A369C01AF9
S31508035E80002807DAE16E04F164008022BDE81040B9
S31508035E90FEF793BE204694F91710BDE81040FFF7A6
S31508035EA0D1BF0079C0F3401080F0010000F0010073
S31508035EB070470079C0F3800080F0010000F001000C
S31508035EC070472DE9FF4708290446DDE90C890F4683
S31508035ED092461D4603D011F0EF0F13D0FEE780F864
S31508035EE0602000F12C060FCB86E80F0004F13C0670
S31508035EF098E80F0086E80F0004F14C0699E80F00AE
S31508035F0086E80F002046FFF7CCFF50B92468CDE991
S31508035F100190CDF800802B4652463946E06902F0D7
S31508035F20C1FF04B0BDE8F08738B590F86030044681
S31508035F3093420D4607D1203000F06BF9E36D9D427D
S31508035F4024BF0135E56538BD436A70B505460C4679
S31508035F5016462BB121B11AB9826A314620469847AB
S31508035F602846FFF79EFF40B93CB1E37D9B0704D55E
S31508035F702846227D2169FFF7D7FF3246214605F1D8
S31508035F802000BDE8704000F036B937B50446C0694D
S31508035F9003681B881D072DD5037FD9062AD40DF15F
S31508035FA00701FFF79BFC28BBE069037FDA0703D4E5
S31508035FB094F86010FFF7DFFC2046FFF772FFC8B1BD
S31508035FC09DF80730082B15D1E06904F13C0383607B
S31508035FD0037FDB0709D4E56D2946FFF79FFC2946AE
S31508035FE0204694F86020FFF79FFFE06904F10E014D
S31508035FF0FFF773FD03B030BD38B583790546052B26
S315080360000BD00024FFF7C1FF2846EC712C7285F8E4
S315080360106140FFF7DBFE204638BD0D20FCE737B5A8
S3150803602005460C46FFF73DFF20BB0B681B881A077E
S3150803603020D50B7FDB071DD520460DF10201FFF79F
S315080360404DFC00B1FEE79DF80230082B12D120461D
S3150803605001A9FFF753FC00B1FEE720460DF1030142
S31508036060FFF775FC00B1FEE728469DF80320019962
S31508036070FFF75AFF03B030BD2DE9F7431E46044622
S3150803608064300D469046D3F70DFF0E2E4DD004D837
S31508036090002E4AD00B2E0BD0FEE70F2EFCD1002183
S315080360A02B7F5A0704D5AA7904F1200000F0A7F834
S315080360B029462046FFF7B3FF0023E371237A002E10
S315080360C035D02046FFF7F5FE074620B16F7E9F427F
S315080360D094BF0027012704F120093246294648467A
S315080360E0009700F08DF857B3237A0E2E03F10103B8
S315080360F023722B7F43F002032B771AD1A379204609
S31508036100062B18BF062394F8611018BFA371FFF76F
S3150803611011FE94F861300133DBB2052B28BF052342
S3150803612084F8613003B0BDE8F0830121B8E7374648
S31508036130D1E7204603B0BDE8F043FFF747BEA3798E
S31508036140A97E022B1CBF0223A371AB798B4206D00F
S31508036150A37DDB0703D520681C30FFF75AFD3346BA
S3150803616042462946484603B0BDE8F04300F049B81D
S31508036170837910B5033B0446042B1ED8DFE803F0E6
S31508036180030719150300BDE81040FFF7F3BDC369FC
S31508036190006899791C30FFF73CFD2046E1690E2318
S315080361A0BDE810400022FFF767BFBDE81040FFF7C0
S315080361B00DBEBDE81040FFF74EBE10BD0068543053
S315080361C0FFF7D6BF08B5034612B1C06D884200D2A1
S315080361D0D9651846FFF765FE50B91B68D8691AB121
S315080361E0BDE8084002F068BEBDE8084002F062BE9A
S315080361F008BD0160704700684030FFF74BB8704729
S31508036200704700684030FFF75EB800684030FFF714
S3150803621070B8704713B5044601226846FFF7CDFCEC
S3150803622069462068D5F752FA02B010BD0068D5F75B
S315080362307FBA70B504468AB006AE102200213046EE
S3150803624009F0F2FC00212068D6F7D0F92068D6F7C2
S31508036250B5FD2068D6F758FE206803F0D2F848B192
S315080362602068D6F79BF900B1FEE72068D5F782FACE
S3150803627000B1FEE7002520684FF6FF71D5F704FA4B
S31508036280204604A9CDE90455FFF7C4FF4FF6FE716E
S315080362902046FFF7CBFF3046FFF7A5FCCDE901659E
S315080362A0009633462A462946206802F0FBFD29460E
S315080362B0206802F0FFFD29462068D6F787F90121F1
S315080362C0206800F094F80AB070BD13B5044601229D
S315080362D06846FFF772FC69462068D6F7ABFD02B03D
S315080362E010BD13B5044601226846FFF766FC6946E6
S315080362F02068D6F7E9FD02B010BD0068D5F7CABA1B
S3150803630000685430FFF720BE00685430FFF76EBDAF
S3150803631000685430FFF7B0BE00685430FFF792BDEB
S31508036320FFF7EEBF13460022FFF7F2BF90F8E430FB
S3150803633070B504460D4616467BB1D5F71FF80346D6
S315080363403246294604F120001BB1BDE87040FFF729
S31508036350E7BFBDE87040FFF7D3BF70BD90F8E430E0
S3150803636013B12030FFF7D0BF704790F8E43013B16C
S315080363702030FFF7D1BF704770472DE9F0411E461D
S3150803638090F8E43004460D46174613B3D4F7F6FFE0
S31508036390B0B1AF7EAB79BB420AD02046D4F766F9D3
S315080363A0F840C30700D4FEE739462046D5F7F6F981
S315080363B03246294604F12000BDE8F041FFF7B2BF93
S315080363C033463A46294604F12000BDE8F041FFF773
S315080363D09FBFBDE8F08108B5D4F748F908BD0C207E
S315080363E070470C2070470C2070470C207047704785
S315080363F00B1AD8B21B0603D47F2908BF002070479F
S31508036400002070472DE9F743044600680D461646F3
S315080364101F46A8B109F032FC00F101084FEA5808F3
S315080364205FB1012F0ED04FF0000900F00100C145FE
S315080364300CD10020A5F8009033E02B884345F2D011
S3150803644007202EE02B884345EDD2F9E7022F02D128
S315080364502B884B4524D008BB23680DF10701187810
S31508036460FEF7A8FAE8B92368013323609DF80730D5
S315080364701B01DBB2337023680DF107011878FEF7A9
S3150803648099FA70B923689DF8072001332360337896
S3150803649009F10109134306F8013BC8E70023E9E7B5
S315080364A0242003B0BDE8F08313B50C466946D4F738
S315080364B033F940B9009B019AB3F5807F72F1000264
S315080364C02CBF0720237002B010BD37B50D4610B98F
S315080364D0072003B030BD03782D2B14D101240130D6
S315080364E06946D4F719F90028F3D1009B04F1004152
S315080364F00139994201994FEA40028A41E8D304B126
S315080365005B422B60E5E72B2B4FF0000408BF0130F5
S31508036510E6E713B50C4601A9FFF7D7FF30B9019B88
S3150803652003F18002FF2A8CBF0720237002B010BD37
S3150803653007B50123019001A8FFF764FF03B05DF8CF
S3150803654004FB002310B5DCB250F82420013302B94A
S3150803655010BD41F82420F6E70023DAB250F82210DA
S315080365601A4601330029F8D1D0B2704713B50C4641
S315080365706946D4F7D1F848B94FF0FF32009B9A42DF
S31508036580019A70EB020234BF0720236002B010BDE4
S3150803659008B5FFF7EBFF08BD13B50C4601A9FFF7CE
S315080365A0E5FF20B9019B003B18BF0123237002B006
S315080365B010BD0023F0B5054618468842C0EBC00750
S315080365C00CD005280AD02E5C013006F07F04BC40A7
S315080365D023433406F1D402B11360F0BD4FF0FF3004
S315080365E0FBE77F280BD9B0F5804F0AD3B0F5001F18
S315080365F009D3B0F1805F2CBF052004207047012022
S315080366007047022070470320704738B50346104683
S31508036610FFF7E7FF814209DB1D46441E1C44A542DA
S31508036620D1B204D1013B01F07F01195438BD61F0A1
S315080366307F0105F8011BD209F1E7036810B55A1E55
S31508036640114603628B4211D8416202210177002168
S315080366500163A1F58031C0E90A33C0E90D139342FA
S3150803666007D8C0E90F23C0E9113310BD04892144B3
S31508036670E8E701890A44F2E708B501600281114493
S3150803668000224160C0E90322C0E90522FFF7D5FFCE
S3150803669008BDC0E903127047C0E90512704710B573
S315080366A01446120A0A700122D4F788F8047010BD3A
S315080366B0134610B501220C78D4F780F80378240220
S315080366C0E01880B210BD2DE9F041876A90F81C8066
S315080366D00E4643463946C26A0446D4F793F8012858
S315080366E0054614D9424639462046FFF7E1FF023DDF
S315080366F0C5F30D052E4340EA0602434639462046AE
S3150803670092B2FFF7CCFFE36AA362BDE8F081E762C2
S31508036710FBE72DE9F04790F81CA00446BAF1020FEF
S315080367200E4617461D4625D0836AD1F80490994527
S3150803673022D153464946C26AD4F764F83668804676
S315080367405346324649462046D4F75CF82844404522
S3150803675012DC3D44AF4202D10020BDE8F08717F8AA
S31508036760013B3146337001222046237FD4F726F8AE
S315080367700646EFE70D20F0E70720EEE72DE9F04799
S31508036780057F0446022D0E461DD0836AD1F8048080
S31508036790984518D1D0F82C902B464A464146D4F74B
S315080367A031F8366807462B46324641462046D4F723
S315080367B029F8874207D92B464A4631462046BDE87B
S315080367C0F047D4F71FB80020BDE8F0872DE9F0415C
S315080367D090F81C800446B8F1020F0D4616D0836A5A
S315080367E04F689F4214D143463946C26AD4F70AF81A
S315080367F02D68064643462A4639462046D4F702F804
S31508036800864205D90020E562BDE8F0810D20FBE745
S315080368100720F9E738B5037F0446022B12D0002177
S31508036820FFF751FF227FA06A04EB8203196A2163EB
S315080368301862E56815B123462069A8470223002094
S31508036840237738BD0D20FCE7006B7047C26B436A9C
S315080368509A4205D1836B006A1B1A584258417047FE
S315080368600020704790F8353033B9C36B426A9B1AD8
S3150803687018BF012380F8343070472DE9F8430446DE
S3150803688090F8346000EB8607D7F82080656C454599
S31508036890256422D0324629462046FFF709FF03041A
S315080368A002D5BB6B9D4218D1C0F30D00821C33463B
S315080368B029462046D3F782FF33468146606402227F
S315080368C029462046D3F77AFF8145A064DED0012303
S315080368D0002084F83530BDE8F88303231720F8E74A
S315080368E008B50146FFF7B2FF68B90846FFF7BAFFCE
S315080368F091F834300E3351F82330C1E91033BDE82B
S315080369000840FFF7BABF172008BD90F835000328DB
S3150803691018BF00280CBF01200020704790F83520C7
S3150803692038B5012A04460ED1816C90F834300D78B7
S31508036930D3F744FF636CA064984202D12046FFF75D
S315080369409CFF284638BD0025FBE7F8B505460F46E4
S3150803695016460024BC4209D02846FFF7D6FF28B9B5
S315080369602846FFF7DBFF30550134F3E7A0B2F8BD3D
S31508036970416AD0E90E23994209D1017F012906D03C
S31508036980531E026893420ED34362C3637047016A78
S31508036990914207D1027F2AB142680133934205D255
S315080369A003628363704701890B44EBE701895B1A2A
S315080369B0F4E7037F022B06D0083350F82330C0E9E7
S315080369C00A3302230377FFF7D3BF38B5D0E90A237F
S315080369D09A42044619D1037F0021083350F82350FD
S315080369E0AB1A5D425D41D3F737FFED03014608B1A4
S315080369F0032038BD2046D3F72FFF0028F8D12A46AF
S31508036A002046237FA16AFFF74AFE0020F1E738B53F
S31508036A10037F0446022B0D4607D0FFF7D6FF30B98E
S31508036A20E36A2B60A36A6B6038BD0D20FCE703207D
S31508036A30FAE738B5037F0446022B0D4608D0FFF75D
S31508036A40C4FF38B929462046BDE83840D3F704BF02
S31508036A500D2038BD0320FCE7F8B5037F0746022B54
S31508036A600D46164611D0FFF7B0FF044610B10324AE
S31508036A702046F8BD2E44B542FAD0384615F8011B10
S31508036A80D3F7EAFE0028F6D0F1E70D24F0E738B588
S31508036A900D460446FFF78DFF0DB1012D00D125776D
S31508036AA0237F083354F82330C4E90A3338BD002258
S31508036AB0C0E90022C0E90222704700228388C28007
S31508036AC00381827283817047002910B5016014BF60
S31508036AD0114600218180FFF7F0FF818110BDC3882D
S31508036AE0028910B55C1C944297BF02680620D35CE2
S31508036AF00B709FBFC3880133C380002010BD13B535
S31508036B000C460DF10701FFF7EAFF48B99DF8073070
S31508036B1013B9207002B010BD012B01D12370F9E718
S31508036B200620F7E713B50C460DF10701FFF7D7FF64
S31508036B3010B99DF80730237002B010BDC3880289C7
S31508036B4010B59C1C94420BD80268D4186478D35C9D
S31508036B5043EA04230B80C3880233C380002010BD95
S31508036B600620FCE7F0B5C4880389251D9D420FD886
S31508036B700668321993785778345D1B04D27843EA4A
S31508036B800723234343EA02630B60C5800020F0BD55
S31508036B900620FCE7C2880389F0B502F108059D4281
S31508036BA01AD80668B418A3786778B25C1B0443EA54
S31508036BB007231343E278667943EA0263227942EAB2
S31508036BC00622A679E47942EA064242EA0462C1E960
S31508036BD00032C5800020F0BD0620FCE737B5C38820
S31508036BE004460D4601890068C91A184401AAFFF725
S31508036BF0E0FC0028C9BFE3880620C018E080C2BFAE
S31508036C000020019B2B6003B030BD10B5C4880389EF
S31508036C1022449A42D7BF036806201B190B60DCBFC0
S31508036C20C280002010BDC28838B503890D46511CA1
S31508036C309942044601D9062038BD00689B1A99B2C1
S31508036C401044FDF76BFEE3882289D21A92B290426A
S31508036C50F1D222681A44013318442A60E0800020DE
S31508036C60EAE710B40389C4881B1B9BB213805DF83B
S31508036C70044B1A46FFF7C9BFF7B50E460DF10601D1
S31508036C8005461446FFF75AFF10B1062003B0F0BDB8
S31508036C90BDF8067031463A462846FFF7B6FF002880
S31508036CA0F3D12780F2E7C38883810389C381837A73
S31508036CB0C3727047838982889A4281BFC380C38916
S31508036CC00381C37A86BF837200200D20704738B5C7
S31508036CD004460D460068C9B2FFF7ABFE28B920681B
S31508036CE0290ABDE83840FFF7A4BE38BD38B50446BF
S31508036CF00D460068C9B2FFF79CFE88B92068C5F33C
S31508036D000721FFF796FE58B92068C5F30741FFF731
S31508036D1090FE28B92068290EBDE83840FFF789BEDA
S31508036D2038BD70B5D1B20446006816461D46FFF74E
S31508036D3080FE38BB2068C6F30721FFF77AFE08BB37
S31508036D402068C6F30741FFF774FED8B92068310EE9
S31508036D50FFF76FFEB0B92068E9B2FFF76AFE88B994
S31508036D602068C5F30721FFF764FE58B92068C5F301
S31508036D700741FFF75EFE28B92068290EBDE8704073
S31508036D80FFF757BE70BD13B50A4604460621684683
S31508036D90FFF73BFC694682B22068FFF75DFE02B047
S31508036DA010BD70B50D4611F00F01044618BF002338
S31508036DB0006816BF012184F8241084F82430164687
S31508036DC0FFF765FE29462068FFF733FE28B93146E3
S31508036DD02046BDE87040FFF7D6BF70BD70B50E46B6
S31508036DE0114605461446FFF772FF30B92246314667
S31508036DF02868BDE87040FFF72FBE70BD38B5044656
S31508036E0008460D4608F03AFF4FF6FF73984228BF27
S31508036E101846294682B22068FFF71EFE014620B9A6
S31508036E202068BDE83840FFF704BE38BD10B590F8B2
S31508036E3024100446032916D800EBC101043100685F
S31508036E40FFF7E5FD70B901462068FFF7F2FD48B97B
S31508036E5001462068FFF7EDFD20B994F82430013385
S31508036E6084F8243010BD0D20FCE713B590F82410E0
S31508036E70044611B90D2002B010BD0139C9B280F814
S31508036E80241000EBC10104310068FFF777FC0128E1
S31508036E90F0D994F82410023804EBC101ADF80400C4
S31508036EA00223206801AA0431FFF733FCE3E710B590
S31508036EB0044694F8243023B92068BDE81040FFF748
S31508036EC0A9BC2046FFF7D1FF0028F2D010BD10B5A4
S31508036ED000F1280104460068FFF799FD18B994F8EC
S31508036EE0243084F8253010BD38B504461D46FFF70F
S31508036EF058FF48B92046FFF7EAFF28B9294620462E
S31508036F00BDE83840FFF73FBF38BD10B500F128018B
S31508036F1004460068FFF75AFC18B994F8253084F834
S31508036F20243010BD38B504460D46FFF7EEFF50B9B9
S31508036F3001462046FFF727FF28B929462046BDE81C
S31508036F403840FFF720BF38BD0068FFF776BB1F2020
S31508036F507047FFF76EBDFFF76CBD002350F8042F8B
S31508036F608A4201D1D8B270470133042BF6D10020E7
S31508036F707047032900D9FEE700EB81004068704794
S31508036F801C282ED8DFE800F00F3011132D1517191A
S31508036F902D2D2D2D1B1D1F212D2D2D272D2D2D255A
S31508036FA0232D2D292B00002070470E2070470B2018
S31508036FB070470C207047092070470320704702204A
S31508036FC0704704207047112070471220704713201A
S31508036FD070471420704716207047172070471820EB
S31508036FE0704700F5804070470120704790F8E030FD
S31508036FF0042B1ABF90F8A80080F001000020704700
S315080370002DE9F8430C4601F00F0E11F00F019446D3
S315080370101A4607D1BCF1020F02D1D030D3F7E2FCEE
S3150803702000200DE090F8EE7890F8ED88A7EB0803BA
S315080370300E2B07DDD0300E220021D3F7D3FC032015
S31508037040BDE8F883C4F30113C41894F8E9481E4647
S315080370508C423BD139460E293CD801F58F7443F04F
S31508037060400130F8343041EA8E010CF0030C23F466
S315080370705F7323F0030341EA0C21194320F8341004
S3150803708000EBC4056B68013762F317036B6080F87E
S31508037090EE78C5E70F3CE4B20E2CFBD804F58F74E3
S315080370A010F8345015F0400F0CD005F003094E457F
S315080370B008D1C5F38309894504D125F0400500F8AD
S315080370C03450C7E708F101085FFA88F84745C1D97C
S315080370D04446E1E70F39C9B2BDE713460222FFF773
S315080370E08FBF38B511F0300F00F1600408BFC0F840
S315080370F0AC201546002306222046FFF7F5FE48B9BD
S3150803710029462046FFF73FFE20B92046BDE838400A
S31508037110FFF7CDBE38BD2DE9F74304460E4668464C
S31508037120114615469846D3F7FDFEDDE90079CFB932
S3150803713019F0010F16D1A5F57053B3F5806F2CD24C
S3150803714004F160072B46062231463846FFF7CCFE84
S3150803715080BB2946204602F0A5FB17281DD048BB4D
S31508037160384615E004F160082B46062231464046A8
S31508037170FFF7BAFEF0B919F0010F4FEA690318BF12
S31508037180E35804EB690018BFDF59B84790B940467E
S3150803719003B0BDE8F043FFF78ABEB8F1000F07D086
S315080371A00D223146204603B0BDE8F043FFF799BFE9
S315080371B04246F6E703B0BDE8F08370B504460026F9
S315080371C094F8ED5894F8EE38AB4201D1002034E038
S315080371D005F58F7514F835305A0616D414F8353074
S315080371E023F0400304F8353094F8ED380133DBB265
S315080371F00F2B84F8ED38E3D194F8EE3884F8ED686C
S315080372000E2B22D884F8EE38DAE7C3F30102C3F368
S31508037210830141EA021104EBC5025378526803F06D
S31508037220030361F07F01022BC9B2C2F3170205D12A
S315080372302046FFF756FF0028D0D070BDB3FA83F374
S3150803724020465B09FFF767FFF5E70F3BDBB2D7E796
S3150803725038B590F8A83004460D4633B1D0F8E43073
S315080372608B4204BF002380F8A8302046FFF7A5FF0A
S3150803727000BB2946204602F014FB94F8E810A1B196
S3150803728001230C222046FFF746FF98B994F8E0300D
S3150803729084F8E800042B08D004F11400FFF7D4FAA5
S315080372A00123C4F8E40084F8A8302046BDE8384032
S315080372B0D3F7DEBC38BDFFF7CBBFF8B500F16005E1
S315080372C004462846069EBDF81C70FFF70DFE50B906
S315080372D03A463146206EFFF7BFFB20B92846BDE87C
S315080372E0F840FFF7E4BDF8BD2DE9F04F042B04463B
S315080372F00D46174687B002D0052B18D0FEE74FF088
S315080373000709114604A8D3F725FEDDE9048606F026
S31508037310010BB8F1000F13D1BBF1000F10D10D22E9
S3150803732029462046FFF7D9FE07B0BDE8F08F114678
S3150803733004A8D3F71BFEDDE904864FF00809E6E740
S3150803734004F1900A5046FFF7AEFC0DF10A0203A9B1
S315080373505046FFF786FC5046FFF7ACFC002304EBC8
S31508037360660084F86F397310BBF1000F02D0E35837
S3150803737053F80880C0470123064684F86F3918B1C5
S31508037380FFF7FEFD0246CBE7BDF80A304A460193EE
S31508037390039B2946009320463B46FFF78EFF0028AA
S315080373A0C2D03246BCE708B50022FFF796FE08BDF1
S315080373B02DE9F0414FF4807804460D460021C2B00A
S315080373C002AF01AE42463846316008F02DFC31461D
S315080373D004F19000FFF727FC70B1FFF7D1FD2946AA
S315080373E002462046FFF77DFE0023C4F8A039A4F819
S315080373F0A43942B0BDE8F08131682068C4F8A079A1
S31508037400A4F8A4890EF0E7FD0028EDD104F160067F
S315080374104FF46F53062229463046FFF765FD0028C9
S31508037420E2D139463046FFF7E9FC0028DCD130467D
S31508037430FFF73DFDD8E710B50446D0F8A009134673
S31508037440C0B00A46A0B1B4F8A419E3F769FA00284C
S315080374500CDDB4F8A439D4F8A0299842A8BF184675
S3150803746002441B1AC4F8A029A4F8A43940B010BDD5
S315080374704FF480716846E3F753FA0028F6DB603465
S315080374804FF46F53062280212046FFF72DFD00286F
S31508037490ECD169462046FFF7B1FC0028E6D1204621
S315080374A0FFF705FDE2E713460A4601461846FFF7C6
S315080374B0C2BF10B5044600680EF092FE0146206E60
S315080374C0BDE81040FFF747BD10B5044600680EF047
S315080374D062FE0146206EBDE81040FFF73ABD002361
S315080374E037B5054601A990300193FFF777FB0446A4
S315080374F0A0B99DF8041028680EF0FDFD044668B986
S3150803750028680EF06DFE48B195F871392B4493F847
S315080375106A391BB128680EF081FE0446204603B07B
S3150803752030BD10B5044600680EF04EFE410001F06A
S31508037530FE01206EBDE81040FFF70BBD002313B50F
S3150803754004460DF1070190308DF80730FFF7C7FAA7
S3150803755058B99DF8073023B1013B012B07D90720FA
S3150803756003E0014620680EF0A6FE02B010BD012115
S31508037570F8E713B504460DF107019030FFF7BFFA94
S3150803758020B99DF8071020680EF0DFFD02B010BD84
S3150803759010B5044654F8600B0EF0E5FD0146204687
S315080375A0BDE81040FFF793BB13B504460DF106017A
S315080375B09030FFF7C3FA20B9BDF8061020680EF01D
S315080375C0B6FD02B010BD10B5044600680EF087FD7F
S315080375D008220146206EBDE81040FFF73DBA13B5F1
S315080375E00822044601A99030FFF70FFB18B9019941
S315080375F020680EF08EFD02B010BD10B5044654F88F
S31508037600600B0EF0BCFD01462046BDE81040FFF7AF
S315080376105EBB90F87139034493F86A19006EFFF755
S315080376209ABC002337B505460DF1070190308DF84E
S315080376300730FFF764FA044688B928680EF0D0FDC8
S3150803764030B19DF80730286863B10EF0E7FD0446AC
S3150803765095F871391D449DF8073085F86A3920462F
S3150803766003B030BD0EF051FEF1E77FB500F1900689
S31508037670054602A93046FFF78DFA044628BB30466D
S3150803768001A9FFF76FFA0446F8B930460DF103016D
S31508037690FFF725FA0446C0B9286801F0B0FEDDE90C
S315080376A00223904271EB030612D2121A63EB01030B
S315080376B06FF00101914274EB030309D3019B9DF813
S315080376C003102868D4F79EF80446204604B070BD14
S315080376D00724FAE710B50446006801F0A6FE01463A
S315080376E0206EBDE81040FFF734BC10B504460068A9
S315080376F001F0A0FE0146206EBDE81040FFF729BC45
S31508037700F8B505460E460024012707FA04F3334263
S3150803771004D10134202CF8D10020F8BD286EE1B23B
S31508037720FFF717FC0028F4D0F7E7F7B5002304465C
S315080377300D46012700F19006B4F896202B60B4F89D
S3150803774098309A4202D1002003B0F0BD30460DF1BD
S315080377500701FFF7C4F90028F6D19DF807301F2B58
S3150803776004D82A6807FA03F31343E5E70720EBE788
S31508037770D0F8B010FFF7C4BF002313B501A9044618
S315080377800193FFF7D2FF10B9019BC4F8B03002B0DA
S3150803779010BDB0F8B4106030FFF799BA00F1B40120
S315080377A09030FFF7CBB910B5044600680EF018FD04
S315080377B0014640B194F87139234493F97619013196
S315080377C018BF01214900206EBDE81040FFF7C1BB71
S315080377D013B5044601A99030FFF700FA28B9012228
S315080377E0019904F1D000D3F731F902B010BD13B5EE
S315080377F0044601A99030FFF7F1F928B90246019921
S3150803780004F1D000D3F722F902B010BDD0F8AC10BA
S315080378106030FFF7B8BA10B500F1600404212046BA
S31508037820FFF7B1FA28B92046BDE810400321FFF750
S31508037830AABA10BD03216030FFF7A5BA002160304C
S31508037840FFF7A1BA10B500F1600405212046FFF73A
S315080378509AFA48BB0C212046FFF795FA20BB182154
S315080378602046FFF790FAF8B922212046FFF78BFA4C
S31508037870D0B940F201212046FFF785FAA0B9402185
S315080378802046FFF780FA78B941212046FFF77BFAAD
S3150803789050B942212046FFF776FA28B92046BDE8B3
S315080378A010404321FFF76FBA10BD10B504460EF01A
S315080378B0BBFB014604F16000BDE81040FFF79EBA22
S315080378C00346002110B400F1100253F8044F0CB11B
S315080378D00131C9B29342F8D1006E5DF8044BFFF744
S315080378E038BB0021006EFFF734BB0421006EFFF797
S315080378F030BB0C20704713B50446694600680EF082
S3150803790056FC08226946206EFFF7A6F802B010BD9A
S3150803791002216030FFF706BB90F8E010006EFFF710
S3150803792018BB712A10B51C460CD0B2F56F5F06D08A
S315080379300C2A0AD1D3F788FA2070012010BDFFF765
S3150803794037FDF9E7D3F774FBF6E70020F6E7F0B55A
S31508037950002785B004460E4602A8114615468DF83B
S315080379600770D3F7EBFADDE9023000F0010263B9D9
S315080379705AB92A46314620460DF10703FFF7D1FFC8
S31508037980D8B19DF8070005B0F0BD411084F86F79AA
S3150803799004EB60000AB16258D358984701238DF85F
S315080379A0070084F86F3908BB2B4601223146204667
S315080379B0FFF726FB8DF80700E3E7A5F57053B3F544
S315080379C0806F05D30D2231462046FFF786FBF1E784
S315080379D084F86F092946204601F07FFF01231728FB
S315080379E08DF8070084F86F39DDD1EBE7FFF7C8FA9E
S315080379F00246E8E7002373B504460D46903001A90D
S31508037A0016460193FFF7EAF8024640B1FFF7B8FABC
S31508037A10294602462046FFF760FB024604E0032E8A
S31508037A2015D004D8022E0CD0104602B070BD331FF1
S31508037A30012BF9D8334629462046019AFFF754FC09
S31508037A40EBE729462046019BFFF7DAFAE5E72946DD
S31508037A502046019AFFF77BFFDFE737B504460D4655
S31508037A60903001A9FFF7BAF8A0B9019A012A13D0F1
S31508037A700CD9931E032B14D9A2F57053B3F5806F53
S31508037A8014D22946204601F008FF03E0294620467A
S31508037A90FFF789FC03B030BD29462046D3F750F9D2
S31508037AA0F8E729462046FFF7A5FFF3E70522294607
S31508037AB02046FFF712FBEDE7012373B5002600F115
S31508037AC09005044680F86F3928468DF80760FEF757
S31508037AD0FBFF0423284684F8E03084F8A8600DF1F8
S31508037AE00701FEF7FCFFB8B99DF907309DF80710A3
S31508037AF0B34211DAD4F884390133C4F88439C1F3AB
S31508037B00011384F8713904EB83035B68236043B973
S31508037B1006222046FFF7E5FA002384F86F3902B0F8
S31508037B2070BD2046FFF799FF38B1FFF729FA9DF88C
S31508037B30071002462046FFF7D0FA94F8EE2894F881
S31508037B40ED389A4202D02046FFF737FB94F871299D
S31508037B509DF80730224492F8E91803F00F0331B170
S31508037B6099421EBFD4F888190131C4F888190F2B16
S31508037B700CBF0123013382F8E938CDE710B5044673
S31508037B80006801F059F9C1B2206EBDE81040FFF74D
S31508037B90E0B910B50446006801F044FCC1B2206E92
S31508037BA0BDE81040FFF7D5B913B504460DF1070133
S31508037BB00068D4F725FD30B99DF80710206EFFF746
S31508037BC0C8F902B010BDFFF7DBF9014604F16000FE
S31508037BD0FFF7A8F9F5E7002313B504460DF10701E6
S31508037BE090308DF80730FEF79DFF20B99DF90710F1
S31508037BF02068D4F70FFD02B010BD13B504460DF186
S31508037C000701006801F001FC30B99DF80710206EE2
S31508037C10FFF79FF902B010BDFFF7B2F9014604F169
S31508037C206000FFF77FF9F5E7002313B504460DF166
S31508037C30070190308DF80730FEF774FF20B99DF9D8
S31508037C400710206801F011F902B010BD13B50446F8
S31508037C500DF107010068FEF7C2FB30B99DF807105E
S31508037C60206EFFF776F902B010BDFFF789F90146D2
S31508037C7004F16000FFF756F9F5E7002313B5044648
S31508037C800DF1070190308DF80730FEF74BFF20B949
S31508037C909DF907102068FEF7A4FB02B010BD37B59F
S31508037CA000F1900504460DF106012846FEF717FF75
S31508037CB060B928460DF10701FEF734FF30B99DF97F
S31508037CC007209DF80610206801F0D1F803B030BDEF
S31508037CD013B504460DF1060154F8600BFEF785FB50
S31508037CE030B92046BDF80610FEF7F1FF02B010BD05
S31508037CF0FFF746F901462046FFF714F9F6E713B5E9
S31508037D0004460DF106019030FEF718FF20B9BDF8B9
S31508037D1006102068FEF767FB02B010BDFEE7FEE714
S31508037D2010B5044600680EF08EFBD2F797FF01469E
S31508037D30206EBDE81040FFF70CB937B500230022C3
S31508037D400446CDE90023D3F729FA6946054604F123
S31508037D509000FEF71FFF60B9DDE90032AB4272F10E
S31508037D60000108D35B1B62F10002C4F89839C4F812
S31508037D709C2903B030BD0720FBE700F51A6353E9D6
S31508037D8002236030FEF7CDBF10B504460068D2F76C
S31508037D906DFC01462046BDE81040FFF7B1BC10B59F
S31508037DA004460068FEF717FB01462046BDE8104067
S31508037DB0FFF7A6BC13B504460DF107019030FEF78D
S31508037DC09EFE20B99DF807102068D3F761FF02B01D
S31508037DD010BD10B504460068D4F72AFC0146206E88
S31508037DE0BDE81040FFF7B7B830B5044695B0054669
S31508037DF001A954F8600BD3F735FF38B1FFF7C0F87C
S31508037E0001462046FFF78EF815B030BD2046FFF72A
S31508037E100DF80028F8D120460299FEF767FF0028D7
S31508037E20F2D120460399FEF761FF0028ECD12046DC
S31508037E300499FEF75BFF0028E6D120460599FEF76D
S31508037E4055FF0028E0D120460699FEF74FFF002884
S31508037E50DAD120460799FEF749FF0028D4D12046F0
S31508037E600899FEF743FF0028CED120460999FEF765
S31508037E703DFF0028C8D12046FEF7F7FF0028C3D1E7
S31508037E802046FEF7D3FF0028BED120460A99FEF7FF
S31508037E902DFF0028B8D120460B99FEF727FF0028A7
S31508037EA0B2D120460C99FEF721FF0028ACD1204613
S31508037EB00D99FEF71BFF0028A6D120460E99FEF75B
S31508037EC015FF0028A0D120460F99FEF70FFF0028BB
S31508037ED09AD120461099FEF709FF002894D1204627
S31508037EE01199FEF703FF00288ED120461299FEF753
S31508037EF0FDFE002888D12046FEF7B7FF002883D168
S31508037F009DF84C10286EFFF726F800287FF47CAFFF
S31508037F1020460199FEF7EAFE76E7002337B50C46B5
S31508037F2090300DF1070115468DF80730FEF7D7FD9A
S31508037F30D0B99DF80730DA0704D5BDB1227842F0E7
S31508037F4001022270990742BF227842F00202227088
S31508037F505A0742BF227842F0040222701B0703D550
S31508037F60237843F00803237003B030BD0720FBE7EB
S31508037F70F0B504460C260020013A90420DD370430F
S31508037F800A1809588B4215BF0023D2E90101C4E92F
S31508037F900033C4E900012046F0BD85186D0806FBC9
S31508037FA005F7CF599F422CBF2A46681CE5E7FEF71B
S31508037FB040BD0B216030FEF7E6BE04216030FEF7B4
S31508037FC0E2BE70B516460C4600F1600541B13AB9F2
S31508037FD08A8828460968FEF701FF48B1012070BD63
S31508037FE000212846FEF773FE0028F7D1002C66D039
S31508037FF094F915102868C9B2FFF7D9FF0028EDD1FF
S3150803800080212868FFF7D3FF0028E7D1002C58D032
S31508038010E17D090101F030012846FEF758FE0028E4
S31508038020DCD12846FEF702FF01460028D6D104B163
S31508038030A1792868FFF7BBFF01460028CED104B112
S31508038040A17D2868FFF7B3FF0028C7D1002C3AD0D3
S31508038050D4E902232846FEF764FE0028BED1284643
S31508038060FEF703FF0028B9D12846FEF7DFFE0028EE
S31508038070B4D131462846FEF786FE0028AED12846F7
S31508038080FEF7F3FE0028A9D12846FEF7CFFE0146E0
S315080380900028A3D104B1217D2868FFF788FF0028AB
S315080380A09CD19CB121692846FEF720FE002895D16C
S315080380B02846FEF7DAFE003818BF01208FE7214667
S315080380C098E72146A8E700220023C3E72146EAE703
S315080380D00901F8B561F07F0100F16007044615460A
S315080380E01E4606227123384601F0F001FEF7FCFE10
S315080380F050B9324629462046FFF763FF20B938466A
S31508038100BDE8F840FEF7D3BEF8BD2DE9F3470329CA
S31508038110044616461F469DF8288000D9FEE74218EE
S3150803812092F87259002D40D045EA011161F07F019A
S31508038130C9B28BB31B68B3F800A0CAF3001A0023AD
S3150803814096F81C9004F1600582F8723928460622CF
S3150803815009F00109FEF7C8FE38BB4046FEF710FFD3
S3150803816001462846FEF70FFEF8B95146206EFEF77C
S3150803817060FCD0B94946206EFEF75BFCA8B9B8F196
S31508038180000F0BD033681B881B0711D4284602B08F
S31508038190BDE8F047FEF78BBE9A46D0E74246394616
S315080381A02046FFF70EFF0028ECD002B0BDE8F087A3
S315080381B0B9F1000FEAD030460DF10301FDF7C7FB0D
S315080381C00028F2D1304601A9FDF798FB0028ECD127
S315080381D09DF80310206EFFF7EAFE0028E5D128462E
S315080381E00199FEF783FD0028D0D0DEE703292DE9A0
S315080381F0F04105460C46174600D9FEE7FF22431809
S31508038200240193F9768964F07F0483F87629FEF7C7
S31508038210B0FE05F16006E4B20EF000F83923062233
S3150803822021463046FEF760FEF8B9286E5FFA88F1F4
S31508038230FFF7BDFEC8B9286EF9B2FFF7B8FEA0B9B5
S315080382403046FEF734FE80B92146302306223046EF
S31508038250FEF74AFE014640B9286EFFF7A8FE20B985
S315080382603046BDE8F041FEF722BEBDE8F08110B501
S31508038270044654F8600B0EF0C0F801462046BDE8E4
S315080382801040FEF780BD90F87139034493F87A19C4
S31508038290006EFEF7CEBB10B5044654F8600B0EF01D
S315080382A0C4F802460B462046BDE81040FEF739BD22
S315080382B010B590F87119044601F67A110144903005
S315080382C0FEF71DFC48B994F871392068234493F8DE
S315080382D07A19BDE810400EF074B810BD73B504469C
S315080382E000680EF054F80546B8B904F19006B4F8D8
S315080382F09830B4F896209B1A9BB2012B0DD93046B9
S315080383000DF10601FEF71AFC30B9BDF80610206810
S315080383100EF015F80028EAD00546284602B070BDC7
S3150803832073B5044600680EF018F80546B0B904F1AB
S315080383309006B4F89830B4F896209B1A9BB2072B8C
S315080383400CD90822304601A9FEF75FFC28B9019922
S3150803835020680DF0E6FF0028EBD00546284602B054
S3150803836070BD13B504460DF106019030FEF7E6FB22
S3150803837020B9BDF8061020680EF015F802B010BD36
S3150803838013B50822044601A99030FEF73EFC18B936
S31508038390019920680DF0EDFF02B010BD13B5044630
S315080383A00DF106019030FEF7C9FB20B9BDF806109A
S315080383B020680DF0C4FF02B010BD002313B50822D0
S315080383C0044601A990300193FEF71FFC18B90199D9
S315080383D020680DF0A6FF02B010BD13B504460DF1D3
S315080383E006019030FEF7AAFB20B9BDF806102068EF
S315080383F00DF07DFF02B010BD13B504460DF106015D
S315080384009030FEF79BFB20B9BDF8061020680DF0E7
S3150803841011FF02B010BD37B504460DF107019030C0
S31508038420FEF75DFB58B99DF807102046CD0901F004
S315080384300301FEF79EFD20B1294600F0D6FF03B0DF
S3150803844030BD0C20FBE77FB500F190050C462846A6
S315080384500DF10A0203A9FEF70FFC0646002875D19B
S31508038460BDF80A207F2A74D8264656F8060B0399C0
S31508038470A28007F0F6FB31462846FEF730FB064690
S31508038480002863D1A379C4E90400A37640F60473EC
S3150803849023837F23E376237F284623F0170343F0BA
S315080384A00403237704F11801FEF719FB00284DD1BD
S315080384B0284604F11901FEF712FB002846D128467F
S315080384C00DF10601FEF71BFB00283FD1237F9DF81C
S315080384D00620284662F38203237702A9FEF70FFBD9
S315080384E0A0BB237F9DF80820284662F30003237761
S315080384F00DF10701FEF703FB40BB237F9DF8072019
S31508038500284662F3410323770DF10901FEF7F7FACB
S31508038510E0B9237F9DF80920284662F304132377DD
S3150803852004F11401FEF71EFB80B9284604F1100175
S31508038530FEF718FB50B9284604F11A01FEF7CFFADD
S3150803854020B9284604F11B01FEF7ECFA304604B0BD
S3150803855070BD0626FAE730B500F1900487B00546E4
S3150803856002A92046FEF7BBFA20B99DF80830082B66
S3150803857002D0072007B030BD20460DF10901FEF7EA
S31508038580AEFA0028F6D120460DF10A0203A9FEF732
S3150803859073FB0028EED1BDF80A30102BE9D120462B
S315080385A00DF10A0204A9FEF767FB0028E2D1BDF81C
S315080385B00A30102BDDD120460DF10A0205A9FEF774
S315080385C05BFB0028D6D1BDF80A30102BD1D1059B09
S315080385D09DF809200193049B9DF8081000932868C9
S315080385E0039B0DF051FEC5E7002337B500F190054F
S315080385F0044601A928468DF80330FEF7B3FAA0B955
S31508038600B4F89620B4F898309A4207D19DF8033007
S31508038610206801995BB90DF01BFE06E028460DF1AB
S315080386200301FEF76CFA0028F0D003B030BD0DF055
S315080386301DFEFAE713B5044601A800F0D4FE38B9BF
S3150803864001992046FEF789FC0146206EFFF7AFFC29
S3150803865002B010BD002337B500F1900504460DF1AD
S31508038660020128468DF80030FEF768FA98B9082201
S31508038670284601A9FEF7C9FA68B9012269462046C0
S31508038680FFF74BFC38B9019BBDF802209DF8001093
S31508038690206800F0D1FE03B030BD00F041BB07B53A
S315080386A011F0FEFC6A4611F065FD00B1FEE700987D
S315080386B003B05DF804FB4FF0FF3070474FF0FF300F
S315080386C00EF045BCDDF744B900B9FEE7406811F082
S315080386D0A7BCF8B504460E46076812F077FE0023D2
S315080386E0256A236212F06DFE002D00DCF8BD3846BC
S315080386F0013DB047F8E700B9FEE741684FF0FF30A0
S315080387000DF0B8BF10B5044600B9FEE7037F3BB1C9
S3150803871001F0F3F820B163692046984700232377CD
S3150803872010BD38B5044600B9FEE7038B428B9A425F
S315080387300CD90022013302770383D0E90253984701
S3150803874001462046A8470123237738BD036A013328
S315080387500362FFF7D7FFBDE8384001F0CBB82DE930
S31508038760F8430D461446064600B9FEE701F0C5F878
S3150803877000283BD03046FFF7C5FF336998470027E3
S315080387802D1947EB07032C1A63F10005012C75F124
S31508038790000309DA336A304601333362FFF7B2FF5F
S315080387A0BDE8F84301F0A6B8D6E902839847A04284
S315080387B077EB05031CD2F36898473B4602462946DE
S315080387C02046E1F7B7FDF368914698473B460246CC
S315080387D029462046E1F7AEFD4C4683B20022738351
S315080387E0214630463283C04701233377BDE8F883F1
S315080387F03B46F3E73220704713B504460DF10600EE
S31508038800D3F76CFE28B9024621469DF80600D3F72E
S315080388106DFE02B010BD1FB50023CDE901330393E6
S31508038820FF238DF80430D3F76BFE044650B90DF1D8
S315080388300200D3F753FE9DF8020001A9D3F766FE9B
S3150803884000B1FEE7204604B010BD7047B0F5802F8F
S3150803885007B54FEA104382B20AD20F2A08D88DF811
S3150803886004308DF8050039B901A8D5F733FA06E0BF
S31508038870072003B05DF804FB01A8D5F71BFA002807
S31508038880F6D10020F5E7B0F5802F07B54FEA104378
S3150803889082B209D20F2A07D88DF8050001A88DF8E8
S315080388A0043001F033F900B1072003B05DF804FB87
S315080388B0B0F5802F07B54FEA104382B212D20F2ABA
S315080388C010D8002914BF042101218DF805000022C0
S315080388D001A88DF8043001F0C8F810F0FF0002D0A3
S315080388E0022803D0072003B05DF804FB0D20FAE73E
S315080388F0B0F5802F13B54FEA10430C4682B202D364
S31508038900072002B010BD0F2AFAD88DF8010001A975
S3150803891068468DF8003001F0BCF80028F0D19DF8C0
S315080389200430013B18BF01232370EAE7F7B50D4668
S315080389300646A0B100242746A54201D8002009E02F
S315080389402A1B002001AB92B23119019702F047FBAB
S3150803895010B1012003B0F0BD019B1C44ECE70720CE
S31508038960F8E7008870472DE9F74F13F00108044626
S315080389700D4617461E46DDF8309002D1043B0C2BF4
S315080389806CD9FEE710461B0A421C002BFAD19DF848
S3150803899034A0C0B2022838BF0220BAF10D0F28BF8F
S315080389A04FF00D0ACAF10F039842B8BFD8B2C0F107
S315080389B00F039A45C8BF5FFA83FA2B1E18BF012314
S315080389C001385FFA80FB20467210013A9B0143EA9D
S315080389D0C2034BEA03035246494600F8013B07F034
S315080389E040F93A460F2304F110019A4539D3009406
S315080389F0234680220120216B12F0BBFD6DB1B5F52C
S31508038A007F4F22786378C5F30720E9B22FD24FF058
S31508038A10020842404B40227063705246494684F826
S31508038A2010B004F1110007F01CF90AF11100002136
S31508038A30CAF10F02204407F0F7F80023C4E90E37FA
S31508038A402364102384F848A06563A4F84480A4F833
S31508038A50463084F8496003B0BDE8F08F13464046B4
S31508038A6092E7013B01F8012DDBB2120ABDE7D243B7
S31508038A7083F0FE036370A3784FF0060883EA156351
S31508038A80A370E378227083EA1543E3702379584089
S31508038A906379207159406171BFE7836BF7B5134456
S31508038AA01546426B044693420E4617D84F19B742EA
S31508038AB015D1A36B1D44636BA5639D420CD1B4F812
S31508038AC0443033B10094234680220120216B12F0EF
S31508038AD050FD0023A4F8443003B0F0BDFEE7B4F814
S31508038AE04430102B07D10094234680220120216BA2
S31508038AF012F03FFD00235A1CA4F8442016F8012B54
S31508038B00E15C4A40E254D2E72DE9F74F1D46036C70
S31508038B100E46C16B2B448B42044629D86FF0100BC3
S31508038B20571E06EB050A00F12009ABEB000B564569
S31508038B301FD1236C1D44E36B25649D4258D3B4F8B7
S31508038B40443033B10094234680220120216B12F06E
S31508038B5010FD94F848200E2A4AD8002102F1110084
S31508038B602044C2F10F0203B0BDE8F04F07F05CB82A
S31508038B70FEE7B4F84630102B19D14A4694F8481044
S31508038B800BEB0203994206DA12F8013D0133DBB215
S31508038B901370002BF4D0CDF8009004F11003802253
S31508038BA00120216B12F0E5FC0023A4F846305A1C79
S31508038BB016F8018B2344A4F8462093F8203088EA54
S31508038BC0030307F8013FB4F84430102B07D1009488
S31508038BD0234680220120216B12F0CBFC00235A1C6A
S31508038BE0A4F84420E25C88EA020804F803809EE7B6
S31508038BF003B0BDE8F08F37B5D0E90F329A42044681
S31508038C000D4600D0FEE700F120030093802200F111
S31508038C101003016B012012F0ACFC0023621E94F8CA
S31508038C2049108B4201DB03B030BD12F8011F92F8DD
S31508038C3020004140E9540133F1E70023F0B5044627
S31508038C409DB000680493FFF78CFE03070D4650D5C5
S31508038C5020460DF10F01FCF731FE002849D12046C5
S31508038C6004A9FCF74BFE002843D105AF9DF80F2056
S31508038C7004993B462846FCF74DF92046FCF78CFE3B
S31508038C80A368054620461593FCF7FBFE06462046D1
S31508038C90FCF7FFFE0D23023D02463146CDE900737C
S31508038CA009A8EBB2FFF75FFE20462568FCF7E9FE45
S31508038CB02946024609A8FFF7F0FE2046FCF7D7FE29
S31508038CC005462046FCF7D3FE06462046FCF7E1FE9A
S31508038CD032460346294609A8FFF716FF2046FCF73E
S31508038CE0E5FE014609A8FFF786FF237F43F0100335
S31508038CF023771DB0F0BDFCF7BABE08B50068FFF7C9
S31508038D0030FE00F4405008BD02F059BF08B5CEF74F
S31508038D104DF91B2008BD704708B5FFF7FCFF08BDD2
S31508038D2008B5D4F731FD002008BD022010F058BA63
S31508038D3008B5D3F751F840B9FFF7F7FF28B9BDE8E7
S31508038D4008404FF4F85010F04BBA012008BD01460D
S31508038D50202010F031BA202010F042BA01464FF411
S31508038D60004010F029BA012010F03ABA012108464A
S31508038D7010F022BAFFF7D9BF0146022010F01CBA39
S31508038D80042010F02DBA0146042010F015BA10205D
S31508038D9010F026BA0146102010F00EBA0146082034
S31508038DA010F00ABA0146402010F006BA01464FF4FD
S31508038DB0803010F001BA00214FF4F85010F0FCB9D6
S31508038DC04FF4807010F00CBA01464FF4807010F01F
S31508038DD0F3B94FF4007010F003BA01464FF400706C
S31508038DE010F0EAB94FF4806010F0FAB901464FF46F
S31508038DF0806010F0E1B94FF4805010F0F1B90146E4
S31508038E004FF4805010F0D8B912F05BBA830410B54A
S31508038E10044604D501214FF4004010F0CDF914F4AB
S31508038E20404F08D0002148F2200010F0C5F9BDE8EC
S31508038E30104012F057BA10BD7F2313B504468DF8B8
S31508038E40073000F05AFD60B1FFF76FFF48B92046B7
S31508038E50D2F7D6FE102201460DF107032046D2F7B4
S31508038E60DFFF9DF9070002B010BDD3F78FBCD3F718
S31508038E7071BC70B504460D46164600F03EFD68B152
S31508038E8000F0AFFA60B94FF47A7229462046724366
S31508038E90D3F704F8BDE8704000F0E9B9252070BDA2
S31508038EA00520FCE710B49DF80C4003945DF8044BC9
S31508038EB0D3F70EBDD3F7F6BCD3F75ABD70B50C4638
S31508038EC0C10100F0807504D5BDE87040002010F09C
S31508038ED0E9BB04F0020655EA060309D010F090F937
S31508038EE00146262012F0EDF94FF4007128460DE0ED
S31508038EF000F0805555EA06030CD010F081F90146B7
S31508038F00262012F0DEF94FF480513046BDE8704052
S31508038F1012F0FBB900F0884151EA050308D010F0B6
S31508038F206FF90146272012F0CCF94FF48051DDE79B
S31508038F3004F008030B4302D0232012F0C2F9620798
S31508038F4007D5D3F783F80DF0FDFD0146242012F06B
S31508038F50B8F9E30705D5BDE870400021252012F0CE
S31508038F60B0B970BD830410B500F400540AD50121C5
S31508038F704FF4803010F020F9BDE81040002140205E
S31508038F8010F01AB901F0200121430AD021464020E6
S31508038F9010F012F92046BDE810404FF4006112F0B4
S31508038FA0B4B910BD810110B5044608D512F07EF98F
S31508038FB00146082012F085F9012010F073FB14F01E
S31508038FC0084F08D012F072F90146072012F079F912
S31508038FD00020FFF7D8FEA20005D512F067F901466F
S31508038FE0062012F06EF9A30707D5082010F0F8F843
S31508038FF018B1BDE8104010F08BBB10BD12F0C00FBE
S3150803900070B5064614461D4605D012F04FF90146BB
S31508039010012012F056F9E80403D500212D2012F099
S3150803902050F9A10206D530460DF091FE10B9304627
S3150803903010F006F9A20305D512F038F90146032004
S3150803904012F03FF920462946FFF738FFFFF783FE5C
S31508039050A8B320462946FFF7D9FE230701D510F002
S31508039060F9F9E00505D512F021F90146042012F0B5
S3150803907028F914F4863F05D012F018F901460220A0
S3150803908012F01FF929462046FFF78CFF690603D518
S3150803909000210A2012F015F9EA0502D5304612F026
S315080390A054F9AB0504D5002230461146EFF780F98B
S315080390B015F0C00F08D1BDE8704000F01BBC204670
S315080390C02946FFF74FFFC8E770BD38B512F07EF99A
S315080390D00446D2F7CBFF006858B9D3F753FA0546C7
S315080390E00120D2F747FD20B9D3F7EAF92846D2F784
S315080390F041FD2046BDE8384012F063B908B5D2F7FA
S31508039100E5FD0023C0F80230C0F8063043814FF668
S31508039110FE73038008BD08B5002000F05BF908B1AB
S31508039120FFF7ECFF012000F055F918B1BDE8084038
S31508039130FFF7E4BF08BD10B50C46D2F7C7FD847226
S3150803914010BDF8B50027802604460760828206719B
S3150803915008461D4600F03AF99DF818300128607153
S31508039160A37100D9FEE7A760D2F7BEFDB5EBC00F22
S315080391704FEAC0032CBFB5FBF3F501252674E5605A
S315080391802046F8BD38B50568044645B12846D2F7E2
S31508039190CFFD1821284602F0E9FF0023236038BDD6
S315080391A0407900F017B938B5044612F09BF8207DCC
S315080391B0D2F7D4FF0546E0B1D2F74EFF854203D076
S315080391C07F212846D2F7D8FF80210846D2F798FF91
S315080391D010B1012000230AE0207DD2F74BFF0028B7
S315080391E0F7D12046D2F790FD0028F2D10123236058
S315080391F038BD2120EEE710B50446C068A3680138D8
S31508039200C31A58425841D2F783FF10F5007F02D19B
S315080392108023237408E0031EB8BF033394F9102090
S3150803922043F387039A42F4DB10BD10B51446EAB13B
S315080392301046FFF7E0FFA368E26801339A42A3608A
S3150803924004D92046BDE81040D2F75EBD94F9103024
S31508039250237102232360A37913B12046D2F774FD41
S31508039260BDE8104000218020D2F74ABF10BD04286C
S315080392700AD003D8003818BF0120704721380128BF
S315080392808CBF0120072070470520704710B5044698
S3150803929020B103F074FA2070002010BD0720FCE704
S315080392A008B503F064FA003818BF012008BD07287B
S315080392B010B50C4605D821B103F079FA20700020C1
S315080392C010BD0720FCE7072808B505D803F071FA8F
S315080392D0003818BF012008BD0720FCE710B504466F
S315080392E020B1E0F711FC2070002010BD0720FCE731
S315080392F010B5044620B103F058FA2070002010BDBB
S315080393000720FCE708B503F04BFA003818BF01201D
S3150803931008BD10B5044620B103F022FA20600020E8
S3150803932010BD0720FCE708B503F01CFA212803D073
S31508039330003818BF012008BD0720FCE710B504460E
S3150803934020B103F011FA2060002010BD0720FCE7C6
S3150803935010B5044620B103F016FA2070002010BD9C
S315080393600720FCE708B503F00CFA003818BF0120FC
S3150803937008BD70B50D461446064660B159B152B1DB
S3150803938003F007FA48B10378337043782B70837870
S315080393900020237070BD0720FCE70120FAE708B513
S315080393A013460A46002103F0F2F9003818BF0120D4
S315080393B008BD08B5D2F74EFC002008BD08B503F072
S315080393C0EDF9003818BF012008BDFEE70CF05ABEB8
S315080393D00CF058BE0CF03EBE00F001007047D2F701
S315080393E0F3BBFFF7A5BC2320704723207047D2F7AA
S315080393F00DBF00F031B8D2F793BED2F781BED1F7CD
S315080394001DBFFFF7B0BCFB20704710B50C4639B13A
S31508039410D2F7C6FF0A2390FBF3F02070002010BD95
S315080394200720FCE76FF06300704708B5FFF7E2F91A
S31508039430C0B208BDAF20704770B50E4614461D4628
S3150803944000F05BFA30B1324629462046BDE8704043
S31508039450FBF704B8252070BD00EB800008B5400073
S31508039460D2F790FF00B1FEE708BD38B505460C46AE
S31508039470D2F790FF042807D104EB84046400284636
S31508039480D2F794FF20B1FEE7D2F78AFF0446F6E740
S315080394902046D2F777FF00B1FEE738BD70B505461B
S315080394A0FFF729FCA8B10478AE8804F03C030C2B1B
S315080394B008BFC4F34004284614BF002484F00104FB
S315080394C0FFF71BFC092E05D914B1B0FA80F4640919
S315080394D0204670BD0024FBE70078B0FA80F0400907
S315080394E0704701230370704708B5EDF7E7FCCCF71F
S315080394F04BFFCCF7C1FFBDE80840D2F717B80020E9
S31508039500704710B50446D3F765FA00F0BDF920464F
S31508039510D2F76EFA2046BDE81040D1F703BEF0B580
S3150803952089B00D460DF10501FDF7D9FA0446002861
S3150803953040F082809DF80530082B7DD8DFE803F0DC
S31508039540050E2930373F43476200002302A88DF8EA
S315080395500830FFF79BFE9DF8081013E000263746F0
S3150803956002A9F0B28DF80870FFF7A1FE48B99DF875
S31508039570083003F00103B34001361C43082EE4B256
S31508039580EED121462868FDF754FA0446204609B069
S31508039590F0BD002302A88DF80830FFF79FFEDAE72F
S315080395A0002302A88DF80830FFF7A2FED3E702A826
S315080395B0FFF7AFFE28460299FDF798FBE5E702A8F1
S315080395C0FFF7BCFEF6E702A8FFF7C2FEC3E702AA47
S315080395D00DF107010DF10600FFF7CBFE044600283F
S315080395E0D4D19DF806102868FDF723FA0446002807
S315080395F0CCD19DF807102868FDF71BFA0446002806
S31508039600C4D1A8E71822002102A806F00DFB0620FC
S3150803961002A9D2F785FC04460028B7D1062402AE70
S31508039620284656F8041BFDF761FB0028ADD1601EDA
S3150803963010F0FF04F4D1A9E71724A7E713B50DF132
S3150803964001010446FDF74BFA002840F086809DF891
S315080396500130092B00F28180DFE803F005137F2C24
S315080396603A7F465471740023204601A98DF80430C5
S31508039670FDF735FA18B99DF80400FFF711FE02B095
S3150803968010BD002320460DF103018DF803308DF834
S315080396900430FDF724FA0028F1D1204601A9FDF785
S315080396A02EFA0028EBD19DF804109DF80300FFF766
S315080396B00AFEE4E70023204601A98DF80430FDF7E6
S315080396C00EFA0028DBD19DF80400FFF71BFED6E748
S315080396D00023204601A90193FDF744FA0028CED1B9
S315080396E00198FFF720FECAE70023204601A98DF853
S315080396F00430FDF704FA0028C1D19DF80400FFF7EA
S3150803970031FEBCE720460DF10201FDF7E8F9002812
S31508039710B5D120460DF10301FDF7E1F90028AED1D5
S31508039720204601A9FDF7DBF90028A8D19DF80420F6
S315080397309DF803109DF80200FFF731FE9FE7FFF738
S3150803974038FE9CE7204601A9FDF7D9F9002896D1EA
S315080397509DF80400FFF732FE91E717208FE708B557
S31508039760D1F776FABDE8084000F58E50FBF779B9CC
S3150803977000F0C0B808B5D1F76BFABDE80840D3F7CF
S315080397801DBC00F5805393F8A6213AB193F8A73187
S3150803979023B900F58D501430FBF763B97047FFF70B
S315080397A0F0BF08B5D1F754FABDE80840D3F746BC6D
S315080397B010B54FF400620446002100F6A61006F021
S315080397C033FA002204F5805383F8A72104F1140021
S315080397D0FDF73CF850B9D3F7DFFC04F58D50143088
S315080397E0FBF73FF9BDE81040D3F7DEBC10BD08B55B
S315080397F0D1F72EFABDE80840FFF7DABF10B50446DD
S3150803980000F58D500830F9F77BFC00B1FEE704F547
S31508039810805484F8A60110BD08B5D1F719FABDE836
S315080398200840FFF7EBBF7FB504460126D3F7C6FB0F
S3150803983004F58D50002300960DF10A0203A908309A
S31508039840F9F74EFD04F5805578B995F8A6310BB9A5
S3150803985085F8A6612046BDF80A200399FEF72CF978
S315080398600398FAF723FB00B1FEE795F8A6314BB147
S3150803987004F11400FCF7EAFF20B904F58D501430FF
S31508039880FBF7EFF804B070BD08B5D1F7E1F918B1E5
S31508039890BDE80840FFF7C7BF08BD05230222FDF749
S315080398A0AFBB704743F60143994210B502D017225E
S315080398B0104610BD00F1600421469030FFF72FFED5
S315080398C002460028F4D01728F1D0FDF759FB0146C4
S315080398D02046BDE81040FDF725BB43F601439942F0
S315080398E002D19030FFF7AABE1720704770470120B0
S315080398F0D3F706BC0120D3F703BC0120704710B584
S31508039900044611F05AFD4FF000534FF20F021C8024
S315080399105A80BFF35F8FBDE8104002F050B970B5A7
S31508039920002506462C46052C16D8DFE804F0031E48
S315080399300B0D0F115B2108200134D4F75FF9112CA5
S31508039940F1D170BDD121F6E78021F4E70021F2E7D2
S315080399506B1C2946DDB2EEE7A4F10E03012B06D9EB
S31508039960102C06D0B31F195DE5E70C21E3E75A214E
S31508039970E1E75D21DFE700230360704703680B60B7
S3150803998001607047036813B90B6001607047184696
S31508039990F8E70346006818B102681A6000230360F3
S315080399A07047036803B970478B4204D10B68036099
S315080399B000230B6070471846F3E72DE9F041064686
S315080399C00F4635464FF00008286808B1046824B9DD
S315080399D0B8F1000FF5D1BDE8F0812146B8472B68E9
S315080399E038B922684FF0010823601A602C602546AF
S315080399F0EAE71D46E8E74FF0FF307047FEE7002029
S31508039A00704701207047012070474FF0FF307047B9
S31508039A10002070470020704700207047D4F708B825
S31508039A20FEE700239A4200D1704710B550F8234049
S31508039A3041F8234001339A42F8D110BD4FF06042F2
S31508039A400123D2F8001E83400B430020C2F8003ED0
S31508039A5070474FF060410122D1F8003E824023EA65
S31508039A6002030020C1F8003E7047F8B50E461746B4
S31508039A70044660B111F0AAFC05463A46314620462B
S31508039A80D7F7A2FA284611F09CFC0020F8BD22203D
S31508039A90FCE770B50C460646E0B1D9B111F096FC61
S31508039AA005463046D7F7D0FA0328207008D8B0FA07
S31508039AB080F35B092846637011F083FC002006E0F7
S31508039AC0031F0B2B04D9284611F07BFC242070BDF9
S31508039AD00123EFE72220FAE738B50D46044698B185
S31508039AE091B111F073FC30222378534303F1A04359
S31508039AF003F570331B6C6278D34003F001032B70B4
S31508039B0011F05FFC002038BD2220FCE738B50D466E
S31508039B10044698B191B111F059FC30222378534386
S31508039B2003F1A04303F570335B6C6278D34003F00B
S31508039B3001032B7011F045FC002038BD2220FCE7F9
S31508039B40416C436910B5DA1CA1F11404B2FBF4F2B3
S31508039B5003EBC2000330B0FBF4F0B1F5805F00F10C
S31508039B60010002D1012828BF0120013010BD38B5F4
S31508039B7005460C46FFF7E4FF6B6CA3F11402B3F535
S31508039B80805F02FB00F005D140F6E87369699942E4
S31508039B9088BFCC30E31DB3FBF2F3013304EBC304F4
S31508039BA0204438BD38B5054644692146FFF7DFFF2B
S31508039BB06A6CE31D143AB3FBF2F3013304EBC304F3
S31508039BC0204438BDF7B507460E4600257C6CA81910
S31508039BD0644280EA06031C4003D02C46204603B0A1
S31508039BE0F0BDFB6B01225B6901A99847019B013311
S31508039BF0F4D10435EAE770B505460C46D5F7E2FB1A
S31508039C00EB6B2046BDE87040DB68184770B5002546
S31508039C10044686B00562E369AB4202D8206A06B0F9
S31508039C2070BD666C2068E36B05225B6901A906FBB8
S31508039C300500984701A800F076FC00F099FC10B1DE
S31508039C40236A013323620135E5E738B50446456CD3
S31508039C50006804F1400305FB0101E06B00F095FC85
S31508039C6005462046FFF7D2FF284638BD2DE9F047BB
S31508039C7000254FF0FF384FF6FF730446C1462F46BB
S31508039C8086B0C0E90853E369BB420DD8A5EB0805BE
S31508039C90012D06D94FF6FF7300256362E369AB42CC
S31508039CA026D806B0BDE8F0872368E26B606C566970
S31508039CB000FB0730052201A9B04701A800F033FCD1
S31508039CC0824601A800F006FC0646504600F050FC02
S31508039CD060B1B14588BF6762B04528BFB046B54293
S31508039CE038BF3546B146236A013323620137CAE7CB
S31508039CF0666C2068E36B052206FB05005B6901A910
S31508039D00984701A800F0E6FB0135C7E7F0B5054615
S31508039D10002687B0EC69013CB44203D80C462046BA
S31508039D2007B0F0BD01B14C1E6F6C2868EB6B0522BA
S31508039D305B6901A907FB0400984701A800F0F3FB38
S31508039D4000F016FC0028EAD121460136E2E7F0B511
S31508039D5004460D46466CE36B006887B005225B69CB
S31508039D6001A906FB0500984701A800F0DCFB00F0F3
S31508039D70FFFB20B101A800F0ADFB07B0F0BD2946F3
S31508039D802046FFF7C3FF0646676C2068E36B052288
S31508039D905B6901A907FB0600984701A800F09AFB2F
S31508039DA0431CEAD0B54238BF0130E6E72DE9F04354
S31508039DB04FF6FF79D0F8248004460E46C84514BFEB
S31508039DC045460025002787B0E369BB4202D807B09A
S31508039DD0BDE8F083E26B2368606CD2F814C000FB1D
S31508039DE00530052201A9E04701A800F09CFB0228DB
S31508039DF006D0C8450CD1721C29462046FFF725FF15
S31508039E00E3690135B5FBF3F2013703FB1255DBE7CB
S31508039E1029462046FFF79BFFB0F1FF3F14BF0246D2
S31508039E2032460132E8E70368F0B5CC1A436C0646B6
S31508039E30B4FBF3F4002587B0F36937685A1E9542D5
S31508039E40706C08D3706C336800FB043007B0BDE848
S31508039E50F04000F098BB0134B4FBF3F203FB124461
S31508039E60F36B05225B6901A900FB0470984701A8F7
S31508039E7000F059FB00F07CFB0028E3D10135DBE752
S31508039E8010B423F0030422449B070A44436C18BF07
S31508039E9004325B4281EA0204234203D05DF8044B91
S31508039EA0FFF7C1BF10465DF8044B70472DE9F04133
S31508039EB0D0E90A369E42044686B028D11422C369DD
S31508039EC0456802FB1355284606B0BDE8F0812068AD
S31508039ED0676C331AB3FBF7F3E26B07FB0300D2F89D
S31508039EE0148001A90522C04701A800F01CFB01281C
S31508039EF004D0636C1D44013B3340ED1A31462046BA
S31508039F00FFF791FF0646A36AB342E0D1DBE70025D4
S31508039F10F9E708B508301346D1E90012D5F7D8F999
S31508039F20012008BD13B50C4600212176009361680C
S31508039F3013462246D3F7C8FF18B1E37D03B1A07EC3
S31508039F40A075A07D02B010BD73B5164600F10805CD
S31508039F500C46284609680DF1070200F098F9032E06
S31508039F6006D16368834203D12846216800F076F94F
S31508039F70012002B070BDD01E009B42424241187EAA
S31508039F80824211D11A688A420ED85A688A420BD37A
S31508039F905A6901325A61D3E9030282423FBF98687C
S31508039FA040F8221001321A610120704710B5032ABE
S31508039FB0029C07D1A26A5340626C5242134201D1F2
S31508039FC000F04CF9012010BD08B5C3680020984776
S31508039FD0BDE80840D5F7FEB9012814BF04200220BE
S31508039FE070B5002442431C70CC7D101D02F002029A
S31508039FF04CB91AB1012220F003001A7000F10803C4
S3150803A0004868184470BD1AB1012220F003001A707B
S3150803A01000230C7E01F12005DAB2944201D8002010
S3150803A020F0E735F833205E1C824206D901EBC303F9
S3150803A03000F10802D8691044E4E73346801AEBE7CF
S3150803A04073B5054690F842601C4630460DF1030386
S3150803A050FFF7C2FFEB6B012E5B690DD1324601A9EF
S3150803A06098479DF8033013B1BDF806300193BDF840
S3150803A0700430236002B070BD0122214602B0BDE858
S3150803A08070401847F0B5054600244868EB6B87B05F
S3150803A0900E4601225B69029402A9083098472746AF
S3150803A0A095F84230012B40F0AC80632C00F2AB806C
S3150803A0B0612C08D805AB224631462846FFF7C0FF70
S3150803A0C09DF814305BB3224605AB314628468DF816
S3150803A0D01070FFF7B5FF95F84220059B012A7FD13B
S3150803A0E04FF6FF72934256D0082205A904A800F03A
S3150803A0F066FA059B9DF81010C3F3072291424AD1CD
S3150803A100DBB2029A1A44029245E0DCD005AB22463A
S3150803A11031462846FFF794FFBDF81430D2E795F881
S3150803A1204230012B39D1612C2ED822463146284696
S3150803A13003ABFFF785FF3146284604AB621CFFF7DE
S3150803A1407FFF3146284605ABA21CFFF779FF10228D
S3150803A15008230DEB02010DF107008DF8073000F017
S3150803A1602EFA102205A90DF1070000F028FA039B21
S3150803A170DAB24AB99DF80720B2EB132F04D1DDE909
S3150803A180043203EB0243029395F84230012B14BFC2
S3150803A190012302231C44013482E7302CF4D82246D7
S3150803A1A03146284603ABFFF74BFF3146284604AB37
S3150803A1B0621CFFF745FF102320220DEB03010DF167
S3150803A1C007008DF8073000F0FAF9039B9AB2002AC4
S3150803A1D0DAD19DF80720B2EB134FD5D1049BD2E70A
S3150803A1E00133D8D0102205A90DEB020000F0E7F9D8
S3150803A1F0059B9DF81010C3F307429142CBD19BB23E
S3150803A2007FE7312C81D9029807B0F0BD13B5002436
S3150803A2100194049C0094D4F701FB02B010BD13B556
S3150803A22001240194049C0094D4F7F8FA02B010BDF3
S3150803A23000234FF0FF3230B544689C4202D1002315
S3150803A240037230BD016801EBC30541F833206A6028
S3150803A2500133F2E7C0E90012FFF7EABF002370B53E
S3150803A26045689D4210D0046854F8332004EBC306AE
S3150803A270B2F1FF3F09D0C2F31302914205D14FF061
S3150803A280FF3244F83320726070BD0133E9E70023D7
S3150803A290F0B545689D4202D14FF0FF300EE00468E1
S3150803A2A0DE0054F83340671C09D0C4F31307B942D8
S3150803A2B005D1240D1470036833445868F0BD01337F
S3150803A2C0E8E7704770B59400224605460E4611F036
S3150803A2D027FC431C0AD058B922463146284605F0BE
S3150803A2E07AFC002814BF3D20002070BD6E20FCE7D1
S3150803A2F07120FAE713B5044601A8D6F737FDBDF86A
S3150803A300063023804FF480736380D6F74BFD606075
S3150803A310002002B010BDD6F78DBC08B5D6F77AFC77
S3150803A320002008BD10B5044644EA010313F00303ED
S3150803A330084609D1934201D1002010BD54F82310D1
S3150803A34040F823100133F5E72146920005F089FC0E
S3150803A350F2E710B5044611F0DFFB431C10D088B9A9
S3150803A360D6F720FD234620F003002044984201D166
S3150803A370002010BD53F8042B0132F7D03E20F8E72E
S3150803A3806E20F6E77120F4E70A4601390144DBF744
S3150803A3900DBA13B50023044601461B220DF1070027
S3150803A3A08DF8073000F00BF922689DF80730B3EBF8
S3150803A3B0D26F0CBF0120002002B010BD13B50023D5
S3150803A3C00446014620220DF107008DF8073000F0F8
S3150803A3D0F6F80DF107001A22211D00F0F0F862685D
S3150803A3E09DF80730B3EB926F0CBF0120002002B033
S3150803A3F010BD0068431C584258417047006810F066
S3150803A4007E0F0CBFC0F3C160002070470068C0F31D
S3150803A410D3107047006800F07E00B0FA80F0400958
S3150803A4207047036813F07E0F14BF04200820704793
S3150803A430036813F07E0F03D1406820F07C40704711
S3150803A44013F078001CBF03F07F03D81F704700681A
S3150803A45000F07F007047032809D0022803D1C1F111
S3150803A4600201C8B2704700290CBF072000207047B5
S3150803A47037B5054601F10C044369694601222046AE
S3150803A4809847BDF80030012201932046AB6901A91C
S3150803A490984703B030BD37B501F10C04436901226F
S3150803A4A069460546204698474FF6FF72009B99B2C0
S3150803A4B091420DD16FF30F0343F4254343F0A503EC
S3150803A4C0019301222046AB6901A9984703B030BD21
S3150803A4D00020FBE737B5044600251B22011D0DF1B5
S3150803A4E007008DF8075000F06AF860689DF80720A2
S3150803A4F0B2EBD06F03D120F0784003B030BD0DF135
S3150803A50007001B2204F108018DF8075000F057F8DD
S3150803A510A0689DF80730B3EBD06F01D1C043EAE7D3
S3150803A5204FF0FF30E9E74BF29A22036810B5B2EB16
S3150803A530134F044613D19BB2012B13D1FFF7CAFF5E
S3150803A54001300CD04FF6FF72E068B2EB104F4FEABA
S3150803A550104309D180B2C01A18BF012010BD236861
S3150803A560013303D00420F9E70220F7E70320F5E7D0
S3150803A57001288CBF002001207047033801288CBFAF
S3150803A580002001207047143070472DE9F041054635
S3150803A5909846036908460E4617469847044638B947
S3150803A5A043463A4631462846D4F784FF044618B14B
S3150803A5B031462846FFF75CFF2046BDE8F0811F2A8F
S3150803A5C00B689EBF4FF0FF3191408B43590801F04A
S3150803A5D055315B1A03F033319B0803F033330B44CD
S3150803A5E0017803EB13130A444FF0013103F00F33D9
S3150803A5F04B43A2EB13620270704770B505461446C7
S3150803A6000E4610F0D6FE2B685C4034405C402C6046
S3150803A610BDE8704010F0C8BE08B50FF0DDF8BDE818
S3150803A62008400021D5F700BB0029CCBF0121002132
S3150803A630D5F7FABA02214FF42070D5F731BF704720
S3150803A640704770470A4392B20021D6F763BB3AB103
S3150803A65022F0030202F1A04202F5603209B9106042
S3150803A66070470002FBE74FF050234FF400321A6796
S3150803A67070474368DB0702D5436D0B42F9D1704730
S3150803A68008B540F6FF71FFF7F4FF012300F5805282
S3150803A690536008BD4368012B04BF00F500504360AF
S3150803A6A0704743689B07FCD4704708B540F6FF71AB
S3150803A6B0FFF7DFFF012300F58052936308BD08B552
S3150803A6C040F6FF71FFF7D5FF022300F58052936327
S3150803A6D008BD08B540F6FF71FFF7CBFF042300F565
S3150803A6E08052936308BD08B540F6FF71FFF7C1FFB3
S3150803A6F0082300F58052936308BD836C836C1B069D
S3150803A70000D47047C36BF9E74FF48072836C00F586
S3150803A71080539A63836C9B01FCD47047836C5A06F7
S3150803A720FCD54164836C1B06FCD5C06B80B27047AD
S3150803A730B0FBF1F00138704770B5054614460E466E
S3150803A74010F037FE2B685C4034405C402C60BDE853
S3150803A750704010F029BE30B50022044600F0FC050F
S3150803A760A31803F00303581921FA00F3DB0704D5EA
S3150803A7700132042AF4D14FF0FF3030BD0B781B06A3
S3150803A78083604A788B7843EA02438361FF238362B3
S3150803A7900023836303644FF0FF3300F5005003651A
S3150803A7A070472DE9F0410E4601271446054698469B
S3150803A7B08F4010F00BFEB300226803F1A04303F5A4
S3150803A7C088235A60302202FB0656637B3366E27A95
S3150803A7D0A37A120542EA0342237B42EA435228F04C
S3150803A7E00303F26533672279A37943EA024305F53E
S3150803A7F0005293616379E27942EA034205F580538D
S3150803A8009A61227A02B11F64627A02B19F6305F5DF
S3150803A810005534352F60BDE8F04110F0D2BD012351
S3150803A82003FA01F1BFF35F8F00F5005300F580507B
S3150803A8305963816470473AB122F0030202F1A042D8
S3150803A84002F5603209B9106070470002FBE77047EA
S3150803A85008B110F023BE21207047002370B51C46AB
S3150803A860934203D1201E18BF012070BDC55CCE5C80
S3150803A870013375402C43F3E72DE9F84F054689461E
S3150803A88016461C46002B58D028B121B11AB10378B5
S3150803A890032B02D85BB9212050E0043B012BFAD8DD
S3150803A8A04FF080084168021D00F1540A05E04FF095
S3150803A8B040084168021D00F12C0A134608194FEA9D
S3150803A8C0581C43F8040B3BD202EB8C0253F8040BD7
S3150803A8D000284CD19A42F9D108F1FF370F4048D0E6
S3150803A8E0A8EB070B5C4544D35A4631460AEB0700E7
S3150803A8F005F0B7F90123524649462846D8F73EFBE1
S3150803A900E0B9A4EB08043C44A0455E440FD80746C7
S3150803A910B4FBF8FB32465B4649462846D8F72EFB76
S3150803A92060B938460BFB08FB5E44A4EB0B0424B161
S3150803A93022463146504405F094F90020BDE8F88FC5
S3150803A940BCF1020F0CBF4FF0010E4FF0030E1F466A
S3150803A950506802EB8E0E01305060BE45B4D057F8EE
S3150803A960040B0028F9D1386801303860F5E70F2061
S3150803A970E4E7A045CCD93846DAE710B508B921206B
S3150803A98010BD0029FBD0036813F0704205D1C3F349
S3150803A9900E030B60B3B10020F2E703F05044B4F1A1
S3150803A9A0004F05D0B2F1304F02D0B2F1404FE6D195
S3150803A9B08268D20404D5C369002BE0D01B68E8E794
S3150803A9C0DBB2E6E74368002BD9D00B60E3E737B57C
S3150803A9D00C46054610B9212003B030BD0029FAD02C
S3150803A9E0002301A90193FFF7C8FF0028F3D12968BB
S3150803A9F011F0704102D1019B2360EDE7AA68B1F11A
S3150803AA00204FC2F38033C2F34035C2F3003217D066
S3150803AA100ED8B1F1004FDED152B2002A18BF062272
S3150803AA2003EB450308BF00221344019A5343E3E7A4
S3150803AA30B1F1304F02D0B1F1404FCCD12B44F4E7FA
S3150803AA4052B2002A18BF05222B44EBE72DE9F74338
S3150803AA500D4690461F460646E8B1E1B10468D1F8AB
S3150803AA6000904C451BD004F03043B3F1004F12D18C
S3150803AA7084EA0903B3F1805F3CD2002301A9019359
S3150803AA80FFF77BFF38B9019AC2F30E02144349EA6A
S3150803AA9002039C422ED0212003B0BDE8F08314F0B4
S3150803AAA0704427D4B4F1805F29D000236946304621
S3150803AAB00093FFF762FF0028EDD1019001A928460C
S3150803AAC0FFF75BFF0028E6D1DDE900239A42E3D0CE
S3150803AAD0E1E70023B8F1000F06D043F48053B268C8
S3150803AAE0A9684A401A42D6D1002FDED0AB689B0428
S3150803AAF0DBD4D0E7002FECD14FF4C043EAE7002BB1
S3150803AB00F4D1B8F1000FD0D04FF4C043E7E7F7B557
S3150803AB100C460546002800F0BF80002900F0BC80DB
S3150803AB2000230B60036803F070430B60C268032AB3
S3150803AB3000F2B280012A6AD812B143F00063236097
S3150803AB40AA68900166D402F08072EB6813B9002AEA
S3150803AB5040F0A280236823F0407313432360EA6816
S3150803AB60022A08D12A69032A00F2968023F47F036E
S3150803AB7043EA02432360EB68032B04D12B69F62BC4
S3150803AB8040F28A80A370AB68190442BF236843F472
S3150803AB9000432360EB68032B1FBF23682A6862F30D
S3150803ABA00E0323602A68AB6802F07042B2F1805F35
S3150803ABB003F4805703F4806634D213F4F84F6BD149
S3150803ABC00023284601A90193FFF7D7FE002863D17E
S3150803ABD02B6813F070414ED12368019A62F30E0372
S3150803ABE0236097B1EA69002A56D0B1F1004F55D1CF
S3150803ABF0117F19B116B143F400732360537F23B150
S3150803AC001EB1236843F48073236003B0F0BD43F099
S3150803AC10806394E702F04072B2F1407F18BF4FF0A9
S3150803AC20007292E75A0403F400511DD4002933D065
S3150803AC30226842F4005222601B0542BF236843F48C
S3150803AC40006323601FB1236843F4805323602B6892
S3150803AC5003F07043B3F1404FB2D0002EB0D023684F
S3150803AC6043F480632360ABE7226842F480422260A0
S3150803AC700029E1D0DCE703F05043B3F1004F05D0D8
S3150803AC80B1F1304F02D0B1F1404F05D1019B5A1EA5
S3150803AC90236862F30703A3E72120B6E70F20B4E787
S3150803ACA073B50C46054608B921201BE00029FBD0DD
S3150803ACB00123C6684B609E4218D8002301A9019355
S3150803ACC0FFF785FE0028EFD1019B06B11C336A699D
S3150803ACD09A4209D32A69002AE6D0226043F0005330
S3150803ACE00020A36002B070BD1D20FBE7023E012EC3
S3150803ACF0DAD80023F4E72DE9F0410D46044698B067
S3150803AD0018B9212018B0BDE8F0810029F9D000232D
S3150803AD104FF000728360C0E90023036215A9284631
S3150803AD20FFF7F5FE0028EDD12046159910F0C0FB74
S3150803AD30AB68DB043CD52B68002B50DA4FF00108CF
S3150803AD40EE696946376873682046CDF80480009330
S3150803AD50029700F0E0F8B368204603A9CDF81080FF
S3150803AD600393059700F0D7F8F368204606A9CDF8AC
S3150803AD701C800693089700F0CEF83369204609A984
S3150803AD80CDF8288009930B9700F0C5F87369204618
S3150803AD900CA9CDF834800C930E9700F0BCF8B36970
S3150803ADA020460FA9CDF840800F93119700F0B3F80A
S3150803ADB0284612A9D8F71CFB0028A2D1204600F082
S3150803ADC0AAF8284615A9FFF76BFF00289AD120464B
S3150803ADD015A910F093FB20460EF0E6FD92E70F2027
S3150803ADE090E770B50E46154604468AB010B9212079
S3150803ADF00AB070BD0029FAD0002AF8D00023012230
S3150803AE0029463046FFF722FE0028F0D1F368002BC7
S3150803AE10EDD1EA68013A012AE9D84FF0807228464B
S3150803AE20C4E90023A360236207A9FFF770FE00287D
S3150803AE30DED12046079910F03BFB304601A9FFF700
S3150803AE402FFF0028D4D1204601A900F064F828462C
S3150803AE5004A9D8F7CDFA0028C9D1204600F05BF833
S3150803AE60284607A9FFF71CFF0028C1D1204607A9D2
S3150803AE7010F044FB20460EF097FDB9E770B50D4672
S3150803AE80164604468AB010B921200AB070BD0029B7
S3150803AE90FAD0002AF8D00023012231462846FFF7C4
S3150803AEA0D5FD0028F0D1F368002BEDD1EA68013A05
S3150803AEB0012AE9D84FF081722846C4E90023A36022
S3150803AEC0236207A9FFF723FE0028DED12046079948
S3150803AED010F0EEFA284601A9D8F78AFA0028D3D142
S3150803AEE0204600F018F8284604A9FFF7D9FE0028DB
S3150803AEF0CBD1204604A900F00EF8304607A9FFF780
S3150803AF00CFFE0028C1D1204607A910F0F7FA20463C
S3150803AF100EF04AFDB9E7436813B9416070475B68A9
S3150803AF205A68012AFBD15960704710F1860F12D06F
S3150803AF3010F1850F0ADA10F1930F0FD010F1870F6E
S3150803AF400CBF6FF073004FF0FF307047003818BF1F
S3150803AF500120404270476FF0710070476FF06F0031
S3150803AF60704700F0E9BD00F0E7BD08B500F093FDB2
S3150803AF70BDE80840FFF7D9BF002307B52022019390
S3150803AF8001AB00F0A4FD03B05DF804EBFFF7CDBFFA
S3150803AF902422002104F048BE18B12422002104F01B
S3150803AFA043BE704770B515460E4624220021044653
S3150803AFB004F03AFE25F04003802B02D0B5F5807FD6
S3150803AFC008D12046314640F8045BEA0804F049FEF6
S3150803AFD0002070BD6FF01F00FBE7FFF7E3BF08B55E
S3150803AFE000F067F8002818BF6FF03B0008BD08B5E6
S3150803AFF048B14FF0FF3110F06EFB002814BF6FF015
S3150803B0001D00002008BD6FF01B00FBE708B538B12B
S3150803B01010F07FFB002814BF6FF01D00002008BD49
S3150803B0206FF01B00FBE710B1006E0FF08CBB704787
S3150803B03010B5044630B150238065C36518440FF034
S3150803B040F0FA206610BDF0B506460C4615468DB0D7
S3150803B0500AB300271022002108A804F0E5FDCDE96C
S3150803B0600577D8F7D1FD07AB029305AB019306AB7A
S3150803B070214600933A46304608ABD8F7A5FC044662
S3150803B08020B1D8F7EFFD20460DB0F0BD099B6B60E4
S3150803B090059B2B60F5E76FF08604F4E708B5D6F74A
S3150803B0A07DF9002814BF6FF09200002008BDFFF752
S3150803B0B0F5BFF0B51C4600238BB023600F46164632
S3150803B0C0D6F76CF970B9684610F0E8F9054648B939
S3150803B0D0324639466846D7F7DBFE10B926600BB009
S3150803B0E0F0BD25606FF09200F9E72DE9F04790B0BF
S3150803B0F08946DDE91C8792461C46064600284ED03B
S3150803B100038803F4E042B2F5005F3FD103F4E0623B
S3150803B110B2F5806F3AD184F0AA6383F4807333F46B
S3150803B1207E1306D084F0AA6383F4007333F47E1384
S3150803B13038D1C4F30545BD4231D8B8F1000F2ED036
S3150803B140102D2CD80CAB7F1B2A46184608EB070193
S3150803B15004F087FD1B9B209A03931A9B0A9202937A
S3150803B1601F9A199B099201931E9A189BCDE90752B8
S3150803B170CDE9057000935246234649463046CDF835
S3150803B1801080D8F753FF10B0BDE8F08742F20402E7
S3150803B190934207D184F0052383F48013C6E76FF03F
S3150803B1A08600F0E7B8F1000FF9D00025CAE710B416
S3150803B1B00C4611461A4668B164B101B953B9036816
S3150803B1C06BB1436A5BB9836A4BB95AB15DF8044BF1
S3150803B1D0D8F772BE6FF086005DF8044B70476FF0C0
S3150803B1E08800F9E71046F7E720F0FF03B3F5824F27
S3150803B1F006D14138C0B2012894BF00200120704708
S3150803B2000020704710B50024436814601B0A04D055
S3150803B210012B09D06FF0850010BD0088FFF7E4FF06
S3150803B220084410600020F7E72C311160FAE720F094
S3150803B230FF03B3F5E24F0ED1C0B241280BD1FF2A63
S3150803B24009D10B7823F007030B70CB7F03F07F0339
S3150803B25043F04003CB777047406810B5000A029C59
S3150803B26004D0012808D06FF08B0010BD93420CD888
S3150803B270C4E904120020F8E703F12C00904204D82D
S3150803B28010311C3321616361F4E76FF08C00ECE73E
S3150803B290F0B50B46C168044601298DB002D00020DB
S3150803B2A00DB0F0BD2B2A02D86FF08900F8E713F02A
S3150803B2B003071A460DD001AD03F1280C2E46106874
S3150803B2C05168083203C662453546F7D1106801AAA4
S3150803B2D03060012111800021518021685160616825
S3150803B2E09160A168D160002FD9D001AA15460BAE8B
S3150803B2F0144603CCB44218605960224603F1080386
S3150803B300F6D12068186000231A46EA5401332C2B19
S3150803B310FBD1C4E72DE9F04F0E4690469A460546FB
S3150803B32095B0A8B1A1B19AB1B0F802B00BF1070371
S3150803B330072B4FEAD30963D0038803F4E043B3F535
S3150803B340805F02D0B3F5005F05D11BF0070F05D068
S3150803B3506FF0860424E0B3F5804F51D002AF202264
S3150803B3600021384604F060FC3A4649462846D9F790
S3150803B37021FC0446A0B94B46424631462846009767
S3150803B380FFF76AFF044658B9282201460DEB020067
S3150803B39004F04AFC0AA810F081F828B16FF0920469
S3150803B3A0204615B0BDE8F08F39460AA8FFF7A3FC77
S3150803B3B058B1482814BF6FF092046FF085040AA8A1
S3150803B3C0FFF746FA0028EBD0E8E76B681B0A0BD1B0
S3150803B3D05A4631462888FFF72AFF524649462846E1
S3150803B3E0FFF710FF0446EAE7012BF6D1424631463A
S3150803B3F03846FFF74DFF0028EFD06FF08904DEE7E4
S3150803B4006FF08504CCE72DE9F0479CB00C46DDE9DF
S3150803B410249A16469846054600287CD000297AD0F1
S3150803B420002A78D0002B76D0B9F1000F73D0BAF181
S3150803B430000F70D02022002102A804F0F5FB214654
S3150803B4403246284602ABD9F72DFC044600282FD1ED
S3150803B4502D8805F44F43B3F5824F2DD1413DEDB207
S3150803B460012D94BF002501250AAE02AF0FCF0FC6E3
S3150803B47097E80F0086E80F0000210C9A08EB0503EE
S3150803B4800E9322F0807209F103035B1B22F48042B8
S3150803B4900D9123F0030342F4005201910AA801A96E
S3150803B4A00F930C92FFF793FA014638B16FF09204A3
S3150803B4B020461CB0BDE8F0870125D5E7019B2B4440
S3150803B4C04B4501932AD8282212A804F0ADFB12A8EB
S3150803B4D00FF0E4FF0028E9D10AAA02A912A8D7F7B0
S3150803B4E0A1FF012814D058B1482814BF6FF092045D
S3150803B4F06FF0850412A8FFF7ABF90028D8D0D5E773
S3150803B50015B1042388F80030019BCAF80030F1E727
S3150803B5106FF08B04EEE76FF08604C9E76FF08904D2
S3150803B520C6E7FFF7F7BEFFF76EBF2DE9F04F9FB0EB
S3150803B5301546DDE928AB0F46994606462A9A00289A
S3150803B54000F0A380002B00F0A080BAF1000F00F0F2
S3150803B5509C80002900F09980002D00F09680BBF1AD
S3150803B560000F00F09280002A00F08F800023B0F8C5
S3150803B5700080CBF8003008F44F41EB00B1F5824F59
S3150803B580136065D15FFA88F1122906D0413901297A
S3150803B59011D8202D0FD1FF230CE028F0FF01B1F5B8
S3150803B5A0824F02BF083B5B081360B3F5047F02D1E1
S3150803B5B040F20923136000232A460393394630468B
S3150803B5C003ABD9F729FA044600283DD1039C404624
S3150803B5D00734E408FFF708FE08B1013D01370DF10A
S3150803B5E01008202200214046039404F01DFB21463F
S3150803B5F042463046D9F7DEFA044628BBC6460DF15D
S3150803B600300CBEE80F00ACE80F009EE80F008CE88C
S3150803B6100F00EB1C214623F00303282214A8CDE9C7
S3150803B6200F47119304F000FB2B4652464946304612
S3150803B630CDF80080FFF710FE044628B914A80FF0CA
S3150803B6402DFF38B16FF0920420461FB0BDE8F08F86
S3150803B6502C46C4E742460CA914A8FFF7C2FB88B9CF
S3150803B660524649464046FFF713FE88B95A462946C5
S3150803B6703046FFF7C7FD044614A8FFF7E9F8002884
S3150803B680E2D0DFE76FF09204F6E76FF08604DBE7B4
S3150803B6906FF08904D8E72DE9F0479CB00C46DDE93D
S3150803B6A0249A15469846074600286BD0002969D080
S3150803B6B0002A67D0002B65D0B9F1000F62D0BAF122
S3150803B6C0000F5FD08368DB075FD52022002102A81D
S3150803B6D004F0AAFA21462A46384602ABD9F7E2FA13
S3150803B6E0044638BB0AAD02AE0FCE0FC596E80F0067
S3150803B6F085E80F0001A90AA83D880194FFF767F9B1
S3150803B70001462846FFF770FD012804BF042308F8FD
S3150803B710013B4FF0000308BF09F1FF39CDE90D38A6
S3150803B72009F1030323F0030305467E880F9329B122
S3150803B7306FF0920420461CB0BDE8F087019B4B4589
S3150803B74026D8282212A804F06FFA12A80FF0A6FE2C
S3150803B7500028EDD10AAA02A912A8FFF78FFB70B930
S3150803B760324641463888FFF762FD019B2B44CAF8E7
S3150803B770003012A8FFF76CF80028DBD0D8E76FF083
S3150803B7809204F6E76FF08604D4E76FF08404D1E7F2
S3150803B7906FF08904CEE710B4048804F4E044B4F5E2
S3150803B7A0805F06D0B4F5005F03D05DF8044BFFF75E
S3150803B7B0B1BD6FF085005DF8044B704770B404881B
S3150803B7C0DDE9035604F4E044B4F5804F04D0CDE92B
S3150803B7D0035670BCFFF717BE6FF0850070BC704741
S3150803B7E02DE9F8431F460388064603F44F43B3F58A
S3150803B7F0824F88461546DDF8289017D14B46D9F768
S3150803B8000BF9044678B9089B9D4212D82A46414645
S3150803B810384604F026FA3946D9F800203088FFF767
S3150803B82006FD099B1D602046BDE8F8836FF0850475
S3150803B830F9E76FF08904F6E7FFF757BCF0B50D464D
S3150803B84016461F46044687B0A8B1C022002104F055
S3150803B850EBF93C231C22CDE90332002301930C9B0D
S3150803B8603246009329463B46029404F14000D8F732
S3150803B8707DFC07B0F0BD6FF08600FAE7F0B50D461C
S3150803B88016461F46044687B0A8B1C022002104F015
S3150803B890CBF93C231C22CDE90332012301930C9BEC
S3150803B8A03246009329463B46029404F14000D8F7F2
S3150803B8B05DFC07B0F0BD6FF08600FAE710B14030C3
S3150803B8C0D8F7C8BC6FF08600704710B14030D8F778
S3150803B8D0E5BC6FF08600704710B413460C46014664
S3150803B8E028B1224640305DF8044BFFF760BC6FF081
S3150803B8F086005DF8044B70471FB50C46014660B1D8
S3150803B900079802900698CDE90030134601F14000E6
S3150803B9102246D8F7EBFC04B010BD6FF08600FAE7B1
S3150803B9201FB50C46014670B1089803900798029014
S3150803B9300698CDE90030134601F140002246D8F7B0
S3150803B9403FFD04B010BD6FF08600FAE708B528B1CD
S3150803B950C022002104F068F9002008BD6FF08600B4
S3150803B960FBE7D8F7FFBDD8F7A1BFFFF7BEBBF0B516
S3150803B9700D4616461F46044687B0A0B1A8220021E5
S3150803B98004F052F900232022CDE90134CDE903233B
S3150803B9900C9B3246009329463B4604F12800D8F708
S3150803B9A0E5FB07B0F0BD6FF08600FAE7F0B50D4684
S3150803B9B016461F46044687B0A8B1A822002104F0FC
S3150803B9C033F920230022CDE90332012301930C9B8B
S3150803B9D03246009329463B46029404F12800D8F7D9
S3150803B9E0C5FB07B0F0BD6FF08600FAE710B1283043
S3150803B9F0D8F730BC6FF08600704710B12830D8F7F7
S3150803BA004DBC6FF08600704710B413460C460146CA
S3150803BA1028B1224628305DF8044BFFF7C8BB6FF000
S3150803BA2086005DF8044B70471FB50C46014660B1A6
S3150803BA30079802900698CDE90030134601F12800CD
S3150803BA402246D8F753FC04B010BD6FF08600FAE718
S3150803BA501FB50C46014670B10898039007980290E3
S3150803BA600698CDE90030134601F128002246D8F797
S3150803BA70A7FC04B010BD6FF08600FAE708B528B135
S3150803BA80A822002104F0D0F8002008BD6FF0860034
S3150803BA90FBE7D8F767BD70B50D46164604468AB068
S3150803BAA090B101B982B968460FF0F8FC18B16FF086
S3150803BAB092000AB070BD33462A466946201DFEF732
S3150803BAC0DBFE0028F5D0F2E76FF08600F1E72DE9F3
S3150803BAD0F0430C4691461E4605468BB030B301B972
S3150803BAE022BB1EB368460FF0D9FC804620B16FF01F
S3150803BAF092000BB0BDE8F0832F1D224669464B46DC
S3150803BB003846D7F7C7FA0446D4224146384604F0DE
S3150803BB108BF834B92B78032B0BD1202320463360BB
S3150803BB20E7E7212CE3D16FF08900E2E76FF086009F
S3150803BB30DFE76FF08800DCE708B518B1D8220021E3
S3150803BB4004F072F8002008BDD8F7B0BE08B50FF0A8
S3150803BB5048FD002008BD00F005B809B1D9F714BAA5
S3150803BB602220704700207047D9F75CBA0A4600219D
S3150803BB70D9F72EBC13B5046880680FF0EBFD2320B4
S3150803BB80D9F728FD2320D9F709FD1E23ADF804307C
S3150803BB900023204601A98DF80630FEF7EFFD0123A1
S3150803BBA004F58054636002B010BD0268C1F1080150
S3150803BBB0936823F0F85343EA016393607047D1F718
S3150803BBC017BF40B2D9F7BABC0E2070470E2070478C
S3150803BBD0704770477047F8B50C468D1807355242BB
S3150803BBE01540A5F108070646384600F053FBA0881A
S3150803BBF03B1B618800EBE30080B2A1EBE30125F868
S3150803BC00040C25F8061CA188DA10D1B1A4EBC101EE
S3150803BC10B1F802C0C88002EB0C004880E188B9B1CC
S3150803BC208A1A92B204EBC10125F8022C8A80A288EB
S3150803BC308AB9B2681344F268B360934288BFF36063
S3150803BC400EE015F8081C41F0020105F8081CE5E7A3
S3150803BC5025F8021CEBE7A4EBC2042278D207E8D442
S3150803BC603846F8BD2DE9F04F17464FF0000887B060
S3150803BC707A1C109A054614BF3C460824CDF814804E
S3150803BC80002A00F0CA80C2F80080002900F0C780A5
S3150803BC9042688A4240F2C380073103F0010A21F061
S3150803BCA007060FF093FB05AACDE9008281463A46BB
S3150803BCB053463146284600F0F1FA059F834607B1F5
S3150803BCC030B948460FF07DFB192007B0BDE8F08F61
S3150803BCD0B7F8028029694FEAC802C0EBC8080139D8
S3150803BCE0B8F1270F29617DD9BAF1000F54D18642DD
S3150803BCF006F108084BD0224639462846FFF76BFF5C
S3150803BD0004460590A044404600F0C4FA059906F196
S3150803BD100F004A88C308A2EBD002A8F80220CA88F3
S3150803BD20A8F80430002A34D0D31A9BB201EBC20216
S3150803BD30A8F8063093808B88F608A380B8F80430F1
S3150803BD403A46E380414600232846668000F00DFB09
S3150803BD50AB68EA6808339342AB6088BFEB60237825
S3150803BD6043F0010323702B6901332B616288AB68A7
S3150803BD70083403EBC203EA68AB60934288BFEB60FF
S3150803BD80109B48461C600FF01CFB00209DE73C46B1
S3150803BD90B8E7A8F80620CEE707EB0804204603927F
S3150803BDA000F078FA0BF10703DB080599638008F1BD
S3150803BDB00703DB08A380CB8893B1DB00039AD81D5E
S3150803BDC0821A5A44C2F3CF020B44E2809A80A388AC
S3150803BDD008F1FF384FEAD808A1F80280CB80B7E705
S3150803BDE0E380F4E7BAF1000F1BD007F10803B3FBAE
S3150803BDF0F4F204FB1233B3B1224639462846FFF759
S3150803BE00EAFE044623783A4643F0010323702146A3
S3150803BE100123284600F0A9FAA8E7222055E721209E
S3150803BE2053E78642E8D13C46ECE707B500224FF0D4
S3150803BE30FF3101AB0192D9F7F5FB019803B05DF821
S3150803BE4004FB07B5009313464FF0FF32FFF70AFFCB
S3150803BE5003B05DF804FB70B5049E15461A4696B101
S3150803BE60002333608DB181B14D4333462946FFF72D
S3150803BE70E8FF044628B9306818B12A46214603F074
S3150803BE80D3FE204670BD2224FBE72124F9E707B534
S3150803BE90002201AB0192D9F7DBFB019803B05DF8E9
S3150803BEA004FB2DE9F74F06460D4614469B46002B21
S3150803BEB000F0408100221A604268A24240F23C81A7
S3150803BEC049B9002C00F038810A46214603B0BDE87B
S3150803BED0F04FFFF7B6BF2CB9084603B0BDE8F04FDD
S3150803BEE00FF064BD0FF072FA35F8067C07344FEA93
S3150803BEF0C70A24F00704A2458046A5F1080180F085
S3150803BF00978035F8023C002B70D0DA1B012A6DD1D5
S3150803BF1001EBC30911F83330D80767D4B9F80220FF
S3150803BF20AAEB040313EBC20360D41F2B3CDD2F19C2
S3150803BF30C4F3CF0425F8064C0134384625F8024CD9
S3150803BF40009300F0A7F935F8022C009BBA80B9F8DC
S3150803BF500620DB087B802AB3B9F80210511A11FAB6
S3150803BF6083F39BB209EBC202FB8093804A46002304
S3150803BF703946304600F0F9F9484600F08BF90022B5
S3150803BF8035F8061CB368CBF8005003EBC103F16818
S3150803BF90A3EB0A038B42B36048D8002A41D0083B77
S3150803BFA0B3603EE0FA80E1E733690137013B336169
S3150803BFB0B9F80630174425F8067CA3B1B9F8022068
S3150803BFC09A1A12FA87F7BFB209EBC30325F8027C5C
S3150803BFD09F804A460123304600F0C7F9484600F0D9
S3150803BFE059F90122CCE725F8023CF2E721465B46DC
S3150803BFF000223046FFF725FF044630B140460FF0CE
S3150803C000E0F9204603B0BDE8F08F52462946DBF82F
S3150803C010000003F026FE28460FF0C8FC0446002855
S3150803C020ECD140460FF0CDF90024EAE7F360B4E714
S3150803C03076D935F8022CAAEB0409531EDB1B002A12
S3150803C0403CD001EBC20711F83220D20737D4002BB4
S3150803C05035D1C4F3CF03291925F8063C013308461D
S3150803C06025F8023C009100F015F9009935F8022CE1
S3150803C0707B888A80FA8803EBD9034B80DAB1788800
S3150803C080101A10FA83F39BB207EBC202CB80938094
S3150803C09000233A46304600F068F9384600F0FAF8C5
S3150803C0A00023B268CBF800501444A4EB0A04002B0F
S3150803C0B039D1B460B5E70023CB80E9E71746B9F170
S3150803C0C0270F2DD9C4F3CF02291925F8062C0132D7
S3150803C0D0084625F8022C0091019309F1FF3900F06F
S3150803C0E0D9F8009935F8022C4FEAD909A1F8029034
S3150803C0F08A809FB1019B013313FA89F91FFA89F9DB
S3150803C100A1F80690A7F804903369304601333361E2
S3150803C11000231A4600F029F90123C2E7CF80F3E783
S3150803C120CBF800507DE7F36808349C42B46088BFB7
S3150803C130F46076E7222464E7212462E7002307B53F
S3150803C14001AA0193D9F792FA019803B05DF804FBA3
S3150803C150D9F74EBA13B5002401AA21460194D9F793
S3150803C1606FFA00B10194019802B010BD0FF01EBC1E
S3150803C170F8B50D46064690B189B100240C600FF058
S3150803C18025F977687B1C03D10FF01BF91B20F8BD33
S3150803C1903B6873600FF015F920462F60F7E72220F6
S3150803C1A0F5E770B50D46044668B361B303688B4279
S3150803C1B001D9212070BDD0E9021201FB02339D4249
S3150803C1C0F7D20FF003F92B68591C0ED021688B425E
S3150803C1D00ED3D4E9026206FB0216B34208D25B1AEF
S3150803C1E0B3FBF2F102FB113313B963685A1C06D188
S3150803C1F063682B6065600FF0E4F80020DAE79D4278
S3150803C20003D01B68F2E72220D4E70FF0DAF8D0E769
S3150803C2107FB514461A46531C4FF00003089D14BFF6
S3150803C22016460826039305B301393144764231404D
S3150803C23003AEC5E9024161430096FFF713FD60B9F2
S3150803C2400246039B013CC5E9003391B28C4202F1D5
S3150803C250010204D84FF0FF321A6004B070BDE968D2
S3150803C26019441960E9680B44EFE72220F5E70B4602
S3150803C27000221021FFF7E5BD0846FFF7D6BD08469D
S3150803C2800FF098BB08461146FFF701BE084611464C
S3150803C290FFF754BF0023036043607047F0B5D0E946
S3150803C2A00554561C08BF0822002B4FF0000008BF90
S3150803C2B02C46069F3860002C38D09DF81460658894
S3150803C2C0F60006EBC505C2F1000C2078C00708D5B1
S3150803C2D023BBE08898B104EBC004658806EBC50563
S3150803C2E0F3E78D42F4D35BB904F10800B0FBF2FE21
S3150803C2F002FB1E00C0B10844A842EAD83C60F0BD60
S3150803C300082A11D06088013004EBC000A0EB010EA7
S3150803C3100EEA0C0EA0EB0E008542EFD2A088002889
S3150803C320EDD0A4EBC004D8E70846E7E72046E6E7DE
S3150803C33003460069C0B10AB951B91A6810460378A9
S3150803C340DB0711D531B9C3885BB100EBC300F6E748
S3150803C3509A69F3E7012904D1838823B1A0EBC300C3
S3150803C360EDE700207047184670472DE9F041D0E9FC
S3150803C3700554074688461646ABB1954200D00ABB14
S3150803C380424600213846FFF7D3FFB442054600D09C
S3150803C3902EB9424601213846FFF7CAFF0446C7E9C4
S3150803C3A00554BDE8F081954208D08D4228BF0D4655
S3150803C3B0B44205D0444538BF4446F0E70D46F7E78F
S3150803C3C04446ECE79442EAD1E3E738B51C46C3E9A9
S3150803C3D000010023C4E90500C4E902332361227777
S3150803C3E06362FFF757FF23690139C908013341809F
S3150803C3F02361A368E268083393424FF00000A36001
S3150803C40088BFE36038BD08B5D0F73EFF08BD08B559
S3150803C41000F015F800F03DF8FEE7704770477047DF
S3150803C42008B503F0EEFA03F0FFFA03F006FBFFF78D
S3150803C430F6FF03F015FBBDE8084003F022BB08B579
S3150803C440FEF705FAFFF7E9FFD9F78CF8D8F710FFD7
S3150803C450FFF78AFBD8F722FFD9F740FAD9F74CF941
S3150803C460FFF7DCFF0BF058FE00F007F803F0D8FAE5
S3150803C470BDE80840D9F718BA704708B503F0BBFA00
S3150803C48003F0BAFA03F0BAFA03F0BAFAFFF7F4FFBD
S3150803C49008BD03F0C7BA0020704700F000B807B517
S3150803C4A013200DF10601FFF758FBBDF8060003B08C
S3150803C4B05DF804FB102938B504460D460AD840B181
S3150803C4C00EF077FF0023A5802360A3600EF06CFFB0
S3150803C4D0012038BD0020FCE78160081E18BF012033
S3150803C4E07047F8B50E46044670B30EF062FF6288CD
S3150803C4F0A18805468A4223880FD21344B3FBF1F079
S3150803C50001FB1033013204EB8303DE6062800127EB
S3150803C51028460EF049FF3846F8BDA2685AB923885B
S3150803C52004EB8302D660A2880133B3FBF2F102FB64
S3150803C53011332380EBE704EB83032046D96890473E
S3150803C54007460028EBD1E3E70746E4E770B5044658
S3150803C55098B10EF02EFF62888AB12388013A04EB5C
S3150803C5608301CD68A1880133B3FBF1F601FB1633CA
S3150803C570628023802C460EF017FF204670BD1446B2
S3150803C580F9E710B5044648B10EF013FF6488B4FA08
S3150803C59084F464090EF008FF204610BD0124FBE766
S3150803C5A010B5044650B10EF004FF6388A2889B1A9F
S3150803C5B05C425C410EF0F8FE204610BD0124FBE701
S3150803C5C00F20D9F7C9BA002070470020704730B545
S3150803C5D00D46044685B0D8B1037F990703F00402D4
S3150803C5E018D5002A0CBF01220422ADB1238904F110
S3150803C5F00C01ADF80C3000230093636903A8D1F747
S3150803C60079FB4FF480636360E36803F007032360F1
S3150803C61005B030BD5208E8E7E068431CF8D0D1F707
S3150803C620B1FB4FF0FF33C4E90055E360F0E707B504
S3150803C63040B10389ADF80430037C01A88B4204D1C9
S3150803C640D1F738FB03B05DF804FBD1F743FBF9E7F1
S3150803C65013B5044668B103890DF1030101A8ADF8C2
S3150803C6600430FDF753FA217C9DF80330CB1A59425F
S3150803C6705941084602B010BD13B5044668B103898B
S3150803C6800DF1030101A8ADF80430FDF725FA217C65
S3150803C6909DF80330CB1A59425941084602B010BDDA
S3150803C6A037B50B460446002831D000F118020D7938
S3150803C6B0D1E9000182E803001B7905F001051A0791
S3150803C6C01FD5237C002B0CBF0A2107213022237A8E
S3150803C6D0607A8DF80430534303F1A043A1748DF8AF
S3150803C6E0050003F570331A6CC24002F0010201A873
S3150803C6F0D4F76AFC2946204603B0BDE83040FFF765
S3150803C70096BF13F0100F14BF04210221DEE703B00E
S3150803C71030BD10B50446D9F75DFA00EA04014FF0B7
S3150803C720FF30BDE810400AF014BC70B50E46054646
S3150803C7300EF03FFE04463046A8472046BDE8704043
S3150803C7400EF032BE0220D9F78FBA7047704708B584
S3150803C750D9F728FA80F48050C0F3003008BD704733
S3150803C760002070470F2070476FF44070704708B574
S3150803C770FFF72BFF00280CBF0F20002008BDFFF78B
S3150803C78022BF0F207047002070470F2070470F20E5
S3150803C7907047002070477047002070470F20704786
S3150803C7A0002814BF0F200020704700207047002080
S3150803C7B070470F20704770470020704710B504462E
S3150803C7C00A210AF00CFA4FF4E16120460AF017FA37
S3150803C7D0002010BDFF20704700214FF0FF300AF0FC
S3150803C7E098BB0AF031BD00220123C0E90023704734
S3150803C7F010B5044648B1006818B1E188890001F00C
S3150803C80043FF00220123C4E9002310BD42F210733B
S3150803C810994270B504460D4602D96FF00F0070BDF4
S3150803C820C3888B4201D30020F9E704212846FFF782
S3150803C8302EFB06460028F0D0216841B1E288920013
S3150803C84003F00FFAE1882068890001F01DFFE580EF
S3150803C8502660E8E7F8B50D46C98804461646FFF785
S3150803C860D5FF0746A8B93046D9F7F0FB0646B4F90B
S3150803C8700420B5F90410D9F7F5FB3346F643A0802F
S3150803C880EA8820682968D9F757FEEB88E088984232
S3150803C89001D83846F8BD216851F82320324041F8BB
S3150803C8A023200133F3E7F8B504468C420D461046B8
S3150803C8B026D0D9F7CBFBC98806462046FFF7A6FF3D
S3150803C8C010B16FF00F00F8BD2846E188FFF79EFF09
S3150803C8D00028F6D1B4F90470B5F904103A4630467F
S3150803C8E0D9F7C0FBA0803946B5F904203046D9F7F5
S3150803C8F0B9FB3346A880E28829682068D9F734FE4D
S3150803C9000020E0E738B504460D4619B9FFF770FF6E
S3150803C910002038BDC2888A4207D1002100689200E8
S3150803C92003F082F90123A380F2E7FFF761FF2946A3
S3150803C9302046BDE83840FFF769BF884270B505460B
S3150803C9400E4609D0C988C28841B92AB10123920083
S3150803C9508380006803F068F9002070BD4C1E6CB92B
S3150803C960B6F904300134A242AB800ED221462846DA
S3150803C970FFF74CFF88B16FF00F00EEE7336853F803
S3150803C9802430002BECD1013CE9E72868121B00216F
S3150803C990920000EB840003F047F931682868A20087
S3150803C9A003F05FF9D8E770B50C4601210546FFF792
S3150803C9B02DFF064688B9EA8801469200286803F0DF
S3150803C9C033F984EAE472A2EBE472E40FC4EBC434E9
S3150803C9D02B68640001341A60AC80304670BDC38886
S3150803C9E0B1EB431F3FBF03684A0953F8220001F01E
S3150803C9F01F013ABFC84000F0010000207047012A12
S3150803CA00F8B506460C4615464FEA51171DD8C3888E
S3150803CA10B1EB431F0FD20122316804F01F0451F80A
S3150803CA202730A24023EA020305FA04F4234341F814
S3150803CA3027300020F8BD002AFBD0791CFFF7E6FE55
S3150803CA400028E8D06FF00F00F4E76FF00300F1E772
S3150803CA500022C188914201D800207047036853F821
S3150803CA60223033B193FAA3F0B0FA80F000EB421008
S3150803CA7070470132EEE7C188006800F033BD08B598
S3150803CA80FFF7F9FF0730C00808BD70B50E4612F068
S3150803CA90030118BF012101EB920105461446FFF76E
S3150803CAA031FF38B923463246E9882868BDE870401D
S3150803CAB000F03ABD6FF00F0070BD70B50E4612F068
S3150803CAC0030118BF012101EB920105461446FFF73E
S3150803CAD019FF38B923463246E9882868BDE8704005
S3150803CAE000F047BD6FF00F0070BD13460A46C188B4
S3150803CAF0006800F063BD13460A46C188006800F063
S3150803CB008FBD38B504460D46FFF7B5FFE3882844BD
S3150803CB10B0EB431F06D820682A46E18800F0EAFDF1
S3150803CB20002038BD10F01F0118BF012101EB501179
S3150803CB302046FFF76BFE0028EDD06FF00F00F0E7F5
S3150803CB400A46C18808B511B1006800F09BFD0020AC
S3150803CB5008BD10B5C38823B9CA885AB9ABB1012031
S3150803CB6017E0026802EB830252F8042C002AF3D179
S3150803CB70013BF0E70C6804EB820454F8044C0CB947
S3150803CB80013AEAE79A42EAD30FD8013B5A1C01D184
S3150803CB90002010BD026852F823400A6852F8232081
S3150803CBA09442DCD803F1FF33F0D24FF0FF30F0E7BD
S3150803CBB030B5C38823B9CA885AB9002B3DD136E0A4
S3150803CBC0026802EB830252F8042C002AF3D1013BD4
S3150803CBD0F0E70C6804EB820555F8045C4DBB013A93
S3150803CBE0EAE7B1F9045003D2B1F90400404226E05A
S3150803CBF0B0F90420002A03DD002D0CDA01201EE01B
S3150803CC00002D08DD3AB14FF0FF3018E003F1FF338A
S3150803CC100BD2504213E0013B016851F8235054F8F4
S3150803CC2023108D42F2D9104609E0591CF4D100208D
S3150803CC3005E0002BD8D09342D3D9B0F9040030BD10
S3150803CC401FB581EAE173A3EBE17301930123C90FCE
S3150803CC50C1EBC13149000131ADF80C10ADF80E3006
S3150803CC6002A901AB0293FFF7A3FF05B05DF804FB26
S3150803CC7090422DE9F04106460F46144602D08842F3
S3150803CC8006D127460123FC88B3804CB9002005E06A
S3150803CC90FFF753FE0028F4D06FF00F00BDE8F081CC
S3150803CCA03B684FEA840803EB840353F8043C0BB947
S3150803CCB0013CEAE721463046FFF7A8FD0028EBD1F9
S3150803CCC0356823463A682946284600F049FD07464B
S3150803CCD005EB0803002FD9D0F288651CA24208D8B1
S3150803CCE029463046FFF792FD0028D5D1336803EB72
S3150803CCF084031A682C46D2192CBF01270027003F44
S3150803CD0018BF012743F8042BE4E72DE9F04105464C
S3150803CD100E469046D4886CBBF1882846FFF776FD05
S3150803CD200746002842D1F288A2420BD9AE4209D05F
S3150803CD3028683168121B920001EB840100EB84001A
S3150803CD4002F08FFFEA88F088824207D92B68121A05
S3150803CD500021920003EB800002F066FFD8F800205A
S3150803CD6023463168286800F011FD024698B9012365
S3150803CD70AB800DE0D8F8003003EB840353F8043C8A
S3150803CD800BB9013CC7E7F188A142C6D26FF0090780
S3150803CD903846BDE8F0812968EB8801EB840108462B
S3150803CDA01B1B00F021FE0028E1D0EFE76FF00F0709
S3150803CDB0EEE72DE9F843B2F804C0B1F90440054695
S3150803CDC01CFB04FC67467B430E4691461DD511465C
S3150803CDD03046FFF7BEFEB0F1FF3F80460CD04A4609
S3150803CDE031462846FFF791FF68B9B8F1000F08BF27
S3150803CDF001240020AC8006E032462846FFF785FF6B
S3150803CE0008B96442AC80BDE8F883FFF731FF002810
S3150803CE10EFD06FF00F00F6E70123FFF7CABF4FF015
S3150803CE20FF33FFF7C6BF1FB582EAE273A3EBE273CC
S3150803CE3001930123D20FC2EBC23252000132ADF87D
S3150803CE400C20ADF80E3002AA01AB0293FFF7E4FFFC
S3150803CE5005B05DF804FB1FB582EAE273A3EBE27340
S3150803CE6001930123D20FC2EBC23252000132ADF84D
S3150803CE700C20ADF80E3002AA01AB0293FFF7CFFFE1
S3150803CE8005B05DF804FB2DE9F0470123144600229B
S3150803CE9086B0884206460D46CDE90223CDE904232A
S3150803CEA010D102A8FFF749FD58B16FF00F0904A87E
S3150803CEB0FFF79EFC02A8FFF79BFC484606B0BDE8B1
S3150803CEC0F08702ADA64206D1314604A8FFF735FD21
S3150803CED00028EAD104ACEF884FBBB7FA87FAB4F84F
S3150803CEE006804FEA5A1AB8F1000F29D107EB080151
S3150803CEF03046FFF78BFCB8F1000F08BF4AF0010A6A
S3150803CF0001460028D1D13046FFF74DFD814600285A
S3150803CF10CBD1CDF800803A4623682968306800F0FB
S3150803CF2013FDBAF1000F15D00123B380BFE72B68B1
S3150803CF3003EB870353F8043C002BCED1013FCBE721
S3150803CF40236803EB880353F8043C002BCED108F17E
S3150803CF50FF38C8E7AB88A28813FB02F39BB2E4E762
S3150803CF602DE9F34104460F461546CE8836B13B688C
S3150803CF7003EB860353F8043C3BB145B9002120462D
S3150803CF8002B0BDE8F041FFF70EBD013EEEE72046CD
S3150803CF90711CFFF73BFC28B16FF00F08404602B03F
S3150803CFA0BDE8F08139462046FFF7C7FC80460028CE
S3150803CFB0F2D1013D009533463A68E188206800F0CE
S3150803CFC002FCEBE770B504460D46104600211646EB
S3150803CFD0FFF736FE002824DB2A463346214600207F
S3150803CFE0D9F74EF8054638B1284670BD324621466C
S3150803CFF02046FFF711FF90B900212046FFF720FED0
S3150803D0000028F3DB31462046FFF7D2FD0028EBDB89
S3150803D010324621462046FFF702FF0028F2D005468E
S3150803D020E2E76FF00905DFE7F0B5012315460022AD
S3150803D03085B0064668460C46CDE90023CDE90223AA
S3150803D040FFF77BFC50B16FF00F046846FFF7D0FB80
S3150803D05002A8FFF7CDFB204605B0F0BD294602A876
S3150803D060FFF76BFC0028EED16846FFF7F1FC07468D
S3150803D07002A8FFF7EDFC054650B9014602A8FFF7DB
S3150803D080AEFC28B921463046FFF757FC0446DCE7D1
S3150803D0900123ADF80C30ADF8043000216846FFF7DC
S3150803D0A0CFFD80B9AF42394602A828BF2946FFF704
S3150803D0B028FD0028C7D1304602A9FFF73EFC0446DF
S3150803D0C00028C2D0BFE76846FFF7C2FC0146684698
S3150803D0D0FFF736FD02A8FFF7BBFC014602A8FFF7D8
S3150803D0E02FFD684602A9FFF763FD00280CDB694696
S3150803D0F0684602AAFFF709FE04460028A5D10121BE
S3150803D1006846FFF71DFDC8E702A96A460846FFF702
S3150803D110FCFD0446002898D1012102A8F1E7F7B5DA
S3150803D1200C4611F0030118BF012101EB94010546D2
S3150803D13016461F46FFF7E6FB48B934B10097334650
S3150803D1402246E988286800F020FC03B0F0BD6FF09A
S3150803D1500F00FAE7F7B50E1E044615461F4614DBFD
S3150803D1601046FFF76DFD00280FDD2046E988FFF717
S3150803D170C9FB68B9089B3146CDE90073E3882A6879
S3150803D1802068D9F711FA03B0F0BD6FF00300FAE788
S3150803D1906FF00F00F7E72DE9F04F95B001900F46B2
S3150803D1A0104601219046FFF74BFD002840F397816F
S3150803D1B0012600254246394602A8CDE90456CDE99B
S3150803D1C00256CDE90C56079609960B960F961196B5
S3150803D1D01396FFF729FF0446002840F06D81314670
S3150803D1E002A8FFF72DFD0546002840F05C8142465C
S3150803D1F0394604A8FFF7E6FE0446002840F05C819A
S3150803D200069004A906A8FFF798FBDDF818A020B92D
S3150803D21041460CA8FFF791FB40B14FF0000B5D4662
S3150803D220D9465E465F466FF00F0409E10E90414604
S3150803D2300EA8FFF782FBDDF83890002840F04281FC
S3150803D2403146089008A8FFF7AEFB089F0146002859
S3150803D25040F03B810A900AA8FFF7A5FB0A9E83467E
S3150803D260002840F036810146109010A8FFF79BFB73
S3150803D270109D002840F03081012112A8CDF848B04E
S3150803D280FFF791FBDDF848B00028CCD1DAF8002087
S3150803D290D00753D5D9F80020D3077AD50EA906A8FF
S3150803D2A0CDF818A0CDF83890FFF782FC0028C0F215
S3150803D2B09F8006A908460EAAFFF7B1FDDDF818A058
S3150803D2C00446002840F0BC8008A9084610AA089717
S3150803D2D01095FFF7A4FD089F0446002840F0B08088
S3150803D2E00AA9084612AA0A96CDF848B0FFF797FD89
S3150803D2F00A9E0446002840F0A380002106A8CDF81C
S3150803D30018A0FFF79DFC0028C0D1002110A810958E
S3150803D310FFF796FC0028C0F28980414610A81095AD
S3150803D320FFF746FC002880F2B380019810A9FFF79F
S3150803D33004FB041E18BF6FF00F0481E0012106A841
S3150803D340CDF818A0FFF7FCFB3A68D30702D4326876
S3150803D350D40713D508A908460CAA0897FFF75CFD56
S3150803D360089F044600286BD10AA9084604AA0A9608
S3150803D370FFF755FD0A9E0446002861D1012108A836
S3150803D3800897FFF7DDFB01210AA80A96FFF7D8FBE2
S3150803D3907CE701210EA8CDF83890FFF7D1FB2A6860
S3150803D3A0D10703D4DBF80020D20715D510A9084600
S3150803D3B00CAA1095FFF730FD109D044600283FD1AF
S3150803D3C012A9084604AACDF848B0FFF728FDDDF8E8
S3150803D3D048B00446002833D1012110A81095FFF759
S3150803D3E0AFFB012112A8CDF848B0FFF7A9FB51E717
S3150803D3F00EA9084606AAFFF712FDDDF8389004467B
S3150803D400F0B910A9084608AA10950897FFF707FD6B
S3150803D410109D0446A0B912A908460AAACDF848B031
S3150803D4200A96FFF7FCFCDDF848B062E710A9424606
S3150803D4300846FFF7F1FC109D044600283FF465AF44
S3150803D44004A8FFF7D5F906A8CDF818A0FFF7D0F971
S3150803D45008A80897FFF7CCF90AA80A96FFF7C8F9A8
S3150803D46002A8FFF7C5F90CA8FFF7C2F90EA8CDF86D
S3150803D4703890FFF7BDF910A81095FFF7B9F912A868
S3150803D480CDF848B0FFF7B4F9204615B0BDE8F08FDC
S3150803D49010A942460846FFF7C2FC109D0446002819
S3150803D4A03FF43BAFCCE7A3462546A1462646274687
S3150803D4B0A2466FF00D04C3E7AB46A9462E462F4690
S3150803D4C0AA46BDE7A3462546ABE6A3462546264612
S3150803D4D0A9E6A3462546A6E64FF0000BA3E66FF09A
S3150803D4E00304D1E70139002901DA0020704750F80F
S3150803D4F02130002BF6D0B3FA83F00131C0EB41108B
S3150803D500704739B101F18041013900EB810181424C
S3150803D510034600D270471B680A681BBA12BA40F85A
S3150803D520042B41F80439F2E770B51C4613F00303DC
S3150803D53018BF012303EB94038B420546164615D8F9
S3150803D54008B9002070BD8A00002102F06DFB002394
S3150803D550A342F6D0F15CDA0023F0030002F01802C6
S3150803D56091402A5801330A432A50F1E76FF007001E
S3150803D570E8E72DE9F0411C4613F0030318BF01231E
S3150803D58003EB94038B4206460D46904613D879B1AE
S3150803D5908F003A46002102F047FB2CB1381B22467E
S3150803D5A04146304402F05DFB29463046FFF7A9FFA2
S3150803D5B00020BDE8F0816FF00700FAE7B3EB810FAF
S3150803D5C0F8B516464FEA810415D81946A14207D37A
S3150803D5D01F4600218F4210D19C4218D30020F8BD64
S3150803D5E021F00305455901F00302D200D540EDB2F7
S3150803D5F09DB90131EAE72746EBE721F00302825892
S3150803D60001F00305ED00EA4072540131E2E7002117
S3150803D6101A1B301902F008FBE0E76FF00700DEE794
S3150803D620B3EB810F70B504464FEA8105104619D945
S3150803D6305A1B8618002102F0F7FA30462B460021BA
S3150803D640C2188B4210D1002070BD22F00301615825
S3150803D65002F00306F600F140C9B281B90132AA42C3
S3150803D660F3D3ECE71A46FAE721F00300205801F052
S3150803D6700305ED00E84002F8010D0131E1E76FF01B
S3150803D6800700E1E753098B42F0B402F01F0401D8FF
S3150803D69005D13CB3F0BC8A00002102F0C5BA1F2AA3
S3150803D6A022D834B1002200EB8101C4F1200681425D
S3150803D6B00FD1F0BC704752F8047B45F8047FB24299
S3150803D6C0F9D10022CB1A8B42EBD240F8232001333F
S3150803D6D0F9E751F8045D25FA04F313430B6005FAD9
S3150803D6E006F2E4E71F2AE4D900EB8302051F00EBE1
S3150803D6F08106E4E71F2AF0B54FEA521402F01F0524
S3150803D70012D96FF003060B4606FB04069C4203F187
S3150803D710FF3212D3631A8C4288BF002300220B44BC
S3150803D72000EB830383420ED135B1002200EB84005C
S3150803D730C5F120078C4209D3F0BD56F8223040F8CC
S3150803D74022301346E2E743F8042DEBE70668013473
S3150803D75006FA05F3134340F8043B26FA07F2E9E70A
S3150803D760F0B50024844620469C4200D1F0BD51F80A
S3150803D770245052F824702E182CBF01250025BF19F2
S3150803D7804CF8247045F100000134EDE7F0B50024A8
S3150803D790064620469C4200D1F0BD51F824C052F8F3
S3150803D7A02470ACEB0005AF4294BF4FF0000E4FF068
S3150803D7B0010EED1B46F8245084452CBF70460EF126
S3150803D7C001000134E6E78B4228BF0B462DE9F047F3
S3150803D7D0DD08A1EB030E074603F0070811460346C7
S3150803D7E0AC460020089C0CF1FF3CBCF1FF3F03F15B
S3150803D7F0200301F1200112D102EB45114FEA8806F5
S3150803D80007EB451501EB880CBA1A614540F082808F
S3150803D8103544BEF1010E80F08C80BDE8F08751F8DF
S3150803D820206CA6FB049610EB090953F8200C46F165
S3150803D830000610EB090043F8200C51F81C0C46F1BE
S3150803D8400006A0FB0409361853F81C0C49F1000915
S3150803D850801943F81C0C51F8180C49F10009A0FB70
S3150803D860040619EB000953F8180C46F1000610EBE9
S3150803D870090043F8180C51F8140C46F10006A0FBEE
S3150803D8800409361853F8140C49F10009801943F8AA
S3150803D890140C51F8100C49F10009A0FB040619EB06
S3150803D8A0000953F8100C46F1000610EB090043F87B
S3150803D8B0100C51F80C0C46F10006A0FB04093618A7
S3150803D8C053F80C0C49F10009801943F80C0C51F86C
S3150803D8D0080C49F10009A0FB040619EB000953F8E3
S3150803D8E0080C46F1000610EB090043F8080C51F83A
S3150803D8F0040C46F10006A0FB040A16EB000953F8CC
S3150803D900046C4AF1000016EB090640F1000043F8DF
S3150803D910046C68E70F4657F8043BA3FB0438C3189F
S3150803D920885848F10008C3188B5048F10000394657
S3150803D9306BE72B681B182CBF01200020003818BF83
S3150803D940012045F8043B64E72DE9F347DDF8289001
S3150803D95015464A440F469200002106469846002477
S3150803D96002F062F905F1010A4C4502D102B0BDE89D
S3150803D970F08758F8243006EB840000933A462B4682
S3150803D9805146FFF720FF0134EEE72DE9F04712F081
S3150803D990030418BF012404EB92048C420646884606
S3150803D9A017461D464FEA840AC2EB840919D84A4624
S3150803D9B0002102F039F9A8EB04020021920006EBD4
S3150803D9C00A0002F031F93A46089806EB0901A84716
S3150803D9D0054618B921463046FFF793FD2846BDE8A4
S3150803D9E0F0876FF00305F9E770B50646002410467D
S3150803D9F09C4200D170BD51F82420151A34BF012268
S3150803DA000022101E46F8245018BF01200134EFE700
S3150803DA1010B5044678B14378012B04D1BDE810400C
S3150803DA204068DAF7AFBD0378012B02D10830FDF75A
S3150803DA30B3FA0023237010BD416E38B501F0030312
S3150803DA40032B044606D1826A32B9436B023B012B88
S3150803DA501CD80262002038BD056B2378681E034371
S3150803DA60606A023A003818BF012043EA801300208F
S3150803DA70520843EAC2032370236AC2B2954200F1ED
S3150803DA80010006D853B141F0100161666FF00C002E
S3150803DA90E1E7C2F10F02A3541B0AEEE72246214629
S3150803DAA004F13800D8F740FE0028D4D0636E43F05B
S3150803DAB010036366CFE72DE9FF4705460C469046F4
S3150803DAC00021102268469A46DDF8309002F0ACF839
S3150803DAD06A4605F1100105F13800D8F725FE6F46A9
S3150803DAE0064658B16B6E43F010036B663846102131
S3150803DAF0DAF72EFA304604B0BDE8F087391904463A
S3150803DB00221D904509D2A045F0D91AF804300A5DBA
S3150803DB10534009F804300134F5E75AF80430085934
S3150803DB20434049F804301446EAE76822002102F024
S3150803DB307BB8F8B50F4600F13804204615461E464D
S3150803DB40FFF766FF39462046D8F778FD10B16FF020
S3150803DB500C00F8BD324629462046D8F799FD002819
S3150803DB60F7D0F4E710B5044640B13830FFF750FF55
S3150803DB702046BDE810406821DAF7EAB910BD2DE959
S3150803DB80F0411D46073B062B0446164628D8A046F1
S3150803DB9000F11103C5F10F07416307630F22184606
S3150803DBA00021013F02F040F82A46314608F8107F63
S3150803DBB002F057F8681C226B0021404402F034F83F
S3150803DBC001232A46E377E018314602F04AF8636EE2
S3150803DBD0204643F001036366BDE8F041FFF72CBF17
S3150803DBE06FF00C00BDE8F081022B30B412D0102B75
S3150803DBF010D813F001050DD1B1F57F4F0AD2C0E94C
S3150803DC000A3530BC436EC0E9082143F00203436674
S3150803DC10FFF712BF6FF00C0030BC70472DE9F843CD
S3150803DC20436E044613F010068846154645D1002A66
S3150803DC303CD0180741D45907626A3AD495423CD86E
S3150803DC40217843F0040381EA12212170617863661F
S3150803DC504A40627004F13807E06A0022023000F095
S3150803DC600F00C0F11003AB4228BF2B4604EB000C90
S3150803DC7002F1040E73450CEB020121D2934229D813
S3150803DC80E26AED1A1A4498440344102BE26202D05E
S3150803DC90636A9A4228D1224621463846D8F744FD74
S3150803DCA010B30646636E43F0100363663046BDE859
S3150803DCB0F883E36A2B449342CCD96FF00C06F5E755
S3150803DCC058F802105CF8029081EA09014CF8021030
S3150803DCD07246CDE718F802E091F800C001328CEAE3
S3150803DCE00E0C01F801CBC9E7002DB5D1E26A636AC8
S3150803DCF09A42DBD1636EE56243F008036366D5E7B0
S3150803DD002DE9F04F9A46436E0446DB0689461646C6
S3150803DD1089B000F1C380836A2BB1C36A1344026ACC
S3150803DD20934200F2BB80129B9E4200F2B780139B7C
S3150803DD300DF1100B1E6004F1380303930EB9334635
S3150803DD4086E0E36A03F00F07C7F11005B54228BF5B
S3150803DD5035462B44E362636B23F00203012B3FD062
S3150803DD60636B33F0020828D14B462A4639462046C8
S3150803DD70CDF800B0FFF79FFE0346002868D1584642
S3150803DD80E319A3F1040C08F1040295426BD2434448
S3150803DD90454572D82A465946504601F062FF7B1913
S3150803DDA0102B03D0E26A236A9A4273D1224621468C
S3150803DDB00398D8F7B9FC034648BB2F44102F65D1FF
S3150803DDC00021206BCBB2984264D9C3F10F032344D5
S3150803DDD01A7C01310132D2B21A74002AF2D059E000
S3150803DDE00023E119181D854201EB030214D29D4253
S3150803DDF01BD87B19102B03D0E26A236A9A421CD1DB
S3150803DE00224621460398D8F78FFC0346A8B1626ECB
S3150803DE1042F0100262661BE059F8032051F803C06A
S3150803DE2082EA0C02CA500346DCE719F803001178A4
S3150803DE300133414002F8011BD9E74B462A463946C6
S3150803DE402046CDF800A0FFF736FE0346002887D004
S3150803DE5010210DEB01000393DAF77AF8039B1846B2
S3150803DE6009B0BDE8F08F5CF8021050F804EB904651
S3150803DE7081EA0E014CF8021085E71A781BF8081098
S3150803DE8008F101084A4003F8012B81E7E26A236A8D
S3150803DE909A4295D0761BA944AA444FE76FF00C0320
S3150803DEA0DDE7436EF7B51746DA0604460E4636D45B
S3150803DEB0426A0AB11B072AD5236A2BBB00221046DE
S3150803DEC0216BD3B2994202F1010223D823461022C9
S3150803DED0002120460094FFF7EEFD054688B926B1D2
S3150803DEE03A462146304601F0BCFE0026102231464A
S3150803DEF02046666601F098FE10223146A01801F006
S3150803DF0093FE284603B0F0BDE26A9342D6D06FF07B
S3150803DF100C05F6E7C3F10F0323441874D1E76FF032
S3150803DF206D05EEE72DE9F04F85B01546DDE90FB728
S3150803DF30DDE9119ADDE913861A460E9B0446FFF7B7
S3150803DF401EFEF0B933462A4639462046FFF74CFEED
S3150803DF50B8B93A4659462046FFF760FE88B903AB77
S3150803DF60CDE900532A46534649462046FFF7C8FEDD
S3150803DF7038B932464146204605B0BDE8F04FFFF7AB
S3150803DF8090BF05B0BDE8F08FF0B50C468DB0149977
S3150803DF90159D03911399179F0291129908AECDE91E
S3150803DFA00031CDE904561346002122460697FFF7AA
S3150803DFB0B9FF58B93A463146169800F042F828B1DF
S3150803DFC028462146D9F7C4FF6FF00E000DB0F0BD01
S3150803DFD04822002101F028BE10B50446FFF7C2FD0A
S3150803DFE02046BDE810400DF0E5BC10B568210120B8
S3150803DFF0FDF74DFF044608B1FFF797FD204610BD10
S3150803E00013460A460221FFF794BD10B50446FCF7EA
S3150803E010C3FF2046BDE810400DF0CCBC10B5242143
S3150803E0200120FDF734FF044608B1FCF7B1FF20468B
S3150803E03010BDFCF7D2BFFCF7B5BFD5F79BBBD5F729
S3150803E04035BB70B5044600200346934200D170BD24
S3150803E050E55CCE5C013375402843F6E7A42200212C
S3150803E06001F0E2BD10B50446C0B18378012B12D185
S3150803E070043000F08BFA04F16400FEF7B9FB04F1EF
S3150803E0806C0000F07FFA04F1840000F07BFA04F1D7
S3150803E0909C00FEF7ADFB00232380A37010BD38B5A3
S3150803E0A0044600F1200520460834FEF79CFBA542EA
S3150803E0B0F9D138BD38B5044600F1200520460834A1
S3150803E0C0FEF796FBA542F9D138BD2DE9F34101F1D7
S3150803E0D0100506460F4628460021FEF7B1FD0446FD
S3150803E0E098B36846FEF77FFB29466846321DFFF755
S3150803E0F052F8044630BB07F108086B4642464146C8
S3150803E1003046D8F79DFE0446E0B96B466A4669462B
S3150803E1103046D8F795FE0446A0B96B463A463946C3
S3150803E1203046D8F78DFE044660B96B4642464146EB
S3150803E1303046D8F785FE044620B901212846FEF75E
S3150803E14032FC04466846FEF753FB204602B0BDE898
S3150803E150F081F7B50D460446083568461646FEF7B8
S3150803E16042FB00212846FEF76BFD211D07462A467A
S3150803E1706846FEF754FE044648B9002F0CBF002232
S3150803E18006F0010269462846FEF764FB044668461C
S3150803E190FEF72EFB204603B0F0BD70B50C460546C8
S3150803E1A0114620461A46FEF737FE064630B90435A9
S3150803E1B029462046FEF7FCFC002801DA304670BDE6
S3150803E1C02A4621462046FEF7A0FD0028F0D006463B
S3150803E1D0F4E770B50C460646114620461A46FEF77E
S3150803E1E01EFE054648B90436B4F90430002B04DA92
S3150803E1F000212046FEF724FD08B9284670BD32469D
S3150803E20021462046FEF708FE0028EDD00546F4E72A
S3150803E21038B50C46051D29462046FEF7C9FC0028D5
S3150803E22001DA002006E02A4621462046FEF76DFD60
S3150803E2300028F0D038BD10B50446FEF7D9FA04F124
S3150803E2400800FEF7D5FA04F11000BDE81040FEF702
S3150803E250CFBA2DE9F047C3F34508B8FA88FA0C464E
S3150803E26015464FEA5A1A07465246294620461E4677
S3150803E270FEF7F0FA48BB04F108095246484605F189
S3150803E2800801FEF7E7FA00BB08F1FF33D3F10008EC
S3150803E29048EB03084246204605F11801FEF7DAFA69
S3150803E2A098B94246484605F12001FEF7D3FA60B904
S3150803E2B021463846F209FFF74CFF30B904F110003E
S3150803E2C00121BDE8F047FEF76EBBBDE8F08738B518
S3150803E2D00C46054601212046FEF713FC28B92146BC
S3150803E2E02846BDE83840FFF793BF38BD2DE9F84FF8
S3150803E2F01E4603F10805C36804468A469046002B62
S3150803E30040F0C08002F110031A462946D8F798FD53
S3150803E310002840F0EF8006F110072B46424639469F
S3150803E3202046FFF73AFF002840F0E48006F1180973
S3150803E3302B46424649462046FFF74BFF002840F046
S3150803E340D9804B463A4629462046D8F779FD002810
S3150803E35040F0D080032229463046FEF701FE002806
S3150803E36040F0C88031462046FFF752FF002840F0A8
S3150803E370C18008F1080B06F110075B465A46394671
S3150803E3802046D8F75DFD002840F0B480394620467C
S3150803E390FFF79DFF002840F0AD803B4642462946DD
S3150803E3A02046D8F74DFD002840F0A480294620468C
S3150803E3B0FFF78DFF002840F09D8006F118093B46BC
S3150803E3C03A4649462046D8F73BFD002840F0928056
S3150803E3D049462046FFF77BFF002840F08B803346EB
S3150803E3E0324639462046D8F72BFD002840F082806E
S3150803E3F02B463A4639462046FFF7EBFE002879D1E5
S3150803E4002B463A4639462046FFF7E3FE002871D1E4
S3150803E4103B462A4629462046FFF7DBFE002869D1F4
S3150803E42033462A4629462046D8F70AFD002861D1ED
S3150803E4304B462A4629462046FFF7CBFE002859D1E4
S3150803E4405A464946204608F11003D8F7F9FC00282E
S3150803E45050D149462046FFF73AFF00284AD13946A4
S3150803E4605046FEF76AFA002844D129460AF10800FD
S3150803E470FEF763FAF0BB49460AF11000BDE8F84F08
S3150803E480FEF75BBA13462946D8F7DAFC90BB032294
S3150803E49029463046FEF764FD60BB31462046FFF742
S3150803E4A0B7FE38BB04F10C0701463846FEF7C8FB2E
S3150803E4B000283FF45EAF08F110031A4629462046A2
S3150803E4C0D8F7BEFCB0B906F110092B462A464946C9
S3150803E4D02046D8F7B5FC68B93B464A46294620463E
S3150803E4E0D8F7AEFC30B92B46324631462046FFF7FD
S3150803E4F054FE3BE7BDE8F88F0346C06920B15B6A63
S3150803E500002B14BF01200220704710B50446FEF7FE
S3150803E5106AF904F10800FEF766F904F11000BDE88C
S3150803E5201040FEF760B938B50025044600F8045BC9
S3150803E530FEF759F904F10C00FEF755F904F1140036
S3150803E540FEF751F904F11C00FFF7DFFF04F134006D
S3150803E550FEF749F9C4E90F55C4E91155C4E913553A
S3150803E560C4E91555E56538BD10B50446FFF7DBFF65
S3150803E57004F16000FEF737F904F16800BDE81040BE
S3150803E580FFF7C3BF08B1FFF756BE704770B5044619
S3150803E59058B3436C012B11D00C30FEF729F904F15B
S3150803E5A01400FEF725F904F11C00FFF7EBFF04F14D
S3150803E5B03400FEF71DF9201DFEF71AF9A36D8BB972
S3150803E5C02046BDE870406021D9F7C2BC06FB0500AA
S3150803E5D0FFF7D8FF0135D4E91603AB42F6D80DF099
S3150803E5E0E9F9EDE700251826F5E770BD10B50446E9
S3150803E5F058B1FFF7CBFF04F16000FEF7F9F804F111
S3150803E6006800BDE81040FFF7BDBF10BD38B5044626
S3150803E6100D46FEF792F970B905F1080104F10800F1
S3150803E620FEF78BF938B905F1100104F11000BDE8BE
S3150803E6303840FEF782B938BD10B501210446FEF706
S3150803E640B2F960B9012104F10800FEF7ACF930B953
S3150803E650014604F11000BDE81040FEF7A4B910BD49
S3150803E660002108B51030FEF7EBFAB0FA80F040093E
S3150803E67008BD1FB500240294079C0194069C0094C8
S3150803E680D9F78CFA04B010BD10B5044608B1D9F70A
S3150803E6905FFC2046BDE810400DF08CB900F4E0405D
S3150803E6A0B0F5805F04D0A0F500535842584170472F
S3150803E6B0012070472DE9F743DDE90A89CDE9008989
S3150803E6C004460D4616461F46D6F700FC10F1860F7C
S3150803E6D00AD13B46324629462046CDE90A8903B084
S3150803E6E0BDE8F04300F0F0BF03B0BDE8F08303686C
S3150803E6F0024673B1037DD9070BD513F002000DD07B
S3150803E700D3684BB91369002B14BF6FF0860000203A
S3150803E71070476FF0880070476FF0860070473AB10C
S3150803E720002918BF00232121D21A184401F07CBA04
S3150803E7307047434213F07F0320D0584210F15F0F0E
S3150803E74080F2C98010F16C0F48DA10F1700F00F0EF
S3150803E750F28010F16F0F80F2B68010F5645F00F057
S3150803E7608E8000F3A58010F5685F6DD000F39D8059
S3150803E77010F56C5F1DD010F56A5F64E010F56E5FE7
S3150803E78000F0D680DADC10F59C4F78D05FDC10F504
S3150803E790C44F00F0C48034DC10F5C74F00F0C280C4
S3150803E7A0C0F2CF8010F5C64F69D010F5C54F40F0BB
S3150803E7B0C8806FF086007047012300F10E0293406C
S3150803E7C040F217521342F4D100283FD010F1080F34
S3150803E7D014BF6FF083006FF089007047012300F1BF
S3150803E7E06C02934041F250521342E2D1DB0700F127
S3150803E7F0A58010F16A0F14BF6FF083006FF08C00C9
S3150803E800704710F5A24FD4D010DC10F5C14F1BD0BA
S3150803E81005DC10F5C34F06D010F5C24FC7E710F550
S3150803E820A34F40F08E806FF08C00704710F59E4F13
S3150803E83000F0848005DC10F5A14F05D010F59F4F35
S3150803E840B5E710F59D4F7CD16FF08500704710F53D
S3150803E850785F6AD01BDC10F5994FAAD008DC10F54F
S3150803E8609B4FE0D010F59A4F6BD16FF0930070472A
S3150803E87010F57E5FD7D005DC10F5984F61D16FF0A0
S3150803E8809400704720F0800010F57C5F8FE710F541
S3150803E890705F4DD055DC10F5725FD5D051DC10F59D
S3150803E8A0765F86D010F5745F81E710F5665FCAE771
S3150803E8B010F5625F42D010F1720F14BF6FF0830038
S3150803E8C06FF08500704710F16E0F14BF6FF0830069
S3150803E8D06FF096007047002833DC10F10E0FBFF671
S3150803E8E06BAF10F13B0F0ADA10F13D0FBDDA10F1E9
S3150803E8F0400F14BF6FF083006FF09300704710F159
S3150803E900100F90D010F10F0FB9D010F1210F3FF46B
S3150803E91050AF10F1200F97D010F1220FCDE76FF00B
S3150803E920950070476FF0960070476FF09100704737
S3150803E9306FF0840070476FF0920070476FF089009C
S3150803E94070476FF08300704741F2052398421AD83F
S3150803E950B0F5905F09D241F2010398420CD0B0F5A5
S3150803E960885F09D06FF0850070472923A0F590507A
S3150803E97080B2C340DB07F5D511F0070F14BF6FF05C
S3150803E980860000207047B0F5105FEBD121F04003F5
S3150803E990802B06D0B1F5807F14BF6FF08600002068
S3150803E9A070470020704770B5046A05460E463CB9A1
S3150803E9B00120FDF76CFA286228B120466E6270BD05
S3150803E9C06FF08A00FBE76FF08C00F8E7F8B50F469F
S3150803E9D0114606461546FFF7E6FF044620B92A46BA
S3150803E9E03946306A01F03DF92046F8BD2DE9F14F65
S3150803E9F00C9F8346DDE90A9A88461E46154604880F
S3150803EA00C2B32046FFF74AFEE0B1396809B9D10017
S3150803EA1039602046FFF798FF044678B90731B5EB06
S3150803EA20D10F21D14D4522D82A464146304601F019
S3150803EA3018F93B680733DB08CAF80030204601B0EB
S3150803EA40BDE8F08F630415D504F44F44B4F5824F3B
S3150803EA5010D133465846CDE90BA7CDF8289001B017
S3150803EA60BDE8F04F00F0D4BD6FF08604E6E76FF01B
S3150803EA708904E3E76FF08504E0E710B50446006A06
S3150803EA8010B1616AFFF700FE0020C4E9080010BD53
S3150803EA9038B50446FFF7F1FF237E012B0FD0023B5F
S3150803EAA0012B0FD8E369012B14BF6FF096050025D8
S3150803EAB028220021204601F0B7F8284638BDE36925
S3150803EAC0002BF1E76FF09605F2E773B5054608469E
S3150803EAD00C4600F003FC002328461A4601A9D9F779
S3150803EAE0E5FB50B9019E35460FCD0FC495E80300E3
S3150803EAF084E803003046DAF7E7FE02B070BD70B566
S3150803EB00144602881D461046049EFFF7C7FD68B9DA
S3150803EB1044F2010322F44050984207D002F44F42CC
S3150803EB20B2F5824F02D0B2F5844F0ED1B4420FD854
S3150803EB302246284601F095F80021321B281901F0D0
S3150803EB4073F80020059B1C6070BD6FF08500FBE71A
S3150803EB506FF08900F8E7F0B50F461E46154685B0EF
S3150803EB603AB300230122336003A9D9F79FFB04466E
S3150803EB7078B903984368D0E908121B0A0CD0012B0D
S3150803EB8011D06FF086040398DAF79EFE002C08BFAF
S3150803EB900446204605B0F0BD3B46CDE90056FFF7CF
S3150803EBA0AEFF0446EFE73B46CDE90056FCF773FD97
S3150803EBB0F7E76FF08904ECE72DE9F0411446DDE940
S3150803EBC00656028802F4E047B7F5804F22F4405C04
S3150803EBD044F2010718D1BC4507D002F44F47B7F5ED
S3150803EBE0824F02D0B7F5844F10D1AC421AD82246C9
S3150803EBF0184601F036F800212A1B204401F014F8C0
S3150803EC0000203460BDE8F081BC450ED002F44F42C3
S3150803EC10B2F5824F09D12246CDE90656BDE8F04141
S3150803EC2000F025BD6FF08900ECE76FF08500E9E792
S3150803EC30F0B50F461E46154685B0FAB1002303A95B
S3150803EC401A463360D9F732FB044688B90398038812
S3150803EC505B0410D5CDE900563B46D0E9081200F00F
S3150803EC6000FC04460398DAF72FFE002C08BF044677
S3150803EC70204605B0F0BD6FF08604F3E76FF089040C
S3150803EC80F6E770B40024DDE903652C6000F0FE4462
S3150803EC90B4F1007F04D1CDE9036570BCFFF70ABD63
S3150803ECA06FF0860070BC704738B50468054674B1C2
S3150803ECB0042C0ED0052C10D0012C12D11830DAF7FB
S3150803ECC005FA0446D8220021284600F0ADFF20465F
S3150803ECD038BD1830FCF7D2FEF3E71830FCF736FEDA
S3150803ECE0EFE76FF08604EDE713460A460121D9F7E5
S3150803ECF085BE70B506680C46054611462EB3037DD8
S3150803ED00DB0722D44068D9F75FFA20BB042E10D05C
S3150803ED10052E14D0012E1ED1214605F11800DAF767
S3150803ED205BF9044698B92B7D43F001032B752046FE
S3150803ED3070BD214605F11800FCF758FEF1E7214698
S3150803ED4005F11800FCF7BAFDEBE76FF088042846CF
S3150803ED50FFF7AAFFEBE76FF08604F8E7FFF7C9BFEB
S3150803ED602DE9F04F9946002385B0109FC9F8003066
S3150803ED70DDE90E863E6005468A469346FFF7B7FCED
S3150803ED800446A8B92B7DDB0637D52B68042B1CD084
S3150803ED90052B26D0012B33D14B465A465146CDE98E
S3150803EDA00167CDF8008005F11800DAF76FF9044614
S3150803EDB03246214640463B68FFF7B1FC2846FFF733
S3150803EDC073FF204605B0BDE8F08F4B465A465146B9
S3150803EDD0CDE90167CDF8008005F11800FCF738FE88
S3150803EDE0E5E74B465A465146CDE90167CDF800801B
S3150803EDF005F11800FCF794FDD9E76FF08804D7E707
S3150803EE006FF08604D4E703681943B1FA81F0400921
S3150803EE1070472DE9F04F1E4620F47F0387B0B3F100
S3150803EE20106F0746DDE911AB0C46154606D1D1E945
S3150803EE3008894B681B0A04D0012B1ED06FF0850086
S3150803EE4018E0109B0092CDE9016342464B46CDE993
S3150803EE5003ABFCF779FE10F1860F0BD1109B4A46DC
S3150803EE60CDE9016341463B462046CDE903AB009510
S3150803EE70D9F780FF07B0BDE8F08F109B0092CDE964
S3150803EE80016342464B46CDE903ABFCF76CFDF1E75C
S3150803EE902DE9F04705469A46002386B0059305F003
S3150803EEA0FE43B3F1106F0846DDE90E679146DDF8B8
S3150803EEB0408036D12B464FF4804205A9D9F7F6F997
S3150803EEC0044680BB05990B8823F0FF03B3F5E24F8D
S3150803EED002D0B3F5E44F04D14B880733B7EBD30F0E
S3150803EEE024D353464A462846CDE901780096FFF7C8
S3150803EEF090FF044666B90023C8F800300598DAF788
S3150803EF00E3FC002C08BF0446204606B0BDE8F0879C
S3150803EF100028F3D039463046D9F7ACF9C8F800705B
S3150803EF20ECE76FF08604002EE5D0F3E76FF089046B
S3150803EF30F9E7D9F79FB970B504880546DDE9046290
S3150803EF4020460699FFF7AAFB28B13046BDE870406C
S3150803EF501146D9F78FB904F44F43B3F5824F0BD152
S3150803EF6004F4E044B4F5E04F06D10B46284631468F
S3150803EF70BDE87040DAF73CBA6FF0850070BD2DE93D
S3150803EF80F04F1E46002389B09046129ACDE9053301
S3150803EF901360438804460D46002B00F0CF80038890
S3150803EFA003F4E043B3F5804F00F0C88031462846A2
S3150803EFB0FFF729FF002800F0C180204606AA05A905
S3150803EFC0D9F710FA0746002840F08680059B5B6A46
S3150803EFD08BB1059CA1466368D4F820A01B0A59F88F
S3150803EFE024BF7DD0012B00F0A2806FF08607059819
S3150803EFF0FFF743FD70E063681A0A66D1B4F800A008
S3150803F00061885046FFF74AFB80B15046FFF79CFCE0
S3150803F0100746002860D10AF4E043B3F5805F02D0BF
S3150803F020B3F5005F0FD10731CA081CE00AF44F4352
S3150803F030B3F5824F04D10AF4E043B3F5E04F07D0A2
S3150803F0406FF0850748E00AF44F43B3F5844FEAD0D7
S3150803F05047F201039A450FD149080131C90801EB63
S3150803F060C10101F13B02079207990598FFF79BFC3B
S3150803F07007460028ADD02FE044F201039A4503D191
S3150803F080C90801F11002EEE747F202039A4505D1D2
S3150803F090C90801EB410101F15A02E4E744F202030C
S3150803F0A09A4505D1C90801EB410101F14A02DAE79C
S3150803F0B02AF0FF00B0F5E24FB5D0B0F5824F01BF95
S3150803F0C0CC1DE4086400621CCDE7204607A900F0BE
S3150803F0D009F907460028C7D00598D9F73BFA22E06D
S3150803F0E023885B040BD43346424629462046CDE99A
S3150803F0F001B9CDF800A0FFF71EFF074609E04B4606
S3150803F1005A4651462046FCF746FB10F1860F07463A
S3150803F110E9D0002F7FF46BAF12990598D9F730F928
S3150803F12007460028D8D1384609B0BDE8F08F4B46C4
S3150803F1305A4651462046FCF7F4F9DEE76FF0860790
S3150803F140F1E710B5029B0446D9F700FF18B9A3796E
S3150803F15043F00103A37110BD10B5029B0446D9F70A
S3150803F160F5FE18B9A37960F30003A37110BD30B592
S3150803F170002487B01D460DF117030392009303AAD3
S3150803F1800DF116038DF81740DAF702F850B99DF812
S3150803F190170005B128709DF816200399D7F7FEFACC
S3150803F1A007B030BD2046FBE710B40124019B019448
S3150803F1B05DF8044BDAF71CB808B50379934206D110
S3150803F1C00830D7F7DBFBBDE80840FFF7B2BA6FF0A4
S3150803F1D0860008BDF7B50468DDE9086504F0FF4451
S3150803F1E0B4F1906F1FBFC46A4779A418B4FBF7F448
S3150803F1F00CBF14467C43B44210D81AB910462A6089
S3150803F20003B0F0BD00950830D7F700FCFFF791FA75
S3150803F2102B689E4238BF6FF09600F1E76FF08900BE
S3150803F220EEE708B5036803F0FE43B3F1806F04D134
S3150803F2300830D7F7D1FA002008BD6FF08800FBE73E
S3150803F2402DE9F04704469A460E46904698B0502252
S3150803F250DDE92457002104A8DDF8849000F0E4FCD6
S3150803F260214643463246CDF800A004A8FFF79CFF83
S3150803F270044668B9B9F1000F0ED1DDE9221202ABD3
S3150803F280CDE9007304A82B46FFF7A4FF044660B133
S3150803F29004A8FFF7C6FF1DE04A46209904A8FFF70E
S3150803F2A08BFF04460028E8D0F2E7029A05B1154415
S3150803F2B0294603ABBA1A04A8DAF728F8044600283D
S3150803F2C0E6D1DDE902321344269A04A81360FFF750
S3150803F2D0A8FF0446204618B0BDE8F0871822002187
S3150803F2E000F0A2BC10B544680288240A438806D0F5
S3150803F2F0012C56D000236FF086000B6022E002F43F
S3150803F300E040B0F5805F02D0B0F5005F05D1073362
S3150803F310DB0840D16FF0850014E002F44F40B0F5E6
S3150803F320844F03D10733DB0853B9F3E747F20100E8
S3150803F330824208D15B080133DB0803EBC3033B3383
S3150803F34000200B6010BD44F20100824202D1DB08A3
S3150803F3501033F5E747F20200824204D1DB0803EBD8
S3150803F36043035A33ECE744F20200824204D1DB0832
S3150803F37003EB43034A33E3E722F0FF02B2F5E24F16
S3150803F380D0D0B2F5824FC5D10733DB085B00013312
S3150803F390012BD5D1BEE722F0FF02B2F5824FF7D093
S3150803F3A0CEE702F4E044B4F5805F03F1070002D028
S3150803F3B0B4F5005F08D1C308002B4AD022F0FF0436
S3150803F3C0B4F5824F43D00EE002F44F44B4F5844FAC
S3150803F3D0F1D047F20104A24215D15B080133DB08D9
S3150803F3E003EBC3033B33033310F0180F23F0030374
S3150803F3F001D1072805D122F0FF02B2F5824F08BFD3
S3150803F40004332C339CE744F20104A24202D1DB08FD
S3150803F4101033E8E747F20204A24204D1DB0803EB00
S3150803F42043035A33DFE744F20204A24204D1DB085A
S3150803F43003EB43034A33D6E722F0FF03B3F5E24F60
S3150803F440B9D0B3F5824F04D1C3085B000133012B4E
S3150803F45005D122F0FF04B4F5824F0B68C3D1013BF3
S3150803F460C1E72DE9F34745680446DDE90A672D0A2E
S3150803F470884691469A4606D0012D16D06FF0860027
S3150803F48002B0BDE8F087CDE90067FCF797F910F1FC
S3150803F490860FF5D153464A4641462046CDE90A67C3
S3150803F4A002B0BDE8F047FFF787BBCDE90A6702B0AC
S3150803F4B0BDE8F047FCF737B82DE9F04700F4E04A12
S3150803F4C0BAF5804F06460C4691469846089F14D1CE
S3150803F4D000F44F43B3F5824F02D1C3B2412B0CD08C
S3150803F4E018F0010F06D04FEA580344B1E21DB3EBF7
S3150803F4F0D20F05D06FF0860661E04346F5E7DC00D8
S3150803F50080210120FCF7C3FC054600287DD0FFF7C0
S3150803F5102BF806F44F43B3F5824F07D1F0B23028E0
S3150803F52058D00DD8122815D017285BD06FF086044B
S3150803F5302846FFF75BF828460CF03CFA26463EE0D9
S3150803F5404128F3D1B4F5807F51D0B4F5E07F0ED0CE
S3150803F550FF2C0BE040F209239C4208D035D8B4F5BA
S3150803F560807F04D02ED824F02003C02BDED1214679
S3150803F57000F01BFA0146002842D02846D8F750FC6B
S3150803F580FFF7D7F8064600283DD1BAF5804F30D1A4
S3150803F59005F1680A43464A4651462846D7F778FE90
S3150803F5A0FFF7C7F804460028C2D151462846D7F7BD
S3150803F5B0E1FEFFF7BEF804460028B9D13D603046A0
S3150803F5C0BDE8F087B4F5C07FD0E7B4F5047FADD1C5
S3150803F5D01C46CCE724F08003B3F5807FC7D0B4F587
S3150803F5E0007FC3E7C02CC2D0B4F5807FBEE7FF24F3
S3150803F5F0BDE743464A4629462878D8F72DFBD8E778
S3150803F6006FF0850494E7044692E76FF08C06D6E715
S3150803F610F0B51F46002385B0039303AB0093054655
S3150803F62013460A4641880088FFF746FF039E0446A9
S3150803F630A0B92888336C00F44F42B2F5824F03D140
S3150803F640C2B2412A08BF01330C9A314613600B9B99
S3150803F6503A4600930A9BD9F787FE04463046FEF7D7
S3150803F660C5FF30460CF0A6F9204605B0F0BD7FB5B8
S3150803F6701E460023039303AB0093054613460A4627
S3150803F68041880088FFF718FF0446D0B92888039DE8
S3150803F69000F44F43B3F5824F099B0CBFC0B24FF436
S3150803F6A082403246294608BF40F482400093089BAD
S3150803F6B0D9F75AFE04462846FEF798FF28460CF063
S3150803F6C079F9204604B070BD2DE9F0430446B9B074
S3150803F6D00E46DDE940890021174601A8DC221D46AE
S3150803F6E000F0A2FA2146C9F8008001A8D9F74CFF11
S3150803F6F0044668B93A46314601A8D9F771FF044664
S3150803F70030B94B464246294601A8D9F77BFF04463A
S3150803F71001A8D9F727FF002C18BF204639B0BDE842
S3150803F720F083037E022B06D1C3695A1C03D0013327
S3150803F730C361002070476FF09600704703466FF069
S3150803F74040420846591E914207D338B103F1404354
S3150803F75093428CBF0020012070470120704703465F
S3150803F76068B1017E8A1E012A0BD80329C26903D10F
S3150803F770012A01D1FFF78CB91AB1013ADA610020DF
S3150803F78070476FF09600704700207047C0B2FF2895
S3150803F7900CBF6FF086000020704707B500216A4644
S3150803F7A0FBF751FC8C3018BF012003B05DF804FB4E
S3150803F7B013B500216A460446FBF745FC8C3002D193
S3150803F7C0002002B010BD00212046D4F727FB0146CE
S3150803F7D010B16FF09800F4E76A462046FBF733FC4E
S3150803F7E08C30EDD0F5E72DE9FF41074614468846E8
S3150803F7F000293FD0002A3DD0B2F5005F3DD202F181
S3150803F800240631460120FCF742FB0546C0B30346EE
S3150803F8103A4621464046DAF775F87F6900243846A2
S3150803F820FFF7BBFF01281FD021462B463246384631
S3150803F8300094D4F725FA0146C8B9384602AAFBF755
S3150803F84002FC044620B9029B9E4205D06FF0980439
S3150803F85038460021D4F7E2FA31462846FEF714FF64
S3150803F860204604B0BDE8F0816FF08A04F4E76FF030
S3150803F8709804F1E76FF08604F2E76FF08D04EFE77B
S3150803F8806FF08C04ECE7FEF7FFBE2DE9F047D0F8DE
S3150803F89014A086B08146884617465046002104AA16
S3150803F8A0FBF7D1FB044610BB049E01203146FCF747
S3150803F8B0EEFA0546002837D02146504604AA039493
S3150803F8C0FBF7C1FB044670B903AB02462146CDE9F3
S3150803F8D0005350463346D4F747FA039B04469E42E1
S3150803F8E009D06FF0980431462846FEF7CDFE204628
S3150803F8F006B0BDE8F0870028F5D13B4642463146B7
S3150803F9002846CDF80090DAF71BF804460028EAD112
S3150803F910D8F800302BB13B68002B08BF6FF0910471
S3150803F920E1E76FF09104DEE76FF08C04DFE710F18F
S3150803F930860F13D010F1850F0BDA20F002039333E9
S3150803F9400FD010F1970F0CBF6FF06D004FF0FF301B
S3150803F9507047003818BF0120404270476FF07100A6
S3150803F96070476FF06F00704730B40024944201D19A
S3150803F97030BC184731F92450854201D00134F5E7E4
S3150803F98001EB8401B1F9020030BC7047032805D0A6
S3150803F990092807D0002318460B6070474FF4807375
S3150803F9A01220F9E7FF234120F6E7122803D041285E
S3150803F9B007D000207047B1F5807F14BF00200320CD
S3150803F9C07047FF2914BF002009207047084608B569
S3150803F9D01146FFF7AEFA002818BF6FF03B0008BDC3
S3150803F9E06FF01B0070477047704708B5FFF7FCFFB9
S3150803F9F008BDF2F735BE7047C7F71CBDCDF78ABBFE
S3150803FA00704708B5C7F7B4F9FCF7A5F8C7F7A4F91B
S3150803FA10C7F78EFBDAF752F8BDE80840CFF7C8BC3C
S3150803FA20CDF770BC08F09EBB08B5CEF781F8CEF7C4
S3150803FA3025F9BDE80840CDF7C7BF08B5F2F70BFEB1
S3150803FA40C7F71CFDD3F710FFD9F7FEF9D1F7A6FCC4
S3150803FA50D3F740FFFCF77AF8BDE808400BF0C1BDC1
S3150803FA6008B5D6F71FFAD6F7C5FAD6F7D7FAFCF7C5
S3150803FA70B3FEC7F72BF9F9F737FDBDE80840F2F7E8
S3150803FA80ABBD08B5CDF77AFBBDE80840F9F72EBF3D
S3150803FA9008B5D9F7BBFFBDE80840D9F7DFBF08B5F6
S3150803FAA0FCF7BEFCFFF7A1FFFCF7F5FC00B908BDA0
S3150803FAB0D9F7DAFFF8E72DE9F843074688461446E7
S3150803FAC00026D4E90195B9F1010905D52468002C66
S3150803FAD0F7D13046BDE8F883AB89012B07D9B5F9C9
S3150803FAE00E30013303D029463846C04706436835E6
S3150803FAF0E9E710B50C46B1F90E10DAF741FF00280D
S3150803FB00ABBF636DA3891B1823F48053ACBF63652E
S3150803FB10A38110BD2DE9F0411F468B8905460C4686
S3150803FB20DB05164605D502230022B1F90E10DAF7CE
S3150803FB3015FFA3893246B4F90E10284623F48053D9
S3150803FB40A3813B46BDE8F041DAF72CBF10B50C4656
S3150803FB50B1F90E10DAF702FF421CB4F90C3015BFDF
S3150803FB60606523F4805343F48053A38118BFA381AC
S3150803FB7010BDB1F90E10DAF7E1BE30B514469BB0E5
S3150803FB8005461A46002C05DA8B2303604FF0FF302F
S3150803FB901BB030BD4FF40273009104916946ADF86A
S3150803FBA00C304FF00003199314BF04F1FF332346B7
S3150803FBB0029305934FF6FF73ADF80E301E9BDAF7E3
S3150803FBC027FF431CBCBF8B232B60002CE0D0009B74
S3150803FBD000221A70DCE70139024410B5904201D1BC
S3150803FBE0002005E0037811F8014FA34201D0181B42
S3150803FBF010BD0130F2E7884210B501EB020402D9C1
S3150803FC008442234607D8431EA14207D011F8012B85
S3150803FC1003F8012FF8E70244824200D110BD13F816
S3150803FC20011D02F8011DF7E702440346934200D17A
S3150803FC30704703F8011BF9E770477047704710F8D8
S3150803FC40012B11F8013B012A28BF9A42F7D0D01A93
S3150803FC507047034611F8012B03F8012B002AF9D143
S3150803FC6070470A44431E914200D1704710B511F8F4
S3150803FC70014B914203F8014FF9D110BD034613F81E
S3150803FC80012B002AFBD1181A01387047062008B53C
S3150803FC90DBF7C6FA0120F9F7B1FE2DE9F0471F464F
S3150803FCA08E6882460C46BE429046334653D8B1F90F
S3150803FCB00C0010F4906F2BD065692368096905EB6E
S3150803FCC04505A3EB010905EBD5757B1C6D104B4464
S3150803FCD02A46AB4284BF1D462A46430527D5114605
S3150803FCE05046FCF7C9FA064658B34A462169FFF750
S3150803FCF0B8FFA38923F4906343F08003A3812661A5
S3150803FD004E4465613B46A5EB090526603E46A5605C
S3150803FD101F463A4641462068FFF76DFFA368002051
S3150803FD209B1BA36023683B442360BDE8F0875046CA
S3150803FD30FCF7ACFA06460028E1D121695046FCF7E0
S3150803FD409EFA0C234FF0FF30CAF80030A38943F01C
S3150803FD504003A381E9E73E46DBE79368013B002BB3
S3150803FD6010B4936008DA9469A34201DB0A2903D124
S3150803FD705DF8044B00F0B4B81368581C10600846C5
S3150803FD8019705DF8044B7047F8B506460F461446D6
S3150803FD90D518AC4201D1002007E03A4614F8011BF6
S3150803FDA03046FFF7DAFF431CF3D1F8BD2DE9F047D8
S3150803FDB0164698468A6807460B690C46DDF820906E
S3150803FDC09342B8BF1346336091F843200AB101330F
S3150803FDD033602368990642BF336802333360256864
S3150803FDE015F0060506D104F1190AE36832689B1A69
S3150803FDF0AB422BDC94F843302268003B18BF01233F
S3150803FE00920630D404F1430241463846C8470130C6
S3150803FE1023D023681A3454F80A2C03F00603042B58
S3150803FE200ABF54F80E5C002533684FF0000608BF76
S3150803FE30ED1A54F8123C08BF25EAE5759342C4BF88
S3150803FE409B1AED18B5421AD1002008E00123524641
S3150803FE5041463846C847013003D14FF0FF30BDE865
S3150803FE60F0870135C1E7E1185A1C302002332244D2
S3150803FE7081F8430094F8451082F84310C2E701233A
S3150803FE80224641463846C8470130E6D00136D9E707
S3150803FE9038B50B6905460C4613B90025284638BDFF
S3150803FEA018B1036A0BB9DAF7DBFCB4F90C30002B8B
S3150803FEB0F3D0626ED00704D4990502D4A06DFFF778
S3150803FEC0BCFE28462146DBF7D7F8636E0546DA07F4
S3150803FED0E4D4A3899B05E1D4A06DFFF7AFFEDDE764
S3150803FEE0F8B50E461446054618B1036A0BB9DAF790
S3150803FEF0B7FCA369A360A3891A0701D5236943B984
S3150803FF0021462846DBF738F918B14FF0FF3738464C
S3150803FF10F8BD2368F6B222693746981A636983429D
S3150803FF2005DC21462846FFF7B3FF0028EDD1A36871
S3150803FF30013BA36023685A1C22601E70431C626936
S3150803FF409A4204D0A389DB07E1D50A2EDFD12146DD
S3150803FF502846FFF79DFF0028D9D0D6E71F2938B5CD
S3150803FF6005460C4604D9162303604FF0FF3038BD07
S3150803FF70C26B12B152F821304BB9284600F016F875
S3150803FF80224601462846BDE83840DBF751B9012B1E
S3150803FF900AD0591C03D1162303600120E7E7002181
S3150803FFA0204642F8241098470020E0E7F9F729BDD0
S3150803FFB0C9B20346024410B59342184601D100203C
S3150803FFC003E0047801338C42F6D110BD70B50C46B4
S3150803FFD0B1F90E1096B0154600291E460ADAA1890C
S3150803FFE011F0800113D14FF48062002031602A603A
S3150803FFF016B070BD6A46DBF72DF90028EFDB0199C9
S3150804000001F47041A1F5005359425941EBE7002127
S315080400104022EAE78B8973B59E0705460C4607D541
S3150804002004F14703236023610123636102B070BDB1
S3150804003001AB6A46FFF7CAFF009E28463146FCF71D
S315080400401BF9B4F90C3038B99A05EFD423F0030335
S3150804005043F00203A381E3E743F080032060A3810E
S31508040060019BC4E90406002BE0D0B4F90E10284617
S31508040070DBF702F90028D9D0A38923F0030343F058
S315080400800103A381D2E7212802D10846DBF704B984
S31508040090DBF756B9512802D10846DBF7FDB8DBF77A
S315080400A04FB94FF0FF3070470020704770477047CC
S315080400B00020704700207047002070474FF0FF303B
S315080400C070471120704700207047012070470020B0
S315080400D0704700207047002070477047002070471B
S315080400E070477047704708B5DBF72AFEBDE8084035
S315080400F03120E4F779BE38B500F12C0504462846C4
S3150804010003F0CCF950B194F8203013F0180F05D049
S315080401102846BDE83840002103F0D6B9A06A38BDA0
S315080401202DE9F84390F823300546012B0E4602D9EB
S315080401300020BDE8F88390F82030D90758BF86F028
S315080401400106002E4AD1077EFFF7D5FF03F0B8FA59
S315080401500378417807F1FF389A0601F102015FFA3C
S3150804016088F80BD5B8F1010F08D8012F14BF042459
S315080401700824837803F01F0304EBC306384603F008
S31508040180BDF995F8213081465B0754BF022195F8DD
S315080401902510384648BF0231B8F1010F9DBF013119
S315080401A089B24FF0A0084FF0000803F0A7F90746F4
S315080401B0EC68DBF7A9FEA4F59673A3EB09039B1B6E
S315080401C0DB1BA3EB08031B1A002BB1DD95F82100F2
S315080401D000F00C00003818BF0120AAE70120A8E7A0
S315080401E038B504462C3003F059F994F8213001281F
S315080401F08CBF43F0080303F0F70384F82130204644
S31508040200FFF779FF054603F05BFA94F82030228C51
S31508040210C3F38001C3F340039B0043EAC10394F884
S31508040220211042F40052C1F3C00143EA01130178D4
S3150804023042F0080201F023010B430370437803B12B
S3150804024022842846BDE8384003F03FBA5328F8B557
S315080402500C4615D009D8232800F0EA80512800F066
S31508040260C880BDE8F840FFF73EBF5628F9D191F893
S315080402702030DA075CBF23F0100381F82030F0E75A
S31508040280DBF722FC054600220221E4F7DDFCAB6815
S315080402900646D80735D494F82330013384F8233036
S315080402A094F82630013384F82630002601212046A6
S315080402B0FFF736FF0746C0B194F82030D80740F157
S315080402C0818094F8213059077CD404F12C0003F07A
S315080402D0E5F8012894BF00230123580094F8221056
S315080402E0DBF71EFB2046FFF77BFF2846DBF726FCD9
S315080402F0032E69D1284603F017F92B7B84F8273097
S3150804030064E0002394F8212084F8233042F0100393
S3150804031084F82130317894F82030C1F38001C3F38E
S315080403208000814218D083F0040343F0100184F856
S31508040330201042F05002090784F821200CD523F036
S31508040340080343F0100304F12C0084F8203003F06A
S31508040350C3F83320E4F748FD327894F82030C2F322
S31508040360C001C3F34003994228D194F82130D20638
S315080403704CBF43F0040303F0FB0384F8213073787D
S31508040380B3B994F8203083F0020384F82030327825
S3150804039097078AD072789AB143F0200384F82030FC
S315080403A094F82130032643F0200384F821307DE7AE
S315080403B02846DCF7DBF90028E3D176E7012675E75A
S315080403C0022673E7022089E7002E96D194F8213095
S315080403D0DA070AD494F8202043F00103D60748BF65
S315080403E06A6884F8213048BF2260002F3FF439AF89
S315080403F0F8BD91F82030084623F0300381F8203000
S3150804040091F8213043F0020381F82130FFF773FE97
S3150804041003F056F900212046FFF782FE00283FF430
S3150804042020AF94F822100120BDE8F840DBF78EBA15
S3150804043091F82030DD06DBD518070BD46568DBF7A1
S3150804044063FD2D1AB5F57A7FD2DB2046BDE8F84060
S31508040450FFF7C6BE91F821301907EFD504F12C0031
S3150804046003F01CF80128E9D9C2E75720E4F704BDCC
S31508040470E5F714B80A2802D80130C0B27047242810
S3150804048001D80230F9E7252805D0262805D02728DB
S3150804049018BFFF207047002070470C20704708B526
S315080404A0E5F702F820B1BDE808402020DBF7BABE1C
S315080404B008BD70478B6918470023037070470020EE
S315080404C070477047704770474FF000007047002028
S315080404D07047002070477047002070470020704717
S315080404E0704700207047002070470020704700209E
S315080404F0704700207047002070470020704700208E
S3150804050070470C207047002070474FF0FF30704743
S3150804051070477047002070477047704770477047A8
S31508040520704770477047E8F76BBAE8F77DBAE8F79B
S31508040530A7BADBF79DB9D0F72FBCDBF771B87047BC
S3150804054008B5DBF7A1F818B1BDE80840DBF7E0BE4B
S3150804055008BD2DE9F8430E6A05460C461EB1066029
S315080405600020BDE8F883088B4B8B18440A3080B208
S31508040570DBF748F9286090B32046DBF7DFFAD5F8AD
S3150804058000800A2198F80670404607F0CBFA0C3723
S31508040590A37B08EB070989F80730637B314689F89A
S315080405A00630628B238B20461344A9F80830237B34
S315080405B04FF6FF7289F80530636848F807302B68E8
S315080405C0DBF7EEFA238B628B1344984201D126603B
S315080405D0C6E72B681BB12846DBF7D8F82E60192026
S315080405E0BFE7E4F75BBF37B50C4605460DF10601D0
S315080405F001A8DBF791FF43F6FF739C420DD047F63B
S31508040600FF739C4209D0BDF904309C42B8BF1C460E
S31508040610BDF906309C42A8BF1C46AC8103B030BD68
S31508040620704783790C33C2189278C35CA2F10D0122
S31508040630484248413E2B04D1022A08BF40F0010033
S315080406407047FF2B14BF002000F001007047704765
S31508040650002818BF112070470020704700207047F3
S31508040660002070470020704741F20C00704770471D
S315080406707047704711207047002070470020704764
S3150804068070477047704770477047704770477047A0
S315080406907047704710B5DEF759F983790C33C418D7
S315080406A0DEF75AF9E2780023BDE81040002A18BF9D
S315080406B011224FF62F4100F030BA70477047704741
S315080406C0002070470020704708B5FFF7AAFF18B145
S315080406D0BDE80840DCF7ACB808BD08B507F073FBFD
S315080406E028B1437923F00B0343710023C38008BD63
S315080406F0DCF714B900238371931CC3710173427325
S31508040700704707B5437901909B070AD5FFF7D8FFC9
S3150804071028B901A8DCF7B0F903B05DF804FB022098
S31508040720FAE7FFF7CFFFF3E700207047704700208A
S315080407307047704710B5044602230C224FF6104141
S3150804074000F049F8A37901200C331C440023E37113
S31508040750A07110BD7047427942F003024271DCF77A
S315080407600DBB10B50446837902338371437923F0AC
S31508040770020343F001034371FFF7ECFF2046BDE88B
S315080407801040DCF7FBBADCF721B938B5C2798379AE
S315080407900D3A03F10C05D21A0544D2B204460232C4
S315080407A005F10B0105F10800FFF725FA6B78033B01
S315080407B06B700F23AB70E379033BE37138BD0020FC
S315080407C0704700F10C03CB1ADBB283718A780332C3
S315080407D01344C371704770B5044615461A1D0E4670
S315080407E0D2B20E21FFF786FFA3790C33E018012352
S315080407F0A0F803608370457170BD2DE9F04790F841
S3150804080007A083790446AAEB030A89465FFA8AFA9B
S3150804081012B19245A8BF9246DEF798F84FF0000841
S31508040820074662794379D5074CBF43F0010303F0C1
S31508040830FE0343716379002123F0010320466371A3
S3150804084007F06FFA4346524621463846A7F806800B
S3150804085007F08FFBE379A2799B1ADBB253451FD0C5
S31508040860012007F0B0FAA579064640B9254403469F
S31508040870A9892046BDE8F0470722FFF7ACBF5544CF
S31508040880EDB2A5718571C571E2794346521B2146BD
S31508040890D2B207F06EFB23683360C4F800803E606A
S315080408A04846DEF783F8DEF757F805464279637952
S315080408B0D0074CBF43F0010303F0FE0363716A7962
S315080408C0204691074CBF43F0020303F0FD0363710E
S315080408D06A79294612074CBF43F0080303F0F70365
S315080408E06371AB79A371E371EA79D21AD2B20023A0
S315080408F007F03FFB2B68236000232B60BDE8F087D5
S3150804090010B5DEF723F883790C33C418DEF724F818
S31508040910E2780023BDE81040002A18BF11224FF6DA
S315080409202C4100F0FAB8704770477047E4F706BFE1
S3150804093038B504460D4601234FF6134100F0EDF889
S31508040940A3791C44A57438BD13B5837904460C33BE
S3150804095003441979DA7801A842EA0122ADF8042099
S315080409605A799B790DF1060142EA0323ADF806305C
S3150804097000F091FE034638B902464FF61441204664
S3150804098000F0CBF802B010BD00231F22F5E770B5BE
S31508040990847905460C340444B4F90930B4F90720BB
S315080409A0B4F90510B4F9030000F0CDFE034638B9CE
S315080409B002462846BDE870404FF61B4100F0ADB824
S315080409C000231F22F5E708B5F1F738FCC6F7EEFA57
S315080409D008BD40F2011310B504460E21C38007F082
S315080409E0A1F80E21A2790C32A154A3180C225A702C
S315080409F0627942F00302627101229A701C22DA704B
S31508040A0020221A7100225A714FF0FF32C3F80620C9
S31508040A10C3F80A2010BD38B540F2011305460E2165
S31508040A20C38007F07FF80E22AB790C33EC18EA542E
S31508040A300C2363706B7943F003036B710123A37072
S31508040A402F230025E370202365712371DAF762FEEC
S31508040A50A84244F290236FF0040208BF4FF40563DA
S31508040A60A271E5712381A272E572A38138BD0120C2
S31508040A70704701238371D31CC3714379417343F0CF
S31508040A800303827343717047002070477047002040
S31508040A9070477047002818BF112070470720704711
S31508040AA00C20704742207047422070470020704748
S31508040AB07047704741F2420070470720704742204A
S31508040AC070470020704700207047002818BF11207F
S31508040AD070470020704741F21100704770470020A4
S31508040AE07047704784B001A880E80E0004B07047C8
S31508040AF01120704711207047112070470020704755
S31508040B0000207047112070471120704770477047BE
S31508040B100020704700207047704770B515461A1DA7
S31508040B200E46D2B20E21FFF7A4FF83790C3318447C
S31508040B300123A0F803608370457170BD38B5044677
S31508040B400D46FF21FFF795FF83791C44A57338BD2D
S31508040B5038B504460D463E21FFF78BFF83791C44BE
S31508040B60A57338BD70B50E4615460F210422FFF746
S31508040B7080FF83790C33184401238680C3708570FB
S31508040B8070BDFFF776BF10B504460023FFF7C5FF0F
S31508040B902046BDE81040DDF75FBE2DE9F0418046EA
S31508040BA002200F4616461D4607F00DF9044688B17D
S31508040BB00C210822FFF75DFF83790B441C449DF83A
S31508040BC01830A4F803806771E6802581A370DDF7E1
S31508040BD043FE0120BDE8F08108B5022007F0F3F8CA
S31508040BE030B101221121FFF7B3FFDDF735FE0120ED
S31508040BF008BDF8B504460F461646132109221D46B4
S31508040C00FFF7A6FF83790C331C441323E770A370FC
S31508040C1026712B68C4F80530AB88A4F80930BDE8FA
S31508040C20F840DDF719BE70B5054602200E4607F0F2
S31508040C30CAF80446B8B12846E2F740FC01F04CFE6F
S31508040C4000F0010004221421A0602046FFF780FF6B
S31508040C501422A3790C3323449A70A3F803505E71C3
S31508040C60DDF7FAFD012070BD08B5FFF77AFD08BD6A
S31508040C702DE9F041074602200D4690461E4607F028
S31508040C80A2F80446E0B109222121FFF761FF0A22EE
S31508040C9083790C331C44BDF9183084F8038093FB1C
S31508040CA0F2F323729DF81C30A7806372BDF92030D5
S31508040CB0A67193FBF2F3E571A372DDF7CDFD01206E
S31508040CC0BDE8F0810C20704737B5044606F0ADFF41
S31508040CD0FF22A379C0B20C33E518E254831E6B7065
S31508040CE00D23AB70AB791C38012BE8768DF80730E9
S31508040CF009D10023E91D1A460DF10700FFF7D6F9B5
S31508040D009DF80730AB712046DDF7A6FD03B030BD6C
S31508040D10DEF722BBDEF720BB704708B5E1F78AFA8F
S31508040D2008B13A2008BDDFF7A1F80028F9D1DEF7A3
S31508040D304BFF08B90020F5E7DFF7A4F80028F9D037
S31508040D40EFE710B5DDF708FE04460123002242F258
S31508040D500F01FFF7E2FEA3790C331C44E4F79CFD6C
S31508040D60A07110BD10B5FFF7D8FF044608B9E4F71B
S31508040D70F3FDDDF7F1FD2246BDE81040002342F2FB
S31508040D801001FFF7CABE70B5DDF7E0FD05468679A2
S31508040D90FFF7C3FF044690B90C363544E878291D95
S31508040DA0E4F780FD002808BF0724DDF7D5FD2246B1
S31508040DB0BDE87040002342F21101FFF7AEBE3A24A3
S31508040DC0F3E770B5DDF7C2FD05468679FFF7A5FF9B
S31508040DD0044690B90C363544E878291DE4F796FD9F
S31508040DE0002808BF1224DDF7B7FD2246BDE8704087
S31508040DF0002342F21201FFF790BE3A24F3E708B53E
S31508040E008388C2889A4201D3052B01D8122008BDCB
S31508040E10C07801F0BCF9DEF7D3FA0028F6D0002032
S31508040E20F5E7704710B5DDF791FD837900210C339A
S31508040E30C418E078E1F748FB68B1211D01F08EF982
S31508040E400446DDF789FDE2B20023BDE8104042F20C
S31508040E503501FFF762BE41F24204F2E710B5E1F745
S31508040E605DFB0446DDF778FDE2B20023BDE81040D9
S31508040E7042F23D01FFF751BE10B5DDF767FD8379F0
S31508040E8000211844C07BE1F71FFBE1F7D7FA0446B3
S31508040E90DDF762FDE2B20023BDE8104042F23C01F0
S31508040EA0FFF73BBE2DE9F041DDF750FD83790025B8
S31508040EB00C33C418E678DDF749FD0768DDF746FD07
S31508040EC0A6F1FE035942594105603046E1F7FCFA9A
S31508040ED03B462946227901F08AF80446DDF73CFDAB
S31508040EE02B46E2B242F23701BDE8F041FFF715BEE0
S31508040EF02DE9F041DDF72AFD837900250C33C41862
S31508040F00E678DDF723FD0768DDF720FDA6F1FE0385
S31508040F105942594105603046E1F7D6FA3B462279EB
S31508040F20012101F064F80446DDF716FD2B46E2B20A
S31508040F3042F23801BDE8F041FFF7EFBD2DE9F0476D
S31508040F40DDF704FD83790C33C418277994F80380F4
S31508040F5027B9B8F1010F27D0E1F758FA0026053466
S31508040F60BE420ADB0025DDF7F7FCEAB20023BDE83A
S31508040F70F04742F23901FFF7D0BD2078B4F80150A2
S31508040F80A0F1FE035942594194F803900434E1F759
S31508040F909BFA60B12A464B464146E1F775F9054680
S31508040FA00028E0D10136DBE741F21205DBE741F21E
S31508040FB04205D8E710B5DDF7C9FC837900210C335F
S31508040FC0C418E078E1F780FA616801F0F3F804469A
S31508040FD0DDF7C2FCE2B20023BDE810404FF6194122
S31508040FE0FFF79BBD10B5DDF7B1FC837900210C33FF
S31508040FF0C418E078E1F768FA616801F0F4F8044681
S31508041000DDF7AAFCE2B20023BDE810404FF61A4108
S31508041010FFF783BD2DE9F04186B0DDF797FC42F270
S315080410203E03867905460C36875B84199F420ED1A2
S31508041030DDF78CFC052106F075FDA3780533A3704E
S315080410406FF07903AB55202363700023A372002144
S31508041050E078E1F739FA0546002859D02046FFF723
S31508041060CEFE002856D1284601F058F9FFF7FAFAB9
S3150804107070B10C2542F23E039F424DD1DDF76CFC5C
S3150804108000232A46394606B0BDE8F041FFF745BDB8
S31508041090284601F046F9FFF71CFD06460028E8D164
S315080410A094F80A802846B8F1000F13D101F039F9EB
S315080410B040B1284601F035F9FFF728FD4146284690
S315080410C001F032F928462389E288A18801F0F1F86B
S315080410D0C5B2CFE701F022F940B1284601F01EF95E
S315080410E0FFF7CAFA3146284601F096F8A57B238904
S315080410F0E288A188E0780495657B0395257B0295AB
S31508041100E57A0195A57A0095FFF7F2FC0546B1E75D
S315080411104225AFE71225ADE7DDF71EFC0646012397
S315080411202A463946FFF7F9FCB3791E44E378B374C3
S3150804113006B0BDE8F08170B5DDF708FC83790021B7
S315080411400C33C4182079E1F7BFF90546A0B1207914
S3150804115001F01DF8DEF734F988B1E178284601F084
S315080411607EF80446DDF7F8FBE2B20023BDE87040DA
S315080411704FF40151FFF7D1BC41F24204F2E741F2C0
S315080411800C04EFE770B5DDF7E1FB837900250C3332
S31508041190C418DDF7DBFB0668DDF7D8FB29460560CE
S315080411A0E078E1F791F933462279022100F01FFF2E
S315080411B00446DDF7D1FB2B46E2B242F23F01BDE815
S315080411C07040FFF7AABC70B588B0DDF7BFFB83791A
S315080411D000210C33C418E078E1F776F905460028AF
S315080411E037D02046FFF70BFE002834D1284601F0F5
S315080411F095F8FFF737FA78B10C26DDF7ADFB054607
S31508041200022332464FF60941FFF787FCAB791D44A2
S31508041210E3786B8208B070BD284601F082F8FFF7C0
S3150804122058FC0028E8D0257C2389E288A188E07840
S315080412300695E57B0595A57B0495657B0395257B36
S315080412400295E57A0195A57A0095FFF755FC0646B9
S31508041250D3E74226D1E71226CFE7FE282DE9F8433D
S315080412600646894690461F4616D0022006F0ABFD70
S31508041270044690B106221221FFF76AFC1223A579C7
S3150804128020460C352544AB7085F803902E71A5F8D5
S315080412900580EF71DDF7E0FA0120BDE8F88310B5A3
S315080412A0DDF754FB83791844C07BFFF70EFC04462C
S315080412B0DDF752FB2246BDE8104000234FF62E41C7
S315080412C0FFF72BBC70B5DDF741FB0023847906686C
S315080412D00C3403600444E078FFF71AFC054628B981
S315080412E032462179E078FFF70DFC0546DDF734FB35
S315080412F006462A46012342F28201FFF70EFCB37919
S31508041300E27833443046BDE870409A74DDF7A4BAEF
S31508041310F7B5DDF71BFB0023857906680C350360F2
S315080413200544E878AF79FFF7F3FB044670B9384605
S31508041330FFF7EEFB044648B9EB79AA79A988E87859
S3150804134001962C7A0094FFF7D5FB0446DDF704FBD7
S31508041350002322464FF60A4103B0BDE8F040FFF7E2
S31508041360DCBB30B587B0DDF7F1FA054683790C3373
S315080413701D440023CDE904336B7AA3B10A2105ABD6
S3150804138004AAFFF7BEF870B140F4805404A806F026
S31508041390F2FBDDF7E1FA002342F24F01E2B2FFF76E
S315080413A0BCFB07B030BDEB78272B1AD8287902F096
S315080413B039F9C8B1E3F7C8FA04460028E6D128790A
S315080413C0EC7802F0A7FA01460598EB79AA79029017
S315080413D0687A0190287A0090204602F016F80446A6
S315080413E0D4E741F21204D1E741F21104CEE738B545
S315080413F0E3F78EFB0546DDF7AFFA0446022300221F
S3150804140042F21F01FFF789FBA3791C44658238BDA4
S31508041410F8B507460E4614461D46E3F7F7FE37B1F8
S315080414200CB1B5420ED136EA00030BD156B13CB124
S3150804143035EA000006D1002D0CBF11200020F8BDA6
S315080414402046FCE71120FAE700F0FDBA2DE9F0473B
S31508041450DDF77CFA83790C33C518E2F759FB0446A1
S31508041460E3F7D4FEEA78064602F0010702F002081A
S31508041470C2F3400282F001026B79297902F0010273
S3150804148087F00100FFF7C4FF814600BB4FBB2A79EA
S31508041490237862F307132370B8F1000F00D16E792D
S315080414A0237866F30303237017BB2B79227803F09A
S315080414B00F0363F307122270B8F1000F13D16B7987
S315080414C0227803F00F0363F303022270A7B9DDF74A
S315080414D043FA4A46BDE8F047002342F23101FFF7D2
S315080414E01CBB3246D4E7227863F303022270EEE784
S315080414F0B8F1000FE3D0EAE7227863F30712F5E7B9
S31508041500F8B5DDF723FA83790C33C418B4F8030065
S31508041510E1F7D4FF0546002844D06279E37902F05E
S31508041520010602F00207C2F3400282F00102A17921
S3150804153002F0010286F00100FFF76AFFA0BB284605
S3150804154001F07EFC034636BBA279017802F00F024D
S3150804155062F307110170CFB9E279197802F00F0224
S3150804156062F303011970CEB9217A5A78284661F3D1
S3150804157003025A70DEF766F90446DDF7EDF92246EA
S31508041580BDE8F84042F23201FFF7ECBA017862F39B
S3150804159003011970E8E7002FDED0E5E7197862F34E
S315080415A00711F6E70224E8E71124E6E77047012065
S315080415B070470120704770470120704713B5DDF75F
S315080415C0C5F983790DF10701184400230F308DF806
S315080415D00730FFF7EEFF0446DDF7BEF9012322467E
S315080415E04FF63241FFF799FADDF7B6F983791844CD
S315080415F09DF80730837402B010BD10B5DDF7A6F95F
S3150804160083791844C07BFFF7D2FF0446DDF7A4F9B3
S315080416102246BDE8104000234FF63441FFF77DBA51
S3150804162010B5DDF793F983790C3318440379012B44
S3150804163012D98279911C8B420ED3C11DC078FFF74B
S31508041640BBFF0446DDF788F92246BDE810400023AF
S315080416504FF63A41FFF761BA1224F3E738B5044660
S3150804166002F0B0FB054658B9C820DAF76FFFC8225E
S3150804167002212846DBF708F88442A8BF044624B2A8
S315080416802046DAF763FF02F09DFBBDE83840C8221E
S315080416900221DAF7F9BFB0F90020B1F900302DE9D3
S315080416A0F3479A4204460D464BDC09F08FFE804602
S315080416B0E2F75CF9002841D1DAF7FAFF824602F02C
S315080416C081FBC8220221DAF7DFFF0DF10601814604
S315080416D001A8DAF721FF47F6FF73B5F900209A4205
S315080416E004BFBDF806202A80B4F900209A4204BF34
S315080416F0BDF804302380B5F90000FFF7AFFF0746AD
S31508041700B4F90000B842C4BF38462780DAF76EFF3A
S3150804171002F0F2FF064660B15046DAF767FF48461C
S31508041720DAF714FF404609F04CFE304602B0BDE82D
S31508041730F087DAF7BDFF20802F80F3E741F20C0625
S31508041740F0E72126F1E708B5DAF71AFF002008BD05
S3150804175030B190FAA0F00123B0FA80F08340D8B2F1
S31508041760704770B5064601F0BDF8C0F3801484F0DE
S31508041770010402060546E4B206D40821304601F0FF
S315080417807BFD44EA4004E4B2EB0506D40B2130465B
S3150804179001F072FD44EA8004E4B2204670BD4B1E93
S315080417A0032B10B50C4601D8032902D10023184689
S315080417B010BDFFF7D6FF04EA00038443F6D1F6E723
S315080417C02DE9F743044688461646019301F08AF83C
S315080417D0C0F34015204601F033FB214681462846CE
S315080417E001F071F8074606B32046E1F77FFE804606
S315080417F0204601F028FB32460146019B1FFA88F071
S31508041800DDF750FF2146284603F0B0FE2021204686
S3150804181001F06EF857E8003F43F4805347E8003276
S31508041820002AF7D103B0BDE8F08301A806F0A3F9AE
S3150804183099F80110404601F00F0101F053FE2A46BB
S31508041840062814BF01463146204601F079FAD9E73D
S31508041850032970B506460D4614460CD0042919D03A
S31508041860012915D1222101F082F82846314603F0D0
S31508041870ADFE002070BD136812791B680021FFF7BE
S315080418809FFF00222368314601201A6003F09EFE5A
S315080418900120EFE713680C221B68EFE7012910B54E
S315080418A004460CD101F01EF82146C0F3401001F09D
S315080418B00AF80023817C1A462046FFF781FF012097
S315080418C010BD2DE9F7430F46054601F00BF800F065
S315080418D02009C0F34018284601F0B2FABB7900780B
S315080418E00C333B445E789B7800EA10101E40304067
S315080418F0FFF72EFF044648B9B9F1000F06D128466A
S31508041900FFF72FFF3040FFF723FF0446284601F070
S315080419109AFAE3F749F9A04223D01CB302212846D0
S3150804192001F028F800210646284601F0EAF81821AD
S31508041930384603F092FD384603F080FDB6B23946C0
S3150804194044708470A0F80360284603F06CFD2346AF
S315080419502246294640460096DDF7F8FE03B0BDE860
S31508041960F08300242646E2E770B504460D4603F0E4
S315080419705DFE28B929462046BDE87040FFF7A1BF99
S31508041980402829462046BDE870404FF0160314BF88
S315080419902A222322E4F7F8BB38B505460C4600F09C
S315080419A0A1FF830604D42046BDE83840F0F746BCB8
S315080419B021462846BDE83840FFF783BF2DE9F341A1
S315080419C08C7906460C340C440D4600F08BFFA1783E
S315080419D007463046FFF7E3FE617880463046FFF750
S315080419E0DEFEB4F8032003460092C7F340104246CD
S315080419F03146DDF7ABFE284602B0BDE8F041F0F704
S31508041A001DBC08B58B790B441B7B162B03D0172BEF
S31508041A1005D0002008BDFFF7A7FF0120FAE7FFF766
S31508041A20BBFFFAE708B58B790B441B7B162B03D04F
S31508041A30182B05D0002008BDDDF722FF0120FAE7A0
S31508041A40FFF7BCFFFAE77047022810B50C4608D022
S31508041A5003280ED0012811D1BDE810400846DEF748
S31508041A60CFBBE0F769FA844208D1BDE81040DAF73B
S31508041A7067B90846BDE81040DEF7B6BC10BD0023BA
S31508041A8037B505460C4601A841210193DAF76CFBE4
S31508041A90019830B1DFF736FC072805D001A8D9F735
S31508041AA075FE002003B030BD2A4620460199DEF7AC
S31508041AB085FDF7E7532810B50C4608D10320FFF730
S31508041AC0DEFF40B92046BDE81040DEF78DBCBDE810
S31508041AD01040DFF73FB910BD512838B504460D4606
S31508041AE00ED0532810D055384FF0010118BF0120E5
S31508041AF0DFF7FAFA29462046BDE83840DFF72AB95F
S31508041B00BDE83840DFF7D6BD0420FFF7B8FF10B9A3
S31508041B102846DEF769FCBDE8384001210846DFF7A8
S31508041B20E3BA022805D0032805D0012806D1DFF731
S31508041B3037BDDFF725BD0020DFF770BC704710B14D
S31508041B40012803D070470120DFF768BC0020FBE7B3
S31508041B50F7B51F468B1E012B04460D46164605D9B6
S31508041B60032D1DD8DFE805F012181218FEF799FAA6
S31508041B700023CDE90004F01A18BF01201A46394695
S31508041B80FEF79FFA0028EBD1012003E0204601F076
S31508041B9007FD002003B0F0BD204601F011FDF3E770
S31508041BA0FF20F7E72DE9F0471D4600239146044632
S31508041BB0DDF820A00F460AF10E01C380C9B205F06C
S31508041BC0B1FFB9F1000318BF0123A6790AF10C0A7B
S31508041BD00C3604EB060888F801A005F00F0545EA5B
S31508041BE0C315A35D4A4603F040031D439DF824101C
S31508041BF03B46A55508F10200FFF7AAFFA35D60F36B
S31508041C008613A3553B68C8F80830BB88A8F80C3077
S31508041C10BDE8F0872DE9F0410F460446242118460D
S31508041C201E4615469DF8188001F06AFEC319B8F1D8
S31508041C30000F37D1033E012E94BF0322022240F23D
S31508041C407126520006FB023342F210726089410083
S31508041C507143A1F2E2469642A8BF16466A1A921B37
S31508041C60D21A002AC2BFB2FBF1F202FB0112AD1A64
S31508041C70EA1A09D55242B2FBF1F707FB011C01FB2C
S31508041C801722654402B96D1AEB1A8B4240F2E247F1
S31508041C900AD8B3FBF7F3022298B2E27120812846E8
S31508041CA0BDE8F0810122CAE75B1ABB42B8BF3B46CE
S31508041CB0B342A8BF3346B3FBF7F107FB1133CAB2E5
S31508041CC0002BEAD00132D2B2E7E7C0F3845303EB20
S31508041CD0830300EB830080B27047F8B500231360D2
S31508041CE0047D05468068FFF7F0FF14F008070346ED
S31508041CF003D00B446B600120F8BD6E68701AB0EB14
S31508041D00030CF8D514F001000AD1D5E90374E41BD1
S31508041D1014EB0C0FF0D419448E1B16606960EAE7BD
S31508041D203846E9E710B50446DFF72CFF6168E06931
S31508041D30DFF7C2FFBDE8104001F070BC38B50C46A9
S31508041D40C94301F001010546DFF7F6FFA30702D4EC
S31508041D50E869DFF7DBFFBDE8384001F05FBC10B582
S31508041D600446DFF7E9FF2046DFF70CFFBDE810401D
S31508041D7001F054BC007D00F0010070470120704753
S31508041D8007B5036801A80193F0F788FB03B05DF86B
S31508041D9004FBF0F7AFBB10B51C2200210446FDF77F
S31508041DA043FF48F20403A36010BD01F019BCFFF712
S31508041DB072BCFFF736B8E1F7CDB82DE9F04F85B018
S31508041DC09146139A8A46B2F900201D4600920022CB
S31508041DD09DF83830139901930A809DF84830826932
S31508041DE002930446DDF840B09DF850309DF85860DB
S31508041DF09DF864809DF86870002A40F0F58005F027
S31508041E001C021C2A00F0D680EA0617D405F0030241
S31508041E10032A08BF05F0FD0505F0F705002220464C
S31508041E20A16A0393E1F7E0F840F2712202FB09F292
S31508041E309042039B08D941F24500B8E0012605F013
S31508041E401403142B3346E9D1A80608F0FD0248BF4B
S31508041E5005F0FC05012A00F0B380B8F1020F08BFAB
S31508041E604FF004089A0784F8698000F1AC80580793
S31508041E7040F1AB80B8F1030F14BF0321042107F026
S31508041E80FD03012B84F8741000F0A180022F08BF0B
S31508041E900427B20784F88E7000F19B80760740F118
S31508041EA09A80032F14BF032304230020009A84F87E
S31508041EB08430DAF7E9FB0646A4F85400E80600F18C
S31508041EC08C8001F07FFF009A94F88410DAF7DCFB23
S31508041ED0A4F85400139B3146188004F16C00FEF7ED
S31508041EE082FB47F6FF7104F17C00FEF77CFB94F84D
S31508041EF08410606CFEF7BCFBFF22236A84F85A2020
S31508041F009DF8602023F09F0343EA021305F01802A4
S31508041F10182A08BF43F08003690723F0600309D42D
S31508041F20029A02F0010243EA4213029A920748BF50
S31508041F3043F04003A4F85050236204F16202BBF153
S31508041F40000F4CD0DBF80010C4F86210BBF804107C
S31508041F5091809DF83C20012A02D143F004032362B0
S31508041F60019B03F0FD03012B02BF236A43F001031F
S31508041F702362019B023B012B9EBF236A43F00203A3
S31508041F802362FEF775FA9DF85C30C0F30B0040EA4D
S31508041F9003309DF84430A4F88C00A4F84CA02046DD
S31508041FA0A4F84E9084F8583000F06BFB002005B076
S31508041FB0BDE8F08F01264FF0060A3346D14643E7BB
S31508041FC04FF003084EE7022159E7012157E7032793
S31508041FD05FE7022369E7012367E730467AE7C4F82F
S31508041FE062B0A2F804B0BBE741F20C00DFE72DE9C2
S31508041FF0F341884617460446019338B901A805F003
S31508042000BAFD41F2420002B0BDE8F081012926D0AA
S31508042010022906D079B101A805F0ADFD41F20C00FC
S31508042020F1E7406C0028F6D01946FEF723FB88B181
S3150804203040F48050E7E7836973B900F128054FF443
S315080420400076B4F85030D80613D5590722D501A816
S3150804205005F091FD0020D6E700F13005EFE7836926
S3150804206023B900F12C054FF48066EAE700F134053C
S31508042070F9E79A0708D5B8F1000F05D101A805F0C4
S315080420807AFD41F21200BEE713F0120F02D1B8F13D
S31508042090010FF3D0236AF80723EA0603236202D55D
S315080420A0284605F068FD019921B1284605F0C8FDC2
S315080420B000230193286805F0B8FDB4F85030D90612
S315080420C005D51F2801DC032F18D02846D7E740F288
S315080420D07262904205DD284605F04DFD41F207007F
S315080420E091E7B8F1000F09D1BF2807DD9A0705D093
S315080420F0284605F040FD41F2450084E72046D4E928
S315080421000C12E0F771FFA36983B140F27122B4F8A7
S315080421104C305343984209D9B4F84E308342E7D336
S3150804212000F51C70B0FBF2F0A4F84C0009F04EF967
S31508042130A369054673B1BB070CD5236A33432362E7
S315080421406368C3F57A76D9F7DFFEF04202D52046EE
S31508042150DFF7F8FE284609F034F97BE783693BB1D3
S31508042160B0F85030DB070FD490F85930FE2B0BD05B
S31508042170036A43F4005303620B68C0F85B308B8828
S31508042180A0F85F300020704741F20C00704738B55C
S31508042190044609F01BF9002105462046E0F794F9A0
S315080421A030B1B0F85040284609F00BF9204638BD3E
S315080421B00446F8E7A0B1CB0742BF036A43F4805349
S315080421C003628A0742BF036A43F4804303624B07E8
S315080421D001D400207047036A43F400430362F8E716
S315080421E041F242007047A0B1CB0742BF036A23F409
S315080421F0805303628A0742BF036A23F48043036257
S315080422004B0701D400207047036A23F40043036292
S31508042210F8E741F24200704700B14164704770B56F
S31508042220044609F0D3F8002106462046E0F74CF99F
S31508042230054628B90024304609F0C3F8204670BD7F
S31508042240406C30B9A86C0028F4D0FEF742FC04466A
S31508042250F1E7FEF707FA04460028ECD1F2E773B56E
S3150804226090F88D500446806C0E462D09A0B1D4F81A
S315080422708830009304F17C030ECBFEF733FCA26985
S315080422802B46003A18BF01223146A06CFEF723FC00
S315080422900546284602B070BD606C38B12A46FEF77A
S315080422A0E3F90546204600F0AFF8F2E741F20C05DB
S315080422B0EFE7F8B51F46B0F8503004469B060D46BE
S315080422C0164625D4406C18B9FEF7CAF9606410B3EB
S315080422D0FEF7C4F960B93B4632462946606CFEF7F8
S315080422E0C6F9606C94F88410FEF7C2F90020F8BDAC
S315080422F0606CFEF7B3F9002201462046E0F774FE47
S3150804230040F2712169438842E5D941F24500EEE776
S3150804231041F21200EBE741F20700E8E700B1406C2E
S31508042320704700B1806C704700B18164704708B586
S3150804233000F037F9FEF775FDBDE808404FF4805004
S315080423400021E2F79BBE0846896BE0F79FBD10B5EE
S31508042350044609B1012010BD406C80B9A06C98B937
S31508042360B4F850309B07F5D12046DFF781FFFEF716
S31508042370BEF80028EFD0C079C0F34010EBE7FEF7AB
S3150804238071F90028EAD0E5E7FEF7A3FB0028E7D0B1
S31508042390E0E710B50446FFF7DAFF002814BF182053
S315080423A00020B4F85030990658BF40F001005A0688
S315080423B048BF40F040005B0748BF40F0020010BD2C
S315080423C038B50C4600210546FFF7C1FFD0B9E0062B
S315080423D015D504F0180095F87430012B11D12B6A21
S315080423E0B5F85020190444BF02F04001084312F01E
S315080423F0230F06D15B0448BF40F0010001E004F056
S315080424005B0038BD1820E6E7026A42F400620262FD
S31508042410DFF798BD2DE9F04705468A4611469046EA
S315080424209946FFF7B6FF95F884600746042E04D14B
S3150804243095F88E30032B18BF032695F87440042CA0
S3150804244004D195F86930032B18BF03243946284666
S31508042450FFF7B6FF0021E3F7AFFAC11C204601F0E7
S315080424604FFA4FF4FA730AF1FF345C43A5F85200A5
S31508042470FB0680B20AFB00440AD5B5F8503003F0CF
S315080424800303012B07D0022B1CD004F548747BB137
S315080424902046BDE8F0872421304601F031FA1021A0
S315080424A00546304601F02CFA04F58A642C440444A3
S315080424B0404605F0BAFB31460246384601F058FB59
S315080424C00444E5E70E21304601F01AFA0546484663
S315080424D005F0ABFB04F58A6402463146384601F03A
S315080424E047FB2C44ECE7032810B50C460DD004D85A
S315080424F0012810D0022813D010BD552818D0562804
S31508042500FAD10B7D23F008030B752046BDE810406D
S315080425100021E0F75DB90846BDE81040E0F74EBB78
S31508042520DFF70AFD8442E7D1BDE81040D9F708BCB5
S315080425300846BDE81040E0F71FBB51280B4603D1F7
S3150804254001211846E0F744B9FFF7CDBF512802D157
S315080425500846E0F711BBFFF7C6BF532810B50C466B
S3150804256017D008D8322814D051280CD02146BDE8F3
S315080425701040FFF7B8BF5528F8D12046BDE81040EB
S315080425800121E0F725B90120BDE81040497DD9F7B6
S31508042590DDB92046E0F77CFB10B1D9F7D1FBECE7AF
S315080425A010BD704738B5044608300D46E3F70CFCF1
S315080425B0DFF7C2FC844202D12220E2F715FC85F03B
S315080425C0010100252046FFF7B9FBE06BA56110B1B0
S315080425D0E1F730FAE56304F14000BDE8384005F058
S315080425E0CABA70B590F859300446FE2B09D15B3047
S315080425F000F0E6FF00F0DDFF18B1236A43F4005348
S31508042600236242F20103256A2B40012B36D0A9071F
S315080426102BD5C5F3800504F1620600223146284607
S31508042620FDF74CFD002184F85A00FDF75BFD0022F6
S3150804263031462846FDF747FD18B194F95A00002893
S3150804264015DA236A23F002032362B4F85030DA0752
S315080426500BD59B0709D4012231462846FDF733FDDD
S3150804266018B1236A43F008032362002070BDB4F846
S31508042670501001F00101FDF735FDE6E741F21200BD
S31508042680F4E738B5044608F0A1FED4E90A1205466B
S315080426902046E0F7A9FCB4F84C10B4F84E20E060E4
S315080426A0521A40F2712101FB020303F59C530833C5
S315080426B028462361BDE8384008F083BE036A10B58E
S315080426C0044613F4606023D09A0507D504F128005C
S315080426D005F051FA236BA36200232363236A5B057F
S315080426E007D504F12C0005F046FA636BE362002370
S315080426F06363236A204623F460632362FFF7C1FFFA
S315080427000120B4F88C305A1C62F30B03A4F88C30FD
S3150804271010BD036A0B4303624FF0805000F07CBF80
S3150804272010B5044619B390F856208AB190F8573074
S315080427300133DBB29A4280F8573009D10121FFF7F9
S3150804274031FF4FF480312046BDE81040FFF7E1BF62
S31508042750236ADA050BD5636A62689B1A002B06DAC4
S3150804276001212046FFF71EFF4FF48021EBE7236A79
S315080427701B0624D4FDF77CFE1123B0FBF3F394F96E
S31508042780682003EB0313C01A83B212FA80F01028E8
S3150804279088BFC3F110035BB2083A1A4484F8682068
S315080427A040F27121B4F84C2020461A44636801FBB0
S315080427B0023301216360BDE81040FFF7D0BA002355
S315080427C0EEE7C94350E8003F0B4040E80032002AD0
S315080427D0F8D1704738B505460C4601F0F5FA20B12C
S315080427E049F640439C4228BF1C46EA68A2420BD2DB
S315080427F040F27121B5F87E304B43934238BF1346F5
S31508042800A34228BF23461A462A6138BD826A03466C
S3150804281012F4007F00F1480005D0D3F82821B3F854
S315080428204010E3F783B993F87310E3F775B90020FA
S3150804283070477047002070470020704770477047FC
S3150804284000207047002070477047704770477047EC
S315080428500020704700207047704700207047012009
S31508042860704701207047C82070470020704770479A
S31508042870012070477047704790F8892010B5531C9B
S3150804288003F00F03072B28BF0023044663F3030250
S31508042890034480F8892083F8821090F889306F2BD6
S315080428A04FEA13129EBF013262F3071380F8893088
S315080428B0FFF7E1FF204694F8301101F01DFD10BD25
S315080428C070477047704710B101F1B000704701F1C5
S315080428D0D4007047F8307047806A7047836A0B43A0
S315080428E083627047C06A7047C36A0B43C362704702
S315080428F0C36A23EA0103C362704700F59C707047F4
S3150804290090F8891008B50F2904D90909823003F00B
S31508042910C8FA08BD7F20FCE770B540F2712606FBAD
S3150804292001F345685643826A1D44D2070446456046
S315080429300ED500F14405294690F84220E3F7A2FA99
S31508042940334629462046BDE87040012202F0E4BC1D
S3150804295005EB5605456070BDD0F8A40000B970476C
S3150804296043799B0701D40068F8E70120704780F88B
S315080429707B10704738B504460D46E0F7B7FD80B2BC
S31508042980FFF75AFF80B14288022DB4F8400011D0EF
S31508042990032D0BD0012D06D1A38FA26B1B01B3FB0C
S315080429A0F2F3184480B238BD0122EDE74FF47A43B6
S315080429B0A26BF4E7E38F5B00073313FB0200F1E72E
S315080429C038B5044602F0ACFE04F1A40005F0D3F8C9
S315080429D004F1A80005F0CFF804F1AC0005F0CBF833
S315080429E02046E0F783FDC4B22046FDF77AFD054686
S315080429F02046FDF778FD01462846FDF771FD38BDEA
S31508042A00B0F8343110B5A0F832310446E0F76EFD5B
S31508042A10C0B2FFF728FF94F8303194F8312104F155
S31508042A20480101F0CAF9014604F59470FDF7DBFD87
S31508042A30B4F93221B4F934319A4209D0A36ADB04D1
S31508042A4006D52046BDE810404FF40041E0F764BDC2
S31508042A5010BD806B7047836A0A4600F14801C3F3C8
S31508042A604020E3F715B870B504460E4615463AB93C
S31508042A70A36A23F440534EB9A36255B9002004E06F
S31508042A80E3F720F90028F3D1112070BD43F48053ED
S31508042A90F2E743F40053A362F0E72DE9FF41836AA2
S31508042AA00446DB0428D5B0F93481B0F93271002024
S31508042AB0D9F7FEFD8045CCBF0025012501F082F932
S31508042AC0C82294F83011D9F7DFFD06462046E0F708
S31508042AD00DFDB045B4BF00260126002345EA460588
S31508042AE0CDE90085A8EB07073FB202971A4694F882
S31508042AF0301180B2FEF7BCF804B0BDE8F0818A3024
S31508042B007047F8B504460E4600295BD040F2712397
S31508042B10876B30465F43A7F28A277F08394600F059
S31508042B20F6FC94F89230851FADB29D42394630467C
S31508042B30A8BF1D4600F0EBFC94F89320831F9BB2B4
S31508042B409342A6F10300A8BF13460128B4F88A10D5
S31508042B50B4F88C202BD8B1F5296F44F29020B8BF6D
S31508042B604FF429618142A8BF0146B2F5296FB8BF5F
S31508042B704FF429628242A8BF02461B2DB8BF1B2503
S31508042B801B2BB8BF1B23304684F8953084F8945021
S31508042B90A4F88E10A4F8902000F0B9FC831F9BB209
S31508042BA0AB42A8BF2B46DBB284F89630F8BDB1F524
S31508042BB0A47FB8BF4FF4A471B2F5A47FB8BF4FF48D
S31508042BC0A472DAE71B23EFE72DE9F341876B490083
S31508042BD089B28F42044616461D463FD040F27122FA
S31508042BE04368816302FB073302FB11334360E0F752
S31508042BF07DFC4FF0000887B2334642460121384629
S31508042C000195CDF80080FFF71FFE3846FFF724FE2E
S31508042C1041463846FFF719FE0123E28FB242A28FD6
S31508042C201CBF0123E687AA42A26A1CBF0123A58703
S31508042C30D20700D5A3B1A38FA26B1B01B3FBF2F392
S31508042C40204694F83011A4F8A030FFF75AFF04215F
S31508042C50204602B0BDE8F041E0F75EBC0023DCE79D
S31508042C6002B0BDE8F081F0B585B004460E466A4662
S31508042C7000F18A0300F19207154618685968083363
S31508042C8003C5BB422A46F7D11868314628609B8893
S31508042C902046AB80FFF735FF9DF80B2094F8953056
S31508042CA09A4211D1BDF80620B4F890309A420BD155
S31508042CB09DF80A2094F894309A4205D1BDF8042068
S31508042CC0B4F88E309A4207D04FF48141204605B0B5
S31508042CD0BDE8F040E0F720BC05B0F0BD37B50446C2
S31508042CE094F89250BDF818008D420BD1B4F88A5066
S31508042CF0954207D194F893509D4203D1B4F88C5069
S31508042D0085421BD08DF80610ADF80420019D84F881
S31508042D10921084F89330A4F88C0094F83011204665
S31508042D20C4F84051A4F88A20FFF79DFFB4F88E3002
S31508042D30A4F88A30B4F89030A4F88C3003B030BDC7
S31508042D4070B5044616460D4671B190F830318B427B
S31508042D500AD00126012201F09DFB002229462046BD
S31508042D6001F058FB84F83051204694F83011FFF7E7
S31508042D707AFF36B12046BDE870404FF48441E0F747
S31508042D80CBBB70BD30B4C56A15F0040F0DD145F040
S31508042D900405C56280F89E10A0F89A204FF40061D5
S31508042DA030BCA0F89C30E0F7B7BB30BC704710B510
S31508042DB011B190F89E400C7012B1B0F89A101180B7
S31508042DC013B1B0F89C201A8090F82C00C0F3800048
S31508042DD010BDCA0742BF836A43F4807383628B07B4
S31508042DE042BFC36A43F04003C3624A0742BFC36A89
S31508042DF043F08003C3620B0742BFC36A43F480737C
S31508042E00C3627047CA0742BF836A23F48073836226
S31508042E108B0742BFC36A23F04003C3624A0742BF13
S31508042E20C36A23F08003C3620B0742BFC36A23F451
S31508042E308073C3627047836A43F48063836270470E
S31508042E4000F5A270704790F830017047F8B504464B
S31508042E5008F0BCFA65680646D9F756F82B1AB3F58E
S31508042E60FA7304D53046BDE8F84008F0AABA40F229
S31508042E707122A16B94F874505143B3FBF1F3B4F87F
S31508042E80402098B2121AA4F8402094F8732000FB44
S31508042E901522252592FBF5F705FB1722002AB8BF4C
S31508042EA0521984F87320B4F8A020121AA4F8A020A2
S31508042EB0626800FB1122002120466260FEF74FFF7C
S31508042EC0D0E7F0B5036B04469D0790F87B6087B09E
S31508042ED001D5FFF775FD236BD90700F14D81236BE7
S31508042EE09A0411D52046E0F701FBA16AC0B2C1F3E2
S31508042EF04021FDF798FE002800F063814FF4005145
S31508042F0004F13000FFF75DFC236BD80409D50021D2
S31508042F102046E0F7F7FF4FF4805104F13000FFF73D
S31508042F2050FC236B590513D52046E0F7DFFA002336
S31508042F3094F89F50C2B219462846FEF78EF900281F
S31508042F4000F03F814FF4806104F13000FFF739FC4B
S31508042F50236B5A0712D52046E0F7C8FAA16BA38F4C
S31508042F60E28FC1F34F0180B201F062FF002800F03E
S31508042F702881042104F13000FFF723FC236B1B0787
S31508042F800AD5204602F0DFFD002800F01A81082140
S31508042F9004F13000FFF715FC236BDF0617D520462E
S31508042FA0E0F7A4FAE16A80B211F4805100F01C81BA
S31508042FB0002101F0D2FF002800F00381E36A102102
S31508042FC023F48053E36204F13000FFF7FAFB236B22
S31508042FD05D0613D52046E0F789FA94F87B3080B26B
S31508042FE00093D4E9082301F09BFF002800F0E98048
S31508042FF0402104F13000FFF7E4FB0026236B180593
S3150804300016D52046E0F772FA00230093B4F89C30EC
S31508043010B4F89A2094F89E1080B2FDF7BEFD0028F5
S3150804302000F0CF804FF4006104F13000FFF7C9FBCC
S31508043030236B13F480452FD1990513D52046E0F761
S3150804304055FA2B462A4694F8301180B2DCF72AFB47
S31508043050002800F0B6804FF4007104F13000FFF741
S31508043060B0FB2E46236B1A0616D52046E0F73EFA21
S31508043070B4F8903080B2009394F89530B4F88E2062
S3150804308094F8941001F09BFF002800F09A808021A0
S3150804309004F13000FFF795FB236B9B0610D52046F9
S315080430A0E0F724FA94F87B1080B201F06DFF00284B
S315080430B000F08780202104F13000FFF782FB002608
S315080430C0236BDF0508D504F130004FF48071FFF750
S315080430D078FB204602F03EFB236B1D0408D504F159
S315080430E030004FF40041FFF76CFB204601F04FF81F
S315080430F0236B580308D504F130004FF48021FFF7F9
S3150804310060FB204601F0CBFA236BD90308D504F1FA
S3150804311030004FF48031FFF754FB204601F038F9AC
S31508043120236B9A0308D504F130004FF40031FFF7F6
S3150804313048FB2046FFF79EFB236B9B0718D5002206
S3150804314020461146FFF794FB2046FFF793FB2046DB
S31508043150E0F7CCF994F87B1080B201F0D5FF80B380
S3150804316004F130000221FFF72CFB2046E0F762FC4D
S31508043170012084F87B6025E0A76AFB07C7F380353E
S3150804318022D5002D0CBF012503252046E0F7AEF90C
S3150804319094F89F30294605930023049394F8423003
S315080431A0C7F340020393A38F80B20293E38F01937C
S315080431B0A36BC3F34F03009304F1750301F058FEA0
S315080431C020B9002007B0F0BD6D00DEE7012104F147
S315080431D03000FFF7F6FA50E8003F43F4005340E89E
S315080431E00032002AF7D17AE601F0CEFEE3E608B506
S315080431F0022004F0E8FD28B9BDE808404FF08060D5
S31508043200E1F70EBFBDE8084001F05ABF826A002103
S3150804321022F0C0028262E0F775BE012310B5A1F15F
S315080432202002C1F1200423FA04F403FA02F2224329
S315080432308B40D0E9084123400A40134314BF0120B8
S31508043240002010BDC36A10B5044613F0080012D056
S315080432500123A1F12002C1F1200023FA00F003FAA8
S3150804326002F202438B40D4E9080103400A4013439F
S3150804327014BF0120002010BD10B50C46C9B2FFF7D3
S31508043280E1FF70B1E1F7BCFFC4F12002A4F1200309
S31508043290E04001FA02F2104321FA03F3184300F05E
S315080432A0010010BDD0F849300B6090F84D300B7111
S315080432B0704770B504460E46E2F7EAFF08F086F84A
S315080432C005460221204684F87B60E0F725F9204666
S315080432D00121FEF733FD2846BDE8704008F071B8B1
S315080432E070B50D46044608F071F806462046E0F720
S315080432F097F8304608F065F829462046BDE8704038
S31508043300FFF7D7BF0B68C0F84031704738B540F6A9
S315080433104805D0F840310C460B609BB2AB4204D941
S315080433200B21FFF7A9FF08B9258038BD44F290237D
S315080433302380FAE708B5E0F73BFA01F0ECF900F068
S3150804334073FD02F02EF8E3F789FCBDE80840E3F7BD
S3150804335005BD38B5E0F7B2F88B7905460C33CC18B9
S31508043360D0F84930C4F81B3090F84D30E377836AB7
S31508043370C3F340235B00E375836B5B08E380D0F8F3
S315080433802831A360FFF742FAD5F82C31A075E3601B
S3150804339095F830316376A376B5F84030A38295F86C
S315080433A0743023766B68236195F8423084F82030AC
S315080433B0AB8FA4F8213038BD38B50546FDF791F82A
S315080433C004462846FDF78FF8214602460220FDF7F3
S315080433D09FF838BD7FB50646154668461022FCF7A1
S315080433E023FC0024AC4202D3002004B070BD102292
S315080433F06946304604F01CFE80B2102802D1103407
S31508043400A4B2EFE741F20700EFE72DE9F8430746D0
S315080434100E46154698469DF82490FDF76AF8044624
S3150804342020B96DB341F21100BDE8F883002D14BF2D
S3150804343001220022837A62F30413837220D0414660
S315080434402846FDF760F80028ECD1A9F10203402BC1
S31508043450E8D8A37A9DF82020494662F30303204658
S315080434600A9A257184F80580A372FDF735F810B118
S3150804347040F48050D8E70120FDF72BF80028F7D14F
S31508043480022047F6FF733A463146E1F7AFF9E1F70A
S3150804349097F90020C8E700230384704790F8203082
S315080434A090F82120981AC0B2704710B590F82030C9
S315080434B090F821205C1C9A1A80F8204003F0070330
S315080434C040F82310D0B210BD90F82130194401F009
S315080434D0070150F82100704790F82130013380F82D
S315080434E021307047022808D0042803D0012818BFC1
S315080434F00620704701F00101C81C704710B50C4638
S31508043500E1F768FB0279408804FB020010BD10B598
S315080435100C46E1F75FFB4388A3429BBFE41A037991
S315080435200020B4FBF3F010BD37B50446D9F736F9D5
S31508043530002301A80193D8F7A9FB054640B9A36857
S31508043540322043F00403A360019B2362E1F74CFC99
S31508043550284603B030BDE1F767BF38B50546E1F73D
S3150804356091FF044607F032FF2B68A360AB88A3815A
S31508043570A37943F00103A37107F023FF012038BDA3
S3150804358038B50C460546E1F77DFF014605B1083115
S3150804359006222046FCF71FFBB0FA80F0400938BD26
S315080435A010B50446E1F76EFF036823608388A38099
S315080435B010BD08B5E1F766FF807900F0010008BD83
S315080435C010B50446E1F75EFF836823608389A38008
S315080435D010BD08B5E1F756FF08B10023837108BD8D
S315080435E070B50E461546E0F709F9044648B930465B
S315080435F0DEF7D4FF044620B92846E2F725F904463F
S3150804360040B10020E0F7FAF80020DEF7C7FF0020F3
S31508043610E2F71AF9204670BDC3F784BB4FF40010CD
S31508043620C3F780BB014608B5E1F7F0FD022909D0C6
S3150804363003D84B1E5842584108BD0339012904D9F9
S315080436400020F9E7C0F34000F6E7C0F38000F3E78B
S31508043650112808B502D0122805D008BD1320BDE8E4
S315080436600840E1F7C1BBE1F771FEE1F703FFE1F7B3
S3150804367057FC1420F3E7E1F763BB08B5E1F7F2FE5C
S31508043680E1F718FEE1F712FBBDE808401120E1F75F
S31508043690ABBB132808B502D0142809D008BDE1F736
S315080436A0F1FEFFF758FFBDE808401220E1F79CBB7E
S315080436B00020E1F733FBBDE80840EEF7ABBF7047DF
S315080436C083790C33184470477047002337B504468A
S315080436D001250193204601A904F00CFD08B903B09D
S315080436E030BD01982A468379C1790025C91A0C3355
S315080436F0C9B21844D8F726FDECE70B7810B4047859
S31508043700C3F38013B3EBD41F09D132B902310622AD
S315080437105DF8044B0830FCF75EBA0431F7E74FF05E
S31508043720FF305DF8044B704729B143780C2B14BF5E
S31508043730FF2003207047FF20704770B586B0044603
S315080437409DF828600B9D11B9FF2006B070BD62B9BB
S31508043750012204A90DF10F00FCF7BDFCD0B92046DF
S3150804376010F8021BC1F3801117E0002BF0D129468B
S315080437703046FCF79FFC0028EAD12378C3F380136C
S31508043780B342E1D106222946A01CFCF724FA0028F4
S31508043790DAD1DDE79DF80F1004A8E0F76DF90028E3
S315080437A0D2D10123218B00930846638BA28B01F0A7
S315080437B0CCFD0028C8D0627D531E072BC4D8238BA2
S315080437C09342C1D9E28A9A42BED8A37F5BB9E37F02
S315080437D04BB994F8203033B994F821301BB994F8CE
S315080437E022300F2BB0D994F823301B3303F01F0370
S315080437F00B2BA9D80520A8E71FB50023CDF80A3056
S31508043800ADF80E30D0E90023CDE900230389B0F9D9
S315080438100C00ADF80830D8F763FF6846D8F7C0FB44
S3150804382005B05DF804FB1FB5002300F00F008DF802
S315080438300A0001A801918DF808308DF809208DF841
S315080438400B300393FCF77CFE05B05DF804FB1FB54B
S31508043850CDE9001200228DF80B308DF8082000F00F
S315080438600F03C0F340128DF809208DF80C30C0F30D
S31508043870001243068DF80A2001D5D8F747F868469A
S31508043880D8F786F805B05DF804FB30B5002489B08E
S315080438900D9D8DF8081000950C9D079404A98DF8C4
S315080438A01C006846CDE90544CDF80A40ADF80E403B
S315080438B001958DF809200493D8F7C8F8012009B0B2
S315080438C030BD1FB50023CDE9003101238DF808303A
S315080438D0C0F340138DF80930C0F300138DF80A308D
S315080438E000F00F038DF80C3043068DF80B2001D534
S315080438F0D8F70CF86846D8F74BF805B05DF804FB1A
S3150804390010B50C4608B9D8F785FC2146BDE8104021
S31508043910FFF7F4BD431E032B88BF00207047F0B59C
S3150804392087B00E4617468DF8070002B9B3B3314679
S315080439309DF80700FCF7CBFB044680B931469DF891
S315080439400700FCF7CBFB38B9012587B9FCF7ACFBB4
S3150804395080F001000543ECB2204607B0F0BD012211
S3150804396004A90DF10700FCF7B6FB0546EDE79DF83B
S315080439700710003918BF01210CB105B104AE304651
S315080439800DF10F02E1F71EFF28B99DF80F40013427
S3150804399018BF0124E0E74FF0FF34F8E70124DBE71A
S315080439A083790C33C218937813F03F0004D0D37884
S315080439B01940081E18BF012070472DE9F7434FF038
S315080439C00009044686798DF807100C360321A0F8F9
S315080439D00690904687191D4604F0A4F8072224F891
S315080439E00690A35D18F0020F62F30303A355BA7891
S315080439F008F0010318BF43F0020363F387129DF826
S31508043A000730BA7003B935B1012220460DF1070112
S31508043A1004F094F80125BB7865F30503BB7003B07D
S31508043A20BDE8F08370B50D4602210446FFF7B8FFDA
S31508043A3000B3A07900F10C02A35CA11823F080035B
S31508043A40A354E379D5F862601B1AD8B20E5051FA1A
S31508043A5083F3B5F86610204699802B6A062113F07D
S31508043A600C0F1EBFA35C43F08003A354BDE870404B
S31508043A7004F058B870BD38B50D4604210446FFF75E
S31508043A808FFF30B12046A91D0122BDE8384004F055
S31508043A9055B838BDF7B504460F4616461D460DF10A
S31508043AA00701013301228DF8073004F0C1FA0DF13C
S31508043AB00701012220468DF8077004F0B9FA2A4650
S31508043AC03146204603B0BDE8F04004F0B1BA37B534
S31508043AD00D4604210446FFF763FF78B140F2FF233D
S31508043AE0ADF8003000238DF80230AB886A46ADF88D
S31508043AF00330FF2105232046FFF7CCFF03B030BD72
S31508043B0038B50D4608210446FFF74AFF30B1294661
S31508043B102046BDE83840022204F010B838BD2021FA
S31508043B20FFF73EBF37B50C4640210546FFF738FF79
S31508043B3050B10A2394FBF3F4012228460DF1070138
S31508043B408DF8074003F0FAFF03B030BD10B5847949
S31508043B50C37904F10C021B1B02390244D8B251FA88
S31508043B6083F353709378033860F30503937010BD99
S31508043B7070B505460E4600F06B0000211446E1F7C1
S31508043B801BFF54FA80F4FF2C05D821463046BDE8BD
S31508043B907040FFF7B5BEFF213046FFF7B1FE05F0CA
S31508043BA04005FC3D00F5487061190446FF2904EBFD
S31508043BB0000304D83046FFF7A3FE204470BD1C4614
S31508043BC02944F3E708B50231C0B2FFF799FE00F5B8
S31508043BD0FA7008BDF0B50546DDE905460020E07132
S31508043BE012F0100001D1A071F0BD0122A2718A78E9
S31508043BF05009C540ED0725D54D7802F01F0245EA60
S31508043C0002250A7891F9001025270029ACBF1E2140
S31508043C104FF49671694302F03F05B5FBF7FCB1F51D
S31508043C20FA7F0B442CBF0121022107FB1C550130E6
S31508043C3025716071E171236026B112F0400318BF43
S31508043C40052333700320CFE737B50246136A0846BF
S31508043C5003F0020403F48055DB0705D47CB9FFF7A7
S31508043C609FFC204603B030BD4CB9B5FA85F4D2F8AA
S31508043C705B1064090160B2F85F208280F1E7019065
S31508043C8092F95A30B5FA85F4009300231A46194670
S31508043C901846FCF716FA6409E3E770B50E460121DF
S31508043CA00446FFF77DFEA0B1A279E37902F10C057B
S31508043CB09B1A611951FA83F13046FFF7C5FF635D14
S31508043CC0062160F3861363552046BDE8704003F069
S31508043CD029BF70BD2DE9F04F064685B099469DF873
S31508043CE03830154603938A469DF83CB0109C04F078
S31508043CF060F80322B779039B0C3706EB070888F8A4
S31508043D00032008F10400A3B9BBF1000F1AD1FFF789
S31508043D1047FC5C4608F10A0BBAF1000F17D1BDB986
S31508043D20D9F80030C8F80A30B9F80430ABF80430CA
S31508043D3019E0BBF1000F05D134B12368C8F8043083
S31508043D40A38883800124E5E7FFF73AFCFAE725B35D
S31508043D50FCF7A7F901230021CDE9000B1A4608460A
S31508043D60FCF7AFF901250D214B1C88F80130F35DEA
S31508043D70A40103F00F0344EAC5141C43F455304662
S31508043D8088F80210033103F0CDFE0822F35D62F3CE
S31508043D900303F35505B0BDE8F08F0125C0E7CB084A
S31508043DA0C05C012301F007018B401840003818BF96
S31508043DB0012070477047704770470246194600202D
S31508043DC0D8F762BC0020704700207047704711205E
S31508043DD07047002102460846E1F75ABE07B5002196
S31508043DE04FF0FF336A46084600938DF80430E1F72E
S31508043DF04FFE03B05DF804FB38B50546006803F0CA
S31508043E00F9FD0446287900F01F0003F0F3FD204469
S31508043E10C0B2012894BF0020012038BD0C20704789
S31508043E200C2070470C207047704770B515460E462F
S31508043E301C46FEF74FFD2B684EB103606B68436062
S31508043E402368C0F825302368C0F8153070BD836030
S31508043E506B68C3602368C0F829302368C0F8193032
S31508043E60F4E770B50546FEF735FD044607F0AEFAE5
S31508043E70064640212846FEF731FD4FF400612846E0
S31508043E80FEF732FD304607F09CFA002328462361E4
S31508043E902375236284F82430FEF71EFD802310F070
S31508043EA0010F14BF237584F8243070BD10B5044679
S31508043EB0FFF7ACF92046BDE810401021DFF72CBB0C
S31508043EC010B504464FF46061FEF712FD2046BDE8BE
S31508043ED01040FFF79BB97FB506460C46FEF7FAFC79
S31508043EE04FF4C06105463046FEF7FEFC4FF4006108
S31508043EF03046FEF7FDFC4FF48060E1F7B9F8224638
S31508043F0070B969462846E1F719FC6B4605F11002B3
S31508043F1013F8011B02F8011DAA42F9D104B070BDB9
S31508043F206C4602F11006234610685168083203C32A
S31508043F30B2421C46F7D1E8E737B50D46ADF804207A
S31508043F40FEF7C8FC044600F12003024601992846F8
S31508043F50E1F720FB236A0133236223B994F824305A
S31508043F60013384F8243003B030BD37B50D46ADF8B7
S31508043F700420FEF7AFFC01990446024600F110033B
S31508043F802846E1F76FFB30B123690133236113B97E
S31508043F90237D0133237503B030BD013903291FD8A6
S31508043FA0DFE801F00209101712B190F90000704712
S31508043FB090F90100704712B190F90200704790F920
S31508043FC00300704712B190F90400704790F9050090
S31508043FD0704712B190F90600704790F907007047C8
S31508043FE07F20704770B505460124012221462846DC
S31508043FF0FFF7D3FF0022064621462846FFF7CDFFE2
S31508044000864205DC0134E4B2052CEED1104670BDB7
S315080440101220FCE70028ACBF05236FF004031844FC
S315080440200A2390FBF3F05843A3F5FF7300B29842B2
S31508044030B8BF1846C828A8BFC820704708B5C822FC
S31508044040D8F722FBBDE80840FFF7E4BF10B50446DD
S315080440504FF40050E1F70CF818B12046E1F7B0FD2B
S3150804406008B9002010BD0720FCE72DE9F74F814663
S315080440704FF400500E461746E0F7FAFF002849D0D9
S315080440804846E1F7BBFDF31E012B81BF012506F166
S31508044090FF33DBB29D40044698BF0C2580464FF09B
S315080440A000034FF0060240F2EC4B88BFEDB202FB68
S315080440B003FA14F80A1045FA03F000F0010021F097
S315080440C00C01013341EA800104F80A100020D9B230
S315080440D00193FFF7B3FFA8F802B0A8F8040014F890
S315080440E00A10019B21F0030104F80A10FF21042B8E
S315080440F088F801104FF0060208F10608D7D1002007
S315080441000437314627766083A083FFF797FFE08359
S31508044110A9F8320103B0BDE8F08FF8B504464FF4A8
S315080441200050E0F7A5FF70B32046E1F767FD0622C5
S31508044130054694F8303104F14801581EC0B202FB12
S31508044140005094F83121B0F90400FFF736FEFFF762
S3150804415061FF064607F03AF931460746EE8304F549
S315080441609470FCF740FAB4F93221B5F91E309A4234
S3150804417004D04FF400412046DFF7CEF93846BDE8AF
S31508044180F84007F01EB92046FEF73AFCF8BD2DE9BB
S31508044190FF4704464FF40050E0F76AFF002865D04D
S315080441A007F014F981462046E1F728FDB0F91E60A8
S315080441B00546B4F832710020A4F8326194F830A1A7
S315080441C0D8F776FA94F83031864294F831214FF0CC
S315080441D0C80004F14801B5F91E80A6EB0707CCBF51
S315080441E000260126FFF7E9FDFFF714FF6B8B8045D0
S315080441F0B4BF4FF000084FF001083FB2D3B901210C
S315080442000AF1FF3AB5F91E305FFA8AFA01FA0AF199
S3150804421048EA46020093C9B23B46204601F098FD97
S315080442202046FEF716FC830803F548724308B2FBDA
S31508044230F3F36B832046FEF74FFBC30410D52046E1
S3150804424046EA4806DFF752F902970196B5F91E3091
S3150804425080B20093002394F830111A46FCF708FD3F
S31508044260484604B0BDE8F04707F0ABB82046FEF769
S3150804427014FC04B0BDE8F08710B50C46E1F7BEFCA3
S31508044280447610BD10B54C1EE4B2032C07D8E1F7EA
S31508044290B5FC06235C43005DC0F3800010BD002016
S315080442A0FCE7F0B585B00646E1F7A8FC447E05466A
S315080442B004B30623013CE4B25C43035D1B0710D533
S315080442C03046DFF713F90027697E02232222CDE957
S315080442D00177009780B2FCF7CBFC2B5D67F3C30329
S315080442E02B554FF480213046DFF716F92B7E23F041
S315080442F002032B7605B0F0BD70B505464FF40050A1
S315080443000E46E0F7B5FE002841D021212846FEF7DF
S3150804431099FF00283BD02846E1F770FC0622731E55
S31508044320DBB25343C35C04465A0730D500212846FA
S31508044330FEF720FB238C984212D9C31A9BB2208419
S3150804434083B1A28B93428EBF0022D21A92B2A28361
S31508044350628B93428DBF0023D21A6283638301E082
S3150804436012D32084A38B93B92846FEF7BBFA4304D9
S315080443700DD428464FF48031DFF7CEF83146284667
S31508044380BDE87040FFF778BFC31A013BD6E770BD96
S315080443902DE9F8430746E1F731FC037E04465B073B
S315080443A033D40623467E06F1FF395FFA89F903FBFF
S315080443B009F900EB090831463846B8F90220E1F74D
S315080443C02DFC051E21D014F8093020DA13F0010F4C
S315080443D01BD13846FEF73DFB830803F548734008AE
S315080443E0B3FBF0F305EB8505A3836A00314638462B
S315080443F0B8F9043012B2E2F71BFD30B9F11E0129EF
S315080444009EBF237E43F002032376BDE8F88313F0A8
S31508044410020FDDE7F8B507464FF400500D46164679
S31508044420E0F726FE10B911263046F8BD2121384694
S31508044430FEF7F3FE0028F6D03846E1F7DFFB6B1EDD
S315080444400446DBB20EB9828B12BB062202FB034377
S31508044450294600223846B3F90430E2F7E9FC064651
S315080444600028E1D13846FEF7F4FA830803F54873C1
S315080444704008B3FBF0F3033D012DA3839EBF237EBF
S3150804448043F002032376237E23F004032376CBE743
S315080444902326C9E72DE9F34705464FF400500E468F
S315080444A01746E0F7E5FDA8B13146284677B1FFF788
S315080444B0E9FE78B92846E1F7A1FB06F1FF38032E91
S315080444C004465FFA88F808D1B1460CE0FFF7DAFE2D
S315080444D00028EFD102B0BDE8F087042E0CBF4FF0D8
S315080444E002094FF0FF09062303FB08F3E25C04EB19
S315080444F0030A67F38202E2543FB1207E314600F094
S315080445000100FFF79BFDAAF80400B9F1FF0F11D0CB
S31508044510062303FB09F3E25CE61867F38202E25416
S3150804452047B1207E09F10101C9B200F00100FFF785
S3150804453085FDB08022212846FEF76FFE0028C9D0E3
S315080445402846FEF7CFF90304C4D50123B9F1FF0FB2
S3150804455003FA08F10CBF002303FA09F349B218BF9A
S315080445605BB21943C9B2AFB1062303FB0848B8F9CD
S315080445700430012200932846002301F0E9FB28466B
S31508044580FEF767FA830803F548734008B3FBF0F3AC
S3150804459063839FE740F2EC43EBE72DE9F8434C1EAF
S315080445A0E4B2032C80460D4691461E461ED8E1F712
S315080445B025FB062303FB040407462B4698F83121FA
S315080445C0B4F9040008F14801FFF7F7FBFFF722FDE9
S315080445D0A9F8000016B90020BDE8F883387E2946F4
S315080445E000F00100FFF72AFD3080F4E71120F3E715
S315080445F02DE9F04F884685B00746E1F7FFFA06230A
S3150804460008F1FF34E4B25C4340F2EC4300EB040BDC
S31508044610BBF902A005469A4525D13846FEF762F944
S3150804462010F4103617D1012241463846FFF7F2FE38
S31508044630814680B13846DEF759FF02234A46414689
S31508044640CDE90166CDF800A080B2FCF711FB2B5D1D
S3150804465066F3C3032B554FF48021384605B0BDE8ED
S31508044660F04FDEF759BF4FF00009035D3846C3F330
S315080446704002C3F3000646EA4206DEF737FFF6B2FF
S31508044680CDE90169BBF902304A4600934146022343
S3150804469080B2FCF7EDFA2B5D69F3C303DAE710B5CC
S315080446A00446E1F7ABFA0021062303FB01F2825C18
S315080446B0013112F0080F05D02046BDE81040C9B2F2
S315080446C0FFF796BF0429F0D110BD38B50C46054648
S315080446D0E1F794FA0622631EDBB25343C25C110760
S315080446E009D442F00802C2544FF480212846BDE892
S315080446F03840DEF711BF38BD0020704741F000414D
S3150804470041F4E02101607047036861F3DB43036009
S31508044710704700207047704710B5DBF755FA044612
S31508044720FCF7EEF92043C0B210BD38B5DAF70EF936
S315080447308179C37901F10C025B1A02440021022033
S31508044740DBB2B2F8035003F0AEFC044640B9DAF71C
S3150804475003F90722BDE8384042F21901FCF702BA08
S315080447602846DEF7ABFE38B12146E2F78BFA044653
S31508044770DAF7F2F82246EDE72046EDF75FFD022464
S31508044780F6E770B5DAF7E2F883791844B0F80F60FB
S31508044790B0B2DEF793FE80B1002101F079F905463F
S315080447A0DAF7DAF8044602232A4642F21B01FCF732
S315080447B0B4F9A3791C44668270BD0225F0E770B586
S315080447C0DAF7C4F883790C33C418B4F803502846C6
S315080447D0DEF774FEA0B1611D01F05AF90646DAF750
S315080447E0BBF804460223324642F21A01FCF795F94D
S315080447F0E37923449D72E3792D0A1C44E57270BD5E
S315080448000226ECE710B5DAF7A1F883790C331844D5
S315080448104479B0F80300DEF751FE60B12146E2F7A9
S315080448200FF80446DAF798F82246BDE8104040F235
S315080448300641FCF797B90224F4E770B5DAF786F867
S3150804484083791844B0F80F5006F0C0FD044628468C
S31508044850DEF734FE80B11621FEF742FD0025204618
S3150804486006F0AFFDDAF778F82A46BDE8704000236B
S315080448704FF60441FCF751B90225F0E710B5DAF70B
S3150804488065F883790C33C418B4F80300DEF716FE0A
S3150804489070B1D4F80510FEF79CFA0024DAF75CF830
S315080448A02246BDE8104000234FF60541FCF735B90A
S315080448B00224F3E710B5DAF749F883790C33C418F8
S315080448C0B4F80300DEF7FAFD70B1D4F80510FEF764
S315080448D099FA0024DAF740F82246BDE81040002386
S315080448E04FF60641FCF719B90224F3E7F8B5DAF7E7
S315080448F02DF8847905460C340444B4F80300DEF72D
S31508044900DDFD064640B9DAF727F80222BDE8F84085
S3150804491042F21301FCF726B9AA79EB7900219B1A0E
S315080449200C320220DBB22A4403F0BDFB014618B957
S31508044930DAF712F80722E9E78379033383713046F5
S31508044940B4F80D50B4F80F70E1F720FF04463A4660
S3150804495029463046DFF7BAF8D9F7FEFF2246D5E7E7
S3150804496038B506F033FD0446FFF7D6FE00280CBF1B
S315080449700C250025D9F7F0FF2A4642F20E01FCF76A
S3150804498002F9DBF729F92046BDE8384006F019BDD7
S3150804499030B587B0D9F7DAFF04468579FFF7BCFE48
S315080449A0002870D10C352C44E3798BB1E37B03F0F2
S315080449B0FD03012B1BD1FEF7FCFDC0B91224D9F760
S315080449C0CBFF224642F20D01FCF7CCF807B030BD06
S315080449D004F10905294604F10800FBF781FB28467A
S315080449E0217ADFF749F80028E0D00B24E7E7DEF759
S315080449F0D5FF054608B90724E1E7002301228DF807
S31508044A000030E3798DF803208DF80130237A8DF888
S31508044A100230D4F80930CDF80530B4F80D30ADF8C5
S31508044A200930E37B8DF80430617C237C43EA012357
S31508044A30ADF80C30E17CA37C43EA0123ADF80E30D3
S31508044A40617D237D43EA0123ADF81030E17DA37D22
S31508044A5043EA0123ADF81230617E237E43EA01233B
S31508044A60ADF81430E17EA37E43EA01230146684685
S31508044A70ADF81630DBF760FA044600289FD02846BE
S31508044A80DEF7D8FF9BE70C2499E72DE9F04F8DB0A4
S31508044A90D9F75CFF42F2850390F806A007460AF1A7
S31508044AA00C0A30F80A2000EB0A059A421CBF4FF09C
S31508044AB0FF09C8464FF0000208BF95F8038003684B
S31508044AC00ABF95F8049003350535B8F1FF0F02605F
S31508044AD0059305D1B9F1FF0F0CD01224002635E051
S31508044AE0B9F1FF0F06D008F11003DBB20E2B0DD86F
S31508044AF04224F3E7E0F78AFB6B7A33EA000240F0D4
S31508044B009980184010F0050FEDD1E6E789F0800387
S31508044B107E2BE2D9DEF742FF0646002800F08C8099
S31508044B20FFF7FAFD002840F089806B7803F0FD034F
S31508044B30012B1FD005F1030B5946A81CFBF7D0FA25
S31508044B405846A978DEF798FF0446C8B1059B13B101
S31508044B5005A803F010F81CB116B13046DEF76AFF53
S31508044B60D9F7FAFE224637F80A10FBF7FBFF0DB011
S31508044B70BDE8F08FFEF71DFD0028DBD11224E5E71A
S31508044B80B8F1FF0F12D04046FBF7C2FF04460028CF
S31508044B90DCD105AA6B78CDE901B2AA784146009220
S31508044BA030464A46FBF7B0FF0446CFE76B7A8DF8E2
S31508044BB018008DF81B302B788DF81930AB788DF8E2
S31508044BC01A30DBF80030CDF81D30BBF80430ADF8E8
S31508044BD021306B788DF81C30059B9A790C32134476
S31508044BE059791A7942EA0122ADF82420D9799A79B1
S31508044BF042EA0122ADF82620597A1A7A42EA0122B3
S31508044C00ADF82820D97A9A7A42EA0122ADF82A2000
S31508044C10597B1A7B42EA0122ADF82C209A7BDB7B6E
S31508044C20314642EA0323024606A8ADF82E30DBF7DE
S31508044C3083F9B9E7112451E7072487E70C2485E7A4
S31508044C4070B5D9F783FE83790C33C418B4F80360B6
S31508044C50B0B2DEF733FC0546D0B1012003F0B3F851
S31508044C600146B8B1B4F805302846B4F80720DBB2D3
S31508044C70E2F78EF80546D9F76FFE044602232A465C
S31508044C8042F22201FBF749FFA3791C44668270BDF0
S31508044C900225F0E70725EEE710B5D9F757FE83791D
S31508044CA00C330344B3F80300B3F80510C0B2DEF7B7
S31508044CB023FFD9F751FEBDE81040002342F2240130
S31508044CC01A46FBF72ABF10B5D9F740FE837918446C
S31508044CD0B0F80F00DEF7F2FB58B100F087FE044681
S31508044CE0D9F73AFE2246BDE8104042F21601FBF710
S31508044CF039BF0224F4E710B5D9F728FE8379184496
S31508044D00B0F80F00DEF7DAFB58B100F039FE0446B6
S31508044D10D9F722FE2246BDE8104040F21D41FBF7B2
S31508044D2021BF0224F4E7F8B5D9F710FE83791844AD
S31508044D30B0F80F70B8B2DEF7C1FB0446A0B1FDF7B0
S31508044D40DFFD46B2D9F708FEB4FA84F205465209DD
S31508044D50032341F205415200FBF7DFFEAB790C331E
S31508044D601D44EF802E72F8BD7F26EBE770B5D9F7A0
S31508044D70EDFD83790C33C418D9F7EEFD0546D4F84E
S31508044D800300DEF79BFBB0FA80F2064652091D23A0
S31508044D904FF62A4128465200FBF7BFFE26B129469C
S31508044DA0D4F80300FEF7D5FA70BD10B5D9F7CEFDD1
S31508044DB083790C33C418B4F80300DEF77FFB88B193
S31508044DC061790122003918BF0121FDF751FD044616
S31508044DD0D9F7C2FD2246BDE8104000234FF63141FB
S31508044DE0FBF79BBE0224F3E737B5D9F7AFFD837902
S31508044DF00DF106010C3318448279437943EA0223F8
S31508044E00ADF80630B0F80300C0B2FDF72AFD054632
S31508044E10D9F7A2FD044602232A464FF63041FBF78A
S31508044E207CFEA3791C44BDF80630638203B030BD0A
S31508044E302DE9F84381460220884617461E4602F0A5
S31508044E40C2FF044690B10A220321FBF781FE002320
S31508044E50A57920460C352544EB70A5F80490A5F8E9
S31508044E6006802F816E81D9F7F7FC0120BDE8F88307
S31508044E702DE9F043814685B002200E461F469DF86B
S31508044E8044808DF80F2002F09EFF0546002844D082
S31508044E9022222921FBF75CFE0022AC7930460C3429
S31508044EA02C4404F10E0304F11401C4F80E209A806C
S31508044EB06261228300913A460DF10F01FBF7F7F878
S31508044EC09DF84030A4F80490E37006F00103A3713A
S31508044ED09DF80F3016F0FD0FE3713B68A360BB889D
S31508044EE0A3814FF6FF7304D0032E08BF43464FF041
S31508044EF0FF08BDF8302028466283BDF8342084F8BC
S31508044F002180A283BDF838206384E2839DF83C207F
S31508044F1084F82020D9F7A0FC012005B0BDE8F08369
S31508044F20F8B50746022016461D4602F04CFF04460D
S31508044F3090B10C220421FBF70BFEA1799DF81830D9
S31508044F400C31214420468F80C1F80660C1F80A5006
S31508044F50CB70D9F781FC0120F8BD70B5064602204E
S31508044F600D4602F030FF044668B103223021FBF7F0
S31508044F7008FEA37920460C332344A3F803609D70E6
S31508044F80D9F76AFC012070BD70B5064602200D46A5
S31508044F9002F019FF044688B104220821FBF7F1FD43
S31508044FA0B5FA85F2A37952090C3323442046A3F8AB
S31508044FB003605A719D70D9F74FFC012070BD2DE925
S31508044FC0F84381460220884617461E4602F0FBFE31
S31508044FD00446B0B10B220721FBF7BAFDA579BDF843
S31508044FE020300C3525442046A5F80390A5F80580FD
S31508044FF0A5F80770A5F80960A5F80B30D9F72CFCB5
S315080450000120BDE8F883F8B5074602200E46154682
S3150804501002F0D9FE0446A0B10D220521FBF798FD3E
S31508045020A37920460C332344A3F80370A3F80D6030
S315080450302A68C3F805206A68C3F80920D9F70CFC5E
S315080450400120F8BD2DE9FF41164680460F466A46FB
S315080450506D460A9C03F1100E94461868596808337D
S31508045060ACE8030073456246F6D124B9022002F07F
S31508045070AAFE044608B31D22ED212046FBF75EFD71
S31508045080A3790C332344A3F80380A3F80D702EB137
S315080450903268C3F805207268C3F809200F332A4614
S315080450A003CA596004A98A421860154603F108031D
S315080450B0F5D12046D9F7D0FB012004B0BDE8F0812C
S315080450C037B51321827901900C3281548518002250
S315080450D00321C28002F026FD0198DFF755F804463D
S315080450E00198FFF716FB204410F0FF0004D101A82D
S315080450F002F041FD03B030BDA8708000013068702D
S315080451000198D9F7A9FBF5E770B5064602200D46BE
S3150804511002F059FE044678B104220521FBF731FD55
S315080451200022A37920460C332344A3F803605D7157
S315080451309A70D9F791FB012070BD38B5D9F706FCEA
S3150804514083791844B0F80F50A8B2DEF7B7F90446C5
S31508045150D9F702FCB4FA84F25209072342F215017C
S315080451605200FBF7DAFCD9F7F7FBC3791844A0F821
S3150804517005504CB1D9F7F0FBC179073101442046F3
S31508045180BDE83840FEF78EB838BD13B5837901906B
S315080451900C33C418C05CDEF791F920B901A802F0F3
S315080451A0EAFC02B010BD019962788B7912F0300FCF
S315080451B003F104038B714B790CBF43F0010303F02D
S315080451C0FE034B71DEF79EFEEBE72DE9F041D9F7B6
S315080451D0BDFB83790C33C418B4F803801FFA88F02E
S315080451E0DEF76CF90746E8B1A2796179FDF73BFC6D
S315080451F00646D9F7B1FB05460223324642F27A013E
S31508045200FBF78BFCAB791D44A5F8128066B9A37924
S3150804521053B13846FDF717FE01463846BDE8F04156
S31508045220FFF753BA0226E4E7BDE8F081F7B5D9F7E4
S315080452308DFB83790C3318444FF60A33B0F80360B0
S315080452404779B4B2ADF80430ADF80630E0F73AFD64
S3150804525040B32046DEF732F930B339460DF106037A
S3150804526001AAFFF79AF90546D9F776FB2A460523D4
S3150804527042F276010446FBF750FC0A21BDF90420E4
S31508045280A37992FBF1F20C3323445A72BDF9062032
S31508045290204692FBF1F2DE801F729A72D9F7DCFA85
S315080452A003B0F0BD1125DFE70225DDE7F8B5D9F728
S315080452B04DFB83790C33C5186F79E0F703FD044673
S315080452C0F8B1B5F80300DEF7F9F80446D8B139465B
S315080452D0FEF7D8FF00280CBF11250025D9F73CFB9B
S315080452E006462A4642F27701FBF73CFC3046D9F7D4
S315080452F0B3FA55B94CB139462046BDE8F840FFF72C
S31508045300E4B91125EAE70225E8E7F8BD4368143B42
S315080453104360A0230B6070471AB94268A2EB530294
S3150804532042600A6802EB83020A60704713B50421D7
S315080453300DEB0100DAF73EFB019C2046E0F7F0FD91
S315080453400028F4D0204602B010BD30B58842BDF816
S315080453500C4019D8052817D9B1F5486F14D8B3F5F0
S31508045360FA7F11D240F67645A2F10A0080B2A84225
S315080453700AD803FB04444C4312B26400B4EBC20FCC
S3150804538094BF0120002030BD0020FCE7C94350E843
S31508045390003F0B4040E80032002AF8D1704700204D
S315080453A0704708B5E0F730FEBDE80840E1F784B871
S315080453B02DE9F04104460F4600260125214686F0CC
S315080453C00100FDF780FA4FF48051FFF7DFFF836889
S315080453D080463BB1028ABA420CD1002201212046FA
S315080453E098470540731C022B4FF00106E6D1284660
S315080453F0BDE8F0810268D10502D500221146EEE720
S315080454009307EFD52046FDF7A7FA02460028E9D107
S315080454100521D8F80830E2E708B5FDF76EFA002347
S315080454200380436008BD38B504460D46FCF7BEF84C
S3150804543029462046BDE83840DEF764BD10B58379B1
S3150804544004460344187BE0F7CFFD0146204602F0E4
S3150804545069FBA0790C30204410BD07B540F203322D
S31508045460C28042798DF8071042F0030242710DF1A9
S315080454700701012202F062FB03B05DF804FB70B574
S315080454800C460546072120461646FFF7E6FF204642
S31508045490FFF7D4FF214646702846BDE87040FFF75B
S315080454A0C2BF38B50C4600210546FDF763FA47F630
S315080454B0FE73241AA4B29C4205D928462821FDF76E
S315080454C0F8FE002038BD0120FCE738B504460D4631
S315080454D001460020FDF7F7F903689B0505D429461C
S315080454E02046BDE83840FFF7DCBF002038BD2DE96B
S315080454F0F04115461F469DF81880FDF7E4F9044661
S3150804550005F064FFB8F1010F064623D154E8003FBD
S3150804551043F4807344E80032002AF7D105B354E80B
S31508045520002F42F4007244E80023002BF7D1FF2130
S315080455302046FFF72BFF54E8002F48EA020244E806
S315080455400023002BF7D13046A5602782BDE8F04139
S3150804555005F037BF4FF480712046FFF717FFDDE7E4
S315080455604FF400712046FFF711FFE0E773B50646CE
S3150804557001200C46FDF7A7F9002305461A460093B1
S3150804558021463046FFF7B3FF6B6863B14FF4807169
S315080455902046DDF7C1FF55E8003F43F4007345E8AC
S315080455A00032002AF7D105F011FF05462046FDF71B
S315080455B0A4F928B103881BB14FF40070FEF72CF840
S315080455C0284602B0BDE8704005F0FBBE38B505466E
S315080455D00C46FDF778F983684BB102212046002270
S315080455E0984721462846BDE83840FFF7BFBF38BD6F
S315080455F0012938B505460C4608D0CC1E012C03D81B
S3150804560001460120FFF7E2FF012038BD2221FDF7FC
S31508045610AEF920462946FFF7D9FF0020F5E708B575
S31508045620FDF751F9006800F0F00008BD10B5014611
S3150804563004460120FFF7F3FF20B92146BDE81040D0
S31508045640FFF7EDBF10BD70B506460D4601460120AD
S31508045650FDF739F9314604460020FDF734F9226886
S31508045660036842EA0301C90523D4920549BF248A7B
S315080456704FF6FF74641BA4B29B0554BF4FF6FF7321
S31508045680038A304644BF5B1B9BB29C42A8BF1C4698
S31508045690FAF73BFF002804DB411B89B28C42A8BFFA
S315080456A00C464FF6FF739C4208BF4FF0FF34204662
S315080456B070BD0124FBE72DE9F34104460191014637
S315080456C001201546FDF7FFF8214606460020FDF79A
S315080456D0FAF880462046FDF7FFF8010706D501A823
S315080456E002F049FA0C2002B0BDE8F08105F06EFE1E
S315080456F0336807469A0503D4D8F800309B0509D5BC
S315080457000199301D8D6002F09BFA384605F059FE62
S315080457100020E8E705F055FE20460199A847E2E788
S3150804572038B5014604460120FDF7CDF805460C3088
S3150804573002F021FA281D02F01EFA21460020FDF780
S31508045740C2F804460C3002F016FA201DBDE83840AB
S3150804575002F011BA70B5014605460120FDF7B3F803
S315080457600646043002F059FA044670B14FF4007143
S315080457703046FFF70BFE21462846A368984720B112
S315080457802046BDE87040ECF759BD70BD0023826021
S31508045790C0E900310373704708B50B46014618463D
S315080457A0FDF791F84078C0F3400008BDFFF720BF25
S315080457B0CB1E012B70B504460D46164606D81A218B
S315080457C0FDF7D5F840212046DDF7A6FE32462946E0
S315080457D02046BDE87040FFF70BBF38B504460D46B2
S315080457E0FDF7BAF828B1012D04D122212046FDF788
S315080457F0BEF8002038BDF8B50C468B7907460B442D
S31508045800D3F80D60D3F811303246DEF7D3FA0921FE
S315080458102046FFF722FE2046FFF710FEA579DFF79C
S31508045820EFFC0C3566F0FF0625440640C5F8016012
S31508045830DFF7E6FC3846C5F805102146FFF7F3FD01
S3150804584002213846E0F70CFCF8BD70B50E4605464D
S3150804585001460020FDF737F8012E044603D0022E30
S3150804586011D0012070BDC16828468B7919440D31C1
S31508045870FDF7F1F8E068ECF7E1FC00202946E06062
S31508045880FFF774FEEDE7C068ECF7D8FC0023E36085
S31508045890E7E738B50D46044601460120FDF713F837
S315080458A0012D08D100F112012046FDF7D4F821464E
S315080458B02846FFF75BFE012038BD08B5FDF712F848
S315080458C000F0010008BD38B50C4602210546FDF76F
S315080458D00BF80C212046FFF7C0FD2046FFF7AEFD66
S315080458E04FF0FF3383700223C3700F234370602382
S315080458F003710623214643712846BDE83840FFF75D
S3150804590092BDF8B50C460546FCF7E6FF00F001071C
S3150804591087F0010729463846FCF7D5FF012C0646C9
S31508045920C06803D0022C21D00120F8BD83790C333A
S31508045930C41823892846E288A188FDF745F96188B1
S31508045940627849005200284689B2FCF7E5FFF068F8
S31508045950ECF774FC002328464FF48031F360FCF717
S31508045960C7FF29463846FFF701FEDDE7ECF766FC74
S3150804597000234FF480312846F360FCF7B9FFD3E7D8
S3150804598010B50446FCF7AEFF430706D520464FF488
S315080459900061DDF7C1FD002010BD012002F013FAF5
S315080459A0014620B12046BDE81040E0F7D1BE0720E5
S315080459B0F2E7042910B5044601D0002010BDFCF70F
S315080459C08BFF00F00100C0F10200DFF751FB00284D
S315080459D0F3D102F0F8F9014608B90220EEE72046A9
S315080459E0E0F7F8FE0028F8D10120E7E710B50446E9
S315080459F0FCF778FF030705D520464021DDF78CFD23
S31508045A00002010BD012002F0DEF9014620B120462F
S31508045A10BDE81040E0F7DEBE0720F2E72DE9F041C5
S31508045A200F4604469046FCF757FF00F0010585F03B
S31508045A30010521462846FCF746FF012F064603D0F2
S31508045A40032F0FD001200BE02046FEF739FA222156
S31508045A502046FCF78CFF28462146FFF7B7FD0020B1
S31508045A60BDE8F081C068ECF7E9FB00232046F36043
S31508045A70FEF726FA204698F80410FCF778FF204625
S31508045A802021DDF749FD21462846FFF79FFDD9E782
S31508045A9037B504460D46FCF725FF00054FD5022009
S31508045AA002F091F9019000284BD0204655B3FCF733
S31508045AB013FFC1070AD505210198FFF7CEFC019803
S31508045AC0FFF7BCFC20460199FFF7ADFC29462046A2
S31508045AD0FEF701FA2046FCF7FFFEC2070FD44FF47F
S31508045AE000612046FCF704FF06210198FFF7B5FC80
S31508045AF00198FFF7A3FC20460199FFF794FC0020C0
S31508045B0003B030BDFCF7E8FEC3070DD5019903239E
S31508045B1006222046E0F738FB2046FEF7D1F921464F
S31508045B202846FFF753FDEAE701A802F024F82046C1
S31508045B303D21FDF7BEFB2046FEF7C2F9DFE70C2040
S31508045B40DEE70720DCE7F7B5014604460020FCF744
S31508045B50BAFE054600F112074FF48060DFF788FAAB
S31508045B6050B92046DDF7C2FC3A46698B80B203B0C9
S31508045B70BDE8F040FFF747BA2046DDF7B7FC06460E
S31508045B8020466D8BFCF7A6FE0022034600922946A2
S31508045B903A46B0B2FFF756FA03B0F0BD83781A2B2B
S31508045BA009D81B2383700288B2F5A47F07D24FF461
S31508045BB0A473038007E0FB2BF5D9FB23F2E744F231
S31508045BC090239A42F5D870472DE9F04304468A880B
S31508045BD04E888B790D88C97987B043EA012303A8CF
S31508045BE0ADF80C308DF80E20EDB2FFF7D7FF04A8F8
S31508045BF0BDF80C909DF80E80ADF810608DF8125023
S31508045C0005A9FFF7CBFF2046BDF810709DF8126072
S31508045C10FDF77CFB0B212046FDF72EFB40F64805D5
S31508045C2044F29023002818BF1D464346BDF81420A5
S31508045C309DF816104D45D4BF0095CDF80090FB2B62
S31508045C40A8BFFB23BA42A8BF3A46B142A8BF314609
S31508045C502046FDF743F807B0BDE8F08337B5144688
S31508045C6005461046FFF7F9FB2046FFF7E7FB01A9AF
S31508045C7004462846FDF74AFB0B212846FDF7FCFA9D
S31508045C806FF004036370002344F29022A37040F675
S31508045C904803002818BF1346A4F803309DF80630B5
S31508045CA0A4F80530BDF80430A4F8073003B030BDB5
S31508045CB0FFF79EBC022973B505460C4603D000249B
S31508045CC0204602B070BD0521FDF7A7FA0028F6D0D4
S31508045CD0DDF718FF1B28F2D94FF40040DFF7C8F99F
S31508045CE00028ECD102F06FF806460028E8D02846CA
S31508045CF001A9FDF70BFB314628469DF80630BDF889
S31508045D000420E1F745F80028D9D10124D8E7012968
S31508045D1010B504460FD0033901290AD8FEF7C1FA8B
S31508045D204FF480412046FCF7E3FD21460120FFF7A6
S31508045D304DFC012010BD2221FCF719FE4FF48041C9
S31508045D402046FCF7D5FD2046FEF7ABFA0020F1E71E
S31508045D502DE9F0478A462221804615461F46BDF995
S31508045D602090FDF75AFA60B3022002F02CF8064692
S31508045D7048B32521FFF771FB3046FFF75FFB6B003D
S31508045D8003F00203C5F340051D4385700A2540F256
S31508045D90EC4397FBF5F79945044680F801A0C770CC
S31508045DA00DD04846D6F7CEFC90FBF5F35BB24046D9
S31508045DB031462371FFF737FB0020BDE8F0877E23C1
S31508045DC0F5E71120F9E70720F7E77FB54A1E042A05
S31508045DD003460E464FF0000451D8012902D1008823
S31508045DE004B070BD022905D100885B88984238BF83
S31508045DF01846F5E74A00014601A8ADF80440ADF88F
S31508045E000640ADF80840ADF80A40ADF80C40F9F77D
S31508045E1028FF032EBDF80400BDF80650BDF8081087
S31508045E2030D0042EBDF80A3035D0A84298BF2C4687
S31508045E30BDF80C209CBF05462046934202D814465A
S31508045E401A462346AA4238BF2A46834228BF03462F
S31508045E5098B2814222BF0B460146184692B2904236
S31508045E6028BF104680B2884238BF0846B8E723469A
S31508045E704FF6FF72E3E71A464FF6FF73E2E74FF66B
S31508045E80FF70ADE7A842F2D82B46224605461846C7
S31508045E904FF6FF73D6E7A842EDD82A4605461046BC
S31508045EA0E6E7F7B54A1E062A05460C464FF00003F0
S31508045EB000F28680012903D190F9000003B0F0BDF1
S31508045EC0022907D190F9000095F901309842B8BF24
S31508045ED01846F3E70A46033C014668468DF800303F
S31508045EE08DF801308DF802308DF803308DF80430C2
S31508045EF08DF805308DF80630F9F7B3FE9DF90030B4
S31508045F009DF901509DF902609DF90500032C41D8BD
S31508045F10DFE804F0594743027F2298429DF904407A
S31508045F2044DB9DF903108B42DEBF0F4619463B46F8
S31508045F30AA4202DA2F4615463A46A642DEBF274645
S31508045F4034463E468D42B8BF0D469842A2BF014626
S31508045F5018460B469442DEBF114622460C46824238
S31508045F60B8BF024652B2A242A8BF2246B342A8BF4D
S31508045F7033466DB258B28542DCBF0346284652B250
S31508045F80D8BF1D469042B8BF104640B2A842A8BF23
S31508045F90284693E79DF90620BFE77F226FF07F0026
S31508045FA0BBE77F226FF07F041046BAE7194603461B
S31508045FB00846B6E77F206FF07F0102460C46BCE729
S31508045FC06FF07F007AE713F1800FF3D17F221C4626
S31508045FD019461046B1E738B504460D46C7F7DCF846
S31508045FE029462046EEF747FB0446C7F7DDF8204660
S31508045FF038BD70B504460D461646C7F7CDF8324681
S3150804600029462046EEF73AFBBDE87040C7F7CCB8F8
S3150804601010B50446C7F7C0F82046EEF73CFB04461D
S31508046020C7F7C2F8204610BD10B5C7F7B5F8C3F7C9
S31508046030D3FE0446C7F7B8F8204610BD10B5044683
S31508046040C7F7AAF82046EEF72CFB0446C7F7ACF8C0
S31508046050204610BD10B50446C7F79EF82046EEF74D
S3150804606012FB0446C7F7A0F8204610BD10B504462F
S31508046070C7F792F82046EEF704FB0446C7F794F8E8
S31508046080204610BD10B50446C7F786F82046EEF735
S3150804609000FB0446C7F788F8204610BD10B5044629
S315080460A0C7F77AF82046EEF7F8FABDE81040C7F7BE
S315080460B07BB810B50446C7F76FF82046EEF7EFFA33
S315080460C0BDE81040C7F770B810B50446C7F764F8BA
S315080460D02046EEF7E8FABDE81040C7F765B810B5EC
S315080460E00446C7F759F82046EEF762FB0446C7F795
S315080460F05BF8204610BD38B504460D46C7F74CF87C
S3150804610029462046EEF74BFB0446C7F74DF82046CA
S3150804611038BD38B504460D46C7F73EF82946204625
S31508046120EEF748FB0446C7F73FF8204638BD38B5AE
S3150804613004460D46C7F730F829462046EEF735FBE0
S315080461400446C7F731F8204638BD38B504460D4627
S31508046150C7F722F829462046EEF734FB0446C7F764
S3150804616023F8204638BD10B50446C7F715F8204667
S31508046170EEF718FB0446C7F717F8204610BD10B506
S315080461800446C7F709F82046EEF717FB0446C7F78F
S315080461900BF8204610BD10B50446C6F7FDFF204689
S315080461A0EEF7FAFA0446C6F7FFFF204610BD38B5DF
S315080461B004460D46C6F7F0FF29462046EEF700FBCF
S315080461C0BDE83840C6F7F0BF10B50446C6F7E4FF85
S315080461D02046EEF778FA0446C6F7E6FF204610BDD1
S315080461E010B50446C6F7D8FF2046EEF761FA04460A
S315080461F0C6F7DAFF204610BDF8B504460D4616461E
S315080462001F46C6F7C9FF3B46324629462046EEF7DF
S3150804621079FA0446C6F7C8FF2046F8BD10B5044601
S31508046220C6F7BAFF2046EEF762FA0446C6F7BCFF7D
S31508046230204610BD38B504460D46C6F7ADFF2946B7
S315080462402046EEF73DFA0446C6F7AEFF204638BDAB
S3150804625038B504460D46C6F79FFF29462046EEF78D
S3150804626091FA0446C6F7A0FF204638BD38B5044659
S315080462700D46C6F791FF29462046EEF787FA0446E7
S31508046280C6F792FF204638BDF7B51F4604460D46A5
S315080462901646C6F781FF099B32460193089B294691
S315080462A0009320463B46EEF76AFA0446C6F77CFF97
S315080462B0204603B0F0BD38B504460D46C6F76CFF54
S315080462C029462046EEF702FA0446C6F76DFF20462D
S315080462D038BD38B504460D46C6F75EFF294620463E
S315080462E0EEF7E3F90446C6F75FFF204638BD38B52E
S315080462F004460D46C6F750FF29462046EEF7DDF953
S315080463000446C6F751FF204638BD10B50446C6F7FD
S3150804631043FF2046EEF7E4F90446C6F745FF204650
S3150804632010BD38B504460D46C6F736FF294620463D
S31508046330EEF7FCF90446C6F737FF204638BD38B5EC
S3150804634004460D46C6F728FF29462046EEF7E7F920
S315080463500446C6F729FF204638BD10B50446C6F7D5
S315080463601BFF2046EEF701FA0446C6F71DFF204632
S3150804637010BD38B504460D46C6F70EFF2946204615
S31508046380EEF7E2F90446C6F70FFF204638BD10B506
S315080463900446C6F701FF2046EEF7DDF90446C6F7BC
S315080463A003FF204610BD38B504460D46C6F7F4FE6D
S315080463B029462046EEF7C1F90446C6F7F5FE2046F7
S315080463C038BD38B504460D46C6F7E6FE29462046C6
S315080463D0EEF79BF90446C6F7E7FE204638BD38B5FE
S315080463E004460D46C6F7D8FE29462046EEF784F934
S315080463F00446C6F7D9FE204638BD10B50446C6F786
S31508046400CBFE2046EEF77BF90446C6F7CDFE2046BA
S3150804641010BD10B50446C6F7BFFE2046EEF76AF966
S315080464200446C6F7C1FE204610BD38B50446C6F76D
S31508046430B3FE2046EEF7AEF905460C46C6F7B4FE9B
S315080464402846214638BD10B50446C6F7A5FE20469B
S31508046450EEF7C2F90446C6F7A7FE204610BD10B5E6
S315080464600446C6F799FE2046EEF7CFF90446C6F762
S315080464709BFE204610BD10B50446C6F78DFE204681
S31508046480EEF7B8F9BDE81040C6F78EBE70B51646E5
S315080464901D46044600F0FCFE00EA060201EA05036E
S315080464A052EA030105D0216819B12046BDE87040B7
S315080464B0084770BD70B50E461546044608B390F8ED
S315080464C07932123B012B08D890F8243023F00403C0
S315080464D080F824304FF47E434386002304F5147071
S315080464E084F87932012100F083F984F87A6284F811
S315080464F07B522046BDE8704000224FF48073FFF7B4
S31508046500C5BF70BD2DE9F04F85B01D4600910392B5
S315080465100446DDF8409004F04CFF074601F0AAF95A
S31508046520009902902046E1F7BBFC064618B13846A6
S3150804653004F03AFF58E004F5147A5046E1F7B4FB40
S315080465400190B9F1000F54D099F800B0D9F8048035
S31508046550D9F8089045F21001009BE940A4F82032C6
S31508046560039B11F00101C4F82C320E9B84F879526E
S31508046570C4F824320F9BC4F82832D4F8643223F0C2
S315080465800803C4F8643247D00E9B0E9A5B7984F8E4
S31508046590373210790E9B1B6880BBD4F86402C4F8A2
S315080465A0543240F00800C4F864024344C4F858322C
S315080465B0C4F8609284F868B200293AD0B8F1000F9A
S315080465C037D0029A9B1A6FF04042934231D3384629
S315080465D004F0EAFE6908090141F004012122204673
S315080465E001F0F401FFF766FF2126304605B0BDE841
S315080465F0F08FB146B0464FF0FF0BABE7009301F0BE
S3150804660039F941F28831009B8845034438BF8846E6
S31508046610C4F854320021C8E7009101F02BF9034667
S31508046620C4F8540241F28830804538BF8046009940
S31508046630BBE7019B504643B100F0C4F800287FF439
S3150804664076AF384604F0B0FECFE7E1F7A7FAF5E7E8
S315080466501046704700290CBF21200020704710B44B
S31508046660029C084611461A46019B01945DF8044BA0
S3150804667000F072BC084600F08EBC1FB502930023D6
S31508046680019300930623FFF73DFF05B05DF804FB6D
S315080466901FB5069C02940024CDE900340423FFF7B1
S315080466A031FF04B010BD1FB5069C02940024CDE941
S315080466B000340823FFF726FF04B010BD1FB5079C56
S315080466C00294069CCDE900340C23FFF71BFF04B0A3
S315080466D010BD70B5044604F06CFE04F51475064640
S315080466E02846E1F7F7FA90B194F87932112B0ED1CE
S315080466F000F01AFE0121284600F07AF8002384F8EF
S3150804670079320024304604F04FFE204670BD2846F0
S31508046710E1F7CAFA18B194F87932102BEAD00224B0
S31508046720F0E738B5044604F044FE94F87932054691
S31508046730112B05D12046FFF7CCFF072384F87832BE
S315080467400023012184F8793204F5147000F050F816
S315080467500446284604F028FE201E18BF01204000DF
S3150804676038BD13460022E0F7B7BDE0F7B5BD0346CA
S3150804677049B190F87A02087000201AB1002093F8FB
S315080467807B32136070472120F7E779B14B699B0781
S315080467900CD4CB68323018444B68C01A6FF04043A7
S315080467A098423EBF4B6943F002034B61704710B5EC
S315080467B004F0FFFD0446E1F763F82046BDE81040FF
S315080467C004F0F2BD70B5064604F0F3FD0022054652
S315080467D011463046E1F766F9044620B1284604F026
S315080467E0E3FD204670BD3046E1F7D8F90446F5E7DF
S315080467F070B504460E4604F0DCFD0122054686EA19
S3150804680002012046E1F74EF90446284604F0CCFD79
S31508046810204670BD38B50D46044650B3E1F744FA30
S3150804682048B300F0E4FB6269510718D41207636899
S3150804683017D5A2689A420BD06FF04041121A8A42C1
S3150804684006D21B1A8B4206D2626922F008026261DA
S315080468506DB9002038BD636923F00803636100231A
S31508046860F6E76FF040421B1A9342F8D2F0E72B6022
S31508046870EFE70120EEE70220ECE7431E042818BFE1
S31508046880012B94BF01200020704700F0DABF4FF4B3
S3150804689020720021F9F7C8B90846E7F7B3BE10B560
S315080468A00446E3F797FCE8B9A169D9B1238ACBB1C1
S315080468B0204604F11002E3F789FAB8B9E169A9B1E7
S315080468C0638A9BB1204604F11202E3F729FA88B9D0
S315080468D0216A79B1A28A6AB12046E38ABDE81040E2
S315080468E0E3F7BAB900232382A361E6E700236382A8
S315080468F0E361ECE700236361236210BDE3F780BF1D
S315080469000A7838B505461046FFF7B7FF60B14C78E4
S315080469102046FFF7B2FF38B12243530704D428466A
S31508046920BDE83840E2F79EBD212038BD70B504465F
S315080469300E4604F03EFD314605462046FFF7E0FFC5
S315080469400446284604F030FD204670BD10B50446BA
S315080469500878FFF792FF58B14A781046FFF78DFF7B
S3150804696030B1042A04D02046BDE81040E2F79ABDA7
S31508046970212010BD70B504460E4604F01AFD3146B2
S3150804698005462046FFF7E2FF0446284604F00CFDB8
S31508046990204670BDF7B517461E46044604F009FDA1
S315080469A0DDE908230546CDE9002320463A46334661
S315080469B0E2F744FA0446284604F0F6FC204603B0F7
S315080469C0F0BD704711B9D0F8E81021B1CB6813B1FE
S315080469D08B68D88970474FF6FF70704710B5E1F792
S315080469E0B5F9044608B900F030FF204610BD70B565
S315080469F004460E4604F0DDFC314605462046E2F719
S31508046A0061FA0446284604F0CFFC204670BD38B522
S31508046A10044604F0CEFC0546204600F03FFC044636
S31508046A20284604F0C1FC204638BD38B5044604F0AF
S31508046A30C0FC0546204600F047FC0446284604F0F8
S31508046A40B3FC204638BD38B504460D4604F0B1FCFF
S31508046A50D4F8EC3023B90E2404F0A6FC204638BD3D
S31508046A604FF6FF72238E93422B80F4D00024F3E76B
S31508046A70F8B506460D46E1F769F9D8B94FF6FF7336
S31508046A804FF0240CEF68C1B28F4208D81C46214641
S31508046A903046E1F779FB00F0D8FE2046F8BDAA682F
S31508046AA00CFB0122D4899C4202D2002CEFD0234647
S31508046AB00130E8E74FF6FF74EFE7008E7047F8B544
S31508046AC004460E46174604F074FC3A460546314613
S31508046AD02046E2F709FC0446284604F065FC2046ED
S31508046AE0F8BD38B504460D4600F0A0F950B129465C
S31508046AF02046E1F749FB30B929462046BDE8384027
S31508046B00E2F7DABA0E2038BD70B504460D461646C5
S31508046B1000F08CF958B129462046E1F735FB38B917
S31508046B20324629462046BDE87040E9F783BE0E2062
S31508046B3070BD08B5E0F7F8FC18B1BDE80840E9F7F8
S31508046B402DBB08BDEAF79CB8062AF8B504460F46D5
S31508046B5015461E4623D8E2F7E3F910B3204639460C
S31508046B60E1F712FB0446A8B9012102460846FFF7D5
S31508046B70C5FE204600F067FEE8F7E0FB3046E2F77C
S31508046B8025F9062D284607D02923EB40DB0703D52C
S31508046B90E8F73AFC2046F8BDE8F774FCFAE721243E
S31508046BA0F8E70224F6E738B5044604F002FC05467D
S31508046BB0204600F0A7FC0446284604F0F5FB2046C8
S31508046BC038BD38B5044604F0F4FB0546204600F003
S31508046BD097FC0446284604F0E7FB204638BD70B502
S31508046BE004460E4604F0E5FB314605462046E2F720
S31508046BF085FC0446284604F0D7FB204670BD70B5CC
S31508046C0004460E4604F0D5FB31460546204600F0F8
S31508046C1077FB0446284604F0C7FB204670BD0020CF
S31508046C2070470846E6F770BE70B504460E4604F08B
S31508046C30C0FB314605462046E3F7A6FC044628462B
S31508046C4004F0B2FB204670BD70B504460E4604F047
S31508046C50B0FB31460546204600F057FC0446284654
S31508046C6004F0A2FB204670BD38B504460D4604F070
S31508046C70A0FB0023C4F89C50C4F89830BDE83840FB
S31508046C8004F092BB38B504460D4604F092FBD4F8DA
S31508046C909C301D40D4F8983023EA0505C4F898506A
S31508046CA004F082FB284638BD73B50D7806460C46B3
S31508046CB035B304238DF804302379304601A98DF8B9
S31508046CC00530FFF743FE0546B8B92278A37952BBC7
S31508046CD08DF80430E379304601A98DF80530FFF7BD
S31508046CE00FFE054648B923783BB161883046E2F77A
S31508046CF0B1FD0121304600F01EFB284602B070BDE6
S31508046D00294600F018FB2946304600F08BFB294635
S31508046D10304600F08FFB22782379002AC9D18DF8F2
S31508046D2004306379C9E702228DF80420D3E770B5E5
S31508046D3004460E4604F03DFB31460546204600F05F
S31508046D4071FB0446284604F02FFB204670BD38B56F
S31508046D50044604F02EFB0546204600F073FB044661
S31508046D60284604F021FB204638BD2DE9F0410446A7
S31508046D700E461746984604F01CFB434605463A4613
S31508046D8031462046E2F706FF0446284604F00CFB83
S31508046D902046BDE8F0810846E6F7EABA70B5044627
S31508046DA00E4604F006FB314605462046E2F74CFE3D
S31508046DB00446284604F0F8FA204670BD70B5044621
S31508046DC00E4604F0F6FA314605462046E2F788FEF2
S31508046DD00446284604F0E8FA204670BDF8B5044689
S31508046DE00F46164604F0E5FA054617B12046E4F7B9
S31508046DF001F916B12046E4F70FF9284604F0D4FA47
S31508046E000020F8BD0B4610B514461846A1689288AA
S31508046E10F8F727FFE168034631B1A0886288121A99
S31508046E2092B21844F8F71DFF002010BD0346408AA5
S31508046E3018B1188A003818BF0120704738B50446B7
S31508046E4004F0B7FA05462046E3F764F904462846EB
S31508046E5004F0AAFA204638BDF8B504460E46174685
S31508046E6004F0A7FA3A46054631462046E3F72AFAD5
S31508046E700446284604F098FA2046F8BD2DE9F3415D
S31508046E80984604460E46174604F093FA9DF82030B1
S31508046E9005463A463146009320464346E3F788FAC0
S31508046EA00446284604F080FA204602B0BDE8F0817C
S31508046EB070B504460E4604F07CFA3146054620466B
S31508046EC0E3F712F90446284604F06EFA204670BD24
S31508046ED070B504460E4604F06CFA3146054620465B
S31508046EE0E3F73EF90446284604F05EFA204670BDE8
S31508046EF038B5044604F05DFA0546204600F0F6FA6D
S31508046F000446284604F050FA204638BD0846E6F7F3
S31508046F10E3BD70B504460E4604F04BFA631C0546F9
S31508046F20314614BF20460020E2F78AF8044628466C
S31508046F3004F03AFA204670BD10B5044600F042F84B
S31508046F4020B92046BDE81040E1F7E4BB10BD00F0C7
S31508046F5091BC0846E3F738BB2DE9FF419846044639
S31508046F600E46174604F032FA05462046FFF7E4FFB4
S31508046F700A9B3A4602930023314601932046CDF8EC
S31508046F800080E1F715FC0446284604F01AFA204660
S31508046F9004B0BDE8F08138B5044604F017FA05468E
S31508046FA02046FFF7C9FF2046E1F7E0FB04462846DA
S31508046FB004F007FA204638BD01207047E5F7FEBA03
S31508046FC000F0D6BBE1F7E2BA10B504F0FFF90446BF
S31508046FD000F00DF8E1F702FB2046BDE8104004F086
S31508046FE0F0B9024608B5E1F7D1FA507D08BD00F0BC
S31508046FF041BCE2F78FB900F04EB910B50446E3F781
S31508047000E1FB80B284280CD894F82E102046E5F7C4
S31508047010B7F894F824102046BDE81040C909E5F7E6
S315080470207FB810BD70B504460E4604F0C2F9314661
S315080470300546204600F06DFB0446284604F0B4F9DC
S31508047040204670BD022AF8B506460F4614460DD8E2
S3150804705004F0AFF9224605463946304600F0E1FA0F
S315080470600446284604F0A0F92046F8BD2124FBE787
S31508047070022AF8B506460F4614460DD804F099F9BF
S31508047080224605463946304600F0DCFA04462846C8
S3150804709004F08AF92046F8BD2124FBE7022AF8B54C
S315080470A006460F4614460DD804F083F922460546CB
S315080470B03946304600F0D9FA0446284604F074F9ED
S315080470C02046F8BD2124FBE770B504460E4604F0B5
S315080470D070F90546204600F0A1FA48B12046314623
S315080470E000F0D3FA0446284604F05EF9204670BD3B
S315080470F00224F8E7F8B504460E46174604F059F98B
S315080471000546204600F08AFA50B120463A463146EA
S3150804711000F0C3FA0446284604F046F92046F8BDAA
S315080471200224F8E70E20704770B504460E4604F0AC
S3150804713040F90546204600F071FA48B12046314622
S3150804714000F0D7FA0446284604F02EF9204670BD06
S315080471500224F8E770B504460E4604F02AF90546F3
S31508047160204600F05BFA48B12046314600F0C9FAD9
S315080471700446284604F018F9204670BD0224F8E7A8
S31508047180E4F762BF0846E4F77DBF0346DB8E08468C
S315080471909342114601D3E4F7A1BF2120704770B585
S315080471A004460E4604F005F9314605462046E4F73A
S315080471B0E7FF0446284604F0F7F8204670BD70B584
S315080471C004460E4604F0F5F8314605462046E4F72B
S315080471D0C7FD0446284604F0E7F8204670BDF8B50E
S315080471E006460C4604F0E5F806F5FE75074694E8E7
S315080471F00F0085E80F0029463046E1F755FC04469A
S31508047200384604F0D1F82046F8BD2DE9F04387B096
S315080472100E9D02AC06460F469046994695E80F0021
S3150804722084E80F0004F0C5F84B460546424639463D
S3150804723000943046E5F71CF90446284604F0B4F8E9
S31508047240204607B0BDE8F083013001D1E7F7FAB963
S315080472502120704700207047002070477047D0F8F7
S31508047260A03003F06003402B0DD0602B03D0203BE5
S3150804727058425841704749B10B68012B06D94869E9
S3150804728040F00100704740F2011070470020704733
S31508047290D0E9560170470520E6F73ABE08B5D0F896
S315080472A0F0304BB11A68022A06D993F825204AB158
S315080472B0186AB0FBF2F008BD40F684324C2100206F
S315080472C0E1F74EF90020F6E7D0F8F02008B57AB1D0
S315080472D01368022B0CD9536A13F47F4FC3F307219F
S315080472E006D0126ADBB253438B42B3FBF1F006D2E3
S315080472F0002040F6A3324C21E1F732F9002008BDFC
S315080473000346B3F83E2108468A4203D0A3F83E1141
S31508047310E6F78CB80020704790F83C310D2B14BF63
S3150804732090F82B00FF20704708B500F034FBBDE841
S315080473300840E8F733B838B50C464FF400610546FB
S31508047340EAF7A0FD60B16CB195F82A3163B94FF438
S3150804735080722846BDE838404FF48071EAF778BD54
S315080473602202F6E72246F4E738BD4FF48071EAF7BD
S3150804737089BD10B50023E2F7DDF8044608B9E9F734
S3150804738049FA204610BD38B51D4600230446E2F7DF
S31508047390D1F828B929462046BDE83840E9F70EBB96
S315080473A038BDF0B51D4685B001AB06460F46944672
S315080473B095E807006C7883E807002A78E988A242EA
S315080473C024D0B5F804E02AB112FB0EF0A21A01443F
S315080473D089B2D4B20122104600FA02F5A54213D3A3
S315080473E06D0804FB0E55D4B2D540ADF808508DF897
S315080473F00440ADF80A106246394630468DF8054011
S31508047400E2F7A0F905B0F0BD0132E5E7002CF0D0AB
S315080474100020AA888DF8040012FB04F20446ADF88D
S315080474200820E6E708B54A024FF40071EAF710FDAA
S31508047430002008BD08B58A024FF48061EAF708FD02
S31508047440002008BD4FF40071EAF71CBDD0F8F0001F
S3150804745040B10368122B04D9006D202828BF2020C8
S315080474607047002070472DE9F04186B00C9D03AEA5
S3150804747007468C46964695E807006C7886E8070022
S315080474802A78E988A24225D0A8882AB112FB00F5F1
S31508047490A21A294489B2D4B20122904608FA02F5FE
S315080474A0A54215D36D0804FB0055D4B2D540ADF8F2
S315080474B010508DF80C40ADF81210724661463846E5
S315080474C000968DF80D40E2F7BDFC06B0BDE8F081E4
S315080474D00132E3E7002CEED00020AA888DF80C00D0
S315080474E012FB04F20446ADF81020E4E71021EAF78B
S315080474F0C9BC08B190F92600704790F86201704734
S315080475000020704790F82D00704708B50B460622F0
S3150804751000F59E711846F8F7A4FB002008BD002262
S31508047520E3F77EBBA0F84C30BDF90030C0F89410E0
S31508047530A0F84A20A0F84E30002070474FF03A428F
S315080475402DE9F843B0F840600546072ED2F8B03066
S3150804755026D9D2F89830C78F838FF419591E0B434E
S31508047560073C1C40A4B2A4F108030B40816923F02C
S31508047570070331F80380936DC8F30C081FFA83F9DF
S31508047580012211461046EAF791FBA5F86E91A5F873
S315080475907081EF87A5F87241A5F84060BDE8F883C5
S315080475A000242746A046A146EAE74B782BB94FF0B4
S315080475B03A4341F6FF721A637047E3F7FFBC10B506
S315080475C0144608460121E7F711FA2046BDE810409B
S315080475D00121E7F70BBA70B5044615460E4609B9F4
S315080475E0212070BD130617D400F030F93146204621
S315080475F0FFF73EFA4FF6FF739842F1D000F026F9EA
S3150804760020464FF400310022EAF722FC2946204698
S31508047610BDE87040E3F7E4B80E20E2E78021EAF714
S3150804762031BC7FB5531C05AA02920222019200229C
S31508047630ADF8141000921146DBB2EAF735FC07B030
S315080476405DF804FB7FB5531C05AA4FF0040C02929F
S315080476500222ADF81410CDE9002C01210022DBB278
S31508047660EAF722FC07B05DF804FB1FB54FF0080CD7
S31508047670531C0022CDE9002C01220291DBB21146EB
S31508047680EAF712FC05B05DF804FB08B50A044FF4E2
S315080476908031EAF7DDFB002008BDF8B514468A07F1
S315080476A006460D4601F001070CD43FB1A2044FF477
S315080476B08021304602F48022EAF7CAFB6B070FD40E
S315080476C00020F8BD3FB104F00100C4F3400383422F
S315080476D0EBD02120F5E74FF48021EAF7D3FBF4E752
S315080476E0A2064FF08051304602F08052EAF7B0FB0A
S315080476F0E6E708B50A054FF48011EAF7A9FB002066
S3150804770008BD08B5CA044FF40021EAF7A1FB002016
S3150804771008BD09B141F01001E3F762B810B5044693
S31508047720E3F750F801462046BDE81040E3F758B899
S3150804773070B504460D461646FFF7DFFE032813D137
S31508047740A5B1B31E022B94BF4FF4BC732823294654
S31508047750C4F80831204684F82760FFF789F92046DB
S31508047760E4F7A6FD002070BD0220FCE72120FAE715
S31508047770E4F724BFD0F8EC30C3B15869B0B1531E4E
S31508047780DBB2FD2B10D9036813F1020F08BF4FF0C3
S31508047790FF33FF2A0B6005D143689A1C08BF4FF0D4
S315080477A0FF334B6000207047012AF4E72120704715
S315080477B02DE9F74F01251C469DF8303006460193FE
S315080477C00368174603F0070306339D4005F1FF389F
S315080477D00B46A1B1416804EA080BA5EB0B0A41F074
S315080477E00059524509EB0B0114D952461846F8F7C5
S315080477F038FA49467A1B5A445044F8F732FA019B38
S315080478002BB13C4448EA050804EA0804F46003B0CA
S31508047810BDE8F08F1846F0E74FF03A4301225A675D
S3150804782041F6FF72D96418651A67704737B500259B
S3150804783014460095FFF7BCFF204603B030BDE3F7B6
S3150804784049BF00207047002070477047704700F012
S31508047850FD00003818BF01204042C0B2704700201E
S3150804786070470A4690F89410A02901D8E3F732B96C
S315080478702120704708B5E6F72BFCBDE80840E6F773
S3150804788031BD38B50446FFF7F5FF0546FFF7F2FFA5
S31508047890431BA342FAD338BD38B50D460446E6F76A
S315080478A017FC35B1844200D90139204601F0030199
S315080478B038BD844238BF0131F7E708B5E6F702FD5B
S315080478C0BDE80840E6F70EBD08B50121FFF7E4FF59
S315080478D0BDE80840E6F706BD08B521B19200F8F7F9
S315080478E0C0F9002008BD2120FCE70B0C23F48053C3
S315080478F0B3F5284FF7B50D468FB2064699B217D099
S315080479004AF60103994215D04AF60203994213D05E
S31508047910B1F5204F14BF04240324D6F8EC300BB178
S31508047920196859B9D6F8E83093B9286803B0F0BD90
S315080479300024F2E70124F0E70224EEE723463A4658
S315080479406846E6F7A7FD019B002BEBD10098EDE707
S3150804795019680029E9D023463A466846E6F79AFDA7
S31508047960019B002BE1D1F1E702044FEA901309D4F5
S31508047970C3F30903A3F1C8006FF4FF739842B8BFB1
S31508047980184607E06FEA83536FEA935313F5007FAB
S3150804799018B2EFD17047012200210320E2F730BF65
S315080479A00E2070477047E9F777B9E9F775B9E9F72B
S315080479B073B9E9F771B908B50846E9F7A7FD08BD2B
S315080479C0E9F76AB938B505460C4603F0F2FCD5F86A
S315080479D09C301C40D5F898302343C5F8983003F0FA
S315080479E0E3FC211E18BF01210020490238BD0020EE
S315080479F070477047430803F05533C01A00F0333311
S31508047A00800800F0333018444FF0013300EB1010AF
S31508047A1000F00F305843000E70472DE9F74F1F4604
S31508047A209DF83030894683460193002850D00029B2
S31508047A3066D00D68002D65D04FF0000AEC79A97957
S31508047A40641AE4B2BC4207D30C3139445846294473
S31508047A50E41B0BEB020836E02868AA463F1B0028FD
S31508047A6036D00546EAE70619464588BFA8EB00045A
S31508047A70224688BF4646F8F7F4F8019B002B3CD00B
S31508047A80A879E4B23FBB2044A871E979AA7991425E
S31508047A9033D1D9F800202F68AA4208BFC9F8007064
S31508047AA0BAF1000F01D0CAF800702846EAF7C6FBF7
S31508047AB067B1BA79FC7902F10C013D46394430467E
S31508047AC00027A41AE4B24045CDD30646A6EB0B001C
S31508047AD003B0BDE8F08FEA793919121AD2B2914285
S31508047AE007DA0C302844D21B0144121B3844F8F731
S31508047AF082F8EA79121BEA71C7E7AA462F68D7E71C
S31508047B000846E5E72846E3E740B18379C279D21AFD
S31508047B10D2B28A4203D90C33194408447047006820
S31508047B20891AF1E710B5C4790246C4F14503D8B2F7
S31508047B30884228BF08460444D47110BD38B50546A2
S31508047B40C079C0F14504E4B2944288BFD4B20C307B
S31508047B5022462844F8F785F8EB7920462344EB7146
S31508047B6038BD1FB503910021009103A9FFF755FFFE
S31508047B7005B05DF804FB38B50446206800B938BD7D
S31508047B800568EAF75BFB2560F7E710B578B1026884
S31508047B9072B9002309E0194603600B68002BF8D074
S31508047BA05C79E407F7D500240C600360104610BD21
S31508047BB01146F2E7034658B10020DA7999791B6829
S31508047BC0521A50FA82F01BB15A79D207F5D5704782
S31508047BD0704770B50D460446E8B186798E4203D3DC
S31508047BE0751A8571012070BDC27906F145039B1A81
S31508047BF0DBB299420FD806F10C010144921BA81B6B
S31508047C00D2B20844F7F7F7FF0023A371E3791D44BA
S31508047C10AD1BE571E6E70020E5E70346006818B101
S31508047C2002681A600023036070470346002003B9FC
S31508047C307047DA7999791B68521A50FA82F0F6E78E
S31508047C4003680BB9016070471A461B68002BFBD101
S31508047C5011607047036803B10B600160704739B15E
S31508047C600B461A461B68002BFBD103681360016098
S31508047C70704770B5046806460D4644B12046FFF7BA
S31508047C80D4FFA84211D8236813B9E379A37170BD48
S31508047C9020463360EAF7D2FA3468F4E7ED1A236823
S31508047CA020463360EAF7CAFA3468002DEFD0A27981
S31508047CB0E3799B1ADBB2AB42F0D92A44A271E6E710
S31508047CC0F8B5066805460C4646B13046FFF7ADFFDB
S31508047CD0A0421DD8336813B9F379B371F8BD304699
S31508047CE02B60EAF7ABFA2E68F4E7064638460768C7
S31508047CF0002FFAD1C2798379D31ADBB2A34202D907
S31508047D00121BC271EAE7E41AEAF798FA3EB1376039
S31508047D10002CE3D028680028E0D00026E7E72E6088
S31508047D20F6E7F8B504460F46BC4200D1F8BDA1797A
S31508047D30E5796D1AEDB2C5F14506B6B20EB92468F1
S31508047D40F2E749B10C312A46214404F10C00F7F74D
S31508047D5052FF0023E571A3712368BB42EFD05A7919
S31508047D60D207ECD49979DD79A0796D1AEDB2B542CA
S31508047D7028BF3546E2790C3010440C312A4619449A
S31508047D802044F7F76EFFE379206853FA85F3E37125
S31508047D908379761B53FA85F5C379EDB2AB42B6B24D
S31508047DA0857103D103682360EAF748FA002ED3D114
S31508047DB0C5E738B10023027903604360836004236E
S31508047DC002714371704700221146EAF77DBA38B545
S31508047DD0036804460D46ABB11879FFF7F4FF98B16A
S31508047DE0226843790260527992074CBF43F0020332
S31508047DF003F0FD03437145235D1BC3718571206040
S31508047E00002038BD0120E8E71920FAE770B50C46CA
S31508047E101646054628B3006818B309B9002070BD8C
S31508047E200AB145291FD8E1B2FFF7D3FE0028F5D1D8
S31508047E301EB92B689A799E71A41A442C08D8002C6A
S31508047E40ECD02846E1B2FFF7C2FF0028E6D004E0EA
S31508047E5045212846FFF7BBFF08B11920DFE7453C53
S31508047E60EBE72220DBE72120D9E72DE9F84390F850
S31508047E70078090F806900446A8EB0907FFB2B942B2
S31508047E800D4602D30020BDE8F8830079FFF79BFF6F
S31508047E9006460028F6D0A17980790C317F1B29443F
S31508047EA00C30BAB221443044F7F7DBFEF3790120EB
S31508047EB03B44F371E37999444D442368A5EB0805DB
S31508047EC0E57133602660DEE7F8B5076806460D46B1
S31508047ED03C46002305B12CB90BB100221A60346064
S31508047EE03846F8BDE379A2799B1ADBB2AB4207D8C8
S31508047EF0E379A2799B1ADBB2ED1A23462468E9E7EB
S31508047F002046E9B2FFF7B1FF0028F1D10746E7E7B3
S31508047F10F7B5002605460F4601960DB9019C09E0FA
S31508047F20002238461146EAF7CFF9044628B901A8CB
S31508047F30FFF721FE204603B0F0BDA9794379817184
S31508047F40EA7923F00303C2716879521A00F0030030
S31508047F50034301F10C0063712918D2B22044F7F7E0
S31508047F6080FE019B03B9019406B1346026462D6848
S31508047F70D3E72DE9F74F0C4690460746002852D01A
S31508047F80002C53D0E279A579521BD2B29A4207D96A
S31508047F90C2460C351D442544BAF1000F0ED13EE005
S31508047FA024689B1AECE7254634E0002C39D00022D5
S31508047FB038791146EAF788F9386007468CB387B3E7
S31508047FC0E679F8790C362644761B5645334628BF97
S31508047FD05346C0F1450B5FFA8BFB5B45994628BFB0
S31508047FE0D9460C304A46294638440193F7F739FEF0
S31508047FF0FA794E454A44019BFA714D44AAEB090A9B
S3150804800008D12468002CCED0A579E279AA42F8D002
S315080480100C3525445B45BFD3BAF1000FC5D14FF0E3
S31508048020000AA8EB0A0003B0BDE8F08F2046FAE779
S315080480302DE9F8430E461546074680B389B35AB365
S315080480400446E279A3799A4202D1A146A84611E0E8
S315080480502368002BF9D0D9799A799142F5D01C4630
S31508048060EFE72AB9B9793879EAF72EF9024688B1D9
S31508048070A1461446424631462046FFF75FFD4C4565
S3150804808018BFC9F80040A8EB000822680644B8F1EE
S31508048090000FE6D1A5EB08052846BDE8F883054692
S315080480A0FAE70D46F8E7452937B515461C4611DCA7
S315080480B00022C9B2EAF708F9019040B122462946D6
S315080480C0FFF7B6FF844202D901A8FFF754FD0198C9
S315080480D003B030BD0020FBE70B6803B118680860DD
S315080480E010B14379DB0703D5003818BF0120704760
S315080480F00068F4E70B6813B908600120704718682C
S31508048100086020B1407900F0010080F00100704752
S31508048110EAF702BA03F04EBC08B502F0AFF948B95B
S3150804812000F0CEFD0128034607D1054A106820B998
S31508048130136008BD6FF00500FBE74FF0FF30F8E762
S315080481401C36002008B500F0BBFD38B1022804D05F
S31508048150034B1868431E5842584108BD0320FCE7E0
S315080481601C36002010B502F089F9044668B900F0F7
S31508048170A7FD01280CD1084B1A68012A08D1022246
S315080481801A6000F009FB204610BD6FF00500FBE7F6
S315080481904FF0FF30F8E700BF1C360020034B03609E
S315080481A0034B0B60A0231360704700BFC43500203F
S315080481B044330020034B0360034B0B60A023136076
S315080481C0704700BFEC3200206C30002010B54FF029
S315080481D0807440E90224184A4FF0123440F80C2CF3
S315080481E04FF003324FF0023C40E905244FF00132C8
S315080481F040F8203C40E9072C4FF010334FF0113279
S315080482004FF0093440E90A324FF008334FF0073C7F
S3150804821040E90C344FF006334FF0053240E90E3C82
S315080482204FF0043340E910326FF0020340F8443C3F
S3150804823040F8481D10BD00BF0D9C00084FF0E02211
S315080482400423136100234FF47A719361044B1B686A
S31508048250B3FBF1F3013B536107231361704700BF76
S31508048260D07B0020002313B54FF07F4201934FF0D3
S31508048270E023C3F81C2DD3F81C3D1B0E8DF80330E0
S315080482809DF803309DF803309DF8033013F0800FF2
S31508048290019B29D1082B0CBF0023019B174A18BF41
S315080482A0C3F107031B0203F4E06313604FF0E023F2
S315080482B00024D3F8202D42F47F02C3F8202DD3F8E6
S315080482C0202D42F07F42C3F8202DC3F81C4DFFF73A
S315080482D0B5FF0B4B1C6000F045F800F09FFCC1F796
S315080482E095FC204602B010BD013301939DF8033076
S315080482F05B00DBB28DF80330C6E700BF20360020EA
S31508048300B47B002008B502F062FB044A1368013303
S315080483101360BFF34F8FBFF36F8F08BDB47B002084
S31508048320044B1A681A68013A1A60186808B902F000
S3150804833059BB7047B47B0020094A1168086806C807
S3150804834081F30B88022181F31488203080F309888D
S31508048350BFF36F8F4FF0000080F3118810470000B9
S31508048360703B002006480068006880F3088862B6F7
S3150804837061B6BFF34F8FBFF36F8F66DF00BF000090
S3150804838008ED00E0EFF309801EF0100F08BF20ED9A
S31508048390108AEFF30B82734620E9FC0F0F4A116823
S315080483A008604FF0300080F31188BFF34F8FBFF396
S315080483B06F8F00F033FC4FF0000080F31188074AF2
S315080483C011680868B0E8FC0F13F0100F08BFB0EC8A
S315080483D0108A82F30B8880F309881847703B0020BB
S315080483E01EF0040F0CBFEFF30880EFF30980014970
S315080483F008470000A3A9040870B5B9B100230C4ABC
S315080484001C4615465668864204D105EBC403C3E9DF
S3150804841000100BE01BB91668002E08BF134601347A
S315080484200A2C02F10802EDD1002BF0D170BD00BF71
S3150804843024360020002310B5084A52F83310DC000D
S31508048440814206D10021064A42F83310224451607B
S3150804845010BD01330A2BF0D1FAE700BF28360020F5
S315080484602436002000222DE9F84306461E4B1F4CED
S315080484701D681F4B0F46D3F800801E4BD3F8009097
S315080484802368206883F85620043002F05EFA731CC9
S3150804849014D19FB1184B21685A688A60906821687C
S315080484A0C8602168043141602168043191602268FA
S315080484B053611A6801321A60BDE8F8832368216893
S315080484C0AD195D6001F1040104D34846BDE8F843DB
S315080484D002F019BA404602F016FA084B1A68AA427C
S315080484E088BF1D60E8E700BF98360020703B00206F
S315080484F0E4360020E0360020A03600207C36002032
S31508048500064A13681968064B19B94FF0FF321A6000
S3150804851070471268D2681268F9E700BFE43600208B
S315080485207C360020F8B50C4C0C4F0D4D236803B966
S31508048530F8BDFFF7E7FEFB68DE68301D02F005FAB2
S315080485402B68013B2B602368013B2360FFF7E8FE99
S31508048550304602F0DAFDE9E7B4360020B8360020E2
S315080485609C3600202DE9F0410446FFF7CBFE304B3C
S31508048570304E1A68304F01321A603568002D4AD1D8
S3150804858034601B68012B1FD1B8464046013502F0FA
S31508048590ACF9382D08F11408F7D1DFF8C480274D53
S315080485A0404602F0A2F9284602F09FF9244802F050
S315080485B09CF9244802F099F9234802F096F9234BCA
S315080485C0C3F80080224B1D60224A201D136801331C
S315080485D01360214A23641168E36A8B4288BF1360D7
S315080485E014225343F9184A689568A260E5606860DE
S315080485F09060FA5861610132FA50FFF791FE174B01
S315080486001B689BB13368DA6AE36A9A420ED2BDE8FC
S31508048610F04102F0A9B9114B1B68002BD4D1336879
S31508048620DA6AE36A9A4298BF3460CDE7BDE8F08116
S315080486309C360020703B002010370020E8360020C6
S31508048640CC360020B8360020A0360020E4360020B8
S31508048650E03600208036002094360020903600202C
S31508048660FC36002008B5044CFFF75CFF2368012B91
S31508048670FAD902F079F9F7E710370020F8B5044675
S315080486801D4DFFF73FFE04B92C68271D384602F036
S315080486905CF9A36A1BB104F1180002F056F9174AEB
S315080486A0174E1368013313602B683268B2B1A342BC
S315080486B014D13946134802F03DF9134A13680133B5
S315080486C01360FFF72DFE3368A3B12B68A34211D1BB
S315080486D00E4B1B68BDE8F84002F046B90C4A13680D
S315080486E0013B1360FFF70CFFFFF71AFE204602F062
S315080486F00CFDE8E7F8BD00BF703B0020803600207B
S3150804870090360020B8360020B4360020743600208F
S315080487109C3600201A4B2DE9F0411B680446834217
S3150804872026D0FFF7EFFD174BD4F828801F68164BA1
S3150804873065691E68FFF7F4FD144B98451AD0BD42C7
S315080487401AD0B54218D0124B9D4209D1A36A9BB9D7
S3150804875094F85430012B0CBF02200320BDE8F081A5
S315080487600C4B9D420AD0002D0CBF04200120F5E7CE
S315080487700020F3E70120F1E70220EFE70420EDE704
S31508048780703B0020E4360020E0360020CC3600207A
S31508048790A0360020B836002030B5194A8BB007AB8E
S315080487A012F8014B03F8014B002CF9D106AA05A9C6
S315080487B004A8CDE90444FFF7F1FC049B069A029346
S315080487C0059B1048CDE9004307A9234602F01CFD82
S315080487D00D4B186080B100F0C5FC012805460BD185
S315080487E002F0F5F84FF0FF32084B1A60084B1D608B
S315080487F0084B1C60FFF736FD074B1B680BB030BDF2
S31508048800A9BB040865860408783600207C3600204F
S31508048810903600209836002004D20408024A1368C9
S3150804882001331360704700BF74360020014B186883
S31508048830704700BF98360020014B1868704700BF80
S315080488409C36002008B9054B1868026B0020135C97
S31508048850A52B01D0800870470130F8E7703B00204B
S315080488602DE9F84F4E4B1B68002B40F093804D4B77
S315080488701C6801341C6064B94B4B1A684B4A196866
S315080488801068186011604A4A136801331360FFF7C9
S3150804889037FE484D00222B684749A342DFF824B126
S315080488A009D81746DFF820C13F4B1B681B689BB9DC
S315080488B04FF0FF332B604148DBF80030046814207E
S315080488C0DB6A4343C858012898BF002C14BF01200B
S315080488D000201043BDE8F88F334B1B68DB68DB6860
S315080488E05868844201D22860E5E7D3F81480D3E9AE
S315080488F00209C0F80890C9F80400D8F8040003F17E
S31508048900040E7045D8F8000008BFC8F8049001386A
S315080489105F61C8F80000D3F82880B8F1000F13D0B7
S31508048920D3E90709C0F80890C9F80400D8F8040080
S3150804893003F1180A5045D8F8000008BFC8F804908F
S3150804894001389F62C8F800001426D86ADCF800804B
S31508048950404506FB00F801EB080ADAF8049088BFDC
S31508048960CCF80000D9F80860C3F80890DE60C6F8A9
S3150804897004E0C9F808E0C3F814A051F80830013334
S3150804898041F80830DBF80030DB6A984288BF42F0C9
S31508048990010289E70A4A002013680133136099E73C
S315080489A07436002098360020E4360020E03600208D
S315080489B0843600207C3600201037002088360020B4
S315080489C08C360020703B0020943600202DE9F84FA1
S315080489D0FFF798FC434B1A681A68013A1A601B6831
S315080489E02BB10024FFF79CFC2046BDE8F88F3E4ACD
S315080489F01268002AF5D014264FF0010C3B483C4C6B
S31508048A003C4A3D4F3D4D51E0C368DB68D3F828E046
S31508048A10D3E90718C1F80880C8F80410DEF804106A
S31508048A2003F1180949454FF0000108BFCEF8048040
S31508048A309962DEF800100139CEF80010D3F814E074
S31508048A40D3E90218C1F80880C8F80410DEF804103F
S31508048A5003F104094945DEF8001008BFCEF804807E
S31508048A600139CEF80010D3F82CE0216806FB0EF87D
S31508048A7002EB080A8E45DAF8041088BFC4F800E049
S31508048A80D1F808B09960C3F80CB0CBF80490C1F8D3
S31508048A90089052F80810C3F814A0013142F80810D7
S31508048AA03968C96A8E4501D9C5F800C00168002924
S31508048AB0AAD10BB1FFF724FD114D2C6844B1012747
S31508048AC00E4EFFF7CDFE00B13760013CF9D12C609C
S31508048AD00A4B1B68002B84D0074B01241B6801F042
S31508048AE043FF7FE7743600209C360020CC360020EE
S31508048AF09436002010370020703B0020883600206A
S31508048B008C36002010B50C46054B1968183101F04F
S31508048B10FAFE2046BDE810400121FFF7A3BC00BFBA
S31508048B20703B00200F4B70B444681D68A668EC615E
S31508048B301D68002A2E621D6805F1180575601D68F2
S31508048B401B6805F11805A5609862036870BC03F1F3
S31508048B50010303600CBF08464FF0FF301146FFF7C8
S31508048B6081BC00BF703B0020C368F0B5DB689A6A15
S31508048B70D3E9070181604860506803F11804A042EC
S31508048B8008BF5160002199621168013911601D4AB4
S31508048B90D96A1268002A29D1D3E902405A69A06021
S31508048BA0446054681D1DAC4208BF50601068013803
S31508048BB01060154A1068814288BF116014224A431E
S31508048BC0124886187468A7689C60DF607D60A56093
S31508048BD05E618358013383500D4B1B68DB6A9942E7
S31508048BE085BF01200B4B00201860F0BD0A4A506867
S31508048BF08568D8611D626C6084609A621368013363
S31508048C001360E9E7743600209436002010370020F4
S31508048C10703B002088360020CC360020F8B51D4B62
S31508048C201A681D4B12B101221A60F8BD1B4C1A6052
S31508048C3023681B6B1A68B2F1A53F0BD15A68B2F1C7
S31508048C40A53F07D19A68B2F1A53F03D1DB68B3F112
S31508048C50A53F04D0216820683431EBF7FEFB1427BE
S31508048C600F4E104D316807FB01F3EA58581972B1D3
S31508048C704268083352682B449A42426008BFC26865
S31508048C80D36808BF4260236031602368CDE70139A1
S31508048C90E9E700BF7436002088360020703B0020C0
S31508048CA09436002010370020014B1868704700BF1F
S31508048CB0703B00200122014B1A6070478836002059
S31508048CC0054B1B6833B1054B1868B0FA80F04009A8
S31508048CD04000704701207047903600207436002003
S31508048CE0F8B5044600282ED01D4DC36A2A68D26AF0
S31508048CF093422DD282691B4E002AA1BF2A68D26AE2
S31508048D00C2F138028261142202FB036342699A4261
S31508048D101AD1071D384601F018FE2B68124ADB6A79
S31508048D201168E3628B4288BF136014225343F11817
S31508048D304A689068A260E06047609760F25861618B
S31508048D400132F2500120F8BD2B68DB6AC362F9E7E9
S31508048D502B68806CDB6A98422CBF00200120F2E75E
S31508048D60703B0020103700209436002070B5044666
S31508048D7008B9002070BD154BC16A1B68826CC36CA8
S31508048D80914203F1FF33C364F3D0002BF1D1051DDF
S31508048D90284601F0DAFDA36CC3F13802A2610C4A35
S31508048DA0E36211688B424FF0140188BF13604B438A
S31508048DB0084AD01841688E68A160E66075608D60BF
S31508048DC0D158606101310120D150D3E7703B0020AE
S31508048DD0943600201037002070B50446002831D098
S31508048DE0836C994238BF1946C36A8B422AD0C26C2F
S31508048DF0012A27D1144A154D12688269C162002ACC
S31508048E004FF0140202FB03534269A4BFC1F13801AF
S31508048E1081619A4216D1061D304601F096FD0C4A28
S31508048E20E36A11688B4288BF136014225343E91816
S31508048E304A689068A260E06046609660EA58616194
S31508048E400132EA5070BD00BF703B00201037002085
S31508048E5094360020034B186810B1C36C0133C364FD
S31508048E60704700BF703B0020034B1B680360034B2D
S31508048E701B684360704700BF84360020983600207C
S31508048E8070B50D460446FFF73DFA144B1968144BA2
S31508048E901A6892F8562042B100221B6883F85620B5
S31508048EA00124FFF73DFA204670BD2B685A1C13D0DF
S31508048EB00C48266800686268864204D08A4202D84A
S31508048EC000232B60ECE7881A8342F9D95B1A13440A
S31508048ED020462B60FFF7C8FF0024E2E798360020F7
S31508048EE0703B002084360020914208B54160006139
S31508048EF00AD8D21A83699A420DD2084B011D1868FA
S31508048F0001F001FD002008BD9A4201D2994202D21D
S31508048F10034B011DF3E70120F5E700BFD03B002012
S31508048F20D43B00200E4B70B51B680546DB680E461D
S31508048F30DC68201D01F009FD94F828305A0709D584
S31508048F4032462946204602F08CF92046236ABDE8B3
S31508048F507040184723F0010384F82830F5E700BF6A
S31508048F60D43B002010B5084C23681A6822B9074A6E
S31508048F7011681360216010BDDB684FF0FF31186873
S31508048F80FFF7D0FFF0E700BFD43B0020D03B00201A
S31508048F90F7B5114CFFF7B6F92568BDB90F4F104E52
S31508048FA0384601F0A2FC304601F09FFC0D4B102117
S31508048FB01F600D4B0A201E600C4A0D4B009502F0EB
S31508048FC05FF8206010B10B49FFF716FA03B0BDE845
S31508048FD0F040FFF7A5B900BFCC3B0020EC3B0020CE
S31508048FE0D83B0020D43B0020D03B00208F630020D0
S31508048FF0783B0020AEBB04082DE9FF41554E564B7D
S315080490001B681F680FB30025DB681F68FFF706FC9B
S31508049010FFF70CFC336804469842DFF8448116D3FC
S315080490203060002D40D04D4B1B681D68B5FA85F598
S315080490306D092A46D8F80000391B01F086FFFFF7A8
S31508049040C5FC48B901F090FC06E00125DEE7FFF708
S3150804905089FF3460FFF7BAFC102200216846F6F748
S31508049060E3FD00226946D8F8000001F0DCFD00287B
S31508049070C5D0009B0298002B1FDB029C63691BBBAF
S31508049080FFF7D4FB33680546984201D2FFF76AFF17
S31508049090009B3560013B082BE3D8DFE803F0191978
S315080490A03C435219193C43008742C2D8FFF78EFC49
S315080490B021463846FFF736FFCEE7019B03999847C2
S315080490C0009B002BCDDBD8E7201D01F03EFCD7E73B
S315080490D094F82830A16943F0010384F82830019BE9
S315080490E02A4620461944FFF7FFFE0028B9D094F80B
S315080490F0283059070AD5A36901992A4620461944EE
S3150804910002F0AFF82046236A9847AAE723F001033A
S3150804911084F82830F6E794F8283023F0010384F815
S3150804912028309EE794F82830019943F0010384F81F
S315080491302830A1612B462A4620462944FFF7D4FE47
S315080491408FE794F828309A07E7D4204601F05DFCA7
S3150804915087E700BF743B0020D43B0020D03B0020A7
S31508049160CC3B002010B588B0FFF712FF0E4B002445
S315080491701868B8B107AA06A905A8CDE90544FFF7F2
S3150804918019F8059B079A0293069B08490193282315
S3150804919007480093234602F037F8064B1860001B6D
S315080491A018BF012008B010BDCC3B0020B3BB04088F
S315080491B0F98F0408C83B002038B50D46044602F06A
S315080491C005F9064B1A682DB114431C60BDE83840EE
S315080491D002F0F7B822EA0404F7E700BFCC3D002002
S315080491E038B5054602F0F2F8044B1C6802F0E9F8B3
S315080491F004EA0500003818BF012038BDCC3D00201C
S3150804920008B5EFF792FD30B1034B186818B1036837
S315080492101878C0F3401008BDD03D002008B5EFF714
S3150804922084FD48B1054B186830B10368188800F006
S315080492300700C31E5842584108BD00BFD03D002050
S315080492402DE9F047E0B007AC0746C1F7F1FF204621
S31508049250C3F7BCF8B4F802C0BCF1020F7FD926469E
S3150804926040AD0FCE0FC53368BCF1270F2B6009D963
S315080492702723A288ADF80231262A82BFADF8043125
S315080492800023439320AE304640A9C3F75DF89DF802
S3150804929002A1BAF1000F62D00DF130090DF1810374
S315080492A0C9F80030A36848461B780DF15808A9F890
S315080492B004300DF20113C8F80030EBF7A8F9054697
S315080492C0002869D0207CC2F741FE06460DF1100A33
S315080492D051464846EBF75BF9002E43D10025594A17
S315080492E0594903AB504692F900200978C0F7F0FCB7
S315080492F00346002840F09C8029464846534ACDF840
S315080493000080C0F727FD50BB4046EBF78BF920B128
S3150804931031464046C3F75EFA08BBA388FBB1A66884
S315080493206288013B0136013A9BB2A6606280A3803B
S3150804933003B9E6684046EBF775F918B1337843F094
S31508049340040333701DB1337863F07F033370B8F8C0
S315080493500420384640A98DF80021FDF716FF60B0B1
S31508049360BDE8F087C3F772F90028B7D09AF8083031
S31508049370002BB3D0022B07D151463046C3F732FD32
S31508049380C543C5F3C035AAE73046BAF80010C3F793
S3150804939091FCF5E73346AFE7BAF1010F18BF7578C4
S315080493A0C3F754F9002837D0384640A9FDF7EAFE32
S315080493B0002836D1207CC2F7C9FD05460028CED040
S315080493C09DF80831032B0BD09DF80831022BC6D122
S315080493D02846BDF80011C3F76DFC002805DABEE778
S315080493E040A9C3F7FFFC0028EEDB3846FDF7C8FEA4
S315080493F0B8B9A388002BB2D0A2686188013B0132B0
S3150804940001399BB2A2606180A38003B9E26813782C
S3150804941063F07F031370A2E705F00705012D9ED0BC
S31508049420E3E7022803D10A48EBF7DBF997E7FEE7F7
S31508049430002EAFD01A46054803A9C0F7A5FC034673
S315080494405AE700BF556400205664002033640020A0
S31508049450FAC3040800232DE9F0418CB0032001A9BE
S315080494600093C2F769FF002800F007819DF80430CD
S31508049470072B40F0028106A9C2F76EFF002840F0C8
S31508049480FC809DF8140010F0110F08D110EA101290
S3150804949000F00F0303D113B10F2800F2EE80BDF8D4
S315080494A00640039A04F1010813781FFA88F843451D
S315080494B040F0E380E31E7B2B00F2DF80BDF8083022
S315080494C0002B00F0DA80511C013B03919BB2611E0C
S315080494D0ADF80610ADF80830002B6AD1049B1F7846
S315080494E0C2F734FD064648B99DF8143013F0110F37
S315080494F004D11A0702D00F2B00F2BF809DF825303D
S31508049500002B58D007F00703022B40F0B680604DB5
S3150804951001A92868C2F718FFA5F80480C2F7B4FFA2
S315080495200146092001F0CDFEFFF76AFE002838D06F
S31508049530584B2A681B6892781B689B789A4230D1E4
S315080495409DF81E30002B00F09880023406A8ADF86A
S315080495501C40C2F7ADFF002840F08F809DF82630E6
S31508049560069C6B759DF82730AE62AB75C1F766FE2F
S31508049570844228BF01F1FF310120C5E90241EFF712
S3150804958023FCC2F73DF8C7F30011292007F010049D
S3150804959001F097FEFFF742FE18B114B101223E4BC3
S315080495A01A70FFF73BFE08B9C2F766FE0CB0BDE8B1
S315080495B0F081577894E7C3F743F810B9B8F1040F64
S315080495C05BD09DF81E30002B57D0A31C06A8ADF817
S315080495D01C30C2F76DFF00284FD13048F2F7E0FF80
S315080495E000284AD169462E48F2F7C2FD002844D11C
S315080495F00098002841D001A90C30C2F7A5FE009BAB
S3150804960083F80080BDF82C20009B5A709DF926200B
S31508049610009BDA709DF82720009B9A70009B069A97
S315080496209A609DF81400EFF7D7FE002818BF0026A5
S3150804963000991A484E60F2F754FFF0B117F0200764
S315080496400DD0C2F72FFF0446C2F71EFF05340146A4
S31508049650E0B201F036FE0120EFF795FBA6E7C2F764
S3150804966013FF0D4D0146092001F02BFE2B78002B24
S315080496709CD0C2F701FE2F7098E7C2F705FF014692
S31508049680042001F01EFE00990548F2F78AFD8DE7CD
S3150804969010150020D03D002032640020E43D00204F
S315080496A0D43D002038B5054650B1184C0020EFF7D4
S315080496B06AFB23781BB1C2F7DFFD0023237038BD8C
S315080496C0EFF733FB0028FAD02846EFF763FBFFF7DA
S315080496D097FD044640B10120EFF760FB2946BDE833
S315080496E03840282001F0EDBD01462B2001F0E9FDA4
S315080496F0C2F7C2FD0120EFF767FB2046EFF73CFBF4
S315080497002046BDE83840EFF751BB00BF326400205D
S3150804971008B5FFF775FD00B9FEE701F0BDFD00B910
S31508049720FEE70120EFF762FB0020EFF725FB002098
S31508049730EFF73CFB00212A2001F0C3FD0020EFF7D8
S315080497402DFBC2F799FD0022014B1A7008BD00BF14
S3150804975032640020034B5868C0F30800003818BF69
S315080497600120704700ED00E0014B1868704700BF00
S31508049770D47B00200A4B1B6F03F00703013B032B22
S3150804978003D8DFE803F00A030608FEE7054B186862
S315080497907047054BFBE7054870470548704700BF07
S315080497A000800050D47B0020DC7B002080D5430257
S315080497B0002D310108B5FFF7DDFF054B1B6FC3F319
S315080497C003330133B0FBF3F0024B186008BD00BF46
S315080497D000800050D07B00200048704700B4C404C1
S315080497E000487047002D3101014B1868704700BFC7
S315080497F0DC7B00200048704780D543024FF40022E2
S315080498001B4B5A664FF0B4429368C3F304430C2BBC
S315080498100AD8DFE803F00B0709092709191B1D1FD6
S31508049820212325001348704700207047936803F0E6
S315080498304073B3F1807F17D0B3F1007F16D0002BA5
S315080498400D4818BF002070470C4870470C487047ED
S315080498500C4870470C4870470C4870470C487047CA
S315080498600C4870470C4870470C4870470C487047BA
S3150804987000900050404B4C0000093D00405DC60076
S315080498800024F400C0EA2101002D310180BA8C01BC
S315080498900048E801005A62028096980080841E00F7
S315080498A040420F00014B1868704700BFD87B002060
S315080498B00122437801789A4030235943014B5A5080
S315080498C0704700BF40D00350034B5A68D20702D5ED
S315080498D0DA69002AF9D1704700C00A5030B9044B36
S315080498E05A68D20702D59A6D002AF9D1704700BF83
S315080498F000C00A5008B9014B5964704700D00A5091
S3150804990008B9014B5964704700E00A5008B9014B7D
S315080499101964704700E00A5010B9024B186C704776
S315080499200020704700C00A5010B5FFF7D7FF40B9AA
S3150804993011B9054BD86C10BD0129FCD1024B186D21
S31508049940F9E70020F7E700BF00C00A5038B5144607
S31508049950FFF7C4FF10B911B9034BDC6438BD0129FC
S3150804996004BF014B1C65F9E700C00A5008B54FF05F
S31508049970FF31054801F0AFFE28B94FF48062034B66
S315080499809A66BFF34F8F08BD8C4B00200090005099
S315080499904FF48062024B03489A6601F0BABE00BFD0
S315080499A000A000508C4B002038B5054600283FD04F
S315080499B0FFF7DCFF044640BB284601F082FD95F814
S315080499C0243043B94FF098435A6CD202FCD55D6DE6
S315080499D005F4702522E04FF09842936D43F0020394
S315080499E09365FEF7AFFB022811D1124B4FF0FF31F6
S315080499F0186E00F00FFF4FF09842936D23F00203A0
S31508049A00936530B1FFF7C4FF0124204638BD2046CC
S31508049A10F1E74FF4A022084B1D681A60FFF7B8FF58
S31508049A200446002DF1D02846BDE8384001F006BDAD
S31508049A302124EAE7284B0020087C002030B5154B82
S31508049A4087B00293144B0390049346F611030D460C
S31508049A50059300F07DF91428044616D1684601F0EA
S31508049A60E5FD4FF0A843032202A95A6319601D6154
S31508049A709A63DA6B9207FCD1142C02D1684601F07A
S31508049A80E3FD00F057F9044601E00028E9D0204632
S31508049A9007B030BDF04B0020040000202DE9F04F3C
S31508049AA0B1B005468C46E9466F4F3B9EDDF8F8E0B3
S31508049AB0409C07F1100AC846386879680837A8E848
S31508049AC003005745C146F6D10EEB0208C8F1000952
S31508049AD009F00F09002E00F0AD80774207F00F0752
S31508049AE00121DDF8FCB0C4F1100ACDF810B00591D7
S31508049AF044F0005106914FEA0A2101F4F85141F065
S31508049B002101079106B96B460893002D40F094800D
S31508049B10002C00F0918004AB0993002E00F08E808F
S31508049B2046F000530A93002D40F08B80002C0CBF9E
S31508049B302123012343EA07230B9308A842F0005381
S31508049B40CDF830C03D990D900E934FEA092343F0A2
S31508049B5041030F931091002A75D00CA91191002185
S31508049B60002A18BF412341EA0E01129113933C9B24
S31508049B703E4A149310AB15933D4B0021169340F6B9
S31508049B80110317933B4B002D18BF1346189314ABB8
S31508049B901993394B10221A9311231B931CAB18469D
S31508049BA0F6F742F801221D924AF080421E920022DC
S31508049BB00346239205B9EB46102C08BF01230DF181
S31508049BC0900A102200215046CDF880B021932294A1
S31508049BD0F6F72AF8002C3AD020AB002125938F42B9
S31508049BE018BF534647F0804226923A9A2CA82892E0
S31508049BF02993B2FA82F35B0946EA837310222B91FE
S31508049C002A93F6F711F826B328ABC8442D932CA942
S31508049C1048F0804318A82E93FFF710FF38B935B9D2
S31508049C2003460246A34216D1002A18BF2C2031B097
S31508049C30BDE8F08F102753E701236DE747F000537B
S31508049C4070E7212376E74FF00051119088E7012346
S31508049C50C3E75346D9E703F1C001694411F8C01CA8
S31508049C6001330A43DEE700BF87CE0408D4DB0408C1
S31508049C7010000020D0DB040804000020F0B5C02939
S31508049C809FB0249E4FD0B1F5807F04D0802941D05F
S31508049C9029201FB0F0BD40F2144440F23445002E8A
S31508049CA018BF2C46212710250194012402960394F3
S31508049CB004950597259F069706B102AC07940124D7
S31508049CC0089509940A9221220B940C950D92174A29
S31508049CD00AAC0E92164A0F94109242F61102119289
S31508049CE0129313941495159201AA1692CBB112AB3A
S31508049CF01793042318931123199316AB1A901B93DD
S31508049D0040F61103C9081C911AA806A91D93FFF762
S31508049D1095FEBEE7002E0CBF4FF482644FF48664AA
S31508049D20C0E70EABE4E70F20B3E700BFCCDB0408BB
S31508049D3010000010044B5B68C3F3080313B9034807
S31508049D4001F0E7BC0020704700ED00E0F44B00206A
S31508049D5038B51B4B5A6E42F004025A66D3F8802271
S31508049D6042F00102C3F88022164B5B68C3F308036A
S31508049D7043B14FF0A842D36B13F0430FFBD114241D
S31508049D80204638BD104B1B78A3B14FF0FF310F485E
S31508049D9001F0A1FC04460028F2D10D4D2B681BB92D
S31508049DA004212846F5F7C5F82B68013343F0004328
S31508049DB02B60E5E7C9F78EFD04460028E5D0DFE702
S31508049DC00080005000ED00E000660020F44B0020FF
S31508049DD0F04B0020E0B1026812F4E07FC2F382136C
S31508049DE00FD0012B0FD0022B12D10A4B69B103F500
S31508049DF08053012102F03F0201FA02F200201A60A0
S31508049E007047054BF2E7054BF0E703F50053F0E717
S31508049E100E2070476C8000506480005068800050A3
S31508049E2070B506460D4601F0D1FA04460E4B1B687A
S31508049E30183B13F1180F04D12046BDE8704001F011
S31508049E40C0BA1A681268B24201D09B69F0E7074A99
S31508049E5013601B69064A53F82530157003B19847F1
S31508049E600022024B1A60E7E7EC4C0020E44C002081
S31508049E70036600200346064802689A4203D84168E6
S31508049E800A44934202D3406A0028F5D1704700BFBA
S31508049E90104D00200E4A30B51368416183B910602D
S31508049EA083600CE0491B9D681C4641612B461DB125
S31508049EB05D698D42F6D92CB1A060836023B930BDA3
S31508049EC00024F5E7106083605A69521A5A61F6E766
S31508049ED0504D00200D490B68A0B10022A3B183425E
S31508049EE003D1836822B90B6003E01A469B68F5E739
S31508049EF0936083680BB9002070475A6941690A441C
S31508049F005A61F8E72220704702207047504D002016
S31508049F1010B500F0FBF90A4C0A4B19682368C31AF2
S31508049F2009B9206010BD002BFBD04A699A423ABF92
S31508049F309B1A0022D21A4A6128BF00238968EFE7D0
S31508049F404C4D0020504D002038B5154D2B682BB3C9
S31508049F505B69A3B1134A022014681C4401F093FDFB
S31508049F60204600F0E7F900230F492A680B7022B14E
S31508049F70D08880070AD501230B70002038BD02203B
S31508049F8001F081FD022000F01FFAECE79268002A2E
S31508049F90F3D050690344012BEAD9EEE72220EDE712
S31508049FA0504D00204C4D00200766002070B50D4624
S31508049FB09DF81410164601710499BDF8182001601D
S31508049FC000210446C0E903368160C28006BB00F05E
S31508049FD09DF92844A0613DB9E368656113B120463B
S31508049FE021689847C6B1354601F0E3F90646FFF7F6
S31508049FF08FFF29462046FFF74DFF084B1B689C42F6
S3150804A00001D1FFF7A1FF3046BDE8704001F0CCB995
S3150804A01000F07CF93044DDE770BD00BF504D0020E8
S3150804A020F8B50546D0B101F0C4F90646FFF770FF46
S3150804A0300B4B28461F68FFF74DFF044620B13046F0
S3150804A04001F0B2F92046F8BDAF42F8D1FFF77CFF1C
S3150804A0502228F4D1022000F0A5F9F0E72224F1E73A
S3150804A060504D002038B50C460546A8B1A1B10023C9
S3150804A0700B7001F0ABF90121084B1B6833B901F0E9
S3150804A080A0F9002038BDAB4204D121702278002AF9
S3150804A090F9D0F4E79B68F1E72220F3E7504D002056
S3150804A0A070B501F093F9064600F030F9084B0446FA
S3150804A0B001201D6801F0D2FC18B100F027F9044606
S3150804A0C00135304601F07DF92046294670BD00BFAA
S3150804A0D0584D002038B50021044640F2E730054BB8
S3150804A0E04FF47A721D680023E4FB0501D0F722F9C0
S3150804A0F038BD00BF544D00200B4B70B51B68044691
S3150804A10083420D460ED340F2E7300021074B4FF445
S3150804A1107A721E680023E4FB0601D0F70BF928605F
S3150804A120002070BD2120FCE7484D0020544D002036
S3150804A1300F4B10B51A689AB14FF47A71531E13422D
S3150804A140A0FB01010ED1B2FA82F2C2F11F04531C1C
S3150804A150D243E04001FA03F3184321FA02F2024318
S3150804A160104610BD0023D0F7E5F80246F8E700BF0D
S3150804A170544D002038B5164B14468342154B8B4173
S3150804A18023D3154B1A6802B34FF47A75A0FB05035B
S3150804A19005FB0131531E134211D1B2FA82F3C3F1FE
S3150804A1A01F055A1CDB4301FA02F2E84021FA03F3BD
S3150804A1B010431843E940C4E90001002038BD0023D0
S3150804A1C0D0F7B8F8C4E90001F7E72120F6E700BF9D
S3150804A1D0EFA7C64B37894100544D0020C2072DE925
S3150804A1E0F843044607D5464A136801331360FFF754
S3150804A1F08FFEFFF7A9FEA3077FD501F0E7F84FF016
S3150804A200000805464646FFF783FE3E4F3C680CB1F8
S3150804A2106369A3B100223C4B012E1A7003D118F0CE
S3150804A220020F18BF1E70FFF78FFE222802D10220E4
S3150804A23000F0B8F82846BDE8F84301F0C2B823464A
S3150804A2405A693AB91A792179914288BF1C469B689A
S3150804A250002BF5D1284601F0B4F82569002D38D02D
S3150804A26000F054F8A269A0EB02084FEAE873A8457F
S3150804A27073F100032EDB23691344A36101232269C6
S3150804A280CAB1C3B9A38BB5EB080533B1E28B134442
S3150804A2909BB2B3F57A7F28D2E38301F097F8804618
S3150804A2A029462046FFF7F6FDA3692269404613446A
S3150804A2B0A36101F086F8E36813B12046216898473C
S3150804A2C0B4F8068001F082F801360546FFF720FE49
S3150804A2D09CE7A84601F07AF881462046FFF7FAFD7E
S3150804A2E0484601F06EF80023C9E7A3F57A73E383B9
S3150804A2F0A369013D013BA361CFE7BDE8F88300BF2D
S3150804A300584D0020504D00200666002008B5FFF77A
S3150804A310DBFA014B986908BD00C00A5007B5044B1F
S3150804A32001A9187901F011FA019803B05DF804FB44
S3150804A33090DC0408F8B5044601F03BF80746FFF735
S3150804A340C3FA154B9D6901F09AFB06460020FFF7F0
S3150804A350E3FA830704D4731B032B01D8AE420FD147
S3150804A3600021631B022B98BFEC1C0846B4F1FF3F7F
S3150804A3702CBF2246621EFFF7E9FA022001F083FB8E
S3150804A380384601F011F8054B1A7822B10121044A1E
S3150804A390916400221A70F8BD00C00A50677D002037
S3150804A3A000D00A50830700F0010106D50123044AA8
S3150804A3B041F002011370034A93640020FFF7A0BA20
S3150804A3C0677D002000E00A50830742BF0222014B42
S3150804A3D01A64704700D00A500A2810B50FD801230A
S3150804A3E0E8B1834013F4757F33D113F02A0F32D1C1
S3150804A3F00A280AD11D4A137823F001032FE02728D7
S3150804A40005D8252806D822282BD0002010BD29389F
S3150804A4100328FAD8154A137823F002031FE0144CCC
S3150804A4202370F2F7C9F9134BC0B21A689042ECD0FC
S3150804A4300E4A1278002AE8D12278002AE5D00E4A74
S3150804A4401268511CE1D0002ADFD01860EEF73DFEF1
S3150804A450DBE70029CED0054A137843F001031370CD
S3150804A460D3E7024A137843F00203F8E70F6600209D
S3150804A47010660020EC4F0020F041002010B5EFF3E1
S3150804A480058414B10124204610BDFEF719FC0128E1
S3150804A490F9D0EFF31083002BF4D1EFF31184003CC9
S3150804A4A018BF0124EFE708B54FF0E0231B69FEF750
S3150804A4B007FC012803D0BDE8084000F060BA08BDCF
S3150804A4C010B5FFF7DBFF044640B9FEF7F9FB40B1C8
S3150804A4D0022808D1FEF7A2F9204610BD6FF0050040
S3150804A4E0FBE70120F9E74FF0FF30F6E710B504461D
S3150804A4F0FFF7C4FFB0B9FEF7E3FB30F0020314D14B
S3150804A500012C03D1FEF78AF9204610BD6CB9FEF773
S3150804A5105DFA0128F8D0FEF7D3FB841E18BF4FF066
S3150804A520FF34F1E76FF00504EEE74FF0FF34EBE78D
S3150804A5300023F0B587B006460F4614460593FFF781
S3150804A5409DFF18BB16B364B3A56925B16B1E372BDB
S3150804A55002D907B0F0BD18256368DB0731D46369EF
S3150804A560B3B19A082168D4E902C0BCF1000F11D02E
S3150804A57057280BD9206948B143B1013DCDE9010CEF
S3150804A5803B463046009500F03FFE05900598E0E707
S3150804A590A022E7E70028F9D12369002BF6D10C4657
S3150804A5A001E01825A02205AB013D019321463B464F
S3150804A5B03046009500F0FAFD01281CBF00230593D8
S3150804A5C0E4E70020C5E7FEF76FBB10B50446FFF7BE
S3150804A5D055FF28B91CB12046FEF734F9800010BD92
S3150804A5E00020FCE7002008B5FEF748F8FEE738B572
S3150804A5F00546FFF743FF044650B965B12846FEF7FA
S3150804A60089F804280AD02846FEF738F8204638BDC3
S3150804A6106FF00500FBE76FF00300F8E76FF0020040
S3150804A620F5E770B50546FFF729FF10B10024204663
S3150804A63070BD1DB36E683307F8D4D5E9021306F066
S3150804A640010691B14F2BF1D9B6B1042000F03DFDB6
S3150804A65004460028EAD0296811B12046FDF7CCFE45
S3150804A660002EE4D044F00104E1E7002BDED12EB13C
S3150804A670042000F0ECFCEBE70120E7E7012000F0FA
S3150804A680E6FC04460028D1D0002DD0D00026E2E707
S3150804A690F8B505460C4620F0010600F00107FFF759
S3150804A6A0EDFEA0B9012D15D92146304667B100F053
S3150804A6B018FC012801D10020F8BD002C14BF6FF046
S3150804A6C001006FF00200F7E700F078FBF1E76FF09E
S3150804A6D00500F1E76FF00300EEE770B5044620F0D5
S3150804A6E0010500F00106FFF7C9FE90B9012C13D93C
S3150804A6F046B1284600F009FC01280CBF00206FF07B
S3150804A700020070BD334632463146284600F013FA35
S3150804A710F2E76FF00500F4E76FF00300F1E70128AC
S3150804A72010B50ED920F00104FFF7A8FE20B1204683
S3150804A730BDE8104000F0CFBB2046BDE8104000F04D
S3150804A740BDBB002010BD70B5054620F00106FFF715
S3150804A75095FE044648B9012D0AD93046FDF76AFE26
S3150804A760304600F0E7FB204670BD6FF00500FBE7B6
S3150804A7706FF00300F8E773B504460E461546FFF76F
S3150804A7807DFE40B93CB1B44205D355B1D5E9023290
S3150804A7902BB14F2A25D80024204602B070BD002AC2
S3150804A7A0F9D1012C08D02046314600F05BFC04465A
S3150804A7B00028F0D075B9EFE703220021012000F044
S3150804A7C01CFC17E020461A46314600F08CFC044669
S3150804A7D00028E0D029680029DED02046FDF70CFEC3
S3150804A7E0DAE7012CEED103220146009202462046FE
S3150804A7F000F046FC04460028CDD0002EDAD000230B
S3150804A8001A46194600F097F90128D3D0204600F0D5
S3150804A81091FBC0E737B50C46054618B96FF0030037
S3150804A82003B030BDFFF72AFEB8B1002CF6D1214695
S3150804A830284601AA019400F08DFA012802D06FF087
S3150804A8400200EDE7019B0BB90020E9E74FF0E0238E
S3150804A8504FF08052C3F8042DF6E72146284600F047
S3150804A860ADFA0128F0D0002CE9D06FF00100D7E743
S3150804A87013B5044608B3FFF701FE0346A8B100233F
S3150804A880204601A9019300F037FA012803D06FF096
S3150804A890020002B010BD019B2BB14FF0E0234FF02C
S3150804A8A08052C3F8042D0020F3E7024601462046E9
S3150804A8B000F041F90128F6D0E9E76FF00300E8E76C
S3150804A8C038B50546FFF7DAFD044640B955B12846BA
S3150804A8D0FDF7B0FD284600F02DFB204638BD6FF085
S3150804A8E00500FBE76FF00300F8E74FF0FF3200F1CD
S3150804A8F00803C0E902234360036100230360704729
S3150804A90000230361704730B50C68631C0AD10369D8
S3150804A9105A684A6091608B6059600368086101331C
S3150804A920036030BD00F10802134652681568A54253
S3150804A930FAD9EDE743689A684B608A605160996072
S3150804A940036808610133036070470369D0E901129B
S3150804A9508A6051605968814208BF5A6000220261C0
S3150804A96018680138186070474FF0E0234FF080529A
S3150804A970C3F8042DBFF34F8FBFF36F8F704710B51D
S3150804A98000F025F80446FDF76BFF28B14FF0E023E5
S3150804A9904FF08052C3F8042D2046BDE8104000F05D
S3150804A9A021B8836913F8023C662B0FD14FF0E023D4
S3150804A9B0D3F8882D42F47002C3F8882DD3F8342FBF
S3150804A9C042F04042C3F8342FFDF7B6BC7047EFF3A4
S3150804A9D011804FF0300181F31188BFF34F8FBFF315
S3150804A9E06F8F704780F31188BFF34F8FBFF36F8F54
S3150804A9F0704710B50446FDF711FF2046F1F715FA1E
S3150804AA000446FDF7E3FF204610BD10B5044640B1E1
S3150804AA10FDF704FF204600F0CDFFBDE81040FDF722
S3150804AA20D5BF10BD70B50446FDF76CFC94F84550C7
S3150804AA3004F124066DB2002D01DD636AB3B9FF2360
S3150804AA4084F84530FDF76CFCFDF75CFC94F844503B
S3150804AA5004F110066DB2002D01DD23697BB9FF23CD
S3150804AA6084F84430BDE87040FDF75ABC3046FEF71A
S3150804AA707BF808B1FEF71EF9013D6DB2DBE73046F7
S3150804AA80FEF772F808B1FEF715F9013D6DB2E2E773
S3150804AA9010B50446FDF736FCA46BFDF741FCB4FA81
S3150804AAA084F0400910BD70B51646026C0446856BE1
S3150804AAB042B906689EB98068FEF758F9A66001355A
S3150804AAC0A56370BD6EB94068F5F7CBF86368226C68
S3150804AAD01344A2686360934224BF2368636000201A
S3150804AAE0EDE7C068F5F7BDF8226CE36851429B1A96
S3150804AAF02268E36093423EBFA3685B18E360022EB4
S3150804AB00EDD10DB1013DEAE72846D8E703461A6CAC
S3150804AB10084610B462B1DC68A1189C68D960A142E1
S3150804AB2028BF19685DF8044B28BFD960F5F799B8AA
S3150804AB305DF8044B70472DE9FF41002704460E468D
S3150804AB401D460192B846FEF7BBF8FDF7DBFBA26B80
S3150804AB50E36B9A4213D22A4631462046FFF7A3FFEF
S3150804AB60636A1BB104F12400FDF7FEFF08B1FFF781
S3150804AB70FBFEFDF7D5FB012004B0BDE8F081022DEC
S3150804AB80E9D0019B1BB9FDF7CBFB0020F4E717B905
S3150804AB9002A8FEF769F9FDF7C3FBFDF73FFEFDF7CB
S3150804ABA0B1FB94F84430FF2B08BF84F8448094F82A
S3150804ABB04530FF2B08BF84F84580FDF7B1FB01A992
S3150804ABC002A8FEF75DF9F0B9FDF79CFBA26BE36BEF
S3150804ABD09A420FD1FDF7A4FB019904F11000FDF781
S3150804ABE091FF2046FFF71EFFFDF7F0FE48B9FFF771
S3150804ABF0BBFE06E0FDF794FB2046FFF713FFFDF7BF
S3150804AC00E5FE0127A1E72046FFF70CFFFDF7DEFE68
S3150804AC10BBE738B100231A46194683600360C3604C
S3150804AC20FFF789BF70472DE9FF41002704460E4602
S3150804AC300192B846FEF744F8FDF764FBA56BA5B187
S3150804AC4031462046FFF762FF2369013DA56333B108
S3150804AC5004F11000FDF788FF08B1FFF785FEFDF73C
S3150804AC605FFB012004B0BDE8F081019B1BB9FDF729
S3150804AC7057FB0020F6E717B902A8FEF7F5F8FDF723
S3150804AC804FFBFDF7CBFDFDF73DFB94F84430FF2B56
S3150804AC9008BF84F8448094F84530FF2B08BF84F82D
S3150804ACA04580FDF73DFB01A902A8FEF7E9F8C0B9FE
S3150804ACB02046FFF7EDFE70B1019904F12400FDF773
S3150804ACC021FF2046FFF7AEFEFDF780FE08B9FFF721
S3150804ACD04BFE0127B0E72046FFF7A4FEFDF776FEF4
S3150804ACE0F7E72046FFF79EFEFDF770FE2046FFF7BE
S3150804ACF0CFFE0028EDD0BCE7F8B504460E46BEF7ED
S3150804AD0095FFFFF764FEA36BE26B07469A421FD9C9
S3150804AD1094F845200133FF2A55B2A3630FD1636A19
S3150804AD203BB104F12400FDF71FFF10B10EB1012356
S3150804AD30336001243846FFF755FE2046F8BDFDF773
S3150804AD407BFD8542F5D201356DB284F84550F0E7AE
S3150804AD500024EFE72DE9F843044689469046BEF7F2
S3150804AD6065FFFFF734FEA66B0746C6B194F8445050
S3150804AD70494620466DB2FFF7C9FE013E6B1CA66321
S3150804AD8013D1236953B104F11000FDF7EDFE28B180
S3150804AD90B8F1000F02D00123C8F80030012638465E
S3150804ADA0FFF720FE3046BDE8F883FDF745FD8542EA
S3150804ADB0F4D201356DB284F84450EFE7F0B50025B6
S3150804ADC085B0044601912E46FDF77AFF2F46FDF716
S3150804ADD099FAA36BA3B1013BA363236813B9FEF7DE
S3150804ADE039F8A060236933B104F11000FDF7BCFEFD
S3150804ADF008B1FFF7B9FDFDF793FA012005B0F0BDD8
S3150804AE00019B1BB9FDF78CFA0020F7E716B902A8CF
S3150804AE10FEF72AF8FDF784FAFDF700FDFDF772FA46
S3150804AE2094F84430FF2B08BF84F8447094F84530EE
S3150804AE30FF2B08BF84F84570FDF772FA01A902A82A
S3150804AE40FEF71EF810BB2046FFF722FEC0B12368A2
S3150804AE503BB9FDF757FAA068FDF742FF0546FDF72B
S3150804AE605FFA019904F12400FDF74CFE2046FFF72A
S3150804AE70D9FDFDF7ABFD08B9FFF776FD0126A6E770
S3150804AE802046FFF7CFFDFDF7A1FDF7E72046FFF7BC
S3150804AE90C9FDFDF79BFD2046FFF7FAFD0028EDD016
S3150804AEA0002DB1D0FDF72EFA616A19B1236B196822
S3150804AEB0C1F13801A068FDF78FFFA3E710B5044672
S3150804AEC0FDF720FA236823B9A468FDF729FA204672
S3150804AED010BD0024F9E703680BB9806870470020A1
S3150804AEE0704770B5866804460D46FDF7DDFE864252
S3150804AEF004D1E36801200133E36005E029462046CE
S3150804AF00FFF75CFF0028F4D170BD38B585680446A0
S3150804AF10FDF7CAFE85420BD1E368013BE3600BB13A
S3150804AF20012038BD1A4619462046FFF704FEF7E7FE
S3150804AF300020F6E710B5FDF77DFA90F846301BB900
S3150804AF40BDE81040FFF761BD10BD70B504460D4657
S3150804AF501646FDF7D7F994F84430FF2B04BF0023AF
S3150804AF6084F8443094F84530FF2B04BF002384F852
S3150804AF704530FDF7D5F9A36B2BB93246294604F1BA
S3150804AF802400FDF7CFFD2046BDE87040FFF74ABD13
S3150804AF9070B50E46044610B3C06B00B3236CA3FB0E
S3150804AFA00035DDB9FDF7AEF9D4E90F314B43226814
S3150804AFB0A563D0185B1A62601A44FF23A06084F85C
S3150804AFC04430E26084F8453056B104F11000FFF7C6
S3150804AFD08CFC04F12400FFF788FC0AE0002070BD0D
S3150804AFE0236933B104F11000FDF7BEFD08B1FFF77C
S3150804AFF0BBFCFDF795F90120F1E72DE9F0410D4673
S3150804B0001746064618B900242046BDE8F081A1FB78
S3150804B0100038B8F1000FF6D1484310F1510FF2D8B1
S3150804B0205030FFF7E6FC04460028ECD080F846804A
S3150804B0305DB100F1500301212046C4E90F65236080
S3150804B040FFF7A6FF84F84C70DEE70346F3E70246EB
S3150804B05010B500210120FFF7D0FF0446FFF7D9FDFC
S3150804B060204610BD10B50C4640B1884206D30222CC
S3150804B0700021FFF7C2FF00B1846310BD0020FCE77E
S3150804B08037B50D461C46E0B113B122B121B90C46B9
S3150804B090204603B030BDB1B950230121002D08BFA5
S3150804B0A022460193C4E90F0584F846102046226017
S3150804B0B0019B019BFFF76CFF9DF8183084F84C3010
S3150804B0C0E6E70446E4E71446E2E7002213B50B462E
S3150804B0D0009011460120FFF7D3FF0446FFF799FDB8
S3150804B0E0204602B010BD37B513460D4658B18842FE
S3150804B0F009D30222009200221146FFF7C1FF00B1CC
S3150804B100856303B030BD0020FBE710B590F85530D1
S3150804B11004463BB9006BFFF778FC2046BDE81040AF
S3150804B120FFF773BC012BF9D010BD2DE9F8430D4682
S3150804B130DDE90994960032460746A521206B984610
S3150804B140F4F772FD236B043E1E4426F007066DB120
S3150804B1506B1E04F13302093513F8011F02F8011FA7
S3150804B16009B1AB42F8D1002384F83D30089D201D6F
S3150804B170372D28BF3725E562A564FFF7C1FBC5F15E
S3150804B180380504F11800FFF7BBFB43463A46304638
S3150804B190216B2461A5616462FDF718F82060B9F192
S3150804B1A0000F01D0C9F80040BDE8F8832DE9F04343
S3150804B1B0074685B09000884616469946FFF719FC57
S3150804B1C00546F0B15820FFF714FC0446B0B15822DE
S3150804B1D00021F4F729FD0D9B256301930C9B324648
S3150804B1E041463846009302944B46FFF79EFF204695
S3150804B1F0FDF7B8F9012005B0BDE8F0832846FFF746
S3150804B20004FC4FF0FF30F6E72DE9F04317465822C1
S3150804B2100E46002187B005929846DDE90F94059BF2
S3150804B2200546059B0491C4B1B9F1000F15D0204613
S3150804B230F4F7FAFC022384F8553004ABC4F83090CA
S3150804B24001930E9B284600933A4643463146029498
S3150804B250FFF76BFF2046FDF785F9049807B0BDE8AC
S3150804B260F08370B504460D461646A1692B46324648
S3150804B27020462944FDF738FE00B970BDA369204667
S3150804B2801D44236A9847F0E71046EDF74ABA08467C
S3150804B290EDF747BA0020704708B5EDF746FD20B12B
S3150804B2A0BDE808400820FDF79BBF08BD08B5C0F7F0
S3150804B2B0CDFEDCF747F900F00300C31E5842584197
S3150804B2C008BD38B504460D46C1F7C6F940B1F1F7CD
S3150804B2D05AFA28B129462046BDE8384000F0F6BB9C
S3150804B2E0002038BD08B5C0F7CDFF012809D0C0F73E
S3150804B2F0A1FF00212C20FFF7E4FF00210A20FFF715
S3150804B300E0FFBDE80840C0F7B7BF38B50D460446A8
S3150804B31020B1BDE838400020EDF735BDEDF705FD51
S3150804B32090B1B5F5007F4FF001000AD1EDF755FD50
S3150804B3302046EDF72FFDC0F763F9BDE83840C0F79E
S3150804B3409BBFEDF75CFDF6E738BD07B501AA0DF11D
S3150804B3500301FBF70CFA9DF8033003B3C0F756F95B
S3150804B360EDF70EFD40B1C1F78FF801460720FFF748
S3150804B370A8FF0020EDF707FDEDF7D7FC50B1FDF760
S3150804B3803FFF01462620FFF79CFF4FF4007100207B
S3150804B390FFF7BBFFFFF780FF08B1FEF7B9F903B063
S3150804B3A05DF804FB72B6704710B962B6BFF36F8FC7
S3150804B3B07047EFF3108072B67047302383F3118811
S3150804B3C0704780F31188BFF36F8F7047EFF31180CE
S3150804B3D0302383F311887047EFF31083DB0706D411
S3150804B3E0EFF311802F2894BF002001207047012015
S3150804B3F070474FF4004070474FF47A70704738B579
S3150804B400044601258D40FFF7E1FF04F5005304F5D2
S3150804B41080545D65A562BDE83840FFF7D2BF38B5EC
S3150804B42005460C46FFF7D2FF6D6BFFF7CAFF0120EE
S3150804B430A0402840003818BF012038BDB0F5802F39
S3150804B44024D010D8B0F5003F22D006D828B3B0F5DA
S3150804B450803F14BF012048207047B0F5403F14BF11
S3150804B46001202C207047B0F5302F13D008D8B0F53A
S3150804B470E02F11D0B0F5202F14BF012010207047FB
S3150804B480B0F57F0F14BF0120062070474B20704784
S3150804B4902A207047112070472120704708B528B123
S3150804B4A028220021F4F7C0FB002008BD2120FCE770
S3150804B4B0036A042B9FBF00EB83020133D160036246
S3150804B4C07047036A052B14D84FF09842116CC902C9
S3150804B4D0FCD504339B0013650168103B1160416871
S3150804B4E0116050F8081F11604FF0984203449842BF
S3150804B4F000D1704750F8041F1160F8E7836813B940
S3150804B500816070475B685A68012AFBD159607047A5
S3150804B510F0B5154649228FB0149C8DF8242004F101
S3150804B5200C060DF1250254F8047BB44242F8047B58
S3150804B530F9D1247814704FF48074ADF834409DF82A
S3150804B540544000228DF8364004240694169CCDE90E
S3150804B550001505941324049409ACCDE902340B466A
S3150804B56011468DF832208DF83350FEF797FA0FB04E
S3150804B570F0BD30B5C02A93B02FD0B2F5807F29D05C
S3150804B580802A2CD14FF4807480F001002043019066
S3150804B59016980125029010242120039504940590F9
S3150804B5A0069301AB0795089409900A9306AB0B9387
S3150804B5B004230C9311230D930AAB0E910F9340F6B3
S3150804B5C01103D20802A90EA810921193FEF736FAAF
S3150804B5D013B030BD4FF48274D6E70F20F8E729205C
S3150804B5E0F6E708B5FEF7B4FBBDE80840FEF7A2BBCC
S3150804B5F01FB5079C02949DF81840CDE900341346FC
S3150804B6000A4601460020FFF783FF04B010BD1FB5A4
S3150804B610079C02949DF81840CDE9003413460A465F
S3150804B62001460120FFF774FF04B010BD10B50446A7
S3150804B630FFF7BFFE4FF0A8431A6822601B696360D0
S3150804B640FFF7B2FE002010BD10B50446FFF7B1FEA1
S3150804B6504FF0A84322681A6062681A61FFF7A4FECD
S3150804B660002010BD10B40446084611469DF804206F
S3150804B6700192A2685DF8044BFFF7BABF10B40446FA
S3150804B680084611469DF804200192A2685DF8044B09
S3150804B690FFF7BDBF8068FEF7F1BA8968FFF769BF8F
S3150804B6A070B50546A8B1FFF784FE0646286EFFF76F
S3150804B6B036F8044640B1FEF786FF844209BF6C6D2E
S3150804B6C00124E44304F001043046FFF76DFE2046E6
S3150804B6D070BD0124FBE738B50D460446B8B1FCF73E
S3150804B6E031FD02280FD1FFF777FE20B12046BDE8C9
S3150804B6F03840FFF7D5BF2946206EFEF7C9FF003844
S3150804B70018BF012038BD0328F0D00020FAE701202D
S3150804B710F8E710B50446B0B1FCF714FD02280ED1BB
S3150804B720FFF75AFE20B12046BDE81040FFF7B8BF20
S3150804B730206EFEF7D2FF003818BF012010BD03287B
S3150804B740F1D00020FAE70120F8E709B100F008B8BB
S3150804B750222070470121FEF73DBB0021FEF73ABBC4
S3150804B76070B506460D46FFF731FE0446202E59D815
S3150804B770DFE806F0111A581F222558282B582E5888
S3150804B780313458373A3D584058435855584658491D
S3150804B790584C584F5200FDF7EDFF00262860204606
S3150804B7A0FFF70FFE304670BD4FF4C070C4F77EFA3B
S3150804B7B0F3E74FF42070F9E74FF44070F6E74FF4D7
S3150804B7C06070F3E74FF40070F0E74FF48060EDE73C
S3150804B7D04FF44060EAE74FF4C060E7E74FF4F060DF
S3150804B7E0E4E74FF4B060E1E74FF4D060DEE74FF4E6
S3150804B7F01060DBE74FF4E060D8E74FF4A060D5E7C4
S3150804B8004FF41860D2E74FF42860CFE74FF48070FE
S3150804B810CCE74FF42060C9E74FF44860C6E74FF415
S3150804B8200860C3E700202126B8E72DE9F74F0D463F
S3150804B830002900F0B9800846FEF71CFB0446D0E947
S3150804B8400578FFF7C3FD15F808EC35F8061C1EF055
S3150804B850010F019000D031B90198FFF7B2FD01201C
S3150804B86003B0BDE8F08FA668D4F810A035F8049C98
S3150804B870A6EBC1060AF10103A5F1080C4A1CA66049
S3150804B8802361B9F1000F00F085804FEAC903184611
S3150804B890ACEBC90393F800B00EF0020E1BF0010FCF
S3150804B8A069D1BEF1000F69D1B3F80290B3F806E086
S3150804B8B0AEEB090EBEF1010F6CD18A1C083E4A4450
S3150804B8C0C4F810A0A66035F802ECBEF1000F65D0E6
S3150804B8D0D4E900600CEBCE0A06EB0009CA455DD232
S3150804B8E01CF83EC056461CF0010C15D1AEEB0101FE
S3150804B8F0012911D1BAF80210AAF802C001310A4482
S3150804B900BAF80610002947D00AEBC106216901399D
S3150804B9102161A1680839A16015F8081C013A21F0CB
S3150804B920010105F8081C002125F8061C5A801A7816
S3150804B93061F300021A709EB3C3F107023244C2F3DC
S3150804B940CF02DA80B2806FB3BB422BD37A88002A3F
S3150804B95008BF1F46B8F1000F06D0434504D8B8F807
S3150804B9600220002A18BF43460198C4E90573FFF765
S3150804B97028FD002074E7BEF1000F0BD0361AA66026
S3150804B98015F8086C4A4426F0020605F8086C0026E1
S3150804B9909E8098E7634696E70E46B7E70026BBE718
S3150804B9A0DE80D0E71F46D5E7222059E70146002066
S3150804B9B0FFF73BBFFFF7FABF2DE9FF410E461746CF
S3150804B9C098460546A0B10024C461FEF729FBBDF8D4
S3150804B9D02C30284602939DF828302246CDE9008368
S3150804B9E031463B46FEF7E2FA204604B0BDE8F0814C
S3150804B9F02220FAE72DE9F0419846002386B00E4640
S3150804BA00174605468DF81730C0B1C3610DF1170105
S3150804BA10FEF728FB9DF8174094B9BDF8343028463C
S3150804BA2002939DF830302246CDE9008331463B46E1
S3150804BA30FEF7BCFA204606B0BDE8F0812220FAE7F4
S3150804BA400320F8E738B5FFF7C1FC0546FEF75EFCA8
S3150804BA5004462846FFF7B5FC204638BD10B504460B
S3150804BA600020FDF759FF012C04D0022C05D1C0F3A0
S3150804BA70400010BD00F00100FBE70020F9E70021B3
S3150804BA800846FDF751BF00F00101830748BF41F09E
S3150804BA9002010020FDF72EBF38B5FFF797FC0446D0
S3150804BAA00020FDF739FF830700F0010548BF45F07C
S3150804BAB0020500F003010020FDF728FF2846FEF7DB
S3150804BAC08DFB2046BDE83840FFF77BBC38B50446F5
S3150804BAD00D46F0F75AFE29462046FEF77DFC00205F
S3150804BAE038BD00000000000000000000000000004F
S3150804BAF00000000000000000000000000000000034
S3150804BB00F8B500BFF8BC08BC9E467047F8B500BF38
S3150804BB10F8BC08BC9E4670475FF800F03168002000
S3150804BB205FF800F0D56800200F010000F401570003
S3150804BB30426C7565746F6F74682048434920435096
S3150804BB404300426C7565746F6F7468206576656E1C
S3150804BB507420666C61677300426C7565746F6F74E4
S3150804BB6068206C696E6B6C6179657200435043207A
S3150804BB70456E64706F696E74204C6F636B00435036
S3150804BB804320436F72650043504320456E64706FCB
S3150804BB90696E7473204C697374204C6F636B00551B
S3150804BBA04E444546494E45440049444C4500546D67
S3150804BBB0725100546D722053766300614672616D4A
S3150804BBC06520213D206E756C6C70747220262620C3
S3150804BBD06141636B4672616D6520213D206E756C0B
S3150804BBE06C70747200766F6964206F744D61634675
S3150804BBF072616D6547656E6572617465496D6D41FF
S3150804BC00636B28636F6E7374206F74526164696F13
S3150804BC104672616D652A2C20626F6F6C2C206F74D6
S3150804BC20526164696F4672616D652A29002F6769D6
S3150804BC30746875622F686F6D652F2E73696C6162FF
S3150804BC40732F736C742F696E7374616C6C732F63C2
S3150804BC506F6E616E2F702F626173655F633730662E
S3150804BC603832386161363263372F702F2E2E2F2ED5
S3150804BC702E2F6F70656E743632373632373031632D
S3150804BC80303232392F702F7574696C2F7468697263
S3150804BC90645F70617274792F6F70656E746872650B
S3150804BCA061642F6578616D706C65732F706C61744F
S3150804BCB0666F726D732F7574696C732F6D61635F2C
S3150804BCC06672616D652E637070006F744572726F6B
S3150804BCD072206F744D61634672616D6547656E6562
S3150804BCE072617465456E6841636B28636F6E73741D
S3150804BCF0206F74526164696F4672616D652A2C20DF
S3150804BD00626F6F6C2C20636F6E73742075696E7422
S3150804BD10385F742A2C2075696E74385F742C206F0A
S3150804BD2074526164696F4672616D652A29006144BB
S3150804BD3065737420213D206E756C6C707472007581
S3150804BD40696E74385F74206F744D61634672616DF1
S3150804BD506547656E6572617465456E6841636B50C7
S3150804BD60726F62696E6749652875696E74385F749F
S3150804BD702A2C20636F6E73742075696E74385F7429
S3150804BD802A2C2075696E74385F7429002530327838
S3150804BD90002D6E00656E61626C656400646973618A
S3150804BDA0626C65640072637000646961676E6F73C0
S3150804BDB074696373206D6F64652069732025730D38
S3150804BDC00A00646961676E6F7374696373206D6FC3
S3150804BDD064652069732064697361626C65640D0A1D
S3150804BDE00064696167206665617475726520272534
S3150804BDF07327206973206E6F7420737570706F7261
S3150804BE007465640D0A006661696C65643A20636F3B
S3150804BE106D6D616E6420737472696E6720746F6FDA
S3150804BE20206C6F6E670D0A006661696C65643A205A
S3150804BE30636F6D6D616E6420737472696E672063D7
S3150804BE406F6E7461696E7320746F6F206D616E799D
S3150804BE5020617267756D656E74730D0A0066616993
S3150804BE606C656420746F20706172736520636F6DEE
S3150804BE706D616E6420737472696E670D0A00676576
S3150804BE80740025640D0A00696E0D0A006F75740D39
S3150804BE900A00656E61626C650064697361626C654B
S3150804BEA0007C2053746172744368207C20456E6458
S3150804BEB04368207C20546172676574506F77657295
S3150804BEC0207C2041637475616C506F776572207CA1
S3150804BED020526177506F77657253657474696E671B
S3150804BEE0207C0D0A2B2D2D2D2D2D2D2D2D2D2B2D75
S3150804BEF02D2D2D2D2D2D2B2D2D2D2D2D2D2D2D2D62
S3150804BF002D2D2D2D2B2D2D2D2D2D2D2D2D2D2D2D51
S3150804BF102D2D2B2D2D2D2D2D2D2D2D2D2D2D2D2D41
S3150804BF202D2D2D2D2B0D0A007C20253775207C20E0
S3150804BF30253575207C2025313164207C2025313136
S3150804BF4064207C2025313573207C0D0A00546172E7
S3150804BF50676574506F77657228302E303164426D88
S3150804BF60293A2025640D0A41637475616C506F770C
S3150804BF70657228302E303164426D293A2025640DC5
S3150804BF800A526177506F77657253657474696E6780
S3150804BF903A2025730D0A006377006563686F0067A6
S3150804BFA070696F00706F77657200706F776572736A
S3150804BFB0657474696E677300726177706F776572FA
S3150804BFC073657474696E670073747265616D00666F
S3150804BFD0616C73650075696E74385F742A206F74B2
S3150804BFE03A3A5370696E656C3A3A42756666657292
S3150804BFF03A3A476574557064617465644275665067
S3150804C00074722875696E74385F742A2C2075696E83
S3150804C0107431365F742C20446972656374696F6E73
S3150804C0202920636F6E7374002F6769746875622FAD
S3150804C030686F6D652F2E73696C6162732F736C74E8
S3150804C0402F696E7374616C6C732F636F6E616E2FD8
S3150804C050702F626173655F633730663832386161A1
S3150804C060363263372F702F2E2E2F2E2E2F6F706594
S3150804C0706E74363237363237303163303232392FCE
S3150804C080702F7574696C2F74686972645F70617255
S3150804C09074792F6F70656E7468726561642F737234
S3150804C0A0632F6C69622F7370696E656C2F73706980
S3150804C0B06E656C5F6275666665722E637070007570
S3150804C0C0696E7431365F74206F743A3A5370696EC8
S3150804C0D0656C3A3A4275666665723A3A47657444D7
S3150804C0E0697374616E636528636F6E73742075690A
S3150804C0F06E74385F742A2C20636F6E7374207569A6
S3150804C1006E74385F742A2C20446972656374696F87
S3150804C1106E2920636F6E7374006D57726974654473
S3150804C1206972656374696F6E20213D206B556E6B69
S3150804C1306E6F776E006F744572726F72206F743A01
S3150804C1403A5370696E656C3A3A4275666665723A30
S3150804C1503A496E4672616D65417070656E642875FC
S3150804C160696E74385F7429006E756D5365676D65FD
S3150804C1706E7473203C3D206B4D61785365676D651D
S3150804C1806E7473006F744572726F72206F743A3AE4
S3150804C1905370696E656C3A3A4275666665723A3AE0
S3150804C1A04F75744672616D6552656D6F766528299B
S3150804C1B00075696E7431365F74206F743A3A537039
S3150804C1C0696E656C3A3A4275666665723A3A4F75AF
S3150804C1D0744672616D654765744C656E6774682844
S3150804C1E029006661696C65640D0A737461747573F4
S3150804C1F0202523780D0A00616464722D6D617463C9
S3150804C20068006175746F2D61636B0044696167200A
S3150804C210434152524945522D574156452F546F6E44
S3150804C22065207374617274004469616720434152DE
S3150804C230524945522D574156452F546F6E65207302
S3150804C240746F7000446961672053747265616D2068
S3150804C250504E3920737461727400446961672053BF
S3150804C260747265616D2073746F7000446961672028
S3150804C270616464726573732D6D61746368202573D4
S3150804C2800044696167206175746F2D61636B2025AD
S3150804C29073004661696C656420746F20636F6E660B
S3150804C2A0696775726520726164696F206576656E63
S3150804C2B074733A20257500496E697469616C697AE4
S3150804C2C065640050414E49443D255820696E6465AD
S3150804C2D0783D257500457874416464723D25582572
S3150804C2E05825582558255825582558255820696EFF
S3150804C2F06465783D25750053686F72744164647289
S3150804C3003D255820696E6465783D2575005374612A
S3150804C31074653D4F545F524144494F5F53544154E9
S3150804C320455F534C4545500053746174653D4F54FD
S3150804C3305F524144494F5F53544154455F444953FE
S3150804C34041424C4544006F744572726F72207261A3
S3150804C35064696F5363686564756C65527828756992
S3150804C3606E74385F742C2075696E7433325F742C5E
S3150804C3702075696E7433325F7429002F676974688F
S3150804C38075622F686F6D652F2E73696C6162732FE2
S3150804C390736C742F696E7374616C6C732F636F6E30
S3150804C3A0616E2F702F626173655F6337306638324A
S3150804C3B0386161363263372F702F2E2E2F2E2E2F8B
S3150804C3C06F70656E743963386462323561653264D8
S3150804C3D033392F702F706C6174666F726D2D6162BC
S3150804C3E0737472616374696F6E2F65667233322F64
S3150804C3F0726164696F2E63707000546F6F206C618C
S3150804C400746520746F206D6F64696679206F75741E
S3150804C410676F696E67204650005472616E736D6962
S3150804C42074206661696C6564204572726F72436F25
S3150804C43064653D256400436F6578697374656E6346
S3150804C44065204750494F20636F6E66696775726148
S3150804C45074696F6E73206E6F7420736574005374F9
S3150804C4606174653D4F545F524144494F5F5354418B
S3150804C47054455F5245434549564500475020524363
S3150804C4805020494E54463A204750204672616D65FD
S3150804C49020696E697421210047502052435020496F
S3150804C4A04E54463A2053656E64696E672052657326
S3150804C4B0706F6E73652121004750205243502049FE
S3150804C4C04E54463A20627566666572656421210093
S3150804C4D052780054780047502052435020494E540D
S3150804C4E046203A202825732920504C20496E646535
S3150804C4F078203D202564204368616E6E656C203D76
S3150804C500202564204C656E677468203D20256420C8
S3150804C5104643203D2025305800475020524350209A
S3150804C520494E5446203A2028257329204C656E67BF
S3150804C530746820616E642056657273696F6E204D47
S3150804C5406174636865640047502052435020494E1D
S3150804C5505446203A2028257329204D61696E74654E
S3150804C5606E616E6365204672616D65206D617463E4
S3150804C570680047502052435020494E5446203A20DA
S3150804C58028257329205265636569766564204750B2
S3150804C5905F4348414E4E454C5F52455155455354A9
S3150804C5A05F434D445F4944202D2053656E642074CF
S3150804C5B06865204368616E6E656C20636F6E666994
S3150804C5C06775726174696F6E004750205243502034
S3150804C5D0494E5446203A2028257329204275666612
S3150804C5E065722047505F4348414E4E454C5F434F62
S3150804C5F04E46494755524154494F4E5F434D445F51
S3150804C600494420636F6D6D616E6400475020524340
S3150804C6105020494E54463A2047502066696C746542
S3150804C620722070617373656421210053657474699B
S3150804C6306E672070616E496E6465783D2564207462
S3150804C6406F20307825303478004164642053686F4D
S3150804C6507274416464723A20656E7472793D256415
S3150804C6602C20616464723D30782530347800436C3C
S3150804C6706561722053686F7274416464723A206506
S3150804C6806E7472793D25642C20616464723D307839
S3150804C6902530347800436C6561722053686F727470
S3150804C6A04164647220656E747269657300416464DA
S3150804C6B020457874416464723A20656E7472793DD3
S3150804C6C025642C206164647220257000436C6561BE
S3150804C6D07220457874416464723A20656E7472797E
S3150804C6E03D256400436C6561722045787441646431
S3150804C6F07220656E747269657300736C5F63706328
S3150804C7005F7772697465206572726F723A20307841
S3150804C7102530346C58004F5420537461636B004FB2
S3150804C7205420537461636B204D75746578004F54B7
S3150804C73020537461636B2053656D6170686F72650D
S3150804C740002C20002573203D2030782530386C785D
S3150804C75025730052657365742063617573653A20A1
S3150804C7605761746368646F67206578706972656475
S3150804C7702C206E6F2072656C6961626C6520657821
S3150804C78074726120696E666F726D6174696F6E008A
S3150804C79052657365742063617573653A20576174CD
S3150804C7A06368646F67206361756768742077697462
S3150804C7B06820656E68616E63656420696E666F00DD
S3150804C7C0496E737472756374696F6E2061646472FA
S3150804C7D06573733A2025346C780052657365742042
S3150804C7E063617573653A20417373657274202573A2
S3150804C7F03A256C64005265736574206361757365C4
S3150804C8003A2048617264204661756C740048465340
S3150804C810522E5645435454424C3A206572726F72EE
S3150804C8202072656164696E6720766563746F722029
S3150804C8307461626C6520666F7220616E2065786328
S3150804C840657074696F6E00484653522E464F5243BC
S3150804C85045443A20636F6E666967757261626C65F2
S3150804C860206661756C7420636F756C64206E6F74D2
S3150804C87020616374697661746500484653522E4490
S3150804C880454255474556543A206661756C7420727C
S3150804C890656C6174656420746F20646562756720CD
S3150804C8A02D20652E672E2C2065786563757465645E
S3150804C8B020424B5054005265736574206361757346
S3150804C8C0653A204D656D6F7279204D616E616765B5
S3150804C8D06D656E74204661756C7400496C6C656789
S3150804C8E0616C206163636573732061646472657344
S3150804C8F0733A2025346C7800434653522E25730028
S3150804C90052657365742063617573653A204275735D
S3150804C910204661756C74004164647265737320699A
S3150804C92073206F6620616E20696E73747275637402
S3150804C930696F6E206166746572206275732066611C
S3150804C940756C74206F636375727265642C206E6FE0
S3150804C95074207468652063617573652E00434653B5
S3150804C960522E286E6F6E6529206C6F6164206F7273
S3150804C9702073746F726520617420616E20696C6C13
S3150804C9806567616C206164647265737300526573CC
S3150804C99065742063617573653A205573616765200C
S3150804C9A04661756C740052657365742063617573AA
S3150804C9B0653A204465627567204D6F6E69746F72B7
S3150804C9C0204661756C740070726F63657373006DCD
S3150804C9D061696E005468726561640048616E646CCE
S3150804C9E06572002573206D6F6465207573696E67BB
S3150804C9F020257320737461636B202825346C782092
S3150804CA00746F2025346C78292C205350203D20251A
S3150804CA10346C78002575206279746573207573659E
S3150804CA20642028257525252920696E2025732073F9
S3150804CA307461636B20286F7574206F6620257520D2
S3150804CA40627974657320746F74616C29005350207D
S3150804CA506973206F7574736964652025732073740C
S3150804CA6061636B2072616E67652100496E74657235
S3150804CA7072757074732061637469766520286F72A1
S3150804CA80207072652D656D7074656420616E64200E
S3150804CA90737461636B6564293A004E6F20696E741A
S3150804CAA06572727570747320616374697665005271
S3150804CAB06573657420696E666F3A20307825782028
S3150804CAC02825732900457874656E64656420526563
S3150804CAD073657420696E666F3A203078253258205B
S3150804CAE028257329004941434356494F4C3A206146
S3150804CAF07474656D7074656420696E737472756395
S3150804CB0074696F6E2066657463682066726F6D203B
S3150804CB1061206E6F2D65786563757465206164643C
S3150804CB2072657373004441434356494F4C3A206136
S3150804CB307474656D70746564206C6F6164206F72BB
S3150804CB402073746F726520617420616E20696C6C41
S3150804CB506567616C2061646472657373004D554E34
S3150804CB6053544B4552523A20756E737461636B2065
S3150804CB7066726F6D20657863657074696F6E20726E
S3150804CB80657475726E206361757365642061636389
S3150804CB906573732076696F6C6174696F6E004D53A3
S3150804CBA0544B4552523A20737461636B696E67201D
S3150804CBB066726F6D20657863657074696F6E20633D
S3150804CBC06175736564206163636573732076696F41
S3150804CBD06C6174696F6E004D4D415256414C49441F
S3150804CBE03A204D4D415220636F6E7461696E73200D
S3150804CBF076616C6964206661756C7420616464721C
S3150804CC0065737300494255534552523A20696E7307
S3150804CC107472756374696F6E207072656665746381
S3150804CC20682063617573656420627573206661752F
S3150804CC306C74005052454349534552523A20707217
S3150804CC40656369736520646174612062757320661F
S3150804CC5061756C7400494D505245434953455252C7
S3150804CC603A20696D707265636973652064617461DD
S3150804CC7020627573206661756C7400554E53544B67
S3150804CC804552523A20756E737461636B696E6720F8
S3150804CC906F6E20657863657074696F6E207265744B
S3150804CCA075726E20636175736564206461746120AE
S3150804CCB0627573206661756C740053544B45525201
S3150804CCC03A20737461636B696E67206F6E206578AA
S3150804CCD063657074696F6E20656E7472792063611A
S3150804CCE07573656420646174612062757320666176
S3150804CCF0756C74004246415256414C49443A2042A6
S3150804CD0046415220636F6E7461696E732076616C56
S3150804CD106964206661756C742061646472657373F2
S3150804CD2000554E444546494E5354523A2074726946
S3150804CD30656420746F206578656375746520616E13
S3150804CD4020756E646566696E656420696E737472AF
S3150804CD50756374696F6E00494E5653544154453A87
S3150804CD6020696E76616C69642045505352202D20E3
S3150804CD70652E672E2C20747269656420746F20737F
S3150804CD80776974636820746F2041524D206D6F640F
S3150804CD906500494E5650433A206578636570746950
S3150804CDA06F6E2072657475726E20696E746567722B
S3150804CDB069747920636865636B73206661696C6559
S3150804CDC064004E4F43503A20617474656D707465FF
S3150804CDD06420746F206578656375746520612063C3
S3150804CDE06F70726F636573736F7220696E73747292
S3150804CDF0756374696F6E00554E414C49474E4544F8
S3150804CE003A20617474656D7074656420616E20756A
S3150804CE106E616C69676E6564206D656D6F727920E5
S3150804CE206163636573730044495642595A45524FC0
S3150804CE303A20617474656D7074656420746F206536
S3150804CE407865637574652053444956206F72205576
S3150804CE5044495620776974682064697669736F72E1
S3150804CE60206F662030006A09E667BB67AE853C6EAC
S3150804CE70F372A54FF53A510E527F9B05688C1F83B2
S3150804CE80D9AB5BE0CD1900FFFFFFFFFFFFFFFFFFF4
S3150804CE90FFFFFFFFFFFFFF004145532D3235362DB7
S3150804CEA043434D2A2D4E4F2D544147004145532D9A
S3150804CEB03139322D43434D2A2D4E4F2D54414700C7
S3150804CEC04145532D3132382D43434D2A2D4E4F2D8E
S3150804CED0544147004145532D3235362D43434D00C1
S3150804CEE04145532D3139322D43434D004145532D88
S3150804CEF03132382D43434D004145532D3235362DB5
S3150804CF0047434D004145532D3139322D47434D0092
S3150804CF104145532D3132382D47434D004145532D54
S3150804CF203235362D434243004145532D3139322D8E
S3150804CF30434243004145532D3132382D4342430081
S3150804CF404145532D3235362D454342004145532D2F
S3150804CF503139322D454342004145532D3132382D5E
S3150804CF604543420073496E7374616E6365735B6906
S3150804CF705D006170702E630073496E7374616E632D
S3150804CF8065002C2066756E6374696F6E3A200061BD
S3150804CF907373657274696F6E202225732220666125
S3150804CFA0696C65643A2066696C6520222573222CAF
S3150804CFB0206C696E65202564257325730A00232D64
S3150804CFC0302B2000686C4C00656667454647003080
S3150804CFD031323334353637383941424344454600CD
S3150804CFE030313233343536373839616263646566CD
S3150804CFF0007F000D0E12232425262728292A3639D0
S3150804D0003E3F00131510801A801280800006060120
S3150804D010020312010062676275660061636C006C44
S3150804D0206C5F636F6E6E656374696F6E006C6C5FBC
S3150804D0306164765F736574006C6C5F76616C6964B1
S3150804D04061746F720062675F6D657373616765000B
S3150804D050736F66745F74696D65725F6D657373610A
S3150804D0606765006C6C5F6164765F73796E63006CE8
S3150804D0706C5F7363616E5F73796E63006761705F7B
S3150804D080706572696F6469635F616476006761706D
S3150804D0905F706572696F6469635F73796E63006C48
S3150804D0A0326361705F636F635F6368616E6E656C3C
S3150804D0B0006D626564746C735F636F6E746578740F
S3150804D0C00062676275665F696E0062676275665FAD
S3150804D0D06F75740062676275665F6E6F666C6F77EC
S3150804D0E00000000030BB040800000000342E0020B5
S3150804D0F058000000C80A0020E803000033000000B6
S3150804D100000000000000000042BB04080000000004
S3150804D1109C2E00205000000058BB040800000000A4
S3150804D120F02E002058000000B00E0020E80300008E
S3150804D1303400000000000000000000004E0C00004F
S3150804D14001000000000000000200000000000000CA
S3150804D15001000000010000000104000000000000B6
S3150804D160000000000201020202030204010000009A
S3150804D170010000000000000013B779FAC925DDB7DD
S3150804D180ADF3CFE0F1B614B80102000000000000C8
S3150804D190FFFFFFFF2200000001000000000000005E
S3150804D1A0000000000000000000000000000000006D
S3150804D1B0000000000000000000000000000000005D
S3150804D1C00000000000000000010500000000000047
S3150804D1D00000000000000000000500010100000036
S3150804D1E00000000000000100040001001000040013
S3150804D1F0020020002400030040004400040000004C
S3150804D2000400050037000000534C2D4F50454E547A
S3150804D21048524541442F332E312E302E305F47690C
S3150804D220744875622D3531333533633431643B20A4
S3150804D23045465233323B204D617920203620323020
S3150804D24032362030313A30333A33300079B2000876
S3150804D250B1B2000831B20008A9B1000805B2000845
S3150804D2609DB10008A9D0040809500308000000006D
S3150804D27097BF04087DA20008000000009ABF0408AE
S3150804D280059F0008000000009FBF0408D5A00008F9
S3150804D29000000000A4BF0408515003080000000061
S3150804D2A0AABF0408F5A2000800000000B8BF0408D5
S3150804D2B0E9A100080000000054C204083950030814
S3150804D2C0000000003FC2040845500308000000009F
S3150804D2D0C8BF0408B9A20008000000000000000046
S3150804D2E00000000077000000000000007000000045
S3150804D2F000000000010000006000000000000000BB
S3150804D30001000000610000000000000001000000A8
S3150804D3106300000000000000010000004100000056
S3150804D32000000000010000004300000000000000A7
S3150804D3300100000048000000000000000100000091
S3150804D3404700000000000000010000000D15000061
S3150804D3500000000001000000520000000000000068
S3150804D360010000005A00000000000000010000004F
S3150804D3705B000000000000000100000042000000FD
S3150804D3800000000001000000490000000000000041
S3150804D39001000000000000000B000000010000006E
S3150804D3A0000000000E00000001000000000000005C
S3150804D3B068000000000000003000000000000000C3
S3150804D3C000000000660000000000000001000000E4
S3150804D3D021000000000000000100000036000000E3
S3150804D3E000000000010000004400000000000000E6
S3150804D3F001000000450000000000000001000000D4
S3150804D4004600000000000000010000004B00000078
S3150804D41000000000010000004C00000000000000AD
S3150804D42000000000220000000000000001000000C7
S3150804D4300D19000000000000010000003E15000060
S3150804D4400000000000000000710900000000000050
S3150804D450000000000204050607000000081000008A
S3150804D460EF77030800000000041300006383030831
S3150804D4700000000005130000818303080000000073
S3150804D48008100000D1770308000000000413000008
S3150804D4909D8303080000000005130000BB830308EE
S3150804D4A00000000007000000F378030800000000ED
S3150804D4B020000000FDAF0008000000002100000065
S3150804D4C0DF7403080000000024000000D77B03086B
S3150804D4D00000000025000000297C03080000000065
S3150804D4E02A0000007B7C0308000000002B000000D3
S3150804D4F09F7C0308000000002C000000FF7C030842
S3150804D5000000000030000000D1AD00080000000053
S3150804D510310000007977030800000000320000009B
S3150804D5209D7703080000000034000000DF75030837
S3150804D5300000000035000000DB830308000000003B
S3150804D54036000000A9750308000000003700000033
S3150804D5502376030800000000380000003D75030820
S3150804D560000000003B00000073750308000000007B
S3150804D5703C000000F9830308000000003D00000099
S3150804D5806B76030800000000B20000009B860308BF
S3150804D590000000000008000057850308000000008A
S3150804D5A001080000E98503080000000003080000DC
S3150804D5B055860308000000000009000017840308C4
S3150804D5C0000000000D120000B57D030800000000ED
S3150804D5D003130000B18203080000000004130000CE
S3150804D5E0DD820308000000000513000021830308F8
S3150804D5F000000000034000003B7D03080000000013
S3150804D600000000000D780308000000000100000077
S3150804D610177803080000000002000000AB7803082E
S3150804D620000000000300000035780308000000002D
S3150804D630040000003D78030800000000050000000F
S3150804D640457803080000000006000000C1780308B6
S3150804D6500000000007000000EB7803080000000043
S3150804D66008000000F778030800000000090000001D
S3150804D67011790308000000000C000000197903085A
S3150804D680000000000D000000E37803080000000015
S3150804D69020000000B3740308000000002100000005
S3150804D6A0C97403080000000022000000897D0308ED
S3150804D6B00000000023000000DDAE000800000000A2
S3150804D6C024000000A97B03080000000025000000D0
S3150804D6D0FB7B030800000000260000007D7B03088E
S3150804D6E00000000027000000937B030800000000E8
S3150804D6F0290000009F7D0308000000002A0000009E
S3150804D7004D7C0308000000002C000000D17C0308AF
S3150804D7100000000030000000A7770308000000009E
S3150804D7203100000071770308000000003200000091
S3150804D730937703080000000034000000C775030847
S3150804D7400000000035000000FB7503080000000017
S3150804D7503600000091750308000000003700000039
S3150804D7601376030800000000380000002375030838
S3150804D77000000000B0000000B37F030800000000AA
S3150804D780B1000000BB7F0308000000000208000087
S3150804D790978203080000000004080000D5760308F1
S3150804D7A00000000005080000EB76030800000000EE
S3150804D7B00009000035860308000000000B1200006B
S3150804D7C06F820308000000000C120000E97D0308BC
S3150804D7D0000000000D120000D37D030800000000BD
S3150804D7E003130000878203080000000000400000BD
S3150804D7F01D7D03080000000001400000217D030888
S3150804D80000000000024000001F7D0308000000001D
S3150804D810034000007B7D030800000000F7C10408EC
S3150804D82011B4000802C204088DB40008FFFF010001
S3150804D8300102020303000000000000000100A00228
S3150804D8400202020264000000B60000006400000040
S3150804D85000010000000000000000000000000000B5
S3150804D8600B0000001FC704080300000000000000A6
S3150804D870000000002EC70408000000000000000095
S3150804D88000000000554E4B00474F200042544C0000
S3150804D890474F3200474F3300474F3400474F350050
S3150804D8A0474F3600474F3700474F3800474F390030
S3150804D8B0474F4100474F4200474F4300474F4400F4
S3150804D8C0474F4500474F46004A4D500042445200D0
S3150804D8D05550520042544D004D534D0046544C0089
S3150804D8E0554E4B00474F200042544C0042414400D9
S3150804D8F046544C00465243004F54410044534C008E
S3150804D9004241500055504700544D45004641550084
S3150804D910545A4600554E4B0050494E00454D340066
S3150804D920554E4B0048562000554E4B00455850005E
S3150804D9304C574D00554E4B005242540044534C002C
S3150804D940454D3400554E4B0041535400554E4B003B
S3150804D95056465900494E4800554E4B004C434B0019
S3150804D96058544C004F424600554E4B00485244000A
S3150804D9704D454D0042555300555347004442470010
S3150804D980444D410056435400554E4B005550200013
S3150804D990525020004150300041503100415020007F
S3150804D9A0445020004445430084D8040888D8040811
S3150804D9B0E0D8040814D9040820D9040828D9040886
S3150804D9C034D9040844D904084CD9040858D9040895
S3150804D9D068D9040888D90408554E4B0046494200BC
S3150804D9E042544C0045585400505752005744470077
S3150804D9F020535700435253004653480042414400BB
S3150804DA00464C540042524F00010401030306010523
S3150804DA10010501090600060B0000070B050B0000AB
S3150804DA20000000000000000052300052310052325B
S3150804DA300052330052340052350052360052370031
S3150804DA4052380052390052313000523131005231C5
S3150804DA503200523133284C5229004D53500050534A
S3150804DA60500050430078505352004D53502075735C
S3150804DA7065640050535020757365640043535441DC
S3150804DA80434B20626F74746F6D00494353520053BD
S3150804DA904843535200494E545F414354495645300E
S3150804DAA000494E545F414354495645310043465351
S3150804DAB05200484653520044465352004D4D415273
S3150804DAC02F42464152004146535200526574300073
S3150804DAD052657431005265743200526574330052CB
S3150804DAE065743400526574350044617430004461C9
S3150804DAF074310000E5CA040825CB040814D00408C8
S3150804DB005DCB04089ECB040814D0040814D004087A
S3150804DB10D7CB040804CC040833CC040855CC040831
S3150804DB207BCC0408BACC040814D0040814D004081E
S3150804DB30F4CC040821CD040857CD040892CD040872
S3150804DB40C2CD040814D0040814D0040814D0040858
S3150804DB5014D00408F7CD040827CE04081BA3030829
S3150804DB6017A30308F5A20308C3A2030853A30308CB
S3150804DB7025A30308C5A203082C0000000202020319
S3150804DB800000000300000000000000000000000080
S3150804DB900000000007000800000000000000000064
S3150804DBA00000000102040500000000000000000057
S3150804DBB000000000060000090A0B10080604141CDD
S3150804DBC020304000000000000000000000000000B3
S3150804DBD00120000000200000FFFFFFFF00000000F6
S3150804DBE0FFFFFFFFFFFFFFFFBCE6FAADA7179E8402
S3150804DBF0F3B9CAC2FC6325510126000004000000DB
S3150804DC000000000000010000000000000B000000F6
S3150804DC100C000000030000000000202000000000A3
S3150804DC20030000003C3C3C0000000000000000002B
S3150804DC3000000000010310010109030009000000A7
S3150804DC401E0000001600000001000000000000008D
S3150804DC501A000000570000000000045001000000EC
S3150804DC604CDC04080000000000000000080800005E
S3150804DC7000000A50030000003CDC0408C0DC040869
S3150804DC80BCDC0408B8DC0408B4DC0408B0DC04080A
S3150804DC9000C00A501300000040DC040800C0085005
S3150804DCA00A00000054DC0408C8DC0408C4DC0408C0
S3150804DCB00400040003000400020004000100040038
S3150804DCC000000400010010000000100014D004082D
S3150804DCD00000000000000000000000000000000032
S3150804DCE0C00A000037000000000000000000000021
S3150804DCF02FC60308B15B0108CFC50308A1C60308EC
S3150804DD0079C6030851C60308CCEB040800000000D2
S3150804DD1098DD04080300000000000000C017530241
S3150804DD20CCEB04080000000004DE0408030000002D
S3150804DD3000000000C0175302CCEB040800000000E2
S3150804DD4070DE04080300000000000000C017530238
S3150804DD50CCEB040800000000DCDE04080600000022
S3150804DD6000000000C0175302CCEB040800000000B2
S3150804DD70B4DF04080300000000000000C0175302C3
S3150804DD80CCEB04080000000020E0040803000000AF
S3150804DD9000000000C01753028CE00408809C2B8FF7
S3150804DDA080841E00000000002500FF7F147C0020EC
S3150804DDB00000000040F00408000000008CE004089D
S3150804DDC0809C2B8F80841E00000026002600B70046
S3150804DDD0147C00200000000040F004080000000045
S3150804DDE08CE00408809C2B8F80841E00000027008A
S3150804DDF027008C00147C00200000000040F0040872
S3150804DE00000000006CE20408809C2B8F80841E00AE
S3150804DE10000000002500FF7F147C0020000000009D
S3150804DE2044F00408000000006CE20408809C2B8F70
S3150804DE3080841E00000026002600B700147C0020FB
S3150804DE400000000044F00408000000006CE2040826
S3150804DE50809C2B8F80841E000000270027008C00DE
S3150804DE60147C00200000000044F0040800000000B0
S3150804DE704CE40408809C2B8F80841E00000000005C
S3150804DE802500FF7F147C00200000000048F00408E9
S3150804DE90000000004CE40408809C2B8F80841E003C
S3150804DEA0000026002600B700147C002000000000AD
S3150804DEB048F00408000000004CE40408809C2B8FFA
S3150804DEC080841E000000270027008C00147C002094
S3150804DED00000000048F00408000000002CE60408CE
S3150804DEE0809C2B8F80841E00000000002200FF7F88
S3150804DEF01C7C0020000000004CF004080000000010
S3150804DF002CE60408809C2B8F80841E0000002300C6
S3150804DF102300B6001C7C0020000000004CF0040816
S3150804DF20000000002CE60408809C2B8F80841E00C9
S3150804DF300000240024009D001C7C00200000000032
S3150804DF404CF00408000000002CE60408809C2B8F83
S3150804DF5080841E000000250025007D001C7C00200E
S3150804DF60000000004CF00408000000002CE6040839
S3150804DF70809C2B8F80841E000000260026005300F8
S3150804DF801C7C0020000000004CF00408000000007F
S3150804DF902CE60408809C2B8F80841E000000270032
S3150804DFA02700FF7F1C7C0020000000004CF00408BA
S3150804DFB0000000000CE80408809C2B8F80841E0057
S3150804DFC0000000002500FF7F1C7C002000000000E4
S3150804DFD050F00408000000000CE80408809C2B8F0D
S3150804DFE080841E00000026002600A0001C7C002059
S3150804DFF00000000050F00408000000000CE80408C3
S3150804E000809C2B8F80841E00000027002700FF7F3A
S3150804E0101C7C00200000000050F0040800000000EA
S3150804E020ECE90408809C2B8F80841E000000000005
S3150804E0302500FF7F1C7C00200000000054F0040823
S3150804E04000000000ECE90408809C2B8F80841E00E5
S3150804E050000026002600B7001C7C002000000000F3
S3150804E06054F0040800000000ECE90408809C2B8F97
S3150804E07080841E000000270027008C001C7C0020DA
S3150804E0800000000054F0040800000000FC4F0103DF
S3150804E0909CEE040810400100004100003C400100C9
S3150804E0A0000000004840010020070003504001001A
S3150804E0B0000000005C4001000D0F0000084101004B
S3150804E0C0FF4C000054C00700511130000E000DE645
S3150804E0D02A000000080B0C0D0D000000D1B6020042
S3150804E0E0E004000040400701000020700000A01171
S3150804E0F010000000000000461FC081000000002038
S3150804E100008000006440050100000000B904F8001E
S3150804E11040080000100000009100040088400F0128
S3150804E120B703120000000060000000000002050D9D
S3150804E1301C2F42536269686053402E1F110A08084F
S3150804E1400808070605040303020202010101010186
S3150804E1500000000000000000000000001C4101014E
S3150804E16000302C8C38410701BC200BF049C0510003
S3150804E170055BA0408E6E82942182485209084000AD
S3150804E180C00D00805C410101FFDD00006841070104
S3150804E1904CD4E83B04190D50080E141A20262C32C8
S3150804E1A0383E10325476980A1D0040B4D041030113
S3150804E1B000000000D000000004001200E041130132
S3150804E1C000000080E2CFDD2C7EB63A006009190013
S3150804E1D05122E2004CB9510E3982A904D8229B294E
S3150804E1E0E2CFDD2C7EB63A00600919005122E2001E
S3150804E1F04CB9510E3982A904D8229B290000000083
S3150804E20000000000440000003C3C3C3C4C42010138
S3150804E2100800030468420101000000003880010177
S3150804E220F1471000A080020170380300D0000000F6
S3150804E230A8800111F0010000A8800131055AFD01EA
S3150804E240AC800111F0010000AC800131053EFD00EF
S3150804E250EC000112E00F0000EC0001320C20511111
S3150804E2608401010200000000FFFFFFFFFC4F0103C9
S3150804E270F0EE040810400100004100003C40010093
S3150804E2801000000048400100201700035040010018
S3150804E290010400005C4001000D0F00000841010064
S3150804E2A003C0010054C00700511130000E000DE6EA
S3150804E2B02A000000080B0C0D0D000000D1B6020060
S3150804E2C08005000040400701000020700000A011EE
S3150804E2D010000000300000461FC8810000200030EE
S3150804E2E0008000006440050100000000B904F8003D
S3150804E2F0400800001000000092000A0088400F0140
S3150804E300B703120000000060000000000002050DBB
S3150804E3101C2F42536269686053402E1F110A08086D
S3150804E32008080706050403030202020101010101A4
S3150804E3300000000000000000000000001C4101016C
S3150804E34000302C8C38410701BC200AF049C0510022
S3150804E35001000040B75635120078085009084000F5
S3150804E360C00300805C410101000000006841070108
S3150804E3704CD4E83B04190D700A10161C22282E34B6
S3150804E3803A4010325476980A1D6980A4D041030194
S3150804E39000000000D000000000000200E041130164
S3150804E3A000000000E2CFDD2C7EB63A0060091900B1
S3150804E3B05122E2004CB9510E3982A904D8229B296C
S3150804E3C0E2CFDD2C7EB63A00600919005122E2003C
S3150804E3D04CB9510E3982A904D8229B2900000000A1
S3150804E3E000000000440000003C3C3C3C4C42010157
S3150804E3F00800000468420101000000003880010199
S3150804E400F1471000A080020170380300D000000014
S3150804E410A8800111F0010000A8800131055AFD0108
S3150804E420AC800111F0010000AC800131053EFD000D
S3150804E430EC000112E00F0000EC0001320C2051112F
S3150804E4408401010200000000FFFFFFFFFC4F0103E7
S3150804E45044EF040810400100004100003C4001005C
S3150804E4601000000048400100200700035040010046
S3150804E470000400005C4001000D0F00000841010083
S3150804E48003C0010054C00700511130000E000DE608
S3150804E4902A000000080B0C0D0D000000D1B602007E
S3150804E4A08005000040400701000020700000A0110C
S3150804E4B010000000300000461FC88100002000300C
S3150804E4C0008000006440050100000000B904F8005B
S3150804E4D0400800001000000092000A0088400F015E
S3150804E4E0B703120000000060000000000002050DDA
S3150804E4F01C2F42536269686053402E1F110A08088C
S3150804E50008080706050403030202020101010101C2
S3150804E5100000000000000000000000001C4101018A
S3150804E52000302C8C38410701BC200AF049C0510040
S3150804E53001000040B7563512007808500908400013
S3150804E540C00300805C410101000000006841070126
S3150804E5504CD4E83B04190D70080E141A20262C32E4
S3150804E560383E10325476980A1D6940B4D0410301E6
S3150804E57000000000D000000000000200E041130182
S3150804E58000000000E2CFDD2C7EB63A0060091900CF
S3150804E5905122E2004CB9510E3982A904D8229B298A
S3150804E5A0E2CFDD2C7EB63A00600919005122E2005A
S3150804E5B04CB9510E3982A904D8229B2900000000BF
S3150804E5C000000000440000003C3C3C3C4C42010175
S3150804E5D008000004684201010000000038800101B7
S3150804E5E0F1471000A080020170380300D000000033
S3150804E5F0A8800111F0010000A8800131055AFD0127
S3150804E600AC800111F0010000AC800131053EFD002B
S3150804E610EC000112E00F0000EC0001320C2051114D
S3150804E6208401010200000000FFFFFFFFFC4F010305
S3150804E63098EF040810400100014100003C40010025
S3150804E6400000000048400100A007000350400100F4
S3150804E650000000005C4001000000000008410100C1
S3150804E660FF4C000054C00700512130000E000DE68F
S3150804E6702A0000000405060708000000D1B60200B7
S3150804E6806005000040400701000050510000A02129
S3150804E69010000000000000861FC081000000002052
S3150804E6A00000000064400501000000404902F00033
S3150804E6B040080000020000009200080088400F018C
S3150804E6C0D7032A00000000E0000000000002050D40
S3150804E6D01A2D3F506068696357463525150D090894
S3150804E6E007060505040404030303030202020202DF
S3150804E6F00101010101010101010101011C4101019D
S3150804E70000B0B18C38410701BC200AF0B655520056
S3150804E710055B98408E6E8294233C4852893B4000A0
S3150804E720C00300805C410101FFDD00006841070168
S3150804E730E853FA0000000040000000000000000052
S3150804E740000000000000000000000000D0410301A2
S3150804E7500000AAAAD000000004001200E041130138
S3150804E76000000000FFAB000A5CF10F00D341020071
S3150804E77095EDB100197BD80F1208B904EA1B6D1F71
S3150804E780C9B7C20A0B203B00430600005962F300CE
S3150804E790727E9600A73D1900D022F13B000000A026
S3150804E7A00000000040000000000000004C42010187
S3150804E7B008000304684201010100000038800101D1
S3150804E7C0F1471000A080020170780300FFC0020020
S3150804E7D0A8800111F0010000A88001310542CB018F
S3150804E7E0AC800111F0010000AC800131050A0D006E
S3150804E7F0EC000112E00F0000EC0001320C2051116C
S3150804E8008401010200000000FFFFFFFFFC4F010323
S3150804E81098EF040810400100014100003C40010043
S3150804E8200000000048400100A00700035040010012
S3150804E830000000005C4001000000000008410100DF
S3150804E840FF4C000054C00700512130000E000DE6AD
S3150804E8502A0000000405060708000000D1B60200D5
S3150804E8606005000040400701000050510000A02147
S3150804E87010000000000000861FC081000000002070
S3150804E8800000000064400501000000404902F00051
S3150804E89040080000020000009200080088400F01AA
S3150804E8A0DA032A00000000E0000000000102071154
S3150804E8B021374B5A67696254402915050000000040
S3150804E8C0010203040404030303030302020202020B
S3150804E8D00201010100000000000000001C410101C2
S3150804E8E000B0B18C38410701BC200AF0B655520075
S3150804E8F0055B98408E6E8294233C4852893B4000BF
S3150804E900C00300805C410101FFDD00006841070186
S3150804E910E853FA0000000040000000000000000070
S3150804E920000000000000000000000000D0410301C0
S3150804E9300000AAAAD000000004001200E041130156
S3150804E94000000000FFAB000A5CF10F00D34102008F
S3150804E95095EDB100197BD80F1208B904EA1B6D1F8F
S3150804E960C9B7C20A0B203B00430600005962F300EC
S3150804E970727E9600A73D1900D022F13B000000A044
S3150804E9800000000040000000000000004C420101A5
S3150804E99008000304684201010100000038800101EF
S3150804E9A0F1471000A080020170780300D5C000006A
S3150804E9B0A8800111F0010000A88001310542CB01AD
S3150804E9C0AC800111F0010000AC80013105228D00F4
S3150804E9D0EC000112E00F0000EC0001320C2051118A
S3150804E9E08401010200000000FFFFFFFFFC4F010342
S3150804E9F0ECEF040810400100014100003C4001000E
S3150804EA000000000048400100A00700035040010030
S3150804EA10000000005C4001000000000008410100FD
S3150804EA20FF4C000054C00700511130000E0009E6DF
S3150804EA302D0000000405060708000000D1B60200F0
S3150804EA406435000040400701000050510000A01141
S3150804EA5010000000000000861FC08100000000208E
S3150804EA60000000006440050100000040B904F800F5
S3150804EA7040080000020000009200040088400F01CC
S3150804EA80B7033B00000000E0000000000002050D8B
S3150804EA901C2F42536269686053402E1F110A0808E6
S3150804EAA0080807060504030302020201010101011D
S3150804EAB00000000000000000000000001C410101E5
S3150804EAC00060B18C38410701BC200AF0F662520096
S3150804EAD0055B98408E6E82941C784852893B4000A8
S3150804EAE0C00300805C410101FFDD000068410701A5
S3150804EAF0E853FA000000004000000000000000008F
S3150804EB00000000000000000000000000D0410301DE
S3150804EB10000000AAD000000004001200E04113011E
S3150804EB2000000000FFAB000A5CF10F00D3410200AD
S3150804EB3095EDB100197BD80F1208B904EA1B6D1FAD
S3150804EB40C9B7C20A0B203B00430600005962F3000A
S3150804EB50727E9600A73D1900D022F13B000000A062
S3150804EB600000000038000000000000004C420101CB
S3150804EB70080003046842010101000000388001010D
S3150804EB80C2241000A080020170780300D00000009F
S3150804EB90A8800111F0010000A88001310542CB01CB
S3150804EBA0AC800111F0010000AC800131053EFD0086
S3150804EBB0EC000112E00F0000EC0001320C20515168
S3150804EBC08401010200100000FFFFFFFF0C40010052
S3150804EBD0018101002040020000000000010000003D
S3150804EBE030400300000000000000000000000000A0
S3150804EBF040400200000000000040000060400100A0
S3150804EC0001010000A840010007000000BC40040000
S3150804EC1000000000000000000000000000000000E2
S3150804EC200C410300FF4C0000FF4D0000FF4D00009F
S3150804EC3020C0011000F8070020C00130F5022801A1
S3150804EC4024C00110FF00000024C001300013000096
S3150804EC5028C00800EC80B30343754051A00F00F8A0
S3150804EC6000400000A8AA07000000000000000000F9
S3150804EC700000000070C00900BA100000000420005B
S3150804EC80041880000B3C2001187C10022FFCE006B7
S3150804EC907F0000000000000000000000A8C0050076
S3150804ECA0BD4B721511A3180510325476980A000044
S3150804ECB000000000CCC004000100000000000000B1
S3150804ECC001000A00010028000800010108070000E5
S3150804ECD018000101AAAAAA00200001010060DA00AE
S3150804ECE05C40020100000003000000207840040193
S3150804ECF029417671000000008C000C000000000019
S3150804ED00C4400401000000000000000000000000E8
S3150804ED1000000000E0400101000200001041020169
S3150804ED20331E050000000000204102010000000017
S3150804ED30FF0483072C410301FF06660CFF048307BF
S3150804ED408813FF03584101010000000064410101D2
S3150804ED500C010000844105010101000000000000C7
S3150804ED60000000000000000000000000A4410201A9
S3150804ED700000000000000000B0410201000000008D
S3150804ED8058923EC0BC4103010000000000003C004C
S3150804ED90699006002C420301601800400000000038
S3150804EDA0000000003C420101000000004442010149
S3150804EDB014000000804202010000000081000000E7
S3150804EDC0984205013F000002FFFF0000FFFF000014
S3150804EDD0FF030000FFFF0000B44201010000000029
S3150804EDE030430A0140002001A00000000850000139
S3150804EDF01F1F1F1F1F1F1F1B18151311100E0D0C85
S3150804EE0045C1872F000000000000000010800101A2
S3150804EE10030000003C80010101000000B0800201EB
S3150804EE2000030002370000019C000102000C0004E4
S3150804EE30D8000302050040AA88010000C0000000AB
S3150804EE40F00001022B0100001001011200FF0F005F
S3150804EE5010010132020000315001011200C0010004
S3150804EE6050010132C100A2007401010269F11B0CB0
S3150804EE707801011200001C00780101321004E0CF69
S3150804EE8080010112790700008001013202000000A6
S3150804EE908801010250000000FFFFFFFF1400000074
S3150804EEA01CC771000000000000F10408B0F0040853
S3150804EEB000000000000000000051250240420F0037
S3150804EEC00108F600F14710020000000058F0040893
S3150804EED00000000000000000000000002A420F00A5
S3150804EEE00000000000000000000000000000000010
S3150804EEF0140000001CC771000000000000F104089B
S3150804EF00C0F00408000000000000000000512502BB
S3150804EF1040420F000102F600F1471002000000000B
S3150804EF2058F004080000000000000000000000007B
S3150804EF302A420F0000000000000000000000000044
S3150804EF4000000000140000001CC771000000000047
S3150804EF5000F10408D0F004080000000000000000D6
S3150804EF600051250240420F000108F600F14710023D
S3150804EF700000000058F0040800000000000000002B
S3150804EF80000000002A420F000000000000000000F4
S3150804EF900000000000000000140000006666660019
S3150804EFA0000000001AF10408E0F00408000000005C
S3150804EFB0000000000048E80180841E000101F800F2
S3150804EFC0F14750020000000058F004080000000051
S3150804EFD000000000000000007C841E000000000001
S3150804EFE000000000000000000000000014000000FB
S3150804EFF024499200000000001AF10408F0F00408FD
S3150804F00000000000000000000024F40040420F0045
S3150804F0100101F800C22450030000000058F0040857
S3150804F0200000000000000000000000002B420F0052
S3150804F03000000000000000000000000000000000BE
S3150804F040030500000304000003030000030800008E
S3150804F05003020000030A000002000000C01753025E
S3150804F06006140000802FA60405380000A008000036
S3150804F0700000580901040706100A01040707C80A0C
S3150804F08000040807800B00040808380C0004090863
S3150804F0906108000000008A0800000000C70901048E
S3150804F0A004032C0B01040404920C01040504000057
S3150804F0B050C30000E62D0000D0070000D00700006A
S3150804F0C0E5BF0000282300006B0300006B03000063
S3150804F0D0F5DA0200A41F0000900100009001000068
S3150804F0E050C300007616000077010000770100007F
S3150804F0F050C30000F22B0000EE020000EE020000EE
S3150804F100193F01060410010000010106001027003A
S3150804F110000A0000000000000000193F0106041060
S3150804F12001000001010600102700000C0000000081
S3150804F13000000000B8F204080000000064F10408A6
S3150804F1400100000000000000C017530210F704086D
S3150804F1500000000088F10408010000000000000017
S3150804F160C0175302000000004063598F404B4C00FF
S3150804F1700B000B001A00FF7F247C0020000000000F
S3150804F18074FB040800000000ACF104084063598FBE
S3150804F190404B4C000B000B001A00FF7F247C002018
S3150804F1A00000000070FB040800000000FC4F010387
S3150804F1B01CFB040820C0011000F8070020C0013019
S3150804F1C01402280124C00110FF00000024C00130E5
S3150804F1D00043000044C001002E02000068C002007B
S3150804F1E0D1B60200C0060000D0C00100000000002D
S3150804F1F04C40030120F9130407006200387000002C
S3150804F200604002010068010F40B8244080400101B3
S3150804F210236300008C40020100800060BE0A0000DF
S3150804F22020410101590B00003841010190200AF0E0
S3150804F2305C410101001E00006C410B0100140CC066
S3150804F240141A21282E343B42495043557698BA0C51
S3150804F25023730000010100001721286414171A00FB
S3150804F2602004C87DA1203A09A8410101290000000B
S3150804F2703C42010100000000804202010000000037
S3150804F28081000000A0420301FFFF0000FF03000005
S3150804F290FFFF0000B44201010000000030430301EF
S3150804F2A040002001A0000000085000014C43010161
S3150804F2B045C1872FFFFFFFFF0C40020001801400A1
S3150804F2C07F4000002040020000000000000000000B
S3150804F2D030400700000000000000000000000000A5
S3150804F2E0000000000000000000400000A007000322
S3150804F2F050400100000000005C40020000000000CD
S3150804F30000000000A840010007000000BC400400FB
S3150804F31000000000000000000000000000000000DB
S3150804F3200841040000400000FF4C000000410000B2
S3150804F330FF4D000020C0011000F8070020C001306E
S3150804F340FE01280124C00110FF00000024C001307A
S3150804F3500014000028C00800EC80B303437540512C
S3150804F360A00F00F800400000A8AA0700000000004B
S3150804F370000000000000000054C0100051313000A5
S3150804F380070007E615000000040606070700000044
S3150804F39088C6020000050000BA1000000004200018
S3150804F3A0041880000B3C2001187C10022FFCE00690
S3150804F3B07F0000000000000000000000A8C005004F
S3150804F3C0BD4B721511A3180510325476980A00001D
S3150804F3D000000000CCC0040001000000A1000000E9
S3150804F3E001000A00010028000800010104070000C2
S3150804F3F01800010100000000200001010884000033
S3150804F4004040250100000000000000001000000034
S3150804F41020FB130407C0420000000000000000009F
S3150804F420000000030000002020B802004902F00092
S3150804F4304108000002000000B0070800A700000009
S3150804F440000000005A02A0089BC34A74F0030F0088
S3150804F45000000060000000000101103050707F7F3A
S3150804F460000000000000000000000000000000008A
S3150804F470000000000000000000000000000000007A
S3150804F480000000000000000000000000000000006A
S3150804F4900000000000000000E04001010002000036
S3150804F4A010410201731E0500000000001C410301FF
S3150804F4B00090C28B11010000FF0483072C410A0146
S3150804F4C0FF06660CFF0483078813FF03BC200AF0B3
S3150804F4D0F854520000000000B756351200000050D8
S3150804F4E0803B0000000000005841020100000000B3
S3150804F4F00310000064410D010C010000E853FA00F2
S3150804F50000000040000000000000000000000000A9
S3150804F51000000000000000000101000000000000D7
S3150804F520000000000000000000000000A4410201E1
S3150804F5300000000000000000B041020100000000C5
S3150804F54000002000BC4103010000000000003C004C
S3150804F55069900600D041030100000000D0000000B5
S3150804F56000000200E041160100000000DE635E367A
S3150804F570BF6F07006FEA1600E530CE00B2B9D90EA0
S3150804F5804B8494045A1FA924DE635E36BF6F0700B2
S3150804F5906FEA1600E530CE00B2B9D90E4B8494044E
S3150804F5A05A1FA92400000000000000002C000000D7
S3150804F5B007EE753660180000000000000000000021
S3150804F5C03C420101120100004442010114000000FA
S3150804F5D04C420101080000046842010100000000D1
S3150804F5E08042020101000940010810009842050101
S3150804F5F03F000002FFFF00000000E80300020000CD
S3150804F60000001000B44201010000C00030430A01A2
S3150804F610400040024001AC0450B000011F1F1F1FE8
S3150804F6201F1F1F1B18151311100E0D0C5D280F2D07
S3150804F6300000000000000000108001010300000023
S3150804F64038800201F1471000010000009C80030184
S3150804F650EB400200D5C00000D5C00000A880011107
S3150804F660F0010000A880013105228D00AC8001114B
S3150804F670F0010000AC80013105228D00B080020142
S3150804F6803F000001370000019C000102000C000441
S3150804F690D8000302050040AA88010000C000000043
S3150804F6A0EC000112E00F0000EC0001320C205111AD
S3150804F6B0F00001022B0100001001011200FF0F00E7
S3150804F6C010010132020000315001011200C001008C
S3150804F6D050010132C100A2007401010269F11F0C34
S3150804F6E07801011200001C00780101321004E01FA1
S3150804F6F0800101127907000084010202000000005B
S3150804F70048000000FC4F0103C8FA0408FFFFFFFF86
S3150804F7100C400200018014007F40000020400200D3
S3150804F7200000000000000000304007000000000050
S3150804F73000000000000000000000000000000000B7
S3150804F74000400000A007000350400100000000002C
S3150804F7505C4002000000000000000000A840010010
S3150804F76007000000BC400400000000000000000080
S3150804F77000000000000000000841040000400000EA
S3150804F780FF4C000000410000FF4D000028C00700A0
S3150804F790EC80B30343754051A00F00F80040000005
S3150804F7A0A8AA0700000000000000000054C00500D5
S3150804F7B0513130000E000DE62A000000080B0C0D2E
S3150804F7C00D00000070C00900BA10000000042000F3
S3150804F7D0041880000B3C2001187C10022FFCE0065C
S3150804F7E07F0000000000000000000000A8C005001B
S3150804F7F0BD4B721511A3180510325476980A0000E9
S3150804F80000000000CCC0010001000000D4C00200C2
S3150804F81001000A000100280008000101040700008D
S3150804F82018000101000000002000010108840000FE
S3150804F8304040030100000000000000001000000022
S3150804F8405840020100000000000000036840060159
S3150804F8504902F0004108000002000000B007080051
S3150804F860A700000000000000844002019BC34A74FC
S3150804F870F0030F00944010010101103050707F7F8F
S3150804F8800000000000000000000000000000000066
S3150804F8900000000000000000000000000000000056
S3150804F8A00000000000000000000000000000000046
S3150804F8B00000000000000000E04001010002000012
S3150804F8C010410201331E0500000000001C4101011D
S3150804F8D00090C28B24410101FF0483072C410301D4
S3150804F8E0FF06660CFF0483078813FF033C410601E1
S3150804F8F0F854520000000000B756351200000050B4
S3150804F900803B00000000000058410101000000008F
S3150804F910644102010C010000E853FA00A441010104
S3150804F92000000000B04102010000000000002000B1
S3150804F930BC4103010000000000003C006990060079
S3150804F940D041030100000000D000000000000200BE
S3150804F950E041160100000000DE635E36BF6F070053
S3150804F9606FEA1600E530CE00B2B9D90E4B8494047A
S3150804F9705A1FA924DE635E36BF6F07006FEA1600B6
S3150804F980E530CE00B2B9D90E4B8494045A1FA92483
S3150804F99000000000000000002C00000007EE753689
S3150804F9A06018004000000000000000004442010105
S3150804F9B0140000004C4201010800000468420101D9
S3150804F9C000000000984202013F000002FFFF000009
S3150804F9D03C4304011F1F1F1F1F1F1F1B181513114C
S3150804F9E0100E0D0C50430201000000000000000038
S3150804F9F0108001010300000038800201F14710005D
S3150804FA00010000009C800301EB40020070780300AB
S3150804FA10D5C00000A8800111F0010000A8800131BA
S3150804FA200542CB01AC800111F0010000AC80013124
S3150804FA3005228D00B0800201000300023700000190
S3150804FA409C000102000C0004D8000302050040AA29
S3150804FA5088010000C0000000EC000112E00F00005D
S3150804FA60EC0001320C205111F00001022B010000B8
S3150804FA701001011200FF0F001001013202000031CB
S3150804FA805001011200C0010050010132C100A20058
S3150804FA907401010269F11B0C7801011200001C00B3
S3150804FAA0780101321004E0CF8001011279070000C1
S3150804FAB080010132020000008401020200000000F5
S3150804FAC050000000FFFFFFFF140000006666660092
S3150804FAD000000000F0FB0408D0FB0408000A00003C
S3150804FAE000000000005A620280841E000420F80008
S3150804FAF0F14750020000000078FB040800000000EB
S3150804FB00000000000000000062841E0000000000DF
S3150804FB1000000000000000000000000014000000BF
S3150804FB206666660000000000F0FB0408E0FB0408B3
S3150804FB300000000000000000005A620280841E00D3
S3150804FB400420F600F14750020000000078FB040880
S3150804FB5000000000000000000000000062841E008F
S3150804FB600000000000000000000000000000000083
S3150804FB7005010000050E000002000000C01753022C
S3150804FB8006140000802FA60405380000A00800000B
S3150804FB900000580901040706100A01040707C80AE1
S3150804FBA000040807800B00040808380C0004090838
S3150804FBB06108000000008A0800000000C709010463
S3150804FBC004032C0B01040404920C0104050400002C
S3150804FBD0E1190000E1190000F4010000000000002A
S3150804FBE0ED170000ED170000F40100000000000006
S3150804FBF0193F010604100100000101060010270040
S3150804FC0000090000000000000000000034F10408A8
S3150804FC104CF1040808DD040820DD040838DD04086E
S3150804FC2050DD040868DD040880DD040801000000CE
S3150804FC302C7C0020000000000000010000000000E9
S3150804FC4000000000000000000080000000800000A2
S3150804FC500080000000800000008000000080000092
S3150804FC600080000000800000008000000080000082
S3150804FC700080000000800000018000000180000070
S3150804FC80018000000180000001800000028000005D
S3150804FC900280000002800000038000000480000047
S3150804FCA00580000006800000088000000C80000023
S3150804FCB00F800000090000000A0000000C00000084
S3150804FCC00E000000110000001300000016000000DA
S3150804FCD01B000000220000002D00000001000002A5
S3150804FCE00300000024FE0408A4FD0408D8FD040843
S3150804FCF000000000020000001CFE040803000000C7
S3150804FD0014FE0408040000000CFE040805000000A4
S3150804FD1004FE040806000000FCFD040807000000B1
S3150804FD20F4FD04080E000000D0FD04080F000000CE
S3150804FD30C8FD040810000000C0FD040826000000E1
S3150804FD409CFD04082700000094FD04082800000010
S3150804FD508CFD04082900000084FD04082A0000001C
S3150804FD607CFD04082B00000074FD04080000000054
S3150804FD700000000098CE040870942B05ACCE040845
S3150804FD8070932A05C0CE040870922905D4CE0408B7
S3150804FD9070842805E0CE040870832705ECCE040891
S3150804FDA07082260502000000000000000000000022
S3150804FDB001E0030801E00308EBDF0308D9DF0308C1
S3150804FDC0F8CE04087064100904CF040870630F0998
S3150804FDD010CF040870620E0902000000000000003B
S3150804FDE00000000000000000000000000000000001
S3150804FDF0000000001CCF04089024070028CF04083C
S3150804FE009023060034CF04089022050040CF040846
S3150804FE10101404004CCF04081013030058CF040828
S3150804FE2010120200020000003FE003083BE003084A
S3150804FE3037E0030833E003081DE003080BE0030872
S3150804FE4050FE04080100080070FE040801000800BA
S3150804FE505F9C95BCA3508C24B1D0B1559C83EF5BB1
S3150804FE6004445CC4581C8E86D8224EDDD09F115794
S3150804FE70E0EB7A7C3B41B8AE1656E3FAF19FC46AC6
S3150804FE80DA098DEB9C32B1FD866205165F49B80026
S3150804FE9014DEF9DEA2F79CD65812631A5CF5D3ED84
S3150804FEA0512563FCC2CAB9F3849E17A7ADFAE6BC0A
S3150804FEB0FFFFFFFFFFFFFFFF00000000FFFFFFFF3C
S3150804FEC0F551BF376840B6CBCE5E316B5733CE2B70
S3150804FED0169E0F7C4AEBE78E9B7F1AFEE242E34F9F
S3150804FEE096C298D84539A1F4A033EB2D817D0377C2
S3150804FEF0F240A463E5E6BCF847422CE1F2D1176B5D
S3150804FF004B60D2273E3CCE3BF6B053CCB0061D65BB
S3150804FF10BC86987655BDEBB3E7933AAAD835C65A44
S3150804FF20FFFFFFFFFFFFFFFFFFFFFFFF00000000CB
S3150804FF30000000000000000001000000FFFFFFFFB2
S3150804FF400100000029FC030810141400101C2030BA
S3150804FF50401C2000001C2030400000000000000067
S3150804FF6010141400101C2030401C2000001C2030E3
S3150804FF7040505341004B45590000000000007AFFE9
S3150804FF80809F79FF009F73FF809E736C5F6F745F19
S3150804FF906372656174655F696E7374616E63650027
S3150804FFA001FFFF013C000000940000003C00000033
S3150804FFB096000000FFFFFFFFFFFFFFFF960000000B
S3150804FFC01A0260192040050013001D0012001000D3
S3150804FFD01500FFFFFFFFFFFFFFFFFFFFFFFFFFFF08
S3150804FFE0FFFFFFFFFFFFFFFFFFFF2E002F0052005A
S3150804FFF0730075007900C800C900CA00CC00DB008C
S31508050000E300E400E500E6001B011F0120013701B6
S31508050010380139013B013C0168016101FFFF010017
S315080500200000000000010000007F0000000000003D
S315080500300000007F000102070B001C011D011E01BF
S31508050040FFFFD200D300FFFF2D012E01FFFF0F0E84
S315080500500C080C080D181000CD00CE00CF00D000F6
S31508050060D1002101240126012701280129012201A0
S31508050070720123012501FFFF0001010201020203A6
S31508050080050017007D00D400D500DA00DC00DD0088
S31508050090DE00DF00E000E100E2000E010F011001BD
S315080500A02F017801630164016701FFFF040301015C
S315080500B002040400F4010000FA000000960000009E
S315080500C0640000004B000000320000001E0000001E
S315080500D01400000000000000500040000800500011
S315080500E0240004009001500240009001AE01100062
S315080500F0D600D700D800D900FFFF00000102020B81
S315080501000701160C00000108080000050108FFFF95
S3150805011002FFFF0808020204FF010022FFFF230869
S315080501200F030304040A0A030A2AFFFF1419191BF5
S31508050130011C15120400480C1404000048010508A2
S3150805014080020000082B0020000000008002000045
S3150805015088280020FFFFFFFFFFFFFFFFFFFFFFFFC8
S31508050160FFFFFFFFFFFFFFFFFFFFFFFFFFFFFFFF8C
S31508050170FFFFFFFF00021000D45C0020882D002039
S315080501800000020800000000FFFFFFFFFFFFFFFF5A
S31508050190FFFFFFFF00000000000000000000000050
S315080501A0000000000000000000000000698C02083D
S315080501B04D8C0208A1F60208D9F8020809F80208C2
S315080501C020C001B80B000000000000000000000078
S315080501D00000000000000000050000000000000007
S315080501E000000200000010000000000000000000EA
S315080501F000000000000000000900000000000000E3
S3150805020000000000000000000000000003000000D8
S3150805021000000000000000000000100012000000A9
S3150805022001000000000000000000000006000000B4
S3150805023000000000000000000000000000000000AB
S31508050240000000000000000000000000000010008B
S315080502500200000001000000000000000000000088
S315080502600000000100000101000101010001000074
S315080502700102020300000000000000000203030358
S315080502800304040404050500000000010101010238
S315080502900202020303030303040404040400000022
S315080502A001010101070708080303030504040405FA
S315080502B005050606060707070803020204040403DC
S315080502C004050506060606070707020202030303D1
S315080502D003040404040505050505060606060102C4
S315080502E002020203030303030404040404050505C3
S315080502F0050606060C0C0C0C0B0B0B0B0B0B0B0B4C
S315080503000B0B0B0B0B0B0B0B0B0B0C0C0C0C0C0C24
S315080503100C0C0C0C0B0B0B0B0B0B0B0B0304040433
S315080503200405050505060606060607020202020372
S315080503300303030404040404050505050506060662
S31508050340020202020707030406070404030303035C
S31508050350040506030305060708040506040304043D
S31508050360030304050606030405060708C7BFBEBE3C
S31508050370BEB5B5B4B4ABABDCDCDBDBD2D2D1D1C808
S31508050380C8C8C7BFBEBEBEBDB5B5B4B4B4DCDBDB35
S31508050390D2D2D2D11B1B16162E2D2D2A292929254F
S315080503A0242420201F1B1B1B162E2D2D2A2A2929FE
S315080503B02524242020201F1B1B1B2D2DBEB5B5B4B7
S315080503C0B4ABABABAAA2A1A1A1A099999898C7BFAE
S315080503D0BEBEBDB5B5B4B4B4ABABABAAAAA2A1A112
S315080503E0A199999900000000030303030302020279
S315080503F002020202030302020202010101010101CE
S31508050400000000000303030303020202D0C7C6C6A1
S31508050410C6BDBDBCBCB3B3B2B2B2A9DBDBDADAD1B1
S31508050420D1D0D0C7C7C6C6C6BDBDBCBCBCB3B3B2A2
S31508050430DBDBDADA1F1F2D2B221E2E2E3232323146
S315080504402D2624303028231F1B2B26222E322E2E0E
S3150805045031312D282424302C27231E1A0B000000A1
S315080504600000000000000000000000000000000079
S315080504700500000000000100000002000000100051
S315080504801000000000000000000000000000000049
S315080504900700000002000000000000000000000040
S315080504A00000000000000000000000000000000237
S315080504B00000000000000000000000000101000324
S315080504C03F000000FFFFFFFFFFFFFFFFFFFFFFFFE6
S315080504D0FFFFFFFFC8C8C8C8C8C8C8C8C8C8C8C8AD
S315080504E0030404080808080800A801A802A80000CB
S315080504F000B801B802B800B00304040808050000EE
S3150805050000000000000000000000000000000000D8
S31508050510040008007C0031003B001B00243800005D
S3150805052078030000A03B000004000000283E0000F8
S315080505300400000028330000FC0400009C3B000072
S3150805054004000000243E000003000000000000002F
S3150805055028330000A43B0000010000002C3E0000E3
S31508050560370000009D3A000029330000010000000D
S315080505700006800F7047934909684143880B704701
S31508050580914800680104C80F704730B500208149B5
S315080505900A6800238D4C521C6568AA4200D3226856
S315080505A01578AD06AD0E9D40054328009B1D1E2BEF
S315080505B0F1D30A6030BD84480168090408D5844921
S315080505C00A68744B1A604A68C2618868AF49086048
S315080505D07047F3B583B01700C006000E00901038B3
S315080505E0912833D2FFF7CCFF00282FD00024794D68
S315080505F001260398FFF7BCFF002802D0022803D07E
S3150805060003E02868304000D001240197724F04980A
S315080506100C21695E40180E21695E4018FFF7ABFF8D
S31508050620019940183860049800994018FFF7A3FF08
S31508050630019940187860C020800168490860200340
S3150805064067490860FCF7CDFF9148067005B0F0BD0F
S31508050650F8B5644AF0242405C025AD0410690228B6
S3150805066004D28C4800682040A842F7D08A4800681A
S31508050670C01C8A4901438A4801608A488A4B042175
S315080506809E680E4204D0117D8906CE0F710021E0C1
S31508050690B60721D51669042E04D27E4E366826403D
S315080506A0AE42F7D0167D3607360F072E14D1567D7E
S315080506B0022E11DD967DB606B60E022E0CDBD67D0C
S315080506C000960E4208D0F60700D50A21009EB60701
S315080506D000D5891D00290BD17449714C216000216B
S315080506E0116080229202724C226001601961F1BD87
S315080506F04B1C16699E4204D2664E36682640AE42A3
S31508050700F7D06C4B595C0091674E31610099C90069
S31508050710F8230B4002D08021C904116066490F6889
S31508050720012F00D15B0053603268002A1ED15C4B4D
S315080507301A682027F75F3F039205920D3A431A6018
S315080507400127076002228260009880090AD1086895
S31508050750002801D1182000E01A20325E00210098F1
S31508050760FFF737FF307A000700D43760F1BD4C48EC
S315080507704E49016000211B4A1160802292024C4BAA
S315080507801A60484A11604D4A026142614048017043
S3150805079070470000283E00000620494908600020E9
S315080507A048490860F0210901474A11608021490036
S315080507B0464A11600849414A0A604A603449087040
S315080507C070470000A43E0000C04101A87C3E000019
S315080507D0843E0000A03E0000C84101A8C06101A8EA
S315080507E0C05101A8C44000A830B581B00400A003D3
S315080507F014D531480068002801D1162000E00C20E0
S31508050800FEF7DEFA3248806E0007C10F31480170DF
S31508050810082031490860C003254908602F4D286816
S31508050820000406D5FFF7B1FEE861FFF7AEFE1749E6
S315080508300860A00727D58020C0021D490860FCF777
S31508050840F3FE00281FD0264A1068C0B2002802D039
S315080508500621244B1960810915D01D490B68012B02
S31508050860FBD949680905090D091DC900124B1B68FD
S31508050870012B00D14908002B01D1182300E01A23C2
S31508050880D25EFFF7A6FE01B030BD00005C4201A8A6
S31508050890623E00000C0002A8204000A800F0FF3FB9
S315080508A0B84101A8044003A8983E0000FFF3FF3F9E
S315080508B0106001A8D84000A8683F0000FFFF0300A4
S315080508C0006401A8504000A80C6000A80C5000A8B8
S315080508D01C4000A8A43B0000846000A8C04101A8EC
S315080508E09C3E0000005401A870B50822814B1A6089
S315080508F0814B1B68DC0302D50020088070BD0C8877
S315080509000019401E00787D4DA870641C0C804507AB
S315080509106D0F052D05D87A4E3668F60603D5022DD0
S315080509200DD0032070BD9604AE401E4001D10820A7
S3150805093070BD052D03D1104201D1641E0C80AB484C
S315080509404860002070BDF3B582B008886D490978FE
S31508050950491CC9B2814204D202990918491E097867
S3150805096000E00021654A517093785B075B0F019398
S315080509703023019C052C28D1194232D19478E508F3
S315080509801E242C40CD0702D5250001242C4301251C
S31508050990A24EE6402E4073D0019EA14FE741402462
S315080509A0274037434C0602D53C0020272743947831
S315080509B089080D40A1080C260E402E43C02121406A
S315080509C0314320240C43977054704B490C6855786D
S315080509D0022123262E4008D0660302D52B40202B5C
S315080509E001D0052083E0434B196093789B0601D413
S315080509F0202203E09278120702D540223D4B1A6061
S31508050A003E4A92786B461A70C022864B1E680E407F
S31508050A1001D1154212D06E46377827263E40232E39
S31508050A2003D1E60207D4012606E0252E03D0212E9A
S31508050A3004D1260302D504262E4F3E601B681940AD
S31508050A402026019F002F1DD11E4028D02B4B5B78F1
S31508050A501A40402A14D00C221A40042A10D02A0714
S31508050A603CD40122002903D0E200D10F01224A40D5
S31508050A7069460978CB07DB0F1A422FD021012AD4FC
S31508050A80072034E0022FE1D11E4008D00029DDD128
S31508050A90CC232B4003D16B461B785B0601D5032077
S31508050AA025E0A30311D59D4E73691B051B0D5B1C1C
S31508050AB03668F60205D59A4E36683607B60F9B1B75
S31508050AC05B1E9BB2052B04D1C0E7029B1B78052B41
S31508050AD0BCD006200BE08021064A1160E90702D43E
S31508050AE0401C03990880AC4803994860002004B067
S31508050AF0F0BD00004C1002A8BC3E0000243E0000D4
S31508050B00480002A8403E0000F2B586494978CA075A
S31508050B1005D4009A12888018401E057800E000253D
S31508050B209E4C206802229E4B1E68F60611D524693E
S31508050B306540EDB2002D03D15E68E509754015409F
S31508050B40002D03D0040204D40A20F2BDD406954E1E
S31508050B503460744C2D02C0270F402F43914D2F60EA
S31508050B60A5786E07760F022E06D15B681A4003D163
S31508050B70002000990880F2BDA0230B40AE08102777
S31508050B8037401F433B090E0702D41E001023334383
S31508050B90CC220A401A261E400A2E04D1CC2A02D097
S31508050BA01E00FD233340804EDE40F60705D40004BB
S31508050BB016D5412D10D1082912D17C48D8401121C6
S31508050BC0014011432020084320700D21014000985B
S31508050BD008D000F0A9F8F2BD0B2D01D10029ECD0FB
S31508050BE00720F2BD00F020F8F2BD000087330000AB
S31508050BF038B50C006E490A78130953399D00491909
S31508050C0025881207120FAA1AD21A8018FEF76FFD41
S31508050C10010002D1200000F007F832BDF300A3E376
S31508050C20981440684C0002A8F8B5040061480568A0
S31508050C303C4F3878D026304202D00D21014005D0E8
S31508050C4008205D490860EF20FEF715FD3978200074
S31508050C50314204D00909397000F066F8F2BD05215C
S31508050C6029401FD001884D4AD160544BEC0705D55C
S31508050C70491C0180690607D4514B05E043242C40DD
S31508050C80422C03D1491C018043600DE010214A4BD3
S31508050C9019604C4912689300DB0F1A010A63802212
S31508050CA012030A60002101800020F2BD0A88801817
S31508050CB0401E0078830601D4121D0A8018220240B8
S31508050CC004D0088852088018C01E0880394800686C
S31508050CD0C00702D50888401C0880394848600020A6
S31508050CE07047344A1368DB0708D51268920705D496
S31508050CF00A888018401E007804280CD110202E4A30
S31508050D0010603048254A12689300DB0F1A01026302
S31508050D108022120302600020088070470C4000A854
S31508050D20080001A8243E000031B581B026480021F7
S31508050D3000910822254B1B7802240C252B4202D14B
S31508050D400022234803E01D40082D00D10222DD07B5
S31508050D5003D505001E2068400094234207D0154890
S31508050D600068000601D51B4801E00020C043019B29
S31508050D70194C20601948FF248470009C15012543E9
S31508050D80C57001701888009940188018188014488D
S31508050D905860002036BD000049350000BC3E0000FD
S31508050DA0480002A8481002A80D0F0C0D0717085091
S31508050DB0473F00004C0002A84C2002A8ED3600006B
S31508050DC0233700001C1002A8DE1B2501243E00005F
S31508050DD02084100000FCFF01F03E0000443F00009F
S31508050DE031360000243E0000F53200000D330000C0
S31508050DF00D3300000D3300000D3300000D330000E0
S31508050E0000000000000000000000000000000000CF
S31508050E100D3300000D3300000D330000252A0000B0
S31508050E200D330000572B0000672B00009D2C000092
S31508050E30192D0000D52D0000692F0000092E000088
S31508050E4015300000612E0000A92E0000212F000094
S31508050E506131000039320000292B00002B270000DC
S31508050E60D52200000D330000D12700000D33000000
S31508050E70F5280000BD2800000D3300000D330000DD
S31508050E80392900000D3300000D3300000D3300002D
S31508050E900D3300000D3300000D3300006512000008
S31508050EA05B12000000000000000400080214021886
S31508050EB0032400004B488068000200D4704780B5BB
S31508050EC080208002AD490860CF2000F075FA01BD83
S31508050ED0F8B58B4A906B8B4C80239B0323608A4D10
S31508050EE02968090520D5190BA026064002D11268DE
S31508050EF0D20601D5216017E003403FD18027834AF2
S31508050F001760834A1760084038D0364E307A40074E
S31508050F1005D501207F49086000027F4908603078B9
S31508050F20002801D0062801DB0020F2BD00F0A5FB4C
S31508050F30696889684D683178052907D1B905A160B9
S31508050F407560AD68CC218901734A116000F09EFB76
S31508050F50012D00DA0225BC20800589490860942000
S31508050F6080058849086069480021C94301646942C2
S31508050F70416485490F6040210160D5E783480160D2
S31508050F80FFF798FF0120F2BD81480168890504D558
S31508050F90C06E0004000F022801D00020704701200A
S31508050FA0704738B580245948046000F066FB05008B
S31508050FB07848006800F080F9280000F067FBFFF71D
S31508050FC079FF0848007A000705D5A0004D4908604D
S31508050FD000F06CFC31BD60036C490860B1480460DB
S31508050FE031BD00002C3E0000FEB50600CC20800170
S31508050FF069494860012469480460FFF7C5FF002868
S315080510007DD0674D2878002879D0210201960528D4
S3150805101002D032460A4072D1CC27BF015E4A176014
S31508051020914A126881231B02134001D0032301E06C
S3150805103053075B0F022805D1022B5ED308013649F3
S315080510400860F7BD4E01032804D1022B55D932484D
S315080510500660F7BD042802D111404ED0F7BD052814
S315080510604BD10198002848D0C005C10F6846417084
S315080510700198C004C10F6846017000F0FEFA029097
S315080510806A6868464078002803D014688020204995
S315080510900860350484496846007800280CD0D0686D
S315080510A00B68C01A814B1B682B4001D0146800E0F9
S315080510B05468844200DD0400684640786A4612781A
S315080510C0024308D008684242A01E824202DA6042FC
S315080510D0886000E00024029800F0D8FA0198800597
S315080510E001D5734805600198064001D07148056029
S315080510F0002C02D008480760F7BDFFF752FFF7BD79
S315080511000C0002A8442002A8BC3E00000CC001A899
S3150805111090E001A8C4D000A8145001A838B58024C9
S315080511209648046001201D4908601D4D2878052844
S3150805113002D0600092490860FFF726FF002812D002
S3150805114014480068000A80214140A868000EC9B203
S31508051150814208D2444800684007400F022802D257
S31508051160FFF71FFF31BD87480168C0220A4002D133
S31508051170C06F204001D00448046031BD1C1002A888
S3150805118008E001A808D001A894D001A8441002A82F
S31508051190440002A818C000A8106001A8C4E000A869
S315080511A02C3E0000F1B582B00F00A020384003D1CF
S315080511B075480068C00603D58020800073494FE04E
S315080511C000F05BFA0090FB2080010468F80202D55E
S315080511D0A0680069029000F0CCFB802109036068CD
S315080511E000F0A2F926780020761C6178B14200D273
S315080511F000261821714365180C3529780829F3DA6C
S315080512002670A56062492A780A70BA0508D5FB20B2
S31508051210800100688068C068FA0201D403229043F9
S3150805122088600127384003D100F0ACFC01F09AF834
S31508051230F904686900F078F93C2000F0BDF8F0B2C9
S3150805124000F0BAF86088534901406180009800F0BB
S315080512501DFA38054D4908604F48076038024F4959
S3150805126008600298FEBD0000184001A810B54C4854
S315080512700068800501D4FE2010BDC02080034949B9
S31508051280086000F0FAF9FB21890109688A78D2070E
S3150805129002D589688C7800E00C7800F0F7F920000B
S315080512A010BD0000100002A848C001A84C0002A8FD
S315080512B04C1002A84C2002A8FB21890109688A68F6
S315080512C08B78DB0704D5927818235A438A180C328B
S315080512D090607047F1B582B0334804680027200F3F
S315080512E0000702D1E001029038E001262F48006880
S315080512F0304001D101F036F800F0BFF90190F1044C
S31508051300606800F011F925786D1C6078A84200D24E
S315080513100025E80020180C30009000680290F104BA
S315080513200098406800F000F920480068304002D06F
S315080513301E201F4908603D2000F03EF8E8B200F07F
S315080513403BF825700098A060019800F09FF91748AA
S315080513500068064002D102A801F05EF81548006843
S31508051360800408D51048C06901F027FD02990818B8
S31508051370029000D502970298FEBD000094E001A8E8
S31508051380146001A814C001A80C0002A8442002A8EC
S315080513902C3E0000FEFF0000C0E000A8106001A872
S315080513A0440002A8441002A8C43E0000784000A8DC
S315080513B0841102A8FC0302A84E490968002901D52B
S315080513C04D4908607047F3B581B04C4FB8684C4C29
S315080513D0410060D50125000100D521254949086840
S315080513E049680E0022689206920E80235B00134315
S315080513F0009380220D2905D00F2903D0102901D085
S31508051400112908D140490968114004D03F4909689E
S315080514101B2900D31643694609799C463B689B00F8
S315080514201A4063461A4300920A0023D0890601D555
S31508051430012008E0F021014007D16946097A0C2206
S315080514400A4002D0022000F03FF83149096809042C
S315080514500AD53968090701D5022605E03968490319
S3150805146001D5002600E0032648350099294A126861
S31508051470930003E00099274A926B1309402213400B
S315080514800B439100002E02D00E43266608352366C7
S31508051490014321662566E06D4407640F00F0D7F819
S315080514A0A0070BD0052C09D0B868000406D400F0AF
S315080514B0E4F80221184A116000F0E8F800F0D0F8BF
S315080514C0002000F001F8F7BD0E490A68F0239A4393
S315080514D0000110430860C0B270478020C0020F495A
S315080514E00968890701D10E4900E00E490860704769
S315080514F000000000500002A8884000A8480002A87D
S31508051500284000A8643F0000BC3E0000448001A8AE
S31508051510684101A8184001A814D50350844000A8BD
S31508051520486000A8485000A880B56D4A116001F0CA
S315080515306FFCFFF7D2FF01BDFEB56A4D2878000698
S3150805154004D5287F002801D0182400E0462400F099
S3150805155094F801906448C0684005C20DD52A01D2A1
S31508051560D52204E0D1204000824200D902001000AD
S3150805157001005E4B00932B6B5B011BD55C4B1B78FF
S31508051580022B03D25B4E06277B43F2520023009DAE
S315080515902D7CDD40ED070AD5574D06265E43AD1968
S315080515A0AD888D4200D22900A84200D228005B1CCE
S315080515B0022BECD309190904504B0B40001BC00537
S315080515C0C00D184348490860C02000064C49086004
S315080515D04649087D00280CD04A48D52A02D98023D1
S315080515E0DB050360D1235B009A4202D280231B06E2
S315080515F003600020444B18604888002800D10A80FB
S31508051600019800F043F800F05DFDF7BD80B53F4849
S315080516103F4908603F48C1680902090A192251432A
S31508051620416005210160FFF787FF01BD80B52D489B
S315080516300178090604D5007F002801D0FFF77CFF4D
S3150805164034480068C00301D5FFF776FF01BD802041
S31508051650C00223490860304800684007FBD4704734
S315080516608020C0022D490860704701E02C490860B2
S315080516702C4909680140F9D170472B480068202193
S315080516802A4A116010212A4A116070473021014003
S3150805169002D1102025490860704723480068302183
S315080516A00140102901D101207047002070472148C3
S315080516B001210160C160704701201F490860704714
S315080516C01E4800780621014007D01D4800680228F3
S315080516D003D0032801D00120704700207047000079
S315080516E0441002A8BC3E00007C400050703F000034
S315080516F04C3E0000543E0000503E00000000FF012D
S31508051700A0600050A450005018E000E07F1A0601BA
S31508051710540002A810E000E0440002A8442002A8EC
S31508051720282002A8280002A8600002A8602002A8AE
S31508051730601002A8789001A884A001A8A03E000020
S31508051740683F0000F8B55B4880214902C16102215E
S31508051750594A51600021594AD162594A11800321D3
S31508051760554A116002210160564DCC01A8682040F2
S3150805177010D052480068F02109050140902000055F
S31508051780814207D0022050490860012001F064FB18
S315080517904E48046020204E49086080204D4908605F
S315080517A0CC2080014C49086001244C48046028680F
S315080517B000900004070F4A480068C505ED0D103D61
S315080517C0C0202843C0B2FFF7F7FD3C48C06B80032D
S315080517D009D5092F07D0FFF773FF002801D003F0B5
S315080517E027F801F067F93F480668032D41D00098A8
S315080517F00007000F0090032803D0022806D1032FFF
S3150805180037D000F03FFA0098032803D0062F30D1C9
S31508051810062D2ED034480068C00B204001D001F0B3
S315080518204BFC32480068000108D5052D06D101256F
S315080518302F4804606005FFF718FF00E00025310012
S31508051840380000F057FA0600002D06D000F006FC11
S315080518502848046002202849086060052549486526
S31508051860800926490860FFF72BFF002801D002F0FA
S31508051870CAFF114821040162002F08D102214160DF
S3150805188000200E49C863C020C000134948643000CB
S31508051890F2BD80B5FFF7DBFE19480078800602D44D
S315080518A0022018490860FFF7DBFE01BD022016492C
S315080518B0086070472C1002A8282002A80C0002A868
S315080518C05C3E0000B00002A86C1102A8B82002A868
S315080518D094E001A80CC001A8146001A8C4E000A8FA
S315080518E004ED00E0B44000A800E200E0EC3E00008C
S315080518F0645000A8646000A82C4000A880E200E0B7
S31508051900BC3E0000081002A8082002A8F8B55B48E6
S31508051910046804275A4DBE01A0070FD55948012169
S31508051920E022D2008368134002D02E602F61296118
S315080519300068024002D02E60AF60A960FFF79DFEE1
S31508051940210506D52E602F61B7490D220A600F229B
S315080519500A60FFF79BFEF1BD80B5FFF78EFE864947
S3150805196001228A600A600021B04A1160FFF78EFEDF
S3150805197001BD012081498A680240FCD10422BE4B7B
S315080519801A610B680340FCD1BB488260910101606E
S3150805199070477B4908680122104200D1704710B587
S315080519A0E023DB000340FF24A41CA34207D3B34B63
S315080519B09C6BA40602D41B68DB0600D54868024062
S315080519C001D000F021F910BDF8B50400894D286845
S315080519D03F2188438849097801432960FFF7D9FFDC
S315080519E0C820A862062085490860802040038449E6
S315080519F0086080098349086020688D4DAF6887426D
S31508051A0000D30700C01B20600121200000F0B7FBAA
S31508051A1006002068C0192060FFF778FF854800682A
S31508051A202860002E11D18448102141620821834A75
S31508051A3012680A4001D0016000E0416093490968CF
S31508051A40490002D58021490141623000F2BD8C4822
S31508051A500178090610D5007F00280DD08748C16B87
S31508051A60C90609D4816BA0220A4005D10068C006BB
S31508051A70C10F01204840704700207047500002A852
S31508051A80881102A8900102A880B5FFF7E0FF002893
S31508051A9003D00021042001F0A5FB01BDF1B57C4862
S31508051AA07C49C860EE20C00408607B487B4908600D
S31508051AB0FFF7CDFF002803D00021042001F092FB93
S31508051AC0774C8020C0012060082776488765012560
S31508051AD0704845641D2073498862734E9B204000F3
S31508051AE0B061072001F0B8F902206E4988625349AA
S31508051AF00A68D20603D56B496C4A0A6008E00F22C4
S31508051B000968394002D03100103101E0310014313D
S31508051B100A6067490968002900D4B761E321090104
S31508051B203160C021C900634A1268F823DB011340F6
S31508051B3001D1F16201E0574A9165216C294008D027
S31508051B40616BC90705D45C490968084001D101F0EC
S31508051B5067FB0020C04359490860606B054001D101
S31508051B60FFF7D4FE009801F065F9606B8001FCD497
S31508051B70606A53490860F1BD902102A8940102A83C
S31508051B80743F000010B53E480178090606D5007F62
S31508051B90002803D00021052001F024FB154801681B
S31508051BA03F229143474A12780A4302603C4C606BD0
S31508051BB0C00701D4FFF7D0FE4349972040000860C7
S31508051BC0102008604148E32212018266404ACA612C
S31508051BD00021404A11600F210822184B1B68134043
S31508051BE001D0816700E0C167032101600263100324
S31508051BF0206010BD2C8001A85E3E00000C9001A84F
S31508051C00982002A8A41002A8F0210901324A1160F9
S31508051C100140324801602020314908603149096888
S31508051C200840C3490860704700100C5000000C5066
S31508051C30A03F0000340002A8601102A8FC0302A810
S31508051C4029482A4982680A4002D1C268114001D04A
S31508051C501149016014480821A84A13680B4000D0A9
S31508051C6081611178C90602D58C2109010160142004
S31508051C70B0490860F3E10000882102A80C0002A813
S31508051C80BC3E00000448054908607047EC0002A8F8
S31508051C90000FFF00242102A801200000706201A898
S31508051CA0100002A8C01002A8501102A8BD03000022
S31508051CB028C000A8A88001A8343E0000B46000A882
S31508051CC09C3F00005F3E0000682102A8E82002A8A4
S31508051CD010100000C00002A8586001A8585001A8B5
S31508051CE0482002A8184001A8704201A80080008073
S31508051CF070470000F8B586B005000C008E480068E8
S31508051D00400102D52000402404438C48C66AFFF7E3
S31508051D10B4FC0590B00503D589480068FFF7CCFAE9
S31508051D200020019001227006C00F0290854B986825
S31508051D3000219960B8214900834E31606608B821AB
S31508051D4031401B78F0261E40402E02D10B0040215B
S31508051D5019430D2D02D1030004201843430704D562
S31508051D600B001421194310239C43784B1B680393D6
S31508051D706B461A70039BDA0506D580225200744B0A
S31508051D801A600A0001211143029A002A11D10C2270
S31508051D900A40082A0DD00A00684B9B6BDD0601D45C
S31508051DA01025AA439B0601D420239A43B123134041
S31508051DB04FD06A461278002A4ED0A64B9A6B9D6D6F
S31508051DC001265207520F921D9640EA04D20CB21A02
S31508051DD092B2082A09D280210622584D2A604A025B
S31508051DE09D4D2A6000226D462A7081220A4036D00A
S31508051DF00822029D002D00D11A62050008202843F5
S31508051E001022944304221505984E3560D504984E3C
S31508051E1035606D462D78002D1ED0062A25D3464DEC
S31508051E20EE6CF60621D5934E3668360E01966D6923
S31508051E30ADB2904EF66B360603D02E0080256D01A1
S31508051E4035431D612D0A1D61404B1B68DD0592D47E
S31508051E500BE008227F4B1A620490009132E000BF1E
S31508051E6027A24D06ED0E525DD3E704900091334B3C
S31508051E70186B80490968774D2E686F463E810600BE
S31508051E80282737401743820CD2013A43000E3040C3
S31508051E90102630401043890040221140014302A80C
S31508051EA08170586B000A02A9C870FFF7DFF902A905
S31508051EB008710198487170480068C8800298E866F4
S31508051EC00398E8660598FFF7E1FB0825600601D53E
S31508051ED066488560FFF7F4FB002805D06748007853
S31508051EE0002801D0664805600498C1B20098C0B2BA
S31508051EF0FFF769FA200007B0F0BD0000F84F0000AB
S31508051F000301070603010706050106060501060678
S31508051F100302070603020706050206060502060664
S31508051F20081A03D2574909684018401C704700002B
S31508051F30481002A86C3F0000084000A8180002A82F
S31508051F401CC000A8643F0000B46000A81C0100AAD4
S31508051F501C2100AAF8B54C4F0F2401254B4910261C
S31508051F604B48806B30401BD00120087049480068F3
S31508051F707969FFF7D5FF48490968401801285DDBE7
S31508051F8001F0F6F945490968090B0C40022C53D1AD
S31508051F906905434A116043490E643D490D604BE0A6
S31508051FA02E023B48006CC0001ED53F480068E0215C
S31508051FB08905014042D0394D286821030140700141
S31508051FC081423BD1FFF759FB384A394909683140FF
S31508051FD002D03849096811602968090B2140022988
S31508051FE0F3D0FFF753FBF1BD33480068002825D029
S31508051FF00D7000F01FFF002820D101F0B9F9274917
S315080520000968090B2140022916D1264A1160690279
S3150805201039601F490E60214A1168090B21400229BA
S31508052020FAD01168090B0C40032C02D029041C4A66
S3150805203011600021204A116001F09EF9F1BD80204A
S3150805204080041E4908607047802040041B490860C3
S3150805205070470000540000AA141100AA00BF1848CA
S315080520600168490701D0FF2141617047441002A85C
S315080520704C5001A8184001A8448001A8A43B0000BB
S31508052080845000A838C001A80CC001A8613E00000C
S31508052090100002A81CC101A8DC3E0000B00002A879
S315080520A01C1002A8082002A84C4001A8800000AA16
S315080520B0084000A8904000A8383E00003C2002A829
S315080520C00C4000A87047FF2808D0022806D2FE2132
S315080520D089010978C140C807C00F704700207047B5
S315080520E0F0B58020000208219B4A11600A210122C9
S315080520F09A4C01238B400343C1A56D5C1D43A5601E
S31508052100F025974E3560944DC0A6765C0227374371
S315080521102F6004262E60A74D2D68154006D1D502D9
S315080521206D1E03D0A66C3603FAD401E00220F0BD75
S31508052130A56CE66C6D036D0BAE4200D21800491E00
S31508052140D7D50821864B1960A0609B4909684901BE
S3150805215013D59A494B785D1C01262E404E701D00F5
S31508052160062675434D192468AC80E8800B70FE2059
S31508052170800101789A400A4302700020F0BDF1B546
S3150805218082B0FFF7E9FB8E48006B400101D40124B4
S315080521901CE08C48806B0021884ACBB20624634331
S315080521A0D3189B8884B2A34204D0491CCBB2022B10
S315080521B0F3D3FF21117001248149096B490105D51E
S315080521C01078FFF780FF002800D000247C480078A7
S315080521D0000608D57A48007F002804D07848407F4D
S315080521E0002800D10124784DE869019077480068F0
S315080521F0E861774E02980068316D4718012F16DB9E
S3150805220000F08FFD3060C001381A01280FDBFFF793
S31508052210B0FB00F0A7F802980068316D401800F089
S3150805222009FE002803D00021029A116010E0694FC3
S31508052230C020C00038602868072832D00521084024
S31508052240052808D029600C2000F006FE002802D0D3
S315080522500199E961FEBD604EFF207A30706204205F
S31508052260B062FFF786FB02203060E020C0045B49B8
S31508052270486080208004786002203860012000F0DC
S31508052280EBFD802080007062022000F0E5FD8020CD
S31508052290C00070620820B062022000F0DDFD022051
S315080522A0B0624F4EE02040003060042000F0D4FDB7
S315080522B007003ED10220494908608002B062C00184
S315080522C0B06210203F4908600120F065454800685E
S315080522D040061BD43A48006B400113D537480078A9
S315080522E06946087068460078FFF7EDFE002809D0AC
S315080522F0324869460978062251434018C08831494B
S31508052300086403E0FFF7ECFE07001AD12D48012102
S3150805231001600021C167022000F09EFD324E402073
S315080523203060C0303060022000F096FD8120C00282
S31508052330B062002C05D02B480068800101D4FFF750
S3150805234075F9E969E020400308400199274A0A40DA
S315080523500243EA613800FEBD889001A8448001A8B9
S3150805236088A001A838B5FFF7F7FAFFF702FB02249C
S31508052370144804601E4D0820A862C0016862012041
S3150805238000F06AFD200268622C600620A8621948DA
S315080523906862E0204000144908601048046000217E
S315080523A0094A1160C021C90001601348006813492C
S315080523B0086031BD140002A8EC3E00004C3E000042
S315080523C0BC3E00000C8001A85C0102A8F80302A81F
S315080523D08C3F0000981002A85C1102A8982002A854
S315080523E02C9001A8500002A82CA001A8FFFFE3FF26
S315080523F05C2102A8F9610000340002A8943F000098
S315080524000000000101020408102020005050504029
S31508052410404040302020200070B50600FFF7A9FA95
S31508052420C020C00019490968F822D2010A4001D11D
S31508052430174900E0174908601748AC214900816427
S315080524400A21016015488021490301608909C1608F
S31508052450134C6069AF21C90145183068854200D318
S315080524600500401B306000213000FFF788FE316803
S31508052470491931600B490968216070BD8020000142
S31508052480094908600001094908607047AC8001A838
S315080524907C1102A87C2102A80C8001A8981002A824
S315080524A0903F0000340002A8441002A8685000A80E
S315080524B0F1B584B0B84800680190B848C06BAF213B
S315080524C0C90140180499884205D2081A00F0B2FCD9
S315080524D0002800D048E2B24D6868C00700D543E237
S315080524E00420B049C8628003AF498862CF480468AA
S315080524F0A86B8607B60F032E03D01020A949C86214
S3150805250024E08022920208468262E86B800601D59D
S31508052510012061E0200610D5E86B022108400CD1A0
S31508052520C34805230360EB6B10273B40194301603D
S3150805253000210160A96B090A016004209A49C8624D
S31508052540E86B002802D597488262002620060DD535
S31508052550B648007F002809D020209249C862C94894
S315080525600068202108409049C8620EE0A86B40071C
S3150805257005D5A86BC00080214900084003E08748B7
S315080525800069C10701D5FFF73FFBE00708D5CD4828
S31508052590B1014018006AC004C00C401ECA4908604B
S315080525A0CA480168090404D5806FC10F012048404F
S315080525B000E00020C649C02292000A6032020028BF
S315080525C002D0C020800000E01000C24B1860C02071
S315080525D0800048605A600020296C942292050A40BA
S315080525E0140000D0012480263602204300062DD08B
S315080525F08E483021405CC0210140402902D1FFF7B1
S3150805260048F901E0FFF752F920202860240600D191
S31508052610AAE1A86B400709D57008634988620220B4
S31508052620D249086000F094FA002807D004205D49CD
S31508052630C86240025C498862CC4806607B480078D7
S31508052640000600D490E13001564938E16868C007AC
S3150805265000D589E1B0005449C862FEF7F8FF9A48E3
S31508052660406E296C314008D1C00606D5FFF705F836
S315080526700221BF4A1160FFF709F8FEF7F1FFF008D6
S315080526802860C74CC0273F066760A86B4007C10F7F
S3150805269068460170EE20C0040199C90700D485E093
S315080526A0C04908603009E0610320BF490864FE2077
S315080526B0C003486442204860A02020600820BB4922
S315080526C008660420AB490860286CC00238D5B848A6
S315080526D04068010C0391B7490004C00B085A0290DB
S315080526E0039810282CD32D490889E72828D3088963
S315080526F095225200904206D8029B101A00094343B8
S31508052700980A434205E0029A9B4BC01800094243C2
S31508052710930A5BB20398C018CA6B94468A6C5343EE
S315080527206246D218CA636F2801D36F2002E00F28C4
S3150805273000D20F2001020143000408439E490860A0
S3150805274098489E498164B90C61600221974A516788
S31508052750B90D8160F02109014165F00920610A205A
S3150805276000F07AFB6760822040022066012000F0AF
S3150805277073FB01206060062000F06EFB666008208A
S3150805278000F06AFB3001606080006060032000F09D
S3150805279063FB700046E000BFFC0302A8683F000023
S315080527A0100002A81C2002A81C1002A801994907B6
S315080527B040D57C4908607D4E8220C004F06680209D
S315080527C08000E061C001B066B80C88647C4860602A
S315080527D00A2000F041FB7449002008640860486037
S315080527E0A020206008203066022070670A2000F0C5
S315080527F033FB676073482066012000F02DFB062031
S3150805280000F02AFB08206060062000F025FBF80D7D
S315080528106060082000F020FB60206060032000F05F
S315080528201BFB02205349086009E000BFBC3E0000B7
S31508052830E40000AA644A4021002001F007F863482D
S315080528400021C943C16301229349097809061BD5A5
S31508052850A96B490718D4914909680D2905D00F2987
S3150805286003D0102901D011290ED10649896B4905CE
S315080528700AD58B4909681B2906D23C480261C264F8
S3150805288003E000BF184001A8026000F04AFA834E2B
S31508052890401DC001F16B47188020C0018149496F69
S315080528A001400291804908600498874215D2F16B68
S315080528B0401A00F0BFFA00280ED002987B49086036
S315080528C052E000BF0C0000AA204000A8684101A8F4
S315080528D0086100A8085100A8049F0198400702D579
S315080528E08020800000E072486060012000F0B4FA9C
S315080528F0686AB063802040002C490860380000F0FB
S3150805290099FA654C68460078002806D16548006836
S3150805291060628020C0038D49086002986349086093
S3150805292020480199490704D58021890081642349EE
S3150805293003E002218164C02189018164686A3063E4
S3150805294068460078002809D0012000F085FA207825
S31508052950000603D58020000390490860286CC0024C
S3150805296002D513480068F06305B0F0BD685000A8A5
S3150805297014E50350C82102A8D6FEFFFF80B5FEF769
S315080529807CFE8B4900220A600A22CA61FEF77EFE92
S315080529908848C021890201608749416001BD000058
S315080529A0681102A8242102A8600102A8B81002A885
S315080529B0F83F0000C0000000DC4001A80404000040
S315080529C0040440000204000012070000786000A80D
S315080529D07A48806B800300D47047F8B5784807684D
S315080529E00024002001252F4202D0C020800102E0E4
S315080529F0790700D57348744902220A6008640820D5
S31508052A007249086072480068C00403D471480068B2
S31508052A100007FBD5704E26487065042000F01CFAA1
S31508052A208820C00470653D4007D0A02080037065E6
S31508052A30012000F011FA694808E0602070658020D9
S31508052A404002B060012000F007FA65487065654DDB
S31508052A502C606C60C02000067065C00C6249086071
S31508052A60012000F0F9F9F0200001F0665F480460DE
S31508052A70862040025E4908605E4870650820306019
S31508052A80A02030652C646C64802080014B49086061
S31508052A90000159490860F1BDBC3E0000683F0000C9
S31508052AA0448001A820C001A894E001A894D001A8F3
S31508052AB002400000F8B5514800680D240440082076
S31508052AC00425002C01D1042404E009212140092903
S31508052AD000D144404A49102706034A4A4A4B1B680F
S31508052AE02B40126814D04A60204004D00220FEF715
S31508052AF0EBFC46480660254007D04548006807436D
S31508052B0043480760B008414908600220414915E075
S31508052B100A60204005D00220FEF7D6FCA8023B49EC
S31508052B200860254006D03A4801680F4307607009D2
S31508052B30364908603748066030032F490860FFF7AD
S31508052B4047FF00210020FEF73EFCF1BD1C1002A838
S31508052B5010B5802030490A6802400AD02F4A136802
S31508052B6006241C4005D1546E2D4B2340126D940145
S31508052B7001D5002010BD096808400DD029488342B3
S31508052B8003D1100501D5012010BD27480068C107E6
S31508052B90C90F481E8041C00F10BD00001C2002A8A1
S31508052BA0224803210164A821C163102101607047E9
S31508052BB0D80000AA442002A804000080100002A834
S31508052BC0FC0302A8040400002C1102A8106001A841
S31508052BD0D84001A8104001A8182102A801800000C4
S31508052BE089050000600102A8B06101A8548001A802
S31508052BF0C82102A804340000482002A8B44000A849
S31508052C00E43E00001CC101A8480002A8441002A819
S31508052C10643F0000685000A8440002A814C001A833
S31508052C201F1F0000010C000030C101A8082002A8DA
S31508052C306C4800680121084209D16B4A12686B4B3A
S31508052C40000C1840F03291400B40984201D0022002
S31508052C50704700207047F8B507000F386A46108098
S31508052C60604CE0680A0004D16B461B8882B29A421A
S31508052C703AD200226B461A80012502263A0013D05D
S31508052C802268324007D000292ED059480088401CB2
S31508052C905749088000203900216156490E6080B2DF
S31508052CA0B84201D369460D805348456000E030BFF8
S31508052CB02068304003D1FFF7BBFF0028F7D04D4801
S31508052CC04560390010D02168314005D048490A8841
S31508052CD06B461B88D2180A80066000202061E068CA
S31508052CE0B84201D244480660FFF7A2FFF2BD38B5DF
S31508052CF0040000F03DFB0500012199204443A00985
S31508052D003E4A12688018123880B2FFF7A4FF0400FD
S31508052D108020C0013A490860280000F02DFB2000F4
S31508052D2032BD334803883549096802889342F9D183
S31508052D30100408187047FEB51238070C694608804E
S31508052D4000F016FB0190274C294D2888B8421ADA57
S31508052D5001202C490860274E30BF02202168014012
S31508052D6006D030604003264908602888401C28801C
S31508052D70FFF75EFF002802D12988B942ECDB01215D
S31508052D80716000280DD12888B8420AD1E0686946DD
S31508052D900988884205D2002168460088FFF75BFF47
S31508052DA001E0FFF745FF04008020C00114490860CB
S31508052DB0019800F0E1FA2000FEBD10B512490A682F
S31508052DC00E4B1B680C689442FAD0DB014033141A83
S31508052DD002D288692418641C0C4800684443181BE9
S31508052DE010BD0000280002A804ED00E0FF3F000022
S31508052DF05C3E0000282002A8281002A8340002A874
S31508052E0080E200E02C1002A820C001A8B43F00000B
S31508052E10F0B502E00A601C602E607EC84F1C07D01C
S31508052E205F1C04D06F1CF5D10A601C60F0BD0A60F2
S31508052E30F0BD000010B5C409FFF773FF201A312845
S31508052E4006DAC000183801D4C01EFDD5002010BD0D
S31508052E502000FFF770FF10BDC32148436F3801D422
S31508052E601E38FDD50020704780B5FEF72DFB0120DD
S31508052E708A49086001BD38B589490D680824894914
S31508052E800C60FFF7F1FF254001D08748046031BD86
S31508052E9080B5EB2000F001F801BD30B583490A6815
S31508052EA0104010231A4210D0814A824C24682340C8
S31508052EB008D0AF4B1C682402FF252D022540156353
S31508052EC000241C6080235B031360086030BDF0B5E1
S31508052ED00024A84D00270BE0BC46075D6F43A600F6
S31508052EE096597E400F5D6F43374066463743641CE7
S31508052EF09C42F1D3380938438108014348080843F9
S31508052F000540E90929430F208A0B0A430240504028
S31508052F10F0BDF1B584B00E00954F00203860964D8A
S31508052F20E87A0090A87A02900F200099014001914D
S31508052F30009901420DD0019B904A91490498FFF7E3
S31508052F40C6FF0299014039608E4841438E480840BC
S31508052F5001D1012400E044010098001116D0320081
S31508052F60009803061B0F29000498019E6D7A7519AA
S31508052F704019FFF7ACFF02990911014038680A01A3
S31508052F8002433A60002901D0480044437F48006857
S31508052F90204001D1042000E0002005B0F0BD80B531
S31508052FA00A00002111807A4952888018FFF7B1FF77
S31508052FB002BDF0B50F22774B5C7905780F202040C6
S31508052FC0C5402009284001259C79C4402C4001D1DB
S31508052FD00320F0BD374C2468254008D06E4D9E6801
S31508052FE04700F65B761E2E608026B601EE60DD7814
S31508052FF0DE79C640F00711D5E0060FD5002D0DD0B0
S31508053000664848600888488008881C7800192A4058
S3150805301080185A7880182A09801800E00020088048
S315080530200020F0BD10B55E4801685E4A08200142D9
S3150805303000D09061C90602D58C21090111605A494B
S315080530405A4A5B4B1B681B040CD54B685C0402D5B6
S31508053050C303136006E0C024A4011C4043029C4236
S3150805306000D010600B68034005D0524B1B689B0FB8
S315080530709B0700D010600F480078C023034002D193
S3150805308080204005106008682021084010604A48DD
S315080530900068C00101D4FFF7FBFE10BD2C4000A84F
S315080530A04C4000A84C6000A84C5000A86C3F000096
S315080530B01C1002A8BC3E0000F8B5404F38687E686B
S315080530C006403F4830403F4908608024A4033E4DEA
S315080530D0F00226D53D48016801200A0605D53C4972
S315080530E00968A9602870022014E0014202D039490E
S315080530F0A9600FE00020C9060CD52849A9603649FC
S315080531008A7813071B0F0978591812098918A9808F
S31508053110E880A888A880002801D0264301E0FFF7A3
S31508053120B7FE264023D0274E74603460A888002849
S315080531300BD0396A814208D3291D2848AA689047C1
S315080531400100F3D0FFF790FEF1BD01000CD0FC217C
S315080531508902F16122490203CA6134604C603A6A00
S31508053160824204D30C60F1BDEB20FFF796FEF1BD54
S315080531703C3E0000010101013C3F0000F43E000011
S31508053180343F00001111000021840000F03E0000C4
S31508053190143F0000443F0000204000A8BB21000062
S315080531A0F84F0000502102A8184001A8481002A8A7
S315080531B0684101A84C4201A8D04000A8B44000A81F
S315080531C0FFFFDFFFB46000A8403E0000BC3E0000DC
S315080531D09C3B0000CF210000453F0000D84000A8D1
S315080531E0B45000A870B505000C0000F0C1F806003B
S315080531F0FEF75DFA200205430648056002200649E2
S315080532000860FEF759FA300000F0B6F801200349C0
S31508053210087070BD04C0095040D00950603E0000D2
S31508053220FEB5C020C00433490860334833494865AC
S315080532303348886533484024046044601020FFF706
S315080532400BFE002854D1FF2000052F4908602F489A
S315080532502F4908602F4829490860A5032A480560AB
S315080532602D4807680820FFF7F7FD002840D10826EE
S315080532702A4806600120FFF7EFFD27488068019078
S315080532802748066027481D4908601F480560082025
S31508053290FFF7E2FD00282BD1204806600120FFF73D
S315080532A0DBFD1D48806800901D480660134D1E48C5
S315080532B028600199009800F03FF88606B60E019831
S315080532C0C10B0098C00B00F037F80102FC208001FD
S315080532D00840304328601048076060030A490860BB
S315080532E01248046044601249016412494164002089
S315080532F0FEBD000020E000A8571400004C0102A8F6
S31508053300FF3FFF3F601102A8B42002A80000380E4F
S31508053310B41002A830300000104101A8105101A8C8
S31508053320106101A81010000020200000602102A8E5
S31508053330F703F000FF3F000010B54904CA10400422
S31508053340C310991A00209A18D30F9A1852105218B2
S315080533508B115B0E5B18DB11D2182023541A01D486
S3150805336022001843CC0F611849105B08F6D110BD29
S31508053370EFF3108072B67047002800D162B6704721
S3150805338010B5C30018221A40FF249440E343890761
S31508053390090E9140020004D47348920892008018D9
S315080533A006E0724A0007000F0838800880001018E2
S315080533B0026813401943016010BD80B57422542173
S315080533C0002000F043FA01BD10B5FFF7D1FF6849A3
S315080533D001220A60674B684C2360684C2360032307
S315080533E0674C2360674C2360674B1A60674B1A6006
S315080533F0674B80241C601A60664A1A6011228A6324
S31508053400FFF7BAFF3F206449096801400A1D402AAB
S3150805341000D2081D614A1070AD48017010BD80B50F
S3150805342001001120FFF7ACFF01BDFFF7A1FF05005D
S315080534300024012160B2FFF7A3FF641C0E2CF8D304
S3150805344001210F20FFF79CFF01211320FFF798FFA5
S3150805345001211720FFF794FF03210120C043FFF739
S315080534608FFF01211E20FFF78BFF4D484D49086048
S3150805347002204D4908600120A049086047044B4CC5
S3150805348020693840FCD02068800101D4FEF7BEF8D3
S315080534902800FFF771FF46480068000311D49722F4
S315080534A052005321002000F0D1F90AE000281CD06B
S315080534B0FEF7E3F819E020693840FCD02800FFF745
S315080534C05BFF206E0004000F022801D1FEF742FDBE
S315080534D0FFF74EFF0500714EFEF7DFF800287078F6
S315080534E0E4D0002801D1FEF7D1F801212E4832781B
S315080534F0002A05D1774A1268920600D4016030BFC2
S3150805350000223270022202607C480160D3E77C48BB
S315080535100168406808407B490140174801608807EB
S3150805352000D4704710B578480188491C0180774C46
S315080535302078000617D5764802680F21120B0A402F
S31508053540032A10D1A94A12685207520F032A0AD824
S315080535500068000B0140032905D10D20FFF78BFCF8
S31508053560E08A401CE08210BD00E400E01CED00E0A6
S31508053570040002A80000FF3F282002A82C1002A874
S3150805358040E002A844C002A804C001A8044001A856
S31508053590145001A8200060062C8001A85E3E000094
S315080535A0FFFF9B4000E100E0602002A8500002A84A
S315080535B0F80702A8F8B5574C2068656805408C4891
S315080535C005605548284007D0FEF77AF8002803D045
S315080535D02800884909688847874801210D4211D07E
S315080535E00222864B1A60864A12680A4007D1026883
S315080535F0F0231B051340902212059342F3D00902C6
S31508053600804A116080210D4220D0A36AF822D20192
S315080536101A401BD0C0231B019A4217D880263606A6
S31508053620894A1660A76AF822D2013A40384F3F6898
S315080536303F043F0F022F01D0032F03D1002A01D0E3
S315080536409A42EFD3904A1660694A11608F490978FC
S3150805365006290DDACC20800128401DD0FFF788FE03
S3150805366004002800FDF7C0FC2000FFF785FEF1BD24
S31508053670806B800510D58648284005D0FEF738FBAF
S315080536802800FDF7B1FCF1BDA80205D5802040014B
S31508053690574908607F490860F1BD0000613E000092
S315080536A010B57D4908684C6804407C48046080214B
S315080536B00C4205D041607A4801600020FDF794FC6C
S315080536C0600403D5802040057649086010BD0000D2
S315080536D05F3E0000F40302A838B5734908684C68CC
S315080536E00440E00707D5FFF743FE0500FDF716FD7D
S315080536F02800FFF741FE6D48046031BD601002A839
S31508053700280002A8FFFF00C05C3E0000BC3E000082
S31508053710B00002A8104001A802000600FEB5644CD8
S31508053720206C676C074001252F4216D02E06614886
S315080537300660206860490D60002802D00021FDF763
S31508053740F3FE5E480068A021C90188428041C0434E
S31508053750C00F5B4948705B480660FDF78EFF019010
S31508053760022007403ED06268D1B2120A564B082499
S315080537704A4E4703012924D0022931D1012A22D1EB
S315080537805249C97800915149097801228A40504918
S315080537900A604E4909784905902252048918032278
S315080537A00A434C490A6037604B490F601968009A05
S315080537B089185965454909788D4048490D6048492C
S315080537C00DE00090DFE7002A0AD146490D60002181
S315080537D0596577603760C104434A116043490C60EF
S315080537E0354908600198FDF751FFF7BD184001A84E
S315080537F0106001A8A03B00000C0002A86C1102A8E5
S31508053800B44000A8B82002A870B5FDF736FF040035
S31508053810FFF7AEFD2F490A68D2070FD52A4A536D19
S315080538201568334E3360CB6873604968F18180212A
S31508053830C904204B1960317B69185165FFF79CFD52
S315080538402000FDF723FF70BDE06101A8002800D020
S31508053850704770B50C00FDF710FF0500FFF788FDEA
S315080538600600FDF724FF234804600121224A11605A
S31508053870026C0A40FCD1FDF71FFF3000FFF77CFDFF
S315080538802800FDF703FF70BDE05101A82C3E000096
S3150805389000104006145001A890C001A890E001A8A0
S315080538A00CC001A804ED00E0C0C000A8C0E000A84F
S315080538B000C002A8441002A840E002A8404000A89B
S315080538C0613E0000442002A818C00A50753E000053
S315080538D068E00A5060C101A894D001A868D00A50CA
S315080538E0F42302A860E101A880E200E0F41302A827
S315080538F06C3E000000C0095040D0095080B5FDF760
S31508053900DFFE002801D000F0A2FE01BD80B5FDF757
S3150805391019FFB148006800030AD4FEF7B3F9FFF7A3
S3150805392057F8FEF72FF90120FFF728F8FEF71AFDD5
S3150805393080208005FDF799FE01BD80B5FDF702FFDC
S3150805394080204002FDF791FE01BDFEB505206849B8
S3150805395008606848056801273D4201D1FDF7FCFF67
S31508053960FDF7F0FE644908680090924849680160C9
S31508053970A905CA0F69460A7100243D4210D000946C
S315080539809649496801609548006895490B681A1A69
S31508053990984202D38B69D218521C924B9A42F5D398
S315080539A0914E346068460079002804D029000098AD
S315080539B0FDF7F8FB009000253068384003D16846C6
S315080539C0FEF702F80500FEF742F8002846D08348B8
S315080539D0407C002842D19848804EF16802690B68F8
S315080539E09A4200D00124954A1378022B0DD2944A9F
S315080539F09446062253436246D25A8C46230018211A
S31508053A004B436146C9184A6000E0022500990191B1
S31508053A10F1680122624018235A438C18216801610E
S31508053A20A16801609548E1680160216901626069DC
S31508053A309349086001A8FDF7C7FF002808D17F4903
S31508053A400978022904D27E4A06235943515A6160E8
S31508053A50290005000D4301D1777401E0002D02D137
S31508053A600098FEF71BF88748076002208649086014
S31508053A70C820C004AD4908607804FDF7F6FDF7BD12
S31508053A80F8B59E4C8025EF02FDF7E1FF002808D022
S31508053A909B480078002804D13800FDF7E6FD256027
S31508053AA0F1BD206CC00506D580200006206000BF44
S31508053AB000BF40082060FEF7C3F89D480068C0218E
S31508053AC0090181439B480160FDF73CFEFDF700FAB5
S31508053AD00600994899490860FFF710FF3800FDF771
S31508053AE0C4FD002E00D025600120B9490870F1BD36
S31508053AF05C1102A8440002A8B83F0000F8B5B5480D
S31508053B0000688F49096801408E4801600120FFF762
S31508053B1086FCFDF717FE8C484421405C05210140CB
S31508053B2002D0FDF7B6FE01E0FDF7C0FE734C01278E
S31508053B3002258548406C284000D027601020C043E0
S31508053B40A54908600026E663A4480660FDF7B8FDA2
S31508053B50002802D000F0C8FD01E07B480660FDF7A5
S31508053B6076FD9F480068216C090407D4000705D52A
S31508053B70FDF783FD9B490D60FDF788FDFDF770FD93
S31508053B80FFF750FA9848006807400CD080200006D1
S31508053B9096490968014006D08E49896A084002D1C6
S31508053BA00D20FFF768F9A804FDF75FFD0020FFF76C
S31508053BB036FCF1BD383E000080B5FDF7C3FD064865
S31508053BC00068000303D4FDF7DDFFFEF7CBFB802075
S31508053BD04003FDF74AFD01BD0C0002A8C83E0000DA
S31508053BE020C001A801FF0000343E000038B5FDF7E6
S31508053BF0A9FD424C2025FEF7ABFF002806D0606BD1
S31508053C00000704D5FEF7CCFFFEF738FC2560FDF75F
S31508053C10B9FFFEF7A7FB764800780C210140042971
S31508053C2002D1FDF736FE01E0FDF740FE6804FDF713
S31508053C301CFD4020206031BD348001A84C3E0000A3
S31508053C40523E00001CB505206A490860FDF77AFD55
S31508053C50FEF7A6FFB548006800906846FEF7DCFB48
S31508053C600400FFF74BFE002C02D10098FEF720FC56
S31508053C7080204004FDF7F9FC13BD00001C4101A88E
S31508053C80284000A8442002A8305201A8F8B5FDF737
S31508053C9059FDA74CA56A5020284002D0FDF7F9FD25
S31508053CA001E0FDF703FE154FFEF752FF00281BD16D
S31508053CB0B86B40071DD4786BE0214901014018D13E
S31508053CC0A80611D4FDF7C3FCA56A9A4E354207D056
S31508053CD0FF20C0432D18A562802000059649086077
S31508053CE0FDF7BEFC2E4002D00120386001E0002019
S31508053CF0206080208004FDF7B8FCF1BD100002A8FD
S31508053D00D93E000080B5FDF71DFD8C480068C00545
S31508053D1001D5FDF737FF0120FEF730FEFEF722FB3A
S31508053D208020C004FDF7A1FC01BD0000106001A8B4
S31508053D300C4001A8086001A870012000B46000A81D
S31508053D40883F00000C5001A8A83E000070B5284819
S31508053D500668FDF7F7FC8024A403794D296809034D
S31508053D6003D52000FDF781FC70BD0321C00601D5EA
S31508053D70314001E0B0080140012902D1FDF789FD6E
S31508053D800BE0300107D50E20FFF76EF8A048042191
S31508053D90016008210160FDF789FDFDF7FAFD9D4ED5
S31508053DA030699D490860FFF7A9FD3068002807D0E6
S31508053DB04000122802D2FFF74FF801E0FEF797FFF9
S31508053DC02000FDF752FCA86B8000FCD470BD0000EE
S31508053DD0613E0000084001A8482002A83C3E0000B4
S31508053DE0844000A814E50350404101A8D44101A820
S31508053DF0EC3E00005C1102A8F8B584B00124002544
S31508053E000295FDF79FFC03904D4E3068000371D46B
S31508053E100320A2490864A24800680227FF218901F0
S31508053E200F220F230340032B03D0000B0240062A5B
S31508053E303CD19C4800684A680092326C3A4001D0E9
S31508053E4089680091FEF7B9FF0099401801D50195D3
S31508053E5000E00190B06B0007C10F684601700322A8
S31508053E609148006B104002281AD10398C00617D549
S31508053E708D480068C10512D5F36B8C490B408B42FA
S31508053E8003D11020854908640AE0800508D4306CFA
S31508053E902821014004D100242748026000E00024B7
S31508053EA0684600780290200002D10EE00868019065
S31508053EB0FEF74EFE002808D0FEF772FE0298002887
S31508053EC002D0FEF7DBFA00E0002474480760002CF0
S31508053ED011D075483021405C0C210140042902D0D7
S31508053EE0F06BC00602D5FDF7D4FC01E0FDF7DEFC54
S31508053EF02020706014E0FDF745FE802000060E4977
S31508053F0008600020C0436A49086001A8FEF784FADC
S31508053F100400FFF7F3FC002C02D10198FEF7C8FA56
S31508053F2080200004FDF7A1FB05B0F0BDCC3F0000DD
S31508053F30C43E000000FFFF00481002A8680102A859
S31508053F400C0002A8FEB500240194FDF7FBFBFFF75C
S31508053F50D5FC584EF06E584D0007000F07280ED1B0
S31508053F60706800280BD40020FEF708FD28682A4942
S31508053F700860FDF789FD3068800044D5FBE7012018
S31508053F800321494A73685B070BD44C4B1B680340EE
S31508053F9007D01368DF050BD55B0502D43368DB0547
S31508053FA003D40190106B800904E01020444B186077
S31508053FB0106B0009014000910020FEF7DFFC009810
S31508053FC0002805D17068C00602D4FDF76FFC01E02C
S31508053FD0FDF75FFC00200199002903D139480068DF
S31508053FE0FEF7EBFE6969401801D5009400E00090DC
S31508053FF06846FDF7E9FC002805D10098FDF74EFD52
S31508054000A8690549086080200005FDF72EFBF7BD60
S3150805401080E200E0AC3F0000383E0000F8B5FDF749
S3150805402091FB002400252848466B80277F05300626
S3150805403006D5300709D5FEF7B3FDFEF71FFA29E0C1
S3150805404001251E480068284019D00020FEF796FC71
S315080540500220064002D01D490C60C8611C48046848
S31508054060002D03D02000FDF735F90400FEF798FD6D
S315080540702000FEF71DFA3800FDF7F7FAF1BD1548D9
S315080540800078C0210140402902D1FDF702FC01E074
S31508054090FDF70CFC20200C490860ECE7082002A86F
S315080540A0B00002A80CC101A8BC3E00001000001013
S315080540B0B46000A8440002A8BC3F0000B44000A8AC
S315080540C0481002A81CC101A8100002A8180000AAD9
S315080540D0D83F0000EC3E0000FFF776F90248034991
S315080540E04860FFF7A2F900BF472600000000000058
S315080540F080B5EFF305800B2801D23A2100E0292186
S31508054100922252000020FFF7A1FBFEE715D004080E
S315080541101BD004081FD004082DD0040838D004087D
S3150805412045D0040850D0040863D004086FD00408A5
S315080541307CD004088DD004089FD00408B1D00408A3
S3110805414062675F6D616C6C6F63000000C0
S30D0805414C1C27FB7F010000009A
S31108054154604105086069002009050000A7
S31508054160000000000000000000000000000000003C
S31508054170000000000000000000000000000000002C
S31508054180000000000000000000000000000000001C
S31508054190000000000000000000000000000000000C
S315080541A000000000000000000000000000000000FC
S315080541B000000000000000000000000000000000EC
S315080541C000000000000000000000000000000000DC
S315080541D000000000000000000000000000000000CC
S315080541E000000000000000000000000000000000BC
S315080541F000000000000000000000000000000000AC
S31508054200000000000000000000000000000000009B
S31508054210000000000000000000000000000000008B
S31508054220000000000000000000000000000000007B
S31508054230000000000000000000000000000000006B
S31508054240000000000000000000000000000000005B
S31508054250000000000000000000000000000000004B
S31508054260000000000000000000000000000000003B
S31508054270000000000000000000000000000000002B
S31508054280000000000000000000000000000000001B
S31508054290000000000000000000000000000000000B
S315080542A000000000000000000000000000000000FB
S315080542B000000000000000000000000000000000EB
S315080542C000000000000000000000000000000000DB
S315080542D000000000000000000000000000000000CB
S315080542E000000000000000000000000000000000BB
S315080542F000000000000000000000000000000000AB
S31508054300000000000000000000000000000000009A
S31508054310000000000000000000000000000000008A
S31508054320000000000000000000000000000000007A
S31508054330000000000000000000000000000000006A
S31508054340000000000000000000000000000000005A
S31508054350000000000000000000000000000000004A
S31508054360000000000000000000000000000000003A
S31508054370000000000000000000000000000000002A
S31508054380000000000000000000000000000000001A
S31508054390000000000000000000000000000000000A
S315080543A000000000000000000000000000000000FA
S315080543B000000000000000000000000000000000EA
S315080543C000000000000000000000000000000000DA
S315080543D000000000000000000000000000000000CA
S315080543E000000000000000000000000000000000BA
S315080543F000000000000000000000000000000000AA
S315080544000000000000000000000000000000000099
S315080544100000000000000000000000000000000089
S315080544200000000000000000000000000000000079
S315080544300000000000000000000000000000000069
S315080544400000000000000000000000000000000059
S315080544500000000000000000000000000000000049
S315080544600000000000000000000000000000000039
S315080544700000000000000000000000000000000029
S315080544800000000000000000000000000000000019
S315080544900000000000000000000000000000000009
S315080544A000000000000000000000000000000000F9
S315080544B000000000000000000000000000000000E9
S315080544C000000000000000000000000000000000D9
S315080544D000000000000000000000000000000000C9
S315080544E000000000000000000000000000000000B9
S315080544F000000000000000000000000000000000A9
S315080545000000000000000000000000000000000098
S315080545100000000000000000000000000000000088
S315080545200000000000000000000000000000000078
S315080545300000000000000000000000000000000068
S315080545400000000000000000000000000000000058
S315080545500000000000000000000000000000000048
S315080545600000000000000000000000000000000038
S315080545700000000000000000000000000000000028
S315080545800000000000000000000000000000000018
S315080545900000000000000000000000000000000008
S315080545A000000000000000000000000000000000F8
S315080545B000000000000000000000000000000000E8
S315080545C000000000000000000000000000000000D8
S315080545D000000000000000000000000000000000C8
S315080545E000000000000000000000000000000000B8
S315080545F000000000000000000000000000000000A8
S315080546000000000000000000000000000000000097
S315080546100000000000000000000000000000000087
S315080546200000000000000000000000000000000077
S315080546300000000000000000000000000000000067
S315080546400000000000000000000000000000000057
S315080546500000000000000000000000000000000047
S315080546600000000000000000000000000000000037
S315080546700000000000000000000000000000000027
S315080546800000000000000000000000000000000017
S315080546900000000000000000000000000000000007
S315080546A000000000000000000000000000000000F7
S315080546B000000000000000000000000000000000E7
S315080546C000000000000000000000000000000000D7
S315080546D000000000000000000000000000000000C7
S315080546E000000000000000000000000000000000B7
S315080546F000000000000000000000000000000000A7
S315080547000000000000000000000000000000000096
S315080547100000000000000000000000000000000086
S315080547200000000000000000000000000000000076
S315080547300000000000000000000000000000000066
S315080547400000000000000000000000000000000056
S315080547500000000000000000000000000000000046
S315080547600000000000000000000000000000000036
S315080547700000000000000000000000000000000026
S315080547800000000000000000000000000000000016
S315080547900000000000000000000000000000000006
S315080547A000000000000000000000000000000000F6
S315080547B000000000000000000000000000000000E6
S315080547C000000000000000000000000000000000D6
S315080547D000000000000000000000000000000000C6
S315080547E000000000000000000000000000000000B6
S315080547F000000000000000000000000000000000A6
S315080548000000000000000000000000000000000095
S315080548100000000000000000000000000000000085
S315080548200000000000000000000000000000000075
S315080548300000000000000000000000000000000065
S315080548400000000000000000000000000000000055
S315080548500000000000000000000000000000000045
S315080548600000000000000000000000000000000035
S315080548700000000000000000000000000000000025
S315080548800000000000000000000000000000000015
S315080548900000000000000000000000000000000005
S315080548A000000000000000000000000000000000F5
S315080548B000000000000000000000000000000000E5
S315080548C000000000000000000000000000000000D5
S315080548D000000000000000000000000000000000C5
S315080548E000000000000000000000000000000000B5
S315080548F000000000000000000000000000000000A5
S315080549000000000000000000000000000000000094
S315080549100000000000000000000000000000000084
S315080549200000000000000000000000000000000074
S315080549300000000000000000000000000000000064
S315080549400000000000000000000000000000000054
S315080549500000000000000000000000000000000044
S315080549600000000000000000000000000000000034
S315080549700000000000000000000000000000000024
S315080549800000000000000000000000000000000014
S315080549900000000000000000000000000000000004
S315080549A000000000000000000000000000000000F4
S315080549B000000000000000000000000000000000E4
S315080549C000000000000000000000000000000000D4
S315080549D000000000000000000000000000000000C4
S315080549E000000000000000000000000000000000B4
S315080549F000000000000000000000000000000000A4
S31508054A000000000000000000000000000000000093
S31508054A100000000000000000000000000000000083
S31508054A200000000000000000000000000000000073
S31508054A300000000000000000000000000000000063
S31508054A400000000000000000000000000000000053
S31508054A500000000000000000000000000000000043
S31508054A600000000000000000000000000000000033
S31508054A700000000000000000000000000000000023
S31508054A800000000000000000000000000000000013
S31508054A900000000000000000000000000000000003
S31508054AA000000000000000000000000000000000F3
S31508054AB000000000000000000000000000000000E3
S31508054AC000000000000000000000000000000000D3
S31508054AD000000000000000000000000000000000C3
S31508054AE000000000000000000000000000000000B3
S31508054AF000000000000000000000000000000000A3
S31508054B000000000000000000000000000000000092
S31508054B100000000000000000000000000000000082
S31508054B200000000000000000000000000000000072
S31508054B300000000000000000000000000000000062
S31508054B400000000000000000000000000000000052
S31508054B500000000000000000000000000000000042
S31508054B600000000000000000000000000000000032
S31508054B700000000000000000000000000000000022
S31508054B800000000000000000000000000000000012
S31508054B900000000000000000000000000000000002
S31508054BA000000000000000000000000000000000F2
S31508054BB000000000000000000000000000000000E2
S31508054BC000000000000000000000000000000000D2
S31508054BD000000000000000000000000000000000C2
S31508054BE000000000000000000000000000000000B2
S31508054BF000000000000000000000000000000000A2
S31508054C000000000000000000000000000000000091
S31508054C100000000000000000000000000000000081
S31508054C200000000000000000000000000000000071
S31508054C300000000000000000000000000000000061
S31508054C400000000000000000000000000000000051
S31508054C500000000000000000000000000000000041
S31508054C600000000000000000000000000000000031
S31508054C700000000000000000000000000000000021
S31508054C800000000000000000000000000000000011
S31508054C900000000000000000000000000000000001
S31508054CA000000000000000000000000000000000F1
S31508054CB000000000000000000000000000000000E1
S31508054CC000000000000000000000000000000000D1
S31508054CD000000000000000000000000000000000C1
S31508054CE000000000000000000000000000000000B1
S31508054CF000000000000000000000000000000000A1
S31508054D000000000000000000000000000000000090
S31508054D100000000000000000000000000000000080
S31508054D200000000000000000000000000000000070
S31508054D300000000000000000000000000000000060
S31508054D400000000000000000000000000000000050
S31508054D500000000000000000000000000000000040
S31508054D600000000000000000000000000000000030
S31508054D700000000000000000000000000000000020
S31508054D800000000000000000000000000000000010
S31508054D900000000000000000000000000000000000
S31508054DA000000000000000000000000000000000F0
S31508054DB000000000000000000000000000000000E0
S31508054DC000000000000000000000000000000000D0
S31508054DD000000000000000000000000000000000C0
S31508054DE000000000000000000000000000000000B0
S31508054DF000000000000000000000000000000000A0
S31508054E00000000000000000000000000000000008F
S31508054E10000000000000000000000000000000007F
S31508054E20000000000000000000000000000000006F
S31508054E30000000000000000000000000000000005F
S31508054E40000000000000000000000000000000004F
S31508054E50000000000000000000000000000000003F
S31508054E60000000000000000000000000000000002F
S31508054E70000000000000000000000000000000001F
S31508054E80000000000000000000000000000000000F
S31508054E9000000000000000000000000000000000FF
S31508054EA000000000000000000000000000000000EF
S31508054EB000000000000000000000000000000000DF
S31508054EC000000000000000000000000000000000CF
S31508054ED000000000000000000000000000000000BF
S31508054EE000000000000000000000000000000000AF
S31508054EF0000000000000000000000000000000009F
S31508054F00000000000000000000000000000000008E
S31508054F10000000000000000000000000000000007E
S31508054F20000000000000000000000000000000006E
S31508054F30000000000000000000000000000000005E
S31508054F40000000000000000000000000000000004E
S31508054F50000000000000000000000000000000003E
S31508054F60000000000000000000000000000000002E
S31508054F70000000000000000000000000000000001E
S31508054F80000000000000000000000000000000000E
S31508054F9000000000000000000000000000000000FE
S31508054FA000000000000000000000000000000000EE
S31508054FB000000000000000000000000000000000DE
S31508054FC000000000000000000000000000000000CE
S31508054FD000000000000000000000000000000000BE
S31508054FE000000000000000000000000000000000AE
S31508054FF0000000000000000000000000000000009E
S31508055000000000000000000000000000000000008D
S31508055010000000000000000000000000000000007D
S31508055020000000000000000000000000000000006D
S31508055030000000000000000000000000000000005D
S31508055040000000000000000000000000000000004D
S31508055050000000000000000000000000000000003D
S31508055060000000000000000000000000000000002D
S31508055070000000000000000000000000000000001D
S31508055080000000000000000000000000000000000D
S3150805509000000000000000000000000000000000FD
S315080550A000000000000000000000000000000000ED
S315080550B000000000000000000000000000000000DD
S315080550C000000000000000000000000000000000CD
S315080550D000000000000000000000000000000000BD
S315080550E000000000000000000000000000000000AD
S315080550F0000000000000000000000000000000009D
S31508055100000000000000000000000000000000008C
S31508055110000000000000000000000000000000007C
S31508055120000000000000000000000000000000006C
S31508055130000000000000000000000000000000005C
S31508055140000000000000000000000000000000004C
S31508055150000000000000000000000000000000003C
S31508055160000000000000000000000000000000002C
S31508055170000000000000000000000000000000001C
S31508055180000000000000000000000000000000000C
S3150805519000000000000000000000000000000000FC
S315080551A000000000000000000000000000000000EC
S315080551B000000000000000000000000000000000DC
S315080551C000000000000000000000000000000000CC
S315080551D000000000000000000000000000000000BC
S315080551E000000000000000000000000000000000AC
S315080551F0000000000000000000000000000000009C
S31508055200000000000000000000000000000000008B
S31508055210000000000000000000000000000000007B
S31508055220000000000000000000000000000000006B
S31508055230000000000000000000000000000000005B
S31508055240000000000000000000000000000000004B
S31508055250000000000000000000000000000000003B
S31508055260000000000000000000000000000000002B
S31508055270000000000000000000000000000000001B
S31508055280000000000000000000000000000000000B
S3150805529000000000000000000000000000000000FB
S315080552A000000000000000000000000000000000EB
S315080552B000000000000000000000000000000000DB
S315080552C000000000000000000000000000000000CB
S315080552D000000000000000000000000000000000BB
S315080552E000000000000000000000000000000000AB
S315080552F0000000000000000000000000000000009B
S31508055300847B002000000000000100000F000F004C
S31508055310000000000000000000000000000000007A
S31508055320000000000000000000000000000000006A
S31508055330000000000000000000000000000000005A
S31508055340000000000000000000000000000000004A
S31508055350000000000000000000000000000000003A
S31508055360000000000000000000000000000000002A
S31508055370000000000000000000000000000000001A
S31508055380FFFFFFFF918A000885860008D73A0308BC
S31508055390ED3A030859860008F98B0008CD810008FF
S315080553A0E73A03082F3B030821860008B982000857
S315080553B020000000AAAAAAAA000001B500008000DC
S315080553C000000000030505B5400180000000000047
S315080553D0C0EA2101C0EA210100800000C017530276
S315080553E0E47B00200040310800A00000344400207A
S315080553F0C8000000FE000000000000005CDB040891
S31508055400D8270020FFFFFFFF000005004FFEFFFF1E
S315080554104FFEFFFFFFFFFFFFFFFFFFFFFFFFFFFF3A
S31508055420FFFFFFFFFFFFFFFFFFFFFFFF3CFC040831
S31508055430DEFE64000A002800E1F90308E1F903081D
S31508055440E7F90308E7F9030860690020000000008A
S315080554500000000010FC0408000000000E00000013
S31508055460400000000CFC04080000000000000000D5
S3150805547003000000F04F00207C7C0020000000009F
S31508055480F04F002058500020C050002000000000B2
S3150805549000000000000000000000000000000000F9
S315080554A000000000000000000000000000000000E9
S315080554B000000000000000000000000000000000D9
S315080554C000000000000000000000000001000000C8
S315080554D00000000010000000100000000000000099
S315080554E000000000000000000000000000000000A9
S315080554F004000000FF000000000000003D720208DD
S31508055500FE0100000000000000000000FFFF00008B
S315080555103C010508C3690408FFFFFFFF5972040823
S3150805552055720408FFFFFFFFFFFFFFFFFFFFFFFFA1
S315080555305D720408FFFFFFFFD9780408DB25000024
S31508055540FFFFFFFF04F8FFFF0D0000000000BF8FF7
S31508055550AF7F8700370F10100004040F05140A01E2
S315080555600101010101B528010A0B09030A01020512
S3150805557001FF0D01FF0FFF0051C10308456800082B
S309080555801D68000887
S70508039A1D38
