S02300006275696C642F64656275672F736C656570792D64656D6F2D737365642E7333371C
S3150800600008140020D9F70308258300082983000807
S315080060105B2704082D83000835830008DDF703088D
S31508006020DDF70308DDF70308DDF70308DDF70308E6
S315080060303983000870E60408DDF70308DDF703086E
S31508006040419E0108DDF70308DDF70308DDF70308BD
S31508006050DDF70308DDF70308DDF70308DDF70308B6
S31508006060DDF70308DDF70308DDF70308056C02080A
S31508006070196E0408DDF70308DDF70308DDF70308E2
S31508006080DDF70308DDF70308DDF70308DDF7030886
S31508006090DDF70308710A0208DDF70308DDF70308D0
S315080060A0DDF703083DA401081DA40108DDF7030870
S315080060B0DDF70308DDDE0208D9E702089581040842
S315080060C09181040825DF0208AB8104089981040838
S315080060D0A9E702089D81040821F5020819E80208C3
S315080060E0DDF70308DDF70308DDF70308DDF7030826
S315080060F0391B0408DDF70308DDF70308DDF7030895
S31508006100DDF70308DDF70308DDF70308DDF7030805
S31508006110DDF70308DDF70308DDF70308DDF70308F5
S31508006120DDF70308DDF70308DDF70308DDF70308E5
S31508006130DDF70308DDF70308DDF70308DDF70308D5
S31508006140DDF70308DDF70308DDF7030833A10408C4
S3150800615005CB0208DDF7030831C9020865C902083C
S31508006160DDF70308DDF70308DDF70308DDF70308A5
S31508006180F0B5114A114C124E00F00105E3695F079C
S3150800619013D40DB9334213D103EA00078F4207D14E
S315080061A00B4A1A40002A14BF6FF001000020F0BD08
S315080061B0013AEBD16FF00200F9E74FF0FF30F6E74E
S315080061C06FF00100F3E700BF8096980000000350C7
S315080061D0020001000B4B70B5D96911F480310DD15D
S315080061E001244FF48072084E084DF46020462C6452
S315080061F01A61FFF7C5FF3464EC6070BD6FF00100EB
S31508006200FBE700BF000003500010035000200350B6
S315080062104FF4803238B50E4B0E4C9A66E56941F656
S31508006220713315400122E3630B4B0021DA60022328
S31508006230606121202361FFF7A3FF10B92120FFF732
S315080062409FFF0122054BDA600DB10023E36338BDD9
S315080062500090005000000350001003500020035027
S3150800626070B5134C6061E3695B071ED40E4656F899
S31508006270043B8D18A361AE420BD1042300212120D3
S315080062802361FFF77DFF58B9BDE870402120FFF76D
S3150800629077BF08210846FFF773FF10B1042323616F
S315080062A070BD56F8043BA361E5E74FF0FF30F7E70A
S315080062B0000003502DE9F84316464FF48032184B78
S315080062C089469A6603F51C33DA69074602F480386C
S315080062D041F67132DA63012203F58053114DDA6013
S315080062E066B930460122104BDA60B8F1000F03D0C8
S315080062F00022A3F50053DA63BDE8F88307F50054D6
S315080063002C40E41BB44228BF344649462246384648
S31508006310FFF7A6FF0028E5D12744A144361BDFE78F
S315080063200090005000E0FFFF00200350000000002E
S31508006330000000000000000000000000000000004F
S31508006340013800D0FCE7704773B529F018FD0446FC
S3150800635000286ED13A4B01AE1A889B78ADF8042016
S31508006360B37000F0D3FC01F01FFA01F07DF9054681
S31508006370344B036001F0ECFB284601F00BFB00B937
S31508006380FEE72DA3D3E900234FF0FF314FF0FF308E
S3150800639000F0C4FC01F06CF9214601F0C5F929F0BA
S315080063A0F1FC304601F0B8FA044600B1FEE7264B88
S315080063B0264A98801860264B98801A60254B264AEC
S315080063C098621A60254A98806FF06300DA6002F0D6
S315080063D02DFD0B2001F09AF901F0F8F901F03EF9CC
S315080063E000B9FEE71CF0DEF8204629F08AFE0821EF
S315080063F0084629F08BFE00B1FEE729F080FE01F081
S3150800640083F829F0CBFD102115483CF00BFA00B9AA
S31508006410FEE7144912483CF017FA00B9FEE71021C6
S315080064208C20114A1BF0AAFB00B1FEE70F482BF09F
S315080064308DF802B070BD00BF0AE020FF22020000FE
S3150800644044D4040835FF0208881400208058002028
S315080064505814002028140020005800201814002082
S31508006460943F00208D9A0408843F00204CA204081B
S315080064702DE9F74F98460023DFF8B0B00746834565
S315080064808B41894615463ED226A3D3E9002320F040
S315080064904DFD1F491446024628462DF066FB1D4948
S315080064A04EF66023B4FBF1F201FB1246B6FBF3FA93
S315080064B0002003FB1A664FF47A73BB4570EB09009C
S315080064C0B6FBF3F304D38C4202D218F0020F05D1BF
S315080064D02846114901932DF048FB019B5246284650
S315080064E00E492DF042FB18F0010F0ED04FF47A73C7
S315080064F0B6FBF3F2284603FB1262094903B0BDE86E
S31508006500F04F2DF032BB0446C9E703B0BDE8F08F63
S31508006510C9C6040880EE3600CFC60408D5C60408E6
S31508006520DFC60408005C260500000000FF5B2605A0
S315080065300348044B834202D0034B03B11847704704
S31508006540106500201065002000000000064B074972
S31508006550C91A891048BF0131491003D0044B0BB141
S3150800656001481847704700BF1065002010650020D5
S315080065700000000010B5064C237843B9FFF7D8FF92
S31508006580044B13B10448AFF300800123237010BDF8
S315080065906257002000000000CC35050808B5054BF9
S315080065A01BB105490548AFF30080BDE80840FFF771
S315080065B0CDBF00BF00000000D83E0020CC3505083E
S315080065C0A3F5803A704700BF174B002B08BF134B43
S315080065D09D46FFF7F5FF00218B460F461348144AE0
S315080065E0121A40F027FD0E4B002B00D098470D4B92
S315080065F0002B00D098470020002104000D000D480C
S31508006600002802D00C48AFF3008021F025F82000BE
S31508006610290040F00CFC20F067FE00BF00000800CF
S3150800662000000000000000000814002008140020E4
S31508006630006100200000000000000000094B091A54
S31508006640891030B559430246002324258B4205FBA1
S31508006650032004D0046A04B130BD0133F6E70020F4
S31508006660FAE700BF398EE33807B50A4600B9FEE7F0
S31508006670037F03B1FEE7074B0190009341680123AE
S315080066804FF0FF3040F008FF00B1FEE703B05DF8B9
S3150800669004FB00BF819A040830B5044685B0084655
S315080066A004B9FEE7237F03B1FEE703A9656843F053
S315080066B015F848B90123064ACDE90003039923468C
S315080066C0284643F0CAFC00B1FEE705B030BD00BF5E
S315080066D0879A0408084908B5A1F12400FFF7AEFF18
S315080066E040B90649A1F12400FFF7A8FF003818BFF2
S315080066F0012008BD0120FCE7403F00201C3F002088
S3150800670038B5174D174C20220021284640F092FC38
S3150800671018220021204640F08DFC0021002000228E
S31508006720114BC3E90001114B11491A7799601149B8
S315080067301A62D9601049C3E9002519610F499A619F
S3150800674059610F4B0F499A6199600F491A77D960B9
S315080067500E49C3E9002419610D491A62596138BD09
S31508006760583F0020403F0020081400201C3F00200E
S315080067709966000883F502085DF5020887F50208A0
S31508006780F83E00206966000875F502087BF50208E0
S31508006790CBF5020810B5FFF79DFF68B10E49A1F1C8
S315080067A02400FFF74BFF044638B90C49A1F1240031
S315080067B0FFF744FF044638B910BD2046084928F0BB
S315080067C0E7FE20460449ECE72046064928F0E0FEA5
S315080067D020460249ECE700BF403F00201C3F00204E
S315080067E015E100085DE1000810B504462AF0F9FC39
S315080067F040B1204629F079FC2422034B02FB0033E2
S31508006800187FC0B210BD00BF1C3F0020014B1B699A
S31508006810184700BF1C3F0020F8B5074629F065FC5D
S31508006820104B03EBC00253F830405668FFF7EEFFF3
S315080068300546384629F059FC24220B4B02FB003347
S315080068401B7F03F0FF0253B10023A542B34103D2D5
S31508006850651B2C4666F1000620463146F8BD1446EF
S315080068601646F9E7081400201C3F00202DE9F843D6
S315080068700C461546804629F038FC24234343104A23
S31508006880D1589F1809B942F80380002314EB05096B
S31508006890404643EB030629F028FC0A4B03EBC002EB
S315080068A043F83090566043F063F906462A46384660
S315080068B0214628F0AFFE3046BDE8F84343F053B909
S315080068C01C3F00200814002038B5054643F050F94F
S315080068D00446284629F009FC2422054B02FB003011
S315080068E028F068FE2046BDE8384043F03CB900BFB2
S315080068F01C3F0020014B1B69184700BFF83E0020CB
S3150800690070B543F022F905464FF0FF3040F08EFF90
S31508006910044608490B6808608342074B284682BF2D
S315080069201A6801321A601E6843F00AF92046314691
S3150800693070BD00BFF43E0020F03E0020F8B50D46BD
S315080069401646044629F0D1FB24234343084AD15866
S315080069509F1801B9D45043F00BF90446324638461D
S31508006960294628F057FE2046BDE8F84043F0FBB814
S31508006970F83E002038B5054643F0FAF8044628469E
S3150800698029F0B3FB2422054B02FB003028F012FE47
S315080069902046BDE8384043F0E6B800BFF83E002080
S315080069A030B589B03AF002FB012820D1114C124DBE
S315080069B00021182202A840F03DFB204602A938F023
S315080069C01DFE88B9039B1B0A012B0DD0BDF80830A4
S315080069D0B3F5885F08D040F20113204601AA02A940
S315080069E00194039313F07AFA0134AC42E0D109B06A
S315080069F030BD00BF01000200080002002DE9F04783
S31508006A000E46DCB00746DDE965599246002120228C
S31508006A1004A81C469DF8908140F00CFB032E6AD111
S31508006A200CA83EF045FB02201DF0F8FE01460CA816
S31508006A301DF000FF0346002859D1334A2946CDE9FF
S31508006A40000202905FFA89F20CA81EF08BFA05463E
S31508006A5000284ED1A0220CA934A840F036FB34A851
S31508006A603EF03BFB023802288CBF28463598202387
S31508006A7004AA34A934951DF081FB051E18BF01250B
S31508006A800CA83EF01AFB002D39D14FF0200904ADB1
S31508006A901E4B33F81610BAF1040F96BF1C4B002292
S31508006AA053F82A2004F00103A60748BF43F480736D
S31508006AB0660748BF43F40073260748BF43F480536C
S31508006AC0E60648BF43F40053A60608F1FF3448BF5C
S31508006AD043F48043604260410090CDE9015938464D
S31508006AE038F034FD5CB0BDE8F04728F0E7BD012575
S31508006AF0C6E70625C4E7042ECAD90021CBE72846EF
S31508006B005CB0BDE8F08700BFE36B04081CA204086C
S31508006B1008A2040808B5134660B1006850B14AB126
S31508006B2041B10A460068044938F070FDBDE80840DE
S31508006B3028F0C4BD072008BD0044400408B540B18C
S31508006B40006830B1044938F09CFDBDE8084028F0DB
S31508006B50B5BD072008BD00BF090000021FB5012307
S31508006B604FF480720390CDE9003247F212114FF4C8
S31508006B704053044A03A838F014FD28F09FFD05B0D9
S31508006B805DF804FBFF0600067FB513460A4681B189
S31508006B907BB10121039105A902914021CDE900317C
S31508006BA02023064938F092FD07B05DF804EB28F07B
S31508006BB085BD072007B05DF804FB00BF090600067F
S31508006BC00B68092B04D10122024B1A7029F07EBBEF
S31508006BD0704700BF63570020044B1B7803F0FF0083
S31508006BE013B9034B1878C0B2704700BF635700202B
S31508006BF0645700201FB54FF0FF3303934FF410631B
S31508006C00ADF80830064B0222009303A9054B02A8EB
S31508006C1013F066FB003818BF012005B05DF804FBC9
S31508006C2080630020C16B0008064B10B51A783AB18C
S31508006C3000241C7029F069FB29F048FB204610BD8A
S31508006C400D20FCE76457002037B500240E4D01944B
S31508006C502B78A3B1802221460C4840F0EBF90C486A
S31508006C6080220A49006801AB3AF07EFF2C7020B9F1
S31508006C70BDF80410054801F0DDFF29F027FB03B035
S31508006C80BDE83040FFF7D0BF6357002065570020A6
S31508006C902064002070B50D46044698B191B10A4E9D
S31508006CA033780BB1FFF7C0FF084B21462A46186810
S31508006CB03AF049FF012408B93470044629F006FB66
S31508006CC0204670BD0124FBE764570020206400209D
S31508006CD008B516F05DFC034B1860BDE8084039F0AE
S31508006CE049BC00BF783F0020014841F08DBA00BF7B
S31508006CF0400001000021014841F072BA0A00010073
S31508006D000021014841F06CBA600001000020002112
S31508006D10014BC3E900017047101400202DE9F04F1C
S31508006D20144C9B46D4E9006585EA030786EA0208FF
S31508006D3008EA00080F4058EA07038246894685B0E4
S31508006D4014D0039200F084FC80B1039A4B46CDE937
S31508006D50002B524640F03DFC014610B106482AF089
S31508006D60F2FB86EA08067D40C4E9006505B0BDE881
S31508006D70F08F00BF1014002026A2040870B50C4638
S31508006D80064629F0B4F905460246214606482AF081
S31508006D90DDFB2146304601F069FA2946204600F017
S31508006DA083FD00B1FEE770BD58A2040870B586B031
S31508006DB00E4629F09CF90546114B06F1080403EB2B
S31508006DC0C00314F8012DB44203F8012BF9D1059537
S31508006DD023780C48049363780393A3780293E378A3
S31508006DE0019323790093E1796379A2792AF0AEFBBE
S31508006DF02946204600F060FD00B1FEE706B070BDEA
S31508006E00F65700206AA2040838B50C4629F06FF92F
S31508006E1005460246214605482AF098FB294620469B
S31508006E2000F052FD00B1FEE738BD00BF8CA2040891
S31508006E3008B529F06FF910B902482AF087FB002037
S31508006E4008BD00BFA2A2040808B529F063F920B15D
S31508006E5003482AF07BFB002008BD0D20FCE700BF95
S31508006E60BDA2040838B504460D4628F079FF10B1CE
S31508006E700D24204638BD204600F062FB0028F7D1D5
S31508006E80204600F073FE0146284600F0B3FC04468F
S31508006E900028EED1284600F0EFFB044630B928F06A
S31508006EA062FF034B9D71034B9D71E2E70124E0E706
S31508006EB08814002058140020F0B589B00D461746EE
S31508006EC01E4600F053FE0446FFF70EFF20BB214680
S31508006ED0284600F08FFC0446C0B9012028F043FF7D
S31508006EE0FF238DF804300123284601AA04A9079434
S31508006EF0CDE9024405948DF81C300497069600F0F7
S31508006F003FFD30B9054B9D71054B9D71204609B073
S31508006F10F0BD204628F027FF0124F7E78814002053
S31508006F205814002000487047281400207F2337B5DE
S31508006F308DF80730084B04469D7928F011FF30B9C3
S31508006F401022294620460DF1070300F009FB9DF99A
S31508006F50070003B030BD00BF88140020F0B589B023
S31508006F6028F0FEFE00B9FEE7354C236803B9FEE7B4
S31508006F70012200279B8811460DF10B008DF80B3076
S31508006F8000F086FC9DF80B10236802390022186869
S31508006F9089B200F07DFC2B4B05970693236807976B
S31508006FA093F82C2005AE8DF814201B681D78C5F3C0
S31508006FB0401528F0DCFE38B100F014FC384628F0FD
S31508006FC0D2FE384628F0D6FE22685369FBB928F067
S31508006FD0EAFE2368A8B11C4F1B7EBB7000F0FCFBC1
S31508006FE0F870206833463A462946807900F032FC24
S31508006FF018B34FF48051002042F05FFD29F066F97E
S315080070001BE032462946987900F01AFCF0E7002181
S31508007010049111690D480B449621A3F59B73818051
S31508007020039390792946094B009603AA00F020FCA1
S315080070300028DED1012028F0C1FE09B0F0BD00BF4E
S31508007040803F002020A10700906300208463002071
S315080070502DE9F84F05460E4600F088FD07462846F6
S3150800706029F043F800B1FEE7404CA64200D0FEE7FF
S3150800707032683F4B9A4200D0FEE7237F9A070DD429
S31508007080642384F82C303946A07900F0B3FB074610
S31508007090002868D128F064FE68B1FEE794F82C3021
S315080070A0022B01D85023ECE7023BDBB24F2B84F8C6
S315080070B02C30F7D9E7E728F08AFE207F2D4EC0F35B
S315080070C08000A562346028F071FE217F2846C1F34E
S315080070D0C00100F019F9284600F046F978B134687D
S315080070E0636963B94FF0FF3040F0A0FB40F6B83251
S315080070F033682061012128465A6100F005F9336892
S31508007100D3F82880D3E9049A404600F02DF9A0B1B7
S31508007110D6F800B09BF81C30DB070ED4404600F0CA
S3150800712023F909EB0A010446A031404600F022F98A
S31508007130A1B20246584629F0AEF93068816A00F0D5
S3150800714051FD42F015FD0446012028F021FEFFF707
S3150800715005FF204642F007FD28F059FE18B12846DB
S31508007160024933F036FD3846BDE8F88F281400206A
S3150800717000580020803F00202DE9F04106464C4F7C
S315080071804C483BF0B6FB30B34FF4F85041F03CF8AE
S31508007190E0B128F021FE484F054600286DD03B682F
S315080071A000201B68454D1B78002413F0200F08BFEC
S315080071B0002528F015FE002339682A46C1E904335C
S315080071C0886A234633F00EFD29F080F83046BDE87C
S315080071D0F04100F02BBA387036483BF06FFB044696
S315080071E000B9FEE7364D037BEA7DC3F3800363F3FC
S315080071F04102EA75037B03F0FB030373EA7DDB09AF
S3150800720063F30002EA75037B03F07F030373437895
S31508007210AB71034613F80C2BAA802B6090F9033048
S31508007220284A6B7513708378274AAB7513704368C1
S31508007230D0F80880AB62FFF763FB804528BF01F1F1
S31508007240FF31C5E9028106B9FEE7304600F0C2FD06
S315080072502875304600F0C8FD2861194828F0DFFF78
S3150800726020B930463A78164933F0AAFC2146174821
S315080072703BF04AF929F02AF882E728F0B6FD0446D9
S3150800728048B1284628F0B5FD0F24214610482AF0B3
S3150800729060F900258FE728F0B1FD20B1204628F0D7
S315080072A0B1FD0E24F1E728F0B6FD0B24EDE700BF8B
S315080072B07F580020943F0020803F0020581400206B
S315080072C088140020FE570020FF570020843F002026
S315080072D0FAA20408122208B5002104483FF0AAFEC3
S315080072E04FF6FE73014A22F8023C08BDE23F002031
S315080072F0044B19802AB11168C3F802105168C3F803
S3150800730006107047E03F0020014B9972704700BF96
S31508007310E03F00201FB5084601A929F091F8E8B911
S315080073209DF80C30012B04D0022B0ED005B05DF869
S3150800733004FB4FF6FD720A4B1B889342F6D8BDF83C
S315080073400400C31A58425841F0E70822054901A823
S315080073503FF047FEB0FA80F04009E7E70020E5E78E
S31508007360E03F0020E23F0020014BD868704700BF8D
S31508007370E03F002038B5A0230D4DEC685C4311B9F9
S31508007380FFF7B8FA01462B69B3FBF4F204FB123394
S31508007390B1FBF4F204FB12112344581AB0FBF4F3C0
S315080073A004FB1300A023B0FBF3F080B238BD00BF86
S315080073B0E03F002038B5084C1546E3684BB1FFF7A7
S315080073C0A9FF30B101232846A372BDE8384001F071
S315080073D04DBD0020A07238BDE03F00202DE9F041E8
S315080073E0DFF83C800D4698F80A101F4606469DF8B9
S315080073F0183099B1E03202EB431428F084FEA4EB6E
S31508007400471421183046B8F80C80FFF7B3FF4146F9
S3150800741002462846BDE8F04129F03DB8BDE8F081AE
S31508007420E03F002010B50C4611461A464FF6FE738B
S315080074309C4200D9FEE74FF6FD73994206D82AB159
S31508007440034BDC60FFF754FF002010BD0120FCE76A
S31508007450E03F0020014B1961704700BFE03F002064
S3150800746008B500F035F930B1044BB3FBF0F083B240
S315080074700BB1184608BD0120FCE700BF40420F00CB
S3150800748013B50446064800F039F9FFF7E9FF01226B
S31508007490C100044B0094024800F020F902B010BD68
S315080074A0F83F002089000308036810B5012B04463D
S315080074B002D1024800F022F9204610BDF83F00200C
S315080074C070B50446E8B10368022B1AD143790D4D0D
S315080074D005EB830583797BB128F091FD064624796F
S315080074E0284664B228F07DFD2146304633F088FBF5
S315080074F0BDE8704028F0EABE2846BDE8704028F08E
S3150800750070BD70BDF43F002008B51822002104485C
S315080075103FF090FDBDE80840024828F062BD00BF74
S31508007520F83F0020F43F002008B528F0DEFD00B142
S31508007530FEE70248BDE8084028F053BDF43F0020A6
S3150800754008B528F0D2FD00B1FEE7044B186818B15B
S315080075500068431E5842584108BD00BFF43F00204A
S315080075602DE9F34706460D4690461F4628F0BDFD11
S3150800757000B1FEE727B3DFF85890D9F800A0BAF1B2
S31508007580000F22D118203AF098FF04462A464346AF
S315080075903146CDF800A028F004FD204628F032FD3B
S315080075A0054670B9C9F800402368012BFCD0237939
S315080075B020463B70FFF784FF284602B0BDE8F087F7
S315080075C022253046FFF7B0FFF6E70425F9E700BFA6
S315080075D0F43F00202DE9F34105460C46174628F0EE
S315080075E084FD00B1FEE7DFF84080D8F80030ABB97B
S315080075F018203AF062FF01230646224629460093E0
S315080076003B4628F0CEFC304628F0FCFC044630B950
S31508007610C8F80060204602B0BDE8F0810424284678
S31508007620FFF782FFF6E700BFF43F002008B528F011
S315080076305CFD00B1FEE7054B186830B10368022B04
S3150800764003D1BDE80840FFF73BBF08BDF43F002063
S31508007650014B1868704700BFC0400020014B1868EE
S31508007660704700BFBC400020004870471840002003
S3150800767000487047104000201FB5FF238DF80430DE
S315080076800023CDE90233084B014601AA18683FF0EA
S3150800769021FF044628B9054829F058FF204604B0BA
S315080076A010BD0120FBE700BFC040002017A3040857
S315080076B0024B0A46014618683FF0DBBFC04000206F
S315080076C0024B414218683FF009BF00BFC040002086
S315080076D0014B18683FF097BFC040002013B5049CC3
S315080076E0CDE9003413460A460146034800683FF0D0
S315080076F0D3FE02B010BD00BFC0400020024B0146B9
S3150800770018683FF0D9BE00BFC040002002460548B1
S315080077100179914204D84179914238BF00207047D7
S315080077200020704710400020F8B504461C4E236818
S315080077300F463068FBB1972140F006F9024600B1C2
S31508007740FEE72168306820F003FD00B1FEE72168F6
S3150800775030683FF041FF2179814200D0FEE730686A
S3150800776020F0A8FE00B1FEE701223068114640F07D
S315080077701FF928B1FEE721F089F9054608B1FEE7A9
S31508007780012503223068114640F002F97F2F03D005
S315080077903946284628F0E7FC024B1C60F8BD00BFB6
S315080077A0C0400020BC4000200022034B1A6041F66E
S315080077B00B229A80704700BF10400020024B0146FA
S315080077C0186840F022B900BFC0400020014B18607D
S315080077D0704700BFBC400020014B93F9000070477A
S315080077E0EA640020024B0122002118683FF04FBED0
S315080077F0C040002038B50D46FFF788FF044678B12B
S31508007800084B1B68834204D1284628F0A3FC0020B5
S3150800781038BDFFF7E7FF29462046FFF785FFF6E75D
S315080078200720F5E7BC400020014B186820F0E2BBB2
S31508007830C0400020014B18683FF027BEC04000201A
S3150800784013460A460146024800683FF03DBE00BF9F
S31508007850C040002007B5009313460A460146034870
S3150800786000683FF033FE03B05DF804FBC04000201B
S3150800787013B5049CCDE9003413460A46014603486D
S3150800788000683FF025FE02B010BD00BFC0400020D2
S3150800789008B513460A460146024800683FF08CFFC1
S315080078A008BD00BFC0400020024B0A4601461868C2
S315080078B040F04EB8C0400020024B0A460146186800
S315080078C040F052B8C0400020024B0A4601461868EC
S315080078D040F044B8C0400020024B0146186840F00A
S315080078E049B800BFC0400020024B0A460146186846
S315080078F03FF064BFC0400020024B0A4601461868A4
S315080079003FF065BFC0400020024B0A460146186892
S315080079103FF059BFC0400020024B0146186820F0CE
S315080079204BBB00BFC0400020024B0146186820F040
S31508007930D9BD00BFC0400020014B18683FF0CCBE3F
S31508007940C0400020014B186820F0E8BDC040002068
S31508007950024B014618683AF0EBBF00BFC040002052
S31508007960024B014618683FF050BE00BFC0400020D9
S31508007970024B014618683FF023BF00BFC0400020F5
S3150800798013460A460146024800683FF0A5BD00BFF7
S31508007990C04000204FF0FF3307B50193264B014640
S315080079A01B6ADB0700D4FEE7244B00221B880382F0
S315080079B0234B1B688361234B1B884382224B1B681E
S315080079C0C3618023838200F12403036201A820F0A7
S315080079D0B5FA00B1FEE721F061F800B1FEE71B49F0
S315080079E0019820F02DFE00B1FEE7022101983FF034
S315080079F008FE00B1FEE71649019821F019F800B112
S31508007A00FEE7012101983FF0D5FF00B1FEE701210D
S31508007A1001983FF0DDFF00B1FEE700F0D3F8012141
S31508007A20019820F0F1FA01980A4B186000B9FEE7B0
S31508007A3003B05DF804FB00BF0080E00FFEF5040804
S31508007A4004F60408FCF5040800F60408070011000B
S31508007A5048D40408C0400020024B014618683FF08D
S31508007A60B4BE00BFC040002030B50C46154A85B0EC
S31508007A701068516802AB002C03C304F1FF350DD121
S31508007A8015F0A6FD2B46CDE9000102AA073412F827
S31508007A90011D03F8011FA342F9D110E02A460A4B3B
S31508007AA00A4913F801098B4202F8010FF9D1082295
S31508007AB020460DEB02013FF094FA0028E0D005B00D
S31508007AC030BD00BF34A304080900E00F0100E00F31
S31508007AD010B528F05BF9044638B9054829F036FD93
S31508007AE0204628F040F941F0D3FF002010BD00BF22
S31508007AF0A2A20408014B1878704700BF005900205D
S31508007B0008B5044B08461970FFF7E6FE00B1FEE714
S31508007B1008BD00BF0059002021B1034B00201B7887
S31508007B200B70704707207047EA640020014B00205D
S31508007B3019707047EA640020014B1878704700BF37
S31508007B4000590020014B1878704700BFFF580020E5
S31508007B50102208B57F2103483FF06CFA7F22024BBA
S31508007B601A7008BD025900200159002007B50DF109
S31508007B700600FFF7F5FEBDF80610084A084B0A444A
S31508007B8093F9003012F90B0C984203DB7F2B14BFD4
S31508007B901846002003B05DF804FB00BF0259002018
S31508007BA00159002038B50D46044628F09EFA044BC4
S31508007BB01D542046FFF7DAFF28F0CCFA002038BD1E
S31508007BC001590020402208B5002105483FF032FA45
S31508007BD04FF6FF73024A938782F83E3008BD00BF0E
S31508007BE0C44000202DE9F0410546084628F07DFAF4
S31508007BF00646284628F051FC002850D0284628F08A
S31508007C0053FC00284BD02B7FDA06C3F3001446D466
S31508007C10284628F00DFCA0B1284628F056FC074651
S31508007C20002840D0214B03EB86135B785A1E9042FE
S31508007C300DD0834209D00133984232D00820BDE8DE
S31508007C40F0811A4B03EB86135F78012300E0234685
S31508007C5003EB8603154C1B010C332344AB602B7FC7
S31508007C60DB0716D4284628F0E3FB4FEA861828B126
S31508007C7004EB08035A6804F808709A6039462846DF
S31508007C80444428F02FFC616828464B1C636028F0A2
S31508007C902BFC0749284601EBC60127F0F3FF002015
S31508007CA0CDE70223D4E70120C9E700BFC44000207E
S31508007CB0F657002038B50C4628F017FA054641F065
S31508007CC057FF044B03EB85135C60BDE8384041F071
S31508007CD04ABF00BFC44000202DE9F7430446DDE94A
S31508007CE00A7691461D4628F000FA80460DB107B17E
S31508007CF006B9FEE720460021FFF7DCFF2A4C4FEACB
S31508007D00881E0EF10C0C2B46A444654604EB881815
S31508007D1088F8019003F110082A461868596808334C
S31508007D2003C243451546F7D10EF11C053B462544CB
S31508007D302F4603F110083A4618685968083303C2F3
S31508007D4043451746F7D10EF12C07334627443E46DE
S31508007D5003F11008324618685968083303C24345C8
S31508007D601646F7D14FF6FF737444A38784F83E305E
S31508007D7010226146E06801AB27F0E0FC00B1FEE79F
S31508007D8010222946E06901AB27F0D8FC00B1FEE7CE
S31508007D9010223946E06A01AB27F0D0FC00B1FEE7B5
S31508007DA003B0BDE8F08300BFC440002038B50C46D8
S31508007DB028F09BF9054641F0DBFE054B03EB8513DE
S31508007DC05A68A24238BF5C60BDE8384041F0CBBE75
S31508007DD0C440002008B528F088F9024B8001185CD9
S31508007DE008BD00BFC440002008B528F07EF9024B44
S31508007DF003EB8013986808BDC440002082B02DE9C3
S31508007E00F04F9BB024AF47F8043F002305AE86E841
S31508007E10070009AC0CAD96E8070084E8070097E868
S31508007E20070085E8070094E807000DF13C080DF106
S31508007E3048098DF8643088E8070095E8070089E85E
S31508007E400700404628F0A8F90390484628F0A4F908
S31508007E50DFF8A0B0039BDBF800A00422009015A968
S31508007E60504638F0DCF80346002840D00022D1B24C
S31508007E7004931AAB03EB810151F8141CDBF80000DC
S31508007E80039213F0FDFC039A049B01329342824647
S31508007E9001D00028EBD096E8070084E8070097E8A9
S31508007EA0070085E8070094E80700DBF8003088E853
S31508007EB0070095E8070089E807004046039328F07D
S31508007EC06BF90490484628F067F9049B0090042251
S31508007ED0039815A938F0A3F8034610B1BAF1000FB4
S31508007EE0C4D050461BB0BDE8F04F02B070474FF003
S31508007EF02D0AF6E7D06300202DE9F04F0F46064617
S31508007F0089B018469046994628F04DF9002F3BD07F
S31508007F10B8F1000F38D000250124DFF870B04846C4
S31508007F2028F041F9DBF8003000F5003A05A801937E
S31508007F30CDF814A0ADF81860079528F02DF904AB14
S31508007F40014603AA019813F087FB2D2801D00023C8
S31508007F5011E005A8CDF814A0ADF81860079528F02B
S31508007F601BF9DBF800400146434620463A4613F023
S31508007F7043FC01230446082D02D00135002BCED040
S31508007F80204609B0BDE8F08F2124F9E7D063002028
S31508007F9008B528F030F9014620B10D48BDE808407B
S31508007FA029F0D7BA0B4A1368013313600A4B1868CD
S31508007FB090F8343053B9094B196813F0FBF90146A8
S31508007FC008B10748EAE70122064B1A7008BD00BF48
S31508007FD03DA3040804410020D0630020B0630020BC
S31508007FE05EA30408125900202DE9F04F87B0054614
S31508007FF00E461446984628F009F98146284628F080
S31508008000D2F8B9F1000F5AD1DFF8F0A000F5003523
S31508008010DAF80070E4B2B8F1000F5CD0109B002BC0
S3150800802059D003A8CDF800900395ADF810600594D3
S3150800803028F0B2F802AB014601AA384613F00CFB49
S315080080408146002834D1029F002F3ED001466A4659
S31508008050384619F075FD814650BBDDF800B0BBF116
S31508008060000F35D003A803950594ADF8106028F0E5
S3150800807093F8DAF800500146044602AB284601AAEE
S3150800808013F0EAFA814698B95A462146029BDAF86D
S31508008090000013F057FA814650B9109B40461A88DB
S315080080A00099BA4228BF3A463FF00FF8109B1F8046
S315080080B0009808B141F0ACFFB9F12D0F1AD80E4A55
S315080080C012F8090007B0BDE8F08F4FF02D09EFE769
S315080080D04FF00109ECE703A80395ADF81060059485
S315080080E028F05AF802AB014601AA384613F0B4FA4A
S315080080F08146E1E70120E5E774D40408D06300204F
S31508008100F8B505460C4616461F4628F07FF870B99E
S315080081102946204628F04CF808B12D2805D12B46CB
S315080081203A4631462046FFF7E7FE2D2802D8024B8D
S31508008130185CF8BD0120FCE774D404087FB5064630
S315080081400D46144628F062F8A8B9002C17DB30460D
S3150800815028F029F800F500300190E4B201A8ADF83E
S315080081600850039428F018F8084B0146186813F0CD
S3150800817087FB2D2808D8064B185C04B070BD31461D
S31508008180284628F015F8F4E70120F6E7D063002022
S3150800819074D4040830B589B0054628F02CF804468E
S315080081A030B10146124809B0BDE8304029F0D1B9CE
S315080081B0284627F0F8FF00F5003002902846ADF86B
S315080081C00C40049427F0EFFF1F22ADF8182009226F
S315080081D00346079208AA12E903008DE8030002AADB
S315080081E003F5003307CAFFF709FE09B030BD00BF23
S315080081F084A3040838B5074D04462B78834207D074
S31508008200054A064B002818BF1346012098472C70CC
S3150800821038BD00BF13590020FD86040829870408C5
S3150800822038B5114B1C78E4B941F093FC204627F089
S3150800823060FF054670B129F001FB044650B928468F
S31508008240FEF7D2FA38B12846FEF7E6FA052871F1A4
S31508008250000100D2012441F080FC84F00100C0B284
S3150800826038BD0020FCE700BF1359002010B50C46A6
S3150800827027F03DFF044B014623F810402246BDE88F
S315080082801040024829F062B93C570020AAA3040806
S3150800829010B50C4627F02BFF28220C4B33F810306C
S315080082A01C440B4BA4B202FB003000230288A242F6
S315080082B001D182783AB901330A2B00F10400F5D1CD
S315080082C04FF0FF3010BD18B2FCE700BF3C57002046
S315080082D01457002010B50C4627F009FF0F4B61888C
S315080082E033F8102023880B44A1881944E3880B44EB
S315080082F028211A440A4B92B201FB00300023018858
S31508008300914201D1817839B901330A2B00F1040071
S31508008310F5D14FF0FF3010BD18B2FCE73C570020EE
S31508008320EC56002000F00CB800F00AB800F008B8C7
S3150800833000F006B800F004B800F002B800F000B883
S3150800834072B61EF0080F09D01EF0040F0DD0DFF824
S3150800835050E0AEE8FF1F6FF002000CE0DFF840E0E7
S31508008360AEE8FF1F6FF00E0005E0DFF834E0AEE878
S31508008370FF1F6FF006006946EFF309828EE80700D3
S3150800838086460848084C854501D3A54501D384F39C
S31508008390088800F079FA84F3088827F0A6FF000019
S315080083A000610020480000200814002008B500F0ED
S315080083B0C3F9084A536A43F470235362EFF30883F8
S315080083C04FF0CD31044A043B934200D208BD43F82E
S315080083D00419F9E700ED00E0080000202DE9F04750
S315080083E00025C2B002AE4FF48072002130463EF03E
S315080083F021FE2F46DFF868A0DFF86880DFF868906E
S315080084009AF8003033B915B1304605F0CFF842B0C6
S31508008410BDE8F087104B07F00302032A18BF4B4646
S31508008420019358F8043B4FF4807100930B4A534666
S3150800843070191FF033F81AF8013B002BFBD17A1C90
S3150800844012F00304D7B203D02844C4B22546D7E7AE
S31508008450304605F0ABF8F9E7A2CA0408CBA304082E
S3150800846048D6040800610020C8A3040840F605227F
S31508008470F8B55D4B1B8893420ED8B3F5206F0CD820
S3150800848040F20252934216D040F2017293421CD037
S3150800849040F20152934209D0F8BDA3F60223534C89
S315080084A0032B1AD8DFE803F03056839B5048BDE803
S315080084B0F84005F07BB84F4805F078F84B4B196C37
S315080084C04D48BDE8F84005F071B8484B4B48D3E92C
S315080084D02512BDE8F84005F069B8494805F066F880
S315080084E094F86C309E0702D5464805F05FF894F874
S315080084F06F305D0602D5444805F058F894F96F3098
S31508008500002BC9DA4148D2E7414805F04FF894F8FC
S315080085106830980703D0216C374805F047F894F976
S315080085206830002B03DA616F3A4805F03FF80025FA
S315080085300126394FA26E06FA05F3134206D057F8FC
S3150800854025100B7813B1354805F030F80135082D9C
S31508008550F0D1A1E7324805F029F8216C264805F044
S3150800856025F894F86930590702D52E4805F01EF803
S3150800857094F96930002B03DA616F264805F016F87E
S315080085800825254EA36EEB40DA0706D556F82510C2
S315080085900B7813B1214805F009F80135102DF1D1F2
S315080085A094F86830002B7FF477AF1F487FE71F48A1
S315080085B004F0FCFF216C104804F0F8FF1025164E55
S315080085C0A36EEB40DB0706D556F825100B7813B1DA
S315080085D0124804F0EBFF01351A2DF1D15CE7144877
S315080085E004F0E4FF216C6BE73E5700200061002091
S315080085F0DAA3040817A4040847A4040861A4040815
S315080086007CA4040894A40408CEA4040801A50408BC
S315080086103DA5040862A5040814D704087FA5040824
S3150800862087A504089EA50408E4A5040814A604085A
S315080086302DA604082DE9F74F334DD5E90D32580715
S3150800864048BF0026D5E9121B4EBFB046D5F8508064
S315080086508B46D5F83CA05DBF2C4E9246DFF8D090ED
S31508008660DFF8D09013F0080F294B2A4918BF19468E
S31508008670B6EB08071FBF64237C0803FB0B44B4FB57
S31508008680F7F40CBF3C46A4B243464A462248CDE915
S31508008690006ABFB204F08AFF4B4622461F4800977D
S315080086A01FFA8BF104F082FFB24501D8C24503D206
S315080086B049461B4804F07AFFD5E9173213436A6E18
S315080086C013431AD0174804F071FF002501270E4EF0
S315080086D00024F26D07FA04F3134203D0124829194D
S315080086E004F064FF0134202CF3D12035602D06F107
S315080086F00406EDD103B0BDE8F08F0C4803B0BDE821
S31508008700F04F04F053BF00BF00610020081400209A
S315080087108BC804085BA6040863A6040894A6040884
S31508008720CDA60408EBA6040865BB04081AA7040826
S3150800873056A604084EA604082A4B13B5D3F8942067
S315080087404FF400314FF050231967D3072DD4012376
S315080087501846194600FA01F4144003F1010326D01D
S31508008760214B33F8114011F003FA062C83B21F4A45
S315080087704FEA104021D14FF20F0188421AD1B3F5C2
S31508008780406F28BF4FF4C0634CF23C3113804FF062
S315080087900052518040F20172934201BF144B154AB0
S315080087A0D2E90001C3E9000117E00021D8E7102B40
S315080087B0CFD1D8E74FF4C063E6E740F207218C42F1
S315080087C00DD14FF20F01884206D1A34202BF4FF0E6
S315080087D000534CF23C315980148002B010BD234638
S315080087E01480D7E70040005028D604083E570020DA
S315080087F00841002094610020044B05481B881A0A8A
S31508008800B3F5406F38BF00EB820070473E57002033
S31508008810F8D50408044B1888044B020A53F822308A
S31508008820C0B203EB800070473E570020C8D5040845
S3150800883010B5FFF7E1FF114C024621881048090AD6
S3150800884004F0B4FEFFF7E6FF218802460D4804F05F
S31508008850ADFE01232288120A934040F2A172134208
S315080088600AD00020FFF7E6FE0020FFF7FFFDBDE86F
S3150800887010400020FFF7B2BD10BD00BF3E570020D4
S315080088802FA7040845A704086E4A2DE9F0416E4B48
S3150800889055686E4C5D65516A99656D49D1F8000257
S315080088A0D865D1F804021866D1F80812586B5966CB
S315080088B0916A10F0040F9966D16A4FF00000D966E4
S315080088C0116B1967516B5967D26BD8649A67D3E9EC
S315080088D00E1218BF11465F4A91421A655DD301F11F
S315080088E02000A04259D88869C5F308051864CE69DE
S315080088F0062D5E6455D1584DA84252D3574DA8420D
S315080089004FD205884DF6426085424AD11868C3F8A9
S3150800891094005868C3F8980040F20170A2421546C0
S3150800892004D22E680432B6F1CD3FF7D00022C3E94F
S315080089301F22C3E92122C3E92322641BDFF818C1D9
S31508008940424DDFF818E19C648D422DD8D3E91FC744
S31508008950D3E92165D3E923414FF0000E013AD2B29B
S31508008960FF2A3BD1BEF1000F05D0C3E91FC7C3E9F3
S315080089702165C3E92341B3F85430C3F308030C2B2C
S315080089803AD8022B53D9DA1E092A50D8DFE802F062
S3150800899030563F424F4F4F4F4F4C0021C3E91011FD
S315080089A02C494FF42060B9E755F8044D6445CBD3FC
S315080089B07445C9D2E607C7D50026294F57F8048F4C
S315080089C0A045C1D00136062EF8D12AB1013AD2B255
S315080089D003EB8206F467B7E70522F9E7E0464FF0AE
S315080089E0010EBC4637462E4625460C464146B5E797
S315080089F040F60120BDE8F0813A2B18D1194B9B6946
S31508008A0013F0020F40F2025318BF1846F2E740F679
S31508008A100320EFE740F6042240F20173B0F5206F19
S31508008A200CBF10461846E5E740F60520E2E740F693
S31508008A300722013B5A2B98BF1046DBE740F6022077
S31508008A40D8E700BF00ED00E0006100200814002010
S31508008A5000E100E00800002040630008E0A10408E7
S31508008A60786100200040005B094A138873B9094BF6
S31508008A701988094B1B88C3F580608142C8BF81B23B
S31508008A80118019B105481844FEF704B9704700BFAC
S31508008A90405700204257002044570020155900200F
S31508008AA00749084A0B8810880344C3F309030B8057
S31508008AB005490B881B1A0B8000231380FFF7D4BFC8
S31508008AC04457002040570020425700202DE9F7431D
S31508008AD0364F0E46B7F800901346B9F1000F1BD172
S31508008AE00A4633484FF480611EF00EFDB0F5806FDC
S31508008AF0044607D331462F4828F025FD204603B003
S31508008B00BDE8F0832C4B3880A3F800902B4BA3F8D4
S31508008B100090FFF7A9FFF1E7DFF89C802448B8F832
S31508008B2000500192A944C9F309094D458CBFA5EB2C
S31508008B300905C9F58065ADB20A46484429461EF0BE
S31508008B40E3FC041E04DA31461A4828F0FCFCE0E788
S31508008B50A54203DD3B8823443B80DAE7B4F5806F02
S31508008B6009DB31461648F0E7FFF77EFFFEF75CF8AB
S31508008B7028B9FFF795FF3B88002BF5D105E028F0CB
S31508008B8025FB01460F4828F0DEFC32464FF480618B
S31508008B90019B07481EF0B8FC041E00DCFEE7002314
S31508008BA0064A3C80A8F800301380B2E742570020F6
S31508008BB015590020E6AA040844570020405700200B
S31508008BC020AB040807AB04082DE9F04107460E461A
S31508008BD0154C164D23883846C3F580639BB2B342BD
S31508008BE028BF3346B5F800E007EB030C104F0AE040
S31508008BF0228810F8018B0EEB0201C1F3090101323C
S31508008C0007F8018022806045F2D1F31A9EB2074622
S31508008C10FFF72AFF2EB1FEF707F810B9FFF740FF56
S31508008C20D8E7BDE8F08100BF42570020445700202E
S31508008C3015590020F8B50546284C4618AE4200D806
S31508008C40F8BD2B780D2B26D011D8082B11D00A2B5E
S31508008C501DD02388B3F5FF7F2FD801212846FFF7BB
S31508008C60B3FF238829785A1C22801D4A0DE07F2BE2
S31508008C70EFD123880BB303211A48FFF7A5FF00217C
S31508008C802388174A013B9BB22380D15415E0164B23
S31508008C901B780D2B11D002211448FFF795FF0022EF
S31508008CA0944623880E49CA545F185BB902B12380DB
S31508008CB00B4827F0CAFC0023238015F8012B0A4B22
S31508008CC01A70BBE717F8010D0A2801D00D28EDD157
S31508008CD0013B9BB2012201F803C0E6E74657002094
S31508008CE0155D00207ED70408145900207CD7040897
S31508008CF0002310B50446084A1380084A1380084A18
S31508008D001380084A1380FDF775FF22462046BDE802
S31508008D101040054927F097BC4657002044570020C5
S31508008D204257002040570020CD8A000838B5084D24
S31508008D30D5E8AF3F13F0010408D1284627F0B3FA67
S31508008D4020B1044B28461C6027F0B2FA014838BD0A
S31508008D50104100201441002070B51348D0E8AF4FE9
S31508008D6014F0010418D127F09EFAA8B10F4D2E462B
S31508008D7046F8044B30191022002110343EF05AF9F7
S31508008D80A02CF7D10B220A4B013A194603F110031E
S31508008D9004D1054827F08CFA044870BD286843F8C2
S31508008DA0100C2960F0E700BF184100201C41002084
S31508008DB0204100202DE9F041884615461E4627F039
S31508008DC0FDFA074650B35EB30379990748BF86F89C
S31508008DD00080C3F34004037948BF01245A070ED51F
S31508008DE0114B294693F9000032F095FD822302B211
S31508008DF0C2EB0222B2FBF3F232559CB901243B794D
S31508008E001B0708D582228235C5EB0525B5FBF2F589
S31508008E10631C3555DCB22046BDE8F0810446FAE706
S31508008E203446F8E70224F6E7155F0020014B187070
S31508008E3027F0E8BA155F002070B5049D0C46014678
S31508008E4000B12DB9C621064B064A07481EF02EFA70
S31508008E500493284613462246BDE8704006F094BAA5
S31508008E603AAB04084BAC0408ACAB040808B530B9F7
S31508008E7040F20911074B084A08481EF017FA0388FA
S31508008E8023F4FF4343F4506303800423037006204E
S31508008E9008BD00BFAFAC0408C0AC0408ACAB0408FE
S31508008EA0131D70B5DBB2144630B940F217110D4BDD
S31508008EB00D4A0E481EF0FAF9068803F07F0326F4D9
S31508008EC0FF46068003709B238370B823C370EA238A
S31508008ED003710023437111B106303EF0F6F8A01D68
S31508008EE0C0B270BDAFAC0408F2AC0408ACAB040861
S31508008EF008B5034A0349083028F003F8002008BDDE
S31508008F003FAD04089EB104080B6810B50446084630
S31508008F104BB904F041FB0246084904F1080027F062
S31508008F20F0FF002010BD064936F011F918B140F2DD
S31508008F304E220449F1E72320F4E700BF9EB1040856
S31508008F4045AD040866BB040870B50B68044694B0C2
S31508008F50084683BB54F8080F02A928F009FB2046E7
S31508008F60BDF80820194927F0CCFF2046BDF80A208D
S31508008F70174927F0C6FF2046BDF80C20154927F0EB
S31508008F80C0FF0926144D013E05F1080502D100204F
S31508008F9014B070BD55F8083C02AA1A4402A9CB5A67
S31508008FA051682046019152880C49009255F8042CC4
S31508008FB027F0A7FFE7E70A4936F0C9F818B1A0680D
S31508008FC028F0D8FAE3E70720E2E700BF49AD04082E
S31508008FD053AD04085CAD04086CDD040869AD0408EB
S31508008FE03EB504080B68F7B504460D4673B9083450
S31508008FF02046654927F085FF2046644927F081FF0A
S315080090002046634927F07DFF002040E028465F4957
S3150800901036F09DF8002843D06B6893BB54F8080FC8
S3150800902028F0ECF95B4902680546204627F069FFF7
S315080090301127594E013F06F1080616D120466A6CDB
S31508009040564927F05EFF1127554E013F06F10806DF
S31508009050DAD056F8083C0421EB582046009356F817
S31508009060043C504A27F05EFFEFE756F8083C042117
S31508009070EB582046009356F8043C4A4A27F052FF1C
S31508009080D8E74949281D36F062F810B9072003B019
S31508009090F0BDAB68002BF9D1A06828F0B3F9B3E7A7
S315080090A028463B4936F053F8002842D06B689BBBEC
S315080090B054F8080F28F033FD0B2607463B4D013EB2
S315080090C005F108050FD10626394D013E05F10805BB
S315080090D013D12046374927F0BDFED7E9102320468D
S315080090E027F0CEFE90E755F8083C2046FB5A55F87F
S315080090F0042C314927F005FFE1E7204655F8042CF2
S315080091002E4927F0A7FE55F8083C20463B44D3E9EC
S31508009110002327F0B5FED8E72349281D36F017F8AF
S315080091200028B3D0AB68002BB0D1A06828F0FCFCAF
S315080091306AE72846144936F00AF80028A6D06B686C
S31508009140ABB954F8080F28F0DFFC052607461C4D76
S31508009150013E05F108053FF457AF55F8083C20468F
S31508009160FB5855F8042C0F4927F0CBFEF0E70E49BB
S31508009170281D35F0ECFF002888D0AB68002B85D178
S31508009180A06828F0C5FC3FE755B8040861B804088C
S315080091906EB8040877AD0408ECDC04088CAD040846
S315080091A06CDC040884AD04083EB504081CDC04081D
S315080091B0F4DB0408B0AD040899AD0408A0AD0408B2
S315080091C0D4DB04080B6870B504460D4663B954F839
S315080091D0080F28F02FF828B10E49204627F091FEEF
S315080091E0002070BD0C49F8E728460A4935F0AFFF5C
S315080091F0064628B10121A068BDE8704028F00EB8DF
S315080092002846054935F0A3FF08B13146F3E707209C
S31508009210E7E700BFC5AD0408C8AD040837B504467E
S315080092206946806828F026FC0546E8B908342046D1
S31508009230009A0F4927F065FE20469DF804200D493F
S3150800924027F05FFE20469DF805200B4927F059FEBA
S3150800925020469DF80620094927F053FE20469DF82A
S315080092600720074927F04DFE284603B030BD00BF4A
S31508009270CDAD0408DFAD0408F4AD0408EDAD04086F
S3150800928005AE04080B6837B50446084683B9A068D6
S3150800929028F09EF804F10805014618B1A068FEF703
S315080092A029FC0146284604F0D5F8002003B030BD55
S315080092B00DF1070104F032F90028F7D19DF80720CF
S315080092C01AB91146A06828F07CF89DF80710A0681E
S315080092D028F085F80028E9D19DF80730002BE4D05E
S315080092E022460249A06828F06CF8DEE70306030860
S315080092F070B5044680680E4631F08FFC054604F0CA
S315080093004BF985420CD03046074935F020FF48B165
S3150800931004F108002A46054927F0F3FD002070BD30
S315080093200C20FCE70720FAE72CB404089EB10408D1
S3150800933010B5044654F8080F28F0AFFB0349024657
S31508009340204627F0DEFD002010BD00BFC7C1040877
S3150800935010B500F10804806828F0C0FB044B0549E5
S31508009360002808BF1946204627F0CBFD002010BD6F
S315080093701FAE04081AAE040870B50D6804460E46FA
S3150800938065B954F8080F28F06EFB28F071FB0E49F2
S315080093900246204627F0B5FD284670BD30460B49E3
S315080093A035F0D5FE20B1A068BDE8704028F051BB65
S315080093B03046074935F0CBFE20B1A068BDE87040BD
S315080093C028F04CBB0720E8E79EB1040825AE040840
S315080093D02EAE040810B50B68044686B008466BB96D
S315080093E054F8080F1822694627F007FF6A462046F0
S315080093F00A4927F086FD002006B010BD084935F059
S31508009400A6FE48B154F8080F27F0F4FE02460B46AC
S31508009410204627F035FDEEE70720EDE79EB1040864
S315080094203BBD040838B50D687DB900F1080420462F
S31508009430074927F00FFD2046064927F00BFD204671
S31508009440054927F05EFD284638BD2320FCE700BF06
S31508009450A3BE040834AE0408EABD040870B50C6857
S315080094600D460646094924B9083027F04AFD204624
S3150800947070BD284635F06BFE30B1291D06F1940003
S31508009480BDE8704003F016BD2320F1E739AE0408A5
S3150800949038B50C680546084624B9A86827F0A6FE1C
S315080094A0204638BD054935F052FE20B1A868BDE80A
S315080094B0384027F09DBE2320F3E700BF40AE0408DE
S315080094C030B50D68044687B07DB954F8080F28F002
S315080094D030FB1522694628F036FB20466A460449C1
S315080094E027F00FFD284607B030BD0720FBE700BF71
S315080094F09EB1040810B5044608460A4935F027FE09
S315080095000346A0682BB1BDE810400022114628F09A
S3150800951015BB2246044928F011FB002808BF242061
S3150800952010BD00BF4BAE04080F06030838B50D463C
S3150800953004460A49284635F00AFE60B16D6855B9F1
S3150800954054F8080F27F0FDFF05490246204627F084
S31508009550D8FC284638BD0720FCE700BF51AE0408F2
S3150800956066BB04080B6837B505460C469BB9806888
S315080095700DF1060127F0A3FF044648B9BDF80620F9
S315080095809DF806300C49120A05F1080027F0B9FCC7
S31508009590204603B030BD084635F0D2FD022809D171
S315080095A02368A868198849BA89B203B0BDE830406B
S315080095B027F080BF0724EBE757AE0408F8B50E4638
S315080095C005461249304635F0C2FD074628B1012145
S315080095D0A868BDE8F84028F06FBA30460C4935F05F
S315080095E0B6FD044608B13946F2E73046094935F072
S315080095F0AEFD48B128F070FA0749024605F10800A1
S3150800960027F07FFC2046F8BD2320FCE7B7C30408F3
S315080096105CAE04082CB4040866BB040838B50546D5
S315080096200C4641B90068904704490246284627F087
S3150800963068FC204638BD0720FCE700BFDBAD040800
S31508009640024A09680830FFF7E9BF00BFD9110308C5
S3150800965037B5054608680DF1070170B9A86826F000
S315080096605DFD044630B99DF907200A4905F1080051
S3150800967027F047FC204603B030BD35F01EFD0446F2
S315080096800028F7D19DF90710A86826F0DFFB0446E5
S31508009690F0E700BFA0AE040873B50E4604461C49A1
S315080096A0304635F054FD60B154F8080F27F07AFEBD
S315080096B002461849204627F024FC0025284602B011
S315080096C070BD3046144935F042FDE0B11349301DEE
S315080096D035F03DFDC8B1B06870B10DF1070135F040
S315080096E0A6FC05460028E9D1F36873B99DF807106A
S315080096F0A06827F061FEE1E754F8080F27F057FE47
S3150800970007490246D6E72325D8E70725D6E700BF47
S3150800971061AE040850B204086EAE040876AE0408BA
S3150800972066BB040830B5044600F108050221284640
S31508009730114B124A8DB003F0B7FEA06828F04FFA15
S31508009740044614B920460DB030BD2046302269467D
S3150800975027F0BCFD6A462846094927F07BFB04F139
S3150800976012003022694627F0B1FD6A4628460549A7
S3150800977027F0C7FB246BE4E7A4DB0408A8DB04088E
S315080097807DAE040886AE04087FB500230C6805463E
S315080097900E468DF804308CB955F8080F28F081F874
S315080097A003A98DF8080002A827F016FC18490246F6
S315080097B0284627F0A6FB204604B070BD304615495A
S315080097C035F0C5FC28B19DF80410A86828F079F88A
S315080097D0F2E73268013A12F8013F002BF3D06E2BFC
S315080097E011D0722B03D0642B08D00720E4E79DF82C
S315080097F0043043F001038DF80430ECE79DF804309B
S3150800980043F00203F7E79DF8043043F00403F2E758
S315080098109EB10408ADD0040810B50446086886B0A1
S3150800982008B30DF1170135F002FCD0B99DF81730D1
S315080098301F2B15D8012199400C4B02940193002344
S3150800984000934FF6FF72A06828F04AF948B904F168
S3150800985008000721064B074A03F026FE242000E0ED
S31508009860072006B010BD0146E6E700BF1D0603083F
S31508009870B0DB0408B8DB04087FB50C4600230546B0
S3150800988022492046ADF80E3035F061FC064610B187
S31508009890606800BB0434206838B30DF10D0135F05B
S315080098A0C6FB00BB9DF80D301F2B1BD801249C401E
S315080098B005F10800DEB10221154B164A03F0F4FD46
S315080098C000952146144BBDF80E20A86827F0A6FD82
S315080098D048B9242007E00DF10E0135F0B9FB10B99F
S315080098E00834D8E7072004B070BD0446E0E7052130
S315080098F00A4B0B4A03F0D8FD00952146094BBDF8E3
S315080099000E20A86827F085FDE2E700BF90AE0408A0
S3150800991098DB04089CDB0408130603087CDB0408B0
S3150800992084DB04081D06030837B5054608680DF1EB
S31508009930070170B9A868FEF7EFF8044630B99DF933
S3150800994007200A4905F1080027F0DBFA204603B08C
S3150800995030BD35F0B2FB04460028F7D19DF9071053
S31508009960A868FEF7E3F80446F0E700BFA0AE0408CF
S315080099700B6837B504460D4673B980680DF10701C3
S3150800998031F051F918BB9DF90720134904F1080075
S3150800999027F0B7FA00201AE02846104935F0D7FB19
S315080099A0B8B168680DF1070138B9A06831F03BF91C
S315080099B068B99DF907200A49E8E735F07EFB30B912
S315080099C09DF90710A06831F030F90028E2D003B0FD
S315080099D030BD0720FBE700BF97AE0408A7AE040812
S315080099E030AF040870B50D4604463C49284688B091
S315080099F035F0ADFB064600B104352B6813BB54F8A9
S31508009A00080F27F01CFC05460DB9002030E0294652
S31508009A10204603F075FC86B1687C03F0A5FDA97C99
S31508009A202B7CC1F340010191A97C024601F001019A
S31508009A30009120462A4927F00DFA204603F02EFC0D
S31508009A406D69E1E72846274935F081FB90B16868DA
S31508009A5002A935F051FB58B9069BA0686FF31103AC
S31508009A6043F4403343F4507302A9069327F0F1FBFD
S31508009A7008B070BD28461C4935F069FB50B16868C6
S31508009A8002A935F039FB0028F2D1A06802A927F00F
S31508009A90E5FBEDE72846154935F059FB40B154F882
S31508009AA0080F27F067FF0146204627F0F2F9ACE7D2
S31508009AB028460F4935F04BFB20B154F8080F27F01C
S31508009AC052FFF0E728460B4935F041FB20B154F820
S31508009AD0080F27F04BFFE6E72320C9E7C9B70408B4
S31508009AE0AFAE0408D8AE040826B40408DCAE0408F1
S31508009AF0E6AE0408EBAE040830B50B6804460D461E
S31508009B0085B06BB954F8080F27F0ADFB05460DB9BB
S31508009B10002015E02946204627F0BBF92D69F6E70F
S31508009B2028461D4935F013FB60B16946686835F06B
S31508009B30E3FA28B96946A06827F09AFB0028E7D017
S31508009B4005B030BD2846154935F001FB50B16946C8
S31508009B50686835F0D1FA0028F2D16946A06827F07E
S31508009B608CFBEDE728460E4935F0F1FA40B154F87A
S31508009B70080F27F003FF0146204627F08AF9C7E7B2
S31508009B802846084935F0E3FA20B154F8080F27F0BB
S31508009B90F9FEF0E72320D3E7D8AE040826B4040874
S31508009BA0F1AE0408F7AE0408024B186800B9FEE7E0
S31508009BB0704700BFC041002010B50B6896B00093EF
S31508009BC08B880E49ADF804300D4B00F10804002AC5
S31508009BD018BF0B46029300232046ADF8563003F013
S31508009BE05DFB684627F0B8FC08B116B010BD2046E4
S31508009BF0044903AA27F085F9F3E700BFFDAE040878
S31508009C0000AF04089EB1040870B515460E461378D1
S31508009C1000F1080420460B4A03F0010327F082F9F5
S31508009C202B7831462046084AC3F3400327F07AF9D1
S31508009C302B7831462046BDE87040044AC3F38003BA
S31508009C4027F070B903AF040814AF040823AF04085B
S31508009C5070B50E46154600F10804204692F9003004
S31508009C601A4A27F05FF9314620466B78184A27F0DA
S31508009C7059F931462046AB78164A27F053F931464A
S31508009C802046EB78144A27F04DF9314620462B79C1
S31508009C90124A27F047F9314620466B79104A27F0D1
S31508009CA041F931462046AB790E4A27F03BF9314651
S31508009CB020462B890C4A27F035F931462046AB7ADF
S31508009CC00A4ABDE8704027F02DB900BF33AF040833
S31508009CD046AF040857AF040868AF040879AF04080C
S31508009CE088AF040897AF0408A9AF0408BBAF0408F7
S31508009CF070B515460E4600F10804204612780E493E
S31508009D0027F0FFF86B78314620460C4A03F0030328
S31508009D1027F008F96B7831462046094AC3F38103D0
S31508009D2027F000F96B7831462046BDE87040054AB1
S31508009D301B0927F0F7B800BFD0AF0408E0AF040846
S31508009D40F3AF040805B004082DE9F8430C4600F102
S31508009D5008081378074615464046114A27F0E2F8E0
S31508009D60214640460F4A27F0DDF8002604F104098B
S31508009D7006345FFA89F9E4B201366A78731E9BB233
S31508009D809A4201D8BDE8F88349464046064A27F074
S31508009D90A5F82146384605EB4602FFF7A9FFEBE78B
S31508009DA088AF040813B0040897BD04082DE9F743E3
S31508009DB080468946164600273378FCB2A34202D865
S31508009DC003B0BDE8F08306EB840408F108052846CD
S31508009DD063784946124A27F081F8A078C30705D563
S31508009DE01049284627F08DF80137E5E7C0F340000B
S31508009DF003F048FAA3780246C3F3011100912846F6
S31508009E000949C3F3810327F025F8E2783F2A01D1EF
S31508009E100649E6E728462379054927F072F8E3E775
S31508009E201EB004082EB0040842B0040874B0040832
S31508009E308EB0040870B50E46154600F10804204693
S31508009E4013680E4A27F06EF8314620462B790C4ADD
S31508009E5027F068F8314620466B790A4A27F062F8F7
S31508009E6031462046AB79084A27F05CF83146204649
S31508009E70EB79064ABDE8704027F054B8AAB0040842
S31508009E80DFAD0408C5B00408BFB00408D5B004089F
S31508009E902DE9F04188461546002700F108062B787B
S31508009EA0FCB2A34201D8BDE8F08141463046054AD6
S31508009EB005EB041427F012F83046611C26F0E9FF7A
S31508009EC00137ECE797BD04082DE9F3410D46164620
S31508009ED00B4C00F1080704F150080834444502D138
S31508009EE002B0BDE8F08154F8083C2946F3583846D4
S31508009EF0009354F8043C034A27F014F8EDE700BF32
S31508009F00D0DA040884AD04082DE9F74304460F4661
S31508009F101646164D00F1080905F15008083545455D
S31508009F2009D10727124D0834013F05F108050ED15E
S31508009F3003B0BDE8F08355F8083C3946F35A48465D
S31508009F40009355F8043C0B4A26F0ECFFE6E720465A
S31508009F5055F8042C084926F07DFF55F8083C20469C
S31508009F603344D3E9002326F08BFFDDE788DA0408BB
S31508009F7058DA040899AD04089BC60408F8B51446CF
S31508009F800D460646128800F1080738461149C2F3FD
S31508009F90C81226F0B6FF2378294638460E4A03F03B
S31508009FA01F0326F0BFFF14F8023B29463846C3F3C1
S31508009FB041130A4A26F0B6FF29463846084A26F0CB
S31508009FC0B1FF291D22463046BDE8F840C9B2FFF761
S31508009FD01BBE00BFECB00408FCB0040808B10408B6
S31508009FE019B10408024A0349083026F033BF00BFF6
S31508009FF054DA04089EB10408437F70B504460D463A
S3150800A00063B161B3084627F0E1F82A4603461449C6
S3150800A01004F10800BDE8704026F073BF037F03B95A
S3150800A020FEE724291BD000F1080671B930460D4910
S3150800A03026F067FF002304F12000237704F056F882
S3150800A0402046BDE87040FFF7CDBF084627F0BEF8AA
S3150800A0502A4603460449304626F053FFEAE770BD10
S3150800A0601FB104082EB1040821B1040810B504462E
S3150800A0700449083026F045FF2046BDE81040002177
S3150800A080FFF7BABF33B1040810B419B95DF8044B29
S3150800A090FFF7B2BF91F901300A785DF8044B02491F
S3150800A0A0083026F02EBF00BF46B1040838B504466E
S3150800A0B00D4619B9BDE83840FFF79EBF91F839300B
S3150800A0C0083413F0200F13D001F10802204617496F
S3150800A0D026F0C0FE2046164926F0BCFE204605F1AD
S3150800A0E01901082203F0EAF82046124926F0B2FEC2
S3150800A0F020466A8E104926F0ADFE294620460822DB
S3150800A10003F0DCF8204695F836200C4926F0A2FE26
S3150800A110204695F937200A4926F09CFE204695F8F0
S3150800A12038200849BDE8384026F0EBBE54B104088B
S3150800A13064B104086ECD04085DB1040867B104086B
S3150800A1406FB1040876B1040870B504460D46114689
S3150800A1501A4626F054FE002623461A4AC4E9025433
S3150800A160A68343F8202FC4E90A3422462946C4E9BF
S3150800A1700C5404F1380026F09DFC2246294604F1C9
S3150800A180400026F0E9FD22462946C4E92154C4E9DF
S3150800A190235404F1940002F0A3FB2246294604F155
S3150800A1A0A00026F015FC2246294604F1AC0026F04C
S3150800A1B0FFFC204626616661A661FFF713FF20466D
S3150800A1C070BD00BF2D06030810B5054C13460A4698
S3150800A1D001462046FFF7B8FF024B1C6010BD00BFC2
S3150800A1E0B8140020C04100202DE9F0410E4604466F
S3150800A1F02F49304690B034F0AAFF03467068C3B1C1
S3150800A20050B954F8080F27F03FFA2A490246204663
S3150800A21026F077FE002037E007A934F0C4FF0028AF
S3150800A22032D1B368002B3ED10799A06827F027FAE8
S3150800A230F0E703A934F060FF30BB0546371D0DF182
S3150800A2401C0857F8040FB0B930461B49EDB234F074
S3150800A2507EFFE0B1194B01940093A0682B4607AA2C
S3150800A26003A927F0E0F978B9204641F2883126F0AB
S3150800A270E0F9242008E0232D15D008EB050134F079
S3150800A280D6FE01350028DCD010B0BDE8F081304696
S3150800A2900B4934F05CFF40B12B46A06807AA03A916
S3150800A2A027F0C5F9B6E70720EEE72320ECE700BF5D
S3150800A2B07EB104088DB3040893B104081707030890
S3150800A2C03EB50408F0B50B6885B00393224B0546E6
S3150800A2D000930C230E463C2220490DEB030028F080
S3150800A2E09FFD044678B1D0E90132511005EB6200B2
S3150800A2F0D20748BF6A5806F1040148BFD35805B0CB
S3150800A300BDE8F04018473046154934F020FFC8B17B
S3150800A310124F05F1080657F8242030461149033430
S3150800A32026F0EFFDB42CF6D100242A7DE3B29A423A
S3150800A3300FD92A69304652F833200A4926F0E1FD3A
S3150800A3400134F2E73146284605B0BDE8F04026F06C
S3150800A35031B9002005B0F0BD2305030884D70408E9
S3150800A36097B104089EB1040830B50C460023A3B083
S3150800A37005464FF4C0712046019329F047FBB0F516
S3150800A380C07F10D22046202201A90FF08DF904467D
S3150800A3906B7F5BB14CB9019B3BB1284601A9FFF71E
S3150800A3A091FF044607E00624F2E7FEE72B7F3BB958
S3150800A3B001232B7764B121462846FFF71DFE05E0E9
S3150800A3C0074901A834F0C3FE0028F1D123B030BDF7
S3150800A3D0019B002BE1D128462C77FFF703FEF5E712
S3150800A3E0ACDD0408012370B504461A250E4E8EB05E
S3150800A3F04377013D03D1284665770EB070BD56F800
S3150800A400041B312201A83CF02AFE002304F10800AF
S3150800A410064901AA8DF8353026F073FD204601A9B4
S3150800A420FFF7A2FFE5E700BF18DB04089CB10408A4
S3150800A43038B51D46094B14461B686BB1FFF7B4FBCC
S3150800A4402A462146083026F002FDFFF7ADFB083004
S3150800A45002F024FFFFF7A8FB38BD00BFC04100206B
S3150800A46030B50B68044687B00846002B3BD1A06878
S3150800A47001A927F017FB054690BB0834204620495A
S3150800A48026F0E8FC204601A926F0FAF82046BDF891
S3150800A4900C201C4926F035FD20469DF811201A4946
S3150800A4A026F02FFD20469DF81220184926F029FD92
S3150800A4B020469DF81320164926F023FD20469DF8D0
S3150800A4C01520144926F01DFD20469DF81620124930
S3150800A4D026F017FD20469DF81720104926F011FD95
S3150800A4E0284607B030BD0E4934F031FE28B1A068C1
S3150800A4F007B0BDE8304027F0DABA0725F0E700BF15
S3150800A500A1B10408ACB10408B5B10408C9B104087E
S3150800A510DEB10408F9AD0408E7B10408FEB1040881
S3150800A52012B2040837B50D4604461749284634F0D2
S3150800A5300EFE30B36B6863B9A06827F069FA014666
S3150800A54010B9002003B030BD04F1080026F098F8D1
S3150800A550F7E70E49281D34F0FAFD30B10021A0684E
S3150800A56003B0BDE8304027F045BA08226946686856
S3150800A57034F0CCFD0028E5D16946A06827F03AFA00
S3150800A580E0E72320DEE700BF19B204081DB204087D
S3150800A5902DE9F0431E460023C9B0054690460F46EE
S3150800A5A0ADF8063019BB00F108042046B34926F079
S3150800A5B051FC06F11001204602F0A2FEB0492046E1
S3150800A5C026F048FC404626F0CBFF0646404626F0D5
S3150800A5D0C9FF361AB6B26EB9204602F05FFE06AE5D
S3150800A5E0324640460DF1060127F01BF8E8B149B09E
S3150800A5F0BDE8F083102E4046B14628BF4FF010093B
S3150800A60026F0B0FFC1194B4602AA89B2404626F089
S3150800A610ADFF4A46204602A902F050FEA6EB0906FF
S3150800A62007EB0903B6B29FB2D5E733782B2BD7D8F9
S3150800A63001A252F823F000BFE9A60008FBA600080D
S3150800A64007A700081BA7000821A7000835A70008C8
S3150800A6505DA7000871A7000887A700089BA7000840
S3150800A660E1A50008E1A50008E1A50008E1A50008A4
S3150800A670C3A70008C9A70008CFA7000803A80008B1
S3150800A680E1A5000821A80008E1A50008E1A5000841
S3150800A690E1A5000827A80008E1A500082BA80008DE
S3150800A6A031A8000837A8000843A80008E1A5000853
S3150800A6B0E1A50008E1A50008E1A50008E1A5000854
S3150800A6C0AFA700083DA8000849A8000849A7000840
S3150800A6D04FA800085BA800085FA8000871A8000832
S3150800A6E075A8000879A800086649204626F0B2FB36
S3150800A6F0204608A925F0C4FF71E732896249204639
S3150800A70026F0FFFB6BE72046604926F0FAFB04219A
S3150800A710284608AAFFF778FA61E7B2685C49EEE7C7
S3150800A72020465C4926F0EDFB0421284608AAFFF7D7
S3150800A7308FFA54E72046584926F0E3FB04212846B9
S3150800A74008AAFFF701FB4AE72046544926F0D9FB39
S3150800A7500421284608AAFFF729FB40E72046504966
S3150800A76026F0CFFB0421284608AAFFF763FB36E745
S3150800A77020464C4926F06EFB2046327A0DF121011F
S3150800A78026F075FB2BE74849204626F0BAFB04213C
S3150800A790284608AAFFF77CFB21E72046434926F00E
S3150800A7A0B0FB0421284608AAFFF78EFB17E72046C8
S3150800A7B03F4926F0A6FB0421284608AAFFF7A4FB72
S3150800A7C00DE7327A3B499AE732893B4997E72046B3
S3150800A7D03A4926F096FB00270DF12209327ABBB2D8
S3150800A7E09A427FF6FCAE04212046354A26F076FBCF
S3150800A7F04A4606212846FFF7C1FB013709F1040935
S3150800A800ECE720462F4926F025FB20460DF12101CD
S3150800A810327A02F053FD20462B4926F072FBDEE61B
S3150800A820B2682A496BE72A495FE72A4908AA66E710
S3150800A830294908AA63E7294908AA60E7284908AA0E
S3150800A8405DE7284908AA5AE7B268274957E7307AE0
S3150800A85002F096FE2549024651E7254994E725491F
S3150800A860204626F0F7FA204608A926F01BFBB6E68E
S3150800A8702149F5E72149F3E72149F1E723B204081D
S3150800A8800AB304083AB2040848B2040819B104081D
S3150800A890F8B2040857B2040868B2040865B2040896
S3150800A8A06FB204087CB20408ACB304088BB204087F
S3150800A8B099B20408A7B20408BBB20408D0B20408C7
S3150800A8C097BD0408DDB20408ECB20408EEB2040829
S3150800A8D005B304080DB304081DB304082EB3040811
S3150800A8E044B3040857B3040870B3040893B30408C0
S3150800A8F0A0B30408BEB30408D4B30408EEB304082E
S3150800A90008B4040870B50C6805461CB14A6852B10B
S3150800A910072070BD0068904705490246284626F07C
S3150800A920F0FA2046F5E72146BDE87040006818476A
S3150800A9309EB1040808B5034A034B0830FFF7E2FF47
S3150800A94008BD00BFD5190308DD19030808B5034A71
S3150800A950034B0830FFF7D6FF08BD00BF8D19030863
S3150800A9609519030838B50C4605461349204634F0B0
S3150800A970EEFB38B1114B124A211D05F10800FFF70D
S3150800A980C1FF38BD20460F4934F0E1FB10B10E4B2C
S3150800A9900E4AF1E720460E4934F0D9FB10B10D4BAB
S3150800A9A00D4AE9E720460D4934F0D1FB10B10C4BAE
S3150800A9B00C4AE1E70720E4E7A1CF04085716030885
S3150800A9C03716030824B40408611603083F1603085B
S3150800A9D02AB404086B1603084716030834B4040897
S3150800A9E0751603084F160308F7B50C6805460E4694
S3150800A9F01F464CB120460DF1060134F029FB0446EA
S3150800AA0050B1204603B0F0BD00689047074902469A
S3150800AA10284626F076FAF4E7736823B9BDF80610D7
S3150800AA202868B847EDE70724EBE700BF66BB0408CC
S3150800AA3038B50D4604461949284634F088FB38B11E
S3150800AA40174B184A291D04F10800FFF7CDFF38BD3A
S3150800AA502846154934F07BFB10B1144B144AF1E72C
S3150800AA602846144934F073FB08B90720EFE76B68EA
S3150800AA7053B954F8080F26F0E6FA0F49024620465D
S3150800AA8026F03FFA0020E2E70C49281D34F05FFB68
S3150800AA900028EAD0A06826F0DBFAF3E73BB40408FE
S3150800AAA03D10030833100308CEC304082910030811
S3150800AAB01F10030848B4040866BB04083EB504081A
S3150800AAC008B5034A034B083025F02FFE08BD00BF22
S3150800AAD0531803085B18030838B50C4605460E4993
S3150800AAE0204634F034FB38B10C4B0D4A211D05F1D4
S3150800AAF0080025F01AFE38BD20460A4934F027FB1F
S3150800AB0038B1094B094A211D05F10800FFF76CFF0A
S3150800AB10F1E70720EFE700BF4CB40408331A03082F
S3150800AB20291A030854B40408491A03083F1A0308E3
S3150800AB3070B50D4604461449284634F008FB04F15E
S3150800AB40080648B1A06808F0A3FA02460F4930463D
S3150800AB5026F0D7F9002070BD28460D4934F0F7FADB
S3150800AB6018B1A06830F055F8EFE72B682BB12946E5
S3150800AB703046084A25F0F2FDEDE7A06826F0AAFB64
S3150800AB8005490246E3E700BF5EB404088DB304082E
S3150800AB9068B40408DF12030866BB040838B50D4616
S3150800ABA004462B49284634F0D2FA50B154F8080F17
S3150800ABB025F0C4FA02462046264926F0A2F90020C6
S3150800ABC038BD2846244934F0C2FA20B154F8080F93
S3150800ABD025F0B9FAEEE72B68C3B9A06826F023FC7E
S3150800ABE004F1080502461D49284626F08AF9A06898
S3150800ABF026F02DFC1A490246284626F082F9A06856
S3150800AC0026F046FC174902462846D6E7284616493E
S3150800AC1034F09DFA30B1154A291D04F1080025F0D3
S3150800AC209DFDCDE72846124934F091FA30B1114A14
S3150800AC30291D04F1080025F0A5FDC1E728460E499F
S3150800AC4034F085FA08B10D4AF2E70720B8E700BFE5
S3150800AC5033B8040866BB040840B8040872B404088C
S3150800AC607EB404088CB4040850BC040831140308E4
S3150800AC70F8B504085B140308E2B404089914030839
S3150800AC8038B50C6800F108054CB9806826F02FFE27
S3150800AC9005490246284626F034F9204638BD284696
S3150800ACA0024A25F06FFDF9E7B7B004082D19030825
S3150800ACB038B500F108040D462046054A0968FEF72E
S3150800ACC0ADFC20B129462046024A25F05BFD38BD79
S3150800ACD0911303089B13030838B50C6800F108059F
S3150800ACE04CB9806826F035FB05490246284626F009
S3150800ACF008F9204638BD2846024A25F055FDF9E7E9
S3150800AD0050B204085D130308F7B50D4604462049FA
S3150800AD10284634F01CFA38B11E4A291D04F10800E9
S3150800AD2025F042FD03B0F0BD28461B4934F00FFA62
S3150800AD30064668B104352846184934F008FA20B1A1
S3150800AD40A06826F0ADFA0020ECE72946144AE5E7A4
S3150800AD502846144934F0FBF9C0B154F8080F0DF130
S3150800AD60070126F0A3FA074650B9204602F096FADC
S3150800AD70E9E7204637F813200B4926F06BF8013629
S3150800AD809DF80720F3B29A42F3D8EEE72320C9E7E5
S3150800AD90D8AE0408851203089AB40408A1B40408B6
S3150800ADA09312030893B1040870B0040838B5054631
S3150800ADB00C460A7A074926F0A4F828466288064906
S3150800ADC026F09FF8284662680449BDE8384026F010
S3150800ADD098B800BF5CBB040869BB04087BBB0408C1
S3150800ADE01FB50B680446E3B90F4926F033F8206807
S3150800ADF001A926F00FF978B9204602F04FFA204645
S3150800AE000A49BDF8042026F07CF8204601A9FFF778
S3150800AE10CDFF002004B010BD2046054926F071F884
S3150800AE20F7E72320F6E700BF8EBB04089BBB0408A0
S3150800AE30ACBB0408B1F85A20014926F062B800BF35
S3150800AE4066BB0408B1F85C20014926F05AB800BF71
S3150800AE5066BB040801F13002014926F052B800BF6A
S3150800AE609EB10408B1F85820014926F04AB800BF37
S3150800AE7050B204084A6F014926F043B8B7B004082F
S3150800AE804A6D014926F03DB8DBAD040808B5FF2236
S3150800AE90002102483CF0CEF8002008BD165F0020CD
S3150800AEA010B50C6834B9044991F8FE2025F0DFFF87
S3150800AEB0204610BD0720FCE7165F002038B50D4672
S3150800AEC004460C49284634F042F928B120680A4954
S3150800AED0BDE8384026F0CFB82846084934F037F997
S3150800AEE028B120680449BDE8384026F0CEB80720C6
S3150800AEF038BD00BF28A70408165F0020B2BB0408A7
S3150800AF0038B50C4605461249204634F020F928B1D2
S3150800AF1028681049BDE8384026F0A0B820460E49F2
S3150800AF2034F015F928B128680A49BDE8384026F0F2
S3150800AF30A7B82046094934F00AF930B12846211D38
S3150800AF40044ABDE8384025F0E9BC072038BD00BFF3
S3150800AF5028A70408165F0020B2BB0408BABB040879
S3150800AF6030B5C1B00C466A460431054625F0D6FC14
S3150800AF7040B920460A4934F0EAF828B169462868F3
S3150800AF8026F079F841B030BD2046064934F0DFF89E
S3150800AF9020B16946286826F078F8F3E70720F1E734
S3150800AFA028A70408B2BB040870B51368A4B00646FF
S3150800AFB00D460192D3B91E4802A926F086F8044622
S3150800AFC088B96B6890336B4413F8103C5BB1D5E9CC
S3150800AFD002325110D50706EB620048BF725802A923
S3150800AFE048BFD3589847204624B070BD8822002110
S3150800AFF002A83CF01FF8D5E90432511006EB6200AE
S3150800B000D20748BF725801A948BFD35802AA984721
S3150800B01004460028E7D101226B68054990336B4442
S3150800B02003F8102C02A826F06BF80446DBE700BFED
S3150800B030165F002038B50C460A882249054625F0D1
S3150800B04009FFA378D80703D528461F4925F002FF2C
S3150800B050A378990703D528461C4925F0FBFEA37853
S3150800B0605A0703D528461A4925F0F4FEA3781B0784
S3150800B07003D52846174925F0EDFEA378D80603D54B
S3150800B0802846154925F0E6FEA378990603D52846ED
S3150800B090124925F0DFFEA3785A0603D5284610493B
S3150800B0A025F0D8FEE378DB0703D528460D4925F0B9
S3150800B0B0D1FEE2782846BDE838400B49C2F3420281
S3150800B0C025F01FBF70B0040845A4040891C70408FA
S3150800B0D09BC704085AAE04086AC9040814C20408BF
S3150800B0E05ABB0408BFBB040865BB0408002373B534
S3150800B0F0019313680E46186801A9144633F0A8FF91
S3150800B100054660BB21684A680B1D2360DAB1013A1F
S3150800B11012F8013FD3B9886801F10803236090B19A
S3150800B1200DF1030133F083FF00286DD123689DF8E4
S3150800B13003200433072A236010D89DF8073062F3EA
S3150800B14043038DF807300198306008E0722B05D864
S3150800B150622B07D8432B41D0522B4ED007252846C1
S3150800B16002B070BD633B0F2BF8D801A050F823F04E
S3150800B170D3B100085DB10008E7B100085DB1000869
S3150800B1805DB100085DB100085DB100085DB1000859
S3150800B1905DB100085DB100085DB10008BFB10008E7
S3150800B1A0B1B10008F1B100085DB10008C9B10008E5
S3150800B1B09DF8063043F001038DF80630A8E79DF8A0
S3150800B1C0063043F00203F7E79DF8063043F0040320
S3150800B1D0F2E79DF8063043F00803EDE79DF80630E0
S3150800B1E043F01003E8E79DF8063043F02003E3E751
S3150800B1F09DF8063043F04003DEE79DF8073043F03C
S3150800B20001038DF8073083E70546A8E707B5044B21
S3150800B2100F220093182327F003FE03B05DF804FB02
S3150800B220210803082DE9F043A5B00446084602A9FB
S3150800B230914625F04AFF0746002830D0384625B003
S3150800B240BDE8F0836B68184901A80193FFF7DEFF94
S3150800B2504368064690336B4413F8103C6BB120469E
S3150800B2602A68124925F0F6FDB9F1000F0AD02B7AA3
S3150800B27043B120460E4925F044FE0C35B8F10108C5
S3150800B280E0D1DBE7D6E90232511004EB6200D207BF
S3150800B29048BF625802A948BFD3589847EDE74FF010
S3150800B2A00E08044DEAE700BFC4DE04089BC604087E
S3150800B2B0C1BB040828DE0408F0B5C1B005460F4630
S3150800B2C00068694625F0CAFE6E46044698B93B688A
S3150800B2D033B9024631462846FFF7A4FF04460AE07A
S3150800B2E038460B4933F033FF40B1694628469DF886
S3150800B2F0FE2025F0BCFD204641B0F0BD3846054984
S3150800B30033F025FF08B10122E4E70724F3E700BF7D
S3150800B310E6B70408BEB70408F0B5C1B005460F463F
S3150800B3200068694625F0ACFE6E46044698B93B6847
S3150800B33033B9024631462846FFF774FF04460AE049
S3150800B34038460B4933F003FF40B1694628469DF855
S3150800B350FE2025F08CFD204641B0F0BD3846054953
S3150800B36033F0F5FE08B10122E4E70724F3E700BF4E
S3150800B370E6B70408BEB704082DE9F0430F46E7B060
S3150800B38088220021054626AE04A83BF053FEFF227C
S3150800B390002130463BF04EFE02AC3B1D23600DF10A
S3150800B3A00C082368D3F80090B9F1000F16D1384677
S3150800B3B0294933F0CCFE044600283FD138462749B0
S3150800B3C033F0C5FE002845D0CDE90044324696F84C
S3150800B3D0FE30286804A925F06CFE38E0404620496E
S3150800B3E0C8F80090FFF712FF23688146A8B1043316
S3150800B3F02360D0E90432511005EB6200D20748BF3A
S3150800B4006A58214648BFD35804AA9847F8B9012272
S3150800B410D9F8043022A9CA54C3E71846114933F0AB
S3150800B42096FEB8B12168324604312846216025F0D7
S3150800B43075FA60B9236804332360B2E7CDE9009949
S3150800B440324696F8FE30286804A925F028FE67B02B
S3150800B450BDE8F0830720FAE728A70408B2BB04086A
S3150800B460C4DE0408E6B704082DE9F043CDB08846E3
S3150800B4700D22002107460CAD04A83BF0DBFDFF2298
S3150800B480002128463BF0D6FD002608F10404D4F82E
S3150800B4900090B9F1000F12D140462A4933F057FE01
S3150800B4A000283BD0386895F8FE300EB10DF120091A
S3150800B4B02A46CDF8009004A925F0ECFD24E003A85F
S3150800B4C02149C0F80090FFF7A1FE38B10122A14634
S3150800B4D0436804A9CA5409F10404D8E720461B495D
S3150800B4E033F035FE48B104F104092A464946384680
S3150800B4F025F014FA0028EED006E02046144933F069
S3150800B50026FE064618B907204DB0BDE8F0836068E8
S3150800B51008A904F1040933F0EFFDEBE740460D49AD
S3150800B52033F015FE0028EED0386895F8FE300EB1D7
S3150800B5300DF120092A46CDF8009004A925F0B4FD9E
S3150800B540E2E700BF28A70408C4DE0408E6B7040833
S3150800B5509DA70408B2BB04087FB50A6805460C46D1
S3150800B5602AB9234904B0BDE87040FFF75BBE204600
S3150800B570204933F0ECFD68B100241F4E56F824200C
S3150800B58028461E49033425F0BCFC1B2CF6D10020A6
S3150800B59004B070BD23681A4903A80393FFF736FE63
S3150800B5A0014630B12846221D04B0BDE87040FFF7B9
S3150800B5B0FBBC236809220393124B0F4900930C2303
S3150800B5C00DEB030027F02CFC78B1D0E901325110BD
S3150800B5D005EB6200D20748BF6A5804F1040148BF68
S3150800B5E0D35804B0BDE8704018472320D0E700BF01
S3150800B5F0165F002097B10408BCDD04089EB1040854
S3150800B600C4DE040819080308024B186800B9FEE7E7
S3150800B610FEF7F2BCC0410020F8B50D460C49284695
S3150800B620164633F094FD044650B90A4F284657F893
S3150800B630041B33F08CFD28B1E4B200203470F8BD49
S3150800B6400024FAE70134062CF0D10720F7E700BFFB
S3150800B65040D4040880E0040873B515460C4606462F
S3150800B6602022002128683BF0E5FC23681BB92B60E3
S3150800B670002002B070BD21462A6830680DF1070324
S3150800B68025F086FC0028F4D19DF807303BB13046FA
S3150800B690294925F0DFFB3046296825F0FAFB606862
S3150800B6A00028E5D02968103133F0D2FC0028E0D113
S3150800B6B0A0680028DCD02968143133F074FD00280E
S3150800B6C0D7D1E0680028D3D02968183133F0AFFC09
S3150800B6D00028CED120690028CAD00DF1060133F022
S3150800B6E066FD0028C5D19DF806302A68C3F1020315
S3150800B6F053766369002BBBD030461B3204F1140124
S3150800B700FFF78AFF08B10720B3E7A369002BAFD07C
S3150800B71018342046094933F01AFD18B102222B685D
S3150800B7201A77A5E72046064933F011FD0028EAD026
S3150800B73001222B68F4E700BFEABC040810BD040820
S3150800B7404BB6040830B58DB004AB03930B680546B9
S3150800B7500C468BB103AA0431FFF77EFF50B9039B51
S3150800B760064A009321682B46286825F0F3FC002832
S3150800B77008BF24200DB030BD0720FBE75B0903088E
S3150800B78030B58DB004AB03930B6805460C468BB1F8
S3150800B79003AA0431FFF760FF50B9039B064A0093DA
S3150800B7A021682B46286825F0DAFC002808BF2420E3
S3150800B7B00DB030BD0720FBE75B09030830B58DB037
S3150800B7C004AB03930B6805460C468BB103AA0431F8
S3150800B7D0FFF742FF50B9039B064A009321682B46A0
S3150800B7E0286825F0CBFC002808BF24200DB030BD02
S3150800B7F00720FBE76709030870B58CB004AB039311
S3150800B8004B6805460C4616468BB103AA0831FFF766
S3150800B81023FF50B9039BCDE90053064B2868D4E9AA
S3150800B8200012B047002808BF24200CB070BD0720BE
S3150800B830FBE700BF73090308014AFFF7DDBF00BF36
S3150800B84093110308014AFFF7D7BF00BF9D110308EC
S3150800B85030B50C468FB0054606AB20680DF11201CF
S3150800B860059333F0F5FBB8B9A368BBB1284605AA1A
S3150800B87004F10C01FFF7F0FE70B9059BBDF8121034
S3150800B880CDE90153064B00932868D4E9012325F036
S3150800B89094FC002808BF24200FB030BD0720FBE722
S3150800B8A07F09030830B50B6804468BB0002B39D1E5
S3150800B8B0006825F043FC05462049204625F0CAFACB
S3150800B8C02946204625F0F7FA20466A691C4925F0DC
S3150800B8D018FB2A7E1B49204625F013FB687E431E6B
S3150800B8E05842584101F0CEFC17490246204625F039
S3150800B8F008FBEB7E2046052B96BF144A144A52F8DD
S3150800B9002320144925F0FDFAAA7E134B1349204635
S3150800B910012A08BF19460A46114925F0F2FA0020FD
S3150800B9200BB030BD02AB01AA0193FFF795FE0028C4
S3150800B930F6D10199206825F005FCF0E71DBD04083D
S3150800B94026BD04083EBD040850BD040880E004086E
S3150800B9503CE2040865BD040817BD040814BD0408C4
S3150800B96075BD04082DE9F0411646C6B004460D46D5
S3150800B970FF22304606A925F0F7FB28BB20461349C7
S3150800B98006AA25F067FA6DB92F460DF10408B9B273
S3150800B9904346304602AA25F0E9FB013748B120465E
S3150800B9A001F07CFC29462046FFF72EFE46B0BDE88E
S3150800B9B0F081204602A901F0A3FC2046D8F8002011
S3150800B9C0034925F047FAE2E70546EBE783BD040895
S3150800B9D09ABD04087FB5054614460E4613680293B9
S3150800B9E013890193D388009393881D4A25F09AFA00
S3150800B9F0E368314628461B4A25F094FA1A4A314626
S3150800BA00284625F06BFA284604F1120101F078FC65
S3150800BA102846626A154925F074FA31462846144ABA
S3150800BA2025F05CFA94F82E3063B92846A28DA16AEF
S3150800BA3025F04AFA2846226B0C4904B0BDE8704046
S3150800BA4025F05FBA28460B4925F004FA2846A16A6C
S3150800BA50A28D01F033FC2846074925F0FBF9E9E7F2
S3150800BA60A4BD0408CDBD0408D5BD0408C4BD04089A
S3150800BA70E2BD0408A3BE0408E7BD04082DE9F041A9
S3150800BA801646ADF55E7D0DF1780804460D46FF2293
S3150800BA904146304625F077FBA8BB424620461B495F
S3150800BAA025F02FFA3DB92F46402330460EAAB9B2E3
S3150800BAB025F06BFB38B129462046FFF7A5FD0DF5A5
S3150800BAC05E7DBDE8F081204611490EAA25F019FAD7
S3150800BAD0FF23ADF814305EAB0B934FF4007330467A
S3150800BAE001AA0EA9CDF81080ADF8303025F04FFB2D
S3150800BAF020B90421204601AAFFF76CFF204601F071
S3150800BB00CDFB0137D0E70546D5E700BFECBD0408F5
S3150800BB109EB104082DE9F04116464FF0FF08402271
S3150800BB20ADF5607D20AF04460D463B463046CDF860
S3150800BB3000800DEB020125F036FB20BB3B46204674
S3150800BB40124910AA25F0DDF9ADB960AB0D934FF493
S3150800BB500073304603A90697ADF81C80ADF8383057
S3150800BB6025F029FB38B92046294603AAFFF732FFF4
S3150800BB70204601F093FB29462046FFF745FD0DF5C3
S3150800BB80607DBDE8F0810546F5E700BF07BE0408FD
S3150800BB90034684B0074A022B0DF1100C07CA0CE9BC
S3150800BBA007009DBF624602EB830353F80C0C02485C
S3150800BBB004B0704798E004083CE204082DE9F04711
S3150800BBC01746EAB00DF1A80805460E46FF2241467B
S3150800BBD0384625F0F7FA00285CD14246284631490E
S3150800BBE025F08FF9002E56D1B146122200210DF10B
S3150800BBF016003BF01FFAFF23ADF814300AAB089382
S3150800BC00802304AC224638461FFA89F1CDF8108005
S3150800BC10ADF8243025F0D8FA17283CD0002839D1B9
S3150800BC2021491FFA89F2284625F06BF99DF8260066
S3150800BC30FFF7AEFFDDF81CA0BDF818300421CDE9EA
S3150800BC4001A01A4A28460093BDF8163025F06AF96D
S3150800BC50049B04212846164A25F064F9042128463F
S3150800BC60144A25F03BF9BDF824202846089901F026
S3150800BC7025FBBDF82420BDF818309A4203D0284683
S3150800BC800D4925F0E7F828460C4925F03AF909F157
S3150800BC900109AAE7064631462846FFF7B5FC6AB009
S3150800BCA0BDE8F0873DBE040858BE04085CBE04081B
S3150800BCB090BE040898BE0408A5BE0408EABD040898
S3150800BCC0F0B50B6805460C4685B07BB900261A4FB9
S3150800BCD057F8262028461949033625F012F9152E55
S3150800BCE0F6D123682BBB232005B0F0BD20461449A6
S3150800BCF033F02DFA0028E9D1236807220393114B64
S3150800BD000D4900930C230DEB030027F089F8002852
S3150800BD10E9D0D0E90132511005EB6200D20748BFDD
S3150800BD206A5804F1040148BFD35805B0BDE8F0408D
S3150800BD3018470020D8E700BF2CE004089EB1040885
S3150800BD4097B104085309030808B5024925F0D9F83C
S3150800BD50232008BD1ABF040808B5024925F0D1F802
S3150800BD60232008BD72BF0408F0B50B6805460C46CB
S3150800BD7085B07BB900261A4F57F826202846194958
S3150800BD80033625F0BEF80F2EF6D123682BBB2320E9
S3150800BD9005B0F0BD2046144933F0D9F90028E9D199
S3150800BDA0236805220393114B0D4900930C230DEBD1
S3150800BDB0030027F035F80028E9D0D0E90132511000
S3150800BDC005EB6200D20748BF6A5804F1040148BF70
S3150800BDD0D35805B0BDE8F04018470020D8E700BFA3
S3150800BDE0D8E004089EB1040897B104088B09030833
S3150800BDF0F0B50C46054689B02046214933F0A7F927
S3150800BE00B8B100260434206804A933F075F970B96E
S3150800BE10271D38461B4933F09AF960B104F1080228
S3150800BE20284603A924F0DBFD0246B0B1072009B075
S3150800BE30F0BD0126E7E73846134933F088F90028AC
S3150800BE40F4D0A0680DF10F0133F0F1F80028EED117
S3150800BE5003462C689DF80F2001E02C6803AB0B49BC
S3150800BE6020460091019504A925F031FB0028DED172
S3150800BE70002EDCD02B7A242043F001032B72D6E760
S3150800BE804BAE0408C8BF0408CFBF04083D0A030820
S3150800BE902DE9F0430D4606468DB02846594933F03C
S3150800BEA056F900283ED000270435286808A933F03B
S3150800BEB023F90446002831D105F104098DF8140048
S3150800BEC05149484633F043F98046002867D0A868A8
S3150800BED007A98DF8184033F0AAF80446F0B9E968BE
S3150800BEE049B34A1E12F8013FF3B9002C49D030680D
S3150800BEF09DF81C20002C50D106AB44490296CDE98A
S3150800BF0000319DF8143008A925F0EFFA044628B93F
S3150800BF1027B1337A43F002032424337220460DB046
S3150800BF20BDE8F0830127C0E7642B16D005D8582B47
S3150800BF301DD0612B16D00724F0E76C2B06D0722B88
S3150800BF40F9D19DF8143043F0040303E09DF814304A
S3150800BF5043F001038DF81430C4E79DF8143043F01C
S3150800BF600203F7E79DF8143043F00803F2E78A4224
S3150800BF70E1D15378002BDED12B69002BDBD1444667
S3150800BF80B0E7304605F1100206A924F028FD00287E
S3150800BF90D1D16B69002BCED1A9E70023ADE748467E
S3150800BFA01B4933F0D4F80028C5D005F108084046E7
S3150800BFB0184933F0CCF818BB4046174933F0C7F890
S3150800BFC00028B8D0304605F10C0207A924F007FD71
S3150800BFD00028B0D10B460124104A0396CDE9016228
S3150800BFE00F4A08A900923068224625F092FA0446BC
S3150800BFF0002893D1002F91D0337A43F004038BE7BE
S3150800C0002346E9E74BAE0408CFBF0408730A0308C2
S3150800C010D7BF04081DB20408E4BF0408290A0308A8
S3150800C020A10A03080B7870B5DE0705460C4603D54A
S3150800C0304A68114924F065FF2378990705D52846EB
S3150800C0400E4B227A0E4924F05CFF23785A0705D551
S3150800C05028460A4B627A0B4924F053FF23781B07BC
S3150800C06008D5284694F90A20044B0749BDE87040CC
S3150800C07024F047BF70BD00BFEDBF0408B8E0040850
S3150800C08013C0040821C0040837C0040870B5044664
S3150800C09016461D460A46084924F0DCFE08223146A3
S3150800C0A0204624F0E4FE2DB129462046BDE870401E
S3150800C0B0FFF7B8BF70BD00BF4CC00408042903D8F9
S3150800C0C0044B53F821007047034B0448FE2918BF58
S3150800C0D018467047A4E00408AAC00408B8C00408B3
S3150800C0E070B504460E461546084924F0B3FE314697
S3150800C0F0204624F0CEFE29462046FFF7DFFF0449F6
S3150800C10002462046BDE8704024F0FBBEC4C00408C1
S3150800C110F5C00408024B186800B9FEE7FDF76CBFC6
S3150800C120C0410020F8B504460F46154611491E467B
S3150800C13024F090FE3946204624F0ABFE7DB1294610
S3150800C1402046FFF76FFF237ADA0712D523F001039B
S3150800C150204623720021BDE8F840FFF7DBBF3146D1
S3150800C1602046FFF7ABFF04490246204624F0C9FEE5
S3150800C170E9E7F8BD00C1040824C104080B6810B536
S3150800C180044608464BB9206825F01CFA08490246B9
S3150800C190204624F0B6FE002010BD064932F0D7FF2F
S3150800C1A018B1206825F013FAF5E70720F4E700BF71
S3150800C1B066BB04083EB5040838B50C6805464CB994
S3150800C1C0006825F0FAF904490246284624F099FE43
S3150800C1D0204638BD0720FCE766BB040830B50C4688
S3150800C1E0054687B02046114932F0B1FFD8B102A9F9
S3150800C1F0201D24F0ADFE172807D100230822694622
S3150800C20060688DF8103032F081FF30B99DF8103033
S3150800C210286823B102A925F0FFF907B030BD6946A1
S3150800C22025F0F5F9F9E70720F7E700BFBDC10408CF
S3150800C23030B50C4687B0054601F074F8204601A9CA
S3150800C24024F03BFC9DF8043023B12846084901AA8E
S3150800C25024F000FE607C40F3010040B201F078F95A
S3150800C260A38A02460349284624F04BFE07B030BD90
S3150800C2709DB10408C3C1040830B50C4687B005460D
S3150800C28001F050F8204601A924F050FC9DF804302E
S3150800C29023B12846084901AA24F0DCFD207D40F395
S3150800C2A0010040B201F054F9638A02460349284660
S3150800C2B024F027FE07B030BD9DB10408C3C10408A9
S3150800C2C070B50C4605464A68124924F0C3FD227A21
S3150800C2D0284604F1090100F0F1FF28460E4924F02A
S3150800C2E0B9FD284694F8072104F5847100F0E6FFA5
S3150800C2F094F80631DB0703D52846084924F0AAFD39
S3150800C30028462378B4F800220549BDE8704024F091
S3150800C310F8BD00BF9FBD04086ECD0408CCC1040853
S3150800C320CFC1040870B54B7886B013F0020F18BF5A
S3150800C330732201AE16BF8DF8042032460DF10502B0
S3150800C340DB0744BF632302F8013BB24204BF2D2337
S3150800C3508DF804304FF0000305460C4608BF0DF172
S3150800C36005021370023100F0DDFF334628462278B5
S3150800C370024924F0C6FD06B070BD00BF1AC0040805
S3150800C38000232DE9F0430F46ADF51B7D5D490446B4
S3150800C390154600936E4624F0B4FD4FF6FF790DF16D
S3150800C3A018083B4642463146204624F0D4FB00286E
S3150800C3B06DD02046544924F0A4FD00234FF6FF799A
S3150800C3C033600DF130083B4642463146204624F09C
S3150800C3D0C8FB002866D020464C4924F092FD00236D
S3150800C3E04FF6FF7933600DF164083B464246314605
S3150800C3F0204624F0BCFB00285FD0002F43D14FF61F
S3150800C400FF739D423FD12046414924F07AFD3760AB
S3150800C4103146206801AA25F0F0F8002858D012AD58
S3150800C4202946206825F0EEF820463A4924F069FDA9
S3150800C4302B7E9E0751D520466A88374924F00AFD87
S3150800C4402B7ED8074ED520462A88344924F002FD8B
S3150800C4502B7E19074BD52046EA8A2F4924F0FAFC89
S3150800C4602B7E5A0748D520462A790DF14D0100F052
S3150800C47025FF2B7EDB0603D52046294924F0EAFC56
S3150800C480204600F00BFF0DF51B7DBDE8F0834D45FA
S3150800C49003D0B8F81430AB4283D141462046FFF7A3
S3150800C4A0C7FE7EE74D4503D0B8F81230AB428AD1B5
S3150800C4B041462046FFF7E0FE85E74D4503D0B8F82C
S3150800C4C00032AB4291D141462046FFF7F9FE8CE790
S3150800C4D0204601A9FFF726FF9AE72046114924F0CE
S3150800C4E0B9FCADE720460F4924F0B4FCB0E7204676
S3150800C4F00C4924F0AFFCB3E720460B4924F0AAFC0C
S3150800C500B7E700BFD8C10408E2C10408EAC10408B5
S3150800C510F4C10408FEC1040870B004080DC204087A
S3150800C52013C2040897BD0408ADD004082DE9F347E3
S3150800C53000254FF6FF7306460C46A8462F46ADF86B
S3150800C54006305FFA85F954F8293004EB890A8BB965
S3150800C550BDF8062017B9B8F1000F24D04FF6FF73BF
S3150800C5609A4226D1B8F1000F1DD03946304624F03C
S3150800C57004FB10E05046104932F0E9FD70B9504608
S3150800C5800E4932F0E4FD60B954F829000DF10601B0
S3150800C59032F05EFD18B102B0BDE8F08707460135F6
S3150800C5A0CFE78046FBE730463946FFF7E9FE00202D
S3150800C5B0F1E70720EFE700BFE0AE0408E6B7040896
S3150800C5C0F0B50B6805460C4685B07BB900261A4FB0
S3150800C5D057F8262028461949033624F092FC0C2ED3
S3150800C5E0F6D123682BBB232005B0F0BD204614499D
S3150800C5F032F0ADFD0028E9D1236804220393114BDC
S3150800C6000D4900930C230DEB030026F009FC0028C6
S3150800C610E9D0D0E90132511005EB6200D20748BFD4
S3150800C6206A5804F1040148BFD35805B0BDE8F04084
S3150800C63018470020D8E700BF14E104089EB1040893
S3150800C64097B10408AD0A030870B50E46044692B0C1
S3150800C65030464D4932F07BFD20B1206825F01DF8A3
S3150800C66000201BE03046494932F071FD054600B10D
S3150800C670043600213C2203A83AF0DCFC3046444943
S3150800C68032F065FD68B1706803A932F035FD28B946
S3150800C690206803A924F0D8FD10B9072012B070BD90
S3150800C6A0083630463B4932F052FD18B101230436AC
S3150800C6B08DF84430314620680DF1070307AA24F0A7
S3150800C6C067FC0028EAD19DF807303BB1204632497D
S3150800C6D024F0C0FB204607A924F0DBFB706800287D
S3150800C6E02ED1B068002831D1F368002B35D13069D6
S3150800C6F000283BD173696BB1204602AA06F11401E2
S3150800C70024F05DFA0028C8D1029BB3F5803FC4D255
S3150800C710ADF84030B369002BBFD1204B20680B938E
S3150800C7201F4B03A9CDE90C3424F0B3FF0028B5D17B
S3150800C730237A65F300032372002D91D12420ADE7F7
S3150800C7400EA932F085FC0028CBD0A7E70DF13A01F7
S3150800C75032F07EFC0028C7D0A0E720460FAA06F1D3
S3150800C7600C0124F02CFA0028C1D096E70DF14201FD
S3150800C77032F05DFC002891D19DF84230B3FA83F37C
S3150800C7805B098DF84330B5E75CAE04084BAE040888
S3150800C7902DC2040830C2040833C20408150C030865
S3150800C7A01F0C030837B50C4605464A8A094908325C
S3150800C7B092B224F04FFB2146284600F0A1FD238AB9
S3150800C7C028460093A37DA28A034924F09AFB03B066
S3150800C7D030BD00BF56C2040865C20408024B18687B
S3150800C7E000B9FEE7FDF708BCC041002073B50C464A
S3150800C7F00A884B881F49054624F02CFB22889AB1E3
S3150800C800237B8BB963889A420ED34FF47A71D31A75
S3150800C8104B430A2193FBF2F3B3FBF1F2284601FBE3
S3150800C8201233154924F016FB6288A2B14FF47A76C2
S3150800C83060680023A0FB06011AF078FBB0FBF6F34C
S3150800C84006FB1300628900900192284622890B494B
S3150800C8509BB224F0FFFA284600F020FD297A11F051
S3150800C860010105D1284602B0BDE87040FFF7B6BF02
S3150800C87002B070BD85C20408B2C20408CBC204085F
S3150800C88070B50D460446006824F020FF2B6806465E
S3150800C8902BB90146204624F00EFB002070BD6B68BC
S3150800C8A0A3B928460B4932F052FC20B1314620463E
S3150800C8B024F0EFFAF1E72846074932F048FC38B188
S3150800C8C02046328A054924F01CFBE6E70720E5E7FF
S3150800C8D02320E3E79DA7040857B6040866BB0408A7
S3150800C8E010B5002304460846C4E9001223722246FE
S3150800C8F0024924F0EFFE204610BD00BF110D0308C3
S3150800C9002DE9F74F804600680F4624F05FFF06467C
S3150800C910002800F0B38000F110094946F86832F0A3
S3150800C92097FB044678B901A9304624F06FFFD7F87B
S3150800C93004A0054650463AF0D5FBBDF80430421C23
S3150800C9409A4206D907243146D8F8000024F042FF57
S3150800C9507BE0514628463AF0B8FB01A9304624F058
S3150800C96051FFD7F808A0054650463AF0BBFBBDF87C
S3150800C9700430421C9A42E5D8514628463AF0A5FBAF
S3150800C98028462C213AF05EFB0546D0B130460DF11B
S3150800C990060124F043FFA346A0F1040ABDF80630B9
S3150800C9A00134A4B2A34201D80324CCE7284600F8F0
S3150800C9B001BB2C214AF8040F3AF044FB054600282F
S3150800C9C0ECD14946F86832F043FB04460028BAD150
S3150800C9D0386930B9786960B9BB6993B90023B3750A
S3150800C9E026E006F1120132F033FB04460028F1D0A6
S3150800C9F0A9E706F1140132F02BFB04460028EBD018
S3150800CA00A1E71F4907F1180032F0A1FB0028E5D17C
S3150800CA1001A9304624F0FEFE3146BDF80430024630
S3150800CA2021F8303FB86932F07FFB044600288AD1E6
S3150800CA30F86970B9386AA0B93146D8F8000024F008
S3150800CA4098FE044600287FF47EAF204603B0BDE872
S3150800CA50F08F06F1200132F0A6FB04460028E9D043
S3150800CA6071E706F1240132F09EFB044600287FF4A4
S3150800CA706AAF7B6A002B7FF465AFDDE70324E4E742
S3150800CA80ADD00408F8B515461A4A044624F026FA25
S3150800CA902A689AB12046184924F0DCF9A87A24F0C5
S3150800CAA086FE16490246204624F0D4F96E7A56B117
S3150800CAB013492046BDE8F84024F023BA2046114918
S3150800CAC024F0C8F9EAE720460F4924F0C3F92B7A7F
S3150800CAD0F7B2BB4201D80D49EBE71FB120460C4916
S3150800CAE024F0B8F96968204601EB071100F008FC44
S3150800CAF00136ECE7F7C2040822C7040804C3040891
S3150800CB0017C30408FDC20408A3BE0408EABD040846
S3150800CB10C8A304082DE9F0430E6805460C468BB0F9
S3150800CB205EB9006824F012FE314602462846FFF731
S3150800CB30A9FF00200BB0BDE8F0832046704932F00B
S3150800CB4006FB68B3636863B9286824F0FFFD6D4B7C
S3150800CB500268002A08BF1A4628466B4924F0D1F90C
S3150800CB60E7E7A3681BBB02A9286824F025FE06464A
S3150800CB70201D32F0E5FABDF808300746834216D97B
S3150800CB806168286824F0E6FD0028D3D1616830463C
S3150800CB907A1C3AF09AFA3146286824F0DBFDC8E791
S3150800CBA020465A4932F0D3FA58B163680BB10720C8
S3150800CBB0C0E7286824F0CAFD807A24F0F8FD02460A
S3150800CBC0CAE72046524932F0C2FA064600285CD027
S3150800CBD06368B3B9286824F0B9FD447A06465CB19F
S3150800CBE028464C4924F08DF9A3E77168284601EBDD
S3150800CBF0031124F04EF90134327AE3B29A42F4D89A
S3150800CC0097E74449201D32F0A2FA0346286823B163
S3150800CC100BB0BDE8F04324F0A2BD0DF1070124F0E6
S3150800CC20D0FD9DF807300746022B88BF02234FF038
S3150800CC30000888BF8DF807300DF1080954F8040F6D
S3150800CC405FFA88F690B93246286802A924F08CFD66
S3150800CC5000287FF46FAF320102A938463AF035FA58
S3150800CC6032463946286824F07FFD62E79DF807308A
S3150800CC70B34208D909EB061132F03EFA08F1010869
S3150800CC800028DBD056E7032054E72046224932F035
S3150800CC905EFA10B360688DF807608DF8086038B9D9
S3150800CCA09DF808209DF80710286824F076FD41E7CE
S3150800CCB00DF1070132F07BFA00287FF43BAFA0683C
S3150800CCC00028EDD002A932F072FA00287FF432AFBC
S3150800CCD0E368002B7FF46BAFE2E720460F4932F09A
S3150800CCE036FA50B16368002B7FF461AF286824F0E8
S3150800CCF059FD286824F076FD1BE723201AE700BFB4
S3150800CD00A1CF0408FDC204089EB10408F4B70408BC
S3150800CD109DA7040817C304089AB404081DB204089A
S3150800CD2073B514461368054600935368104A24F0F1
S3150800CD30D5F8A368D3B9E07D24F039FDA38A024665
S3150800CD400193638A28460093238A0A4924F0D9F86E
S3150800CD5002B070BD2846084924F07CF8A368B2B230
S3150800CD6053F822200136002AF4D1E4E70026F5E735
S3150800CD701CC3040834C3040861C304082DE9F04140
S3150800CD800C6807460D4654B9006824F001FD214693
S3150800CD900246384623F0AFFF2046BDE8F081284614
S3150800CDA0234932F0D4F928B129463846BDE8F0417E
S3150800CDB0FFF7A6BD28461F4932F0C9F9044618B13F
S3150800CDC0AB684BB90724E7E728461B4932F0BFF999
S3150800CDD00028F5D12324DFE7EB68002BF2D1386869
S3150800CDE024F0D6FC064605F1040808350EB91724C2
S3150800CDF0D2E74046716832F0AAF908B9F669F5E74C
S3150800CE002846316832F0A3F90028F7D0386854B9B3
S3150800CE10314624F0B8FC04460028BDD131463868AE
S3150800CE2024F0D8FCB8E73146BDE8F04124F0A6BCAA
S3150800CE30D8AE04089AB404081DB20408F8B5044626
S3150800CE401E46237A08461746069D13B324F0BEF9F4
S3150800CE5014490246204624F054F82046124924F084
S3150800CE6050F83A4604212046FFF70CFE20460F49A3
S3150800CE7024F047F832460421204623F03CFF4DB102
S3150800CE8020460B4924F03DF82A460421204623F083
S3150800CE9032FF05B9F8BDEE692946206824F09AFCE8
S3150800CEA03546F6E765C3040884C304088FC3040837
S3150800CEB09DC30408F0B50B6805460C4685B07BB9DA
S3150800CEC000261A4F57F8262028461949033624F013
S3150800CED018F8212EF6D123682BBB232005B0F0BD08
S3150800CEE02046144932F033F90028E9D123680B2289
S3150800CEF00393114B0D4900930C230DEB030025F00A
S3150800CF008FFF0028E9D0D0E90132511005EB620005
S3150800CF10D20748BF6A5804F1040148BFD35805B080
S3150800CF20BDE8F04018470020D8E700BF44E10408F0
S3150800CF309EB1040897B10408BF0C030808B5024A55
S3150800CF40024B23F0F2FB08BD1D1703082717030839
S3150800CF5008B5024A024B23F0E8FB08BD431703084D
S3150800CF60D1D5000808B5024A024B23F0DEFB08BDFE
S3150800CF70091703081317030870B500F10C050446D2
S3150800CF802946006824F0FAFD38B923462946206860
S3150800CF90034ABDE8704024F0E5BD182070BD00BF07
S3150800CFA0FB0D030870B50C46054686B020461749A2
S3150800CFB032F0CDF8B0B100260434206801A932F069
S3150800CFC09BF868B9606805A932F042F840B9A368C9
S3150800CFD0D3B93346286801AA05F10C0124F0E3FD0C
S3150800CFE006B070BD20460A4932F0B1F810B10326E2
S3150800CFF00434E2E72046074932F0A9F810B10126C1
S3150800D0000434DAE70226D8E70720E9E7DBC3040891
S3150800D010DEC30408E1C3040830B587B004460DF141
S3150800D0200303006801AA0D4623F0B2FFB8B99DF8BC
S3150800D03003303BB120460C4923F00CFF204601A9DA
S3150800D04023F027FF686805A932F002F838B9AB68FB
S3150800D0503BB9206801AA04F10C0124F0ABFD07B026
S3150800D06030BD0720FBE700BFE4C3040801232DE910
S3150800D070F0418CB000F10C078DF80530037A0546AF
S3150800D0808846006839468DF8043024F077FD002874
S3150800D09072D02622002102A839F0CCFFD8F8083031
S3150800D0A0F3B1414628680DF1060306AA23F070FF7E
S3150800D0B00446002837D19DF806303BB1284630494A
S3150800D0C023F0C8FE284606A923F0E3FED8F8040094
S3150800D0D00DF12A0131F0BCFF044620BB08F108080F
S3150800D0E0286801A900F084FA0646002846D040467A
S3150800D0F0244932F02CF8D0B1D8F804000DF1060115
S3150800D10031F0A6FF0446D8B93046BDF8061023F01C
S3150800D11030FE0446A0B932463946286802AB24F0E8
S3150800D1204EFD044660B920460CB0BDE8F081404685
S3150800D130154932F00CF858B1D8F8041021B907246B
S3150800D140304624F00BFAEEE7304623F037FEE0E7E8
S3150800D15040460E4931F0FBFF08B108F10408D8F83B
S3150800D1600040002CEBD0404631F0EAFF214602464B
S3150800D170304624F0F9F9CCE70D24D4E70324D2E7A6
S3150800D1800DC4040833C40408E6B7040836C4040802
S3150800D190F0B50B6805460C4685B07BB900261A4FD4
S3150800D1A057F8262028461949033623F0AAFE122ED8
S3150800D1B0F6D123682BBB232005B0F0BD20461449C1
S3150800D1C031F0C5FF0028E9D1236806220393114BE5
S3150800D1D00D4900930C230DEB030025F021FE0028D2
S3150800D1E0E9D0D0E90132511005EB6200D20748BFF9
S3150800D1F06A5804F1040148BFD35805B0BDE8F040A9
S3150800D20018470020D8E700BFC8E104089EB1040803
S3150800D21097B10408510D0308F0B50446ADF2E45D74
S3150800D22008460D46164624F09BF90746284624F07C
S3150800D23099F911493A1A204623F00CFE204606F1C0
S3150800D240100100F05DF8728C20460C4923F002FEAE
S3150800D250284624F087F901AA014640F2DB532846FE
S3150800D26024F084F9002301AA13540549204623F023
S3150800D27048FE0DF2E45DF0BD39C4040848C404084C
S3150800D2809EB10408034B044A002818BF1A461046E4
S3150800D290704700BF72C4040876C40408014923F025
S3150800D2A0D9BD00BFBBD204080A46024B024923F087
S3150800D2B0D1BD00BFA2CA040896C4040870B50646C4
S3150800D2C00C468D18AC4200D170BD304614F8012BBF
S3150800D2D0014923F0BFFDF5E7DBAF040810B586B0BA
S3150800D2E01946044610466A4623F08CFD0349024651
S3150800D2F0204623F0AFFD06B010BD00BF9EB104085E
S3150800D30010B504468AB008462822694623F0DCFF91
S3150800D3106A462046024923F09DFD0AB010BD00BFAB
S3150800D3209EB1040810B504468CB008462D226946FD
S3150800D33023F0CEFF6A462046024923F08BFD0CB047
S3150800D34010BD00BF9EB1040813B5CC884B8864BADB
S3150800D350A4B20A88019489885BBA49BA89B252BAD2
S3150800D36000919BB2024992B223F074FD02B010BD3F
S3150800D37079C4040810B504468CB0084630226946BC
S3150800D38023F0A4FF6A462046024923F063FD0CB049
S3150800D39010BD00BF9EB10408F0B50D4697B004460F
S3150800D3A017461946BDF8702003A823F0C3FE1DB919
S3150800D3B02046234923F04EFD0126694603A823F09B
S3150800D3C0BBFE30B11DB920461E4923F043FD17B0F8
S3150800D3D0F0BDCDB139462046FFF766FF009AD2B9AF
S3150800D3E02046174923F036FD20460199BDF8082046
S3150800D3F0FFF764FF2046134923F02CFDEDB12046C4
S3150800D400FFF74CFF0026D8E7002EE7D120460E4945
S3150800D41023F020FDE2E720460C4923F01BFD019B83
S3150800D420002BEBD020460A4923F014FD2046BDF810
S3150800D43008200199FFF742FFE0E72E46BDE700BF47
S3150800D440A3BE0408EABD0408C8A304089EB10408DC
S3150800D4508AC40408034B044A002918BF1A46114611
S3150800D46023F04FBD8CC40408EAB80408F8B505468D
S3150800D47014468F18BC422846094903D1BDE8F8402E
S3150800D48023F03FBD23F0E6FC14F8016B002EF1D023
S3150800D49028460449013E23F0DDFCF6B2F6E700BF54
S3150800D4A0ABCF0408ADD004082DE9F74F04460E4665
S3150800D4B01F46154603F1FF3A02EB810B5D450BD17A
S3150800D4C02046134923F01DFD3A463146204603B04F
S3150800D4D0BDE8F04FFFF7CABF55F8049B1AF8018F4D
S3150800D4E0484639F0FFFD0230404507D84B462046EE
S3150800D4F00849C8F1010223F0ADFCDFE743462046A0
S3150800D5000549CDF800905A4223F0A4FCD6E700BF9F
S3150800D51052B1040894C404089AC4040870B50C46A9
S3150800D5200949064631F013FE054618B10123237052
S3150800D530002070BD3046054931F009FE08B1257056
S3150800D540F6E72320F5E700BFA1C40408A8C4040829
S3150800D550013002289ABF024B53F820000148704751
S3150800D56010E20408A2CA040803289ABF024B53F81B
S3150800D57020000248704700BF2CE204083CE2040879
S3150800D58003289ABF024B53F820000248704700BF91
S3150800D5901CE204083CE204080048704744E2040818
S3150800D5A00148FAF761BA00BF701500200FB407B535
S3150800D5B004AB53F8042B01210448019325F08AFD96
S3150800D5C003B05DF804EB04B0704700BF88E20408B6
S3150800D5D010B5044600F5CE50044A1C3004F09EFEF1
S3150800D5E004F58054C4F8FC0910BD00BF007512008C
S3150800D5F0084610B500F0F6FABDE810400346382292
S3150800D6000021014825F02CBEC81500204FF6FE73F0
S3150800D6100A460188994203D0012102480BF04EBA06
S3150800D620172070476C3900207FB5054601AE314694
S3150800D63022480BF07DFABDF804202C884FF6FE73BD
S3150800D640A24220D09A4235D09C420CBF0124032422
S3150800D650029B1B4AB3F5967F38BF4FF496739342E5
S3150800D66094BF0293029296E8070085E807002A46C7
S3150800D670214614482FF09AFF2A462146124806F0FA
S3150800D680A3FA04B070BD9A4216D09DF80C202B7AE6
S3150800D6909A420BD1BDF806206B889A4208D16C686D
S3150800D6A0029B9C4214BF04240524D1E70324CFE738
S3150800D6B00424CDE70224D6E70024D4E76C390020F9
S3150800D6C09BC420005C3A0020643A0020002370B511
S3150800D6D0054688B00193164802AA01A930F094FAC3
S3150800D6E070B12B7F53B105F10C001122002139F0DE
S3150800D6F0A1FC012529460F4806F08EF908B070BD31
S3150800D7009DF81A305B07E6D505F10C04214602A8F8
S3150800D7102BF0E9FF50B92D7F02AE003D18BF012559
S3150800D7200FCE0FC433686D002370E3E70325E1E7E6
S3150800D73064380020643A002038220021014800F0AD
S3150800D74081BA00BFC815002007B50322012101A828
S3150800D75025F021FD3822002101AB034825F080FD84
S3150800D76003B05DF804FB00BFC8150020036830B598
S3150800D7702BB90B78012B0CBF0020072030BD44794C
S3150800D7804CB30579AC4226D8B3F57A7F23D3827990
S3150800D790142A20D8012101329140013901FB03F2F4
S3150800D7A0B2FBF3F0814216D1AAB102FB05F1B1FB37
S3150800D7B0F2F295420FD18C420DD8084A93420AD804
S3150800D7C0B1FBF4F103F5433303F5A073CB4234BF41
S3150800D7D000200720D2E70720D0E700BFBFF2FCFFF2
S3150800D7E010B5044624F068FD2346034A204643F84C
S3150800D7F0082FC4E9043410BDA925030870B50446EA
S3150800D8000060043015460E4624F056FD23460D4AA0
S3150800D810314643F80C2FC4E9053404F11C00FFF720
S3150800D820DFFF00236565C4E90D33C4E90F33C4E996
S3150800D8301133C4E9133300F027FBA4F85800204637
S3150800D84070BD00BF7724030838B504460D46064A5E
S3150800D850FFF7D4FF23462946044A04F15C002DF05D
S3150800D86040F8204638BD00BFA5220308DB27030879
S3150800D870F0B51E46002399B0CDE9061205460121EA
S3150800D88002A81E9F089324F0F0F9044688BB36B117
S3150800D890304602A9FFF76AFF10B1072429E01E4E99
S3150800D8A09DF80830012B2BD9022B08D1304624F0DD
S3150800D8B040FC02A9024605F11C0024F078FE9DF8FA
S3150800D8C008302BB1012B0DD1384624F0B2FA48B1F5
S3150800D8D008AB009332463B46284602A924F092FC40
S3150800D8E0044630B9DDE90612284624F062FA0446F1
S3150800D8F018B1284608A924F008FB204619B0F0BD3F
S3150800D900B5F8581006984B1CA5F85830ADF80A100B
S3150800D91024F0DAFFD3E700BF94E2040817289ABF79
S3150800D920014B185CA02070479CE204084FF6FF7371
S3150800D930C28813B59A42044602D1002002B010BD2F
S3150800D94001210DF1030225F0EDF810B1194B6360C2
S3150800D950F3E79DF80330FF2B01D1174BF7E71B09B7
S3150800D960204601A9ADF8043025F0E9F8E8B99DF894
S3150800D9700330204603F00F030DF10601ADF806301B
S3150800D98025F0DDF888B9216823894989BDF806207C
S3150800D990C91A8A4208DC1344BDF804102381A388F7
S3150800D9A0E2800B44A380C8E706204FF6FF73E380A6
S3150800D9B0C4E700BF0000FFFF0100FFFF25289ABF4C
S3150800D9C0024B53F820000248704700BFB4E204082F
S3150800D9D0F3C40408F0B50D460646ABB0144604A9D0
S3150800D9E0962202A81F4626F098F8194B19495A5D3F
S3150800D9F002A826F0BAF80E21304626F007F8164B8C
S3150800DA000E22034400931549334602A826F0ADF8C2
S3150800DA101CB1134902A826F0A8F83946309A02A87C
S3150800DA2026F082F83CB12046FFF7C8FF0D490246AA
S3150800DA3002A826F09AF80C4A0C4902A826F095F88E
S3150800DA4010212846094A04AB39F080F92BB0F0BDFD
S3150800DA504CE3040891C6040852E3040897C6040870
S3150800DA60A0C60408ABC60408A2CA04089EB10408E6
S3150800DA702DE9F341054600F10C014922684626F0D6
S3150800DA804CF84FF6FE73B5F856409C4255D04FF603
S3150800DA90FF739C4200F08F804CB34FF6FD739C4297
S3150800DAA053D04FF6EF76B4428CBF0126112627468F
S3150800DAB06846424926F059F8631E04F110081E44C8
S3150800DAC01FFA88F8B6B2B74243D168463C4926F0F1
S3150800DAD04CF8B44256D168463A4926F046F8AB881F
S3150800DAE0A5F85680434524D84FF6FE731FE03E211D
S3150800DAF0A86825F08BFF00F10A04A4B2C4F1480413
S3150800DB0004EBD4723D2156106846C2F34F0200F06A
S3150800DB1067FAAB88AA682C49684626F026F8A21B3D
S3150800DB203D21684692B200F05BFA4FF6FD73A5F800
S3150800DB305630002002B0BDE8F08148222D21684603
S3150800DB4000F04EFA4FF6FF73F1E70024A5F85640A9
S3150800DB50A7E7AB88BB4210D92B686846DA5D1B4934
S3150800DB6026F003F807F00703072B03D16846154983
S3150800DB7025F0FBFF0137BFB2A5E76846144925F033
S3150800DB80F4FFEFE7AB88A34211D92B681F5D7E2F00
S3150800DB900FD8384619F0C2FB002808BF2E273A4688
S3150800DBA068460C49013425F0E0FFA4B291E7202726
S3150800DBB0F5E72E27F3E71720BCE700BF52B10408A4
S3150800DBC06ECD040851B10408B1C60408BFC60408DE
S3150800DBD0C5C6040859AE0408002201482EF0F3BD54
S3150800DBE038350020024B002808BF1846704700BF8A
S3150800DBF061E30408F8B506460F4605465024BC42BC
S3150800DC00296806D300240B482C6025F083FA2046A1
S3150800DC10F8BD41B971790748C1F3410125F090FA79
S3150800DC200146286018B17C340D46A4B2E7E7032004
S3150800DC30EEE700BFC81500200022014B25F010BBF7
S3150800DC4061E30408014B25F00BBB00BF61E3040840
S3150800DC5010B50446022125F03EFB2146BDE81040DA
S3150800DC60014825F067BA00BFC8150020F8B5044674
S3150800DC700E46154600F13007E3899D4215D85B1B11
S3150800DC806289E381A3892A442B4492B29BB29342C8
S3150800DC9028BF13466281A3812EB12B463246002146
S3150800DCA0204625F028FC0020F8BD61790C48C1F310
S3150800DCB0410125F045FA80B123680360E3892060B5
S3150800DCC04F2B06D83030C3F15002F918184439F0F2
S3150800DCD0FCF9E3897C33E381CEE70320E4E700BF60
S3150800DCE0C8150020F7B503790F464179C3F34003F9
S3150800DCF00546C1F341008DF804308DF8050001ABE7
S3150800DD001F48490925F0ACFA0446002836D06E8922
S3150800DD100022BE4228BF3E462946334625F026FC49
S3150800DD2048BBAA896389B24228BF32469A4228BFAD
S3150800DD301A46A281AA79A37962F30303A3712B7900
S3150800DD402279DB0963F3C71222716B796279C3F30F
S3150800DD50C10363F3C4026271AB69A3612B8A238290
S3150800DD606B8A63822B7A2372AB8DA385EB8DE38551
S3150800DD70204603B0F0BD2046FFF76AFF0024F7E708
S3150800DD80C815002000220449C0E90022C0E9021291
S3150800DD90C0E904220276704729DE000870B50568D6
S3150800DDA0064645B300230446294644F8103B164860
S3150800DDB009F0CAFE2946154823F02EFF29461448BD
S3150800DDC006F014F9294613482CF09CFF29461248F8
S3150800DDD00AF052FB2946114805F0BAFE29461048B2
S3150800DDE02CF00CFA29460F482CF007FD367E04EB7A
S3150800DDF0C606A64200D170BD236813B128466168DD
S3150800DE0098470834F5E700BFC83500203C3A00209B
S3150800DE10003B0020D83B00205C3A0020643A0020F2
S3150800DE20142E00204C2F00200148FFF7B7BF00BF73
S3150800DE3098150020024B00F003001856704700BFE3
S3150800DE4063E3040837B54FF6FF720D4D04462B8879
S3150800DE50934200D1FEE763B921F0A0FD04210DEB42
S3150800DE60010021F09CFD00B1FEE70199054825F067
S3150800DE7074FD20462B8801332B8003B030BD00BFCC
S3150800DE8048570020C4410020034B1B8803B9FEE70E
S3150800DE90024825F06CBD00BF48570020C441002049
S3150800DEA0032202490248FAF773B800BF68E3040878
S3150800DEB0701500200148FAF76DB900BF70150020EB
S3150800DEC0002914BF0221012108B5054892F8FE3041
S3150800DED0FAF716F90C2800D1FEE700B1FEE708BDEF
S3150800DEE0701500201FB5FE230029ADF80E300DF180
S3150800DEF00E0314BF02210121009314461346084855
S3150800DF000022FAF771F80C2800D1FEE730B9BDF8FF
S3150800DF100E30FE2B8CBF172084F8FE3004B010BDDF
S3150800DF2070150020002914BF022101214FF0FF328D
S3150800DF3008B50348FAF702F90C2800D1FEE708BD30
S3150800DF40701500201FB5ADF80E300DF10E030093C5
S3150800DF50054813460022FAF747F80C2800D1FEE7D1
S3150800DF6005B05DF804FB00BF70150020F0B585B05C
S3150800DF70BDF8285014460DF10E02009211480022F1
S3150800DF800E461F46ADF80E50FAF72EF80C2800D1AB
S3150800DF90FEE748B9BDF80E30AB4205D12A463946E8
S3150800DFA0204639F01EF850B12B4622463146054820
S3150800DFB0FAF7A6F80C2800D1FEE700B1FEE705B08F
S3150800DFC0F0BD00BF701500204FF0FF3208B50348BA
S3150800DFD0FAF7B4F80C2800D1FEE708BD7015002042
S3150800DFE070B505460E4614460CB9284670BD32462D
S3150800DFF028460349013C25F0B8FDA4B2F4E700BF62
S3150800E00059AE0408036823B901600448496023F03F
S3150800E0101FBC5A684A605960016070477015002035
S3150800E0204368014613B90248FFF7ECBF704700BFC3
S3150800E03074150020002202600246024942F8041FB5
S3150800E040C2607047A9E0000838B50421044685680F
S3150800E0504FF47A7025F0CAFC2918201D00F050F8F4
S3150800E0602368D80702D50C4806F01AFF23689906D4
S3150800E07002D50A482CF058FF23685A0602D50848E4
S3150800E0802FF0F7FA2368DB0504D5BDE838400548C4
S3150800E09003F0BCBA38BD00BF38350020643A00200A
S3150800E0A05C3A0020142C00200148FFF7CDBF00BFC2
S3150800E0B0B4150020036870B505460C4623B9BDE8BB
S3150800E0C070404B68084818478B6898472B68014684
S3150800E0D05A68831A002BB8BF121A2368A8BF0022F1
S3150800E0E0BDE8704000481847701500200146024AEE
S3150800E0F0024825F0F7BD00BF7CE304087815002028
S3150800E1004160024A0146024825F012BE7CE3040833
S3150800E1107815002010B5044623F063F830B104F1F1
S3150800E12008000349BDE8104025F062BE10BD00BFD7
S3150800E1307CE304084160024A0146024825F0F8BD1E
S3150800E14070E304087C1500200146024A024825F0BF
S3150800E150C9BD00BF70E304087C15002010B504464D
S3150800E16023F03FF830B104F10C000349BDE8104034
S3150800E17025F03EBE10BD00BF70E304080549806067
S3150800E18001600021C0E90311C0E90511C0E90712C1
S3150800E19081847047C543030810B50446F8F736FB73
S3150800E1A0002301466360064B206004F108002061E5
S3150800E1B0A36001F18041FFF7A3FF204610BD00BF11
S3150800E1C0C5E10008014826F016B900BF84150020ED
S3150800E1D008B50C4821F0B9FA4FF0021021F0B5FA4B
S3150800E1E0094821F0B2FA094821F0AFFA084821F0A7
S3150800E1F0ACFA084821F0A9FABDE80840064821F01B
S3150800E200A4BA00BF010002000300020004000200D5
S3150800E21005000200060002000700020000487047D9
S3150800E2207015002010B5074C94F8AC363BB9A4F528
S3150800E230005026F02FFBA4F5005026F020FC0248DB
S3150800E24010BD00BF70350020701500200022C0E9FF
S3150800E250002282600246044942F80C1F4261028B82
S3150800E26002F080020283704771E40008084A82B00F
S3150800E27002F5005393F8AA3102F5025203F00F0390
S3150800E28002F58670072B18BF1046019202B0704738
S3150800E2907015002038B5FFF7E9FF0C46054626F04D
S3150800E2A086FCA8B10B4BB3F8822E4FF6FE739A4242
S3150800E2B002D0094B9D4207D12B6823606B686360C7
S3150800E2C002230020237238BDAB8B23800123F8E795
S3150800E2D00B20F8E770250020FC3600200D4A0E4B6F
S3150800E2E0506EA2F58051984228BF18464FF47A73AB
S3150800E2F091F8681E5843C90708D5926E5A4390424A
S3150800E30028BF1046834238BFC01A70474FF47A6355
S3150800E310F8E700BF703500209BC4200038B50546D5
S3150800E320FFF7DCFF2B7E04469A0702D5642828BF30
S3150800E33064245B070ED5B4F57A7F104828BF4FF4DE
S3150800E3407A7426F062FF28B10C4826F05EFF8442F4
S3150800E35028BF04466B7E0F2B02D9BC2C28BFBC24D1
S3150800E360AB6833F07C4204D0C3F319039C4228BF40
S3150800E3701C46002C14BF20460A2038BDB83300209E
S3150800E380027ED1070BD4064991F85B10090700D520
S3150800E390FEE742F001020121027626F043BC7047EF
S3150800E3A07035002038B5037E0546DA0705D42846B9
S3150800E3B026F005FC0D24204638BD0F4C94F8483E3F
S3150800E3C05B07F4D4FFF752FF26F0F1FB0028EED0E6
S3150800E3D005F10C00FFF78AFE04F6486026F0F6FD04
S3150800E3E0044620B90146284626F01CFCE3E70D281A
S3150800E3F0DDD00121F7E700BF70250020F8B50446F7
S3150800E4001F46237E0846DB07154628D5174B93F883
S3150800E4109E20160723D0B3F8A030022B1FD90B680D
S3150800E4201B8819071BD5037F9A07C3F3400617D520
S3150800E43027F051FC064687B97DB1237E23F0780381
S3150800E44023762B681B88DB0604D52046BDE8F840F2
S3150800E450FFF7A8BF204626F0C0FB002EF5D1F8BD71
S3150800E460002FFCD1002DE8D1F9E700BF7035002058
S3150800E4700148FFF797BF00BFA83500200023F0B575
S3150800E480077E87B017F0010704460D4616468DF835
S3150800E490143019D08B885BB103A9284627F058F8A1
S3150800E4A00123324600932946274803AB06F050FC61
S3150800E4B02046FFF7DBFE837F180707D1204626F0A4
S3150800E4C07EFB224808F012FC07B0F0BD06F0FB03FD
S3150800E4D00B2B1CD0637EFEB90F2B0ED80027237E8C
S3150800E4E059072DD5238B23F4706323F00403238364
S3150800E4F00121204626F096FBE6E7F0336376DBB289
S3150800E5000F2BEBD8E37A66F38703E372E7E7237EFC
S3150800E51043F004032376EBE75A1C62F3030363769E
S3150800E520284627F0D8FB00280CBF04220F22637E5A
S3150800E53003F00F039342D5DA237E5A07C4D4E7E7DC
S3150800E540002FC1D0D4E700BF38350020C8350020D9
S3150800E55070B504468AB00D462222002101A838F07B
S3150800E56069FD20460DF11201FFF794FE002832D10D
S3150800E5709DF81A60194B022E11BF0126D3F8860E94
S3150800E580D3F88A1E02AA16BFB3F8822E03C2ADF8C4
S3150800E5900820B3F8501E07A82C688DF8106027F0DD
S3150800E5A0DCFC0323ADF8043040F60503ADF8223051
S3150800E5B004230B488DF824302146002301AA06F0CF
S3150800E5C065FE204627F087FB10B100222B685A7695
S3150800E5D020460AB070BD0024FAE700BF7025002067
S3150800E5E034350020014805F0C9BD00BF4833002076
S3150800E5F0038910B58B42044606D1BDE810404FF496
S3150800E6000041084825F072B901814FF400410548D8
S3150800E61025F060F9218904F13400BDE8104000F0C6
S3150800E620C5BF00BF98150020F7B50025056004464C
S3150800E6300E46FFF729FC2071FFF726FC2D4B60716B
S3150800E640A360A5712C4804F023FD0F230B22237623
S3150800E650236A314603F0FC03E0602274236284F8DF
S3150800E6602420C4E90A556582656104F1300027F063
S3150800E67028FC224B224AC4E93235234604F5B677EC
S3150800E68043F8D02F29461022C4F8D8303846C4F8A3
S3150800E6906451A4F86A5138F0CDFC4FF00043264681
S3150800E6A0C4F86C31684627F023FC88222946A4F86A
S3150800E6B0685104F1DC0038F0BDFC237843F001030F
S3150800E6C006F8343B304600F097FF20462189FFF7CD
S3150800E6D08FFF6946304600F075FF3046618F00F0BF
S3150800E6E06BFF38462A46074927F067FC204603B0E1
S3150800E6F0F0BD00BFFFFF0B0B70150020A9F2000844
S3150800E700F5F2000888E3040873B5054608680C4660
S3150800E71026F03BFB002837D020460DF1030127F0F1
S3150800E72030F99DF80330082B2ED0102B0FD06BBB79
S3150800E730237F174EDA07A66006D42046316927F0EC
S3150800E74040F933690133336105F13E0116E04FF0B4
S3150800E750FF33019305F5B673A360D5F86411204617
S3150800E7600131C5F8641127F02CF9204601A927F0D4
S3150800E77041F9FF21204627F066F90649237F1B0742
S3150800E78002D4204627F0BFFA02B070BDFEE700BFEC
S3150800E7909833002098E304082DE9FF410027044632
S3150800E7A0086826F0F0FA15468A880B469DF82880F0
S3150800E7B08DF80C70EAB101A900F02006184626F07B
S3150800E7C0C7FE01222C4801A92FF038F840B13EB106
S3150800E7D095B10E2D05D13946802226302DF03BF80D
S3150800E7E065B1B8F1000F09D0D4F808310133C4F87F
S3150800E7F0083104B0BDE8F0810121EDE7D4F8DC303A
S3150800E8000B2D03F10103C4F8DC3020D1D4F81831FC
S3150800E8100133C4F8183116B3D4F8E8300133C4F814
S3150800E820E83025B9D4F8EC300133C4F8EC309DF85B
S3150800E8300C30012B05D14FF6FF73BDF804209A4220
S3150800E84013D0D4F8E0300133C4F8E030D1E70F2D07
S3150800E85002BFD4F81C310133C4F81C31DBE7D4F805
S3150800E860F0300133C4F8F030E1E7D4F8E43001338E
S3150800E870C4F8E430BDE700BF303600202DE9F74381
S3150800E880054608680F4690461E4626F07EFA00287A
S3150800E8904AD038460DF1010127F063F89DF801309A
S3150800E8A0052B03D0082003B0BDE8F08301A938463C
S3150800E8B027F077F838460DF1020127F062F89DF83F
S3150800E8C00240082C32D0102C76D0002CEAD14146D2
S3150800E8D03D480246384627F07DFA01460028E1D130
S3150800E8E09DF80230082B1FD1B37F03F00F03072BC7
S3150800E8F01AD1B3699C4205D03061B46106F10C00A7
S3150800E90027F033FB019B7269013393422F4888BF76
S3150800E9107361F360D0F8DC3D9C4205D90322214699
S3150800E92000F6D85005F072FC0020BCE7002EB9D0DE
S3150800E93038460DF1030127F072F89DF80330234A93
S3150800E940013BDBB28DF80330D2F8DC4D04F07F02D0
S3150800E950934216D1394605F1300000F0D7FDB37F52
S3150800E96003F00F03072B0AD1B3699C429AD306D149
S3150800E970019AF368511C994223D09A4292D3414690
S3150800E980A7E704F1FF3909F07F02934207D14A4607
S3150800E990394605F1300000F0BDFD4C46DFE701348D
S3150800E9A004F07F0293427FF47DAF2246394605F193
S3150800E9B0300000F0AFFDD2E70024054905F5B67032
S3150800E9C087E71D206FE700BF9833002070250020D9
S3150800E9D098E30408002370B51546126888B0064601
S3150800E9E010460C468DF810308DF81C3026F0CDF9FF
S3150800E9F010B9002008B070BD104626F0C4F900F41E
S3150800EA004050B0F5005F01D00820F3E7284627F00C
S3150800EA1096F80028F8D16946284626F0A2FF9DF800
S3150800EA200030052BF0D128460DF1030126F0A9FF89
S3150800EA309DF80330082BE7D10DF10101204626F099
S3150800EA40EEFF28460DF1020126F0E9FF9DF80120A8
S3150800EA509DF802309A42D7D101A9284626F0A1FF8F
S3150800EA60284602A926F0F9FD9DF81030002B39D06A
S3150800EA70012202A92B482EF0E1FE04469DF810302B
S3150800EA80022B4BD0002CBFD02068616802AB03C3B1
S3150800EA9002238DF810309DF80230234A013BDBB281
S3150800EAA08DF80230D2F8DC2D02F07F018B4224D19A
S3150800EAB006F16C02A37F03F00F03072B03D16369EA
S3150800EAC001999942A0D3284602A927F083F900287C
S3150800EAD090D1A37F03F00F03072B8AD1019B013343
S3150800EAE0636186E7204605A926F032FD9DF81C409D
S3150800EAF0002CC3D0012205A9BCE7511E01F07F01F5
S3150800EB008B4202D106F15C02D4E7013202F07F02A1
S3150800EB1093427FF479AF06F17C02CBE7002CBAD199
S3150800EB2072E700BF303600207025002073B50C460A
S3150800EB30154691F8246004F1220092F915102CF07C
S3150800EB40F7FE2B6800211A7895F9153002F00702AE
S3150800EB500093AB7D20462EF00AFE0D4B06F0030609
S3150800EB6093F85920022A11D103F1800294420DD15B
S3150800EB7093F8A43003F00303B34207D04FF00041E3
S3150800EB80044802B0BDE8704024F0A4BE02B070BDCF
S3150800EB90703500209815002010B50446037861F3F7
S3150800EBA0C30303700948F8F7ABFF237804F1340070
S3150800EBB05A07C3F3800158BFC3F3C00100F00EFD26
S3150800EBC02046BDE8104026F020B900BF7015002089
S3150800EBD070B5C66805460A482CF029F8044650B9A7
S3150800EBE0074804F055FAB042E8604FF4800105483A
S3150800EBF003D124F07BFE204670BD24F06BFEFAE7B5
S3150800EC00701500209815002001482CF012B800BF96
S3150800EC107015002013B590F82030DB0719D590F849
S3150800EC20212002B9827A0C4C343004F18003009317
S3150800EC3030F8121CB4F89C3000F05AFF04F1380082
S3150800EC4026F033F804F1580002B0BDE810402EF063
S3150800EC506CB902B010BD00BF703500201F2910B571
S3150800EC60044625D8C368CB40DA0721D5837A8B4278
S3150800EC7006D14FF480410F4824F038FE002010BD1D
S3150800EC8081724FF480410B4824F024FE0023A4F837
S3150800EC90683123789B06F1D4A37AE37294F821307D
S3150800ECA013B92046FFF7B6FF204626F0AEF8E5E78B
S3150800ECB00720E4E79815002070B508460021154698
S3150800ECC000F034FB68B1047804F07F04043CE2B237
S3150800ECD0022A06D82B46BDE87040811D01482CF053
S3150800ECE0FBBC70BD303B00202DE9F043044685B0DF
S3150800ECF0086826F048F81D468B880E46174600F029
S3150800ED002008002B4ED04FF00009304601A98DF897
S3150800ED100C9026F01DFC9DF80C30012B14D14FF6F3
S3150800ED20FF73BDF804209A420ED1A3790133DBB2F2
S3150800ED30A3713BB904F1340027F0EBFA002800F080
S3150800ED409F80FEE784F80690B8F1000F2AD04FB3EB
S3150800ED5001224D4801A92EF071FD814615BB3A46A0
S3150800ED6031462046FFF736FE054628BBB9F1000FA7
S3150800ED7018D03A4649462046FFF7D8FE4A4639464D
S3150800ED802046FFF799FF3946204601AA26F04AFA97
S3150800ED902378590706D4304626F09DFF10B13B4824
S3150800EDA025F01BFF6378013B062B07D8DFE803F045
S3150800EDB00706144221065B000E25F3E7FEE7D4F8A2
S3150800EDC00031618A013304F1D000C4F8003105B07E
S3150800EDD0BDE8F04324F0E1BFD4F8FC300133C4F8B1
S3150800EDE0FC3000236370204605B0BDE8F04326F0EA
S3150800EDF051BAB3881BB1B8F1000F00D1FEE765B967
S3150800EE005FB12378DA0708D5386825F0BCFFC30652
S3150800EE1003D50621204626F06FF8D4F8F8302A469E
S3150800EE200133C4F8F8300023314618486370FFF7F9
S3150800EE3025FBD8E7D4F8F4300133C4F8F43025B10B
S3150800EE40D4F80C310133C4F80C3100232A46314674
S3150800EE5063700F482DF0B3FB2B463A4631460B48F4
S3150800EE60FFF7CCFABFE7D4F8F4302A460133C4F8E2
S3150800EE70F43000233146074863702BF071FFB2E780
S3150800EE8005B0BDE8F08300BF30360020A835002065
S3150800EE9038350020983500200022D0F8C43070B5E7
S3150800EEA09A807F22DA761A7F044622F01F0242F001
S3150800EEB004021A770278D10766D5427800F1C401B0
S3150800EEC0013A062A05D8DFE802F005042B4937047B
S3150800EED05400FEE74FF6FF7104F1340000F066FBBC
S3150800EEE0204626F08CF8054600284DD00021237CC4
S3150800EEF08371837626F014FB04232B76237E6B76A8
S3150800EF002B7FDB0603D429462046FFF7FDFB0023AB
S3150800EF1004F13400A37127F0FCF900283ED0FEE77F
S3150800EF20204626F08BF8054670B3E37A837183761C
S3150800EF3021794B1C2371DDE7E27A19489A719A7692
S3150800EF4004221A76227E5A76FFF702FB0546D8B1C6
S3150800EF5061794B1C637126F0E3FAD1E7E27A11482E
S3150800EF609A719A7604221A76227E5A7605F07EFEE1
S3150800EF70ECE700220C481A8304F050FA054618B14B
S3150800EF80037F9A07BCD4E3E70022D4F8C4102046CE
S3150800EF90BDE870400B238A80FFF7A6BE70BD00BF90
S3150800EFA0A835002038350020983500200023F0B514
S3150800EFB089B08DF810308DF81C30D0F82031044611
S3150800EFC001330D46C0F82031002A40F01681002989
S3150800EFD000F04C810378DA0740F15A81084626F09A
S3150800EFE0AEFD0246002840F0088102A9284626F010
S3150800EFF034FB284605A926F0ABFA9DF810602EB119
S3150800F0000122A64802A92EF019FC06469DF81C30D6
S3150800F010012B37D0022B42D028460DF1060126F0E7
S3150800F02067FA40B94FF6FF72BDF80630934202D030
S3150800F03022899A422DD19DF81030012B36D0022B09
S3150800F0403ED09DF81C30012B49D14FF6FF73BDF811
S3150800F05014209A4243D1D4F828310133C4F8283110
S3150800F06033462946204602AAFFF708FC0746002829
S3150800F0703ED01D2839D0D4F858310133C4F8583158
S3150800F08009B0F0BD2046BDF8141026F021F8002876
S3150800F090C2D0D4F844310133C4F84431F0E7082229
S3150800F0A004F13E0105A837F09CFFF0E7002E00F0BA
S3150800F0B0E3803068716802AB03C302238DF8103011
S3150800F0C0082204F13E010DEB020037F08AFF002802
S3150800F0D0B7D1D4F854310133C4F85431D0E7D4F851
S3150800F0E024310133C4F82431BAE76378062B41D1B9
S3150800F0F02946204602AA26F095F82946684825F0AA
S3150800F100C6FD0EB320462A463146FFF70FFD28688E
S3150800F11025F03BFEC0B128460DF1050126F031FC6D
S3150800F1209DF80530082B0FD1B37F03F00F03062B8C
S3150800F13004D0072B08D0012B40F09E80284626F0E5
S3150800F14043FD002800F0A4806378022B18D0062B14
S3150800F15020D0012B2CD12B681B785B0710D1D4F853
S3150800F1603431294601332046C4F8343125F027FEC8
S3150800F170002F85D0D4F848310133C4F848317FE7E9
S3150800F180227CA37A9A4213D0D4F83C310133C4F8CE
S3150800F1903C31EDE79DF81C3043B104F1D000FEF791
S3150800F1A0A5FF00232046637026F074F8002FE1D1EE
S3150800F1B02B681B7803F00703012B18D0032B07D005
S3150800F1C0002BE1D1D4F834310133C4F8343106E0E8
S3150800F1D02946204625F08DFF00287FF451AF2946A1
S3150800F1E0304805F0E5FF204625F00FFEC0E7D4F8C5
S3150800F1F02C310133C4F82C31F1E7083A152A47D8DF
S3150800F20001A353F822F000BF77F0000891F2000836
S3150800F21091F2000891F2000891F2000891F20008B4
S3150800F22091F2000891F2000891F2000861F20008D4
S3150800F2306DF2000879F20008D3F0000885F200089C
S3150800F24093F0000891F2000891F2000891F2000884
S3150800F25091F2000891F2000891F2000875F1000891
S3150800F260D4F85C310133C4F85C3109E7D4F84C3181
S3150800F2700133C4F84C3103E7D4F850310133C4F8EC
S3150800F2805031FDE6D4F840310133C4F84031F7E691
S3150800F290D4F860310133C4F86031F1E63036002025
S3150800F2A0A835002038350020014825F0F3BF00BFF7
S3150800F2B0B8330020437810B5012B044603D0062B3B
S3150800F2C005D073B1FEE7BDE8104025F0BFBF0023A7
S3150800F2D04370074825F0C7FC2046BDE8104025F0D6
S3150800F2E0D9BF03785A0702D543881B06F5D410BD43
S3150800F2F0A83500200148FFF7DDBF00BFB83300205E
S3150800F30038B508480D462BF08AFC044628B1064B4A
S3150800F31003FB0505013DB5FBF0F402482BF081FC23
S3150800F320204438BD7015002000127A00F8B505464D
S3150800F3300E4626F0A2FC0446284626F0C3FBFF2C00
S3150800F340024604D0FF2802D00E49944201D3002079
S3150800F350F8BD2B6818191B5B13F4FF4F0BD1037903
S3150800F360C7781B0443EA072387783B438B4202D1BD
S3150800F3704379B342ECD0037803F07F030233234486
S3150800F3809CB2E2E79BB8EA002DE9F0478EB00C463E
S3150800F390054691460021222205A898469DF8586000
S3150800F3A037F048FE002320688DF810308DF80330BA
S3150800F3B08DF8043026F025F800F44053B3F5005FC5
S3150800F3C040F08580830640F18280204602A926F017
S3150800F3D0BFF89DF81030002B79D0012B05D14FF6D8
S3150800F3E0FF73BDF808209A4271D020460DF122011C
S3150800F3F026F033F90746002869D19DF82A30002BF4
S3150800F40065D0D4F800A0504625F0FDFF00284ED15F
S3150800F410504625F0F6FF024626F0B9F8002858D0DF
S3150800F42020460DF1060126F0E8F800284FD1BDF870
S3150800F43006100BA826F08DFDA37920220021AB71BA
S3150800F44005F1080037F0F6FD2F4B294605939DF880
S3150800F450033005A88DF832309DF804308DF8333026
S3150800F46026F059F94946284625F0D8FF311E18BF17
S3150800F4700121284625F0E3FF204626F047F80146F5
S3150800F480284626F04DF8206825F0BDFF50B12046E5
S3150800F4900DF1050126F0C3FAC8B928469DF80510EE
S3150800F4A026F0D1FA66B3B8F1000F1DD1FEE7204663
S3150800F4B00DF1030126F055FA48B99DF80330052BDE
S3150800F4C005D1204601A926F05CFA0028A0D0062717
S3150800F4D016E0104625F0CEFF0028ADD020460DF1E7
S3150800F4E0060126F005F8A0E7284626F0C6FB2C6894
S3150800F4F032464146204437F0E8FDAB881E44AE80CC
S3150800F50038460EB0BDE8F087020000200048704774
S3150800F510243400200748D0F8DC3D591E914203D018
S3150800F5200133934203D0FEE700F6A460704700F665
S3150800F530C46070477025002038B5044618480D4643
S3150800F54020F0EAFD20801648F7F7ECFC2946A06172
S3150800F55004F11C0026F0B7FF002304F12800C4E9D3
S3150800F560083326F0C3FD04F1380026F0BFFD04F188
S3150800F570480026F0BBFD23460A4A204643F8602F7A
S3150800F580A3662346084A43F8842FC4F88C30FF2321
S3150800F59084F8803084F8813026F0B0FD204638BDE6
S3150800F5A070150020C1F8000891FB00080148F7F71C
S3150800F5B0E5BB00BF70150020C180014803F044BDBB
S3150800F5C0821500200A68C0F80A204A68C0F80E208A
S3150800F5D0014803F02BBD00BF82150020837C61F330
S3150800F5E0000383740388DB0502D502482BF023BB8E
S3150800F5F0704700BF70150020837810B5044663B9BC
S3150800F6000748F7F715FC50B90548F8F761FA30B915
S3150800F610A378012B01D00123A370002010BDFEE7BB
S3150800F6207015002010B504468430FEF78DFD04F1F0
S3150800F6306000FEF789FD0648F8F74AFA30B904482B
S3150800F640F7F702FC10B9A37803B1A07010BD00BF8C
S3150800F6507015002010B504460448F7F703FC20B9D6
S3150800F660A378022B1CBF0223A37010BD70150020BF
S3150800F67038B50123044603FA01F1002024F0A7F95E
S3150800F6804FF4A07303FB00F5A37CDB070BD5A36936
S3150800F69007489979F7F7E6FB294604F16000BDE8C3
S3150800F6A0384024F0C6BB0248F8F712FAF4E700BF60
S3150800F6B070150020837810B5032B044620D10388E3
S3150800F6C0DB0612D50423A370A1690E4803F0C2FC19
S3150800F6D00D2808D1A1694B6933B100230948C1E94E
S3150800F6E0043303F0B7FC58B1FEE7836906489979F5
S3150800F6F0F7F7B8FB00B1FEE7A378042BE4D0E1E7FF
S3150800F70010BD00BF82150020701500200148F7F7CC
S3150800F7100DBC00BF70150020014820F00CBD00BFCD
S3150800F72070150020038810B59B07044600D5FEE730
S3150800F7301048F7F7FBFB7F2806D094F913307F2B88
S3150800F74001D0984200DDE074F7F760F86369C01AE3
S3150800F750002807DA616E04F160008022BDE81040D7
S3150800F76024F061BB204694F91310BDE8104026F03A
S3150800F7700DBD00BF7015002038B5837804461546C0
S3150800F78043B3033B032B25D903889B0709D51348A5
S3150800F79020F05EFBA378052B01D00523A37000207B
S3150800F7A038BD26F037FDB8B10C48F7F75BFB00B15A
S3150800F7B0FEE7A378052B1CBF0523A3707F23E374FC
S3150800F7C0F7F724F805440021656104F1600024F088
S3150800F7D030FBE4E70D20E3E70C20E1E77015002095
S3150800F7E010B5044626F01EFD20B9A378012B07D1D3
S3150800F7F0002010BD0448F8F76BF90028F5D0F8E7A3
S3150800F8000123A370F4E700BF701500202DE9F0432B
S3150800F810082985B00446DDE90C890D4616461F46BB
S3150800F82003D011F0EF0F10D0FEE7194680F85C20E0
S3150800F830283026F0ADFB414604F1380026F0A8FB37
S3150800F840494604F1480026F0A3FB204626F0A7FC0B
S3150800F85050B901233246CDE9019329463B4604486F
S3150800F860CDF8008020F008FB05B0BDE8F08300BFA6
S3150800F87070150020837810B5033B0446032B1CD86B
S3150800F880DFE803F002061713BDE81040FFF712BFC2
S3150800F89083690A489979F7F7E5FA2046A1690E239C
S3150800F8A0BDE81040002226F074BDBDE8104026F0E1
S3150800F8B08CBCBDE81040FFF735BF10BD70150020A1
S3150800F8C00148FFF7D7BF00BFEC33002008B512B1D7
S3150800F8D0836D8B4200D2816526F061FC48B90548E4
S3150800F8E01AB1BDE8084020F0D1BABDE8084020F0BA
S3150800F8F0CBBA08BD701500208378072B0BD190F87A
S3150800F9006E10CB0904D0044801F07F01F7F7AABAB4
S3150800F9100148F8F7DDB87047701500200148FFF771
S3150800F92045BB00BFB8330020014825F0B3BB00BF74
S3150800F930B83300209DF8000000900148FEF72CBF60
S3150800F940B83300200148FFF7CFB900BFB83300200D
S3150800F950014825F04DBD00BFB8330020014804F02A
S3150800F960A3BB00BF4833002038B5A0230546B0F82E
S3150800F9706C4007485C4320F0E1FB95F880100023B3
S3150800F9800844A0FB0401034A17F0D0FA38BD00BFAB
S3150800F9907015002040420F00A0232DE9F0410D46C6
S3150800F9A0B0F86C60816F5E43491B044690468F1918
S3150800F9B0FFF7DAFF391A04F18400FEF7BBFB676F1D
S3150800F9C0A36FB9193344A3670B486167F7F742FD7C
S3150800F9D0A37813F0FD0F0DD094F86E10A5F51675E3
S3150800F9E005EB08037A1B044801F07F01BDE8F041E6
S3150800F9F0F7F762BABDE8F08170150020F8B590F8FF
S3150800FA006E300446DD09866F00F184070FD023F0B7
S3150800FA10800380F86E30761AFFF7A6FF311A38464B
S3150800FA20FEF788FB2046BDE8F840FFF765BFA02330
S3150800FA30B0F86C50911938465D43FEF77BFB94F895
S3150800FA406E3043F0800384F86E30F6F753FF616F2B
S3150800FA50A36F29442B4403486167A367F7F7FAFCA9
S3150800FA60E0E700BF7015002008B5024820F050FBFB
S3150800FA7008BD00BF70150020A0232DE9F0410446FB
S3150800FA80B0F86C500F4616465D43FFF7EDFFE36F7F
S3150800FA906D08A0EB0308144820F050FB94F880107A
S3150800FAA000230844A0FB0801104A17F03FFA94F80F
S3150800FAB08130804603EB83030B485C0020F043FB50
S3150800FAC003B203EB830304EB430404EB080000F5DD
S3150800FAD04673AB4294BF3B603D60854294BF356038
S3150800FAE03060BDE8F08100BF7015002040420F006D
S3150800FAF0F8B50D460446B0F86C001146A8421A46F9
S3150800FB00069B27D094F86E0061F3060084F86E0011
S3150800FB102946A4F870201D48F7F784FC94F86E303F
S3150800FB20A4F86C5023F0800384F86E3004F1840046
S3150800FB30FEF70AFBB4F86C3003B3144820F0E8FA71
S3150800FB406067F6F7D7FEC4E91E002046BDE8F84010
S3150800FB5026F0C7BC94F86E00B4F8706000F07F0712
S3150800FB608F4204D1964208D067F30600CEE761F3C8
S3150800FB700600964284F86E00CAD1F8BD23881B0693
S3150800FB80FBD42046BDE8F840FFF7B6BE7015002046
S3150800FB90014826F0A6BC00BFEC330020F7B508469E
S3150800FBA00E4626F02FFD054628B9344696F8FE304F
S3150800FBB033449C4202D3284603B0F0BD23780C2B6D
S3150800FBC017D8DFE803F0071B222716301635161656
S3150800FBD016163A00B4F803701C487FBAFFB23946C5
S3150800FBE0FFF73CF83B4605460146194A194823F0F3
S3150800FBF061FA204624F02BF90444D7E761881348B4
S3150800FC0049BA89B2FEF7F4FCF3E71348A11C00F0E1
S3150800FC101DFCEEE72146684627F0DDF969460E48E1
S3150800FC2027F064FAE5E70D48A11C04F091FBE0E72C
S3150800FC300B48A11C07F058FBDBE7204627F0E6F93E
S3150800FC4069460090054804F02BFBD2E7B83300203C
S3150800FC50E5C60408A6E30408183300204833002044
S3150800FC60C835002003780448002B14BF4FF0005114
S3150800FC704FF0805123F02EBE98150020437870B5BA
S3150800FC809B0705460C4622D403781348002B14BF5D
S3150800FC9021210D2122F038F80646D0B1214694F8E4
S3150800FCA0FE2023F04EFC044668B92B4631460B4A23
S3150800FCB0094809F051FC044628B96B7843F0020359
S3150800FCC06B70204670BD3046FDF7C2FFF9E7182471
S3150800FCD0F7E70324F5E700BF802D00200B6C030827
S3150800FCE02DE9F0411F46002392B08DF844300B7879
S3150800FCF080460C461546189E1BB10E2101A826F013
S3150800FD00A4FF63781BB1332101A826F09EFFA378D0
S3150800FD101BB1052101A826F098FFE3781BB1032142
S3150800FD2001A826F092FF23791BB1022101A826F02B
S3150800FD308CFF63791BB1072101A826F086FFA379FA
S3150800FD401BB1342101A826F080FFE3791BB10121FC
S3150800FD5001A826F07AFF237A1BB1002101A826F014
S3150800FD6074FF237B1BB14A2101A826F06EFF637A34
S3150800FD7023B104210DEB010026F067FFA37A1BB11E
S3150800FD800C2101A826F061FFE37A1BB1352101A8F1
S3150800FD9026F05BFF2F44BD4213D198F8003018486F
S3150800FDA0002B14BF1F210B2121F0AEFF054628B3F7
S3150800FDB09DF844305BB9AEB9294611482FF0C0F812
S3150800FDC015E015F8011B01A826F03FFFE3E70D2112
S3150800FDD001AA24F09DF904460028ECD02846FDF730
S3150800FDE037FF07E03246294605482FF090F80446C3
S3150800FDF00028F3D1204612B0BDE8F0810324F9E7C4
S3150800FE00802D002038B504462546103027F035FAEF
S3150800FE1004F1080027F031FA6378204623F001033D
S3150800FE20637026F026FF15F8181B0848FEF77AF8BF
S3150800FE302846FEF75BF92378012B02D10448FEF722
S3150800FE4055F92046BDE83840FFF70CBFC415002019
S3150800FE500C330020F8B505460F460326084C013E2C
S3150800FE6000D1F8BD2B784BB963783946284614F883
S3150800FE70032B03F5003326F012FFF0E7A378F4E727
S3150800FE80A0E3040830B50D460446C3B001A826F021
S3150800FE9077FB294601A826F0ABFC204601A9FFF707
S3150800FEA0D9FF2178024801AAFEF70AF843B030BD07
S3150800FEB0C41500202DE9F04105460E4600270F4CD3
S3150800FEC004F106082B78ABB9637814F8032B31468E
S3150800FED0284603F5003326F005FF002818BF47F02B
S3150800FEE001074445EED13FB131462846BDE8F04109
S3150800FEF0FFF7C8BFA378E8E7BDE8F081A0E30408E8
S3150800FF00F8B5002381F8FE300A4606460C46017805
S3150800FF101548FDF7E7FF074688B921463046FFF73B
S3150800FF20C9FF33786BB93321204626F0DBFD34212F
S3150800FF30204626F0D7FDF6F769FCC4F800013846D6
S3150800FF40F8BD3421204626F08AFB05460028F6D05F
S3150800FF50716800F005FA030EAB70030CEB70030A28
S3150800FF602B716871E7E700BFC415002070B5044619
S3150800FF70C2B001A80D4626F003FB204601A9FFF7EB
S3150800FF80BFFF044628B9352101A826F068FB18B931
S3150800FF901724204642B070BD694627F056F8002857
S3150800FFA0F7D1044A009BD2F8542E13402B60002B3D
S3150800FFB0EFD1EDE7702500202DE9F047D4B013AF57
S3150800FFC00C4605463846904626F0DAFA00230DF127
S3150800FFD004094A460D21204602AE86F8403023F031
S3150800FFE0EDFF70B90DF1030AB9F80230B3B996F806
S3150800FFF0403033B12B78012B03D13421304626F01B
S3150801000024FE39462846FFF77BFF21462B4821F077
S31508010010B8FE0446002848D1002436E0012352469A
S315080100204946204623F0FBF930469AF8001026F097
S315080100300CFE0121484623F07FFCD5E796F84020BF
S31508010040002A36D031462878324491420B4601D1EE
S31508010050002304E093F800C001318445F5D1003B43
S3150801006018BF0123B8F1000F13D12A78052A10D138
S3150801007099F83E2ED2070CD4284623F0E8FE05440B
S3150801008097F8FE303B449D42D8D3204654B0BDE88C
S31508010090F087002BF0D02146284623F0EBFE0028F6
S315080100A0EAD02046FDF7D4FDB6E73D46DFF81090C5
S315080100B0E6E7B8F1000FEED10123D6E7802D00203F
S315080100C07025002038B500220D460969FFF774FF2F
S315080100D0044650B101466A69044822F0B5FA20B1CE
S315080100E02046BDE83840FDF7B3BD38BD802D002058
S315080100F010B504460022024B26F019FD204610BD14
S315080101006D02010810B504460122054B26F00FFDC4
S315080101102346044A204643F82C2F636310BD00BFCB
S31508010120790201085503010838B50D4600F12C047A
S315080101302046FDF7DBFF3421284626F090FA68B100
S31508010140D0F80220064B12BA9A4228BF1A46204610
S31508010150D5F80011BDE8384023F019BE38BD00BFF7
S315080101600014730F70B50D46C2B0044626F081FD22
S3150801017095F8FE60FEB921781A48FDF7D3FE637833
S3150801018066F300032646637016F8081B28463246AE
S3150801019026F0B2FC10B1304627F06FF8F6F736FBB9
S315080101A023786060012B1AD129460F4842B0BDE871
S315080101B07040FFF7B9BF01A826F0E2F9294601A860
S315080101C026F016FB204601A9FFF744FE21780548CB
S315080101D001AAFDF775FE637843F00103D2E742B041
S315080101E070BD00BFC4150020E032002070B500F1D3
S315080101F0080604460D46C4B03146103027F0B6F855
S31508010200002821DA237883B903A826F0B9F903A9C6
S315080102100E48FFF775FE01A903A826F018FE20B9B6
S31508010220314601A827F0A2F870B129462046FFF702
S3150801023025FD032808D141F2883104F1180044B09C
S31508010240BDE8704023F0A9BD44B070BDE03200207E
S3150801025043789B0707D4044B93F85930023B012B8B
S3150801026001D8FFF7C3BF704770350020014826F053
S31508010270FEBD00BFB4320020014826F0F8BD00BF1C
S31508010280E032002038B504460D46FFF76BFF0A4BEE
S3150801029093F8593033B1022B09D02046BDE83840CE
S315080102A0FFF7E0BC2946204626F059FCF5E7294622
S315080102B02046FFF7CDFFF0E77035002070B50446FC
S315080102C0CCB00BA826F05CF920460BA9FFF718FE5F
S315080102D0B8B901A90BA826F0BAFD90B91A4901A81F
S315080102E027F044F8002811DD33210BA826F0FAFB84
S315080102F034210BA826F0F6FB012214480BA926F097
S3150801030073FD2046FFF77EFD4CB070BD05210BA895
S3150801031026F0A5F90028F4D0821C03AE00F11203D9
S31508010320354610685168083203C59A422E46F7D1F8
S31508010330074807A92AF070FF102203A907A836F073
S3150801034050FE0028D0D1DCE7C4320020B4320020A8
S31508010350483300200148FFF7B1BF00BFE032002053
S3150801036038B5D0F80240074B24BA9C420D4628BF3F
S315080103701C46F6F74BFA431BA34236BF201A002048
S31508010380401938BD0014730F00232DE9F3410B60A2
S31508010390438904460E46002B33D01D4F608988B326
S315080103A001282ED06068218978B302236A4623F092
S315080103B007F86D466B78628903F10208424520D336
S315080103C02A78C2B9042B1CD1606828B106236A466B
S315080103D004F1080123F023F8D5F8020023F035FDCE
S315080103E026F0E2FD2B78002B0CBF3B460023184074
S315080103F0336803433360414604F1080023F09CFA4D
S31508010400CCE7062002B0BDE8F08125680D44D1E7A6
S3150801041000F8FF07002310B583710A4B04461B78C1
S3150801042013B90948084008B95AB1002023700423B2
S31508010430637026F0B9FD23F008FD0623C4F802000F
S31508010440A37110BD48E5040800F8FF0738B508226E
S3150801045004460D4636F0C5FD30B9BDE838404FF4BF
S315080104600031074823F042BA2B684FF40031236064
S315080104706B6803486360BDE8384023F02BBA00BFB8
S3150801048098150020084608B511B1182907D008BDE6
S315080104904FF48031054823F01DFA0020F7E74FF4A1
S315080104A08031024823F022FAF7E700BF98150020A9
S315080104B0002310B504460372437603604360064978
S315080104C0FFF7C4FF2046054926F005FE20460449E4
S315080104D026F017FE204610BDCEE30408C3E3040840
S315080104E0B5E3040810B50749044629F038FB352356
S315080104F041F658322382044B2046C4E905230123D9
S31508010500237710BDD6E304080301010538B504466F
S3150801051003460B4A04302AF0E4F900252346094A22
S31508010520E563256443F8442F2946E36404F1500042
S31508010530FFF7D8FF84F8A150204684F8705038BDDB
S31508010540ED8403085509010890F8703010B5044682
S315080105508BB9094829F0F5FE68B1084829F079F9F7
S3150801056048B9064B503403F1100253F8041B934261
S3150801057044F8041BF9D110BDE42F00208A2F00206E
S3150801058030B589B004460D466846104929F0E7FAA0
S31508010590352341F65832ADF810300D4B2946CDE9D1
S315080105A0052301236A4604F150008DF81C3026F014
S315080105B0D7FF284629F04DF980F0010084F870002C
S315080105C02046FFF7C1FF09B030BD00BFD6E30408D6
S315080105D00301010570B588B006461049684629F039
S315080105E0BEFA352341F65832ADF810300C4B6C463D
S315080105F0CDE90523012306F150058DF81C300FCCF2
S315080106000FC594E80F0085E80F000023304686F8E9
S31508010610703008B0BDE87040FFF796BFD6E304080E
S3150801062003010105F8B51F460023069D0C462B60FC
S315080106304B6A1646002B22DB06211348FDF7FCFA06
S315080106402860F0B12146402222F07BFF044630B9EA
S315080106506EB93846296828F03CF8044628B1286856
S3150801066018B1FDF7F5FA00232B602046F8BD304690
S31508010670296827F0D5FF04460028EAD0EFE70724C2
S31508010680EDE70324EBE700BFC815002070B5044663
S315080106900E4688B0154600212022684636F0CAFC67
S315080106A03146204627F0D7FA044B2A46CDE90030D1
S315080106B06946204627F027FB08B070BD7015002053
S315080106C070B50C4615461E4690B01146684626F08A
S315080106D041FF074B2046C4E900350F9B002B14BF89
S315080106E01946314627F0ABFB0E9810B070BD00BF16
S315080106F0701500202DE9F04315468FB0074601A86D
S315080107009946884627F096FB2622002104A836F04A
S3150801071091FC95F83030013385F83030F6F776F8E4
S315080107206B6A0344EB606B88002B5FD101A827F045
S315080107305BFF0446002840F08D80BDF804100029AF
S31508010740F4D049BA384689B227F00FFB0028EDD113
S31508010750BDF804305BBA6B809DF8063095F8292000
S3150801076003F00703012A8DF8063004BF43F001039D
S315080107708DF806302B783822032B14BF4FF480737B
S315080107804FF4007300213D48ADF80830FDF75AFAD9
S315080107900646002870D00C2201A922F0D2FE044692
S315080107A0C8BB32464146384627F094FA044690BB00
S315080107B02946384627F077FA4FF4807340BAADF8E0
S315080107C00000042269463046ADF8023022F0B9FE2F
S315080107D0044600BB2B78032B0CD0304622F01BFDB8
S315080107E095F82C30022B1AD1072414E05BBAADF820
S315080107F00430B1E732464146384627F06BFA0446DB
S3150801080048B91F4B042269463046009322F099FEE7
S3150801081004460028E1D03046FDF71AFA1AE0B0F589
S31508010820007FE1D805F1100308AC05F1200C22463A
S3150801083018685968083303C263451446F7D12B8CE7
S31508010840314604AA381DADF8323002F0CDFB044614
S315080108500028E0D1B9F1000F04D0E96807F1440096
S3150801086023F0B2FA404640232A46002122F043FEED
S3150801087020460FB0BDE8F0830324EBE7C815002036
S31508010880001000012DE9F0479946838A8AB0064689
S315080108900C4690469DF848A05BB10B78012B0FD109
S315080108A091F82A30012B06D1294804A92DF03FFADF
S315080108B030B10D2500E0072528460AB0BDE8F087C6
S315080108C003AB009342464B4621463046FFF7AAFE44
S315080108D005460028F0D1039F0122394606F13C005E
S315080108E022F0FDFE0123224639463046FFF702FF74
S315080108F0054620B13946304627F0BAF9DCE7BAF1A0
S31508010900070FD9D004AB608084F8300084F800A0C2
S3150801091067634246009321464B463046FFF782FEFF
S315080109200028C9D1DDF81080224601234146304608
S31508010930FFF7E0FE3946204626F00CFE4023224604
S3150801094029463846C4F8388022F0D5FDB4E700BFF9
S3150801095064380020014827F093BC00BFA82E002068
S3150801096016289ABF014B185C01207047EBE304086F
S3150801097073B50C46054681792068164623F046F874
S31508010980AA790346904202D0002002B070BD0D4AF2
S3150801099000922268A988286822F05EFD034600288D
S315080109A0F2D02068AA7981182160825CB2FA82F0B5
S315080109B04009002EE9D12E2A02BF013118462160CD
S315080109C0E3E700BFD185030807B582798B7993429E
S315080109D00BD1074ACDE900328B880A6881880068FD
S315080109E022F060FD03B05DF804FB0020FAE700BFC2
S315080109F0D18503081FB5074BADF80E0000930D22EC
S31508010A00062305490DF10E0022F00AFA05B05DF834
S31508010A1004FB00BFC985030802E404082DE9F04771
S31508010A208DB288B0ADF8061007460146164602A8EB
S31508010A302A4628F069F8044688B9BDF808000A3537
S31508010A4040BAADB280B2ADF80650FFF7D3FF804683
S31508010A5048B9306808B1FDF7FBF800233360204632
S31508010A6008B0BDE8F08706212C48FDF7E5F80446ED
S31508010A703068844204D008B1FDF7EAF820463460AC
S31508010A80002849D0BDF8102098F8023052BA92B21F
S31508010A909A4201D20624E2E72A46394622F066FD41
S31508010AA004460028DBD18146824698F802302B4459
S31508010AB0ADF8063098F803105FFA89F39942BDF844
S31508010AC0062013D8BDF81030511B5BBA9BB2994268
S31508010AD0E0DC2B44B8F804109B1A9BB29942D9D88A
S31508010AE03946306822F042FD0446B8E738460DF12A
S31508010AF00601CDE905A7ADF81C2027F036FE044608
S31508010B000028ACD1316805A827F07AFF09F1010957
S31508010B1004460028CED0A2E70324A0E7C815002082
S31508010B20F0B506460D468DB002AC02F1200C2746FB
S31508010B3010685168083203C762453C46F7D1106808
S31508010B405BBA386092886946BA8000220092802290
S31508010B50ADF80430B3888DF800205A1CB2805BBA10
S31508010B6008222846ADF80630FDF780F848B901464F
S31508010B70284622F04AFB3A232946034802AA00F0EE
S31508010B80ADF90DB0F0BD00BFD82B00202DE9F0411D
S31508010B90044615468CB088462622002102A836F05E
S31508010BA049FA2946204628F049FA20B90024204660
S31508010BB00CB0BDE8F0810021812330222548CDE91A
S31508010BC000118DF80030FDF73DF806460028EDD0F6
S31508010BD004226946B8F80C7022F0B3FC0446A0BB9F
S31508010BE0B8F80A303A1D92B29B1A414630469BB272
S31508010BF022F0BCFC044640BB05F110031F4606ACB7
S31508010C0005F1200C224618685968083303C2634562
S31508010C101446F7D12B78FF2B08D002AA1346286869
S31508010C206968083503C3BD421A46F7D13A233146E6
S31508010C30094802AA00F052F9044630B908236A465F
S31508010C403046B18922F0E0FBB0E73046FDF700F8FF
S31508010C50ADE700BFC8150020D82B002070B50026C7
S31508010C6004460D4614223146C0E9016606700C3069
S31508010C7036F0E0F9094B2946C4E9083604F128009B
S31508010C8028F0C8F9294604F1300029F036FE29462C
S31508010C9004F13C0029F031F8204670BD51130108D2
S31508010CA06023F0B58BB0009340238DF80730938805
S31508010CB002AE5BBA28335BBAADF80430114B054670
S31508010CC00C460FCB86E80F0000F09EFB034606AEE6
S31508010CD000F11007324618685968083303C2BB4247
S31508010CE01646F7D129236A46214628468DF8063045
S31508010CF028F02FFA20B9282269462046FCF7B6FFC4
S31508010D000BB0F0BDF03700202DE9F3411F460B6803
S31508010D1015461A790446D2090E469DF8208048D010
S31508010D204268002A57D05B89B3F5A06F08D9002518
S31508010D300224284628F0EBF9204602B0BDE8F081E6
S31508010D40274805F108012CF07EF910B1B8F1000F1A
S31508010D50EDD02378DBB1B8F1000F18D01835284645
S31508010D6028F043FE98B9112F26D03A2F0FD12946DC
S31508010D7004F1280028F062F948B1306808236A4668
S31508010D80818922F041FB9DF80030802BCFD00023CA
S31508010D90314668469DF82420009328F049FB009DBA
S31508010DA0E0B92946204628F037FAD4E90131284620
S31508010DB0984700252C46BCE73068082381896A468E
S31508010DC022F022FBBDF80210064849BA89B229F079
S31508010DD0A6FE0028DBD000250424AAE70324A8E7F9
S31508010DE0C8350020082C00202DE9F74F084688460B
S31508010DF028F0C0FD4146074636482CF02CF94FF03D
S31508010E00000983464D46344BD3F834471CB9284666
S31508010E1003B0BDE8F08F21462E482CF02BF960BBB4
S31508010E202146404628F0EEFD237C0646834213D828
S31508010E302046019328F06FF9019B82461E4610222F
S31508010E404146204636F0CDF8002840D035B9237CF6
S31508010E50B34237D9254611E0BA46F0E7204628F0CD
S31508010E605AF90190284628F056F9019B83422046F3
S31508010E7007D228F050F95045E9D24E46B146646981
S31508010E80C4E728F048F90190284628F044F9019B5F
S31508010E90834205D9284628F03EF95045D7D3ECE7D1
S31508010EA0A27CAB7C5340D90702D5D307CFD4E4E75C
S31508010EB0B145CCD3E1D1214606482CF0CCF85845AA
S31508010EC0DBD1C4E7204628F026F90746C2E72546BE
S31508010ED09DE700BFC8350020702500202DE9F047A1
S31508010EE0112B80460D4616469946B1F80AA08AB0D6
S31508010EF002F110076FD1538C31463A464D4808F036
S31508010F00E1FA002867D06879C0F341002EF01CF891
S31508010F106023840104F47C6444F4C044009364BAF5
S31508010F2096F82530ADF8004096F82420C4F3072436
S31508010F3063F305149AFA9AFA8DF80140ADF804A0FC
S31508010F408DF806902AB9C3F3C00383F001039B0108
S31508010F50DAB230468DF8072028F07BFC002840D10C
S31508010F603378FF2B3DD0334602AC224618685968C0
S31508010F70083303C2BB421446F7D13B4606AA07F11A
S31508010F80100C144618685968083303C46345224689
S31508010F90F7D1384628F01DFDA8BB28226946284600
S31508010FA0FCF764FE0446B0BB28464B4606AA02A9CE
S31508010FB026F09DFA384628F018FD80BB96F82530AC
S31508010FC02A79C3F3001363F34512294640462A7169
S31508010FD028F0F9F81FE06879C0F3410028F0B1F864
S31508010FE096E739464046FFF7FFFE034600B302ACD3
S31508010FF000F1100C224618685968083303C2634584
S315080110001446F7D1B9E76A462946404628F0A1F8B9
S3150801101004460028C1D020460AB0BDE8F0876A46D2
S3150801102029464046FFF73CFE0028C7D00446F2E7AA
S315080110301424F0E7802D002070B50B480E4607F002
S3150801104053FC044610B10124204670BD074BD3F862
S315080110503457002DF8D03146284628F0D3FC2B7C8E
S315080110608342F0D96D69F4E76438002070250020C1
S315080110702DE9F3471D46DDE90A89002314462B703D
S3150801108088F8003089F8003014F8183F8246FF2B9B
S315080110900E4617462ED1204628F0A7FC28B97379A3
S315080110A013F0180318BF01232B7001232146284882
S315080110B088F8003028F05EFF28B133799A0605D5FD
S315080110C0012389F8003002B0BDE8F087737913F07F
S315080110D0180FF8D11F4890F85B301B07F0D407F1B9
S315080110E00801A0F6CC0029F01DF880F0010089F866
S315080110F00000E8E72146164829F014F80028DFD150
S31508011100204628F0C7FB30B1737913F0180318BFCE
S3150801111001232B70D7E721465046FFF78DFF08B10B
S315080111200123F6E722460C480DF1060307F10801EB
S3150801113007F02EFC18B1012388F80030C3E7054BE8
S31508011140BDF80620B3F85C309A42E9D1F3E700BF4F
S31508011150A42C002070350020643800202DE9F047C2
S3150801116092B006460D4608A80968914628F05DFD25
S31508011170044618BB2B685B79C3F3C103012B21D144
S3150801118003AC0DF10E030194009308AA0DF10D03AA
S3150801119030462968FFF76CFF2821286822F035F8C0
S315080111A09DF8263000948DF80F30294630460DF10A
S315080111B00F0308AA28F0ABF9044678B1204612B005
S315080111C0BDE8F0870AA828F054FB08B10224F5E720
S315080111D00EA828F04EFB0028D2D0F7E79DF80C3070
S315080111E09DF80D80002B00F08A809DF80F20292A92
S315080111F040F085802B6804904246294604A893F856
S3150801120004A028F015F9CAF3401A049F20B13846FC
S3150801121027F07DFF0324D1E73B7938466AF3451366
S315080112203B71B98922F064F83A46214645482BF0C4
S31508011230AAFA4A4605A930460597FFF78FFF05988A
S3150801124027F065FF8DF80C408DF80E40B8F1000FB8
S31508011250B4D02B685B7913F0180F09D13A482BF0F3
S31508011260F9FA0028AAD09DF82730013B8DF82730D6
S315080112709DF82730002BA9D08DF8183007210123B6
S31508011280286806AA22F037F99DF80F703A2F12D16D
S3150801129028680123818906AA22F0B6F8044600289F
S315080112A08CD107239DF81810284A013B8ED012F8D5
S315080112B0010B8142F9D128684679C6F3C106022E87
S315080112C011D1112F0FD10823818906AA22F09CF882
S315080112D0044600287FF472AF4BF6F073BDF81A2066
S315080112E09A423FF473AF2B6816480693002306A962
S315080112F02B602BF049FA069827F009FF5EE79DF85F
S315080113000E200AB9002BA1D0B9F1000F0BD143EA7F
S315080113100802CDE90032294630469DF80F3008AA61
S31508011320FFF7F2FC04469DF80C30002B8ED02A46B6
S3150801133030469DF80F30CDF8008008A928F091F8BD
S31508011340044683E738350020C835002050E40408F0
S31508011350014828F01FB900BFD82B0020F8B5074669
S315080113600D4616460024A64200D1F8BD1CB12846F2
S31508011370064922F0FAFB37F81420284652BA0449DE
S3150801138092B222F0F2FB0134EDE700BF18A7040878
S31508011390B2B10408F0B5034605460E46047C87B08B
S315080113A00734E4100134640801AA00F1100C174649
S315080113B018685968083303C763453A46F7D11B7855
S315080113C001A83B7028F079F922463146FFF7C6FF96
S315080113D02B7C0733772B03D83046054922F0C5FB0A
S315080113E030462A7C034907B0BDE8F04022F0BDBB70
S315080113F011C7040814C704080048704788E404089C
S315080114000048704758E4040800487047B8E40408DF
S3150801141010B50B7904469B0790B002D5002010B091
S3150801142010BD01A828F0CCF888B907A828F0C6FA93
S3150801143068B1124B93F85930002BEFD001A828F068
S3150801144028F99DF80A30062B07D0112B01D0022066
S31508011450E5E744F64C539842E0D0227904EB420280
S31508011460A242234601D1002303E0198802348142AE
S31508011470F6D1B3FA83F040094000D0E77035002071
S3150801148038B505460C4610460C49102235F0A9FD1B
S31508011490014648B9204628F024FC95F88C305A1C98
S315080114A085F88C20E37038BD4021204628F019FCC8
S315080114B0034BB3F85C305BBAA380EEE7F037002044
S315080114C0703500202DE9F8430027914606468846DF
S315080114D0844605463A463B463C469CF8031049B9BC
S315080114E006EB8700002C08BF0446C178002950D0B6
S315080114F08BBBFEE7BCF80010B5F800E071450DD0CE
S31508011500C64503D114B964460133DBB293429CBF85
S31508011510134605461A46284600236546414512D113
S315080115209CF80210494506D1052306EB8707FB708F
S315080115300220BDE8F88334B9A9EB0101090642BFC7
S3150801154064460133DBB201370133232FDBB20CF1D9
S31508011550040CC2D1C9E72988414504D11CB9013314
S3150801156006F18C04DBB293429CBF13460546012B58
S31508011570DED9D4B1B442DBD934F8043C4345D7D1DA
S31508011580AC420CD32846A04225460ED2B04218D208
S31508011590FEE78442F7D2B44200D2FEE705462A1B8B
S315080115A02146201D35F02DFD25460523084808212D
S315080115B0A5F8008085F80290EB7022F04DFB00201B
S315080115C0B7E7251F2A1A011D35F01BFDEDE700BFF8
S315080115D0B415002038B51C460B4B0D4693F85B3005
S315080115E01B070CD59188D27849BA89B2FFF76AFFE9
S315080115F028B16B7913F0180F03D00023237000204C
S3150801160038BD0220FCE700BF70350020002330B446
S3150801161001461C4600F18C05CA785AB1013AD2B284
S31508011620CA7022B101240A6840F823200133043123
S31508011630A942F1D1002100EB8300222B05DD64B913
S3150801164030BC0821064822F01FBBC2780430002AA4
S31508011650F5D000F8011C0133EFE730BC704700BF35
S31508011660B415002073B5154601290E46044614BF64
S315080116704FF400514FF480510E4822F02BF92B7D7F
S31508011680B3B9A368A3B1802328468DF80430009521
S3150801169028F070F99DF8053000F00F0023F03F039C
S315080116A003438DF805303146D4E902326846984736
S315080116B002B070BD98150020002342680A4902B994
S315080116C070478A420CD013461269F8E72BB9436072
S315080116D00023054A194628F065BB00221A61F7E777
S315080116E0024A9342F2D1FEE788E4040870E404084A
S315080116F000224368094903B970478B4204D01A4648
S315080117001B69F8E7136103E0054B002AFAD1436028
S315080117100021034B014A28F045BB00BF58E40408E1
S3150801172088E4040843680B491A461AB933B9094BC0
S31508011730436009E08A420CD01269F6E71A461B692A
S31508011740002BFBD1034B136100230121014A28F029
S3150801175029BB704788E4040873B5937C0546DB0901
S315080117600C46164638D0012914BF402120211E48AF
S3150801177022F0B0F8324621461C4828F0EEFD05F164
S3150801178014039E4203D305F174039E4222D3AB6828
S3150801179003B3337C00968DF80430B37C5A071ED503
S315080117A0C3F3C300B27C00F00F03C2F3000243EA9D
S315080117B00213F27C2146C2F3000243EA42139DF862
S315080117C00520684622F03F0213438DF80530D5E916
S315080117D00232984702B070BDC1F10201C7E730462F
S315080117E028F0C8F8DEE700BF981500204C2F002026
S315080117F038B5CB7C0546DB070C4603D520460A4996
S3150801180028F075F82A68134643B9626128462246C4
S315080118102C600121BDE83840FFF79EBF9C4201D0EC
S315080118205B69F1E738BD00BFB8370020F8B5054652
S3150801183004682CB9184E6C6806F11807BCB9F8BDCE
S31508011840E37CDB0711D5224600212846FFF784FFF2
S31508011850E37C204623F002031049E37428F047F895
S31508011860224601212846FFF777FF6469E1E7B4427A
S3150801187001D0BC420ED1224600212846FFF7F2FECE
S3150801188040222046054928F05BF8224601212846D0
S31508011890FFF7E8FE2469D1E708380020B8370020A9
S315080118A0F7B50B780546FF2B0C462DD10A460430B1
S315080118B001A928F04CFB48BB174E10222146304699
S315080118C035F08FFB20B33669002EF6D16E6F0EB355
S315080118D0336930466B6728F01FFB2346344603F10C
S315080118E01007224618685968083303C2BB421446D2
S315080118F0F7D16B6828463361324601216E60FFF7DE
S31508011900B1FE002003B0F0BD0720FBE71820F9E778
S315080119102520F7E70320F5E758E40408012310B565
S315080119200021037003460446054A416043F8082F1F
S3150801193003618022143035F07DFB204610BD00BFBF
S31508011940691A010843680BB10148184718467047D8
S315080119507015002038B50C460546F4F757FF00F513
S31508011960922101F5787159B1E16105F1080022F07A
S315080119702BFA2146BDE838400022024828F06DBA04
S315080119800121F1E7A42C002010B50C46034828F0E4
S3150801199043FAA37C23F00203A37410BDA42C0020F0
S315080119A010B50C4686B00A4801AA06F04BFF9DF809
S315080119B01620C2F34003920748BF9DF81530227ED0
S315080119C09A4216BF01200020237606B010BD00BF3B
S315080119D064380020F0B50546002789B000F11404E3
S315080119E000F19406B44201D109B0F0BDA37C9A076F
S315080119F001D42034F6E70197194802AA01A92CF067
S31508011A0003F950B1E369002BF3D1A37C2146DB0727
S31508011A10284621D5FFF79EFFEBE7284602A928F0BD
S31508011A20A8FB0028E8D0214602A828F0B2FB002826
S31508011A30E2D0284602A9FFF785FF18B121462846B4
S31508011A40FFF7A2FF21462846FFF7AAFF0028D0D0B4
S31508011A5004482BF06EFACCE7FFF796FFC9E700BFFB
S31508011A6064380020C8350020014828F0A2BB00BF11
S31508011A70142E002010B50A460C468AB020230721E9
S31508011A800B48FCF75FFA80B1202120461DF087FF3D
S31508011A9018B1202120461DF082FF202322460093FB
S31508011AA00721034802ABFCF761FA0AB010BD00BF73
S31508011AB0C4150020F0B5044695B0224B02A80F467E
S31508011AC01646019322F0A3FE204604A9FFF7D2FF8A
S31508011AD04FF4807502A822F0ADFE3A7C39460732EA
S31508011AE0D20802A822F0ACFE042202A80DEB0201DC
S31508011AF022F0A6FE0122314602A822F0A1FE2022EA
S31508011B0004A902A822F09CFE07F108040CA902A860
S31508011B1022F0B9FE20460CA927F040FE204627F000
S31508011B2089FE044638B13378013D0133ADB23370CD
S31508011B30002DCFD1012402A822F074FE204615B04B
S31508011B40F0BD00BF7770616E73B5002405460E4679
S31508011B508DF806408DF8074000F1140300F1940151
S31508011B608B4202D194B902B070BD9A7C92070CD50A
S31508011B70DA6932B13CB1E069121A34EA220428BFA3
S31508011B801C462033ECE71C46FBE71C46A37C9B0757
S31508011B9003D521462846FFF7F7FE0023E361727C49
S31508011BA02046D3090CBF8021317CC2F3800228F07C
S31508011BB09EF93146204627F0C0FE31460DF107024F
S31508011BC00B482BF007FF9DF80730214663760DF188
S31508011BD006022846FFF76EFF00232146284623768C
S31508011BE0FFF7DEFE21460348FFF702FEBBE700BF0B
S31508011BF064380020A42C00200023F0B5054689B0DE
S31508011C00224E0193224802AA01A92BF0FDFF08B131
S31508011C1009B0F0BD284602A928F0ABFA0028F1D090
S31508011C202846FFF78FFE0028ECD105F1140405F1CB
S31508011C309407BC4207D1D6F83447F4B9284602A915
S31508011C40FFF782FFDEE7A37C9A0701D42034F0E789
S31508011C50214602A828F09DFA0028F7D0E369002B4F
S31508011C60D0D09DF819305B07CCD500230122214637
S31508011C700848E36128F0F1F8C4E7214602A828F0EC
S31508011C8088FA0028BED16469D7E700BF702500200D
S31508011C9064380020A42C002030B504460D468DB0CA
S31508011CA00146684627F06CFF2846238A024902AA9C
S31508011CB021F05BFF0DB030BD18C704080368A3B156
S31508011CC0436893B1C26807230AB9827D6AB9026A71
S31508011CD0C375074B9A4294BF02620362426A9A42EB
S31508011CE094BF42624362002070470720704700BFD5
S31508011CF09AC42000F0B5C37D04468B420D4697B0C1
S31508011D001FD031B95022684602A921F006FFA368FF
S31508011D10A3B90120E57517B0F0BD0B496846002A3D
S31508011D2018BF39460A46094921F01FFF0136A1683D
S31508011D30B2B251F82230002BEFD1EAE72E46044F12
S31508011D40F5E70020E7E700BFA2CA040820C7040890
S31508011D50C8A3040838B50C4B044653F82150036848
S31508011D604BB1F4F753FDD4E90032811A8B4292BF85
S31508011D7000239B181B1A9D422CBF25602360F4F78C
S31508011D8045FD606038BD00BF30E5040838B54FF43D
S31508011D90E16300254FF4E15204468360144BC0E920
S31508011DA00055C0E90723C0E9045503468561456224
S31508011DB08562104A2C3028F094FD0F4B0F4AE366D2
S31508011DC02346C4E91955E56743F8802FC4F88830D6
S31508011DD023460B4A04F1980043F88C2FC4F8943033
S31508011DE028F0A8FA04F1700028F068FA204638BDF0
S31508011DF0007512008DA8030818E50408912D01083D
S31508011E0053A2030810B58B7C0C469A0701D400200F
S31508011E1010BDDB07FBD5084627F03CFD0028F6D1A7
S31508011E20214603482BF00FF980F00100C0B2EFE715
S31508011E30C83500202DE9F04190F8794007467CB174
S31508011E400026194BDFF86880D3F834575DB926BBED
S31508011E50164B93F87B42C4F3400484F00104E4B2C0
S31508011E602046BDE8F081454515D029463846FFF795
S31508011E70C9FFEA7CC2F34002904209D0002AEFD09A
S31508011E80AB7C99070ED513F0010302D01C46E7E790
S31508011E9008B10136B6B26D69D8E7BC88A41B18BF6C
S31508011EA00124DDE71446DBE77025002070350020A4
S31508011EB0D83700202DE9F04390F87A80044611F8C6
S31508011EC008300F464345914614BF01260026C56FC3
S31508011ED08DB018BF80F87A305DBBB8F1060F24D0F3
S31508011EE094F87A30062B20D194F8A030042B2FD001
S31508011EF0052B01D0032B18D104F13E0302AA04F1E4
S31508011F004E07154618685968083303C5BB422A4661
S31508011F10F7D1B4F84E300C21ADF8183012230F481A
S31508011F20009302AA07ABFCF721F830460DB0BDE8CD
S31508011F30F083B9F1010F02D12B6A002B06DAEB7D8A
S31508011F402846F95CFFF7D6FE3043C6B2ED69C3E70A
S31508011F500C210248FCF738F8E7E700BFC415002052
S31508011F60037870B504460D461646F3B100221249A8
S31508011F70FFF7A0FF04F12C0001F03EF8637823F087
S31508011F801F03637016B94FF4E163A360002120466D
S31508011F9028F012FA0021012D84F8A21005D104F1C6
S31508011FA09800BDE8704028F069B925B994F8A030C1
S31508011FB00BB184F8A05070BD10E5040810B50446AD
S31508011FC004490022FFF776FF2046BDE810400121AB
S31508011FD028F0F2B908E50408002330B50868A5B069
S31508011FE00C468DF88D301DF0B7FBC0B904AD7E23C4
S31508011FF02A460B211048FBF7A5FFC8B99DF88D3075
S315080120000322CDE9015301231146009320461823E3
S31508012010F4F7F4FC30B90B210748FBF7D5FF00208C
S3150801202025B030BD2068F4F799FD0028F3D0F7E70D
S315080120302068F4F793FDF3E7C41500200A6A10B582
S3150801204032F0004208BFC269124C4B6AA24228BF4D
S31508012050224603B9036AA34228BF2346C97D934290
S3150801206038BF1346052907D8032907D9826972B1EA
S315080120709A420CD000200CE00629FBD1416909B12E
S315080120809142F7D1816909B19942F3D142618361DC
S31508012090012010BD9AC4200030B5054687B00868EE
S315080120A00C4626F0F4FAE0B94FF400030E4A03A8E9
S315080120B0CDE90023D5E9051226F0C2FEBDF80E309A
S315080120C00A225BBA04339DB269465BBA2068ADF849
S315080120D0083021F036FA20B92A46206803A921F0EA
S315080120E030FA07B030BD00BF002904F82DE9F041E8
S315080120F0A2B0074601A80D46164622F088FB18220B
S31508012100002104A834F096FF354B286803930D2364
S315080121108DF8183036B3012E27D0286826F0B7FA7D
S315080121200446C0B928681C2203A9468921F009FA80
S31508012130044680B92946384628F08CF8044650B931
S315080121404022286812A921F0FCF9044618B931463B
S31508012150286826F082FC01A822F064FB204622B0FA
S31508012160BDE8F0814389AB81D7E7A98921F01CF83D
S3150801217028681C2203A9B0F80A8021F0E2F904466E
S315080121800028E8D132462946384628F06EF9044631
S315080121900028E0D101A822F04DFB296808F10A02BE
S315080121A04B8992B20A3BA3EB08039BB201A822F022
S315080121B04DFB22464346296801A822F047FB0AA996
S315080121C001A822F060FB286912AA0AA9F4F7DCFC27
S315080121D004460028BFD14146286820F0E5FF9CE760
S315080121E0001800FF70B50D461E4686B00DF10601B2
S315080121F004462846ADF8062026F0B7FABDF80620AB
S3150801220029460A3292B2ADF80620338903A85BBA89
S315080122109BB226F044FE20B1172800D1002006B053
S3150801222070BD049821F011FE084DBDF80E30A84284
S3150801223094BF60616561B3F5806F02D0059821F09E
S3150801224004FEA84294BFA061A561E7E79AC42000ED
S3150801225003782DE9F04105460E4617463BB100F1D4
S315080122603E01304628F011F818B3002410E000F1B9
S315080122702C080221404600F0C9FE044640B9314601
S31508012280404600F081FE044628B1404600F0B4FEFF
S315080122902046BDE8F081284628F0DDF9012FE4D172
S315080122A00548FEF751F9314605F1980027F0E6FF92
S315080122B0DBE70524ECE700BFA82E002008B590F857
S315080122C0793001467BB928F05DF8A0B90B4BD3F8F4
S315080122D0343753B98B804B674FF480730846A1F89E
S315080122E0783028F064F9002008BDDA7C22F0020271
S315080122F0DA745B69EDE70D20F6E700BF702500206B
S315080123000A228368B3FBF2F3034A03EB03139342EE
S3150801231094BF83608260704780EE3600002914BF3F
S3150801232008461046024B984228BF1846704700BF18
S315080123309AC420002DE9F04F0D460B6ACE7D43F075
S3150801234000438BB00B621168074628681446B1F83A
S315080123500AB026F072F90346002840F0A6802168E3
S31508012360E08826F0A0F90346002840F09E80043E46
S31508012370F6B2012E8CBF0122FE224FF4406152BAF9
S31508012380ADF80C10ADF80E2002D9384628F015FA2A
S3150801239021F05BFD049020680A2203A9B0F80A809F
S315080123A021F0CFF8034600287FD121686868B1F883
S315080123B00A9026F035F90346002876D15846216851
S315080123C026F071F9034600286FD10190414620682D
S315080123D026F043FB6289019B01326281AA68002AC1
S315080123E067D14846216826F05EF9034600285CD184
S315080123F02146384628F028F80346002855D162892F
S31508012400012E02F1010262814FD94846216826F060
S315080124104AF90346002848D1464B3846069328F020
S31508012420CCF921F012FD6B8A07905BBAADF8223020
S31508012430AB8A20685BBAADF824302B8A10225BBAC6
S3150801244006A9ADF82630468921F07BF8034660BB1C
S315080124502146384627F0FEFE034630BB3146206842
S3150801246026F0FBFA6389484601336381216826F021
S315080124701AF90346C8B9304B20680A2203A90393FF
S31508012480468921F05EF8034678B92268A97DE8688D
S3150801249026F0C7FC034640B901903146206826F06C
S315080124A0DCFA6289019B0132628118460BB0BDE8EC
S315080124B0F08F012E95D998469A46A9681FFA88F28F
S315080124C051F82200216800288BD0019226F0A8F83D
S315080124D003460028E9D1019A21684ABB1748B1F891
S315080124E00AA026F09DF803460028DED15846216841
S315080124F026F0D9F803460028D7D120680A2243894D
S3150801250003A9019321F01DF803460028CDD14846B9
S31508012510216826F0C8F808F1010803460028C4D145
S315080125200199206826F099FA638901336381C4E722
S315080125305046DDE7002100010010000127C7040805
S315080125407FB5124B0646019328F037F90D46144616
S3150801255021F07BFC4FF48053029021463046ADF8BA
S315080125600C3027F077FE70B90A22206801A920F0FD
S31508012570E8FF40B910222946206820F0E2FF10B989
S3150801258063890133638104B070BD00BF001C00017B
S3150801259010B5124B94B0009328F00FF90C4621F0B0
S315080125A054FC0F4B0190029340F603530E226946E1
S315080125B02068ADF80C3020F0C4FF68B9206904A979
S315080125C01DF0D1F940B94022206804A920F0B9FFCD
S315080125D010B963890133638114B010BD0019000174
S315080125E00044020170B504460D4627F033FE002863
S315080125F057D12946204627F027FF002851D16A8955
S3150801260094F8796001326A81002E44D0254BA08066
S31508012610D3F83467EEB9A38883B92A4620462249F6
S31508012620FFF78EFF00283CD1204A92F87B3243F00F
S31508012630020382F87B32A3880133A3802946204608
S3150801264027F008FE68BB29462046BDE87040FFF71B
S315080126509FBF31462046FFF7D5FB70B12A46314662
S315080126602046FFF76DFFE0B9F37C43F00203F374EC
S31508012670A3880133A3807669CCE7F37C60F3410331
S31508012680F374F8E7616F2A46204601EB0311FFF759
S3150801269057FF013628B994F87820F3B29A42F1D84F
S315080126A0CCE770BD70250020D83700207035002092
S315080126B038B50B6A8D6933F0004408BFC469F4F76D
S315080126C0A5F8064B4FF4FA72A34228BF2346401BCE
S315080126D002FB0300C043C00F38BD00BF9AC42000E7
S315080126E0F8B590F87A300446043B012B0E46C56FBF
S315080126F040F2838000232A46C0E90533434F62B975
S31508012700002D32D13379002B44D1E56F002D41D00C
S31508012710EB7D062B52D0ED69F8E7136A33F00040DA
S3150801272014BF0146E169536AB94228BF394603B95C
S31508012730236A1062D07D032803D0052807D0012813
S3150801274011D1606910B1814200D0FEE76161BB42D7
S3150801275028BF3B468B4238BF0B46A16911B18B4254
S3150801276000D0FEE7A361D269C9E7EB7D062B01D14B
S31508012770ED69C5E729462046FFF760FC0028F7D032
S31508012780324629462046FFF7D5FD00282FD1337951
S31508012790002BEDD0626902B9E2691C49A3698A4234
S315080127A028BF0A4603B9236A8B4228BF0B46A36191
S315080127B09A4294BF62616361002018E02946204667
S315080127C0FFF73CFC0028A6D029462046FFF770FFF4
S315080127D00028A0D0EB7D3246022B18BF02232946DA
S315080127E018BFEB752046FFF7A5FD002893D0F8BD65
S315080127F02B6A43F000432B62ED69002DF8D163780B
S315080128006561DB0658BF256AA561D5E79AC420002C
S3150801281030B50C4685B0054601A827F044FD0023CE
S315080128202146E380A360234B284641F8103FFFF772
S31508012830D3FB00283CD16B880C225BBAADF8043077
S315080128404FF48073206801A9ADF80830ADF80E3051
S3150801285020F077FE60BB2168E86E4B89E38025F09E
S3150801286038FF28BB144B042269462068009320F0E0
S3150801287068FEE8B921462846FFF732FFC0B9214666
S315080128802846FFF7AFFE98B9638901465BBA206807
S31508012890ADF80C3001AA0C2320F02DFE214628465E
S315080128A0FFF7FAFB20B9024621462846FFF71EFC28
S315080128B005B030BD0700020000060001002170B511
S315080128C0382290B00446514801910591FBF7BAF9AF
S315080128D005460198A84203D008B1FBF7B9F9019555
S315080128E0002D74D00023204601A98DF80830FFF782
S315080128F08FFF0546002851D1019843893033B3F536
S31508012900A06F39D2012220464149FFF7D3FA10B107
S31508012910204627F0E9FD204601A927F0BAFD05461C
S3150801292000283BD1019E0146262206A834F082FBE7
S31508012930314606AA04F12C0000F056FB0646054668
S3150801294060BB0190F3F762FF6378E06066F3030307
S3150801295020466370032127F02FFD2E4890F85B303F
S315080129601B0703D40B21383022F0E8F9019808B186
S31508012970FBF76EF910B070BD012629468DF808607F
S3150801298020F012FC324624492046FFF793FA2046E6
S3150801299001A9FFF73DFF05460028B3D0237804F1C6
S315080129A08006052B1CBF05232370637803F00F02ED
S315080129B0072A0ED8013262F303030A216370FA204B
S315080129C021F014F80146304621F0E7F9CEE7032550
S315080129D0E4E70521A0684FF6FF73B0FBF1F19942D0
S315080129E028BF194689B2B1F5FA7F38BF4FF4FA7193
S315080129F020F0FCFF0146304621F0CFF92046294652
S31508012A00FFF77EFC27F01BFDB0E700BFC8150020C5
S31508012A1000E5040870350020F8E4040810B50446FA
S31508012A20094829F010FF68B123785BB994F8A030FA
S31508012A30012B07D104F18C004FF47A71BDE81040DF
S31508012A4021F0ABB910BD00BFC835002010B504464A
S31508012A500B4829F0F8FE50B12046FFF7DFFF23782F
S31508012A60012B0BD12046BDE8104027F0F4BD237891
S31508012A7023B12046BDE81040FFF7A0BA10BD00BF3C
S31508012A80C8350020014B53F820007047D0E40408EC
S31508012A902DE9F04305468FB008A80F46144627F0DE
S31508012AA096FE3A4968462BF08FFB297800296AD1A8
S31508012AB0122203A834F0BEFA12230C21344803AAC1
S31508012AC0FBF740FAB0FA80F676094FF0170905F1D7
S31508012AD098083E353946684608AA06F007F9D0B976
S31508012AE0404627F02EFCD0B1284608A927F0CDFB91
S31508012AF0A8B1224608AB0CAD1C4603CCAC4210600B
S31508012B005160234602F10802F6D14FF00009206808
S31508012B101060A388938048460FB0BDE8F0835EB184
S31508012B20102203A908A834F05CFA28B9BDF83020A8
S31508012B30BDF81C309A42DCD0B9F1170F0CD09DF8BC
S31508012B403220A37C9A4207D81AD11022214608A816
S31508012B5034F047FA002813DA234608AA0DF1300E95
S31508012B609446BCE80300F44518605960624603F1CF
S31508012B700803F5D1DCF800001860BCF804209A8037
S31508012B804FF00009A6E700269FE700BF7015002051
S31508012B90C41500202DE9F041044690B0684627F097
S31508012BA016FE0AA827F013FE94F8A0806D46B8F120
S31508012BB0000F5ED023782BB104F1980027F0C1FBF2
S31508012BC0002856D0284627F002FE002120460AAAE8
S31508012BD0FFF75EFF70B994F8A030032B02D00323E8
S31508012BE084F8A0302E460AAF0FCF0FC63B68338054
S31508012BF000261FE005AE3146364805F0EFFFD8BB83
S31508012C0096E80F0085E80F00352394F8A020ADF863
S31508012C101030042A9DF8243006D194F8A1209A424E
S31508012C20E6D084F8A13004E084F8A130042384F8BE
S31508012C30A030012623785BB1294604F13E0027F02E
S31508012C4024FB00B1AEB1002201212046FFF788F925
S31508012C50284626F0FEFD0146D8B104F1980027F072
S31508012C6070FB30B194F8A030022B02D0022384F80D
S31508012C70A03010B0BDE8F081012120460AAAFFF76D
S31508012C8007FF0028B4D194F8A030052BAAD0052354
S31508012C90A6E7B8F1020F17D00AD9A8F10308B8F1C7
S31508012CA0020F15D9012229462046FFF7D1FAE0E796
S31508012CB0D4F8942004F18C039A4208BF012104F147
S31508012CC02400FFF747F8EDE7414604F12400F8E749
S31508012CD00321FAE76C390020F0B504468FB003A842
S31508012CE00D4627F074FD03A827F071FD237833B14B
S31508012CF094F8A010042902D01CD8032935D003A8BA
S31508012D0026F0A7FDA0B903A904F13E0027F0BDFAF4
S31508012D1070B994F87A300BB184F87A00012220460A
S31508012D201146FFF71DF90122204603A9FFF790FA7C
S31508012D300FB0F0BD4B1F5E425E4125B194F87A3063
S31508012D40012BDCD8002504F13E0708A827F03FFD32
S31508012D5068460E492BF038FA3146684608AA05F046
S31508012D60C5FF20B1002DF0D1C9E70026E5E735B149
S31508012D7003AD08AE0FCE0FC533682B80BFE73846C3
S31508012D8008A927F082FA0546E6E700BF7015002074
S31508012D90014827F04FBD00BF4C2F0020F0B504466F
S31508012DA00E4689B005A827F07EFA2378B189012B4A
S31508012DB0ADF8061043D9042B41D00C23304605AA99
S31508012DC020F022FB00283AD19DF81630DA0936D0D0
S31508012DD003F07803282B32D1BDF8143062885BBA28
S31508012DE09BB29A422BD14C4890F85B301B0702D410
S31508012DF0383021F074FF00279DF8170084F8A27077
S31508012E0000F00F00FDF7ACFD0546D0B194F87A3015
S31508012E102046012B08BF84F87A70FFF771FA2378E8
S31508012E202946052B1CBF0523237027F008FB1D2DFA
S31508012E3001D0082D03D101212046FFF74DFF09B026
S31508012E40F0BDBDF806300C33ADF80630BDF81830C4
S31508012E508BB1B3F5807FF2D130460DF1060125F02D
S31508012E6084FC0028EBD1BDF80630728904339342FD
S31508012E70E5D8ADF80630BDF81C50BDF81A306DBA64
S31508012E805BBA1D44BDF81E305BBA1D44ADB2DDB94F
S31508012E9063694FF47A70F02B30D9783B584343F67F
S31508012EA0982120F0A3FDE3681844E36FE06053BB63
S31508012EB001221A492046FEF7FDFF204627F039FB75
S31508012EC0204627F074FBBAE7304602AA0DF106013F
S31508012ED0BDF8067027F051FB0028B0D1BDF80830BF
S31508012EE0013DB3F5245FADB2D1D13A46314620460C
S31508012EF002ABFFF777F90028C9D0A0E74343E0689A
S31508012F0000EB5300D1E7DA7D02F0FD02012A04BF86
S31508012F10E2689A61DB69CAE770350020F0E40408C3
S31508012F20F8B5064610460D46144626F092FCA8B199
S31508012F3022462B4604F110071C46106851680832D0
S31508012F4003C4BA422346F7D1128822802B8A1BB9B9
S31508012F50304627F000FD2882002009E02378FF2B60
S31508012F60E6D02146034827F0DDF80028E0D10720FE
S31508012F70F8BD00BFA42C00200A4601460148FFF708
S31508012F80CFBF00BF082C00200A460146014827F09A
S31508012F9005BD00BF082C002037B5138C0C465BBA5B
S31508012FA0ADF80030538C15465BBAADF802304B8943
S31508012FB0082208335BBAADF8043000236946204677
S31508012FC0ADF80630FAF752FE48B90146204620F018
S31508012FD01CF911232A4621460248FDF77FFF03B053
S31508012FE030BD00BFD82B002013460A4601460148CA
S31508012FF027F0ECBC082C002008B50146024827F04A
S31508013000A6FD002008BD00BF082C002007B5836A6D
S315080130100A4600930146436A034827F0AFFD00209C
S3150801302003B05DF804FB00BF082C002007B5012298
S31508013030684622F072FF69460248F3F7B7FE03B005
S315080130405DF804FB701500200148F3F7DDBE00BFEB
S31508013050701500200148F3F7FBBF00BF701500206B
S31508013060014823F0F9B800BFEC330020014823F0EA
S3150801307074B800BFEC330020014823F08AB900BFB9
S31508013080EC330020014823F081B800BFEC3300205F
S315080130900048704700F8FF0710B50B780C4686B054
S315080130A033B94B691B78FF2B02D019481FF013FB64
S315080130B010230021206902AA21F018F800BB082371
S315080130C06A460321206921F011F8C8B9114BD3F8D2
S315080130D03447ACB11022204602A933F082FF28B941
S315080130E0082269460C4833F07CFF08B96469F0E7A1
S315080130F021460A481EF09DFD20B1094827F0EFFE3A
S3150801310006B010BD2146074826F086FEF8E700BF3F
S31508013110802D002070250020E03700203C3A002051
S31508013120643A0020A42C0020014800F01BB800BF17
S31508013130C03A002010B50446024A27F08FFD204602
S3150801314010BD00BF29310108054A0160D2F8542E85
S315080131501140016009B927F08CBD27F092BD00BF67
S315080131607025002070B505460446002215F80B1F88
S31508013170114829F051FCFF262946204621F0F0FC8A
S3150801318070B9E27A237B9A420CD02189606820F0D3
S315080131902DFC014604F11000BDE8704020F0FDBD8C
S315080131A0E672E9E7A37A002BEFD0013BDBB2A37203
S315080131B0002BEAD170BD00BFC83500200148FFF7D2
S315080131C0D1BF00BFD83B0020002310B5C0E90033AA
S315080131D08360FF23C3600346064A044643F8102F5B
S315080131E08361054A1C30FAF7C9FF4FF4FA73204682
S315080131F0238110BDBD310108FD310108014827F0C1
S315080132007EBD00BFD83B00200A4B13B593F8593051
S31508013210022B04D802B0BDE8104027F066BD08238A
S315080132200093054B00211A461C3021F080F802B0A4
S3150801323010BD00BF70350020807F0A00024B93F84D
S31508013240523E037327F01DBD70250020002313B5D8
S31508013250044601A90C480193FCF788FE88B901992F
S3150801326079B1236899420CD02046FFF76DFF01A872
S3150801327021F08BFC054BB3FBF0F320466360FFF7A7
S31508013280DDFF02B010BD00BFB4320020C13F05000A
S3150801329043888B4208D04180044890F85930022B64
S315080132A002D1583029F0F5BE704700BF70350020AD
S315080132B038B5044634F8083B054683B10A4890F800
S315080132C0593063B1383801F0ADFC40B94FF47A7121
S315080132D02B8820465943BDE8384020F05EBD20467C
S315080132E0BDE83840FAF702BF703500204FF40103F4
S315080132F010B5036003460446044ABE2143F8082F65
S31508013300036127F018FD204610BD00BF813301086F
S3150801331038B500F1080304460069984212D08AB10B
S31508013320094D95F85930022B0CD105F1C00001223F
S315080133302AF084FA8035854204D12046BDE8384012
S31508013340FFF7B6BF38BD00BF7035002038B50B4D45
S31508013350044695F85930022B0BD1A5F1380001F036
S3150801336061FC30B9A38805F158000133A38029F01F
S3150801337090FE2046BDE83840FFF79ABF7035002019
S315080133800148FFF7E3BF00BFAC3A002010B596210C
S3150801339004460348FBF7B4FF00F5FA60206010BD48
S315080133A0B83300202DE9F84F1B480C4693469A4638
S315080133B01CF0AEFE06468946D4E91681A02045468C
S315080133C0B4F85070B4F852404743E4FB00513A460A
S315080133D02846002313F0AAFD941949EB03053A463A
S315080133E000233046494613F0A1FDA41A65EB0305EF
S315080133F01AEB060049F10003844275EB030306D371
S31508013400A4EB0803CBF80030201ABDE8F88F3C1965
S3150801341045F10005ECE700BF70150020436837B594
S3150801342005461BB90024204603B030BD93F8482051
S31508013430D209F7D0B3F85020002AF3D00C6800F16E
S315080134400C022146274827F016FE0028EAD16968AA
S315080134508B6BAB60002BE5D091F8463013F01F0F4C
S31508013460237F04D191F8482012F07F0217D043F048
S3150801347002032377204691F8451022F051F8206877
S3150801348027F060FC70B16B682046196C22F099FA36
S315080134906B68204693F8441022F0D5FA02E062F3ED
S315080134A0410323776968104A91F849300BB992F8B4
S315080134B0523EA376A37192F8523E2846A37601AAF4
S315080134C00023FFF76FFF2B6803F2DC538342A9D36E
S315080134D0019B63616B689B6D2361237F43F0040342
S315080134E02377A0E7943500207025002030B50E2AF1
S315080134F00D461C4685B01CD003D82AB10B2A2AD002
S31508013500FEE70F2A27D0FBE793F8483062F3060354
S3150801351084F8483094F8463062F3040384F8463058
S315080135201346009400F10C021D4827F0A6FD05B0CC
S3150801353030BD086827F006FC10B10B7FDA072AD5DB
S3150801354094F848305A1C02F07F0262F30603032AF4
S3150801355084F8483020D8AB88002BE8D0284621F0DB
S31508013560D5FF84F84500286827F0ECFB0028DED053
S315080135702B7FDB07DBD503A9284622F012FA039B2A
S31508013580284623640DF10B0122F049FA9DF80B3008
S3150801359084F84430CBE7FEE7002384F84830DAE7BD
S315080135A09435002000220A4910B5C0E902120146E5
S315080135B0084CC0E9002241F8104FC0E90612026220
S315080135C0828490F8262022F0030280F8262010BD76
S315080135D0613801089D3801082DE9F043DFF8748147
S315080135E00C4698F80C1885B01746994605469DF875
S315080135F030200D9B002900F09F8090F824100029A7
S3150801360040F09C8090F8261062F3000180F826109D
S3150801361082B1002B40F0898002A9A8F58050F4F701
S3150801362023FA02A9084623F09FFC05F11C0102A80A
S3150801363023F0FEFD0E9B2B600F9B6B6095F82630E1
S3150801364023F0020385F82630D8F8542E2A62236817
S315080136500BB11A402A6210213A4802F05BFA064673
S3150801366000286DD01A21478202AA20F0B1FD04462E
S3150801367000285DD1B9F1000F0CBF502358238DF8EE
S3150801368005008DF8043080210223304601AA20F076
S315080136903FFD044600284BD13046BDF8081020F0FE
S315080136A002FE0446002843D12A46274930461FF020
S315080136B00FFEFDF7A5FE0146304602F027FB04463C
S315080136C0B0BB4FF6FF739F420FD1B8F8503EBB42CD
S315080136D00BD122F004FC01461C48FAF789FF95F83C
S315080136E0263043F0020385F82630FF23294605F1E3
S315080136F0200001F8253F21F033FA002814BF0223E0
S315080137000123134885F8243090F859303BB190F8D5
S315080137105B301B0703D40121383801F08BFAFDF71A
S315080137206FFE204605B0BDE8F0831868E86181E7B9
S315080137303046FAF78DFAF4E70D24F2E70524F0E7A7
S315080137400324EEE7C835002077AD0308B833002017
S31508013750703500207025002090F8243010B5012B13
S315080137600C4606D013F0FD0F14BF0C460024204664
S3150801377010BD90F825100348A171A17621F0AAFB86
S31508013780F5E700BFB833002010B50446184890F88D
S3150801379059303BB190F85B1011F0080102D1383865
S315080137A001F048FA94F82430012B02D0022B07D0F5
S315080137B010BD04F11000FAF799FC0E4828F05DFED9
S315080137C00D4821F047FB94F826309B070AD54FF69A
S315080137D0FF710948FAF70CFF94F8263023F0020323
S315080137E084F8263004F10800BDE81040FAF718BC41
S315080137F07035002038350020B833002038B590F8E8
S3150801380024300446012B0D4602D0022B1FD038BDA9
S315080138100AB10F2A18D12B7943F001032B71F2F75C
S31508013820F5FF2246A8610C4928461FF051FD0B4AAF
S3150801383004F11000137A4FF4967143F004031372DE
S31508013840BDE8384020F0A9BA022380F82430204682
S31508013850BDE83840FFF798BF77AD030870350020FB
S31508013860014827F08EBA00BF3838002090F8243076
S3150801387010B5012B04460DD100F12501203021F0A8
S315080138806FF910B1022384F824300348BDE81040CB
S3150801389028F0F3BD10BD00BF383500200148FFF7F9
S315080138A0E5BF00BF3838002038B500250446084B67
S315080138B085604360838B857703F0FE038383056206
S315080138C045642C3026F00AFB6562A562204638BDA0
S315080138D0493D0108002313B504468DF80430082133
S315080138E00123054801AAFAF72DFB10B99DF8043002
S315080138F0A37702B010BD00BFC41500201FB5837F92
S3150801390008218DF8083001230448009302AA03AB65
S31508013910FAF72CFB05B05DF804FB00BFC4150020BF
S3150801392037B5837F00F12C0104460DF107020948DA
S315080139308DF80730FEF7BEF8054640B99DF8073001
S31508013940A27F9A4203D02046A377FFF7D7FF2846DE
S3150801395003B030BD142E0020012310B54377044669
S31508013960F2F754FF04F12C0120620248BDE8104029
S31508013970FDF73EBFA42C0020437F10B5022B044659
S3150801398007D1037FDB0704D50246094909481EF01A
S3150801399007FD002294F83E30627762F3000384F84B
S315080139A03E3004F12C010448BDE8104026F034BA33
S315080139B0E9AF0308802D0020A42C002070B5044629
S315080139C008460D4625F036FF08BB04F124063046A5
S315080139D025F0C4FE28B908222946304633F001FBF2
S315080139E098B133462868696803C30A4804F12C016B
S315080139F026F098FB48B12046FFF7BEFF636A2046CA
S31508013A0063637368A363FFF7A7FF002070BD0720F0
S31508013A10FCE700BFA42C002038B54B1E012B044639
S31508013A200D4611D8037FDB0704D502461E491F48F8
S31508013A301EF0B6FC2046FFF79FFF022D08D11C4D4C
S31508013A4095F8E8346BB9FEE7032902D00029F6D0C8
S31508013A5038BD00F12C01174826F064FB0028EED08A
S31508013A60F6E784F83C3004F12C03102200211846AD
S31508013A7033F0E0FA05F59B6104F1240525F05DFFB5
S31508013A80284625F06BFE40B9636A6363A36AA3639C
S31508013A902046BDE83840FFF75FBF2046FFF740FFE5
S31508013AA00028F5D0D4E700BFE9AF0308802D002030
S31508013AB070350020A42C002070B500F124050446B9
S31508013AC0284625F04BFED0B90822294604F13400D0
S31508013AD004F12C0633F085FA70B93146084826F008
S31508013AE021FB48B12046FFF747FF2046FFF718FF9D
S31508013AF010B92046FFF730FF002363626B6070BD83
S31508013B00A42C0020436C052102480BB920F0BCB84F
S31508013B1020F0A2B8B41500201FB5044601A90B4828
S31508013B201EF06EF880B9BDF806100120012901D9E9
S31508013B301FF03CFFB4F844300BB1834204D9A4F812
S31508013B4044002046FFF7DEFF04B010BD3C3A0020D2
S31508013B5070B58E0504460D4686B012D500F12C06C1
S31508013B603146154826F0DEFA58B11448314601AAFD
S31508013B7004F068FE9DF81630980702D42046FFF730
S31508013B80FBFE0F4828F05FFE10B9606406B070BDF1
S31508013B90690707D50B4B93F858305A0702D52046C3
S31508013BA0FFF7BAFFEB07F1D50121204606B0BDE8BC
S31508013BB0704027F0A5B900BFA42C00206438002066
S31508013BC0C83500207035002001F0FD01012910B526
S31508013BD004460DD1074890F85B309B0703D4803023
S31508013BE027F073F920B12046BDE81040FFF794BFCE
S31508013BF010BD00BF70350020F0B504468DB04948A8
S31508013C0028F021FE20B34FF6FE73474EB6F8CC24B2
S31508013C109A421DD0237FD9071AD496F85B309A07A2
S31508013C2004D406F1800027F050F988B1637F012B8F
S31508013C300ED194F847305BB92E213C481EF064F842
S31508013C40054638B90521204627F064F9002D64D1C7
S31508013C500DB0F0BD637F012B25D194F8473013BB16
S31508013C6004F12C0304AA04F13C0C17461868596898
S31508013C70083303C763453A46F7D11023002128467E
S31508013C800DEB030220F044FA002844D1082303214E
S31508013C902846274A20F03CFA00283CD102236377BC
S31508013CA0F2F7B4FD206296F85B309B0703D42148EE
S31508013CB027F00BF910BBB6F8CC241F4908A825F044
S31508013CC047FE29461D4B1948009408AA2BF016F9F8
S31508013CD0074600BB237F04F10C0543F00103237754
S31508013CE004AB0FCB85E80F00676496F85B1011F0FB
S31508013CF00801ADD1124821F021F8A9E711480DF1C3
S31508013D000F01F9F783FC30B99DF80F10054808AA89
S31508013D1028F0CCFDD5E7032894D02846F9F798FF73
S31508013D2096E700BFC835002070350020802D002099
S31508013D30E0370020F0350020B8370020E9AF030846
S31508013D40A83500203C3A00200148FFF755BF00BFBF
S31508013D50643A002070B5054686B008460E461EF040
S31508013D6099FD03061ED5062306AC8DF8073005F125
S31508013D700C030FCB04E90F00274802A91DF059FFD0
S31508013D80002847D0254802A926F0CCF90446D0B127
S31508013D909DF80730062B1FD8DFE803F019223034C7
S31508013DA038383800042130460DF1070220F065F94C
S31508013DB0044640B901461023304602AA20F096F976
S31508013DC004460028D8D02846FFF79CFE05E0F2F7FE
S31508013DD01DFD032328626B770024204606B070BDBB
S31508013DE00E4805F12C0126F09DF90028F4D0284645
S31508013DF0FFF7C2FD2846FFF7AFFDEDE72846FFF7B7
S31508013E00BBFDE9E7284627F06AF8E5E72846FFF704
S31508013E1083FEE1E70224D6E73C3A0020A42C0020E1
S31508013E2038B50B7805460C4613B904481EF053FC01
S31508013E3028462169BDE83840FFF78CBF802D002050
S31508013E400022C0E90422C0E90622026202460249AA
S31508013E5042F8241FC2627047E13F01082DE9FF417C
S31508013E60D0F8208005460E46B8F1000F74D13621E8
S31508013E7030690DF1070220F000F90446002860D1E7
S31508013E809DF807303721012B38BF0123032B28BFA3
S31508013E900323306902AA8DF8073020F001F9044698
S31508013EA000284ED1382130690DF10A0220F0F8F8C0
S31508013EB00446002845D1306903A923F0EEF80446E3
S31508013EC000283ED1039B002B4AD0132127481DF019
S31508013ED01BFF0746002845D0039923F0EDF8044651
S31508013EE0002841D13921384605F11E0220F070F922
S31508013EF00446002838D1AE46039BC5E904339DF82C
S31508013F0007302B77BDF8083072692B83BDF80A3064
S31508013F106B8302F110032032F44618685968083396
S31508013F20ACE803009342E646F6D1286A874202D0F6
S31508013F3027F05CF82F624FF47A7105F124001FF01F
S31508013F402CFF2246314609481EF0C8FB404627F099
S31508013F504DF804B0BDE8F0814FF000080524F0E7FC
S31508013F600724EEE70324ECE7B846EAE7802D0020AC
S31508013F7010B5C18B0446006A20F095F930B922467E
S31508013F80216A05482AF0C3FF00B92062206A27F092
S31508013F902DF80023236210BD802D0020036A13B576
S31508013FA00446B3B1037F7BB141690094484201409D
S31508013FB0094B628B094820F0DDFF50B1204602B05B
S31508013FC0BDE8104027F016B802B0BDE81040FFF76B
S31508013FD0CFBF02B010BD00BF5BB00308B8330020E5
S31508013FE00148FFF7DBBF00BF003B00208B0513B577
S31508013FF004460AD5036A43B105480DF1060129F0BD
S31508014000E0FF10B1204626F0F5FF02B010BD00BF53
S315080140106438002038B50024054D2146C5F8984076
S3150801402005F18C0021F0A1FFC5E9244438BD00BF84
S315080140307035002070B5064686B001A815460C46AF
S3150801404020F0BEFB0023326803A901A80393ADF84B
S315080140501030059220F0C7FB042269460DEB0200D9
S3150801406024BA009420F0C5FB062201A8054920F0D0
S31508014070C0FB294601A820F0C2FB01A820F0ABFB32
S3150801408006B070BD49E5040838B50C461546283012
S3150801409021F06BFF2A462146BDE838400148FBF767
S315080140A015BC00BFEC330020836A994207D3036B22
S315080140B001319942816202D3014803F0A9B87047D8
S315080140C0C8350020C36A426B01339342C36202D3E7
S315080140D0014803F09DB87047C835002000230249FE
S315080140E0038740301FF059BE80EE360030B50446CE
S315080140F0114887B00D4605907AB1059826F0BEFF9E
S3150801410010230222CDE9015301231146009305A884
S315080141100923F2F773FC20B1FEE71BF01DFB00280B
S31508014120EBD02068059B984201D026F0A7FF059B96
S31508014130236007B030BD00BF0100020010B5044678
S31508014140083021F032FF04F1500021F02EFF074814
S3150801415021F02BFF054B1C4603F1100021F025FF2A
S3150801416004F12000BDE8104021F01FBF14340020DF
S315080141700148FAF72DB800BFD42B0020F0B5044644
S315080141804FF0004797B041680EAAFFF753FF02ADFB
S315080141900EA9002204F1080021F00FFF284627F096
S315080141A065F80AAE06A8029727F060F83046069722
S315080141B027F05CF8284612A901220A9721F0FDFE8C
S315080141C0616820460EAA0139FFF734FF12A906A82D
S315080141D0012221F0F2FE616820460EAA0131FFF79D
S315080141E029FF304612A9012221F0E7FE626808215B
S315080141F002F07F02CDE90056034806AB0132FBF710
S3150801420005FB17B0F0BD00BFEC330020436870B55D
S315080142108B4204460E46154606D1BDE870404FF45A
S31508014220807111481FF062BBEA0701D5838FCBB9AC
S31508014230002220461146FFF727FF00232046E362A6
S315080142406660FFF79BFF2046FFF748FFAB0748BFAD
S31508014250638F4FF4807148BFA3870348BDE8704058
S315080142601FF038BB70BD00BF9815002010B5044675
S31508014270074940301FF091FD238F01332387A38F10
S315080142800BB1013BA3872046BDE8104026F0F2BFDB
S3150801429080EE36000148FFF7E9BF00BF483300202A
S315080142A013B504460868B4F8642083B2012B98BF95
S315080142B00223019098BFADF804309A4205D05D22D9
S315080142C053436422B3FBF2F36387042204F16400C7
S315080142D00DEB020132F085FE50B94FF48011084802
S315080142E01FF004FB204602B0BDE8104026F0C2BF0D
S315080142F001984FF48011606601481FF0EBFAF1E767
S315080143009815002038B5044600680D46884206D13E
S31508014310BDE838404FF480210C481FF0E7BA26F073
S31508014320ADFE4FF48021094825601FF0D3FA4FF4FA
S31508014330807106481FF0CEFA002320466360FFF716
S315080143401DFF2046BDE83840FFF764BE98150020DA
S3150801435030B503680446002B0D4685B00FDB694668
S3150801436026F05AFF10222946684632F03AFE30B93D
S315080143704FF480210F481FF0B9FA05B030BD01226C
S3150801438029462046FFF7B2FE4FF4802109481FF05F
S31508014390A1FA4FF4807107481FF09CFA00232046C2
S315080143A06360FFF7EBFE204605B0BDE83040FFF736
S315080143B031BE00BF9815002070B5002504464FF0A0
S315080143C000464560083026F051FF04F11800A66042
S315080143D026F04CFF4FF01C73A3632346114AC4E928
S315080143E00B55A6616563A58743F8402FA36404F1BD
S315080143F0500026F03BFF04F164002665256626F089
S3150801440049FE94F8683065F3000384F86830F2F7DA
S31508014410C7FA04F1280029462660E66421F0A5FDBD
S31508014420204670BD95420108002330B5084685B07F
S3150801443013600D4614468DF80C3025F02BFA10B989
S31508014440132005B030BD05F1080101A821F077FD5B
S315080144500122064801A929F0F1F920600028EFD0C8
S31508014460038C032B34BF1B200020EAE730360020DB
S315080144702DE9FF41154601AA0E461F46DDF828809B
S31508014480FFF7D2FF0446E0B9FDB140F203233846EF
S31508014490ADF808308DF80A5027F078F98DF80B0039
S315080144A0B8F1000F04D0404603A927F04EF9044697
S315080144B002343146064802AA8DF8094028F01CFB49
S315080144C00446204604B0BDE8F0810724F9E700BF99
S315080144D0C835002070B594B0144603AA0E461D4689
S315080144E0FFF7A2FF60B9402D0CD8631EDBB2FD2B86
S315080144F008D8224631460448009504AB28F0C5FA87
S3150801450014B070BD0720FBE7C83500202DE9FF412F
S31508014510154601AA0F461E46FFF786FFB8B90DF1E3
S3150801452008080290A8F804008DF8085036B13046FC
S315080145300DF1090127F009F98DF80D0015B19DF85E
S315080145400D303BB942463946034801F087FC04B0B1
S31508014550BDE8F0810720FAE7C83500207FB5154682
S3150801456001AA0E461C46FFF75FFFD0B905B9ECB99B
S3150801457040F207138DF80A50ADF8083024B12046E9
S315080145800DF10B0127F0E1F801308DF809003146EC
S31508014590074802AA28F0B0FA019B24B1227883F8C9
S315080145A0302004B070BD83F83040FAE70720F8E7F9
S315080145B0C835002038B50C4611781546CA0618467E
S315080145C001D5FE2038BD012C16D1CB07F9D48C07AD
S315080145D0C1F380030BD40BB90A07F2D50346828BC4
S315080145E029780A481BF0B1FD0028EBD0E9E7002B32
S315080145F0F4D00B07E5D4F1E7002CE2D18D07E0D41E
S315080146004C07DED40A07DCD49A8BEAE7701500203A
S3150801461010B504460648FBF77FF80246204627F000
S315080146204FF9BDE810400146104627F074B900BF9E
S31508014630EC33002002299FBF0A4B0B4A5B5C525C94
S3150801464089BF142116210A220223814206D38242F6
S3150801465006D383422CBF00200120704703207047F0
S315080146600220704752E504084FE5040810B51446C0
S31508014670064804F0E7F8A17C11F0010105D12046AE
S31508014680BDE81040132232F0D5BC10BD64380020B5
S3150801469070B50C4611881D4641F0080386B01646CA
S315080146A013800223E05C002855D06278022A0BD1D8
S315080146B00F2B09D1284641F00B013180E17B06B069
S315080146C0BDE870401EF044BC0C2B11D941F00A011B
S315080146D03180284661781EF03BFC002839D1032237
S315080146E004F10D01284606B0BDE870401EF01DBC58
S315080146F00A2B0BD941F009013180284661781EF051
S3150801470027FC30BB052204F10B01EBE701AA0021C6
S31508014710134804F0C5F8E2789DF814309A4213D18B
S315080147200822211D01A832F05CFC68B933880222EF
S3150801473043F0040328463380611C1EF0F6FB40B99A
S31508014740042204F10C0101E01022214628461EF03C
S31508014750ECFB06B070BD0133102BA3D1F9E700BFFE
S31508014760643800202DE9F0478CB0149D07460C46A5
S3150801477028460DF10601914698461EF091FC06461B
S3150801478020B1062630460CB0BDE8F087BDF80630E4
S3150801479003F46042B2F5C04FF3D1190640F198808F
S315080147A0284601A91EF079FC0028EAD19DF804A043
S315080147B04FEA1A110AF00F0AB64802AA04F070F86D
S315080147C05146B44807AA04F06BF824220021201D9B
S315080147D032F030FC602200232270BDF80620637097
S315080147E0A370E37002F4C053B3F5C05F36D0AB884B
S315080147F0002BC6D02B6812051B784FEA930303F0EA
S31508014800300363700ED401A928461EF046FC9DF8B4
S3150801481004202178C2F383030B432370637843EAA8
S3150801482082136370BDF80630DB0417D4AB88022BFC
S31508014830A7D92B6862781B78032103F00F0313436A
S3150801484063702B68A2785B7828461343A3702B689C
S31508014850E2789B781343E3701EF006FCBDF8063038
S31508014860580538D401A928461EF017FC0146002828
S3150801487087D19DF80430A371BDF8063089F8001078
S3150801488003F44073B3F5007F27D0B3F5407F26D0F4
S31508014890B3F5807F25D0284601A91EF0FEFB002826
S315080148A07FF46FAF9DF80430BDF80620E37102F07E
S315080148B03003202B51D016D8002B4AD1510614D4D7
S315080148C0102204F1080128461EF0D5FB68B158E705
S315080148D08246014670E70121CEE74023E4E7FF233C
S315080148E0E2E70123E0E7302B3FD0BDF8063013F0AD
S315080148F0300F07D05A063FD46FF0010323726FF0C9
S315080149007F036372BDF80630180703F0030272D4F9
S31508014910022A40D0032A47D0012A38D059073FF541
S3150801492030AF102204F1180128461EF0A4FB002816
S315080149307FF427AFBDF806305A073DD59DF82E30CE
S3150801494098077FF51EAF07A904F1180024F0F5FFB3
S315080149503AE0082204F11001B5E7FF23E374FE23C8
S315080149600222237504F11601ADE7404604F110024F
S3150801497002A927F01CF8B8E79DF81A309B077FF5BE
S3150801498000AF02A904F1080024F0D7FFBAE708220C
S3150801499004F12001C8E7FF2384F82330FE2304F13C
S315080149A0260184F82430BFE704F1200207A908F19B
S315080149B00A0026F0FCFFBAE79B0705D06FF0010352
S315080149C023766FF07F036376BDF806305B057FF5C6
S315080149D0D9AEAB88002B3FF4D4AE2B68384619788C
S315080149E00DF1050227F023FB00287FF4CAAE9DF8D6
S315080149F00530A371C6E6FF21217659072ED4022A6E
S31508014A0016D0032A20D0012A06D0102204F1180153
S31508014A1028461EF030FB1EE0284604F119011EF057
S31508014A203CFB00287FF4ADAE052204F12301EFE734
S31508014A30284604F119011EF030FB00287FF4A1AEC7
S31508014A40032204F12501E3E702232846637604F1EC
S31508014A5027011EF022FB0028B6D092E6002A7FF431
S31508014A6090AE9DF82E309A077FF58BAE0222284626
S31508014A7004F119011EF0FFFA00287FF482AE9DF8B1
S31508014A802C300422E37607AB03CB2162E06104F103
S31508014A902401BDE76438002038B504460D461422C2
S31508014AA00021043032F0C6FA002194F84030102271
S31508014AB023F00F0384F840300D4BA161C4E911318D
S31508014AC0E1612184616284F8301084F83A10E16367
S31508014AD004F14C0032F0AEFA294604F15C0026F0E6
S31508014AE0C1FA294604F17000F9F7B0FB204638BD32
S31508014AF0694E010810B590F8403004469B0709D461
S31508014B000121054820F0B1F994F8403043F0020339
S31508014B1084F8403010BD00BFB833002010B590F8B6
S31508014B20403004469B071DD5703020F048F8002117
S31508014B300D481FF0A9F80D48FEF726FE201D1EF0A8
S31508014B40A8FE04F118001EF00BFE002194F840306F
S31508014B50616223F0020384F840300548BDE810403D
S31508014B6020F083B910BD00BFB415002038380020E5
S31508014B70B833002070B50D4690F840308AB023F05E
S31508014B80010380F84030044628236A460021284656
S31508014B901EF03AFC9DF80830FF2B02D102200AB01C
S31508014BA070BD1E4E1E4804F1280202A900F056FBEC
S31508014BB096F85930012B0FD806A824F0F3FEA8B9A8
S31508014BC006A824F067FE0028E8D008A904F13200F7
S31508014BD021F0B5F90020E2E79DF81820FF2A0CD04C
S31508014BE006A824F057FE0028EFD110E04FF6FF7310
S31508014BF06386012384F83A30ECE7022BF6D12B7948
S31508014C009B07F3D5AB7903F00F03012BEED006F121
S31508014C10580027F099FE6086EBE700BF7035002043
S31508014C2034350020024B93F8480EC0F380007047D4
S31508014C307025002038B504460D460A4820F015F9B6
S31508014C4004F1700035B11FF0BAFFBDE838400648D7
S31508014C5026F06CB8F9F794FBBDE83840024826F00F
S31508014C6068B800BFB8330020AC3A002030B590F8D8
S31508014C7040300446980785B013D5606A88B143F079
S31508014C8008030D6884F8403043795B0940D1102147
S31508014C901EF0C9FA38B129461E48FEF75DFD0546DC
S31508014CA080B900252EE01C4B93F8683ED90709D533
S31508014CB0636A9A7902F00F02012A02BF1A7942F051
S31508014CC002021A7100230393E38F29460293A38FE5
S31508014CD01248019394F8403003F001030093626A85
S31508014CE004F1280300F00EFB0B212084606A1EF0F4
S31508014CF09AFA18B1636A1A79920706D42B7F23F0B8
S31508014D0002032B77284605B030BD5B892384C8E7A3
S31508014D104389FBE738380020702500203435002008
S31508014D209DF800000AB9CA7770470E2A0DD1CA7FC5
S31508014D300132D2B2CA7743B18B8BC3F3080323B9C5
S31508014D40904202D8014801F0D1BF7047C83500200A
S31508014D50F7B50E46194690F8403017469A070546A4
S31508014D6003D40024204603B0F0BD01220E4828F0E2
S31508014D7065FD04460028F4D033681B889B06F1D5E7
S31508014D80304620F0A8FF68B19DF82030002B14BFEB
S31508014D900F23042300933A46012321462846FFF7A9
S31508014DA0BFFFDFE70423F5E730360020F0B50C46F0
S31508014DB08BB00646F1F72AFD23790546DB0735D57B
S31508014DC0A3899BBB6179490930D128236A462046C4
S31508014DD0A7691EF019FB02A9154825F0A3F9014692
S31508014DE020BBEA1BB2F5FA7F20D39DF8013013F0F8
S31508014DF0300FC3F3011002D0B2F57A7F0BD302222A
S31508014E002146304627F06EFB2146304627F08CFBBB
S31508014E1002200BB0F0BD032808D043F030038DF80B
S31508014E2001306A46282320461EF065FB0020F0E77C
S31508014E30A42C002010B590F8403004461A0710D467
S31508014E405B070ED427F02FFC606250B183891BB92A
S31508014E50037943F0080303710248BDE8104020F0C6
S31508014E60A8B810BDB83300200148FFF7E3BF00BF5B
S31508014E703835002090F8703010B504465BB9014604
S31508014E8000F12002054B343024F0BDFB10B9012393
S31508014E9084F8703010BD0020FCE700BF70150020B3
S31508014EA008B527F04CFC014620B9BDE80840024880
S31508014EB01EF0EABE08BD00BFB415002013B54C307C
S31508014EC027F0CDFA8B88019123F4C45343F080036C
S31508014ED08B800022054801A9FCF740F90446019890
S31508014EE008B1F8F7B5FE204602B010BDD82B002050
S31508014EF070B508460C461546FFF7BCFF0646E8B9E5
S31508014F00A08E40BAC0F3851024F00DF9287094F8E4
S31508014F103A303A2B05D194F95C30002B0EDB03238A
S31508014F202B7094F83A30112B08D144F64D42B4F857
S31508014F305E3099B2914203D103232B70304670BD7E
S31508014F405BBA09489BB204F14C0204F13C0104F036
S31508014F50B9FA0028F2D0A08E40BAC0F3851029F01C
S31508014F60FBFF2870EAE700BF802D00202DE9F041FC
S31508014F7004460D46D1E9000186B004AF87E803006F
S31508014F809046204629460DF10B021E46FFF7B0FF53
S31508014F90044628BB01219DF80B2003A81EF0FBF847
S31508014FA021462246114803AB1EF05AF901463060E4
S31508014FB0D0B1CDE900843B460D4805F1200227F022
S31508014FC06FF9044660B9BDF81420049930681EF0DB
S31508014FD0B8FA044620B9BDF9141030681EF00AF96A
S31508014FE0204606B0BDE8F0810324F9E7C81500207C
S31508014FF0B43300200023F0B587B0064602A80D4653
S31508015000019327F00EFA002840F08280BDF80C3093
S31508015010002B4AD1BDF8087029463A46304601ABFD
S31508015020FFF7A4FF002873D1019C6389BB426FD89F
S31508015030394620461EF0B8F8002869D1BDF80A306D
S315080150406361F1F7E3FB05F10801A06120461EF053
S3150801505025FB21463F48FCF7DBF9002858D13E4B92
S3150801506093F8483E580705D42379990702D530465F
S3150801507027F04EFB214606F1180001221EF02FFBF0
S31508015080002136481EF0E8FD20461EF0C4F850B946
S31508015090214606F118001EF041FB2146304605F16E
S315080150A02002FFF70BFF07B0F0BD06F1180104A8AF
S315080150B01EF05FFB049CFCB1BDF8083062899A4278
S315080150C015D1BDF80A106369994210D1A389BDF8B3
S315080150D00C1099420BD1AB880B44934207DC227919
S315080150E06B7BC2F3400203F001039A4203D004A882
S315080150F01EF054F8DEE70194174B93F8483E5A0719
S315080151000CD46CB96B7BDB0702D5304627F000FB64
S3150801511001980028C7D0F8F79BFDC4E7002CF7D003
S31508015120AB882A682046A1891EF0E5F92046B5F91B
S3150801513004101EF05FF895F90B1004F12C0026F007
S315080151409AFB297B04F12E0026F0C8FBF1F75EFBDA
S31508015150A06199E74233002070250020B41500208C
S31508015160002273B501AB06460D460192FFF7FEFE16
S31508015170019C90B9204605F108011EF08FFA2146D7
S315080151800A48FCF745F948B92146304605F1200297
S3150801519002B0BDE87040FFF791BE2CB1204602B0BF
S315080151A0BDE87040F8F754BD02B070BD4233002027
S315080151B0002370B59EB08DF828308DF832308DF801
S315080151C0703090F8403005469B070C4632D50846A4
S315080151D020F011FD0646204620F02CFD08A9ADF861
S315080151E004002046009620F038FA18BB20460DF137
S315080151F02A0120F0ADF9E8B9214602A829F0F4FD03
S315080152009DF80D20144802F0010208A9FEF780F85E
S3150801521023681B7803F00703012B0BD1684627F097
S31508015220BFF838B9684627F0D5F828B1694628463F
S31508015230FFF7E0FE1EB070BDBDF80430002BF9D0B3
S31508015240009B1B7803F0E003602BF3D169462846DF
S31508015250FFF786FFEEE700BFAC3A002010B514460B
S315080152601046083120F06BFE08222046054931F028
S31508015270B8FE28B1044BB3F8823E2380012323727A
S3150801528010BD00BFF63300207025002070B5144606
S315080152901D464FF480530E4653801848012204F1E7
S315080152A00E0128F0CBFAB0B1154B93F8683EDB072F
S315080152B009D594F8213043F0020384F821304FF4DC
S315080152C00053638007E090F830309907F7D45A07FE
S315080152D0F5D41B07F3D47DB16B89B3FA83F35B0964
S315080152E094F82120314663F3820284F8212020466E
S315080152F0BDE8704020F00FBA0123F1E730360020EF
S31508015300702500202DE9F04F80460E46144697B0C9
S315080153101F469DF88030BDF884B00193BDF88830EA
S31508015320DFF83CA202939DF88C30039322220021D8
S315080153300DA831F07FFE23799A0710D505238DF83C
S315080153405230A37903F00F03032B08D00F2120460F
S315080153501DF069FF00285AD010238DF85330BAF88A
S31508015360501E13A820F0F9FDA37903F00F03012BB2
S3150801537009D1E3790F2B4CD0103B012B03D8618A55
S3150801538013A820F0E6FD0123ADF834303B460EAAFA
S3150801539007F1100C154618685968083303C56345A3
S315080153A02A46F7D11868314623460DAA2860404691
S315080153B0FFF76CFF304620F01EFC0546304620F00C
S315080153C02CFC2946024606A81DF0AAFDB4F80C9045
S315080153D0B9F1000F7AD1BDF81C30BDF81E50009303
S315080153E02B1FADF81E30019BE3B10123029AADF8DC
S315080153F020B08DF82830ADF82A208DF832302146B4
S31508015400564806AB08AA26F0F2FDE0B1FEE70823E6
S31508015410A3E7237A4FF6FF71B376B3719AF8523E32
S31508015420B376ADE73B4608AA07F1100E944618680D
S3150801543059680833ACE8030073456246F6D1186823
S31508015440CCF80000DBE72046ADF81E501DF0E3FE60
S31508015450039B05463BB9BDF81E30BDF81C209B1AB7
S315080154609BB283424FD22379C3F340019B0704D4ED
S31508015470A37903F00F03012B16D06369E3B162899F
S315080154805BBAC2F30A026FEA82426FEA924252BAE1
S31508015490ADF81420ADF816300099042305AA06A81C
S315080154A01DF0C1FD78B3FEE720461DF0AEFE237957
S315080154B043F00203237139E7B8F80030012B38BFEE
S315080154C001235A1CA8F800206361D8E76389A28AD8
S315080154D0C3F30A036FEAC3436FEAD3435BBAADF872
S315080154E0203053BAADF8223005224FEAD90308A96C
S315080154F006A88DF824301DF018FD00B1FEE72046F8
S315080155001DF089FE0546BDF81C20BDF81E30214652
S315080155109B1A9BB29D4284BF23F007039DB22B467B
S31508015520A28906A81DF055FD00B1FEE73046BDF873
S315080155301C1020F08CFBA3891D446389ADB2AB42D4
S3150801554003D9012130461FF069FF204649461DF05F
S315080155505CFE284617B0BDE8F08F00BFB4330020C3
S315080155607025002010B5502204460021B83031F0CC
S3150801557061FD03481EF028FFC4E9060110BD00BFFE
S315080155808415002038B5044620480D461EF01CFF38
S31508015590D4E90632C31A61EB0202C4E90601D4E969
S315080155A03E01C01842EB0101C4E93E01042D0BD8A6
S315080155B0DFE805F0030B131B2300D4E93410C918DF
S315080155C042EB0000C4E9341038BDD4E93610C918D5
S315080155D042EB0000C4E93610F6E7D4E93810C918D9
S315080155E042EB0000C4E93810EEE7D4E93A10C918CD
S315080155F042EB0000C4E93A10E6E7D4E93C10C918C1
S3150801560042EB0002C4E93C12DEE700BF8415002024
S3150801561010B5044627F017F920B103481EF0E2FE3B
S315080156206369C01A10BD00BF8415002038B5044649
S3150801563000F5FC7529460A4824F0EEFB084B04F5EB
S31508015640007003F2527124F0AEF829460448FCF7BB
S31508015650CFF8BDE83840082102481EF03BB900BF23
S31508015660A42C00209815002070B505460C46164B4B
S3150801567000F50A76D3F834378BB921461348F9F77A
S315080156809BFF4FF6FE739C42AC801BD064BAA5F80B
S3150801569036423146BDE870400D48FCF7A9B89E422E
S315080156A001D05B69E8E7B5F836325BBA9BB2A3422B
S315080156B0E3D03146064824F0AFFB314605481CF0D5
S315080156C058FEDAE770BD00BF70250020EC330020D4
S315080156D0A42C0020802D0020F8B50D461E46036A2D
S315080156E004469D4217464FF0800109480CD01EF02A
S315080156F0F1F8B4F8C4300133A4F8C43084F824703E
S3150801570084F827602562F8BD1EF0F0F8F6E700BFB9
S3150801571098150020044B203093F8FB22427193F828
S31508015720FA328371704700BF7035002038B5457865
S3150801573004468D4205D1BDE83840042130481EF0A3
S31508015740D5B8417004212E481EF0C4F8012D07D1A1
S31508015750204627F078F818B12A481EF043FE606102
S3150801576029462046FFF70EFF6378042B09D8DFE8A0
S3150801577003F00313193A4000B4F8B8300133A4F81A
S31508015780B83005B3002104F1280002F0C5FE012D49
S3150801579019D16378022B0CE0B4F8BA300133A4F8B6
S315080157A0BA30EEE7B4F8BC30012D03F10103A4F8D1
S315080157B0BC3008D1E3782278C3F3C00383F0010330
S315080157C063F3C3022270204627F079F8014628B10F
S315080157D0E178C1F3C00181F00101C9B20A48BDE807
S315080157E038401FF0EFBCB4F8BE300133A4F8BE3020
S315080157F0C7E7B4F8C0300133A4F8C030C1E700BF29
S315080158009815002084150020B83300202DE9F04FA3
S3150801581015460E469B469FB00AA8BDF8A080DDF83E
S31508015820A4901EF0AEFF6B89012EA3EB08045F4618
S31508015830A4B20BF1100A07D108F105029A4267D8FA
S315080158405746DA46043CA4B207F1080104A80DF14B
S31508015850180B20F059FB0522D9F801105B4604A85C
S315080158601EF081FFD9F805001EF0EFFA01462A4815
S31508015870D0F8DC2D8A4238D000F6D85025F0B9FC8C
S3150801588001460AA81EF0C6FD0D2322462A21CDE9A6
S3150801589000B30AA804231EF0C9FD102239460AA836
S315080158A01EF05CFE102251460AA81EF057FE0A2277
S315080158B049460AA81EF052FE29460AA82346424628
S315080158C000961EF012FF03A90AA81EF02FFF7EB943
S315080158D00422284603A91DF034FE04460AA81EF030
S315080158E067FF20461FB0BDE8F08F00F55E61C8E787
S315080158F000246989042304392846009403AA89B235
S315080159001DF0AAFD30B1042128461DF003FDE5E787
S315080159100624E3E70824E1E770250020C378074A4F
S3150801592013F0010F19BF4B7992F8FB028B7992F8A4
S31508015930FA02C01AC0F3C010704700BF70350020C4
S3150801594010B508690C4626F064FF38B14A68044860
S315080159500968103225F0C2FC0223237510BD00BF69
S31508015960303B00202DE9FF4108690C4626F051FF1E
S31508015970C8B109680D480DF10F0225F0F2FC05467C
S3150801598088B92068266990F82E802C309DF80F700A
S3150801599025F096FF434600902A463946304627F0B9
S315080159A0E6FE0223237504B0BDE8F081483B0020DA
S315080159B0F0B58BB0262200210446684631F03AFB41
S315080159C0302200211448F8F73DF9054630B1002187
S315080159D01DF0EAFB20B12846F8F73AF90BB0F0BDFD
S315080159E06E4604F5047304F5087732461868596853
S315080159F0083303C2BB421646F7D1E28804F5F871AB
S31508015A0004A823F0A5FF3B236A4629460348FBF76A
S31508015A1065FA0028E2D0DEE7C8150020D82B002059
S31508015A20F8B50E46016917484FF41B520023A1FB2E
S31508015A30000111F07BFA431C41F100020D4603FBFC
S31508015A4001F74FF41B5102FB0077A3FB0032044612
S31508015A50A3FB010C1744002301FB07C1094A11F0F6
S31508015A6065FA3278A0FB020302FB0131737803EB76
S31508015A7083035B00A3FB044203FB0523001941EBE7
S31508015A800301F8BD40420F002DE9F043064687B0F1
S31508015A900F461F48062114469946DDF83880F8F75F
S31508015AA0CBF8054620B326F0BCFE224648440090B2
S31508015AB001AC02F1100C234610685168083203C381
S31508015AC062451C46F7D11822694628468DF8147096
S31508015AD01DF037FDB8B9B8F1000F0CD1009906F1E0
S31508015AE008001EF071F90122294630461DF0F7FD1E
S31508015AF007B0BDE8F08341462846BDF83C201DF0B5
S31508015B0020FD0028EAD02846F8F7A2F8F0E700BFFA
S31508015B10C815002030B587B003220D4602A800211A
S31508015B201DF039FB382200211A4802AB1DF098FBFB
S31508015B30044650B3A5F11003012B4FF0FF3388BF7C
S31508015B40002301228DF807308379C57162F30303B7
S31508015B5083710DF107011DF0F4FC98B99DF8073022
S31508015B6043B915230A22204603A98DF80C301DF0E6
S31508015B70E8FC38B90122204603A98DF80C501DF01E
S31508015B80E0FC18B12046F8F763F80024204607B070
S31508015B9030BD00BFC8150020024B0021B3F85C20B8
S31508015BA01EF0FABA7035002010B50446044820F0F4
S31508015BB0DAF9052102462046BDE810401EF0F8BA7A
S31508015BC070330020024B0821D3F8042E1EF0F0BAD8
S31508015BD07025002013B504460A4B684693F8FB2244
S31508015BE003F1780183F87D2093F8FA2283F87E2061
S31508015BF027F010FC08236A460B2120461EF088FA76
S31508015C0002B010BD70350020002330B587B08DF87D
S31508015C1003300B780446FF2B0D4611D001AA124812
S31508015C2002F010FE9DF816309A0709D5DB0741BF29
S31508015C309DF8153003F00F0363F07F038DF80330E9
S31508015C40012220460DF103011DF07BFC38B99DF8B0
S31508015C50033033B91022294620461DF072FC07B0DD
S31508015C6030BD0822A918F7E764380020054B93F8D8
S31508015C705B20120704D41B21B3F83E251EF08CBA0B
S31508015C80002070477035002010B50446064821F0FB
S31508015C90FFFA38B12046BDE8104008231621024A0A
S31508015CA01EF036BA10BD00BFC432002010B5044636
S31508015CB0064821F0EDFA38B12046BDE81040082320
S31508015CC01721024A1EF024BA10BD00BFF032002087
S31508015CD007B50022074B502193F8693E8DF8042039
S31508015CE05BBAADF8053001AA03231EF011FA03B019
S31508015CF05DF804FB70250020034B9A6E02B95A6EB3
S31508015D0055211EF055BA00BF7035002000232DE934
S31508015D10F04391B00E93ADF83C3004460B460AADFC
S31508015D2001F110062A4618685968083303C2B342B6
S31508015D301546F7D1274E06AD96E80F0085E80F0000
S31508015D4044F64C53ADF83A30FF2300218DF83C3028
S31508015D50204601230DF10B021DF056FB9DF80B9011
S31508015D60B9F1000F2ED10DF10C0801210A23424683
S31508015D7020461DF049FB184BD3F8042ECDF80D200B
S31508015D80D3F8DC7D38461EF060F807F07F070A2352
S31508015D9042460121CDF81100013720468DF81570CC
S31508015DA01DF0A9FB0B232246009349462B46CDF845
S31508015DB00480A6F5FC70FFF729FD40B9A6F58F60AA
S31508015DC0FEF780F92A4621460448FDF70DF911B078
S31508015DD0BDE8F083C0370020702500204836002032
S31508015DE02DE9F8430F460721064614469846DDF87D
S31508015DF02090FFF78FFE054650B3224643460D21F4
S31508015E001EF086F90446F8B9B9F1000F14D12846EF
S31508015E1026F0F7FD0446B8B939462846FFF776FF56
S31508015E20044688B9F3781B0703D4082109481EF0EC
S31508015E3085FF2046BDE8F8834A462946064825F0E7
S31508015E402CFA04460028E2D02846F7F701FFF0E7C6
S31508015E500324EEE7A8350020303B002007B50123CF
S31508015E600092034AFFF7BCFF03B05DF804FB00BFCD
S31508015E7058E504081F292DE9F3410D4617461E4624
S31508015E8021D8DFF88C80D8F8543ECB40DB071AD5E9
S31508015E900F21FFF73FFE0446A8B1002203790572D8
S31508015EA043F00203037198F8523E14215BBA8DF848
S31508015EB00020ADF801306A4603231EF029F928B1FE
S31508015EC02046F7F7C5FE02B0BDE8F081DEB1012E26
S31508015ED00AD1684621F0ECF908236A4616212046BC
S31508015EE01EF016F90028EBD115212046B8F8502ED8
S31508015EF01EF052F90028E3D139462046FFF706FF7E
S31508015F000028E0D0DCE72046FFF7BEFEEAE700BF3F
S31508015F107025002037B50A69054610460C4626F055
S31508015F2078FC78B1096808480DF1070325F0B6FA37
S31508015F3040B9616828469DF80720103126F07AFD98
S31508015F400223237503B030BD483B00207FB503AE5D
S31508015F500C4632460C2105461EF030F868B9084849
S31508015F6090F85B30CDE90056DB43A279617903F0FD
S31508015F70010300F53D7028F0E0F804B070BD00BFDC
S31508015F8070350020F0B50C1E14BF192718270546D1
S31508015F90C3B001A8164620F0F3FA6A4639462846E0
S31508015FA01EF00CF890B96A46294601A820F044FC6F
S31508015FB060B901A820F026FB40B93246214601A85E
S31508015FC020F0ADFD10B91CB1012C07D043B0F0BDCE
S31508015FD00246044801A920F007FFF7E7024601A98E
S31508015FE00148F8E7B4320020E032002010B5044633
S31508015FF05C22002131F01EF82046044927F050FBA7
S31508016000FF2384F83B3084F83C3010BD701500201E
S31508016010F8B50388204F6FF30E03038097F859509C
S315080160200446012D36D14FF6FE72B7F85C3093421D
S315080160302ED0C3F308035BB397F85A30022B27D146
S3150801604007F180001EF0B3FD064608B3204600F8A6
S31508016050105B27F033FA04226378192162F30603E9
S31508016060637097F85B30627813F008030ABF1E461F
S315080160704FF47A634FF47A7366F3C71262706380DA
S31508016080064826F0EEFB0146201D1DF086FE00257A
S315080160902846F8BD0125FBE770350020C8350020E4
S315080160A038B503780446012B23D10A69114B9A4264
S315080160B01FD14378DA091CD04FF47A7223F0800392
S315080160C043704280DAB203F07F03022B9FBF134667
S315080160D0022262F30603437026F0A3FB1921054643
S315080160E060881DF083FC2918201DBDE838401DF085
S315080160F06BBE38BDF035002038B54FF0407200232D
S31508016100C0E900324FF0AF620364836503468260DB
S31508016110094A00F1140543F8702F04468367284697
S3150801612027F0BEFAFF23284684F84F3084F850300A
S31508016130FFF75CFF204638BD6181010810B5164C92
S3150801614094F85920012A24D103893BB904F158004E
S3150801615040F2EE21BDE8104026F083BB013B9BB21D
S315080161601F2B0FD841F2AC219A408A420AD8FB2448
S315080161709C40322100201DF02AFC2044A04238BF51
S31508016180204610BD4FF4FA6104481DF02FFC044661
S31508016190EFE70120F5E700BF70350020804F1200B8
S315080161A070B5214D044695F859200E46002A3AD075
S315080161B04378002B37D1012A18BF03811430FFF722
S315080161C015FF6378A670012B1CBF01236370022E8D
S315080161D008BFB5F81E31204604BF0133A5F81E31A4
S315080161E0FFF7ACFF014604F170001DF0D6FD95F8E6
S315080161F05930012B17D14FF6FF72238901339BB210
S31508016200002B08BF13462381B5F81A3195F85B10A0
S31508016210013311F00801A5F81A3104D1BDE870401F
S3150801622002481EF022BE70BD70350020B83300202A
S31508016230002310B50446038129B12046BDE8104064
S315080162400021FFF7ADBF064820F06AFDB0FA80F0DD
S315080162504009E0700348FFF7DBFE0028EDD110BDC9
S31508016260B4320020D0360020002337B5164D0193ED
S3150801627095F859300446022B02D1002003B030BDEF
S31508016280C378002BF9D1A5F52F7020F085FD18B933
S3150801629095F85B309B07F0D40C4801A9F9F766FE1F
S315080162A018B10B4BD3F8543E019301A81EF06DFCAF
S315080162B04FF4AF630130B3FBF0F3502B38BF5023D3
S315080162C001206381DAE700BF70350020B43200206F
S315080162D0702500207FB50C4600F10C06304627F0E4
S315080162E0EDF8012C1CBF04F0FD02B2FA82F24FF060
S315080162F0090118BF52091E480CBFC024D401FFF773
S3150801630009FC054690B31B4B012193F85B201DF050
S3150801631038FF28B1284604B0BDE87040F7F798BCA5
S315080163203146284626F054FB0028F3D122460E2191
S3150801633028461DF026FF0028ECD1284626F05DFBED
S315080163400028E7D1FBF75CF86A46034600F1100618
S31508016350144618685968083303C4B3422246F7D16C
S3150801636069462846FFF7D2FC0028D3D104B070BD90
S31508016370C835002070350020002313B50C4608489F
S3150801638001A90193F9F7F2FD18B1064BD3F8543E6A
S315080163900193214601A81EF0E3FB02B010BD00BF20
S315080163A0B432002070250020437813B5032B044628
S315080163B006D0042B2CD0022B13D0002002B010BD1E
S315080163C090F8323003F00F03032BF6D126F0C8FC00
S315080163D00028F2D1184B93F85930022B22D001200C
S315080163E0ECE790F8323003F00F03032BE5D10DF1FA
S315080163F0070126F092FC00B1FEE79DF80730002B55
S31508016400E8D104F1140028F0E5FC0328E2D0D4E72A
S3150801641090F8323003F00F03072BCED1C379002B46
S31508016420D8D1CAE7A378012B02D9033B022BD6D8C8
S31508016430207800F00100C1E7703500202DE9F04110
S31508016440044610460E4617461D4625F06EFA804646
S3150801645004F1140028F0BEFC804525D1238EC6F32D
S315080164600801C3F30803B1FA81F2B3FA83F35209B7
S315080164705B099A4209D195F9002094F95A309A4252
S315080164800DD012DC4FF0FF3004E000290CBF0120CB
S315080164904FF0FF30431E58425841BDE8F0816A78F3
S315080164A094F85B309A4202D0ECD90120F2E7A38E28
S315080164B0BDF818209A42F7D12A89B4F862309A426F
S315080164C0F2D1AA7A94F864309A42EDD1AA7894F86E
S315080164D05C309A42E8D1EA7894F85D309A42E3D181
S315080164E00F4B93F85B301A0712D407990D48FFF73B
S315080164F097FA06460D460B4804F14F01FFF790FA45
S315080165008D4208BF864203D086428D41CDD3B9E775
S3150801651094F86630BB4201D0C7D3B3E70020B9E788
S3150801652070350020C83500202DE9F04F044608686B
S315080165308FB02C300D46002725F0C2F9394606469C
S315080165400DF1120228681DF0ABFD00284AD16378C7
S31508016550042B47D0286804A926F007FB002841D157
S31508016560286804F10C0126F022FB00283AD1696853
S3150801657009A818311FF0C8FC5C4890F85930022B5D
S3150801658009D1082209A9803030F02BFD18B92378E2
S3150801659043F0010323700DF11C084146286826F0D3
S315080165A030FBF8B9102128680DF10B021DF065FDC5
S315080165B0C0B931464E481EF0C7FD0BA906462868E4
S315080165C09DF80BB026F02DFB60B90DF10C0A51466A
S315080165D028688DF80C708DF80D7026F05AFB20B1DD
S315080165E0172866D00FB0BDE8F08F9DF80C909DF87E
S315080165F00D7001235E4528BF5E462B7594F832302F
S31508016600F6B203F00F03032B56D0286806AA05A98C
S3150801661026F0E0FA0028E5D1286804F1510126F0B0
S31508016620BEFA0028DED104F1140A2A465146314839
S3150801663026F057F9BDF812300599238604F1200092
S315080166401FF093FC059B9DF80B00A362069B6362F2
S31508016650BDF81030A38694F8323043F0F00384F87D
S31508016660323025F062F994F83830032160F3830358
S3150801667084F83830504601F04FFFEB6884F84F90A4
S31508016680E3629DF8303084F8507084F84E300BABD5
S3150801669003CBC4F85A00186804F16803C4F85E10FD
S315080166A0C4F8620098E8030083E8030084F866608A
S315080166B098E7FF27B9469CE7082209A904F11400BF
S315080166C030F08FFC0028A0D0BDF810303246CDE955
S315080166D0003A2046BDF812100BAB8DF80C908DF8D8
S315080166E00D70FFF7ABFE00288FD17BE770350020D0
S315080166F0B8330020C83500200C4A10B492F8594026
S31508016700022C0FD192F85B1009070BD5516E4FF485
S315080167107A725143047005225DF8044BA1F6B471EF
S3150801672026F03EBB5DF8044B704700BF703500206C
S3150801673038B500F1100504462846F7F7D7FC094B8A
S3150801674093F859306BB12946204626F042FB237847
S31508016750012B06D0294604F10800BDE8384026F089
S3150801676038BB38BD7035002010B526F013FB04463A
S315080167700C4890F8683EDB0710D500F648601EF015
S3150801678044FD00F57A71012320462370052226F07F
S3150801679007FB2046BDE81040FFF7CABF4FF47A71E0
S315080167A0F1E700BF702500200E4B10B593F859206C
S315080167B00446022A12D193F85B301B070ED408301F
S315080167C026F0E8FA012305224FF47A71237226F09E
S315080167D0E7FA2046BDE81040FFF7AABF0023238148
S315080167E0F7E700BF7035002037B5054626F02BF8C8
S315080167F0044678B100222B782846C3F340030133B7
S315080168000092DBB2054AFFF7EBFA044605F5DA70A2
S31508016810FFF7CAFF204603B030BD00BF59E504089B
S31508016820F0B50F4689B0044603231421386802AA35
S315080168301DF05CFC98BB08231621386804AABDF82C
S3150801684009501DF053FC50BB152138680DF106029D
S315080168501DF026FC18BB022304A83B7520F033FD66
S315080168603549064604A820F081FD344B6DBA93F8E4
S31508016870522EEDB2AA425CD1B3F8503EBDF80620BD
S315080168807EB19A420BD0002229462D4826F0C4F83B
S315080168907A68002329462A481032FFF7EBFA09B02D
S315080168A0F0BDD31A5E425E41002834DA254B93F8CF
S315080168B05930012BF3D1234B93F85930012B01D1D0
S315080168C0002EECD1204806A920F00EFB78B904A9C0
S315080168D006A820F04BFD002809DB1B4803A920F078
S315080168E06BFA20B94EF65F23039A9A42D7D92378D1
S315080168F0012B15D004A820F0F4FCBDF80630C4E934
S3150801690002016380204601236570FA2100F8103BD5
S315080169101DF043FAC3E7CED10C4824F0E3F9BEE7EC
S3150801692004A8D4E9027620F0DCFC87428E41E1D343
S31508016930B5E7002EB8D0A6E7C4320020702500209E
S31508016940C835002070350020E0320020D83B0020F1
S315080169500378022B0BD100234178037001204FF4F1
S315080169607A7300FA01F10322014824F068B97047E5
S31508016970C03A0020037810B5022B04460BD1002338
S31508016980417803700448F8F769F961880248BDE857
S315080169901040F7F72DBE10BDB83300201FB50446C9
S315080169A00549684622F07FFF6A460521204626F0FA
S315080169B07DFA04B010BD00BFF03500202DE9F04383
S315080169C00D4687B004466946286826F01AF9064630
S315080169D098B9236A009A9A420BD19DF8042094F833
S315080169E024309A4205D19DF8072094F827309A4217
S315080169F007D06378022B11D00226304607B0BDE8CE
S31508016A00F0832378DB0711D469462046FEF786FF13
S31508016A1060B904F5DA7026F010FAEEE76946204601
S31508016A2025F037FF237843F0010323700823162145
S31508016A3028680DEB03021DF059FB18B1172806D07B
S31508016A400626DAE72B4902A820F090FCA8B94FF0F0
S31508016A50000808231721286804AA1DF047FB38B344
S31508016A601728EDD1002769462868FFF76FFA81468E
S31508016A7060B317280AD00646BFE71821286826F00A
S31508016A805BF880460028E4D14FF000096B681B7853
S31508016A90FF2B2CD14FF47A71204625F0E2FE0246EF
S31508016AA0696804F16C00103126F02CFA4E46A4E709
S31508016AB0114904A820F05AFC0028D3D019212868C6
S31508016AC026F03AF807460028CDD1DDE7B8F1000FE0
S31508016AD003D0286802A926F0BBF81FB1286804A9C3
S31508016AE026F0BAF8237823F00103237091E70A22E6
S31508016AF0D6E700BFC4320020F032002073B5054640
S31508016B0008690C4625F085FEF0B15921206801AACD
S31508016B101DF054FA30B9636821680C48103301AA8C
S31508016B2024F03CFD21462846FFF748FF95F8BC317D
S31508016B300646012B05D0EB781B0702D404481EF044
S31508016B40CEF80EB90223237502B070BD303B002082
S31508016B50A835002030B5044687B002A80D46094974
S31508016B6022F0A1FE0521204602AA26F0B9F938B974
S31508016B70CDE900002B460521204602AAFEF784FF2F
S31508016B8007B030BDF0350020036910B58B420446C5
S31508016B900DD0016106481EF088F8064B93F8683E49
S31508016BA0DB0704D52046BDE8104026F0BEB910BD66
S31508016BB0A835002070250020437870B504460BB12E
S31508016BC000234370114D04F170063046F7F78EFA2B
S31508016BD095F85930022B10D144F6206130461DF044
S31508016BE0DCF800232279E370012A0DD1237105F11E
S31508016BF05800BDE8704026F09CB905F1580025F00B
S31508016C0029FE08B10023238170BD00BF703500201D
S31508016C1010B5044612481AF0EDFF01212046FEF789
S31508016C2085FD04F59070FFF7C7FF04F16C00FFF7C7
S31508016C30B5FE04F5DA7026F0D6F82378012123F09B
S31508016C4008032370064BA3F20450FDF7F3FF054A28
S31508016C5092F8483E23F0100382F8483E10BD00BF63
S31508016C603C3A00207025002070B504461B480D46A5
S31508016C70F0F740FF80BB1A4E96F80C3863B34FF60F
S31508016C80FF73B6F8502E9A4206D11FF028F901462D
S31508016C9006F64860F7F7ACFC2046FFF7B9FF11483E
S31508016CA004F50471FAF7A4FD0E4804F5107123F0F2
S31508016CB088F80C4804F5167123F083F8A188204654
S31508016CC0FEF7D2FC084824F0A3FA04F59070294689
S31508016CD0FFF7AEFA002070BD0D20FCE77015002005
S31508016CE070250020A42C002048330020437810B5D5
S31508016CF00446FBB1012B03D190F82131012B17D0A2
S31508016D0094F8233113B90C4820F00AF82046FFF706
S31508016D107FFF002104F1280001F0FEFB4FF6FE710A
S31508016D202046FEF7A1FC002104F59070FFF738FA1A
S31508016D30002010BD0D20FCE7E032002038B5C578EB
S31508016D400446012D09D0022D1AD0A378052B31D876
S31508016D50DFE803F01C3F303F1C1C20481FF0E0FF12
S31508016D6088B91E4820F007F80223E37063783221B8
S31508016D70012B18BF65701A48BDE8384025F071BD6A
S31508016D8018481FF0CDFF0023E370DEE7164C94F890
S31508016D905930022B10D194F85B5015F0080509D12A
S31508016DA0294604F138001DF087FF2946A4F1380069
S31508016DB0FDF740FF002038BD94F82832022B03D195
S31508016DC004F50A70FFF7D6FD04F15800FFF78EFFA8
S31508016DD0F0E700212046FFF7E3F9EBE7E032002070
S31508016DE0C8350020B432002070350020012910B5BD
S31508016DF0044605D11B481FF093FF1B481FF090FF5F
S31508016E0063784BB304F16C0025F0D8FD04F5847062
S31508016E1025F060FF04F5E87026F020F8134824F001
S31508016E20E5F92046FFF7F4FE114804F5167122F03C
S31508016E30D6FF0F4804F5107122F0D1FF0C4804F56E
S31508016E400A7122F0E9FF0A4804F5047122F0E4FF09
S31508016E5000212046FEF76AFC04F5CE70BDE8104015
S31508016E6025F08CBFB4320020E032002048330020E0
S31508016E70A42C002038B505460021FFF7B7FF05F118
S31508016E808000FCF7B9F8044620B9034805F5FC71FA
S31508016E9022F0C2FF204638BDA42C002008B50B46B7
S31508016EA00178012905D123B90348FFF79FFF10206F
S31508016EB008BD0020FCE700BFC83500202DE9F041D8
S31508016EC006780446012E23D1124D90F80180478891
S31508016ED000211148FFF78AFF95F8523E0022637098
S31508016EE0B5F8503E41466380002305F64860C4E97B
S31508016EF00223F7F7B3FE394605F64860F7F778FB3C
S31508016F000223314623700448BDE8F041FFF7ACBEC1
S31508016F10BDE8F08170250020C83500200148FFF73B
S31508016F20CDBF00BF983700200178012902D1024858
S31508016F30FFF75CBF704700BFC83500200148FFF75F
S31508016F40F3BF00BF6437002010B50446FEF78CFB7B
S31508016F5002212046FEF7EAFB04F59070FFF72CFEA6
S31508016F60154A04F5DA7092F8483E23F0100382F8C0
S31508016F70483E25F041FF04F5847025F0ABFE94F8F0
S31508016F80D031022B03D104F5E870FFF7E1FC4FF687
S31508016F90FE72E38893420BD0B4F844209A4207D094
S31508016FA0B4F8003120460133A4F80031FEF700FD9C
S31508016FB0B4F84430E38010BD7025002070B50C4646
S31508016FC086B005460021206801AA1DF069F840BB74
S31508016FD0206925F01EFC20B36B78042B21D10A21E8
S31508016FE020680DF106021DF05BF8D0B9BDF8043032
S31508016FF0BDF806209B0AB3EB922F12D1206802A98D
S3150801700025F0FFFD68B90C21206825F095FD40B1F2
S3150801701008231621206804AA1DF068F818B1172854
S3150801702009D006B070BD206804A925F011FE1728FD
S3150801703001D00028F5D1EB78022B02D12548F8F7C3
S31508017040E1FE08231721206804AA1DF04FF828B18C
S315080170501728E6D11F48F8F7D5FE03E0206804A9EA
S3150801706025F0FAFD1C48FFF7D3FD14351A481B4EC7
S3150801707002A925F00EFC2846194925F020FE2846C6
S3150801708006F58055FEF7B2FFB5F8BB3002A9A6F89A
S31508017090FC3EBDF804302068A5F89C30FEF756FF83
S315080170A005F15800BDF80610FFF74EFF95F85B503D
S315080170B015F008050BD129460A481DF0FDFD29469C
S315080170C006F6C870FDF7B6FD02232375A9E7012167
S315080170D0F6E700BFE0320020C83500207025002001
S315080170E0F0350020A835002070B504468EB0414819
S315080170F01FF016FE40481FF013FE4048FCF7EAFB56
S315080171003F4804A925F081FF0646002870D10246AA
S3150801711005993C48FDF77AF83B4D069B3246C5F87A
S31508017120043E079905F6D850FCF7AEFF9DF81130D5
S3150801713023F0020343F00403E370BDF83430052B52
S3150801714056D19DF81030A370023B022B50D8BDF8DA
S315080171501210C1F3080333B105F67C60F8F72CFA6F
S31508017160BDF81230A380294809A9F8F72BFA4FF67A
S31508017170FE720BAB03CBBDF81230C4F8180293426A
S31508017180C4F81C1234D0C3F308036BB30023CDE94A
S315080171900133022301AEADF80C3032460A2304212D
S315080171A01748F6F7CFFE18BB04F12805284602F062
S315080171B08BF896E8030085E80300BDF80C30012139
S315080171C0A4F8483094F84630284643F0F00384F88A
S315080171D04630BDF8123003F47C43A4F8443001F07C
S315080171E09BF9B4F84430E380237843F00403237011
S315080171F00EB070BDB4320020E0320020643A00209F
S31508017200C41500204833002070250020EC330020E7
S3150801721030B59BB004462422002106A82FF00AFFA8
S3150801722002232046ADF83C3025F00DFB00284ED050
S31508017230A3886278ADF81A30236A294D0A938DF826
S315080172401820D5F8860ED5F88A1E0BAB03C3D4F8D9
S315080172501802D4F81C12022A03C34FF00503A270C0
S31508017260ADF83C3010D1A06AE16A03AB03C3B4F8A8
S3150801727048300421ADF814300A2303AA0093A5F671
S31508017280AC7010ABF6F772FE154DD5F8DC3D05F579
S3150801729060600793D5F8042EA368134408931EF07B
S315080172A062FEA368032103440993E37806AA8DF8CD
S315080172B019302623A5F6AC70009310ABF6F756FEE7
S315080172C0089BC5F80C3E099BC5F8083E05E005482C
S315080172D006A925F09AFE0028D6D01BB030BD00BFFE
S315080172E070250020C415002070B500F5F875044610
S315080172F028460E4625F09FFE10BB2B46306871685E
S3150801730003C31048FAF792FA294604F5047022F0E5
S31508017310EEFA294604F50A7022F0E9FA294604F537
S315080173201070402222F00CFB294604F51670402203
S3150801733022F006FBBDE87040102103481CF0CABACA
S3150801734070BD00BFA42C002098150020F8B54FF099
S3150801735040626FF001130446C0E900234FF47A70C6
S31508017360F0230025C4E9020364236565236104F15A
S3150801737068000E4626F039FA2346494AE566256726
S3150801738043F8742F3146474AE36704F180002346E0
S3150801739023F0A7FA444B3146C4F80C3104F5867339
S315080173A0C4F81431C4F8085104F59070FEF7A4FE28
S315080173B03146FF263D4B04F12807C4F8A83104F5E8
S315080173C0D473C4F8B0313A4B3846C4F8C43104F51D
S315080173D0E273C4F8CC31374BC4E96855C4F8E031D7
S315080173E004F5F073C4F8E83184F89C51A4F8B45153
S315080173F0A4F8BC5184F8D05126F052F9384684F8DD
S31508017400636084F864602562656201F05DFF04F5D6
S31508017410FC772046FEF7A6F8384622F049FD2649AC
S31508017420384622F040FA04F5047022F04CFD04F5C2
S31508017430067022F0ACF904F50A7022F044FD2946DB
S3150801744004F50C7022F0C2F994F83A3204F510707A
S3150801745043F0800384F83A3222F05AFD0127322399
S3150801746004F5167084F8413284F8406284F84E5265
S3150801747084F84F7222F04CFD332320460F4984F8D5
S31508017480586284F8593284F8665284F86772C4F8E7
S31508017490F051C4F8F451FFF727FF2046F8BD00BFA5
S315080174A0957901084DD30308FD7A01083D6F010856
S315080174B0097A01081D6F0108F63300205BE5040807
S315080174C038B50546144BD3F834473CB9EB781B0756
S315080174D01FD4BDE83840114822F0DFBC204622F00F
S315080174E0D9F908B16469F0E72146284625F0B3FDC4
S315080174F00028F7D12146284625F0BCFD0028F1D100
S31508017500204605F5047125F0B1FC0028EAD10120D1
S3150801751038BD2046FCE700BF70250020A42C0020BA
S31508017520F7B50C460DF10602132105461CF050FE6F
S3150801753058B928463549FEF767FB30B9012C06D1FB
S315080175402846BDF806101CF0AEFE03B0F0BD304962
S31508017550A1F6EC5022F0E6FD30B328462C49FEF799
S3150801756053FB0028F1D102242A4FD7F83467EEB924
S31508017570294825F0D1F90028E2D0D7F83867274FEE
S31508017580002EDDD0337D032B3DD197F85B301B07E9
S3150801759034D431462846FEF737FB0028D5D10134C5
S315080175A0E4B2032C2FD9CBE70124DDE7304622F0DC
S315080175B060F908BB304622F06DF9E8B9314616483C
S315080175C025F049FDC0B93146134825F053FD98B950
S315080175D030460E4925F04AFC70B930460C4925F06B
S315080175E045FC48B931462846FEF70EFB0028ACD1C2
S315080175F00134E4B2032CA3D87669B8E7304622F001
S31508017600F4F90028C5D13669BAE700BFD837002092
S31508017610903A002070250020C835002070350020DA
S315080176202DE9FF4100F128070546384688461DF031
S31508017630BEFA38B92846FFF759FB0024204604B09C
S31508017640BDE8F08105F16C00FFF7A8F9B8F1010F63
S3150801765003D805F5DA70FFF787F80D212846FEF7F6
S3150801766059FA0646002800F084800121EA781CF0C0
S3150801767088FD00287BD1B8F1010F0AD0B8F1030FB4
S315080176800BD06978042946D8DFE801F013461413AC
S31508017690130005F58C7025F011FF304605F58C7140
S315080176A025F096F904460028EBD03046F6F7D0FACD
S315080176B0C4E7FEE73046FEF76FFA04460028F4D120
S315080176C03046FEF787FA04460028EED1B8F1020FD4
S315080176D008BF02464FF00201304618BFEA681CF09F
S315080176E067FD04460028E0D13046FEF7BFFA044696
S315080176F00028DAD1204B93F8683EDA070BD53046D5
S31508017700FEF7E6FA04460028CFD13046FEF7F4FA2A
S3150801771004460028C9D10021EB789B071BD53946B9
S31508017720684622F0C0F869463046FEF7EFFA044685
S315080177300028BAD1E97811F0080113D10F48FDF7ED
S3150801774079FA0D4B0E4893F8681EC94301F00101F9
S315080177501DF0B2FA71E73046FFF7E2FE044600284B
S31508017760DDD0A2E701210548FDF764FA65E704467D
S315080177709BE7032462E700BF702500203835002007
S31508017780A8350020052938BF0521B1F5E14F28BFE5
S315080177904FF4E14138B5C36804468B4215460CD00F
S315080177A0C16006481DF081FA6378022B05D125B917
S315080177B02046BDE8384025F06CBC38BDA835002008
S315080177C070B50D46002688B0044605A928688DF8C7
S315080177D01C6025F0E8F918B1172811D18DF81C603D
S315080177E06378012B02D0022B0CD0FEE794F80831FE
S315080177F0012B05D104F58C7105A825F07EFE60B92B
S3150801780008B070BD2A6904F128039A42F8D194F8A0
S31508017810463003F00F03072BF2D1112128680DF129
S3150801782003021CF02AFC38B92046FFF75FFA04F573
S31508017830DA7025F0EDFAE3E76946286825F086F956
S315080178400028DDD1E2789DF800309A42D8D16378D4
S31508017850012B02D0022B1ED0FEE7286803AA02A933
S3150801786025F0B8F90028CBD1029904F134001EF0AD
S315080178707CFB029B04F12806E363039B0721A363B0
S31508017880304600F049FE2046A188FFF75DFB2378C4
S3150801789043F001032370002128680DF106021CF04C
S315080178A0FFFB0028ACD1A388BDF806209B0AB3EBE1
S315080178B0922FB9D129462046FFF780F800289FD193
S315080178C00221286804AA1CF0FEFB28B3172897D1C1
S315080178D0286801A925F0DDF958B3172890D1E6786B
S315080178E016F008062BD131461B481DF0E5F931463D
S315080178F01A48FDF79FF91021286801AA1CF0BDFB5B
S31508017900F8B117287FF47CAF9DF81C30002B14BF03
S31508017910012302232B758AE7049904F5CE70FFF734
S31508017920BDFA002883D1012220460499FFF72AFFD0
S31508017930CEE70B4BBDF80420A3F8FC2ECFE70121B7
S31508017940D6E79DF8040023F0F0FF94F84C3060F375
S31508017950830384F84C30D7E7A83500203835002052
S31508017960702500207FB5684624F05FFF9DF8143026
S31508017970052B08D0072B03D1054801A9FEF734FFCB
S3150801798007B05DF804FB024825F083FBF8E700BF62
S31508017990C8350020014825F0C0BB00BF3436002099
S315080179A038B5044624F03DFF164D014695F8593081
S315080179B033B3204625F002FA58B1204605F158019D
S315080179C025F0C0FAE0B905F15800BDE8384025F0C0
S315080179D060BB04F10802104625F0F0F958B11046CB
S315080179E005F1580125F0AEFA50B905F15800BDE880
S315080179F0384025F026BA2046BDE83840FEF798BE3D
S31508017A0038BD00BF703500200148FFF7C9BF00BF68
S31508017A107C370020134A38B5D2F8DC2D0B46C968E5
S31508017A20044691421DD9187DD8B10228A1EB02025C
S31508017A300CD11D69284624F0ECFE90B1012A09D023
S31508017A4029462046BDE8384025F0A7BB012A4FF054
S31508017A50000201D142F002020348BDE83840FCF7B2
S31508017A60D5BB38BD702500204833002038B543788A
S31508017A70044613F07F0F00F104050AD14FF47A7119
S31508017A8028461CF08AF9BDE8384003210848FFF763
S31508017A90C7BD192140881BF0A9FF014628461CF0DD
S31508017AA07CF96378DB091EBF63885B006380EAE7BC
S31508017AB0C8350020037810B5E3B10F4C94F8593056
S31508017AC0012B03D0BDE8104025F004B943785906C7
S31508017AD007D125F0FFF804F15800BDE81040FFF77B
S31508017AE005B903F17F0161F306034370BDE8104050
S31508017AF0FFF7BCBF10BD00BF703500200148FFF776
S31508017B00D9BF00BFD036002038B505780446BDB9BF
S31508017B10C0E901120B4890F8591001290ED902291A
S31508017B2002D15830FFF77CFD4FF47A7120460123C4
S31508017B3000F80C3B1CF031F9284638BD2946F5E713
S31508017B400525F9E770350020437870B504460D46DA
S31508017B50002B4DD08B0715D000F504763146254804
S31508017B6022F0E0FA58B904F5067021F010FE314604
S31508017B702048F9F73DFE10211F481BF0ABFE2046B1
S31508017B8025F0D7F915F4405F06D0204624F0C4FE47
S31508017B9010B1204625F0CDF9AE050AD5680705D5F9
S31508017BA0E9051FD52046FFF733FB05E0204625F0FA
S31508017BB0BCF915F4827FF3D16A0219D50F4B93F8F4
S31508017BC0522E1F2A04D8D3F8543ED340DB070FD4CC
S31508017BD063786BB1002204F5CE701146BDE870409A
S31508017BE0FFF792BF204624F02EFE0028E4D0D9E7FD
S31508017BF070BD00BFA42C0020981500207025002018
S31508017C002DE9F84F0D460E210646FDF783FF04467A
S31508017C10002800F09680A8464FF0000995F82070D4
S31508017C2005F1210B05EB070AD04514D1204605F1CC
S31508017C302A01FEF76BF80746002850D1B9F1000F63
S31508017C4006D03046FFF73CFC10B1304625F021FA44
S31508017C503846BDE8F88F18F8013B132B2CD8132B9F
S31508017C60E2D801A252F823F0D37C0108297C010845
S31508017C70EF7C0108297C0108217D01082B7D01087B
S31508017C80297C0108297C0108337D0108297C010822
S31508017C90297C0108E77C0108297C0108297C01085F
S31508017CA0297C0108297C0108297C0108FB7C01083B
S31508017CB0297C0108077D01081B2B3ED0552BB3D122
S31508017CC0214B93F8683EDB07AED52046FEF714F83C
S31508017CD002E02046FDF760FF07460028A4D02046AB
S31508017CE0F5F7B6FFB4E72046FDF774FFF4E702217E
S31508017CF02046F2681CF05CFAEEE7012211212046C3
S31508017D001CF03FFAE8E7F3789A078DD4012120465B
S31508017D10FFF706FC07460028E1D14FF0010983E782
S31508017D205946204624F059FED6E72046FDF73CFF82
S31508017D30D2E72046FDF746FFCEE72046FDF796FF38
S31508017D40CAE7032784E700BF7025002000232DE931
S31508017D50F0438FB0CDE90A330C938DF834304B7963
S31508017D60044613F0180F0D461646CDE9081226D11A
S31508017D7002F1100021F08EFD08B3304621F01EFEF7
S31508017D80E8B196F82430FF2B19D1012228460DF1C6
S31508017D900A011BF051FB90B99DF80A30FF2B11D14E
S31508017DA0012228460DF10B011BF046FB38B99DF857
S31508017DB00B30112B03D1624808A922F0EBFF0FB053
S31508017DC0BDE8F0836278002AF9D0002BF7D10DF1CE
S31508017DD014090A22494628461BF02EFB0028EED133
S31508017DE09DF81430152BEAD1DDF819001CF02DF891
S31508017DF0CDF80490AB89074600932A4633460121FC
S31508017E002046DDF81580FDF701FD0028D7D10122AE
S31508017E100DF10B0128461BF00FFB06F1180103A80B
S31508017E201EF072F89DF80B3001220C2B03A904F100
S31508017E3068003FD125F0DCFC054668B1837F03F075
S31508017E400F03072B08D18369BB4236D103699845CD
S31508017E50B5D308F101032B619DF80B30CDE90A87EB
S31508017E60043B0C95102BAAD801A252F823F000BFA7
S31508017E70CD7E0108BF7D0108BF7D0108BF7D0108D0
S31508017E80DF7E0108BF7D0108E97E0108BF7D010883
S31508017E90F57E01080D7F0108177F0108017F01089A
S31508017EA0BF7D0108BF7D0108217F01082B7F0108DD
S31508017EB0357F010825F0C0FCBEE780D28761002125
S31508017EC00C301EF052F800236B61C2E7204608A960
S31508017ED025F043F8204608A9FFF79CFD6FE72046E1
S31508017EE008A9FEF70BFEF5E708A904F59070FEF759
S31508017EF01BFBEFE708A904F59070FFF75FF8E9E7C0
S31508017F0008A904F5E870FEF78BFCE3E7204608A903
S31508017F1025F073F9DEE7204608A9FFF751FCD9E7F2
S31508017F20204608A9FDF7F6FFD4E7204608A9FDF77C
S31508017F3007FDCFE7204608A9FDF714FDCAE700BFEC
S31508017F40383800202DE9FF4100F114073946064665
S31508017F5008223A482FF045F8014638B9384890F8CA
S31508017F605930022B65D0803000F0D6FA0B213548FE
S31508017F70FDF7D0FD054600285DD006F1510124F034
S31508017F802CFD044600284BD1284624F02BFD044637
S31508017F90002845D1DFF8A8800121284698F85B20FA
S31508017FA01CF0EFF80446D8BB02212846D8F864200D
S31508017FB01CF0FEF8044698BB284624F01EFD04462C
S31508017FC070BB2846FDF752FE044648BB98F85B305D
S31508017FD09B072CD428463179FFF7A2FA0446F8B94B
S31508017FE002230D212846184A1CF092F80446B8B90E
S31508017FF0284624F006FD044690B90721384600F0C4
S315080180008BFA3246284611491BF062F93946684609
S3150801801021F049FC69462846FDF778FE044610B169
S315080180202846F5F715FE204604B0BDE8F08103237E
S31508018030D7E71824F7E70324F5E700BFF035002052
S3150801804070350020C835002055E5040851D30308CA
S3150801805037B50446FEF7A8F980B12046FFF772FF47
S3150801806060B96378042B11D1E3797D21013B40F294
S31508018070E240E3711BF0BAFC014649E06378042B40
S3150801808009D8DFE803F0060A1D4E59000423637078
S31508018090EAE70023238103B030BD02230021637080
S315080180A004F1140000F038FA2378012123F00103C2
S315080180B023700023637103232748E371FCF7BAFD94
S315080180C063792046013363710DF1070124F025FE1A
S315080180D068B99DF8075020462946FEF7FBF8012D99
S315080180E036D015F0FD0FD6D140F2EE2112E020462A
S315080180F0FEF7BAF800B363780121032B18BF0323EF
S31508018100204618BF6370FEF7E5F8FF23A37161895E
S315080181100029C0D004F1700003B0BDE830401BF05F
S315080181203CBE2046A11DFEF727F928B90122A179EF
S315080181300A4824F071FCEAE763780BB100236370FF
S3150801814004F11400FDF752FF2046FEF7F7FD93E709
S3150801815040F2E241DEE700BF38350020C83500208D
S315080181600148FFF775BF00BFE8360020F8B50B795F
S3150801817004461A070D460FD50E4F97F85B1011F0F6
S31508018180080609D1012107F138001CF095FD314691
S31508018190A7F13800FCF74EFD2B799B0709D56378C3
S315080181A0042B06D1012320462371BDE8F840FFF7C9
S315080181B0C9BEF8BD7035002004289ABF024B53F892
S315080181C020000248704700BF64E5040873C7040825
S315080181D08388062123B9036813B903481BF054BDE4
S315080181E001481BF039BD00BFB41500202DE9F04345
S315080181F098464FF6FE732D4D1746B5F8CC24894699
S315080182009A4289B04ED02F21A5F5FE6019F089FD55
S315080182100646002848D00E2302223F0103A98DF8FD
S315080182200C308DF80D701BF08CF9044698BB3A4654
S31508018230494630461BF085F9044660BBB8F1000F84
S3150801824000D0FEE795F85B309B0714D405F1800052
S3150801825022F03BFE78B10DF10B0105F2CC40F5F7A2
S31508018260D5F90446B8B99DF80B1004AA05F15800CA
S3150801827024F01CFB05E0B5F8CC240D4904A821F02F
S3150801828067FB119B314600930A48109B04AA26F006
S3150801829035FE044610B13046F5F7DAFC204609B03A
S315080182A0BDE8F0830D24F9E70324F7E770350020CC
S315080182B0B8370020802D002070B50D461646064BAE
S315080182C0D3F8384704B970BD2946204621F034FE53
S315080182D000B166752469F5E7702500207FB51C4E47
S315080182E0044696F85B300D469B0704D406F18000D8
S315080182F022F0EBFDB0B14FF6FE73B6F8CC249A42E4
S3150801830010D0144801A919F07BFC9DB90299B1F561
S31508018310967F38BF4FF496714808013009391BF02A
S3150801832056FB0EE000232360204604B0BDE87040EA
S31508018330FFF74EBFBDF806100120012901D91BF030
S3150801834035FB23680BB18342EED92060ECE700BF09
S31508018350703500203C3A0020837970B51546DA0756
S315080183600E4600D4FEE723F0010383710D4BD3F8C3
S31508018370384704B970BD0121204621F0DDFD60B101
S315080183806EB995F8F0303BB12146284625F015F926
S31508018390B0FA80F35B095B0063752469E9E7022398
S315080183A0FAE700BF702500200023F0B5C1B08DF8AB
S315080183B0FC3083790446DA0743D42A4824F043FA81
S315080183C000284BD0284E96F85B309B0705D406F15A
S315080183D0800022F07AFD002840D04FF6FE73B6F8E9
S315080183E0CC249A423AD00127204BD3F838579DF826
S315080183F0FC20C5B9A2B31E4B204600930194002365
S3150801840003A9FFF7F3FE0546E0B9A37943F0010393
S31508018410A37196F85B1011F0080102D115481CF0FA
S315080184208DFC41B0F0BD0F2AE5D00021284621F088
S3150801843083FD20B1294603A825F0D5F86F752D6966
S31508018440D5E70525002201212046FFF735FF032D33
S31508018450E7D10121204625F0DFF8E2E70D25F1E70E
S315080184601725EFE7C8350020703500207025002054
S315080184706FD60308A8350020CA0438B505460C4648
S3150801848001D525F0E1F863070AD5064B93F859306B
S31508018490022B05D12846BDE838400121FFF71EBF4A
S315080184A038BD00BF70350020002370B5C2B00DF18C
S315080184B0070605468DF80431104605AB324625F008
S315080184C030F89DF8071004460143C9B2B1FA81F1A3
S315080184D02846490905AAFFF73FFF9DF807301C43BF
S315080184E014F0FF0104D1284625F096F842B070BD74
S315080184F002AC2146074819F083FB0028F6D1BDF8DE
S315080185000A10012904D901201BF050FA0146EAE7AD
S315080185100121E8E73C3A002010B5837F044603F0C1
S315080185200F028A420AD061F30303837703F00F032C
S31508018530072B03D102481BF055FF606310BD00BF2E
S315080185408415002010B50446E16A01B910BD0B680F
S315080185500248E36222F016FFF6E700BF483B002017
S3150801856010B50C460749204625F0E4F840B92046DF
S31508018570054925F0DFF80028034808BF002010BD8B
S315080185800048FCE7F0350020FC360020F8B50768FE
S315080185900479264D3C44A74201D300203CE0BB1C8C
S315080185A09C4235D37E7802363E44A64230D83B7883
S315080185B05B08012B03D0052B1ED03746EBE738465F
S315080185C025F03EF920B3F878073007EBD0000430E0
S315080185D0B042F2D2831C9E421AD343789A1C0244B3
S315080185E0B24215D800784008062818D8DFE800F006
S315080185F01917150E17171200384625F03CF938B128
S31508018600384625F05AF902303844E1E7012B06D8F5
S31508018610062001E0012B02D8F8BD9B07F8D11046C8
S31508018620D6E76B43B3F1553FF9D9F1E7ABAAAAAA45
S315080186302DE9F04F1C461B6881460D46904685B0CC
S3150801864063BB636853BBE368003B18BF01234FF064
S31508018650000A0393D9F800102F7899F80420CE1947
S315080186600A44B31C9A42C0F0E88073780233334453
S315080186709A42C0F0E280CB5D5B08012B10D0052B36
S3150801868045D0D9F8002017447B7885F801A0023334
S315080186901F44BF1A2F7085F802A0DBE70123D6E72E
S315080186A0039B002BEDD0304625F0CAF80028E8D008
S315080186B0F178073106EBD10104316B787078CA1865
S315080186C00230304402F1020C6045DAD392F801C057
S315080186D00CF1020E96447045D3D396F800B04FEAD2
S315080186E05B0BBBF1010F40F0848013785B08022B0A
S315080186F01BD0032B6BD0002B41D00CF1020C9444F8
S31508018700ACEB010C85F801C085F802A0D5E7A36892
S31508018710002BB6D0304625F0AEF80028B1D0304649
S3150801872025F0CBF8811C3144C7E72368002BE4D038
S315080187304FF6FF70AB7803F1010C85F802C092F889
S3150801874001C0B3EB9C0FD8D29B0003F1020C804504
S3150801875002EB0C0307D032F80CC09CFA9CFC1FFAFA
S315080187608CFCC445E6D100212068C4E90111E16009
S31508018770314625F023FE002005B0BDE8F08F636879
S31508018780002BBAD04FF0030B4FF6FF7EAB78581C7F
S31508018790A87092F801C0BCFBFBF09842ADD903EB77
S315080187A043030233F04502EB030004D0D35A5BBA04
S315080187B09BB24345EAD10023C4E902332360009002
S315080187C013461F493246606825F02AFED3E7E0685A
S315080187D0002892D0BCF1010F8FD9AB78002B8CD130
S315080187E03146C4E90033A36025F087FE85F802B057
S315080187F0C1E7A068002880D0CB5C5B08062B7FF414
S315080188007CAFAB78002B7FF478AFBCF1010F7FF614
S3150801881074AF4FF6FF73984505D053885BBA9BB280
S3150801882043457FF46AAF00233146C4E90033E36068
S3150801883025F035FE0123AB709DE717209CE700BFA5
S3150801884070150020F8B515460E4607460021132275
S3150801885028462EF0EFFB31460F4824F0F4FB18B1F9
S3150801886028460E4923F07EF800242246314638462A
S3150801887025F098FA044600B9F8BD032125F04BFD09
S3150801888002460028F1D0E1782B7C9942EDD92146A0
S31508018890284623F075F8E8E7C8350020701500204A
S315080188A073B514460D4606461322002120462EF0BE
S315080188B0C1FB35B920460B4902B0BDE8704023F02B
S315080188C051B82946304601AA25F089FA014630B140
S315080188D02046019A02B0BDE8704023F051B802B0B3
S315080188E070BD00BF70150020F7B5064613480F4640
S315080188F024F0A9FB0446D8B905462A463946304626
S3150801890025F050FA0546A0B12946684625F0D3F95F
S315080189100221684625F00DFD0028EED04178821C1B
S31508018920023943189A42F3D8518849BAC90503D579
S315080189300124204603B0F0BD0432F3E7C835002010
S31508018940994215D10E4BB3F85C30D11A48424841C9
S31508018950BDF80010A1EB030CDCF1000141EB0C01A1
S31508018960884209D09A420CBF01204FF0FF30704768
S3150801897004DC4FF0FF307047002070470120704734
S31508018980703500201346014A25F0C7BAADDC030845
S315080189902DE9F3410546884617461E460024224618
S315080189A04146284625F0FEF9044670B94146144861
S315080189B00DF1070221F0C1FBF8B933463A462846BC
S315080189C09DF8071025F063FA0CE0022125F0A3FCB7
S315080189D00028E4D033463A462846A17825F057FAC6
S315080189E018B9002002B0BDE8F08132462146284672
S315080189F0FFF7C8FF0028D2D1F3E70420F2E700BF4A
S31508018A00142E002090F8063102794FF40071934232
S31508018A1038BF134680F8063101481AF05BBF00BF1C
S31508018A20981500202DE9FF410E465C2305461422C0
S31508018A30002130468DF8073001242EF0FBFA0DF19E
S31508018A400708284625F0C8FB6968074618BB91F947
S31508018A5002308878002BB4BFCA78CA79012A1AD994
S31508018A60002BB4BF0C1D01F10804324600F00F01BA
S31508018A70114823F01BFF63783374AB685A8852BADE
S31508018A8072825A78022A0CBF00231B7973743846FE
S31508018A9004B0BDE8F0810023286802AACDF8088051
S31508018AA08DF80C4024F08CFF00236860AB60002829
S31508018AB0C7D11727EBE700BFC83500207FB50DF1F1
S31508018AC00F03049301238DF80F1000924AF6AA7139
S31508018AD004AA04488DF8143025F0F9F807B05DF8B2
S31508018AE004FB00BF6438002010B51048498890F887
S31508018AF07F4049BAA402A4B289B28C4213D05888DD
S31508018B0040BA80B2A0420CD0029B12781B789A42D6
S31508018B1009D888422CBF002001209A4218BF00209C
S31508018B2010BD0020FCE70120FAE700BF70350020E0
S31508018B3001232DE9F04F002489B08DF80B308DF80B
S31508018B4010304FF6FE7382460D46264627460DF12E
S31508018B500B02DFF884B003920B80214600231E48DE
S31508018B6003AA24F02DFF044680B967B17B885BBA56
S31508018B702B8033782B72B6F801305BBA6B80D6F846
S31508018B8003301BBA6B6009B0BDE8F08F4FF00008DF
S31508018B90CDE905B405A8CDF81C8025F01DFBDDF847
S31508018BA01C800028D9D198F80130023B062B0FD931
S31508018BB008F1040977B13B464A46414650460096B4
S31508018BC0FFF792FF00280CBFB14647464E46E1E73C
S31508018BD0B146FBE74746F9E764380020F0B50025BA
S31508018BE00C46414B8FB0142229462046CDE9013562
S31508018BF0039517262EF01EFA08AF04A901A8FFF758
S31508018C0011FF60B346BBCDE9026604A901A8FFF7C7
S31508018C1009FFC0B99DF82030227C9A42F5D09B1AEB
S31508018C20DBB2802BF1D823468DF834500DAF09AD50
S31508018C302A4603CABA4218605960154603F1080361
S31508018C40F6D1106818600023CDE9023304A901A8FA
S31508018C50FFF7E8FE002839D030460FB0F0BD172ED1
S31508018C6016D1234604AD2A4603CABA42186059608A
S31508018C70154603F10803F6D1106809AD186004AE6C
S31508018C800FCE0FC533682B609DF820500026B4E738
S31508018C909DF820C0237CA3EB0C031B060CD52346A9
S31508018CA004AE324603CABA4218605960164603F141
S31508018CB00803F6D1106818606545E7D209AD04AE18
S31508018CC00FCE0FC533682B606546DFE79DF8202078
S31508018CD0237C9A42BAD1637C9DF82120934228BF0E
S31508018CE013466374B2E700BF643800202DE9F043E8
S31508018CF015465D2385B004460F46162200212846EF
S31508018D008DF807304FF001092EF094F90DF1070897
S31508018D10204625F061FA0646B0B9A06843885BBAD1
S31508018D20AB822FBB636893F90220002AB6BFD978B4
S31508018D30D979581D01F1FF31A8BF03F109002A4667
S31508018D40C9B225F06CFA78B1D4E90001002302AA68
S31508018D50CDF808808DF80C9024F032FE002360606F
S31508018D60A3600028D4D11726304605B0BDE8F083A4
S31508018D7041782A460239C9B2043025F050FA00284A
S31508018D80F2D0A3685A78042AC2D15A88284652BA18
S31508018D90044992B220F0DCFDA3689B88AE745BBAE5
S31508018DA02B82E1E7B837002037B50C460DF10602EC
S31508018DB0082120461BF00CFA40B90D4BD3F834575D
S31508018DC035B92046BDF806101BF06DFA03B030BD63
S31508018DD01022294620461AF0B4FB0028F6D120466F
S31508018DE0BDF806101BF05CFA0028EFD16D69E7E7BC
S31508018DF07025002010B5144692B0242900F2A080EF
S31508018E00DFE801F0131C263E9E9E4B565D639E9E2F
S31508018E109E9E9E9E9E909E9E9E9E9E303B757E82A7
S31508018E208A9E9E9E9E9E6D86940008230021454A31
S31508018E30204612B0BDE810401BF06AB90121424B29
S31508018E40B3F85C20204612B0BDE810401BF0A4B967
S31508018E50022120463C4B93F85B2012B0BDE8104036
S31508018E601BF08FB901A93948EEF7FEFD0823172132
S31508018E7001AA20461BF04CF92FE005221821E1E74B
S31508018E80314B93F85B2012075AD4032120465A6EB8
S31508018E9012B0BDE810401BF08BB92D48FCF73AFC1F
S31508018EA0014601A824F0B6FA0823062101AAE0E73B
S31508018EB0254A072192F8F832D2F8F422B8E7114682
S31508018EC012B0BDE81040FFF76FBF224901A825F08F
S31508018ED01DFE214601A81AF0CDFF12B010BD1C488F
S31508018EE023F0A9FC014601A825F086FEF1E7202218
S31508018EF01921194B204612B0BDE810401BF030B9B4
S31508018F0020221A21154BF5E710221B21144BF1E7F4
S31508018F1060222321134BEDE7F4F73EFB402203467B
S31508018F201C21E7E7012311210F4A81E70168012284
S31508018F3001A8F7F76FFA24219DF80A3001AA98E7E4
S31508018F400020CAE7F633002070350020701500208E
S31508018F50C8350020943400206D3900208E39002050
S31508018F60AF390020C039002048E5040830B50B7830
S31508018F7005460C468DB07BB9096902A825F0DBFACE
S31508018F8050B90DF1070102A825F0E8FA014628B102
S31508018F9021460E4819F09FFB0DB030BD9DF80730EC
S31508018FA0222B08D0242B0AD0092BEAD1882208487B
S31508018FB02EF040F8E5E70748FCF7D4FAE1E76B68D5
S31508018FC0002BDED0A8689847DBE700BF802D00207C
S31508018FD094340020C8350020F7B507460E461C48CC
S31508018FE02721154618F09DFE044678B36979C1F321
S31508018FF041011AF024F9212128460DF106021BF038
S315080190004FF8C0B129462246384625F0CCFA014622
S31508019010C8B9012201A825F06FFD022320212046A7
S3150801902001AA1BF075F870B932462146084825F0A1
S315080190307FFF40B90AE021212046BDF806201BF032
S31508019040ABF80028DED02046F4F702FE03B0F0BDE7
S31508019050802D002038B50B7805460C4613B905480E
S3150801906019F039FBD4E904212846BDE83840103106
S31508019070FFF7B2BF802D00200B7870B506460C4667
S31508019080EBB909690E4818F088FE0546B8B1236997
S315080190905979C1F341011AF0D2F82A4630462169B5
S315080190A025F081FA20B12846BDE87040F4F7D0BD15
S315080190B029466269024819F0C7FA0028F3D170BD3A
S315080190C0802D00202DE9F7432929074688461446AD
S315080190D01E469DF82C9004D001F0FD03282B26D0BE
S315080190E0FEE71C4818F02AFE054688B321461AF001
S315080190F0A6F8B9F1000F1ED1B8F1290F09D13A889E
S315080191002121013292B228463A801BF045F80446DD
S31508019110D0B90D9B3246009329460C9B0D4825F084
S31508019120FEFE044680B9204603B0BDE8F08309482F
S3150801913018F0F7FDD8E74B46122128460A9A1AF085
S31508019140E7FF04460028D7D02846F4F781FDEAE769
S315080191500324E8E7802D002030B50D780446FF2D5D
S3150801916085B00DD1CDE900230B460122292125F031
S3150801917040FA18B9089B6360099BA36005B030BD26
S31508019180054D0092CDE9013501220B4603902821B0
S31508019190FFF798FFEDE700BF3BE6030838B503463E
S315080191A008780C4658B95D681DB1D1E904129B6867
S315080191B0A8472146BDE83840014819F08CBA38BDA0
S315080191C0802D002000214FF6FF72C0E904120246E5
S315080191D0024942F8181F0262704700BFBD92010892
S315080191E0837DF7B505460E4673BB306901A91DF0A7
S315080191F054FF044608BB012130690DF102021AF039
S315080192004FFF0446C8B9AC46019B72692B6102F14E
S3150801921010032032674618685968083303C7934212
S31508019220BC46F7D1BDF802304FF47A71AB820123FF
S3150801923005F11800AB751AF0B0FD22463146034810
S3150801924019F04CFA03B0F0BD0524F6E7802D00208D
S3150801925038B51E2105460E4818F056FD0446B0B12C
S3150801926029691DF029FF20B12046BDE83840F4F7E9
S31508019270EFBC01212046AA8A1AF08EFF0028F3D1F5
S315080192802A462146024825F042FE0028ECD138BD7F
S31508019290802D002013B50090064B01690446002273
S315080192A005481BF044FE002300B1A375236102B0F3
S315080192B010BD00BF37ED0308B83300200148FFF79A
S315080192C0E9BF00BFDC3A002010B504464022002160
S315080192D02DF0B0FE2046044924F0E2F9FF2384F874
S315080192E03B3084F83C3010BD7015002090F8D8301A
S315080192F010B50446E3B901210E481BF04CFD0E4892
S31508019300FBF7F8FB0123204684F8D830F8F70AFA68
S315080193100A4823F0ACFA0A4825F0B0FD09481EF0C0
S315080193208CFCBDE810404FF0807107481AF0D2BA9C
S3150801933010BD00BFB833002038350020C8350020DD
S31508019340802D0020A82E00209815002090F8D830EE
S3150801935010B504460BB311481EF0F7FC104818F077
S31508019360F9FF1048FDF786FD204620F0C8FE204685
S3150801937020F033FE2046F8F7BBF92046F8F79CF9AA
S315080193800023094884F8D830FBF7C8FBBDE810402C
S315080193904FF0807105481AF09DBA10BDA82E00201D
S315080193A0802D0020C835002038350020981500206A
S315080193B010B50446F4F748FA034B2046C4E90E34BF
S315080193C0024B236510BD00BFA3EE030887EE030811
S315080193D013B504460846019200F0E6F8302813D082
S315080193E001994B78022B06D08522204619F06AF995
S315080193F0012002B010BD2D2806D81E2806D80B2834
S3150801940030D014282AD028B30020F2E71F380E28B6
S31508019410FAD801A353F820F06D9401087594010850
S315080194200994010809940108099401080994010895
S3150801943009940108099401089D9401088594010875
S315080194408D94010895940108099401080994010865
S315080194507D9401081348F9F71FFEC9E71248FAF780
S31508019460FDFCC5E711481DF0A5FCC1E710481DF034
S31508019470ECFCBDE70F48FFF7B3FEB9E70E48FAF76C
S31508019480CFFCB5E70D48FFF7F7FDB1E70B48FFF746
S31508019490E1FDADE70948FFF769FDA9E70848FFF7C8
S315080194A07DFEA5E760380020003B0020B43200208D
S315080194B0E0320020DC3A0020643A0020243A0020F9
S315080194C0303A002038B514464FF2BF0293420D4692
S315080194D002D00025284638BD084620F0DBF920B120
S315080194E02046BDE8384020F069BA29460A4823F0E3
S315080194F0AAFD05460028ECD02146074823F0A3FD1E
S315080195000028E7D1204620F04DFA0028E2D120466E
S31508019510BDE8384020F05DBAC835002038B54FF2AD
S31508019520BF0301F110004B840C4620F047FA094BA2
S31508019530A3F13002002808BF1A46234602F1100596
S31508019540144603CCAC4218605960224603F108035D
S31508019550F6D138BDF0370020F0B504461F460D4652
S3150801956016468DB02622002102A82DF063FD06A914
S31508019570074823F093F9204602A9FFF7CFFF3346A0
S3150801958029462046009702AA19F050F80DB0F0BDF9
S31508019590C8350020302800D1FEE7024B53F82000D9
S315080195A0704700BF78E504081FB5094B094C0390BD
S315080195B0009330220423214603A819F031FC20B177
S315080195C0001BC0F3870004B010BD3020FBE700BFC5
S315080195D06BEF030878E50408024610B5174B03F14B
S315080195E00C0153F8044B8B4242F8044BF9D11B7812
S315080195F01370134B1A68C0F821205A68C0F8252041
S315080196001A899B7AA0F829200E4A80F82B3013680C
S31508019610C0F84230536800F15302C0F846300A4B8D
S3150801962003F10C0153F8044B8B4242F8044BF9D170
S3150801963019889B781180937010BD00BF7AC80408F9
S3150801964087C8040892C804089AC8040870B50C1E8D
S31508019650084918BF214605461AF03BFA38B9224689
S315080196602846BDE87040012321211AF0C5BA002019
S3150801967070BD00BFA2CA040870B50C1E00F1210511
S315080196800849284618BF21461AF023FA38B922464E
S315080196902846BDE87040012321211AF0ADBA002001
S315080196A070BD00BFA2CA04082DE9F84F00240D4673
S315080196B016468346A146DFF8908002F1FF3A5F46D7
S315080196C01BF8010B18B9002305EB840536E05C2865
S315080196D025D19BF80020A2F10903DBB2172B13D879
S315080196E028FA03F3DA0711D41BF8013C002BE6D05C
S315080196F01CB11BF8023C002BE1D1544522D0631C56
S3150801970045F82470DCB2DAE75C2AEDD138462DF04B
S31508019710E9FC5946024638462DF073FCE4E7093858
S31508019720C3B2172BE0D828FA03F3DB0748BF0BF8B7
S31508019730019CD9E70134E4B245F8043BB442F9D3B4
S31508019740BDE8F88F0720BEE7130080002DE9F3472F
S315080197500E460546002846D00378302B18D14378A3
S3150801976003F0DF03582B13D14FF0010A0235002409
S315080197704FF09938A1461D4F28780DF10701BAF126
S31508019780000F08D01AF0B5F950B302B0BDE8F0875A
S315080197904FF0000AEBE71AF0A4F90028F5D1A04525
S315080197A077EB09031FD30A22A4FB024302FB093301
S315080197B004E04FEA091343EA147324019DF80720CC
S315080197C00021121953F1000328BF012114469946B5
S315080197D049B915F8010F0028CED1C6E90023D4E707
S315080197E0B9F1805FE5D30720CFE700BF99999919A9
S315080197F000234FF6FF7210B5C0E91123024604464D
S315080198000849C0E90F33C36442F8501F8265064A06
S315080198104366C0E9172000F15C0104481FF001FC0A
S31508019820204610BD21990108A1F30308002C002048
S31508019830F0B58DB00446ECF7E9FF002305460A9317
S31508019840ADF82C30234602AE04F1100732461868EB
S315080198505968083303C2BB421646F7D106AE03F16F
S315080198601007324618685968083303C2BB421646C0
S31508019870F7D194F8363094F838208DF82C3094F8CE
S3150801988037300021DB0043EA02139DF82D2003F04F
S31508019890180322F0180213431F4838228DF82D3079
S315080198A0F4F7D0F9064648B328461AF0CEFA042248
S315080198B001900DEB0201304619F043FE88B9A18DDE
S315080198C073898B4211D315483146B0F8943602AAEA
S315080198D0A4F84E3000F5D260B4F84C30F7F720F909
S315080198E048B13046F4F7B4F908E0304619F05CFCA3
S315080198F00028E8D0F5E7A38F0133A387E38D04F1A8
S315080199005000013B9BB2E38523B1216B1AF045FA5E
S315080199100DB0F0BDA18EF9E7C8150020702500200D
S31508019920014825F0B0BC00BF703B002008B50448CB
S3150801993030F027FA2DF017FABDE8084000F008B80C
S31508019940FCE70408014830F01CBA00BFFCE704082C
S315080199502DE9F0415D4C92B009AD94E80F0085E818
S315080199600F000DAA174604F1100304F1200C164640
S3150801997018685968083303C663453246F7D118682B
S31508019980534B08A93060187930F0F6F9514830F090
S31508019990F8F9514830F0F5F94FF4807308984F49B2
S315080199A0ADF83430814228BF01460C9726F047FEB0
S315080199B029460A904A4803F055FE494826F0E7FD2C
S315080199C0474826F00DFE464826F0F6FDB4F82480F1
S315080199D0012204216846ADF8008025F08CFFE78C4A
S315080199E00022012101A8ADF8047025F084FF268D17
S315080199F00122042102A8ADF8086025F07CFF658DD7
S31508019A000122042103A8374CADF80C5025F073FF49
S31508019A10354B4FF44870C4F8C8344FF00213C4F8F4
S31508019A20C434A3F58033C4F8CC341C23C4F8B43445
S31508019A3008F0D6FB07A8ADF81C5000F041FC14202D
S31508019A4008F0CEFB07A8ADF81C5000F029FC23202E
S31508019A5008F0C6FB07A8ADF81C5000F031FCB92187
S31508019A601F4826F0E2FD07A8ADF81C5000F018FCC7
S31508019A70002204A81146ADF8108025F03CFF00220B
S31508019A8005A81146ADF8147025F035FF012200210D
S31508019A9006A8ADF8186025F02EFF0122002107A8B7
S31508019AA0ADF81C5025F027FF0D4803F0A1FD002352
S31508019AB00948C4F8B434C4F8C834C4F8C434C4F87A
S31508019AC0CC3430F061F912B0BDE8F08138E604080B
S31508019AD02CE80408FCE7040800E80408E0707200B2
S31508019AE000000A5000C00350020003001FB5124BC4
S31508019AF001AC93E8070040F2011384E8070001214D
S31508019B003D20ADF80C3002F0A3FB204602F05CF8CC
S31508019B100221002002F084F80322084B112003F5E4
S31508019B20005103F580534A619A6107F027F903F05A
S31508019B30DFF904B010BD00BF64E604080040065012
S31508019B404FF000639B6A03F17842B2F5C04F03D226
S31508019B501968064A914203D000230370836070474F
S31508019B60012202709A689B694260F7E707B0CD5EE9
S31508019B70024B82B0186802B0704700BF000000208F
S31508019B801FB501238DF80430002301A80293FFF7BE
S31508019B90D7FF039B9B0204D505B05DF804EBFFF7DD
S31508019BA0A5BF044B044A1A6005B05DF804EB27F01B
S31508019BB0C5BF00BF0000002002020FF073B5464B77
S31508019BC004461A781AB102221A7002B070BDCDE99C
S31508019BD000220028F9D001261E702FF0C9FF3F4D3B
S31508019BE03F4B186011F064FE2B785BB901F0ECFE6F
S31508019BF040B93C4808233C4A3C49006801F0A2FCAC
S31508019C0000B92E703A4B5A6E62619B6E394AA3614E
S31508019C104FF480439366384B5968E1613749996037
S31508019C20196E2160596E6160D3F87011A160196CC3
S31508019C30E160596C21613249086C1864496C5964B0
S31508019C40012151661B6E9C042ED52E4AD368D8076E
S31508019C50FCD42D4B1A68531C2BD04FF48013934018
S31508019C602A4A13660423294C684623664FF400736F
S31508019C702366082323664FF4805323664FF0006357
S31508019C8023664FF4002301A9636625F0D5FB009BE3
S31508019C902366019B63662B78002B96D0124B1A68B4
S31508019CA022665B68636690E7194AD368D907FCD4CC
S31508019CB0CFE7184B1B78002BD4D14FF400720D4B0C
S31508019CC05A6603F5A6235B68002BCBD14FF48012A5
S31508019CD00E4B1A66C6E700BF166000201760002003
S31508019CE0E8410020D0630020EC4100200071080003
S31508019CF000800050009000500080004455CEAC0012
S31508019D0000C00054000004409C63002000900044F9
S31508019D10000004501560002070B5224D04462E78C7
S31508019D20012E02D001232B7070BD0028FCD025F02E
S31508019D309DFB01300BD025F099FB40F201139842A7
S31508019D4005D0194B194A5E66D368DE07FCD422682A
S31508019D50174B1A6662685A66A268C3F87021E268E8
S31508019D601A6422695A64E269D00744BF00229A60DC
S31508019D70104B1A68013207D10F4A127822B90F49D6
S31508019D804968C90748BF1A6062690D4B5A66A269D4
S31508019D909A6611F095FD0B4B18682FF0E4FE002327
S31508019DA0C1E700BF16600020009000400000044093
S31508019DB0008000449C6300201560002000C0055007
S31508019DC000800050E8410020F8B54FF00066B36AFC
S31508019DD003F17842B2F5C04F23D21A68134B9A425F
S31508019DE01FD1134D2C7814F0FD041DD14FF4803783
S31508019DF01048FFF7E3FE204606F0DCFF0E4B20462F
S31508019E00DF6006F0BBFF0D4B1F61B36ADB6998473C
S31508019E1004460848FFF780FF0CB901232B7020463A
S31508019E20F8BD4FF48174FAE70024F8E707B0CD5E70
S31508019E3015600020C841002000A00044009000449D
S31508019E4013B5204B1B7803B9FEE700231E4CCDE959
S31508019E5000336A4608231D49206801F073FBF8B9E7
S31508019E601B4AD2F84031D2F840211F2B4FF001038B
S31508019E7011D9203A9340019A1A43019208236A4656
S31508019E801249206801F0B8FC124B134A1A6027F0F0
S31508019E9055FE02B010BD9340009A1A430092EDE7B1
S31508019EA02D28F1D10A4AD2F84031D2F840211F2B88
S31508019EB04FF0010385BF203A93409340019398BF21
S31508019EC00093DBE716600020D063002000710800CC
S31508019ED000800044000000200B020FF070B5054613
S31508019EE01446F9B1F2B11668864212BF32460F4AD4
S31508019EF022604B684A61DAB222B923F0FF0343F0C4
S31508019F0001034B60224628462BF022FD60B9AE427A
S31508019F100AD130462BF01BFC31462068BDE870405B
S31508019F2027F073B86FF0860070BD00BFF00002001D
S31508019F3010B1034A2BF08ABE6FF08600704700BF46
S31508019F400900800307B5082025F0BEFC0222064B4E
S31508019F506846CDE9002325F0D0FB082003B05DF85B
S31508019F6004EB25F0BCBC00BF006A1810BFF34F8F85
S31508019F700549064BCA6802F4E0621343CB60BFF396
S31508019F804F8F00BFFDE700BF00ED00E00400FA05B2
S31508019F900348044A0449121A921025F020BC00BF4E
S31508019FA08061000840630008C061002008B5154BB0
S31508019FB083F30A8800F030F8FFF7EAFF124B1349DA
S31508019FC08B4212D30020124B12498B4218D3ECF75D
S31508019FD0FBFA186850F82240586840F822400132C6
S31508019FE098688242F5D30C33EAE70022F8E71C6841
S31508019FF044F8220001325C68A242F8D30833E4E748
S3150801A0000022F8E708000020D4350508E0350508E0
S3150801A010E0350508E03505084FF48041124B134A2F
S3150801A02070B59A60D3F88820114D42F47002C3F8CE
S3150801A0308820104A05F5005491664FF0FF322266D2
S3150801A0400D4A62660222C3F8D020BFF34F8FBFF3D1
S3150801A0506F8F4FF44036002006F0ACFE0020E66014
S3150801A06006F08CFE2E6170BD00ED00E00060000870
S3150801A0700080004400900050F7FF3700014B18603C
S3150801A080704700BFA4630020054B1860054B1B6F82
S3150801A09003F00703032B01D12EF082BB704700BFE3
S3150801A0A0AC6300200080005030B5056887B0AB88E6
S3150801A0B004461848ADF80C302FF063FE0022012142
S3150801A0C003A825F018FC0DF10B0103A825F027FCC0
S3150801A0D09DF80B3083F001032B70AB79022B15D158
S3150801A0E04FF0FF330022CDE9043304A90A4B00944B
S3150801A0F003A800F05BF9049B009401330CBF04220A
S3150801A1000122054B05A903A800F0EAF8002007B0CB
S3150801A11030BD00BFFCE704080DF80308002307B5A6
S3150801A120294801932FF02DFE4FF440730122042193
S3150801A1306846ADF8003025F0DEFB0122234B0520E9
S3150801A140C3F8442401A92FF017FE002839D1204B62
S3150801A150D3F8F02042F00102C3F8F020D3F8FC202E
S3150801A16042F08072C3F8FC201A4AA3F55D431A60CF
S3150801A170019B194A03F5D52303F2FC43B3FBF2F31A
S3150801A180164A013B13610223C2F8F0304FF480737B
S3150801A190C2F804334FF06043114AC3F8B02F114A8D
S3150801A1A0C3F8802ED3F8002E42F48072C3F8002E2D
S3150801A1B0FF2283F82020D3F8002E22F48072C3F8F8
S3150801A1C0002E03B05DF804FBFCE7040800D0035039
S3150801A1D000ED00E0FF030040F8590D00000004E01F
S3150801A1E055CEACC5090001004FF06043D3F8802E67
S3150801A1F030B5D20715D501240B4D8440D5F8FC207E
S3150801A20042F08072C5F8FC20D3F8002E2243C3F829
S3150801A210002E53F82020002AF0D003F82010002041
S3150801A22030BD1120FCE700BF00ED00E070B5044623
S3150801A23001260C4D04B970BD94FAA4F0B0FA80F069
S3150801A24006FA00F224EA0204C200AA580F2805EB0E
S3150801A250C001C8BF1038002AECD04968C0B290477F
S3150801A260E8E700BFF441002008B50C482FF089FD46
S3150801A270192006F091FD28B1192006F09BFD192039
S3150801A28006F07CFD1A2006F087FD28B11A2006F093
S3150801A29091FD1A2006F072FD002008BDFCE70408AE
S3150801A2A048B10122437801789A4030235943034B38
S3150801A2B000205A5070472220704700BF40D00350F3
S3150801A2C048B10122437801789A4030235943034B18
S3150801A2D000205A5070472220704700BF40E00350C3
S3150801A2E02DE9F0410D4690461F460446002836D012
S3150801A2F0002934D02FF03CFC23780646FF2B05D0E5
S3150801A30042462046296803F0B3FA28602868421CA9
S3150801A3100BD12378FF2B1CD1124B6078D3F8241468
S3150801A32026F0A0F9431C286013D00F49069B41F873
S3150801A330307001EBC0014B602378FF2B04D0012359
S3150801A3400A4A8340C2F8243430462FF00CFC002018
S3150801A35003E030462FF007FC2D20BDE8F0812220CE
S3150801A360FBE700BF00C00350F441002000D00350B2
S3150801A3700F2838B5054613D82FF0FAFB0123002418
S3150801A380084AAB40C2F82034C2F82434064B43F8D5
S3150801A390354003EBC5035C602FF0E5FB204638BD6D
S3150801A3A02120FCE700E00350F44100202DE9F041AB
S3150801A3B00D4690461F46044650B349B32FF0D8FBC5
S3150801A3C023780646FF2B05D042462046296803F026
S3150801A3D0D5FA28602A68531C14D00E49069B1032F8
S3150801A3E041F8327001EBC2014B602378FF2B04D090
S3150801A3F001239340084AC2F8243430462FF0B3FBB0
S3150801A400002003E030462FF0AEFB2D20BDE8F08199
S3150801A4102220FBE7F441002000D0035008B503F0E1
S3150801A420CDF9054B00F0553020F05020C3F8200433
S3150801A430BDE80840FFF7FABE00E0035008B503F08F
S3150801A440BDF9054B00F0AA3020F0A020C3F820047E
S3150801A450BDE80840FFF7EABE00E003502DE9F04FDA
S3150801A460144606460F4689B00393C36B01225B69FE
S3150801A47004A960689847F36B01225B6905A9384608
S3150801A480984704A825F0BEFE054650B10023A375DA
S3150801A49063754FF0FF33A3600025284609B0BDE870
S3150801A4A0F08F05A825F0BBFE0123A375237E04EBD7
S3150801A4B0C303DF611D846368BB420ED1206005A812
S3150801A4C025F0CEFE4FF0FF332075A360237D043BB4
S3150801A4D0022B26D80023A375DEE723681A1A5342EE
S3150801A4E05341A37505A825F0BBFE237D834218BFFA
S3150801A4F0A57505A825F097FE804604A825F093FEC4
S3150801A500804518BF002305A818BFA37525F092FE3C
S3150801A510804604A825F08EFE80451CBF0023A3753E
S3150801A520D4E705A825F07FFE80B1F36B02223846F1
S3150801A5305B6906A9984706A825F083FE0346207D90
S3150801A540032839D8DFE800F03838040905A8F3E705
S3150801A550CC22237E04EBC3031A8401F0ADFA129BC5
S3150801A560187005A894F8188025F051FE04EBC80860
S3150801A57088F82200237E05A804EBC303B3F820A0BC
S3150801A58093F8228025F04FFE814605A825F052FE54
S3150801A5908346B9F1000F14D0F36B022238465B6982
S3150801A5A006A9984706A825F012FE607568B9002322
S3150801A5B0A3754FF000093CE0227E04EBC202138426
S3150801A5C0CBE705A825F0EEFDEFE794F81690B9F16B
S3150801A5D0000FEED0BAF1000F0DD1B8F1000F1DD062
S3150801A5E00123E375637E002B3FD1B8F1010F30D10A
S3150801A5F084F8198014E0736C07EB0B015A4287EA59
S3150801A600010010421CBF0022A2755A1E0A409B1A5D
S3150801A6109A45CCD8A37D002BDFD1CAE7E37D43B9A0
S3150801A6204FF0000953465A463946304625F031FB64
S3150801A630A060A37D13B12269524422611F49227E7B
S3150801A640097891421AD901322276039ACAB91D4666
S3150801A65023E796F834307BB9F36A0133E2D1B8F1CE
S3150801A660030FDFD10123A376DAE7B8F1010FE0D0B2
S3150801A670B8F1030FD4D1F5E79946D3E70023A375BB
S3150801A6800BE7002B3FF409AFE57D002DDFD0B9F1CB
S3150801A690000F11D1B8F1030F3FF4FFAEA1684B1CAF
S3150801A6A03FF4FBAE129B2246009330460123FFF787
S3150801A6B0D5FE0546A075F0E64D46EEE6E0E6040849
S3150801A6C02DE9F04F0E46984600238BB004464FF00D
S3150801A6D0FF31104617468DF8133001F0D7F9B6F554
S3150801A6E0801F20D2314605AA04F1080025F0D8FCBE
S3150801A6F0451C014603D1237CBBB92D2010E0384601
S3150801A70001F0C4F90122394620460DF1130325F05B
S3150801A71012FB0028EFD09DF8133088F8003000208E
S3150801A7200BB0BDE8F08FB01CE5D1E56A691C36D1DE
S3150801A7302046616A25F0F3F90546B31C18BF0123C3
S3150801A740DFF8CC900193636A626C0293236805A9CA
S3150801A75002FB053AE36B05225B695046984705A853
S3150801A76025F0EAFD25F00DFE504625F015FE4FF0C1
S3150801A770000B824601464B1C05D0636C81EA0A022E
S3150801A7805B42134211D02946204625F0C8F9029B9F
S3150801A790AB422CD0BBF1000F2CD10546D3E7236879
S3150801A7A0ED1A636CB5FBF3F5C7E7484601F06EF998
S3150801A7B00DF1130349462046019A25F0BCFA0346D2
S3150801A7C090B1B21C03D0D9F80020B2420CD19DF841
S3150801A7D0132003930D4B88F8002049461A6838461A
S3150801A7E02CF073FC039B9B46D9F80810C3E7BBF111
S3150801A7F0000F82D0B6F5801F91D2314698F8003005
S3150801A8007A6804F1080001F06FF888E7DCE60408C5
S3150801A810684900202DE9F3410446174698460E4635
S3150801A820184D816AE36A8B4201D04B1C02D102B0F2
S3150801A830BDE8F081284601F029F90122294620467A
S3150801A8400DF1070325F077FA38B143462946204624
S3150801A8509DF80720B8470028E9D0A9684A1C04D101
S3150801A8606968204625F0E8F90146012EDAD16B68B8
S3150801A87081EA0302636C5B421A4218BF4FF0FF314B
S3150801A880D0E700BF3C4900202DE9F0474FF0FF33E0
S3150801A8904FF6FF720025044600F108078AB0C0E9A1
S3150801A8A00923C362056205633846884625F0C9FB54
S3150801A8B0204625F0B4F860BB2046414625F07FF9CD
S3150801A8C0204625F0ACF860BB5E200AB0BDE8F087EB
S3150801A8D02368E26B606C566900FB0530052205A901
S3150801A8E0B04705A825F028FD012806460CD12946BA
S3150801A8F0204625F035F9012E024600D101322946B6
S3150801A900204625F0ABF803E025F040FD0028EED1FE
S3150801A9100135E3699D42DBD3204625F080F80028FE
S3150801A920CAD0204625F0ABF84FF6FF72636A934208
S3150801A93000F0A680E26B666C2068694606FB030098
S3150801A94055690522A847684625F0CDFC626A236841
S3150801A950606C4C4D00FB023025F01EFD4FF0FF33B5
S3150801A960A062E3622A466FF00101204605ABFFF7B4
S3150801A970A7FE002846D1AD6829462046E56225F09E
S3150801A9802AF8206320B92046E16A25F055F9E062E4
S3150801A9902946204625F050F90546A36A9D4233D13A
S3150801A9A0204624F0D6FF00268046B146E36999453C
S3150801A9B03CD3B04559D92046616A25F0B0F800273D
S3150801A9C0054604F1400AB74212D3626C2368694608
S3150801A9D002FB0539E36B05225B69484698476846D9
S3150801A9E025F081FC534602464946E06B25F0D6FC24
S3150801A9F02946204625F093F80137B8450546E2D1A0
S3150801AA00642062E7A56AB7E72946204624F0E3FFF2
S3150801AA10236B2946034406462363204625F00CF991
S3150801AA200546002EB9D1C4E90B06B6E7636C25685D
S3150801AA30052203FB0955E36B05A95B692846984777
S3150801AA4005A825F079FC25F09CFC58B1284625F087
S3150801AA50A3FC0146204624F0BEFF636C143B9842D2
S3150801AA6008BF013609F10109A0E7384625F0E9FAD8
S3150801AA70002320461946044AFFF7CCFE002024E7A6
S3150801AA80672022E79449002025FD03082DE9F041B6
S3150801AA90036B9046826B90B09A4288BF8363426C7F
S3150801AAA0436A07680E4602FB0377C36B01A90522B1
S3150801AAB05B6904463846984701A825F03DFC0128FC
S3150801AAC00146307057D0656CE26B2368606AD2F82C
S3150801AAD014C005FB0030052206A9E04706A825F0A3
S3150801AAE02BFC01284FF0000523D0D4E90A320121B5
S3150801AAF09342CDE90B458DF834800E958DF83C10BF
S3150801AB002AD11946204625F097F8236B626C14332F
S3150801AB109B1AE06223630C9B53B99DF83C303BB109
S3150801AB20626A616C2368E06B01FB023125F0BCFBAC
S3150801AB300C9DE36B05225B6901A93846984701A874
S3150801AB4025F0FAFB30702846236BA26B9A4288BF20
S3150801AB50A36310B0BDE8F081237C33B91C490BAA65
S3150801AB6004F1080000F00EFFD5E72046194A0BABA1
S3150801AB70FFF750FECFE7237C23BB2246164904F193
S3150801AB80080000F0FFFE616A204624F0E9FF616AC9
S3150801AB90421C204624F062FF054620B9236B626CED
S3150801ABA01344143B23632046A16A25F045F823681C
S3150801ABB0A062C01A636CB0FBF3F06062204625F010
S3150801ABC07EF8B6E700232046044AFFF723FEDAE7B4
S3150801ABD001B301087DB20108BFFD03085BFD030847
S3150801ABE073B50D46D11E4A421C461B7E4A419A42FE
S3150801ABF026D129682368994222D3636899421FD8C6
S3150801AC00114E0DF107033246FFF75AFDC0B97268B6
S3150801AC106B689A4214D19DF80730DA1E53425341A4
S3150801AC20227E93420CD1636901336361D4E903231C
S3150801AC30934205D22968A26842F823100133236199
S3150801AC40012002B070BD00BF944900202DE9F04FE4
S3150801AC509A468BB09DF85030DFF850B10293DBF875
S3150801AC601030804653450D461646C0F09880D146A9
S3150801AC70DBF804300193B9F1000F00F08C80D8F8A5
S3150801AC803C3001225B6907A90198984707A825F076
S3150801AC90C6FADBF80030984240F0848007A825F010
S3150801ACA0C9FA0428074614D107A825F0CAFA019B50
S3150801ACB0029A04463B44002A3ED1864212D91446DA
S3150801ACC0361A4046019924F0B7FFA9EB0409019009
S3150801ACD0D1E7D8F83C3002225B69019808A9984760
S3150801ACE008A8E2E7841B544528BF5446032C03EB06
S3150801ACF00607AAEB040A1DD9D8F83C302946384676
S3150801AD005B69A208984724F0030304F003061F446D
S3150801AD101D44002ED5D0D8F83C3001225B6908A91C
S3150801AD20384698473246284608A935442CF0CDF9C5
S3150801AD300026C6E72646ECE7074600F0030203921B
S3150801AD4003442A1804920593049BDD1B059BD81B13
S3150801AD50039B9F420FD1002FB3D0D8F83C30012274
S3150801AD6008A95B6998473A46284608A92CF039F993
S3150801AD7078B93D44A5E7D8F83C30012208A95B69B2
S3150801AD8098470422284608A92CF02BF908B9043F4C
S3150801AD90DAE74FF0360948460BB0BDE8F08F4FF0B9
S3150801ADA06309F8E74FF06F09F5E700BFC0490020CE
S3150801ADB02DE9F0410F4616469846044688B060B319
S3150801ADC090F83450FDB1012124F01EFE00210E9B9E
S3150801ADD0CDE90511CDE902379DF83C30CDF804805F
S3150801ADE08DF81C30237C04968BB90D4901AA04F110
S3150801ADF0080000F0C7FDDDE90553E06B002E08BF2A
S3150801AE001D4624F0EAFF284608B0BDE8F081204631
S3150801AE10044A01ABFFF7FEFCEDE70546F3E700BF81
S3150801AE2089FD0308E1AB01082DE9F04F99B0CDE999
S3150801AE300B230E460A69416CD31D1439B3FBF1F392
S3150801AE40013302EBC302036B04469342C0F00F823F
S3150801AE500023DFF820940993E36A484619460793C5
S3150801AE6000F014FED6E9033705930C9B022B1CD17F
S3150801AE70CC2F40F074810B9B8BB13146204625F0CF
S3150801AE800AF8656C14900B9B63B1E36B01225B694D
S3150801AE90706816A9984716A825F0C5F90CE0059B10
S3150801AEA01B68149308230E930DE0782F656CEAD876
S3150801AEB00B9B002BE9D1F07D00280CBF0423082346
S3150801AEC0782F0E9328D90123002508930823039385
S3150801AED0336808990C98C9F80030C9F8107025F03C
S3150801AEE0C3F900230F930D9306930A93039BDDF889
S3150801AEF01CA09B0889F814001193616C03984A1EDB
S3150801AF000AEA02028B1AEFB10544AB421CD8236B3D
S3150801AF105B1A1344236386E0079A6B1E1340EB1AE8
S3150801AF203A1D934207D257B1082BCCD800230425E2
S3150801AF3008930395CCE7002504230895C7E704255C
S3150801AF400897F6E78342E2D3039AB8469B1A9F42CB
S3150801AF5028BF984652449F42049278D90123D9F8CA
S3150801AF60102089F81730974276D1C9F804A00693BC
S3150801AF7099F81730002B71D099F818200699D31C27
S3150801AF8009EBC3030132C3F804A0A3F80880997238
S3150801AF9089F81820B8F1000F14D00C9B022B60D148
S3150801AFA00F9B7BB90D9B4344032B0BD9E36B012202
S3150801AFB09B69049814A998470546002840F0D5804E
S3150801AFC001230F93069B16A80193089B009399F8F2
S3150801AFD014204346316800F00FFDE36B50469B6928
S3150801AFE0119A16A99847051E099B18BF5346039A35
S3150801AFF0099351464346204624F04BFE236B039A98
S3150801B000C9F808009B1A08F1030222F003029B1AE9
S3150801B0102363002D40F0A9800D9BDDF810A0434461
S3150801B020A7EB08070D935146204624F005FE002597
S3150801B0308246002F7FF461AF8E4A3168936804F126
S3150801B0400800E36252680C9B00F04EFC89E0069BFF
S3150801B050002B18BF03238AE7022388E7C9F804A04F
S3150801B06098E70B9B002B30D1059BB8F1030F03EB37
S3150801B070080B27D9DDE90401E36B4FEA98029B69BE
S3150801B08098470546002864D118F003025ED0059B4F
S3150801B09028F003052B440593049B1D444FF0FF3309
S3150801B0A0059915A815932CF010F8E36B284601228B
S3150801B0B09B6915A998470546CDF814B0002D81D08E
S3150801B0C0049B94E74246049DE8E706F12003DDF870
S3150801B0D010B01093F37D70689BB10023357E0A9AF0
S3150801B0E0D9B2A94211D2109903F1010C31F83310E2
S3150801B0F0914225D90E9906EBC303D8690A4410442F
S3150801B10003E00E9B0A9A13441844E36B01225B6918
S3150801B11015A99847159B012213930A9B5846043390
S3150801B1200A93E36B13A99B699847049B0546434415
S3150801B130A3EB0B03042B06D970B90BF1040BC9E772
S3150801B1406346521ACCE7CDF810B0B7E7CDF814B07C
S3150801B15038E7CDF814B0B3E7CDF810B0B0E77025ED
S3150801B1602F46384619B0BDE8F08F3D2DF8D104F1C8
S3150801B170080303932368079A606CD71AB7FBF0F79D
S3150801B18000FB073025F008F9E16A8246204624F0DB
S3150801B19053FDA16AD4F830E08142626C59D0D9F8DE
S3150801B1A0083002F1FF3CAEEB020103EA0C030B4443
S3150801B1B0236309992368E062CB1AB3FBF2F8474582
S3150801B1C03BD1079BB3EB0A0711D0E36BBA0851468B
S3150801B1D09B6998478346E36A079A3B44E362236B74
S3150801B1E003989B1A5344236324F02BFF5F46236875
S3150801B1F0616CE06B01FB083125F043F8204624F029
S3150801B2000EFC204624F03BFC626A2368606C00FB56
S3150801B210023025F0C1F8A062204624F050FD2063D3
S3150801B2206FB13269616CD31D1439B3FBF1F3013384
S3150801B23002EBC30290429DD292E70027D7E704F1B9
S3150801B240080024F0FEFE3B46394620460A4AFFF727
S3150801B250E1FA3269616CD31D1439B3FBF1F3013399
S3150801B26002EBC302236B9342BFF4F6AD78E71C27C2
S3150801B27077E700BF6849002025FD0308032A2DE961
S3150801B280F34106460D4617461C4606D1237A012B7D
S3150801B29023D0012002B0BDE8F081DFF8608009689B
S3150801B2A042460DF10703FFF70BFA60600028EDD15E
S3150801B2B09DF80730032BE9D0D8F804206B689A4229
S3150801B2C0E4D1237A2969012BD4F80CC007D1726914
S3150801B2D00CEB0103934202D92074207CDAE708318A
S3150801B2E06144E1603B46012229463046FFF79CFD51
S3150801B2F060600028CAD00020CCE700BF944900202E
S3150801B3002DE9F341032A1746089C06D1237A012B16
S3150801B31025D0012002B0BDE8F0812668DFF89080CB
S3150801B320304642460DF10703FFF7CAF96060002867
S3150801B330ECD12568D8F80400A96A6A6C48405342DA
S3150801B34010EA030CE2D1237A012B0AD1E068D8F876
S3150801B350103003447069834203D984F810C0207CF5
S3150801B360D8E72868EB6A1B1A081AB3FBF2F3B0FB95
S3150801B370F2F083420BD1706CF36A421E1340326BB2
S3150801B380121A13442846336324F056FCE862D8F8A7
S3150801B3901020E36808321344E36001223B4604495E
S3150801B3A02068FFF741FD60600028AFD00020B1E7B3
S3150801B3B0944900202DE9F0410025604B0E46D3F84B
S3150801B3C0008004461D6018B921252846BDE8F0818C
S3150801B3D090F8347007B30A6803689A4240F0A4806B
S3150801B3E04A6843689A4240F09F808A6883689A420D
S3150801B3F040F09A80CA68C3689A4240F095800A6903
S3150801B40043699A4240F090808A69C36B9A4240F038
S3150801B4108B804B698361D8E768223946856B2BF0A7
S3150801B42009FED6E90212336804F10800236073683D
S3150801B430A5636360336963617369A36124F013FECD
S3150801B440B36904F14000E3639B68984720B9676CC8
S3150801B45017B16368B3FBF7F794F84330E761002B3C
S3150801B460B2D00023656C2366002D65D0002F63D00A
S3150801B4702368B3FBF5F205FB1233002B56D1666838
S3150801B480B6FBF5F305FB1363002B4FD1204624F0D9
S3150801B49092FAA369043303449E4249D340F63472AF
S3150801B4A06369CC3B934245D8B5F5805F44D3032104
S3150801B4B0204624F0A9FAD4E90001E36B1B689847F2
S3150801B4C00546E36B0220DB689847D5B94146204615
S3150801B4D0FFF7DAF96428054604D141462046FFF705
S3150801B4E0D3F905466DB9636C226A143B204602FB03
S3150801B4F003F624F060FAA369043303449E4238BF75
S3150801B5005A25002D0CBF0123002384F8343007D1B6
S3150801B510D4E900010A4A13680133136024F03DFE99
S3150801B520E06B24F05AFC50E75D254EE759254CE7B8
S3150801B5305A254AE75F2548E75B2546E7F842002092
S3150801B540F44200202DE9FF410C4616461F460546E2
S3150801B55088B390F8343083B3B1F5801F2FD2DFF862
S3150801B5606480012124F050FA4246214628460DF10D
S3150801B5700F03FFF7A5F80246C8B99DF80F30012B4E
S3150801B58010D1D8F81030BB4213D100903146284665
S3150801B590FFF75CFB0446E86B24F01FFC204604B069
S3150801B5A0BDE8F081022B0CBF60242D24F3E72D247E
S3150801B5B0F1E76324EFE72124F0E71124EEE72924D4
S3150801B5C0ECE700BFC04900202DE9F04385B00E46DF
S3150801B5D017461C460546DDF83080A0B390F834308E
S3150801B5E09BB3B1F5801F32D2DFF86890012124F0B0
S3150801B5F00BFA4A46314628460DF10F03FFF760F864
S3150801B600E8B99DF80F30012B14D1D9F8102004EBB5
S3150801B61008039A4215D322460090434639462846DE
S3150801B620FFF714FB0446E86B24F0D7FB204605B068
S3150801B630BDE8F083022B0CBF60242D24F3E72D24EB
S3150801B640F1E76324EFE72124F0E71124EEE7292443
S3150801B650ECE700BFC04900202DE9F3411E4600234F
S3150801B6600C4617460546336050B390F834304BB351
S3150801B670B1F5801F28D2DFF85480012124F0C4F9DE
S3150801B6802146424628460DF10703FFF719F80446F5
S3150801B690A0B99DF80730032B10D0022B03BF012355
S3150801B6A03B600423D8F8103018BF38603360E86B64
S3150801B6B024F093FB204602B0BDE8F0812D24F6E77D
S3150801B6C02124F7E71124F5E72924F3E7C0490020E7
S3150801B6D073B50446416924F053F9626E236B02443B
S3150801B6E093422CBF00220122834294BF00231B1AD6
S3150801B6F0207C84F85020636584F85800A8B100239B
S3150801B7000B4E1A4619462046009624F088FC00235B
S3150801B71005461A4619462046009624F089FCE36830
S3150801B7202844984294BF0020C01AE06502B070BD53
S3150801B730FFFF0F002DE9F3471E4643690446B3424E
S3150801B740884617469DF828904FD300258DF807504F
S3150801B7502046616924F014F9D4F830A082450AD24A
S3150801B760236AB5EB430F06D2002220460DF10701E5
S3150801B770FFF78CF9B8B39DF80730012B05D10022E4
S3150801B78020460DF10701FFF781F9B9F1030F06D03C
S3150801B7903146204624F0F4F8256B854227D3154D0A
S3150801B7A04FF0FF31284600F071F94B462946002231
S3150801B7B02046C5E90376C5F80080FFF735FB236EF9
S3150801B7C0054663B12046FFF783FF94F8503013B955
S3150801B7D094F858301BB1236E04F150009847284657
S3150801B7E002B0BDE8F0870135B2E76225F7E71C2507
S3150801B7F0F5E700BF944900202DE9FF410F46904621
S3150801B8001E46054698B390F8343093B3B1F5801FB8
S3150801B81031D21A4C022124F0F7F822463946284635
S3150801B8200DF10F03FEF74CFF024678B1012342469C
S3150801B8300093394633462846FFF77CFF0446E86BF2
S3150801B84024F0CBFA204604B0BDE8F0819DF80F300C
S3150801B850012BEBD12169B142E8D100934146334628
S3150801B8602846FFF7F3F904460028DFD1E7E7212444
S3150801B870E8E71124E6E72924E4E700BFC0490020E8
S3150801B88030B50C46054685B028B390F8343023B355
S3150801B890B1F5801F23D2022124F0B6F80DF10F036A
S3150801B8A0214628460F4AFEF70BFF034688B99DF83D
S3150801B8B00F20032A0DD0032221460092024628466C
S3150801B8C0FFF738FF0446E86B24F087FA204605B0EF
S3150801B8D030BD2D24F7E72124F8E71124F6E72924BA
S3150801B8E0F4E700BFC04900202DE9F043466886B356
S3150801B8F0056898464FF0000CA946AE4655F83C40F7
S3150801B9000CF1010CC4F31307013401D0B94217D065
S3150801B910B4450EF1080EF1D12F46002403E0B442D6
S3150801B92007F1080712D055F8343001340133F6D13E
S3150801B930C1F3130141EA0851C7E90012BDE8F083D2
S3150801B94041EA0851CEE90012BDE8F083B8F1030FC8
S3150801B95003D101230372BDE8F083002303E0B34258
S3150801B96009F10809F5D055F833400133C4F30754F2
S3150801B970032CF4D1C1F3130343EA0853C9E900328E
S3150801B980BDE8F0832DE9F0410646406882B0B8B1BA
S3150801B9900F4690460024336853F8345003EBC4032A
S3150801B9A0C5F30752C5F31301013506D05B68304666
S3150801B9B0CDF80080B84718B1706801348442EAD3DB
S3150801B9C002B0BDE8F08100BF024B1968024B186846
S3150801B9D0FFF7F0BCB0630020D063002008B52EF055
S3150801B9E0B4F8014B186008BDEC490020014B1868F2
S3150801B9F02EF0A6B8EC49002073B504462248012A60
S3150801BA0000EAC1119DF8185023F07C4007D9961E0B
S3150801BA10012E28D9073303F07F03194308E09DF85F
S3150801BA201C300A43DB0603F0C053134343F060415D
S3150801BA300023C4E900108DF80730B5B1202221464C
S3150801BA400DF1070024F0C4FC1A220DF10700211D8F
S3150801BA5024F0BEFC082063689DF8072043EA826348
S3150801BA60636002B070BD1143E2E71B220DF10700C6
S3150801BA70214624F0ADFC23689DF80720042043EAFB
S3150801BA80C2632360EDE700BF80FFFF0738B5094BA6
S3150801BA900D461A68002104462BF0CCFA00234FF014
S3150801BAA0FF322383C4E900252361A260E382A376DA
S3150801BAB038BD00BFDCE604080138C0B205289ABFC4
S3150801BAC0014B185C01207047E1E604082DE9F041B5
S3150801BAD00746154600240E46596888B0490A0129C1
S3150801BAE022464FEA510104F10104F8D8DC78997825
S3150801BAF024031B88C90201F4006104F480540C4331
S3150801BB00C3F30A035203234492B24FF000089C1868
S3150801BB10274B6FEA0444039325F07843ED4302A9C2
S3150801BB200DF107001B2202938DF8078024F050FCC3
S3150801BB309DF80720029B02A943EAC2630DF107009B
S3150801BB401B2225F07845049302958DF8078024F089
S3150801BB503FFC9DF80720029B6FEA144443EAC2633F
S3150801BB6005934FF0FF330794069307A9BB69012292
S3150801BB7006F110009847BB6905A90446012206F19A
S3150801BB8008009847BB69404518BF044604A9012225
S3150801BB90301D98470122404518BF0446BB69304607
S3150801BBA003A99847404508BF204608B0BDE8F0817B
S3150801BBB001009AB2034B5A6812B19A6A002AFAD15D
S3150801BBC0704700BF0040065043681249B3FA83F331
S3150801BBD010B5C3F11F044B680BB1FFF7EBFF012248
S3150801BBE00D4B5A604B689B07FCD4027A437843EAAB
S3150801BBF0420343EA04130124427A8B60837A43EAB7
S3150801BC0042034B62054B5C60037813B1FFF7D2FF21
S3150801BC10CC6010BD0040065000600650005006502A
S3150801BC20044B9A6AD006FCD419639A6AD206FCD4E4
S3150801BC30704700BF00400650044BD3F88420D20653
S3150801BC40FBD4D3F88400C0F381107047004000503C
S3150801BC5038B5174B0546D3F828310C4603F00703C8
S3150801BC60013B052B20D8DFE803F003131B0F0B1745
S3150801BC702CF070FD052305B1286004B1236038BD99
S3150801BC802CF068FD0623F6E72CF0AEFD0723F2E754
S3150801BC902CF0A0FD0323EEE72CF09CFD0423EAE734
S3150801BCA02CF094FD0223E6E700231846E3E700BFDC
S3150801BCB000800050002337B50193164B0546D3F88B
S3150801BCC020320C4603F00703042B21D8DFE803F0E2
S3150801BCD0030B11161B0001230DB1019A2A6004B149
S3150801BCE0236003B030BD002101A8FFF7B1FF12237D
S3150801BCF0F2E72CF079FD07230190EDE72DF03EFFE1
S3150801BD000A230190E8E72CF0C3FD09230190E3E734
S3150801BD100023E1E70080005038B5104B0546D3F8FB
S3150801BD2080300C4603F00303022B0BD0032B0DD0F6
S3150801BD30012B0FD12CF014FD0E2305B1286004B197
S3150801BD40236038BD2CF050FD0723F6E72CF002FDE1
S3150801BD500623F2E700231846EFE700BF00800050EC
S3150801BD6038B5104B0546D3F800310C4603F00303EA
S3150801BD70022B0BD0032B0DD0012B0FD12CF02AFD52
S3150801BD80032305B1286004B1236038BD2CF080FD7A
S3150801BD900923F6E72CF024FD0823F2E70123002006
S3150801BDA0EFE700BF0080005038B5184B0546D3F8B9
S3150801BDB020010C4600F00700062823D8DFE800F02A
S3150801BDC0040A0E16121A1E00012305B1286004B1D1
S3150801BDD0236038BD2CF0BEFC0523F6E72CF0FAFCEF
S3150801BDE00323F2E72CF000FD0723EEE72CF0EEFC27
S3150801BDF00223EAE72CF0AEFC0623E6E72CF0EAFC80
S3150801BE000423E2E700231846DFE700BF008000505D
S3150801BE1038B5104B0546D3F840310C4603F00303F9
S3150801BE20022B0BD0032B0DD0012B0FD12DF0A6FE23
S3150801BE300A2305B1286004B1236038BD2CF028FD1A
S3150801BE400923F6E72DF09DFE0C23F2E701230020D6
S3150801BE50EFE700BF00800050002337B50193164B6A
S3150801BE600546D3F860320C4603F00703013B032B62
S3150801BE701FD8DFE803F0020E1914002101A8FFF705
S3150801BE8093FF10230DB1019A2A6004B1236003B010
S3150801BE9030BD002101A8FFF7BBFF1123F2E72CF003
S3150801BEA0A3FC07230190EDE72CF090FC02230190F7
S3150801BEB0E8E70023E6E700BF00800050002337B516
S3150801BEC00193164B0546D3F894320C4603F0070343
S3150801BED0013B032B1FD8DFE803F0020E19140021DA
S3150801BEE001A8FFF761FF10230DB1019A2A6004B179
S3150801BEF0236003B030BD002101A8FFF789FF112394
S3150801BF00F2E72CF071FC07230190EDE72CF05EFCBB
S3150801BF1002230190E8E70023E6E700BF008000500E
S3150801BF2038B5104B0546D3F860310C4603F00303C8
S3150801BF30022B0BD0032B0DD0012B0FD12DF01EFE9A
S3150801BF400A2305B1286004B1236038BD2CF0A0FC92
S3150801BF500923F6E72DF015FE0C23F2E7012300204D
S3150801BF60EFE700BF008000502E4B98424AD022D8F6
S3150801BF702D4B984240D014D82C4B984239D00AD828
S3150801BF802B4B984232D02B4B98422FD02A4B9842B2
S3150801BF902CD000207047294B9842FAD1284B186FAC
S3150801BFA07047284B98422AD0274B9842F1D1244B07
S3150801BFB0D3F880007047254B98422BD009D8244BDB
S3150801BFC0984223D0234B9842E3D11D4BD3F88C00DA
S3150801BFD07047214B984221D003F5740303F510539A
S3150801BFE09842D6D1164BD3F898007047144B986DE2
S3150801BFF07047134B586E7047114B586F7047104B6B
S3150801C000986F70470E4BD3F8840070470C4BD3F8E2
S3150801C010880070470A4BD3F890007047084BD3F84D
S3150801C020940070470048E8010024F400C0CF6A0074
S3150801C03080841E0000093D0040420F00405DC60095
S3150801C0400080E00FC0EA210180BA8C01007E560308
S3150801C05080D54302006CDC020090D00373B50D460F
S3150801C0600021114B0191D3F88041064604F00304DF
S3150801C070022C13D0032C0CD0012C13D101A8FFF7E5
S3150801C08093FE10240EB1019B336005B12C6002B0FA
S3150801C09070BD2CF0A9FB07240190F3E72CF096FB61
S3150801C0A00190EFE70C46EDE70080005038B5104BDC
S3150801C0B00546D3F840320C4603F00303022B0BD096
S3150801C0C0032B0DD0012B0FD12DF058FD0A2305B1F5
S3150801C0D0286004B1236038BD2CF0DAFB0923F6E7A2
S3150801C0E02DF04FFD0C23F2E701230020EFE700BFF7
S3150801C0F00080005038B5144B0546D3F800020C46AB
S3150801C10000F0070004281BD8DFE800F003090D1129
S3150801C1101500012305B1286004B1236038BD2DF04F
S3150801C1202DFD0A23F6E72CF0B3FB0923F2E72DF0E0
S3150801C13028FD0C23EEE72CF033FB0F23800AE9E7F1
S3150801C14000231846E6E700BF0080005038B5144BB7
S3150801C1500546D3F808020C4600F0070004281BD848
S3150801C160DFE800F003090D111500012305B1286068
S3150801C17004B1236038BD2DF001FD0A23F6E72CF042
S3150801C18087FB0923F2E72DF0FCFC0C23EEE72CF0E4
S3150801C19007FB0F23800AE9E700231846E6E700BFF5
S3150801C1A000800050B0F5207F1FD009D8B0F5007F78
S3150801C1B015D003D868B1B0F5C07F0AD000200CE0CD
S3150801C1C0B0F5607FFAD10B4BD3F88000C0F30110AC
S3150801C1D003E0084B186FC0F3033001307047054B75
S3150801C1E0D3F89000C0F30460F7E7024B186FC0F369
S3150801C1F08020F2E70080005002464FF48030104B51
S3150801C20010B598660020FFF7CDFF504341F671320D
S3150801C2100C4BDC69DA635A6804F4803422F4401260
S3150801C22059B90949884294BF0020012000050243F3
S3150801C2305A600CB10022DA6310BD0449F2E700BF67
S3150801C2400090005000000350005A6202002D31018F
S3150801C250430905D0012B0CD0022B084B18BF00232C
S3150801C26000F01F0039B103F58053012282401A609C
S3150801C2707047034BF4E703F50053F6E7688000506F
S3150801C280648000501FB50021B0F5807F0446CDE9D2
S3150801C290001100F0D2803AD85E2833D85E2833D808
S3150801C2A0DFE800F04532323232323232323232325D
S3150801C2B0323232323232323232323232323232324F
S3150801C2C03232323245AC45ACBCBCBCBCBCACC64E49
S3150801C2D06BDC4EACACAC3232323232323232ACACCE
S3150801C2E0AC7EE6AC3232323232323232323232322B
S3150801C2F032BC454545E14E4EEB8D63C13232323291
S3150801C300329E4500802870D0009804B010BDB0F563
S3150801C310D06F00F0A38035D8B0F5607F79D01AD8F0
S3150801C320B0F5007F65D005D8B0F5C07FECD12CF00B
S3150801C33037FA5CE0B0F5207F60D0B0F5407FE3D1F5
S3150801C3402CF02EFA02464FF42070FFF72BFFB2FBB2
S3150801C350F0F252085BE0B0F5B06F69D00AD8B0F5D3
S3150801C360806F5BD0B0F5A06FCED100216846FFF78C
S3150801C370A1FCC9E7B0F5C06FC6D100216846FFF731
S3150801C38047FDC1E7B0F5106F6DD00ED8B0F5086F4F
S3150801C39078D0B9D8B0F5E06F6AD0B0F5F06FB3D1FF
S3150801C3A000216846FFF7BCFDAEE7B0F5406F3AD00D
S3150801C3B013D8B0F5206F60D0B0F5286FA4D100214D
S3150801C3C0324B0391D3F8703203F00303012B02D1E8
S3150801C3D003A8FFF71DFD039B39E0B0F5486F93D11C
S3150801C3E000216846FFF76AFD8EE72CF0B9F900903F
S3150801C3F08AE72CF0B5F90246204604E02CF0D0F97C
S3150801C40002464FF42070FFF7CDFEB2FBF0F2009220
S3150801C4107AE701A8FFF780FC019AEDE70021684653
S3150801C420FFF7C2FC70E700216846FFF711FC6BE7CE
S3150801C43000216846FFF712FE66E74FF0E0230291F6
S3150801C4401B695B0705D52CF0ABF90290029B00939B
S3150801C4505AE703A902A8FFF7DBFCF7E700216846BC
S3150801C460FFF748FE50E700216846FFF76FFE4BE7E6
S3150801C47000216846FFF71AFE46E700216846FFF7DE
S3150801C480EBFC41E76846FFF76BFC3DE7008000508F
S3150801C49008B58020FFF7F6FE034B98429EBF4FF47E
S3150801C4A08032024B1A6708BD005A620200A000508A
S3150801C4B01FB503460020B3F5807F019000F0C580C3
S3150801C4C065D85D2B56D84C2B07D82D2B48D8232B4E
S3150801C4D02CD8019805B05DF804FB4D3B102BF8D814
S3150801C4E001A252F823F000BF41C60108D3C40108CE
S3150801C4F0D3C40108D3C40108EFC50108D3C4010890
S3150801C500D3C401089BC601080DC60108B3C50108B5
S3150801C51091C60108D3C40108D3C40108D3C40108CC
S3150801C520D3C40108D3C40108A5C60108243B092BB5
S3150801C530CFD801A252F823F041C6010841C6010825
S3150801C54041C6010841C6010841C60108D3C401080C
S3150801C55037C60108D3C40108CFC5010877C6010843
S3150801C5603D2B00F083803E2BB3D1002001A9FFF7B4
S3150801C5709DFDAEE7802BACD1504B1B6F03F0070333
S3150801C580013B032BA5D8DFE803F0544D5052B3F510
S3150801C590F06F6BD020D8B3F5B06F4CD00ED8B3F589
S3150801C5A0607F71D095D3B3F5806F49D0B3F5A06F8D
S3150801C5B08FD1002001A9FFF77DFB8AE7B3F5D06F7C
S3150801C5C059D0B3F5E06FD0D0B3F5C06F81D1002053
S3150801C5D001A9FFF71DFC7CE7B3F5206F5DD00BD8E9
S3150801C5E0B3F5086F4CD0B3F5106F7FF472AF002026
S3150801C5F001A9FFF7ABFD6CE7B3F5406F48D0B3F57A
S3150801C600486F4FD0B3F5286F7FF463AF2B4BD3F840
S3150801C610703203F00303012B49D0022B0CBF1523FB
S3150801C620002300E00523019353E70323FBE70823CF
S3150801C630F9E70223F7E7002001A9FFF70FFD48E70D
S3150801C640002001A9FFF7B0FB43E74FF0E023029072
S3150801C6501B695B0705D52CF0A3F80D230393039BF0
S3150801C660E1E703A902A8FFF7D3FBF8E7002001A930
S3150801C670FFF756FC2DE7002001A9FFF73BFD28E748
S3150801C68001A9FFF76DFB24E701A9FFF745FB20E7A1
S3150801C690002001A9FFF7DCFA1BE7002001A9FFF733
S3150801C6A0DBFB16E7002001A9FFF708FC11E70021CB
S3150801C6B003A8FFF7ADFB1123B5E700BF00800050C3
S3150801C6C04FF48032074B0849586E03F580535A6672
S3150801C6D04B6A23F001034B62C3035CBF034B5A66E3
S3150801C6E0704700BF0080005000C0075000A00050EE
S3150801C6F038B504468020FFF7DBFE032800F08A8060
S3150801C7004FF48012544B4FF0A0615A6645F60E035A
S3150801C710524AC2F88030524B99624FF4803103F580
S3150801C72080539962936DD903FCD4916D11F08041C0
S3150801C730FBD1D4E900031B0543EA0063E07B03430D
S3150801C740207B43EA0043607B43EA0033A07B43EA4C
S3150801C750801313619069D4E904531B0643EA856380
S3150801C76000F000400343A07EE57E0343207E43EAB2
S3150801C7700043607E43EA00239361136AE06923F06C
S3150801C7800F03002843EA000343EA850314BF012582
S3150801C790002543EAC5031362324D3CD194F824308F
S3150801C7A0916A94F82000DB00294043EA40130B43C1
S3150801C7B094F8211043EA011343F4803393622A491A
S3150801C7C0264A936D31EA0303FBD14FF08071244861
S3150801C7D081621369A56823F4700343EA055313615B
S3150801C7E04FF00043836194F822300BB91F4B9962CD
S3150801C7F094F823303BB94FF480321C4B9A62174A9E
S3150801C800936D5B00FCD494F825301BB1134B184A81
S3150801C810C3F8802038BD022808D1116115489161F5
S3150801C8204FF408524FF47F4123F0F0FD0B4994F879
S3150801C83022308A6A94F820001B062A4043EA4013EC
S3150801C840134394F8242043EAC20394F8232043EAC5
S3150801C85002438B62D7E700BF009000500040005AA0
S3150801C8600050005AC7FFFEFE030001000060005A8F
S3150801C870F1A7FFFF3440005A014B93F900007047B6
S3150801C880EB6400204FF400011B4A437810B551664A
S3150801C8904FF4D151022402F5B832516217494F2B90
S3150801C8A04C604FF0010428BF4F2301F580514C60BD
S3150801C8B01169C903FCD4017843EA01235361D0E91C
S3150801C8C001131B0143EA0123417B0B43017B43EA25
S3150801C8D041039360C37B817B1B0143EA4113417C7E
S3150801C8E00B43017C43EA41035360837C13B16FF424
S3150801C8F0D153536210BD00BF009000500010025082
S3150801C900014B1880704700BFCE640020014B188088
S3150801C910704700BFCC6400204FF4800208B5184B5D
S3150801C9205A660223174A5360936813F48033FBD17E
S3150801C930012822D12BF04EFF134B984215D003F54F
S3150801C940122303F5F863984213D0104B00EB8002CB
S3150801C950400AB3FBF0F3520A0A49CA620B63012380
S3150801C9604B620022074B5A6008BD45F67A13084AFE
S3150801C970F2E745F61A03074AEEE75362F1E700BF05
S3150801C980009000500040025000F049026466666655
S3150801C990D8B80500BBCF0500B0F5207F10B50C4609
S3150801C9A057D008D8B0F5007F48D003D830B3B0F5D2
S3150801C9B0C07F23D010BDB0F5607FFBD12949013C6A
S3150801C9C0D1F8FC2012F080721EBFD1F8FC3023F09A
S3150801C9D08073C1F8FC302449D1F8803023F0300344
S3150801C9E043EA0414C1F88040002AE3D01D4AD2F86C
S3150801C9F0FC3043F08073C2F8FC30DBE723F015FD09
S3150801CA0023F021FD4FF48031184B174A1967136F2C
S3150801CA10013C23F4704343EA043414672BF0C0FE47
S3150801CA200446FFF709F9C0F10201204623F005FD86
S3150801CA3000F036F8BDE81040FFF72ABD0A4A4C1E39
S3150801CA40D2F8903023F0F85343EA0464C2F89040D0
S3150801CA50B0E7054A4C1E136F23F4806343EA842327
S3150801CA601367A7E700ED00E0008000500090005032
S3150801CA7008B50121022000F083F94FF42070FFF771
S3150801CA8091FB054B187023F0D0FC23F0DCFC4FF426
S3150801CA908032024B1A6708BD1860002000900050CA
S3150801CAA008B54FF4C070FFF7EDFBBDE8084004492F
S3150801CAB0884294BF012102214FF42070FFF76CBF11
S3150801CAC080F0FA0238B504462BF06AFE0546FFF7F0
S3150801CAD0B3F8C0F10201284623F0AFFC012100207A
S3150801CAE000F08EF92CB1FFF7DBFFBDE83840FFF700
S3150801CAF0CFBC034B4FF420701978FFF74DFFF4E7CD
S3150801CB00186000204FF4C02270B50546FFF72CFACD
S3150801CB102F4B04465A6603F598335A68012A04D1FD
S3150801CB202C494A605A689207FCD48020FFF7C0FC5A
S3150801CB30052807D123F079FC23F085FC4FF48032D0
S3150801CB40234B1A67244B24F040749D4235D0234B5E
S3150801CB509D4235D02BF0FEFD8542064603D90121BB
S3150801CB60284600F04DF91E4BDA6812F0060FFBD184
S3150801CB7099689C609A68624012F4F81F23D1284686
S3150801CB80FDF77CFA8020FFF793FC05280DD12BF0E1
S3150801CB9007FE0446FFF750F8C0F10201204623F0CC
S3150801CBA04CFCFFF77DFFFFF773FCB5420ED8BDE8D5
S3150801CBB070400121002000F023B944F00074C9E750
S3150801CBC044F08074C6E735469960DBE770BD00BF5F
S3150801CBD00090005000E0015040420F0080841E0082
S3150801CBE000000150364B98424FD01CD8354B98421D
S3150801CBF057D00ED8344B98424FD008D8334B984269
S3150801CC002CD0334B984229D0324B984226D0002358
S3150801CC1027E0314B984234D0304B9842F7D1304B0C
S3150801CC20D3F8BC301DE02F4B984232D00FD8A3F56C
S3150801CC303703A3F5D853984237D003F5B70303F55D
S3150801CC4058639842E3D1264BD3F8C83009E0264BFE
S3150801CC509842DCD1224BD3F8D03002E0204BD3F8EE
S3150801CC60A0304FF40021214A23F040735166194A36
S3150801CC7090421ED0154A90421ED04FF0B44293609E
S3150801CC807047174BD3F8B830EBE7154BD3F8C030DC
S3150801CC90E7E7134BD3F8CC30E3E7114BD3F8A430CD
S3150801CCA0DFE70F4BD3F8B030DBE70D4BD3F8C430D1
S3150801CCB0D7E743F00073E0E743F08073DDE700BF91
S3150801CCC0C0EA210180969800404B4C0080841E00E2
S3150801CCD000093D0040420F00405DC6000024F400F3
S3150801CCE00080E00F0048E801005A620200900050F7
S3150801CCF0024A536B0342FCD1704700BF00400950FA
S3150801CD00044A4178536F23F4407343EA0123536776
S3150801CD10704700BF00400050104A10B51369044619
S3150801CD2043F0040313612CF02BFB23F091FB0C4B0E
S3150801CD305B6E5B0142BF0B4B0B4AC3F82024BFF362
S3150801CD404F8FBFF36F8F30BF23F083FB05F06EF96A
S3150801CD501CB9BDE810402BF023BD10BD00ED00E065
S3150801CD600080005000E003500000FF0F034A0179DC
S3150801CD70D36E23F030030B43D3667047004000504F
S3150801CD80F8B504461C4BD3F88420D106FBD4D3F856
S3150801CD908430C3F381139C422CD02BF0E1FC012C87
S3150801CDA0064602D1214623F048FB2CF0CEFE4FF071
S3150801CDB00072124B07465A66204623F04FFB4FF482
S3150801CDC080630D4D621E93402B676B6E9A0103D4E7
S3150801CDD0D5F884309B060AD538462CF0B1FE022CCC
S3150801CDE008D13046BDE8F840002123F026BBD5F826
S3150801CDF08430EAE7F8BD00BF0040005000600050EB
S3150801CE0010B50C4608B92BF0ABFC074B21461B782D
S3150801CE103BB1064B984204D80120BDE81040FFF704
S3150801CE20AFBF0220F9E700BF19600020005A62026D
S3150801CE300278034B012100201A70FFF7E1BF00BFFA
S3150801CE40196000204FF0004238B5244B244C5A662D
S3150801CE504AF6CD33656C014605F00105236430BBFE
S3150801CE600120FFF745FF6368DB0708D4002415B1E5
S3150801CE701B4B1C4A1A642AF026FC204638BD1A4B5D
S3150801CE8058600846194B226BD20705D4984201D13E
S3150801CE900724ECE70130F6E79842E7D1F8E70132D3
S3150801CEA0236B13F0080305D08A42F8D1F0E7002274
S3150801CEB00E49F5E78A42EBD020210B4A91620121FE
S3150801CEC0A2F5805251600649084A886A800603D449
S3150801CED09342DDD00133F8E79342DEE70090005034
S3150801CEE0004009503254FFFF0060095040420F00CC
S3150801CEF04AF6E8531C4C80B51C4FE56EE66E236670
S3150801CF002CF01CFEFFF7B4FD3B6F012023F007034D
S3150801CF1043F001033B67FFF7D5FD0020FFF792FFBA
S3150801CF2023F09AFA23F099FA7B6E25F003055B0143
S3150801CF3044BF0F4B0F4A45F0020548BFC3F82024EA
S3150801CF4046F003060C4BE566E666E566E666E566C3
S3150801CF50E666E566E666E5669B6ABFF34F8FBFF34D
S3150801CF606F8F30BFFEE700BF0040005000800050C1
S3150801CF7000E003500000FF0F004009504FF0004247
S3150801CF8038B5164B01465A664AF6CD33144C154A3E
S3150801CF90656C236443780B205B0043F00103D3637C
S3150801CFA0FFF7A6FE63688A7823F4F87343EA021347
S3150801CFB06360CA784B7943EA0223A3600A798B79BD
S3150801CFC043EA022323610878FFF73CFFEB0744BFD6
S3150801CFD0054B23642AF077FB012038BD00900050E9
S3150801CFE000400950004000503254FFFF4FF0004204
S3150801CFF0124B70B55D6E03F580535A664AF6CD330A
S3150801D00004460F4980204E6C0B64FFF771FE0B6ACC
S3150801D01023F00F030F2C94BF234343F00F030B6236
S3150801D020F30744BF074B0B64002DA2BF4FF0004224
S3150801D030054B5A662AF047FB70BD00BF00800050B9
S3150801D040004009503254FFFF00A000504FF0004243
S3150801D050104B70B55D6E03F580535A664AF6CD33AB
S3150801D06004460D4980204E6C0B64FFF741FE0B6A9E
S3150801D07023F4F85343EA04230B62F30744BF074B2F
S3150801D0800B64002DA2BF4FF00042054B5A662AF0E9
S3150801D0901AFB70BD00800050004009503254FFFF52
S3150801D0A000A0005010B523F0DEF9042300F58051E5
S3150801D0B000F500520B6113610B6113610B6113617A
S3150801D0C00B611361202341F2020103610023C3604E
S3150801D0D0836041614FF4A0218361836541620549FB
S3150801D0E0C36103628362C36243630365D1640363F5
S3150801D0F010BD00BFFF3F0D03F8B5054614460846A7
S3150801D10041B9334B9D4230D0324B9D4208BF57201F
S3150801D110FFF7B8F8AB68DE072FD5B0FBF4F46E68F5
S3150801D120013C16F0010626D02821284623F097F956
S3150801D130AB6C99071BD1AB6CDA071AD4AB6C13F03D
S3150801D140020F14BF06270027284623F08CF92B69FE
S3150801D15023F07F4343EA04632B61002E37D0394617
S3150801D1602846BDE8F84023F098B95620D0E70527A8
S3150801D170EAE70927E8E73746E9E76B68AB6DDB07B6
S3150801D180AB6848BF640003F0E003402B1BD014D8FA
S3150801D190002B0CBF1023082363434101B1FBF3F2B3
S3150801D1A00D4B203A03EAC2022846012123F057F91A
S3150801D1B02A63BDE8F84023F052B9602B05D0802BCD
S3150801D1C005D10123E8E70623E6E70423E4E7F8BDEA
S3150801D1D00000015B00000A50F8FF7F002DE9F041CD
S3150801D1E09846436804460E4617461BB140F6FF713A
S3150801D1F023F035F92046FFF755FFF189737B6269FC
S3150801D2000B43318A22F44C5222F00F020B4313438B
S3150801D2106361A26896F818C0337B22F0804222F037
S3150801D220E2024CEA0303134372691343B268A3602B
S3150801D2301AB9A36843F00043A360F06904F5805363
S3150801D240002866D0857A017A6D04D4F808E045EAA3
S3150801D25081556A490EEA01010D43818801F4C041ED
S3150801D2600D43417845EA8105417B45EAC105817B44
S3150801D27045EA0115817845EA8125A560D4F80CE0CF
S3150801D280D0E9041529435E4D0EEA0505294385793A
S3150801D29041EA8521C57941EA4521E160017801F034
S3150801D2A0FD05012D08BFE568A1F1020104BF45F09E
S3150801D2B00405E5600129534D534976D8AC4272D02D
S3150801D2C0524DAC4214BF4FF0FF35012501EB451114
S3150801D2D041F294454FF0020E41F805E0417A996210
S3150801D2E019B1E16841F40061E160C17A59B1E168B7
S3150801D2F041F40041E16043498C4265D1017B444DCB
S3150801D30001F00F016967616AC07B21F003010143DE
S3150801D31061622FB197F8201000295FD001211962A7
S3150801D320B8F1000F2DD0BCF1000F02D04FF4004127
S3150801D33099653449B8F822508C4298F821105AD088
S3150801D3403248844213D10120112934BF4FF0010C10
S3150801D3504FF0020C2F4FB5F5006F07F800C094BFC8
S3150801D3604FF0010C4FF0020C2B4F07F800C0A06DCF
S3150801D370294320F4F95020F01E000143A16501213B
S3150801D3809965012159601AB120467168FFF7B4FE03
S3150801D3902046317823F081F8A36CDB4313F4405F10
S3150801D3A0FAD1BDE8F081002590E7AC420AD0174DC5
S3150801D3B0AC4214BF4FF0FF35012501EB451142F28E
S3150801D3C0944587E70025F8E710498C4201BF017BA0
S3150801D3D00F4D01F00F01C5F8801094E7E06997F841
S3150801D3E0221097F8215020F009002943014341F002
S3150801D3F00101D96194E70020A6E700BFE39BBDFFC1
S3150801D400FFF9F0870000015B00C0035000000A50D5
S3150801D410009003501C6000201A6000202DE9F0419D
S3150801D42005460F461E4690464AB1012330221C4C3A
S3150801D4308B4002FB004416B304F582542360302363
S3150801D440072F4FF00F0105FB03F3164C1AD8BA0044
S3150801D450181D134608FA02F29940204423F04AF8A7
S3150801D460B8F1000F09D1012330210D4ABB4001FB58
S3150801D470052296B102F582521360BDE8F08104F5E2
S3150801D4800154DBE7A7F1080C4FEA8C0C03F10C00F9
S3150801D49008FA0CF201FA0CF1DFE702F50152EBE7A3
S3150801D4A000C0035030C003504FF48032054B9A66D2
S3150801D4B041F6713203F51C33DA63012203F5005391
S3150801D4C0DA607047009000500B4B01219B6EDB031D
S3150801D4D05EBF4FF48032094B9A6641F67132084BAA
S3150801D4E0DA63084AD1600022DA634FF48032A3F581
S3150801D4F018339A66704700BF0080005000900050AC
S3150801D5000000035000200350013831289ABF024B0E
S3150801D510185C0020704700BFE7E60408021E30B514
S3150801D5204FF0000014BF0425102547F60774084973
S3150801D53052B9831D51F82330234023B10130854266
S3150801D540F6D14FF0FF3030BD00F11603F2E700BF08
S3150801D5500080035038B5C2F30625044602F00702D7
S3150801D56041B942EA052242F440220634074B43F800
S3150801D570242038BD1146284622F0CBFF024628460C
S3150801D580FFF7C2FF163442EA0022EFE70080035094
S3150801D590044B1868421C02BF034AD2F8940018606B
S3150801D5A0704700BFD4630020004000504FF480321A
S3150801D5B0064B5A6603F5E6239B69C3F38512827007
S3150801D5C003F03F021B0B4270037070470090005036
S3150801D5D0014B986CD96C70470080E00F0120034B12
S3150801D5E09B680A3303F01F03984070470080E00FD9
S3150801D5F010B5044622F0FEFF22F0E8FF502122F082
S3150801D600BFFF22F0CEFF204622F0D2FF22F0FCFF18
S3150801D61023F001F8042304F5805104F500520B6147
S3150801D62013610B6113610B6113610B611361202394
S3150801D63041F2020123610023E360A36061614FF4B3
S3150801D640A02161620649E3612362A361A365A3621E
S3150801D650E3622365D16423636363236310BD00BF5B
S3150801D660FF3F0D0370B504460D46FFF7C1FF236959
S3150801D6702A7823F0870313436A7A43EA420343F07D
S3150801D68080032361A368AA7A23F0030343EA4203CA
S3150801D69043F00103A36063692A7A23F00F03134356
S3150801D6A0636123696A6823F07F4343EA026323615E
S3150801D6B0EB68002B6ED02269197922F0F80242EA4A
S3150801D6C0C112197842EA4112D97842EA0112D97A85
S3150801D6D042EAC102997942EA81122261E268987C9A
S3150801D6E022F0F04222F4702242EAC062D87C5979CB
S3150801D6F042EA0042987842EA802242EAC132E2606E
S3150801D700A268987A22F4C04242EA4032A2605A7864
S3150801D71004F5805092028260666ADA7B1E4802F03E
S3150801D720030230400243187B000100F070000243F7
S3150801D730587B000200F4E0600243987B000300F482
S3150801D740E0400243587A000400F470200243626202
S3150801D7501A8AA26139B1114A944211D1742200215F
S3150801D760D87923F021F8EB689A799AB10B4A944251
S3150801D7700BD17022BDE870400021187A23F014B845
S3150801D780074A9442EFD18022E9E7054A944201D13A
S3150801D7907C22EFE770BD00BF8C88F0FF0000015BBB
S3150801D7A000000A500122437801789A4030235943F0
S3150801D7B0014B5A50704700BF40E00350034BD3F862
S3150801D7C02424D3F820041040704700BF00C003503A
S3150801D7D0064BDA6E02F03002202A06D0DA6E22F003
S3150801D7E0300208B142F01002DA6670470040005074
S3150801D7F02DE9F8431C4B0546D3F810334B1E0E2B67
S3150801D8000E46174690F80090447820D921B34FF078
S3150801D81000082846EFB12BF041F830230F2103FB0E
S3150801D82009F3072C88BF083C104895BFA400A4003B
S3150801D83004330C3308FA04F2A140184422F003FF1A
S3150801D84086B9284657B1BDE8F8432BF027B888466C
S3150801D850DFE7FFF7A7FFE0E78846DEE7BDE8F8431D
S3150801D860FFF7A0BFBDE8F88300C0035030C00350DE
S3150801D8702C4B2DE9F0411746D3F810234A1C0646CE
S3150801D8800C4605D1D3F82414407822F0EBFE044661
S3150801D890002C2FDB072C4FF0030532782DDC4FEADD
S3150801D8A0840805FA08F529461F4802FA08F222F003
S3150801D8B0CAFE294672781D4802F0030202FA08F2E6
S3150801D8C022F0C1FE012317F0050F194A18BF19499D
S3150801D8D003FA04F30CBFC2F81034C1F8103417F078
S3150801D8E0060F18BF134AC2F814340123104AA3407D
S3150801D8F0C2F820342046BDE8F081A4F108084FEAB1
S3150801D900880805FA08F529460B4802FA08F222F0B2
S3150801D9109AFE7278294602F00302084802FA08F2CA
S3150801D920CEE700BF00C0035000C4035008C403502B
S3150801D93000E0035000D0035004C403500CC4035044
S3150801D94038B505460C4C0140D4F8303423EA0003B7
S3150801D950C4F83034D4F830341943C4F83014D4F840
S3150801D9602C340343C4F82C34012004F50054FFF782
S3150801D9702FFFC4F8205438BD00C00350124B70B5B0
S3150801D980D3F81033064622F080FE0446481C154695
S3150801D99016D0621C0FD08C420FD10321304685F078
S3150801D9A00102FFF725FF012004F1100305FA03F12F
S3150801D9B09840FFF7C5FF204670BD4FF0FF34FAE7E0
S3150801D9C0631CEAD1F7E700BF00C00350054B9A680C
S3150801D9D09107FCD45A689207F9D4DA69002AF6D174
S3150801D9E0704700BF00800A5010B5034C63682AF0DF
S3150801D9F061FF0223236110BD00800A5008B5FFF7B5
S3150801DA00E5FF0122024B03F580514A601A6108BD00
S3150801DA1000800A50044B10B55C68012C03D1FFF74E
S3150801DA20E3FF024B5C6010BD00800A5000A00A505B
S3150801DA3038B5074DFFF7CAFF6B680446012B03D1BA
S3150801DA40FFF7E8FFFFF7C2FF2378EB6038BD00BF99
S3150801DA5000800A5010B52AF037FFB8B94A680B7822
S3150801DA6012B1127843EAC2034A7843EA42038A6842
S3150801DA7012B1127843EA8213CA7843EA82030A6921
S3150801DA8012B1127843EA4223014A936410BD00BFDA
S3150801DA9000800A5038B522F0A6FE22F098FE8B784F
S3150801DAA00D785B0043EA45134D7882682B43CD78A0
S3150801DAB043EA85030D7943EAC5034D7943EA05131C
S3150801DAC08D7943EA4523CD7943EA85230D7B43EADC
S3150801DAD005238D7A43EA0563CD7A43EA05734D7AC0
S3150801DAE043EA0543064D15402B4383600B7A2BB158
S3150801DAF000230362BDE8384022F063BE38BD00BF8B
S3150801DB00C0F8F08C2DE9F04393B08946DDE91A8710
S3150801DB101D460446002858D0002956D0B8F1000FF2
S3150801DB2053D0002F51D013F00F034ED1284829495D
S3150801DB300FAE002A08BF0146A360C4E90013484690
S3150801DB403146236222F0BDFF00283BD120460F99BA
S3150801DB502CF087F8294620462CF083F86946484672
S3150801DB6000F0D2FE70BB6946204623F0AEF948465E
S3150801DB7003A923F06FF828BB204603A923F0A5F9CA
S3150801DB80CDF830804FF0010845F00055CDF83480C6
S3150801DB9006AB0E950CAA07CA83E807001946204664
S3150801DBA023F093F90F9709ABCDF84080119596E8C4
S3150801DBB0070083E80700204619462CF078F8204626
S3150801DBC02AF0E8FE13B0BDE8F0832120FAE700BF8A
S3150801DBD000010004000101042DE9F04F9FB08A46B7
S3150801DBE0DDE928791D460446DDF8A88000287DD0A0
S3150801DBF000297BD0B9F1000F78D0B8F1000F75D0A4
S3150801DC00002F73D013F00F0370D1394839491BAE71
S3150801DC10002A08BF0146A360C4E9001350463146ED
S3150801DC20236222F04EFF00285DD120461B992CF075
S3150801DC3018F8294620462CF014F86946504600F093
S3150801DC4063FE00284FD16946204623F03EF9504627
S3150801DC5003A922F0FFFF002845D14FF0010ADFF89A
S3150801DC6098B0204603A923F030F945F000551297DC
S3150801DC7006ABCDF84CA012AACDF850B007CA83E876
S3150801DC800700CDF8549015AACDF858A00DF124092E
S3150801DC90179507CA89E807001946204623F015F99A
S3150801DCA04946204623F011F9CDF860800CABCDF832
S3150801DCB064A018AA1A9507CA0FAD83E807001B972F
S3150801DCC0CDF870A0CDF874B096E8070085E807008E
S3150801DCD0194620462BF0EBFF204629462BF0E7FF95
S3150801DCE020462AF057FE1FB0BDE8F08F2120FAE73B
S3150801DCF00302000403020104100000202DE9F04F7D
S3150801DD008B4690461F460546A5B0002800F0DB80E5
S3150801DD10002900F0D8803AB1309B002B00F0D3805F
S3150801DD20319B002B00F0CF802E9B002B00F0CB807F
S3150801DD302F9B002B00F0C7803FB13C680026464563
S3150801DD4005D307B13C60002096E03C46F6E75CB196
S3150801DD50309B2F9A9B5D125D01345340319A04F032
S3150801DD600F0493550136EAE7A8EB0609B9F10F0F37
S3150801DD700BD8309B03EB0609319B1E44309B03EB02
S3150801DD80080AD1457BD14646D9E7504B5846C5E9DD
S3150801DD900034AC602C6205A922F093FE00286BD1F1
S3150801DDA02846059929F00F092BF05BFF49462846B5
S3150801DDB02BF057FF584606A900F0A6FD00285BD1AF
S3150801DDC0284606A923F081F8584609A922F042FFF8
S3150801DDD0002851D14FF0010A284609A923F075F800
S3150801DDE02E9B0DF1300C1893394BCDF864A01A937C
S3150801DDF018AB93E807008CE8070030990DF13C0E43
S3150801DE008B191B9349F00053CDF870A01BAA1D93DB
S3150801DE1007CA8EE8070061462846039323F055F89A
S3150801DE2028460FA923F051F83199039B8A191E92A6
S3150801DE30CDF87CA01EAA209312AB07CA83E8070077
S3150801DE402E99234A2191CDF888A023920DF1540ADF
S3150801DE5024AA12E907008AE80700194628462BF082
S3150801DE6026FF514628462BF022FF28462AF092FD26
S3150801DE704E4400283FF47DAF25B0BDE8F08FBCB90C
S3150801DE802F9B224601932E9B594600932846102321
S3150801DE90FFF738FE0028EFD12E9B03F1100212F886
S3150801DEA0013D0133DBB2137013B92E9B9A42F6D1A9
S3150801DEB02F9A19F8013B125D0134534006F8013BCC
S3150801DEC004F00F045DE72120D6E700BF0303000431
S3150801DED0100000202DE9F04393B0894617461D46E8
S3150801DEE00446DDF86880002859D0002957D0002A51
S3150801DEF055D0B8F1000F52D00B68103B102B4ED8F5
S3150801DF00284A22FA03F3D90749D50023264A0FAE30
S3150801DF10C0E90023836003623146484622F0D1FDF9
S3150801DF20002839D120460F992BF09BFE2946204619
S3150801DF302BF097FE6946484600F0E6FC60BB694649
S3150801DF40204622F0C2FF484603A922F083FE18BBE9
S3150801DF50204603A922F0B9FF0C97012745F0005581
S3150801DF600D9706AB0E950CAA07CA83E80700194652
S3150801DF70204622F0AAFF0D4BCDF83C80109711934D
S3150801DF8009AB96E8070083E80700204619462BF0F7
S3150801DF908EFE20462AF0FEFC13B0BDE8F083212050
S3150801DFA0FAE700BF01010100000004041000002087
S3150801DFB02DE9F0410C4616461F460546A0B0002835
S3150801DFC000F09480002900F09180002A00F08E80EC
S3150801DFD0002B00F08B80036B0F2B75D80023444A66
S3150801DFE00DF1740841463046C4E90023A360236253
S3150801DFF022F067FD002874D120461D992BF031FEC9
S3150801E000296B20460F2984BF01F00F0110312BF02F
S3150801E01028FE304602A900F077FC002861D1204687
S3150801E02002A922F052FF304605A922F013FE002864
S3150801E03057D1204605A922F048FF01232D4AD5F8D4
S3150801E04030C0149508AE1593169214AA07CA86E825
S3150801E05007000CF00F0205F1100E42F00052CDF840
S3150801E0605CE00BAD1893199217AA07CA85E8070051
S3150801E070CDF868E01B934CF000531C931AAA0EAB1B
S3150801E080BCF10F0F07CA83E807002DD90A9B314651
S3150801E09023F0005320460A9322F017FF294620460B
S3150801E0A022F013FF01231D971E93124B1F9311ABE9
S3150801E0B098E8070083E80700204619462BF0F7FD84
S3150801E0C020462AF067FC0CE000F12003019000933A
S3150801E0D00122102331462046FFF714FD00283FF49C
S3150801E0E07DAF20B0BDE8F0811946D8E72120F8E7D1
S3150801E0F000000404100000202DE9F04F0D4691465A
S3150801E10098460646ADB0002800F0D680002900F0F2
S3150801E110D380002A00F0D080002B00F0CD80026B5E
S3150801E120369B02F00F07D3181B09B3EB121F00F039
S3150801E130BB800023614A8B60C1E900230B62484614
S3150801E14029A922F0BEFC0446002840F0A980369B86
S3150801E150284607EB030B29992BF00F0A2BF081FDB3
S3150801E160514628462BF07DFD484602A900F0CCFB16
S3150801E1700446002840F09480284602A922F0A5FE0C
S3150801E180484605A922F066FD0446002840F0888025
S3150801E1904FF00109284605A922F097FE484B1A9621
S3150801E1A01AAACDF86C901C9308AB07CA83E8070036
S3150801E1B01946284622F089FE06F1100347F0005257
S3150801E1C0AAEB07071D930DF12C0CCDF8789047F0B3
S3150801E1D000571F921DAA07CA8CE80700CDF8808050
S3150801E1E020AACDF8849022970EAF07CA87E80700C0
S3150801E1F00D9A614622F00052284601930D9222F0AB
S3150801E20064FE3946284622F060FEAAF1100242F061
S3150801E210005223942A4BCDF8909011AF259223AA48
S3150801E22007CA87E8070006F12002269214ACCDF842
S3150801E2309C9026AA289307CA84E80700139A3946A8
S3150801E24042F080421392139A284622F00052139202
S3150801E2502BF02DFD214628462BF029FD184B299632
S3150801E26017ACCDF8A8902B9329AB93E8070084E85F
S3150801E2700700214628462BF01AFD28462AF08AFB74
S3150801E280369BAAEB0B011944019B0446ABEB0A0228
S3150801E2901846414428F019FF336B369A1344336301
S3150801E2A020462DB0BDE8F08F10304146369A3844E5
S3150801E2B028F00BFF0024EFE72124F1E7030200040D
S3150801E2C0100000202DE9F04792B08A46DDE91A5977
S3150801E2D098460446002861D000295FD0B9F1000F9D
S3150801E2E05CD00BB9002D59D1531EDBB2042B55D87E
S3150801E2F02B49CF5C1C9BBB4250D32A4B0FAE03EB79
S3150801E30002232360002331465046C4E901332362C0
S3150801E31022F0D7FB00283ED120460F992BF0A1FC0D
S3150801E320294620462BF09DFC6946504600F0ECFA3A
S3150801E33088BB6946204622F0C8FD504603A922F04B
S3150801E34089FC40BB204603A922F0BFFDCDF83080E9
S3150801E3504FF0010845F00055CDF8348006AB0E950F
S3150801E3600CAA07CA47F0005783E807001946204652
S3150801E37022F0ABFDCDF83C9009ABCDF84080119762
S3150801E38096E8070083E80700204619462BF08FFC1C
S3150801E39020462AF0FFFA12B0BDE8F0872120FAE7F5
S3150801E3A019E704080001020300232DE9F0478EB09E
S3150801E3B00E46174604460193002867D00AB100297C
S3150801E3C064D037F0030807F0030A27D04FF0000995
S3150801E3D04FF0E063C4E9003901230896099348F030
S3150801E3E000530A9308AA02AB07CAC4F8089083E83F
S3150801E3F00700C4F82090194620462BF058FC4146E0
S3150801E40020462BF02EFC20462AF0C4FA054628B1F0
S3150801E41042464946304628F00DFE03E0BAF1000FA0
S3150801E42004D1002528460EB0BDE8F0874FF0000953
S3150801E4304FF0E063C4E9003901AB0B9301230C9358
S3150801E440134B0EAA0D9305AB12E90700C4F8089001
S3150801E45083E80700C4F82090194620462BF027FCCC
S3150801E460042120462BF0FDFB20462AF093FA0546A7
S3150801E47008B13A46CDE7019A4644EB00013522FA3E
S3150801E48003F3AA4506F8013BF7D1CAE72125C9E7EF
S3150801E490040000202DE9F0410F46017804460139B0
S3150801E4A0904692B004295BD8DFE801F003464B5049
S3150801E4B05500402514262B490C3400225D43384665
S3150801E4C0C7E9012239603A6229462BF0CAFB4FF0A7
S3150801E4D0010C45F00055CDF8248009ABCDF828C0CC
S3150801E4E046F000560B9593E8070003AB8DE8070045
S3150801E4F00C940CAACDF834C00E9607CA83E8070017
S3150801E5000F9412AACDF840C006AC119612E907007D
S3150801E51084E807001946384622F0D7FC694638468A
S3150801E52022F0D3FC384621462BF0C1FB38462AF0A7
S3150801E53031FA12B0BDE8F081402520260A490C348B
S3150801E540BBE74025202609490C34B6E78025402635
S3150801E55007491434B1E78025402606491434ACE747
S3150801E5602120E6E700020103000301030004010379
S3150801E570000501030006010310B591B188B1002316
S3150801E580C0E90133084B00F10C0203F1200153F8ED
S3150801E590044B8B4242F8044BF9D103230370002044
S3150801E5A010BD2120FCE700BFA9C804082DE9F04FDA
S3150801E5B00D46174693B0002800F0A380002900F005
S3150801E5C0A080002A00F09D800278013A042A00F210
S3150801E5D09880DFE802F0030E747E8B004FF0140B6F
S3150801E5E04A4A00F10C0A00F1040900F12C04D84644
S3150801E5F00AE04FF0200B4FF01C08454A00F10C0ABF
S3150801E60000F1040900F12C044021984579D84029E4
S3150801E6100CBF0223042309F1040609EB830356F808
S3150801E620040B00286FD19E42F9D1D9F8003001397F
S3150801E63001EA0306C5E900203146A8602862284692
S3150801E6402BF00FFB2846D9F800102BF00AFB4FF0E8
S3150801E650010E4BF00053CDF824A046F00056CDF834
S3150801E66028E00B9309AB93E807000CAB8DE807008C
S3150801E6700C94CDF834E00E9693E8070003AE48F003
S3150801E680005386E8070006AC0F97CDF840E01193D2
S3150801E69012AB13E9070084E807006946284622F009
S3150801E6A014FC3146284622F010FC284621462BF058
S3150801E6B0FEFA28462AF06EF913B0BDE8F08F4FF03E
S3150801E6C0200B144A00F10C0A00F1040900F12C048C
S3150801E6D08DE74FF0400B4FF030080F4A00F1140A4E
S3150801E6E000F1040900F1540480218EE74FF0400B34
S3150801E6F00A4AD84600F1140A00F1040900F1540443
S3150801E700F2E72120D8E70F20D6E700BF000203036E
S3150801E71000030303000403030005030300060303C0
S3150801E7202DE9F0438DB00D4691461E460446149FC9
S3150801E730002840D0002F3ED00AB9002B3BD16B1ED2
S3150801E740DBB2042B37D81D4A12F80380159B98456E
S3150801E75031D800232802012500F1407000F58070A8
S3150801E7603146C4E901332362206046F0005620464B
S3150801E7702BF077FACDF8189006AA0795089607CAD6
S3150801E7808DE8070048F0005209970A950B9203ADE8
S3150801E7900CAA12E9070085E807006946204622F017
S3150801E7A094FB204629462BF082FA20462AF0F2F8F5
S3150801E7B00DB0BDE8F0832120FAE700BF1EE7040883
S3150801E7C0F0B50F4616461D46044693B010B92120EA
S3150801E7D013B0F0BD0029FAD0002AF8D0002BF6D0E4
S3150801E7E0002331461A46384622F00AF90028EFD1A5
S3150801E7F0304602A922F09BF80028E9D1EB68022BE2
S3150801E8000AD039683F48029A81426B6902D01830AA
S3150801E810814270D19A42DAD82B68002BD7D14FF0B2
S3150801E82060623846C4E90023A360236201A922F085
S3150801E83048F90028CCD10199204621F4F0610191CB
S3150801E8402BF00FFA6946284622F03BF90028BFD17A
S3150801E850204600992BF005FA384609A900F054F824
S3150801E8600028B5D1204609A922F02FFB38460CA964
S3150801E87022F0F0F90028ABD120460CA922F025FB9D
S3150801E880EB684BB1284606A900F03EF800289FD14F
S3150801E890204606A922F019FB304603A922F0DAF927
S3150801E8A0002895D1B368DA040CD59B0427D506212F
S3150801E8B0F36932691B6801FB03225B0043F00053CD
S3150801E8C003920593204603A922F0FFFA28460FA9C9
S3150801E8D022F0C0F900287FF47BAF20460FA92BF060
S3150801E8E0E6F9032520462AF055F801287FF470AF8A
S3150801E8F0013DF7D16CE7B3EB420F8DD267E72920CB
S3150801E90066E700BF200000B090B189B101234B60D2
S3150801E910C368013B012B08D88269064B1AB10A6004
S3150801E92000208B607047044AF9E74FF00053F7E778
S3150801E930212070470800002024E70408F0B50E4698
S3150801E940154604468FB0002862D0002960D0002AF7
S3150801E9505ED0012329461A46304622F051F800288E
S3150801E96056D1B36813F4C04F52D0AB6803F4C04311
S3150801E970B3F5005F4CD1284B0BAFC4E90030A0605A
S3150801E98020623946304622F09CF800283ED12046BE
S3150801E9900B992BF066F9304602A9FFF7B5FF002857
S3150801E9A036D1204622F091FA304605A922F052F9CD
S3150801E9B060BB204605A922F088FAEB6843BBAB6821
S3150801E9C003F4C043B3F5005F22D1284601A921F01B
S3150801E9D0D8FFE8B9019B6A699A421BD32A6943F0B1
S3150801E9E000530B9201220C920D9308AB97E807008E
S3150801E9F083E80700194620462BF059F903252046D6
S3150801EA0029F0C8FF012801D1013DF8D10FB0F0BDA9
S3150801EA102120FBE71D20F9E7000001022DE9F04757
S3150801EA2098B00D46DDE920860446DDF88890002871
S3150801EA3000F09780002900F09480B9F1000F00F0EA
S3150801EA409080B8F1000F02D1002E40F08A80296823
S3150801EA5001F07041B1F1404F7ED0002B7ED1013AD1
S3150801EA60042A7ED8DFE802F06F7203756C004FF452
S3150801EA70806343F0C0632360002315AF39462846F7
S3150801EA80C4E90133236222F01CF8002855D1204637
S3150801EA9015992BF0E6F8314620462BF0E2F869463F
S3150801EAA02846FFF731FF002847D16946204622F05C
S3150801EAB00CFA284603A922F0CDF800283DD14FF0DB
S3150801EAC0010A204603A946F0005622F0FEF9CDF8C0
S3150801EAD03C8006ABCDF840A00FAA119607CA83E879
S3150801EAE007001946204622F0F0F9CDF8488009AB0F
S3150801EAF0CDF84CA012AA149607CA83E807002A681B
S3150801EB0002F07042B2F1404F03D11946204622F075
S3150801EB10DCF90123CDF854901693239B43F0005357
S3150801EB2017930CAB97E8070083E8070020461946B8
S3150801EB302BF0BDF8204629F02DFF18B0BDE8F08767
S3150801EB404FF4C06395E74FF4007392E74FF44073AF
S3150801EB508FE74FF4A0638CE7034B8CE74FF0C06354
S3150801EB6089E72120E9E700BF000002062DE9F04305
S3150801EB7093B00D46DDE91A960446DDF87080002843
S3150801EB8000F09580002900F09280B9F1000F02D1BA
S3150801EB90002E40F08C80B8F1000F00F08880A9683B
S3150801EBA0890440F18480296801F07041B1F1404F30
S3150801EBB073D0002B73D1013A042A78D8DFE802F022
S3150801EBC06467036A61004FF4806343F0C06343F4EA
S3150801EBD08033236000230FAF39462846C4E9013341
S3150801EBE0236221F06EFF002848D120460F992BF0A9
S3150801EBF038F8314620462BF034F869462846FFF79F
S3150801EC0083FE00283AD16946204622F05EF9284655
S3150801EC1003A922F01FF888BB204603A922F055F95B
S3150801EC204FF0010C46F00056CDF830900CABCDF8FC
S3150801EC3034C00E9693E807001D9B0DF1180943F0A1
S3150801EC40005389E80700CDF83C80CDF840C0119300
S3150801EC502B6809AE03F07043B3F1404F97E80700FC
S3150801EC6086E807001DD13146204622F02EF949468D
S3150801EC70204622F02AF9204629F08CFE13B0BDE879
S3150801EC80F0834FF4C063A0E74FF400739DE74FF498
S3150801EC9040739AE74FF4A06397E7064B99E7064B4B
S3150801ECA097E74946204622F010F93146E0E7212048
S3150801ECB0E4E700BF000003060000010610F1860F15
S3150801ECC006D038B19330044808BF6FF06F0070471B
S3150801ECD06FF07100704700BF009FFFFF70B588B0E5
S3150801ECE004460D461646002116220DF10A0028F0A3
S3150801ECF0A1F94FF41053ADF8083054B3236843B360
S3150801ED003DB39B79032B1CD0042B1CD0022B23D19A
S3150801ED108023206C4FF4AE71ADF80A30B0B90120EA
S3150801ED2023F068FAD8B120640E4B2A460093206C6A
S3150801ED30F30802A901F0E8FA08B0BDE87040FFF748
S3150801ED40BDBFC023E5E74FF48073E2E706F0A8F9F3
S3150801ED50EAE7054808B070BD6FF07100FAE70348A5
S3150801ED60F8E700BF0002C003009FFFFF809EFFFF78
S3150801ED7010B550B1046844B139B1006C28B101F03D
S3150801ED8083FBBDE81040FFF799BF014810BD00BFDE
S3150801ED90009FFFFF07B578B102686AB1006C58B1E8
S3150801EDA051B100231022019301AB01F0B5FB03B069
S3150801EDB05DF804EBFFF782BF014803B05DF804FB79
S3150801EDC0009FFFFF012908B50BDC074B074A0029FD
S3150801EDD018BF1A46114601F075FABDE8084022F037
S3150801EDE07EB86FF0730008BD080000020900000232
S3150801EDF02DE9F041012905460E4690461F4692B077
S3150801EE004AD8046824F04003802B02D0B4F5807FE9
S3150801EE1045D1202200210AA828F00CF9234A244BBF
S3150801EE200121012E08BF134609932B1D0093E408FF
S3150801EE30204B44F00054019109A80294CDF80C80A6
S3150801EE4004910593069707916946089322F03DF8C0
S3150801EE5003A909A822F039F806A909A82AF027FF63
S3150801EE60296809A8C9082AF0FCFE102109A82AF070
S3150801EE70F8FE29F07DFDA8B909A82AF0FBFE4FF096
S3150801EE8098435A6CD202FCD55C6D29F07BFD04F4DB
S3150801EE90702012B0BDE8F0816FF02000F9E76FF03D
S3150801EEA07100F6E74FF0FF30F3E700BF00010004F9
S3150801EEB000010104100000202DE9F0410129064650
S3150801EEC0884615461F4698B05ED811075FD1046873
S3150801EED024F04003802B02D0B4F5807F5AD120223A
S3150801EEE0002110A828F0A6F82D4A2E4BE408B8F1FF
S3150801EEF0010F08BF134601220F93331D00932A4BB6
S3150801EF0044F00054019202940397049205930697DC
S3150801EF10079208931E9B1F99099345F000530A927D
S3150801EF200FA80B930C9169460D920E9321F0CDFF14
S3150801EF3003A90FA821F0C9FF09A90FA821F0C5FF48
S3150801EF400CA90FA82AF0B3FE06A90FA82AF0AFFE4E
S3150801EF5031680FA8C9082AF084FE29460FA82AF0A5
S3150801EF6080FE29F005FDC0B90FA82AF083FE4FF0EF
S3150801EF7098435A6CD202FCD55C6D29F003FD04F462
S3150801EF80702018B0BDE8F0816FF02000F9E76FF046
S3150801EF902100F6E76FF01F00F3E74FF0FF30F0E7C7
S3150801EFA003020004030201041000002006289ABF88
S3150801EFB0024B33F810000020704700BF2CE7040805
S3150801EFC000F01F02A0F50620A0F55060812810D890
S3150801EFD0012309494009934051F820201A4341F871
S3150801EFE02020064951F8202022EA030241F8202070
S3150801EFF070474FF0FF307047084A0020F449002057
S3150801F00000F01F03A0F50620A0F55060812810B571
S3150801F01019D801210D4A4009994052F820300B436D
S3150801F0200B4942F82030D1E9003423448C68234443
S3150801F030CC68096923445B1804D1C2E90033C2E9E3
S3150801F0400233136110BD4FF0FF30FBE7F44900208E
S3150801F050084A00202DE9F04FA7B003921D46044641
S3150801F0600822CDE90401414021FA02F34B409807F1
S3150801F07002F1080218BF9B00202A1C44F4D18123FF
S3150801F080B4FBF3F303EBC313E41A784B04F5062434
S3150801F0901B7804F55064002B39D1FCF795FC06461C
S3150801F0A000286ED10146402206A827F0C3FF314643
S3150801F0B0402216A827F0BEFF6D4E6E4FB046103699
S3150801F0C0B74228BF37466C48013F0097434610228E
S3150801F0D0006806A920F0A3FF4FF0000B81460DF149
S3150801F0E0180AD94540D1644800974346102200685A
S3150801F0F016A920F09DFF4FF00008834616AFC345B9
S3150801F10045D15E4B9E42D8D10122584B1A708127B0
S3150801F1100026DFF878A1DFF878B16309A3F58643FD
S3150801F120683B5AF8232004F01F01CA40D20744D489
S3150801F1305BF82330CB40DB0732D5002E08BF2646C5
S3150801F1408123A4F50624A4F6FF44B4FBF3F303EBE9
S3150801F150C313E41A04F50624013F04F55064DCD10F
S3150801F160039BFBB12EBB1DE05AF8040BFFF728FFE2
S3150801F170013009D100223D4B1A703C4B1B78002BFC
S3150801F180C5D16FF091000FE00BF1010BA9E757F814
S3150801F190040BFFF735FF0130EFD008F10108AEE7A0
S3150801F1A0039B23B96FF08B0027B0BDE8F08F06B932
S3150801F1B02646329B00201E60F6E7309B13B10023DA
S3150801F1C0309A1360319B13B10023319A13604FF0C3
S3150801F1D01009DFF8A480CDF8009000232A462146BD
S3150801F1E0D8F80000FCF7F0F9002836D1309B0BB1AE
S3150801F1F0C3F800902A68224B9A4217D02146D8F8BC
S3150801F2000000FCF73DFB0028CCD1D5E90223DDE956
S3150801F2100410834208BF8A4292D1039B002BC7D0B0
S3150801F2206B68012BC4D16FF08400BDE7309B002BBE
S3150801F230EBD0319B002BE8D02146D8F8000016AA5E
S3150801F240FCF70AFA48B9319B309A1B68126893424F
S3150801F25097D39B1A319A1360D7E70A4B9842CDD0B8
S3150801F2606328CBD0084B9842CFD08AE71E6000208E
S3150801F270006D0800816D0800D0630020906D0800BC
S3150801F280105D175EFFDF00F0FEDF00F0084A002080
S3150801F290F44900202DE9F04F87B082468946984601
S3150801F2A01646DDF840B02AB1002B53D040F26C73F4
S3150801F2B09A4252D8BBF1010F52D8002406F1100721
S3150801F2C039460120059422F095FF054600284AD0C3
S3150801F2D021463A4627F0AEFE05ABCDE90143009437
S3150801F2E02B46012250464946FFF7B4FE044680B133
S3150801F2F010F18C0F08BF6FF08D043A46002128469D
S3150801F30027F098FE28462AF083FE204607B0BDE876
S3150801F310F08F164BC5E902A92B60C5F804B02EB1CA
S3150801F3203246414605F1100027F0CFFE059E1048EA
S3150801F3303B462A4631460068FCF75EFA38B930463C
S3150801F340FFF73EFE013008BF6FF08604D5E76FF080
S3150801F3509104D2E76FF08604D7E76FF09104D4E7FA
S3150801F3606FF08504D1E76FF08C04CEE7105D175E68
S3150801F370D06300202DE9F0438DB08146DDE914788C
S3150801F3800E4615461C468BB1B8F1000F05D16FF034
S3150801F390860630460DB0BDE8F083B7F1005FF6D3B7
S3150801F3A0C3F1005303F580239F42F0D810220021B0
S3150801F3B008A827F03FFE002207AB029305AB01938D
S3150801F3C006AB31460093484608ABCDE90522FFF75F
S3150801F3D041FE06460028DCD1059BA4B1AB4215D8EF
S3150801F3E053EA0504D3D1069B0B48C8F8004000949C
S3150801F3F03A46079900682B44FCF7E6F8002818BF37
S3150801F4006FF09106C5E7AB42EDD2C0E75B1B9C42A4
S3150801F41028BF1C46E7E700BFD063002030B58DB092
S3150801F4200C4605461022002108A827F003FE0022F3
S3150801F43007AB029305AB019306AB21460093284619
S3150801F44008ABCDE90522FFF705FE044608BB099B73
S3150801F450012B21D0079D134B29461868FCF710FA92
S3150801F460E8B9A5F50623A3F55063812B05F01F021C
S3150801F4700DD801210C485B09914050F823204A40D8
S3150801F48040F823202846FFF7BBFD013001D16FF074
S3150801F490860420460DB030BD6FF08404F9E76FF09D
S3150801F4A09104F6E7D0630020084A0020094B20F4AE
S3150801F4B080629A4202D0084B984207D10B88B3F56D
S3150801F4C0105F14BF6FF08500002070476FF085004C
S3150801F4D0704700BF004040040013C00410381028CC
S3150801F4E008D8064BC34013F0010F0CBF6FF0860016
S3150801F4F0002070476FF08600704700BF01010100C8
S3150801F5002DE9F04F8A46A5B00021DDE93074DDE921
S3150801F51032580490934606A810221E46DDF8D0906C
S3150801F52027F088FD102200210AA827F083FDBAF1E9
S3150801F530000F05D16FF0860A504625B0BDE8F08F59
S3150801F540BBF1000FF6D00FB9002CF3D12E9B13B9DE
S3150801F5502F9B002BEED115B9B8F1000FEAD1B9F1FD
S3150801F560000FE7D004993046FFF7A0FF01460028AF
S3150801F57039D1282205901AA827F05CFD2022059981
S3150801F58012A827F057FD1AA82AF061FB10B16FF0EF
S3150801F590920AD1E751465A46049812AB00F094FAFA
S3150801F5A082460028C8D11298FFF798FF824600289C
S3150801F5B0C0D114B9C9F80000BEE7AF4222D23B193F
S3150801F5C09D421FD24445B5D822463946284627F0DA
S3150801F5D018FD994B9E4200F0C48007D8A3F58073A5
S3150801F5E09E4200F0B5806FF0850AA5E7934B9E42CF
S3150801F5F079D003F540739E4275D0914B9E42F2D164
S3150801F6002F465FE08E4B9E4259D00DD8A3F58063F5
S3150801F6109E4200F09E8003F580739E42E3D124F05A
S3150801F6200F031033434598E0844B9E4203D003F5FC
S3150801F63040739E42D7D1102200210EA827F0FAFC6A
S3150801F64044453FF677AF7F4B9E422F9B4DD10D2BFD
S3150801F6507FF470AF01238DF838302E9B0DF13902F6
S3150801F66003F10C0153F8040B8B4242F8040BF9D150
S3150801F6701B78137001238DF8473014F00F0624F018
S3150801F6800F0B42D106AB01930EABCDE90275009380
S3150801F6905A46002312A91AA8FEF730FB0746002886
S3150801F6A053D042460021284627F0C4FC0023012FE7
S3150801F6B0C9F800307FF46BAF6FF08B0A3CE744451D
S3150801F6C03FF638AF14F00F027FF434AF2346CDE985
S3150801F6D0007512A91AA8FEF715FA07460028E0D1FF
S3150801F6E0C9F8004028E72F46A5E7102B7FF422AF7B
S3150801F6F02E9B0EAA03F1100C164618685968083392
S3150801F70003C663453246F7D1B7E707EB0B030DF19D
S3150801F710280C03F1100E624618685968083303C2AB
S3150801F72073459446F7D10F2CACD805EB0B0303931D
S3150801F7300AAB029306AB01930EAB00933246002344
S3150801F74012A91AA8FEF7DAFAC7E7002EC8D0ECE71D
S3150801F7502F4623077FF4EEAE444504D96FF0890A94
S3150801F760EAE62F465BE72F9B102B7FF4E3AE06AA4A
S3150801F77093462E9B03F1100E944618685968083370
S3150801F780ACE8030073456246F6D12B4B9E4207D17E
S3150801F79024F00F0104F00F0239440AA827F095FC5A
S3150801F7A00F2C39D8244B9E429AD104F00F00C0F190
S3150801F7B010020AAE1146304427F03CFC0F2C0ED934
S3150801F7C024F00F022A44A2F110030DF1180C674622
S3150801F7D018685968083303C79342BC46F7D1102302
S3150801F7E00022CDE90166CDF800B012A91AA8FEF7E4
S3150801F7F0F3F9074600287FF454AF24F00F04254493
S3150801F8000EAA334603CB9342286069601E4605F16A
S3150801F8100805F6D1103463E7CDE901750022CDF864
S3150801F82000B024F00F0312A91AA8FEF7D5F9074666
S3150801F8300028B7D035E700BF004140040010C004D6
S3150801F840004440040013C0042DE9F04388461446D9
S3150801F8501E46C5B000283FD000293DD0002A3BD01E
S3150801F860002B39D0038803F44F42B2F5824F02D1F7
S3150801F870DAB2122A04D06FF0850045B0BDE8F083EC
S3150801F88023F0FF03B3F5E24F2DD143883360FBB96B
S3150801F890E3003360E02B22D0B3F5807F21D0C02B63
S3150801F8A0E9D1464A0023184608EB0405224415F80F
S3150801F8B0011D12F8014D0843091B18BF0023A8456D
S3150801F8C043EA0103F3D138B1002B05DA0020D4E766
S3150801F8D0DA1DB4EBD20FDDD06FF08600CDE7384ADA
S3150801F8E0E0E7384ADEE7B3F5824F64D10B78042B9B
S3150801F8F0F2D12822002118A827F09CFB18A82AF083
S3150801F900A6F9002854D14FF0880922AD4A460021AC
S3150801F910284627F08FFB01232022002168468DF80F
S3150801F920883027F087FB2022013C08F101030021DA
S3150801F93005940DEB0200E4000493640827F07AFBB2
S3150801F9402022002110A8CDE90C5927F073FBE02CE1
S3150801F9506F46CDE91459346006D0B4F5807F1ED0C0
S3150801F960C02CB9D1184B00E0184B3B6008934FF4F3
S3150801F9700053BB604FF480430734E4083A460A93C0
S3150801F980640010AB08A918A81194FEF719FF33688B
S3150801F9900733DB085A004BB9002897D09CE70C4B74
S3150801F9A0E3E705F8013B013AFBD2F5E70023FAE75D
S3150801F9B06FF0920061E76FF096005EE776E704085C
S3150801F9C05AE704083AE70408180000801C0000807A
S3150801F9D020000080F8B5134642880C460732072AEC
S3150801F9E04FEAD20101D0A1422BD1D0E9016705889E
S3150801F9F020221846002127F01DFB360A034616B1B8
S3150801FA00012E57D1C660E4B141F20102954205D0F3
S3150801FA10B5F5885F02D0B5F5905F09D15C602EB166
S3150801FA20B90707F0010232D4002A3ED000200AE0C5
S3150801FA30B5F5105F0AD1182C06D0202C04D0102C4D
S3150801FA4002D06FF08600F8BD1C60E7E705F44F4267
S3150801FA50B2F5824F1BD1EAB2122A18D11C2C19D041
S3150801FA60202C19D0182C12D1144A25F0FF05B5F50A
S3150801FA70E24F1A6012D0B5F5824FE2D14FF4005227
S3150801FA8017F4705F0FD017F4864F0AD09A606FF09B
S3150801FA908500D8E70A4AE8E70A4AE6E74FF48042CA
S3150801FAA0EEE742F480629A60B9E79A6842F080729A
S3150801FAB09A60BBE76FF08B00C5E700BF18000080AE
S3150801FAC01C000080200000802DE9F0411646002226
S3150801FAD01C4643688CB01B0A80460D46009204D02A
S3150801FAE0012B56D06FF08B008EE0008820F0FF03C3
S3150801FAF0B3F5824F15D1B8F802700737FF0800979A
S3150801FB0021F0EBFA002800F0E1800B78042B05D1EF
S3150801FB10013EB6EB470F05F1010504D06FF08600EB
S3150801FB2072E037460096224639464046FFF752FFAD
S3150801FB30002869D1F21CC4E9030522F003026261B7
S3150801FB40002F00F0A4802022002101A827F072FAD4
S3150801FB50394601AA4046FFF73DFFDDE90176DDE9B1
S3150801FB60072C0399002840F092802368A568BB42B8
S3150801FB7040F08D806768B74240F089808D4240F039
S3150801FB808680A169914240F08280E26962453BD054
S3150801FB907DE0032EC2D90B78012B40F09A80497873
S3150801FBA000294BD0F73908299CD801A353F821F02D
S3150801FBB019FC0108D5FB0108E5FA01080FFC010843
S3150801FBC0E5FA010833FC0108E5FA010823FC0108F6
S3150801FBD02BFC01084FF41056F8253F4F1C22002133
S3150801FBE002A827F027FA03230197CDE904350396DE
S3150801FBF001AA09AD134603CBAB42206061601A46E0
S3150801FC0004F10804F6D100200CB0BDE8F0811027F4
S3150801FC104FF08076FA25E1E720274FF00076F725A1
S3150801FC20DCE7FE252C4F2D4ED8E7FF252A4F2C4E13
S3150801FC30D4E74FF41056FC25274FCFE72B2E7FF636
S3150801FC406DAF2022204627F0F5F905F1100323614F
S3150801FC50AB070DD001AB05F128071A462868696874
S3150801FC60083503C2BD421346F7D1286801AD1060B5
S3150801FC706B68103E2360AB6869466360EB68204693
S3150801FC80A36001236661E36020F051FE28B12022BA
S3150801FC900021204627F0CEF940E7B8F80030009F4A
S3150801FCA003F44F42B2F5824F0ED1DAB2122A0BD1C2
S3150801FCB023F0FF03B3F5824F06D17B0062691C333B
S3150801FCC09A42BFF43DAFE2E73B46F7E76FF085009E
S3150801FCD09AE76FF0910097E7200000800044000240
S3150801FCE000440003144B0340B3F1607F21D1C3B232
S3150801FCF043F0007303F17E43053B062B19D8DFE871
S3150801FD0003F0041818080C101400142301200B60C2
S3150801FD1070471C2302200B607047202303200B60C9
S3150801FD207047302304200B607047402305200B6081
S3150801FD3070470020704700BF0000C07F2DE9F04FD3
S3150801FD4099B0DDF888B007460C4690469946DDF825
S3150801FD5090A0BBF1000F02D16FF0860410E0BAF152
S3150801FD60000FF9D00028F7D0282200210EA827F085
S3150801FD7061F90EA829F06BFF054628B16FF09204C8
S3150801FD80204619B0BDE8F08F3B4B2340B3F1607FA5
S3150801FD9034D1059005A92046FFF7A4FF024600289D
S3150801FDA066D0059EC4F30543B342D5D814F47C1F27
S3150801FDB01CBF1E460593239BB34256D3202306AC8C
S3150801FDC039460293CDE9009443460EA8FEF77AFA1E
S3150801FDD0074688B932462146584627F076F9002360
S3150801FDE0CAF8006063550135202DFBD1212F39D082
S3150801FDF07FB36FF092042DE00026F0E714F47C1F20
S3150801FE00C4F305452CD0102DA6D8239B9D422CD88A
S3150801FE101A4B24F47E149C422AD106AC10220021E6
S3150801FE20204627F007F939464B46424600940EA864
S3150801FE30FEF750F807460028D8D12A4621465846E3
S3150801FE4027F043F93B46E3550137102FFBD1CAF892
S3150801FE50005000240EA820F0E4FC002890D08DE77D
S3150801FE601025D2E76FF08604F4E76FF0890487E777
S3150801FE706FF0850484E700BF0000C07F0002C0035D
S3150801FE8070B50E461446054610B96FF0860070BD6A
S3150801FE900029FAD03822002127F0CCF8094B24F49E
S3150801FEA07E129A420AD13388B3F5105F06D1C4F39C
S3150801FEB00543102BE9D800202C60E8E76FF0850090
S3150801FEC0E5E700BF0002C003F0B50E4617461C461B
S3150801FED005468DB060B302B953BB4EB354B128225F
S3150801FEE0002102A827F0A6F802A829F0B0FE20B141
S3150801FEF06FF0920420460DB0F0BD2B680F4A23F42B
S3150801FF007E13934217D100943B46324602A9281D17
S3150801FF10FEF7F2F8044628B1212814BF6FF09204BF
S3150801FF206FF0860402A820F07CFC0028E2D0DFE707
S3150801FF306FF08604DEE76FF08804DBE70002C00392
S3150801FF402DE9F0438FB0894690461D460446169F13
S3150801FF5000284ED0002A4CD0002B4AD0002F48D07A
S3150801FF60002946D02822002104A827F063F804A80E
S3150801FF7029F06DFE064628B16FF0920420460FB0AF
S3150801FF80BDE8F0832368102D28BF102513F47C1FC4
S3150801FF90C3F3054202D0954228BF1546184A23F4F1
S3150801FFA07E13934228D12822002104A827F042F87B
S3150801FFB010220021684627F03DF8201D6B464A4667
S3150801FFC004A9FDF7F5FF044660B1212814BF6FF0B7
S3150801FFD092046FF086043E6004A820F022FC0028F3
S3150801FFE0CCD0C9E72A466946404627F06EF82E4620
S3150801FFF0F1E76FF08604C1E76FF08804BEE700BF3A
S315080200000002C003124B20F4FF7222F001029A4248
S3150802001010D0104A20F0FF0393420BD020F47F71D0
S3150802002021F00301A2F57062914203D002F5A062A3
S3150802003093420AD110F0FF0008D0074B40F0007037
S3150802004098420CBF0320002070470020704700BF6B
S31508020050000200060013000609000002038830B5F4
S3150802006003F44F44B4F5824F18BF0023144D21F010
S31508020070FF046FF30801A942DBB218D005F58855CB
S31508020080AC4214D0122B15D172B1B4F1062F11D18C
S31508020090438823F02002C02A0FD0B3F5807F14BF0D
S315080200A06FF08500002030BDB1F1062FEFE76FF043
S315080200B08600F8E76FF08500F5E70020F3E700BF52
S315080200C0000200062DE9F7430A9C0E469046994619
S315080200D0054668B361B35AB3294FB82200212740AF
S315080200E026F0A8FFB7F1607F2BD13388B3F5885F76
S315080200F01ED10023204601A90193FFF7F3FDD0B1D3
S31508020100019B202B17D8C5F880402B464A46414604
S315080201103046FFF7D9FC044678B97388B7F1607F91
S315080201204FEAD302EA6716D1203BB3F5F47F1AD316
S315080201306FF0860401E06FF08504204603B0BDE83F
S31508020140F0832246314605F18000FFF799FE044600
S315080201500028DAD0F1E7A2F110011029E8D8094BF4
S31508020160CB40DB07E4D56B691C329342E0D305F139
S3150802017020031846296926F0A8FF2861DDE700BF93
S315080201800000C07F010101001FB50C46134600B3EB
S3150802019001B9F2B9D0F88010114A0A40B2F1607F6B
S315080201A00FD1D0F8A420BAB900F1A40202922022F3
S315080201B0019200F1840200922246FFF7BFFD04B0C5
S315080201C010BD01462246803004B0BDE81040FFF754
S315080201D07BBE6FF08600F2E76FF08800EFE700BF9C
S315080201E00000C07F37B504461D46084611460CB3C3
S315080201F000B3FAB1F3B1D4F88020134B1340B3F12C
S31508020200607F0ED1D4F8A420BAB18A4218D804F174
S31508020210840126F05AFF0020D4F8A4302B6003B0DC
S3150802022030BD0B4602462146009504F18000FFF7D1
S3150802023087FEF4E76FF08600F1E76FF08800EEE7D5
S315080202406FF08900EBE700BF0000C07F2DE9F0439D
S315080202508DB01746DDE9149498460E4601B94ABB95
S31508020260B8F1000F02D1B9F1000F23D114B3144B20
S31508020270984222D12023B9F11F0F236006D8002302
S315080202806FF0890023600DB0BDE8F08302A829F05B
S31508020290DEFC054610B16FF09200F4E73B463246A3
S315080202A00321CDE9008902A8FEF73AFA0028EAD026
S315080202B02560F0E76FF08600E5E76FF08500E2E774
S315080202C00900000230B50D4604468BB0A0B1031DE5
S315080202D0D4220021184626F0ADFE0A4A95420ED1CE
S315080202E0032269462270FEF747F9002814BF6FF009
S315080202F0920000200BB030BD6FF08600FAE76FF06F
S315080203008500F7E7090000022DE9F04F85B00F4690
S3150802031015461E460446DDF8388090B189B102B901
S315080203207BB94FF4AE720021204626F083FE544B69
S3150802033008EA0303B3F1607F6BD13B88B3F5885FA4
S3150802034002D06FF0860031E05FFA88F949F0007949
S3150802035009F17E4BABF10303102B8EBF0023494AEA
S31508020360D35CC8F305429A42EBD804F1040A49461B
S315080203705046FFF7A7FFC8B97B88ABF10A0BBBF15A
S31508020380010F4FEAD3028CBF40278027B24203925D
S31508020390D7D8BA420DD903AB0193802329460093D5
S315080203A0484604F1DC03FFF751FF48B105B0BDE842
S315080203B0F08F072B04D9294604F1DC0026F085FEC6
S315080203C004F1DB052B46039A02F1DB0121448B4239
S315080203D019D102F1DC003621BA1A204426F02AFE87
S315080203E03A46504604F1DC0121F01CFB0028DDD117
S315080203F02F4415F8013F83F06A03BD422B70F8D1EA
S31508020400C4F80080D2E713F8010F80F0360018709E
S31508020410DDE7424639462046FFF732FD0028C5D1B8
S315080204207B88DB08182BA3650FD0202B1AD0102B3C
S3150802043087D10F2E85D9383405F1100355F8042BC8
S315080204409D4244F8042BF9D1B0E7172E7FF679AF0F
S31508020450383405F1180355F8042B9D4244F8042B49
S31508020460F9D1A3E71F2E7FF66CAF383405F12003C6
S3150802047055F8042B9D4244F8042BF9D196E700BFA0
S315080204800000C07F8EE704082DE9F0410D461646A6
S31508020490044688B0A8B301B99ABB27681C4B3B40EF
S315080204A0B3F1607F07D132462946201D08B0BDE860
S315080204B0F04121F0B7BA4FF02008002142466846BB
S315080204C026F0B8FD04F13803124ACDE9043827F4B8
S315080204D07E17A36D9742019303D002F58072974265
S315080204E012D1102B03D0182B01D0202B0CD100933C
S315080204F02A46334669462046FFF7E6FC08B0BDE8B9
S31508020500F0816FF08600F9E76FF08800F6E700BF22
S315080205100000C07F0001C0032DE9F0470E461746CA
S3150802052098460546B4B000287BD0002979D0002A1F
S3150802053077D0002B75D004683D4B2340B3F1607F1A
S3150802054048D10023E4B244F00079039309F17E43CB
S315080205500A3B012B68D900F1DC0C634604AC00F5B2
S315080205608E7E224618685968083303C273451446B4
S31508020570F7D18022002160460DF10C0A26F05AFDB9
S315080205805346802214A9281D21F068FA0446D0B9D8
S31508020590C023039A009304AB19464846CDF804A033
S315080205A04032FFF753FE044668B96D8815F03F05D9
S315080205B008BF039DBD420AD82A46304604A926F03A
S315080205C084FDC8F80050204634B0BDE8F0876FF0C5
S315080205D08904F8E74FF0200900214A4604A826F0C4
S315080205E029FD05F13803134ACDE9083924F47E14A6
S315080205F0AB6D9442059303D002F58072944213D1EF
S31508020600102B03D0182B01D0202B0DD10493324680
S315080206103B462846CDF8008004A9FFF791FC04461C
S31508020620D1E76FF08604CEE76FF08804CBE700BF08
S315080206300000C07F0001C00330B58BB06C46814D07
S31508020640814829F09EFB0FCD0FC42B687F4A236091
S31508020650FF238DF80130D2F84C3113F4802340F091
S31508020660E480D2F850218DF801309DF801306C46AD
S31508020670FF2B08BF24236846754D8DF80130FCF719
S3150802068001F93220FCF73CF90FCD0FC40FCD0FC488
S3150802069095E8030084E803006C4BD3F84C21120357
S315080206A000F1BD80D3F85041E4B28DF81940FCF749
S315080206B0E3F8044484F3080466488DF81840F9F709
S315080206C0E3FC6846FCF714F83220FCF71FF9624887
S315080206D0FCF718FA6148FCF785FA614C614829F07B
S315080206E050FB0020FCF718F9FCF7C2F9236F00202B
S315080206F023F0070343F003032367FCF7E3F9236FA9
S31508020700594923F474432367D1F8FC2012F0807206
S315080207101EBFD1F8FC3023F08073C1F8FC300021EB
S31508020720D4F8803023F0030343F00103C4F8803081
S315080207304E4BC3F8801032B14B4AD2F8FC3043F024
S315080207408073C2F8FC30464CD4F8203123F00703F4
S3150802075043F00203C4F82031D4F8283123F0070302
S3150802076043F00203C4F82831D4F8803123F0030396
S3150802077043F00103C4F88031D4F8403123F003036F
S3150802078043F00203C4F84031D4F8603123F003037E
S3150802079043F00203C4F86031D4F8403223F003036D
S315080207A043F00203C4F84032D4F8003223F00703B8
S315080207B043F00203C4F80032D4F8083223F00703E0
S315080207C043F00203C4F80832D4F8703223F0030364
S315080207D043F00103C4F87032D4F8203223F0070339
S315080207E043F00103C4F82032FBF76AFF4FF0E02218
S315080207F00020136943F004031361D4F8603223F02E
S31508020800070343F00103C4F86032D4F8943223F0A4
S31508020810070343F00103C4F894320BB030BD144BFE
S315080208201C88FF2C88BF57243FE74FF07E6393F856
S315080208309C2093F99C30002BFFF617AF8DF8012008
S3150802084013E700BFA0E70408E8E704080080E00F02
S31508020850B4E70408C017530200B4C404C0EA21016D
S3150802086000800050F0E7040800ED00E00090005018
S315080208700001E00F07B5094B186899889B79009023
S315080208806846ADF804108DF80630FCF777FB0C20A5
S31508020890FCF7ACFB002003B05DF804FBDCE70408B8
S315080208A02DE9F04704460E4621B900F0DDF8064662
S315080208B0002868D0337D1F2B67D829F059F90746D7
S315080208C0334B1B68183B13F1180F0FD1DFF8C4809E
S315080208D0D8F80090ACBB424621461C2001F030F9FC
S315080208E00546C0B1384629F03EF905E0A34206D1CD
S315080208F0384629F038F912252846BDE8F0871A68DD
S31508020900B24201D09B69DDE73846002CF1D029F0C6
S315080209102AF92325F0E74FF0010AD8F80040002209
S315080209200421307D04F1100301F012F9054680B165
S31508020930BAF1000F02D0204629F066FBC8F80090EB
S31508020940D0E7B9F1000F01D1C8F800404FF0000A0C
S31508020950E5E702460421307D04F1140301F0F8F8B4
S31508020960054618B1206929F04FFBE1E72146606088
S315080209702073A060064841F8186B1EF0FBFE30464D
S3150802098021F0BDF8AEE72D25B6E70F25B4E700BF7F
S31508020990244A0020204A0020024B1B6803600020DC
S315080209A0704700BF204A002038B50D46044608B9EC
S315080209B00F4B1C6829F0DCF8D4E900311A7D4FF098
S315080209C0FF3393400B43DB4303D129F0CCF81A20BB
S315080209D038BDB3FA83F30122C3F11F03DBB29A408F
S315080209E00A4362602B7029F0BEF80020F0E700BFC8
S315080209F0204A002070B50E46044608B90D4B1C68FD
S31508020A0023681B7DB34212D929F0B2F801220025C8
S31508020A106368B24023EA02036360236943F82650F7
S31508020A20636943F8265029F09EF8284670BD2120AE
S31508020A30FCE700BF204A002070B50D46164604465C
S31508020A4008B9084B1C6823681B7DAB4208D929F0F4
S31508020A508FF8236943F8256029F085F8002070BDD0
S31508020A602120FCE7204A00200048704708E80408CD
S31508020A70F8B5134D6B6D2A6D1340124A002B136598
S31508020A809EB202DB01276EB9F8BD0123E9680E4A58
S31508020A90C1F304218B40284642F82130BDE8F840CC
S31508020AA028F024B8B6FA86F4C4F11F04E4B2214643
S31508020AB0284607FA04F428F019F826EA0406E2E7B3
S31508020AC00000045000200450284A002070B501F0A6
S31508020AD0DFFA0446E8B901F06BFB28F0F9FD4FF49A
S31508020AE0167343430C4A03F5742303F23F23B3FBFD
S31508020AF0F2F30A490A480B600A230268094D0E688E
S31508020B00013B45F8046B0E6813F0FF033244F6D135
S31508020B100260204670BD00BF40420F007C4A00209A
S31508020B204C4A0020504A0020012208B5034B1A708D
S31508020B3029F0BBFA024B186008BD00BF20600020EE
S31508020B40484A002010B528F0C3FD044629F019F8D2
S31508020B50844207D929F0B5FA20B10122024B18605E
S31508020B60024B1A7010BD00BF484A002020600020C0
S31508020B70F8B51F4C2378E3B129F097FA1D4B1E4DA1
S31508020B801B68C01A28602B68A3B12B682B6028F053
S31508020B909FFD4FF416725043184A00F5742000F26E
S31508020BA03F20B0FBF2F02B682B68834204D900235E
S31508020BB02370F8BD0123E9E71148124E0378296824
S31508020BC056F82320104F511A3A68521A29683A6081
S31508020BD046F823100A210932B2FBF1F20B4D013312
S31508020BE0DBB22A60B3FBF1F201FB12330370DEE7D4
S31508020BF020600020484A0020784A002040420F0020
S31508020C0021600020504A00204C4A00207C4A0020DD
S31508020C10014B1868704700BF7C4A0020F8B50321CB
S31508020C202C2020F08DFF04264FF480120D4C0E4B1B
S31508020C300E4F04F500555A662C206F676E672F67AC
S31508020C402E6700F0B7F82C2000F098F84FF00072E3
S31508020C5004F580535F675E67AA624FF480529A6210
S31508020C60F8BD00BF0040005A00900050010000A0E5
S31508020C70064B074A996D11F0050F01D0117811B18B
S31508020C800028F7D170470120704700BF0040005A7C
S31508020C9022600020164B10B51C6F600712D504217E
S31508020CA0144A1167082191629B6DD90701D4FFF78F
S31508020CB049FF01F01DF901F0FDF8012028F0A2FD17
S31508020CC029F001FAE20706D501220A4B1A67FFF74D
S31508020CD04FFF01F0EFF8A30042BF4FF00052054B59
S31508020CE01A67002CBEBF4FF00042024B1A6710BDAE
S31508020CF00040005A0060005A0028ACBF00F160406C
S31508020D00064B4FEA0111C9B2ABBF00F5614000F0CC
S31508020D100F0080F800131954704700BF14ED00E065
S31508020D2008B528F025FF0B4B1A7872B901221A70FA
S31508020D3028F019FF6FF0040210460132052152B25B
S31508020D40FFF7DAFF4C2AF7D108BDBDE8084028F0BC
S31508020D500ABF00BF2360002000280CDB01220649D7
S31508020D60430900F01F008240203341F82320BFF3D5
S31508020D704F8FBFF36F8F704700E100E0002807DB53
S31508020D8001234109034A00F01F00834042F821303B
S31508020D90704700BF00E100E0054B421153F82230CC
S31508020DA000F01F0023FA00F0C04300F0010070476C
S31508020DB000E100E0002808DB01224309034900F0AC
S31508020DC01F008240603341F82320704700E100E0AB
S31508020DD010B5044628F0CCFE024B1C6028F0C3FE70
S31508020DE0002010BD804A002010B528F0C1FE034B32
S31508020DF01C6828F0B8FE204610BD00BF804A0020B5
S31508020E0038B5104B05461B78ABB1B0B10020294660
S31508020E102860FFF7C9FD044688B928F0A9FE2B68A1
S31508020E200125094A190102EB03131D73545028F0D0
S31508020E309AFE204638BD1124FBE72124F9E71A2435
S31508020E40F7E700BF24600020884B002010B528F081
S31508020E508FFE0023084A147B54B90133082B02F18A
S31508020E601002F8D1054B1C7028F07DFE204602E0E0
S31508020E7028F079FE042010BD884B0020246000204B
S31508020E800D4B10B51B7804468BB1072811D80B4BAE
S31508020E90C1B21868FFF7AEFD28F06AFE084B03EBED
S31508020EA0041300241C7328F05EFE204610BD112090
S31508020EB0FCE72120FAE700BF24600020844A0020CC
S31508020EC0884B002010B528F053FE124B1C781CB133
S31508020ED028F049FE122010BD01221A7028F043FE9E
S31508020EE00D4B0E481C731C7783F82C4083F83C4044
S31508020EF083F84C4083F85C4083F86C4083F87C4066
S31508020F0028F03FFF064828F03CFF0648FFF744FD55
S31508020F102046E0E724600020884B0020F8E7040812
S31508020F20F4E70408844A0020F8B50446164800780F
S31508020F3020B3072C24D8154D260105EB0410077B90
S31508020F4007B3AB510025069B8560436013461048DC
S31508020F500A4621461FF0DEFB01230E4AA3405365CB
S31508020F600D4BE1B253F824200C4B1868FFF764FDC9
S31508020F70074821461FF00CFC2846F8BD1120FCE75D
S31508020F802120FAE72520F8E724600020884B002074
S31508020F90000004500010045064E80408844A002043
S31508020FA02DE9F04F87B098469DF8403004460093E5
S31508020FB03D4B8B461B789146002B6FD007286FD87E
S31508020FC0002A6DD0B8F1000F6AD0119BB3F5006FF5
S31508020FD066D8DFF8F0A003010AEB0012127B019330
S31508020FE0002A5FD00021314D102205EB4016470139
S31508020FF03046CDE90311059126F01CF84FF44472E8
S315080210007280DDE900231AB9F27842F03002F270F2
S31508021010DBF80020E9190292119AC1E90189501EEA
S315080210209DF84820C0F30A0002F00302920642EA3B
S31508021030001CEA591E4810404CEA0002EA51139A6B
S3150802104052B38A78C2F300123D44A97862F30411B6
S31508021050A970002513990AEB03024AF80310149B98
S3150802106095605360134BE1B253F82420124B18686B
S31508021070FFF7E2FC334602AA214610481FF04AFB54
S315080210800E4821461FF084FB012328460C4AA3403A
S31508021090536507B0BDE8F08F139AD5E71120F8E734
S315080210A02120F6E72520F4E724600020884A00205C
S315080210B00F80FFF364E80408844A00200000045005
S315080210C000100450884B00200A4B1B7863B107288E
S315080210D00CD8094B03EB00131B7B4BB10123074AC0
S315080210E083401364002070471120704721207047FF
S315080210F02520704724600020884B002000100450E9
S315080211000A4B1B7863B107280CD8094B03EB00136B
S315080211101B7B4BB10123074A8340136400207047A7
S31508021120112070472120704725207047246000202F
S31508021130884B00200020045038B50446D0F8A43065
S315080211401D68AB6C5906FCD5002394F8AD101A46F7
S3150802115094F8AC00FCF762F9002394F8AF101A462B
S3150802116094F8AE00FCF75AF994F8B430DA0707D5C2
S31508021170002394F8B1101A4694F8B000FCF74EF919
S3150802118094F8B4309B0707D5002394F8B3101A468F
S3150802119094F8B200FCF742F9012205F500531A65E4
S315080211A0042200211A652846094D1FF076F9D4F85B
S315080211B0A80028F0E9FD284604F1B8011EF0EDFA68
S315080211C02B6813B9034800F0EFFD002038BD00BFB5
S315080211D0084C00200C4C0020012910B502D902291E
S315080211E013D010BD124B1C68B83C14F1B80FF8D0D6
S315080211F0D4F8A80028F0C5FDD4F8A430052118684B
S315080212001FF04BF9D4F8B840EEE7094B1C68B83C16
S3150802121014F1B80FE5D094F8973033B994F89530AD
S315080212201BB9D4F8A80028F0AFFDD4F8B840EEE709
S31508021230084C00202DE9F0471D4613688EB01F683A
S3150802124091F8313081468846144606AE002B00F0E6
S31508021250F180DFF820C2BCE80F000FC69CE80F0039
S3150802126086E80F0018220021684625F0E3FEA268E8
S3150802127003460892227B012A00F0DF80022A0CBF6D
S315080212804FF440720022ADF82620627B0D93032AA2
S315080212908CBF4FF480526C49A37B98BF31F8122059
S315080212A04FF0010AADF828205A1E022A88BF0023E9
S315080212B0664A8DF80030D8F838308DF806A01A60DC
S315080212C0634A29465A60634A48469A60624ADA601D
S315080212D0424600F00FFB0646002840F0A780236925
S315080212E05E48C5F8A830237E85F8AF30E37D85F8D9
S315080212F0AE30A37D85F8AD30637D85F8AC30A37E2C
S3150802130085F8B130637E85F8B030237F85F8B3302F
S31508021310E37E85F8B2302368C5F8A43028F031FD9B
S3150802132053460422A17D607DFCF778F85346217E58
S315080213300222E07DFCF772F885F8B460206928F08D
S3150802134020FD98F83130384606A9002B78D01FF0D0
S31508021350CBF895F8B43043F0040385F8B430142179
S31508021360227D3F4B03EB4210C0F8941494F816C042
S31508021370617D253241EA0C41C0F8AC14207EE17D3C
S3150802138003EB421341EA00415960A37B03F0FD03D4
S31508021390012B0BD195F8B430022243F0010385F8EC
S315080213A0B430A17E0023607EFCF738F8A37B023BAB
S315080213B0012B0BD895F8B430042243F0020385F8C2
S315080213C0B430217F0023E07EFCF728F895F8B43084
S315080213D0DB0717D5A17E627E237D42EA014241F2EE
S315080213E09C415B0103F1A04303F570335A5041F265
S315080213F0944202219950217FE27E03F5A55342EADF
S3150802140001421A60174B1B681BB91749174800F0A7
S31508021410B9FC144805F1B8011EF0ACF9144A07F5EF
S31508021420005305213846DA641FF037F830460EB005
S31508021430BDE8F087DFF840C00DE74FF4007222E7F7
S315080214401FF056F88BE700BF84E80408991B0408C6
S31508021450CB1B0408AF1B040839110208FCE7040871
S3150802146000C00350084C0020D86300200C4C002012
S31508021470FF3F0D038CE80408ACE80408302337B5AF
S31508021480007D0DF10701434303F1A04303F58023D1
S31508021490DD6E1C6F27F090FB9DF8070040B9054BDF
S315080214A09D4203D1C4F3400484F0010003B030BD69
S315080214B00120FBE7256000203021037D02464B43CD
S315080214C003F1A04303F58023D86E07491B6F8842B0
S315080214D008D113F0020006D0106A136D1B1A58427F
S315080214E058417047002070472560002070B50446B1
S315080214F008B9012070BD057D2846FFF7E5FD3023B2
S315080215006B4303F1A04303F580232846DE6EFFF7FB
S31508021510F7FD0A4B9E421CBF042384F8A13094F8B7
S31508021520953094F8A1002BB1022803D1012384F83F
S31508021530A130DFE70428DCD1F8E700BF25600020E8
S315080215402DE9F04F04464FF444764FF030093F4DEB
S3150802155000F138071022002185B0384625F06AFDC9
S315080215606687C4E90F55207DFFF7AEFD10220021DC
S31508021570384625F05FFD6687207D354EC4E90F554E
S3150802158009FB0063DB6EAB4204D105B0BDE8F04F40
S31508021590FFF7B6BD0DF10B0127F00EFB9DF80B50B8
S315080215A0002D4CD1204620F032FB804603A9207D2F
S315080215B027F022FB039B2946013B1FFA83FB04F112
S315080215C018031D4610221846D4F810A025F032FD3D
S315080215D0A169204ACBF30A031B010A4043F0407370
S315080215E01343C4E9063A237DC4F8208009FB03663F
S315080215F0336F94F824205B0863F3410284F82420AD
S31508021600326F94F8243025F0030562F3000384F858
S315080216102430336F626A9B0863F39F0245F0020522
S315080216206262656400943A4621460B4B207DFFF7B9
S315080216307BFC207DFFF764FD05B0BDE8F08F94F8CA
S31508021640443023F0020384F84430EBE72560002097
S31508021650000004500F80FFFC3B1C04082DE9F743E9
S315080216604469064694F8953063B194F898304BB1BC
S31508021670002384F8953027F0F3FA236E01212046D9
S315080216809B689847336904F17C07013B10220021C5
S315080216903846D6F80C90D4F874809DB225F0CAFC68
S315080216A00B4BC5F30A0543EA0513C4E91F3901239F
S315080216B094F8780084F88C30C4F884803A46054B4E
S315080216C0009604F16401FFF72FFC03B0BDE8F0832E
S315080216D000001030F11C04082DE9F04F00260446DC
S315080216E098468BB0089106921E60069BB3EB0609D4
S315080216F000F09F80089B9E1900F09B80207DFFF7D3
S31508021700E3FC2046FFF7D8FE0746207DFFF7F8FCE4
S31508021710002F40F08E80204620F079FA216D94F849
S315080217209AB088429BBFD4E91253ED18451A6D1A2E
S315080217304D4528BF4D46BBF1000F00F09F8028F0AB
S3150802174017FAD4F8509007902046FFF797FE4B46B3
S31508021750A946824658199842D4F89C2072D1D4E9EF
S3150802176012130B449A42079808BFC4F89C1028F033
S31508021770FAF9D346207DFFF7A7FC2046FFF77EFE3F
S315080217800646204620F043FA236D8246984240F2E6
S315080217908380A26CAEB2934276D1099304F12807EC
S315080217A02369102238460021079325F043FC30228C
S315080217B0079B013EE362099BC6F30A062363237D60
S315080217C03601534327F0030703F1A04346F0407658
S315080217D047F0020703F58023A6621F67236DD4E943
S315080217E012122B440A44934208BF0B469A452365B4
S315080217F005D10123204684F85430FFF7A1FE207D47
S31508021800FFF77EFC94F89A303BB1BBF1000F04D087
S31508021810236E112120465B689847D8F80060B9F113
S31508021820000F06D0069B4E449E42C8F80060FFF49D
S315080218305CAFD8F80030002B14BF00201B200BB079
S31508021840BDE8F08F934203F1010108BFC4F89C106A
S315080218501B7808BF5F4603F0FD0CBCF1110F03D0DD
S3150802186006F8013B0B4676E72FB1A3F11102534264
S31508021870534184F8A03009F1FF39F3E72A46304686
S3150802188025F023FCA94675E7238DC3F30A121644ED
S3150802189066F30E132385A1E7207D86B930235843C4
S315080218A000F1A04000F58020426E436EC2F30A1290
S315080218B02A446FF30E1343EA021343668EE70C4B70
S315080218C0049403930023CDE901530123009352465E
S315080218D023692146FFF764FB3022237D534303F134
S315080218E0A04303F580235A6E22F480125A6675E7DE
S315080218F03B1C0408F0B50C4615460646A4220021F0
S3150802190089B0204625F096FB2746AC46BCE80F0070
S315080219100FC7DCF8003005F1140C3B6004F16407CC
S31508021920BCE80F000FC7DCF80030EA6A3B60AB6A16
S31508021930C4E9132395F83020A36484F8992095F80E
S315080219403320C4F89C30012384F89A2084F8A03006
S3150802195084F85430AB6B236695F8343084F89430A7
S3150802196095F8313084F898303E4B346073603E4BBC
S31508021970B3603E4BF3603E4B73613E4BB3613E4BE5
S315080219803361FFF79FFA08B112280CD107A8FFF7AF
S3150802199037FA40B9079B07A82375FFF731FA28B12A
S315080219A0207DFFF76DFA102009B0F0BD0127079BCD
S315080219B084F87830314B7362314B84F8A170F36145
S315080219C0304B95F83210336284F8960084F8957095
S315080219D0204620F0A1F9AB6B93F91100FFF7EAF95B
S315080219E0AB6B93F91100FFF7C9F9207DFFF76CFB82
S315080219F00028D8D1244B0494CDE90203E36C21468E
S31508021A00CDE900732369A26C207DFFF7C9FA002885
S31508021A10C9D13022237D4FF48011534342F2640226
S31508021A2003F1A04303F580239950AB6B93F9100099
S31508021A30FFF7C0F9AB6B93F91000FFF79FF904F1B2
S31508021A4090001DF094FE3046FFF7C2F92046FFF7D4
S31508021A5077FD207DFFF754FB003818BF01200001EF
S31508021A60A2E700BF551D0408AB1C0408D9160208D4
S31508021A70FD1B0408031C04088F1E0408ED14020843
S31508021A80191D0408091C04083B1C040870B50568DE
S31508021A90144E2C7D2046FFF717FB302303FB046305
S31508021AA0DA6E114B9A420FD12846FFF7E7FC80B14E
S31508021AB028F05EF801230D4AA3405365A2F5805229
S31508021AC09362536328F04FF82046BDE87040FFF74B
S31508021AD017BB2846FFF7F0FC0028F5D10123A340DF
S31508021AE0B364F1E70000045025600020002004508A
S31508021AF013B50A4C23787BB900F056F8684600F00D
S31508021B004BF8DDE900010222054B20F008FE08B970
S31508021B100123237002B010BD1220FBE726600020C5
S31508021B20144C002007B5009313460A46014603489B
S31508021B3020F04BFA03B05DF804FB00BF144C0020FA
S31508021B4013460A460146014820F02EBB144C0020D3
S31508021B5007B5009313460A460146034820F02EFBB2
S31508021B6003B05DF804FB00BF144C002013460A4676
S31508021B700146014820F048BB144C002007B54FF037
S31508021B80FF3300920A460146024820F0F4FC03B0ED
S31508021B905DF804FB144C0020024AD2E90021C0E990
S31508021BA0002170473C4C00200349044B044A5B1A47
S31508021BB011605360704700BF1065002000000420C2
S31508021BC03C4C0020BFF35F8F074B5A6A22F48032DF
S31508021BD05A62D3F8942022F00102C3F89420BFF384
S31508021BE04F8FBFF36F8F704700ED00E070B5FFF7B8
S31508021BF0E9FF234A234CD2F8C030234D23F0FF03D2
S31508021C0043F0A003AC422149C2F8C03028D025F0DF
S31508021C101F03203BB3F1005F23D21D4B0A68184805
S31508021C2023F01F0343F00303C0F89820C0F89C3042
S31508021C30184B0132C0F8A0300A60BFF35F8F052245
S31508021C400F4BC3F894205A6A42F480325A62BFF3A1
S31508021C504F8FBFF36F8FBFF34F8FBFF36F8F70BD79
S31508021C600D4B08680D4EC2F8980043F00103013087
S31508021C70AC42C2F89C60C2F8A0300860DDD0CCE75E
S31508021C8000ED00E080630020C0610020444C002083
S31508021C909F630020E1FF03200000042003000020C8
S31508021CA02DE9F0410E461146DFF8D480D8F80040F7
S31508021CB0FF2C8CBF1A270027FFF784FF1F292AD972
S31508021CC00021C2061CBF20F01F0020302B4DF30650
S31508021CD018BF26F01F06CBB29C4231D8D5F8C030C1
S31508021CE040F0030423F47F4343F48073C5F8C030FD
S31508021CF027F03EFFD8F8003046F00306C5F89830BC
S31508021D00C5F89C40C5F8A06027F02DFFD8F800302A
S31508021D100133C8F80030BFF35F8F0522174BC3F8AB
S31508021D2094205A6A42F480325A62BFF34F8FBFF345
S31508021D306F8FBFF34F8FBFF36F8F3846BDE8F081C1
S31508021D40C5F89830D5F89C30D5F8A02023F01F03A3
S31508021D50984222F01F0201D196420BD0904201D836
S31508021D609E4209D2D5F89830013123F0FF03C5F80F
S31508021D709830B0E70027CEE72827CCE700ED00E049
S31508021D80444C002038B54160044627F0DEFE05467D
S31508021D90214604481DF0EEFC2846BDE8384027F0E7
S31508021DA0CFBE00BF484C002038B5054627F0CDFE09
S31508021DB00446294603481DF0F0FC2046BDE8384093
S31508021DC027F0BEBE484C002001481DF0D0BC00BF1B
S31508021DD0484C002070B527F0B8FE144D0446144846
S31508021DE027F0CFFF2E78A6B900F0C8F900F08CF8D4
S31508021DF0FFF7EAFF28F07AF90E4B1E6027F068FC17
S31508021E000D4B0E4A1860536F43F00103536720F0D7
S31508021E10A8FC00F0AFF820F0BAFC094B18600123C1
S31508021E2020462B7027F08CFE002070BD3360002000
S31508021E30FCE704084C4C0020744C0020004000507B
S31508021E40504C002038B5044627F07FFE0F4D024657
S31508021E502B78FF2B04D1B4B1BDE8384027F070BE09
S31508021E601BB9002CF8D0012103E0002C14BF012174
S31508021E70FF210B44DBB22B70B3FA83F304495B09E7
S31508021E8010460B70E8E71946F3E700BF30600020FA
S31508021E902F600020054B1B685843054B00F574203C
S31508021EA000F23F20B0FBF3F0704700BF744C0020ED
S31508021EB040420F0010B5094B1B786BB1084C2378CA
S31508021EC053B127F013FA0023064A2370137001232D
S31508021ED0054A1370054A137010BD00BF3260002010
S31508021EE02D6000202C60002028600020276000203A
S31508021EF0034B1B7813B10122024B1A70704700BFBD
S31508021F00326000202D60002038B50024054D294690
S31508021F10054801341DF02EFC0A2C05F10805F6D1F8
S31508021F2038BD00BF7C4C0020784C002073B50F4E9C
S31508021F3004463378834211D000238DF804304300D7
S31508021F4001A88DF805300A4DFAF7DAFE40203CB1B1
S31508021F50FFF7A0FF2B68181A2860347002B070BD0C
S31508021F60FFF798FF2B681844F6E700BFEC640020D9
S31508021F70D04C002073B5002401A88DF80440FAF766
S31508021F8057FF2046224CFFF7D1FFD4F80031214AE9
S31508021F9003F0030313604FF480121F4B1F4D5A665A
S31508021FA04FF400325A6627F0CDF81D4B1B780BB357
S31508021FB0D4F8003103F00303022B23D0032B24D0D9
S31508021FC0012B17D126F006FC024698B1154B164E80
S31508021FD0DC6800231946C4F30B04013404EB8404B9
S31508021FE00138E4FB060104F0A1FFFFF753FF2B6853
S31508021FF003442B601F20FFF74DFF2B6803442B6019
S3150802200002B070BD26F044FCDEE726F0E9FBDBE70A
S3150802201000800050DC4C002000900050D04C00207C
S315080220203760002000C0015040420F000122114BC8
S3150802203010B55A67104B114C1B78A3B1022028F031
S3150802204044F880B127F0C8FB68B1A36DD90302D55D
S31508022050E36D9A0703D4094B9B6DDB0704D54FF44E
S315080220608032044B9A6210BD0122054B1A70FEF7A4
S315080220705BFDF4E70050005A386000200040005A21
S31508022080356000200122014B1A7070473860002023
S3150802209070B527F06DFD144E05463478FCB9134B1E
S315080220A01C60134B1C60134B1C6000F031F80120B6
S315080220B028F021F827F076FC0F4B0246186020B963
S315080220C0284627F050FD232070BD234640F2E7310B
S315080220D00A4804F02BFF0A4B18600123337028467E
S315080220E027F041FD0020EFE73B600020F04C00207E
S315080220F0EC4C0020F84C0020F44C002018FCFFFFA2
S31508022100E84C0020014B1868704700BFE84C0020D5
S3150802211010B5002486B01422214601A88DF8004085
S3150802212024F088FF012313488DF8043027F029FE8E
S31508022130BFF34F8F6846FBF77BFC204601A98DF853
S315080221400440FBF787FC20460F2126F0CFFB0F2120
S31508022150204626F0D1FBFBF751FC26F0ABFB064BDB
S3150802216043209C61FEF726FE4320FEF707FE06B0D3
S3150802217010BD00BFE8E7040800800A5008B50A48FF
S3150802218027F0FFFD40F6015200210120FBF7E2F994
S315080221904FF49672002101201EF0E0F94FF4807286
S315080221A0024B9A6408BD00BFECE7040800900A5087
S315080221B008B5094827F0E5FD40F60162002102202C
S315080221C0FBF7C8F94FF49272002102201EF0C6F9F5
S315080221D00022024B9A6408BDECE7040800900A50F4
S315080221E010B5044626F0DCFA0C4BA0F57A729A4230
S315080221F012D84FF47A73B0FBF3F05C43084BB3FB87
S31508022200F0F3B4FBF3F0022806D9BDE81040032325
S31508022210B0FBF3F0E4F794B810BD00BFFFC99A3BD0
S3150802222040420F001F280AD8012303FA00F0054B83
S31508022230D3F888301840003818BF012070470020AC
S31508022240704700BFFC4C0020902208B500210548C3
S3150802225024F0F0FE0F2000F0B9F80123014A82F8B3
S315080222608C3008BDFC4C002010B5064C94F88D3015
S3150802227033B900F0CBF800F019F9012384F88D3050
S3150802228010BD00BFFC4C00202DE9F04188460646E9
S31508022290A8B11A4C94F88C309BB127F069FC00233C
S315080222A00121D4F8882001FA03F717EA02050AD0B1
S315080222B00133202BF7D127F056FC1A251BE02225DD
S315080222C019E0112517E03A43C4F88820D4F8842087
S315080222D044F823803A43C4F88420094A117A39B16A
S315080222E0546808498C4203D11168994208BF15728D
S315080222F0336027F038FC2846BDE8F081FC4C002004
S315080223009C61002052474D570F4B93F88C206AB1B7
S3150802231093F88D2052B1D3E920128A4306D012F0DF
S3150802232001030FD101210133202B00D1704701FA95
S3150802233003F01042F7D0054A1360054B5360012398
S31508022340137270470023F6E7FC4C00209C610020BC
S3150802235052474D5710B5094CD4F8843043B1D4F8D6
S315080223608020934305D100F061F80023C4F8803039
S3150802237010BDBDE81040FFF7C7BF00BFFC4C0020E8
S3150802238070B50446C8B1104E96F88C30BBB10068D9
S31508022390FFF748FFA8B127F0EBFB012305462268A1
S315080223A09340D6F880201343C6F88030FFF7D2FF51
S315080223B0284627F0D8FB002070BD2220FCE7112012
S315080223C0FAE72520F8E700BFFC4C00200F281FB5C6
S315080223D0044613D80A4827F0D4FC0D220021684681
S315080223E024F028FE074869468DF80940FBF752FB98
S315080223F001220020044B1A7004B010BD2120FBE70D
S31508022400E4E704080080005B3D60002008B5054B40
S315080224101B7823B104481EF0DEF9002008BD1120FE
S31508022420FCE700BF3D6000200080005B08B5064B54
S315080224301B783BB105481EF0E1F904481EF0C1F9C4
S31508022440002008BD1120FCE73D6000200080005BEB
S3150802245038B50C4B0C461B789BB150B901220A4B76
S315080224600A481A701EF0BFF9BDE8384007481EF040
S31508022470AEB931B9044D2B781BB104481EF0ABF93D
S315080224802C7038BD3D6000203C6000200080005B57
S315080224904FF0FF310148FFF7F7BE00BF8C4D002011
S315080224A00148FFF76DBF00BF8C4D002010B5054CE3
S315080224B023782BB904490548FFF764FC01232370E6
S315080224C010BD00BF3E600020D0E80408904D0020F1
S315080224D038B508460C4625F005F9034620B994E8AE
S315080224E00700024D85E80700184638BD984D0020BA
S315080224F02DE9F0432A48DDF81C80847A94424BD9A8
S315080225000C246243D0F800E01EEB020446D0608930
S31508022510002843D0B4F90450B4F906608D42B4F9E0
S3150802252008701DDCB142A8BF3146002F36D000F133
S31508022530FF3C1FFA8CFC07FB0C594C1B94FBF7F467
S315080225404E45D8BF6046A4B2A04202D3B14218BFD4
S3150802255020465EF802C05CF820200CEB800403E0FB
S315080225602946E2E7013880B218B154F804ED7245FB
S31508022570F8D0B1421EBF17FB00F1491909B29942B8
S3150802258003DD10B1013880B2E5E70020C8F8002063
S31508022590A8F80410BDE8F0830E20FBE70220F9E74D
S315080225A0984D002008B506494FF0FF30FFF790FF17
S315080225B0BDE8084001214FF0FF3025F095B800BF6D
S315080225C0BCEE0408004870470080FFFF7FB5022270
S315080225D0084B0949CDE901234FF04073CDE90313AE
S315080225E0052301A94FF0FF30059325F00CF907B032
S315080225F05DF804FB006A18000003040030B5074CB6
S31508022600256824686A40D2B2891A101A090A41EA68
S315080226101021634023EA0100C0B230BDA44D002058
S315080226202DE9F84F00240746884616469946254658
S31508022630A246DDF828B0DA451BD2002319F80A00AB
S31508022640202810D0ABEB0A02012A43D00D2841D12B
S3150802265009EB0A0252780A2A46D0002B3CD06FF0C0
S315080226602B00BDE8F88F0AF1010AD3454FF00103A2
S31508022670E4D12B1B03F00303012BF0D0AA07EED1FA
S31508022680AD0805EB45052D1B3560BDBB00253C464F
S315080226902946DFF8AC80CA44CA4508D019F8010BA6
S315080226A0A0F10A02D2B2162A2ED93D2830D1032D1C
S315080226B03FD12346C1F38F2203F8022BC1F39701B8
S315080226C061701C463368E41BA34214BF6FF06D00A9
S315080226D00020C6E70A28BFE70106C0D43D2806D16E
S315080226E00134022CBBD801350AF1010AA3E7002CF2
S315080226F0B5D120F042FA0028F5DAB0E70FB1454520
S31508022700C4D96FF02900ACE748FA02F2D307C3D559
S315080227104FEA811B20F031FA0135042D40EA0B01FC
S31508022720BAD10B0C23700B0A6370A170002503340F
S31508022730B2E7022D04BFC1F30F1104F8011BC1E76A
S31508022740F6FFBFFF044B1B68584043085B424042F2
S315080227501843C017704700BFA44D0020054B01312E
S315080227601B680132434022EA030208400243501E14
S3150802277000B27047A44D00202DE9F04F99B0CDE97B
S315080227800210002118460192059320F0E1FB002869
S3150802279000F0E7814FF001098E4B059914930198D1
S315080227A015ABADF83090ADF83890CDF84090CDF82D
S315080227B04890139320F055FB01301ED1039B33B981
S315080227C0029B9BB90023184619B0BDE8F08F002179
S315080227D0039820F0B7FA0028F2D00024A046A246B1
S315080227E02746264600946FF00F03D5E0DDE901106F
S315080227F020F072FA0028F0D1E4E7002501990BA827
S315080228000B95ADF8325020F067FA0B9E0446BDF8D8
S315080228103270002840F09E810D90ADF83A00059975
S315080228200DA820F059FADDF834A00546BDF83A801D
S31508022830002840F09481019B0F90D9880FA8023195
S31508022840ADF83890ADF8309020F0DEF9044618B1AC
S315080228500F9B2C460093C6E701460FA820F072FA92
S315080228600F9B00930028BED1019B1190D98811A80D
S31508022870023120F0C9F9119C83460028B3D10DA86C
S3150802288020F09FFA00F01F001F2870D0C0F11F0326
S3150802289019460BA8049320F0BCFA0B9EBDF83270B9
S315080228A00028A0D104990DA820F0B3FADDF834A0C7
S315080228B0BDF83A80002896D1C1463D46A7EB080BDB
S315080228C04FEA4B1319460DA8CDF834A0ADF83A8055
S315080228D0079320F09EFADDF834A0BDF83A80002866
S315080228E081D1009B03EB8B0B0DA90BA80B96ADF8B8
S315080228F03270CDF834A0ADF83A8020F0E1FA00281B
S315080229003ADA09F1FF3307990DA8069320F0A0FADF
S3150802291009F1FF330AEB8303079309F18043023B6C
S315080229200AEB830305F1FF3B05F180450893013D58
S31508022930009BA5EB090503EB8505069B9B454BD832
S31508022940039B73B118460FA920F0C6F900287FF435
S315080229504AAF019B059A9B88928813FB02F3039A56
S315080229609380029B002B40F0D880002314E0C146D6
S315080229703D46CDF810B0A1E7DBF800300BA90133CC
S31508022980CBF8003008460DAA20F0D1FB0B9E034671
S31508022990BDF832700028A7D00BA801930B96ADF8A4
S315080229A0327020F023F90DA8CDF834A0ADF83A809C
S315080229B020F01CF9009B0FA80F9320F017F911A815
S315080229C0119420F013F90C2115A802F069FB019B5A
S315080229D0F9E600BF01000300079B56F82B101A6898
S315080229E04FEA8B09A9F104003318914209934AD296
S315080229F00023305804F09AFA002914BF4FF0FF3327
S31508022A000346BBF1010F2B600EBF0023B14459F8F0
S31508022A10083C1593099B1B68169306EB8B031B68E8
S31508022A2017932B6801332B602B680021013B2B601F
S31508022A3011A8119420F086F9119C00287FF4D3AED0
S31508022A40069B1BB3089B1B682360079B11A91B687F
S31508022A50084663602A6820F0F3FB119C00287FF47D
S31508022A60C2AE13A911A820F02BFA0028DCDC2A68CA
S31508022A700DA911A8CDF834A0ADF83A8020F0E0FBF4
S31508022A8030B1119CAFE64FF0FF33BAE7069BDBE79E
S31508022A906FF00709009B11A809FB03F909EBC509A1
S31508022AA0494620F0B6F9119C00287FF49CAE0BA982
S31508022AB0084611AA0B96ADF8327020F038FB0B9E29
S31508022AC00346BDF8327000287FF466AF01460BA8AC
S31508022AD020F03EFA00281CDA0DA911A820F0FCF80D
S31508022AE00028CED1494611A820F093F9119C002856
S31508022AF07FF479AE0BA9084611AA20F015FB0B9EA6
S31508022B000346BDF8327000287FF446AF2B68013BB6
S31508022B102B600BF1FF3B043D0FE704990BA80B96BC
S31508022B20ADF8327020F094F9019B0BA99B880298A4
S31508022B30ADF8303020F0D0F8014600287FF453AEC5
S31508022B40029820F005FA00287FF40FAF0123029AB3
S31508022B5093800AE72C46A846AA46009543E60094BF
S31508022B6041E66FF00B032EE6044B1B6858404308F8
S31508022B705B4240421843C017704700BFA44D00206D
S31508022B8010B50B4C226823684240594081EA02007C
S31508022B90C00FFFF7E9FF2368521A434022EA0302ED
S31508022BA008401043C00FBDE81040FFF7DDBF00BF65
S31508022BB0A44D0020F8B50D46014628681746FFF7CA
S31508022BC0DFFF0124C143074B1E68BC4202D346EA13
S31508022BD00100F8BD55F82400FFF7C6FF0134064385
S31508022BE0F3E700BFA44D00202DE9F04707460F4B37
S31508022BF088461E6819681D68541E631C02D1304631
S31508022C00BDE8F08758F824A057F82490504649465C
S31508022C10FFF7B6FF514605434846FFF7B1FF20EADC
S31508022C2005031E430543013CE7E700BFA44D002008
S31508022C308842F0B504D00025084F0438AA4200D1CC
S31508022C40F0BD3E6850F8044F5E4024EA060451F887
S31508022C50256001351E4034430460EFE7A44D002089
S31508022C602DE9F04F1C4685B0DFF88490039106469D
S31508022C7021461046D9F80030D9F8003020F087FDF1
S31508022C80C51D282D904634BF4FF0FA0A4FF01E0A8A
S31508022C90EB0825F0070502932D1A0F9B2146009390
S31508022CA030460E9B029A20F06EFF0746C0B92A46A6
S31508022CB02146304620F0E4FDBAF1010A14D0224634
S31508022CC031460398FFF776FF224683464146304649
S31508022CD0FFF78AFFD9F800200BEA00039A42DCD0F4
S31508022CE0384605B0BDE8F08F6FF00D07F8E700BF6C
S31508022CF0A44D00200239C9B2042938B504460BD9B5
S31508022D0000230370002322786370012A13D104F189
S31508022D1008001EF017F90CE0084B5D5C012D0570E2
S31508022D20F0D14FF41050064902F074FD0028E9D09C
S31508022D306570002038BD03482370FBE76CEF040872
S31508022D4000444004009FFFFFF0B543780546012B77
S31508022D500E461446077887B02FD11422002101A8FF
S31508022D6024F068F9012F14BF00234FF410534FF6CD
S31508022D70F872ADF800304FF6FF73944298BF2346B7
S31508022D80ADF802304FF48073114A3146CDE902326A
S31508022D90E21D68462B1DD20802F082FD044640B1A8
S31508022DA004220C4B0C4923F0E6FE0446204607B0E3
S31508022DB0F0BD684623F0C1FAF8E7012F05D10830BD
S31508022DC007B0BDE8F0401EF0C7B8044CEEE700BFF6
S31508022DD0004440043D6B0408ECF30408809CFFFFA2
S31508022DE010B543780C46012B86B014D105AB029375
S31508022DF01023CDE900230A4640680D4902F012FF66
S31508022E00034628B10B4B04220B4923F0B4FE0346B2
S31508022E10184606B010BD0178012907D11346224685
S31508022E20083006B0BDE81040FBF7E2BF034BEFE7F8
S31508022E30004440043D6B0408ECF30408809CFFFF41
S31508022E4018B112B10020116070470148704700BFDF
S31508022E50009FFFFFF0B504460B4B0C4E586800B9AD
S31508022E60F0BDC579C5F3840556F825502D78A542D7
S31508022E7008D1457905F00F07B1EB871F02D1B2EBEE
S31508022E80151FEDD00833E9E780EF040874EF04084C
S31508022E9038B5044640B390F84430012B11D1C56BBE
S31508022EA04DB12B7A012B02D1686822F050FC0C2115
S31508022EB0284622F0DCF92046BDE83840482102F0CF
S31508022EC0EFB8006C18B14FF4AE7122F0D0F9E06B8E
S31508022ED00028F0D02368054ADB79C3F3840352F845
S31508022EE023309B699847E6E738BD00BF74EF0408AC
S31508022EF038B505460C46A9B14822002124F09AF8AD
S31508022F00E379094AC3F3840352F823305B6913B998
S31508022F1000202C6038BD9847E8630028F8D1A0F550
S31508022F20C340F7E70148F5E774EF0408009FFFFF7F
S31508022F302DE9F0431E46DBB2012B044688461546A8
S31508022F4087B06ED8D0F80090B9F1000F69D090F822
S31508022F504430012B39D1C76B18220021684624F068
S31508022F6069F86B075DD13B7A002B5AD199F806208E
S31508022F70102A08D80D2A08D8023A052A05D92A4855
S31508022F8007B0BDE8F083263AF7E74FF41053ADF8D9
S31508022F9000304FF4407302933B4653F8042B4146E4
S31508022FA00392EA1D6846D20802F07AFC10F1860FEF
S31508022FB0E5D028B18D301D4818BF6FF06F00DFE7E6
S31508022FC001233B7265602672DAE799F8073003F047
S31508022FD00303012B06D899F8053003F00F03B2EB69
S31508022FE0831F1ED1267299F80730114AC3F3840348
S31508022FF0012EE06B52F82320656009D099F8053056
S3150802300003F0F001302903D003F0E003402B06D188
S31508023010D3682A46414607B0BDE8F0431847136904
S31508023020F7E70448ACE700BF809FFFFF809EFFFFDB
S3150802303074EF0408009FFFFF03682DE9F041044678
S315080230400F46154613B91E48BDE8F08190F844208C
S31508023050012A33D0102D31D8DA79D20720D41A7939
S315080230605209B5EB820F4FEA8206ECD35B7903F07D
S31508023070F003902B18D10023E06B1A46194620F06C
S31508023080B1FE0028E0D194F908305BB1012BDAD100
S3150802309003212B463A46E06BBDE8F04120F06DBEAF
S315080230A02E46E3E70221F4E736B13246394604F101
S315080230B0280024F00AF8A6630020C5E70148C3E7FA
S315080230C0009FFFFF809FFFFF2DE9F04F076885B03D
S315080230D00446884615469A46DDF838901FB961486F
S315080230E005B0BDE8F08F90F84400012801D15E488A
S315080230F0F6E700203E79C9F8000016F01F0600F030
S31508023100AD80787900F0F000102814D1B24240F070
S31508023110A780C9F80020FA795449C2F3840251F803
S315080231202220E06B55684246AC4694F9081005B071
S31508023130BDE8F04F6047902805D1CDE90029E06B3C
S3150802314020F06AFECCE7994208D1636A002BC6D101
S31508023150B2FBF6F306FB1323002BC0D12028C6D1F7
S31508023160626A94F9083003928BB9039BE268F31AF0
S315080231708AB1AB4211D303982A46143041462044F9
S3150802318023F0A3FF636A2B4463620020A8E7012B9E
S3150802319003D1039BF31AAB42EDD8039B4BB3A6EBC1
S315080231A0030B03F114005A464146204423F08DFFCF
S315080231B0234653F8142B2D49D279CDE9003AC2F3A6
S315080231C0840251F82220E06B936894F908101F468E
S315080231D0324604F12803B847002881D1D9F80030CD
S315080231E0039F33442F44C9F80030B2446062D8447E
S315080231F0BD1B002DC9D0B5FBF6F706FB175737B925
S3150802320094F908301BB9E368002B18BF3746ED1B43
S315080232103A4608EB050104F1140023F056FF636AE7
S315080232203B446362002DB0D02368104ADB79CDE9AE
S31508023230008AC3F3840352F8233094F908109E686F
S315080232402A46E06B04F12803B04700287FF448AF0A
S31508023250D9F800302B44C9F8003041E704483FE763
S3150802326004483DE7009FFFFF809FFFFF74EF0408B5
S31508023270809CFFFF809DFFFFF7B5076804460E4650
S31508023280154617B93A4803B0F0BD90F84430012BF9
S3150802329001D13848F7E7002313607A7902F0F00380
S315080232A0202B0CD10269002AECD0BA794C3A012AB1
S315080232B013D9102B13D1636A7BB12F48E3E702F0C7
S315080232C0B001302909D002F0E002402A05D0602B6D
S315080232D003D0902B01D0A02BE7D10020D3E7202BD7
S315080232E0D7D194F90830626A012B32D1E36813B94F
S315080232F0002AF2D0E1E7A16B04F1140011B9397979
S31508023300490989009847234653F8281B1B480A7916
S31508023310C9790196C1F3840150F8211004F1140009
S3150802332000908F68E06B94F9081002F01F02B84704
S315080233300028A8D194F9083021689BB9236911B1EC
S31508023340097901F01F012A46304603B0BDE8F0406C
S3150802335018473B7903F01F039A42D4D0E368002B3F
S31508023360C6D0AAE711B1097901F01F012960B4E7AD
S31508023370009FFFFF809FFFFF809DFFFF74EF0408F9
S3150802338003689BB15B7903F0F003202B0ED190F80A
S315080233904430012B03D104290AD10020704704299D
S315080233A006D10023C360034B0361F6E70248704760
S315080233B002487047412E0208009FFFFF809FFFFFC9
S315080233C02DE9F04F9846436B05460F46144693B0CF
S315080233D0002B00F0B280012140461FF0B9FD0028FB
S315080233E004DA5749084613B0BDE8F08F05F13406EA
S315080233F0314640461FF064FD0028F2DA0CA821F097
S3150802340091F806A81FF0EDFB08A81FF0EAFB0AA828
S315080234101FF0E7FB4FF00B0905F11C0B4FF00B0AE7
S31508023420DDE91E2306A9284600F060FE01460028AB
S315080234306FD1219B02900193209B0CA900932846E9
S315080234405B4606AA00F044FE0146002861D10CA993
S31508023450324638461FF026FF0146002859D138461B
S315080234601FF076FD002863D008A92846DDE91C234B
S3150802347020F0DCFD014600284BD1DDE920230AA90C
S31508023480284600F033FE0146002842D13946424614
S3150802349020461FF068FE014600283AD108A90846C8
S315080234A022461FF041FE014698BB08A908460AAA09
S315080234B01FF059FE014660BB06A908460AAA1FF074
S315080234C052FE014628BB06A9084632461FF0EAFE06
S315080234D00146F0B906A9324620461FF0B1FF014659
S315080234E0B8B92146204608AA1FF03DFE014680B912
S315080234F02146324620461FF0D5FE014648B90590B8
S3150802350020461FF025FD059918B9B9F1010985D19B
S315080235100C490CA8059121F042F806A81FF066FB93
S3150802352008A81FF063FB0AA81FF060FB059959E774
S31508023530BAF1010A7FF474AFEAE7034952E700BF1A
S3150802354080B3FFFF00B3FFFF80B0FFFF2DE9F04F06
S31508023550AFB0046C05469DF8E800894692461F46B8
S3150802356000F038FF07348046E408002847D00AA846
S315080235701CAE1FF036FB0DF1300B304621F05FFC16
S315080235802246594638461FF03EFC034658BBDDE93B
S31508023590382328460AA920F049FD034618BB2246C5
S315080235A00BEB04010AA81FF02EFC0346D8B96300E8
S315080235B05A464146304621F09DFC034698B93D9B42
S315080235C0524606933C9B494605933B9B2846CDE9C2
S315080235D003630C4B0293399B0193389B00933B463A
S315080235E0FFF7EEFE03463046099321F014FD0AA8BA
S315080235F01FF0FCFA099B18462FB0BDE8F08F024B64
S31508023600F9E700BF0750040880B0FFFF2DE9F0472D
S31508023610054692B00CA89846DDE91A690C46924608
S3150802362020F080FF04A81FF0DCFA06A81FF0D9FADA
S3150802363008A81FF0D6FA0AA81FF0D3FA6B6B002B5C
S3150802364000F08480012130461FF082FC002813DB3B
S3150802365005F13407394630461FF032FC00280BDAEA
S31508023660012148461FF074FC002805DB3946484606
S315080236701FF026FC002813DB354C0CA820F08FFF20
S3150802368004A81FF0B3FA06A81FF0B0FA08A81FF09C
S31508023690ADFA0AA81FF0AAFA204612B0BDE8F087CA
S315080236A022465346284604A920F0C0FC04460028B0
S315080236B0E3D13A46494606A81FF0C2FE0446002848
S315080236C0DBD106AA04A908A81FF04DFD0446002866
S315080236D0D3D108A93A4608461FF0E4FD0446002855
S315080236E0CBD1314606AA0AA81FF03DFD044600289A
S315080236F0C3D10DF128093A46494648461FF0D2FD7C
S3150802370004460028B9D1CDE90180CDF800902846B3
S3150802371005F11C0308AA0CA900F094FC044600282B
S31508023720ABD10CA820F0A9FF0028A5D10CA93A46CE
S3150802373008461FF0B7FD044600289ED131460CA85C
S315080237401FF0BEFB0446002897D095E7014CA3E775
S3150802375000B2FFFF80B0FFFF70B50C460646114661
S3150802376020461A461FF0FFFC0546A0B9B36C33B9CA
S3150802377021462046321DBDE870401FF093BDB4F9BC
S315080237800430002B09DB20461FF01BFBF36BB0EB62
S31508023790430F09D9184D284670BD014620461FF029
S315080237A0D7FB0028EFD0F5E72046B36C98470546C5
S315080237B00028F0D10436B4F90430002B04DA0021CB
S315080237C020461FF0C5FB68B9314620461FF078FB34
S315080237D00028E0DB3246214620461FF01EFC002860
S315080237E0F2D006E03246214620461FF09DFC00280C
S315080237F0E1D00546CFE700BF80B0FFFFF0B514461B
S315080238001F46054685B002A80E461FF0EAF923466A
S31508023810022100972A1D02A81FF0F1FD044648BBA3
S3150802382006F110021146284602ABFFF795FF044639
S3150802383000BB06F108073A463946284602ABFFF7A7
S315080238408BFF0446B0B902AB1A4619462846FFF75B
S3150802385083FF044670B932463146284602ABFFF763
S315080238607BFF044630B93A463946284602ABFFF78B
S3150802387073FF044602A81FF0B9F9034814F10E0FA4
S3150802388018BF204605B0F0BD00B3FFFF2DE9F14F82
S315080238909A461B6904460E4691460A9D1BB972480A
S315080238A001B0BDE8F08F02F11007002138461FF07B
S315080238B04FFB30B95146304601B0BDE8F04F20F013
S315080238C0B2BE0AF11008002140461FF041FB08B9B2
S315080238D04946F0E7012140461FF03AFB0028DED1AF
S315080238E03B463A4629462046FFF736FF0028D7D1F7
S315080238F005F108083B462A4641462046FFF72CFFB3
S315080239000028CDD153462A4629462046FFF724FFEA
S315080239100028C5D14246414620460AF10803FFF768
S315080239201BFF0028BCD14B462A462946204620F0D2
S3150802393070FC0028B4D109F1080B5B4642464146A1
S31508023940204620F066FC0028AAD1002128461FF04E
S31508023950FFFA014690B940461FF0FAFA40B92B46DB
S315080239604A463146204601B0BDE8F04F20F0CBBCAE
S31508023970304601B0BDE8F04F20F06BBE2B463A4602
S31508023980204606F11001FFF7E7FE002888D105F167
S3150802399010072B462A4639462046FFF7DDFE002841
S315080239A07FF47EAF05F1180A2B463A465146204661
S315080239B0FFF7D2FE00287FF473AF4B463A463946E4
S315080239C02046FFF7C9FE00287FF46AAF3946284623
S315080239D01FF082F900287FF463AF2946204620F0BB
S315080239E083FC00287FF45CAF4346424631462046B4
S315080239F0FFF7B2FE00287FF453AF2B463246314614
S31508023A00204620F006FC00287FF44AAF5346324689
S31508023A103146204620F0FDFB00287FF441AF3346AD
S31508023A203A463946204620F0F4FB00287FF438AFA0
S31508023A3043463A4639462046FFF78EFE00287FF46B
S31508023A402FAF5B46524651462046FFF785FE0028B1
S31508023A507FF426AF53463A46204606F1080101B0DE
S31508023A60BDE8F04F20F0D5BB80B0FFFF2DE9F04747
S31508023A70012A8246DDE908490E4690461F4644D881
S31508023A8004301FF0A2F90546504620F042FD0128EF
S31508023A9082463CD1002106F110001FF059FA48B9B6
S31508023AA0B9F1000F02D11B48BDE8F0872070C7F8AC
S31508023AB000A0F9E7B8F1000F17D16B0001334B45A7
S31508023AC03B60F0D8214604232A46304601F8013BDA
S31508023AD01FF099F90028E7D12A46691C214406F104
S31508023AE00800BDE8F0471FF08EB96B1C4B453B60DA
S31508023AF0D9D8002106F108001FF040F92146023004
S31508023B0001F8010B2A463046EBE70348CCE703489F
S31508023B10CAE700BF00B1FFFF80B0FFFF80B1FFFF19
S31508023B202DE9F84380460C4615461F4613B91D482B
S31508023B30BDE8F88304301FF048F90646404620F0EF
S31508023B40E8FC012881462AD12B7833B9012FEED118
S31508023B502046BDE8F84320F07CBD06F10108B845C9
S31508023B60E5D832462046691C1FF035F90028DFD110
S31508023B70494604F110001FF0E5F80028D8D12B7841
S31508023B80042BD4D173000133BB42D0D1324605EBA4
S31508023B90080104F10800BDE8F8431FF01CB9024801
S31508023BA0C6E700BF80B0FFFF80B1FFFF2DE9FF41E6
S31508023BB00E460546012106F110001FF0C9F9044612
S31508023BC050B9284620F0A5FC01287AD1214630466C
S31508023BD01FF0BEF9002801DA3B4C6EE006F1080830
S31508023BE0214640461FF0B4F90028F5DB2F1D394659
S31508023BF030461FF065F90028EEDA394640461FF0CE
S31508023C005FF90028E8DA68461EF0EBFF02A81EF004
S31508023C10E8FF4346424669462846FFF79DFD0446A5
S31508023C20002844D133463246284602A9FFF794FDB6
S31508023C30044600283BD1EB687BBB02A9032208464F
S31508023C401FF079FA044690BBBDF90C30002B04DA52
S31508023C50002102A81FF07CF9C8B902AA3346114608
S31508023C602846FFF779FD044608BB02AA11462846EC
S31508023C7005F1140320F0B1FA0446C0B9684602A950
S31508023C801FF01EF9104B041E18BF1C460FE002A9AE
S31508023C903A4608461FF048FAD4E702AA11462846C9
S31508023CA005F10C0320F099FA04460028D5D0684697
S31508023CB01EF09CFF02A81EF099FF204604B0BDE83C
S31508023CC0F081024CF9E700BF80B3FFFF80B0FFFF27
S31508023CD038B5054620F01DFC01280C4601460DD1D3
S31508023CE020461FF035F9002806DB204605F1340187
S31508023CF01FF0E6F8002803DB024838BD0248FCE755
S31508023D000020FAE780B3FFFF80B0FFFF2DE9F04FEE
S31508023D108846B5B01146054691469B46FFF7D8FF39
S31508023D200446002840F0938059462846FFF73EFF8E
S31508023D300446002840F08B80284620F0EAFB01283A
S31508023D4040F07A81182102202F6C1EF053FA0137AF
S31508023D5006467F08002800F06D8106F1180A20F051
S31508023D60E1FB504620F0DEFB13AB181908341EF0AF
S31508023D7038FF202CF8D15946304620F054FC044628
S31508023D80B0BB83465F451ED15146284620F0AAF9A4
S31508023D90044668BB13AB009332465346514628463F
S31508023DA0FFF774FD044618BB5146284620F09AF9D7
S31508023DB00446E8B906F110001EF018FF06F12800BD
S31508023DC01EF014FF14E0BBFBF7F3012202FA03F11B
S31508023DD0182207FB13B3C9B202FB0162002B3AD0C1
S31508023DE01146284613AB20F08EFA044600283FD027
S31508023DF04FF0000A13AB03EB0A000AF1080A1EF099
S31508023E00F5FEBAF1200FF5D17CB905A81EF0E9FE38
S31508023E1005F1340A0BA81EF0E4FE214650461EF0B0
S31508023E20ADFF012827D0A4F59F44AB6D9E420AD068
S31508023E304EB1304620F0B3FB06F1180020F0AFFB76
S31508023E40304626F0E5F814B1404620F0A8FB204695
S31508023E5035B0BDE8F08F18234908104603FB016107
S31508023E60029220F0E0FB029A04460028B8D0BFE787
S31508023E700BF1010B86E7214648461EF07FFFB0FA92
S31508023E8080F349465B0905A802931EF025FF0446FE
S31508023E90002851D14A4651460BA81FF048F9044654
S31508023EA0002849D1029A0BA905A81EF0D1FE04469C
S31508023EB0002841D101467A1C13A80DF14C0923F0BA
S31508023EC0B9F8A2464B465745039363D0514605A80F
S31508023ED01EF054FF039B07EB0A0193F800B00AF1A0
S31508023EE0010A4BEA000B05A81EF048FF5FFA8BFB96
S31508023EF0039B4BEA400B03F801BBE4E799F8010080
S31508023F0099F800E080EA0201CB4303F0010B43F380
S31508023F1000030EEA0303104001EA0302594009F8B6
S31508023F20011F19F8013C024343EACB1309F8013C85
S31508023F300CF1010CE245E1D20DF12C0948461EF0BE
S31508023F4055FE05A81EF052FE002C7FF46EAF05A89A
S31508023F5020F0E8FA09EB040008341EF042FE202C91
S31508023F60F8D107F1D0036B4432464146284613F886
S31508023F70843C20F07BF9044670BB3E9B002B4AD05A
S31508023F80DDE93E2341462846FFF738FC002842D0A1
S31508023F90044621E000224FF0010CCBE75346424685
S31508023FA041462846013F20F0AEF90028F0D13246B4
S31508023FB028461BF8073005A920F058F90028E7D14A
S31508023FC0424641462846CDF800A005ABFFF75EFCFF
S31508023FD00028DDD1002FE1D105A820F039F9002704
S31508023FE009EB070008371EF001FE202FF8D1002C36
S31508023FF07FF41BAF41462846029A20F0B7F80446DA
S3150802400000287FF412AF3E9B53B94146284620F05A
S3150802401069F8044609E70DF12C0A0DF14C0BD9E7AC
S315080240204146DDE93E232846FFF7E8FB0446002819
S31508024030EBD0FAE6014CF8E6014C08E780B2FFFF3E
S3150802404080B0FFFF2DE9F04391B00546994620F06E
S3150802405060FA01280E46904636D102A820F062FA86
S31508024060002408AF381908341EF0BBFD202CF9D1FC
S315080240704B464246284602A920F008FB0446A8B940
S31508024080DDE918233146284620F000FB044668B9C4
S31508024090334631462846009702AAFFF7F7FB04463D
S315080240A020B93146284620F01DF80446002578191D
S315080240B008351EF09BFD202DF9D102A820F0C8F87C
S315080240C0204611B0BDE8F083004CF9E780B1FFFF46
S315080240D030B4DDE9024524B1CDE9024530BCFFF72B
S315080240E015BE014830BC704780B0FFFF73B5054660
S315080240F01E4620F00EFA01280C4601460ED113463A
S315080241002046009605F134021FF079F9044B10F1A6
S315080241100E0F18BF0346184602B070BD014BFAE7E8
S3150802412000B3FFFF80B0FFFF2DE9F0410D460146BF
S3150802413028461746984600F047F80446B0B9284676
S3150802414020F0E7F9012805F1600612D14246394600
S3150802415030461EF040FE044628B931462846FFF787
S31508024160B7FD044610B130461EF040FD2046BDE8B4
S31508024170F081014CF7E700BF80B1FFFF70B5066C0E
S315080241800D460736B3EBD60F114604464FEAD6025A
S3150802419003D200230A482B6070BDB0F866302A6045
S315080241A04BB120F0B6F9012807D104F16000BDE849
S315080241B070401EF028BE0348EEE76FF06D00EBE78D
S315080241C000B1FFFF80B0FFFF38B504460D4620F068
S315080241D0EAF9204620F0B4F9022D257029D0032DDC
S315080241E04BD0012D5BD1304B304AA364304B626011
S315080241F0A360A361A3632362A3622E4B2E4A636262
S315080242004FF0011362612D4A236362632C4B2D4AD8
S31508024210E362E261201D1EF0D4FDE06304F134007E
S315080242201EF0CFFDC4E9100500230020C4E91633A9
S3150802423038BD254B254AA364254B6261A360254BED
S31508024240254A6360254B6263254AA361A3632362F9
S31508024250A362244BE26163624FF001132363184B96
S31508024260201DE3621EF0ADFDE06304F134001EF08A
S31508024270A8FD012320646364D6E71B4A1B4B6260D0
S315080242801B4AA36462611B4A114B62631A4AA36002
S31508024290A361A3632362A362E261184BDBE70023EF
S315080242A017482370C4E700BF774D040810F20408C4
S315080242B001000600C8F10408F8F10408B0F1040880
S315080242C028F20408E0F104087F4B040874F1040894
S315080242D00100080090F1040820F104080100070013
S315080242E058F104083CF1040800F10408D34704080D
S315080242F0E0F0040880F00408C0F00408A0F00408FE
S3150802430080B1FFFF2DE9F04705468AB000680F46DF
S31508024310904620F0B0FE064697B3B8F1000F14BFD8
S315080243204FF002094FF001090023294C05F1100A42
S3150802433099458DF804301BD9284600F09DF90446A4
S31508024340B0B932465146284600F05CF9044678B9B7
S315080243500122284601A900F055F9044640B9B9F1E7
S31508024360020F10D0284602A900F05CF9044698B15B
S3150802437002A8202100F094FE20460AB0BDE8F08784
S315080243804FF00109D0E742463946284600F03AF985
S3150802439004460028E6D0EBE73246284602A900F092
S315080243A0B7F804460028E3D132465146284600F0BB
S315080243B029F904460028DBD15146284600F032F98D
S315080243C004460028D4D19DF804300133DBB2AFE7A6
S315080243D000AFFFFF0928024818BF0020704700BF38
S315080243E02CF2040870B50D461646044608B911485B
S315080243F070BD0029FBD00023C0E9023301600B78A7
S31508024400092BF4D1E02101201DF0F4FEA06008B9C1
S315080244100948EDE7012323710EB90020E8E70220D7
S31508024420A9781DF0E7FEE0600028F6D1204620F0C4
S31508024430FFFDEDE700AFFFFF80AEFFFF0422024B50
S31508024440024922F098BB00BF3D6B0408FCF304083E
S3150802445038B50446E0B10368D3B102791B78012A5C
S315080244600ED1092B0B4D18BF0025806821F03AFBA7
S315080244702946A06821F068FBBDE83840FFF7DEBF91
S31508024480092B05D1BDE8384000218068FAF79ABCA5
S31508024490014838BD0900000200AFFFFF07B5C0B1E9
S315080244A00368B3B10279012A0AD15A78806801AB46
S315080244B0019221F094FBFFF7C1FF03B05DF804FBFC
S315080244C01B78092B05D1806803B05DF804EB1CF054
S315080244D02DBD0148F1E700BF00AFFFFF10B598B147
S315080244E003688BB10479012C06D1806821F05AFB46
S315080244F0BDE81040FFF7A2BF1B78092B04D1BDE81F
S31508024500104080681CF00BBD004810BD00AFFFFFCD
S315080245102DE9F0410E461746054688B000286CD0AC
S315080245200368002B69D0C268002A66D09A78BA4214
S3150802453014D2FFF78DFF044600283AD13A4631468F
S315080245402846FFF7CBFF044698BB69462846FFF77D
S31508024550A5FF044668BB6E462B685F78D5F80C80C3
S315080245609A783621404608EB020422F063FD2B684E
S315080245705C219A78204622F05DFD0023191D8F42A0
S3150802458008EB03021DD29F4223D80023191D8F422E
S3150802459004EB030224D29F4228D82846FFF758FF85
S315080245A0044630B92B68414628469A78FFF796FFA3
S315080245B004462021684600F073FD204608B0BDE88F
S315080245C0F081F25858F80300424048F803200B4697
S315080245D0D4E7F05C11780133414002F8011BD2E7B7
S315080245E0F258E0584240E2500B46CFE7F05C1178A9
S315080245F00133414002F8011BCDE7014CDDE700BF5C
S3150802460000AFFFFF10B438B104682CB1C3681BB100
S315080246105DF8044BFFF762BF01485DF8044B70472B
S3150802462000AFFFFFF0B50D46044689B000B3036834
S31508024630F3B1C668E6B169469F78FFF72FFFA8B9B6
S315080246402046FFF705FF88B9236820469A78F119AC
S31508024650FFF744FF50B92368694620465A78FFF7A0
S315080246603DFF18B929462046FFF718FF09B0F0BDE5
S315080246700048FBE700AFFFFF38B5044670B1036890
S3150802468063B1C56855B1FFF7E3FE40B92368294609
S3150802469020469A78BDE83840FFF720BF004838BD63
S315080246A000AFFFFF70B50E46054610B1094C2068EB
S315080246B010B96FF02D0070BD6B6862689A4203D11B
S315080246C0A96822F08EFC08B11434F0E7237C337013
S315080246D0F1E700BF80F2040870B50E46054610B130
S315080246E0094C206810B96FF02D0070BD6B686268BE
S315080246F09A4203D1A96822F074FC08B11434F0E78F
S31508024700237C3370F1E700BF30F204082DE9F04349
S315080247100D4691469846064685B020B9384C20463D
S3150802472005B0BDE8F083184622F0ACFC074600281F
S315080247305CD04946404622F0A5FC8742044655D23B
S31508024740284622F0CFFC3B5C3D18202B08BF0135DA
S315080247502B780D2B08BF01352B780A2B46D14846F4
S3150802476022F0C0FC235C2218202B08BF01321378E2
S3150802477001350D2B08BF013213780A2B08BF013207
S31508024780A2EB08020E9BA4EB0508B8F1150F1A60F6
S3150802479005DD162228461B4922F023FC40B3AC420B
S315080247A028D900212B460846CDF8008003AAFDF732
S315080247B037FF2C3020D003990029AFD001201DF0F5
S315080247C019FD0746D0B103992B46CDF8008003AAF6
S315080247D0FDF726FF0399044628B1384620F047FD1F
S315080247E0A4F588549BE7C6E9007198E7064C96E754
S315080247F0064C94E7064C92E7064C90E7064C8EE781
S3150802480080EBFFFFD8D0040880EFFFFF00ECFFFF24
S3150802481000EFFFFFD4EEFFFF80EEFFFF0238C0B2C3
S3150802482002289ABF024B53F820000020704700BFA7
S31508024830DCF2040838B504460D4669B103685BB96B
S315080248404B6A13B90020256038BD98476060002876
S31508024850F8D1A0F57E50F7E70048F5E780C1FFFFDB
S3150802486070B5A8B0A02204460D460146684622F055
S315080248702CFC684620F031FC023802284FF0A002D0
S31508024880214668468CBF0026019E22F01EFC684619
S3150802489020F023FC023802281BD8019B1B7833B967
S315080248A02946304628B0BDE87040FFF78DBCA022E5
S315080248B02146684622F009FC684620F00EFC0238BA
S315080248C0022806D8019B1B78AB42E9D0024828B0D9
S315080248D070BD00231B78FFDE00C3FFFF0222436878
S315080248E00A70024A68334A608B607047EFD0040840
S315080248F02DE9F04F04468BB00E46DDE9149A0021E5
S31508024900174604A818229846169D22F093FB2046BD
S3150802491004A920F041FF38B10722194B194922F0A0
S315080249202AF90BB0BDE8F08F04A8BDF812B021F041
S3150802493004FD46F0C06143463A462046CDE901A544
S31508024940CDF8009041F4E06121F0BCFA034670B15B
S315080249508533E1D143463A462046CDE901A5CDF84D
S31508024960009046F0062121F0ADFA0028D4D1CDE90F
S3150802497000A54B46494658462A6822F03CF9D0E734
S31508024980DD690208D0F304082DE9F0471E469AB0FD
S315080249908046894614460021182204A822F04AFBBA
S315080249A00023F51DED0802936D00002C4CD04FF440
S315080249B000534FF0062A0AAF384644F482440A9353
S315080249C0ADF8104020F0F6FB0A9B4A46069341468C
S315080249D002AB04A8CDF81CA000F062FF18B101F0E2
S315080249E0FDFF044602E0402D0DD9194C029820F02D
S315080249F0AEFE034654BB10B101F0F0FF034618465B
S31508024A001AB0BDE8F08703AB01934023DDE924120F
S31508024A10009330463B4622F042F904460028E5D187
S31508024A20039BAB42E1D1CDE90073DDE9222351466E
S31508024A30029821F08AFA04460028D7D00722054BA5
S31508024A40054922F098F8CCE7014BD8E72346D6E782
S31508024A5080C1FFFFDD690208D0F304082DE9F0439F
S31508024A600E46002197B04468174608A818229846A9
S31508024A70059122F0DFFA207806A922F08EF8069B25
S31508024A80054607334FEAD309002843D0B3F5847F96
S31508024A9042D204F160004A460EA91EF0B4F9044651
S31508024AA0D0B94FF4805307A845F4E2450793ADF809
S31508024AB0205020F07FFB079B4A460A9346F0C063C4
S31508024AC043F4E0630B930EA905AB08A800F0E8FED1
S31508024AD098B101F083FF044620210EA800F0E0FAFF
S31508024AE0059820F034FE0346CCB910B101F076FFE2
S31508024AF00346184617B0BDE8F083209B3A46029350
S31508024B001F9B314601931E9B059800934346FFF768
S31508024B10EFFEE0E7034BECE76FF06D03E9E72346A8
S31508024B20E7E700BF80C1FFFF2DE9F043002489466D
S31508024B30C7B0182221461EAD074607A8049422F0DC
S31508024B4079FAA0224946284622F0BFFA284620F0DA
S31508024B50C4FA023802280DF1100800F28B801F9B56
S31508024B6006AE3146187822F018F8069E0736F60879
S31508024B7020B9414C204647B0BDE8F083012340F4F2
S31508024B80E240ADF81C0028461E9320F013FB1E9B3C
S31508024B90A0224946099322F098FA284620F09DFA5F
S31508024BA00238022898BF1F9C324604F160000DA9FC
S31508024BB01EF029F9044620B141210DA800F070FA29
S31508024BC0D8E7434632460DA907A800F069FE04460F
S31508024BD041210DA800F064FA204601F0FFFE0446C2
S31508024BE00028C7D1412203AB0DA9D8F8000020F04E
S31508024BF086FE01F0F3FE0446D8F8000020F0A7FD71
S31508024C008046002CB6D118B101F0E8FE0446B1E799
S31508024C10A0223946284622F058FA284620F05DFA9C
S31508024C200238022839464FF0A00228468CBF44466D
S31508024C301F9C22F04AFA284620F04FFA0238022828
S31508024C4088BF00214FF0410398BF1F992046CDE93E
S31508024C500053002205AB6831FEF708FF0446002818
S31508024C6088D1324629460DA822F0BBF90446002807
S31508024C7080D07EE72378FFDE80C1FFFF7FB5164628
S31508024C800022C3E900229A6001AA1D461DF0F9FE18
S31508024C90044620B1A0F56A54204604B070BD3146D8
S31508024CA001A8FFF7FFFC10F12E0F09D1089901A8F8
S31508024CB020F0E4F908B10B4CEEE702233370EBE778
S31508024CC00028F8D13378012BE6D12B68052B00D0C2
S31508024CD02BB96A68044B002A18BF1C46DCE7024C4B
S31508024CE0DAE700BF80C3FFFF80C5FFFF036813B57D
S31508024CF0062B0C460BD10DF10701FFF7EDFC40B967
S31508024D0020469DF80710FFF7ABFD02B010BD02481A
S31508024D10FBE70248F9E700BF80B1FFFF00C6FFFFC5
S31508024D202DE9F04304461F461046002389B0CDE913
S31508024D300533079304913023014403AA04A81DF0FE
S31508024D403DFE10B1A0F574503AE0DDE9033202EBFC
S31508024D500308414602AA04A81DF07BFE0028F1D1E9
S31508024D60029B012B74D10423414603AA04A81DF011
S31508024D7025FE0028E6D1DDE90365AB194345049310
S31508024D802DD0A023414603AA04A81DF017FE18BB7E
S31508024D90DDE90323002A03EB02095BDD1B78062BF8
S31508024DA0059359D1494606AA04A81DF007FE50B133
S31508024DB0B0F5745004D1214605A8FFF797FF70B1E4
S31508024DC009B0BDE8F083049B069A079313449945F4
S31508024DD00493F0D02148F3E710F1620FB2D13246BC
S31508024DE02946204620F07EF90028E9D1049B43454E
S31508024DF025D0A123414603AA04A81DF0DFFDD8B990
S31508024E00DDE9033101EB0308414603AA04A81DF0B4
S31508024E1024FE002896D1DDE903310B449845D9D101
S31508024E202046A8EB010220F0B3F90028C8D010F5F5
S31508024E309D4F04D00A48C3E710F1620F82D1109B36
S31508024E403246009329463B46204620F068F9B7E7E2
S31508024E500448B5E70448B3E70448B1E79AC2FFFF36
S31508024E6000C3FFFF80C2FFFFA0C2FFFF9EC2FFFF73
S31508024E702DE9F0411F4600238AB08D180646069191
S31508024E808DF80E308DF80F302946302305AA06A86C
S31508024E901DF094FD28B1A0F5745420460AB0BDE869
S31508024EA0F081DDE9053202EB0308414604AA06A8A9
S31508024EB01DF0CFFD0028EED1049B002B45D10DF144
S31508024EC00F030093414607AB0DF10E0206A8FFF742
S31508024ED0D5FE04460028E0D10423414605AA06A8C1
S31508024EE01DF06CFD0028D6D1059B83B39DF80E00F4
S31508024EF0FFF794FC014608B9164CCEE73046FFF791
S31508024F0099FC04460028C8D19DF80E30023B012BB5
S31508024F10F2D8314607A8FFF7E9FE044648B9DDE9A3
S31508024F200521109B304600933B46FFF7F9FE0446DF
S31508024F3018B1304620F0C1F8AFE7DDE9052313447E
S31508024F40054A9D4218BF1446A7E7044CA5E7044C38
S31508024F50A3E700BF80C3FFFF9AC2FFFF80C2FFFF1D
S31508024F60A0C2FFFF2DE9F04F89B00546DDE9138996
S31508024F700E461C461746002A59D005A807F1FF3BDC
S31508024F8020F07FF816F80B30BBBB129B0DF1100A06
S31508024F90CDE900433B4A33463B49CDF808A005A86C
S31508024FA0FFF7B4FB0446E0B90220FFF737FC0146D7
S31508024FB02846FFF73FFC044648B9DDE90512434691
S31508024FC02846CDF80090FFF7ABFE044610B12846F6
S31508024FD020F073F805A820F059F8204609B0BDE874
S31508024FE0F08F10F59C5F48D010F5985F47D010F502
S31508024FF0845FF2D116F80B30DBB143463A463146A6
S315080250002846CDF80090FFF733FFA0B3284620F0D4
S3150802501054F8284620F04CF80220FFF7FFFB014619
S315080250202846FFF707FCE0B1284620F046F8174C59
S31508025030D3E7CDE9013A0093154A3346154905A83F
S31508025040FFF764FB044640B9DDE9051243462846E4
S31508025050CDF80090FFF70CFFB7E710F5845FBCD1D7
S31508025060CBE743463A4631462846CDF80090FFF745
S3150802507057FE0028D8D10024AFE7074CADE7074C06
S31508025080ABE700BF0DD104082AD1040800C3FFFF0D
S3150802509049D1040863D1040880C4FFFF00C4FFFF96
S315080250A010B50A46044619B1024B00211B689847F7
S315080250B010BD00BF78F304080E4B0340B3F1607FBE
S315080250C006D1B1F5885F0CBF00206FF086007047E5
S315080250D0B3F1707F0BD101F4E043B3F5005F06D15B
S315080250E011F4E06F14BF00206FF0860070476FF06E
S315080250F0860070470000C07F914270B506460C468E
S3150802510047D07D4B21F4FF7121F00101994210D05D
S315080251107A4924F0FF038B420BD024F47F7020F0E7
S315080251200300A1F57061884203D001F5A0618B42A4
S3150802513031D1714B22F4FF7121F00101994211D04C
S315080251406E4922F0FF038B420CD022F47F7020F0C6
S315080251500300A1F57061884204D001F5A0618B4273
S3150802516040F0C68084EA0203FF2B00F2C18014F0E5
S31508025170FF0304D0624943F000738B4209D012F050
S31508025180FF0206D05E4B42F0007199420CBF2246DE
S315080251900022104670BD04F0FE43B3F1A06F2AD177
S315080251A002F0FE43B3F1A06F40F0A28084EA020344
S315080251B033F47E1340F09C802504C4F30543C2F3FE
S315080251C0054102F400400ED548B18B4238BF0B4662
S315080251D024F47E1242EA034242F40042D9E78B42A1
S315080251E088BF0022D5E7002800F082808B422CBFB8
S315080251F022460022CDE7B3F1407F79D102F0FE4381
S31508025200B3F1407F74D184EA020333F47E136FD17B
S3150802521031462046FFF750FF002869D114F47C1561
S3150802522018D0C4F3054512F47C1330D0C2F30543F3
S31508025230200402F400414BD5002945D0AB4238BFC1
S315080252402B461B0403F47C1324F47E14234343F4F1
S3150802525000429EE72B4B2340B3F1607F0AD1E3B2AB
S3150802526043F0007303F17E43033B102BDBD8264938
S31508025270CD5CD8E7B3F1707FD5D106F4E043B3F538
S31508025280005F02BF0125C6F302239D40CBE71D49F5
S315080252901140B1F1607F0AD1D1B241F0007101F13A
S315080252A07E4103391029C3D8184B5B5CC0E7B1F1BC
S315080252B0707FBDD106F4E041B1F5005F02BF01235C
S315080252C0C6F30226B340B3E79D4288BF002260E7D1
S315080252D021B19D422CBF224600225AE79D4209D19E
S315080252E02D0405F47C1524F47E1445EA040250E7DD
S315080252F000224EE70A464CE70002000600130006A3
S31508025300FF0000020000C07F7CF304087CF3040857
S315080253108A42F8B506460D4600F0CD806A4B22F45D
S31508025320FF7121F00101994210D0684922F0FF036A
S315080253308B420BD022F47F7020F00300A1F5706136
S31508025340884203D001F5A0618B4227D15E4B25F432
S31508025350FF7121F00101994210D05C4925F0FF0343
S315080253608B420BD025F47F7020F00300A1F5706103
S31508025370884203D001F5A0618B420FD115F0FF00D8
S315080253800BD0534B40F00070984240F0968082EA68
S315080253900500FF288CBF00200120F8BD05F0FE435A
S315080253A0B3F1A06F11D102F0FE43B3F1A06F72D12F
S315080253B082EA050333F47E136DD128046BD5C5F34F
S315080253C00540C2F305429042E4E7B3F1407F62D159
S315080253D002F0FE43B3F1407F5DD182EA050030F464
S315080253E07E1458D131462846FFF766FE002864D156
S315080253F0384912F47C1701EA020116D0B1F1607F2E
S31508025400C2F3054336D1D1B241F0007101F17E41B2
S315080254100339102901D83048445C15F47C1F2FD172
S315080254209C4214BF00200120B7E7B1F1607F0AD180
S31508025430D3B243F0007303F17E43033B102B40D8EB
S315080254402649CB5CDFE7B1F1707F17D106F4E0435A
S31508025450B3F5005F33D10123C6F302218B4006F46C
S31508025460E041B1F5005FD8D10120C6F3022600FA61
S3150802547006F4D2E7B1F1707FCFD1F0E73B46CCE72D
S315080254801FB9C5F30541A14215D0290403D5C5F3B1
S31508025490054098427EE725F47F03B3F1106F0CD1DD
S315080254A002F0FE43B3F1106F07D10D48104040F0E9
S315080254B01060A842B5E701206FE700206DE73B467A
S315080254C0CDE73B469FE700BF000200060013000631
S315080254D0FF0000020000C07F7CF304087CF3040886
S315080254E00000FFF610B521F0FF03F0B12E4C21F4AF
S315080254F0875222F01F02A2422ED02C4A93422BD068
S3150802550021F4FF7222F00102B2F1062F24D004F52B
S31508025510C064A34220D0A4F5A064A2421CD0244AA7
S31508025520914230D06FF086003DE0204A21F4FF74A4
S3150802553024F0010494420FD002F5885293420BD00C
S3150802554021F47F7424F00304A2F57062944203D016
S3150802555002F5A062934226D111F0FF020BD042F067
S315080255600073144A9342DDD0134A934214BF6FF074
S315080255708500002017E0B0B10C4A21F4FF7020F034
S3150802558001009042CED00D4A9342CBD06FF3090167
S31508025590A2F570629142C5D002F5A06293420CBF91
S315080255A06FF08600002010BD000300060002000608
S315080255B000080006FF0000020900000200130006A8
S315080255C037B50D4D0C466B78022B12D12B78072B6B
S315080255D00FD100230A460193014601AB281D1BF091
S315080255E060FD20B9019BA34218BF6FF0930003B078
S315080255F030BD6FF08800FAE7A84D00202DE9F84380
S31508025600884617461C4601F02FF90546002844D15C
S31508025610D8F80060B6F8009009F4E043B3F5804F75
S31508025620B36808BF27F0010737EA03032DD1A4B3ED
S31508025630244B24F4FF7222F001029A4210D0224A25
S3150802564024F0FF0393420BD024F47F7121F0030167
S31508025650A2F57062914203D002F5A06293421FD16D
S3150802566014F0FF0304D0194A43F0007393421ED084
S3150802567022464846F168FFF74BFE074668B92246B6
S3150802568048463169FFF744FED0B96FF08405002316
S315080256903046C8F8003021F011F92846BDE8F883EB
S315080256A004F0FE43B3F1407F04D12304E0D56FF042
S315080256B08605ECE7B3F1A06FF7D0044B9C42D6E718
S315080256C03D46EAE70002000600130006FF00000254
S315080256D02DE9F743044648680E46000A012817468C
S315080256E098460A9D25D0DFF864C0604517D048BBA6
S315080256F004F1080948460095FAF706FE08B9042394
S315080257000BE010F1860F11D143463A463146484618
S31508025710009521F08FF848B90123236006E0009529
S3150802572004F10800FAF7F0FD0028E8D003B0BDE856
S31508025730F083009504F10800FAF7C4FC0028F5D1B5
S315080257400523EAE76FF08600F0E700BF0200800053
S3150802575038B500F0FE43B3F1407F04460D4602D049
S315080257606FF0860038BDFFF7A7FC0028F8D114F4BD
S315080257707C1F18D0C4F30543032B137022D9224A7F
S315080257802240B2F1607F31D1E4B244F0007404F1F0
S315080257907E44033C102CE3D81C4A125D9342DFD8A0
S315080257A0202BDFD90EE0184B2340B3F1607F0FD1CF
S315080257B0E3B243F0007303F17E43033B102B04D993
S315080257C0002313706FF08500CCE71149CB5CD3E751
S315080257D0B3F1707FF4D101F4E043B3F5005FEFD182
S315080257E00123C1F302218B40DBB2C5E7B2F1707F18
S315080257F0B6D105F4E042B2F5005FB1D10122C5F394
S315080258000225AA40CAE700BF0000C07F7CF304084D
S315080258107CF30408024B187800F00100704700BFB9
S31508025820A84D00202DE9F04F446885B0240A012CC2
S315080258308046DDE90E56894692469B46109F20D041
S31508025840DFF858C0644514D01CBBCDE90167009542
S315080258501BF00DFF10F1860F1DD15B4652464946D5
S315080258604046CDE90F670E9505B0BDE8F04F1FF02B
S31508025870FFBECDE90F670E9505B0BDE8F04F1BF0E8
S31508025880F6BECDE90F670E9505B0BDE8F04F1BF0E1
S3150802589093BD6FF0860005B0BDE8F08F0200800068
S315080258A02DE9F0411F46002388B00646884615466C
S315080258B0CDE9043307923B60002A63D0B2F1005F58
S315080258C063D205AA04A91FF028FD044698B9049BC9
S315080258D05A6AB2B104982A4643884146069306ABE9
S315080258E0029300F124030193436A0093036AFFF7C4
S315080258F099FF044618B30498002839D01FF00AFF06
S3150802590036E073681B0A10D0012B06D020498B4259
S3150802591013D007926FF08604EDE7304607A907957C
S3150802592020F00FFD04460028E5D1079904981FF0D8
S315080259307CFE04460028CDD0DDE70795F5E70498F6
S31508025940069B4288C2B943804FF6F872934216D82C
S31508025950338813B102889A42DCD1738813B142881C
S315080259609A42D7D139461FF0BFFC04460028C2D155
S31508025970204608B0BDE8F0819A42E5D0CAE76FF042
S315080259808504B8E76FF08604F2E76FF08504EFE75F
S31508025990020080002DE9F0479A4600230C4601686A
S315080259A086B0054617460593002972D100F1080903
S315080259B04FF4AE72484621F03DFBBAF1000F20467D
S315080259C03B460CBF4FF400624FF4806205A9FFF70D
S315080259D015FE0446C0B9059E384631882A1DFFF7CA
S315080259E0B7FE8046002857D16B796AF300036B71BC
S315080259F0D6E90823BAF1000F0BD03146284600979C
S31508025A00FFF766FE0446D0B1284620F0FDF8A04608
S31508025A1015E07168090A012931D02248814225D048
S31508025A2000293BD1314648460097CDE902231CF0AE
S31508025A3052F8DDE90223044658B904232B60059877
S31508025A4020F03CFFB8F1000F18BF404606B0BDE88B
S31508025A50F08710F1860FD7D131464846009720F0D5
S31508025A60EBFE04460028CFD10123E7E73146484634
S31508025A7000971CF030F804460028DED0C4E7314609
S31508025A80484600971BF0BFFF04460028BCD10523F1
S31508025A90D4E76FF08804B7E70446B5E76FF08604E3
S31508025AA0B2E700BF020080002DE9F04347F2010980
S31508025AB0DDE90767DDE909CE05881C464D45DDF8AF
S31508025AC02C8010D123F0FF02134B6FF308049C427B
S31508025AD01CD003F588539A420CBF6FF085006FF00D
S31508025AE08600BDE8F08305F44F45B5F5824F0DD122
S31508025AF06FF30804B4F1062F0BD1CDE90AE8CDE914
S31508025B00087C0796BDE8F04300F03CBB6FF08500C1
S31508025B10E7E76FF08600E4E7000200062DE9F041A8
S31508025B2017461C4623F4FF721F4B22F001029A42C3
S31508025B3005460E4690B010D01C4A24F0FF03934245
S31508025B400BD024F47F7121F00301A2F57062914211
S31508025B5003D002F5A062934222D1DDE9161207AB01
S31508025B600193202314F0FF000DF1200818BF40F01E
S31508025B700070009343461FF090FB70B91A9B3A4691
S31508025B800493199B31460393189B28460293079B55
S31508025B90CDE90083234620F0C7F810B0BDE8F081AE
S31508025BA06FF08500F9E700BF000200060013000641
S31508025BB02DE9F04344F20108DDE90767DDE909CE7C
S31508025BC005881C4625F44059C14510D123F0FF0229
S31508025BD0134B6FF308049C421BD003F588539A4271
S31508025BE00CBF6FF085006FF08600BDE8F08305F400
S31508025BF04F45B5F5824F0CD16FF30804B4F1062F61
S31508025C000AD1CDE909CECDE90767BDE8F04320F010
S31508025C108ABD6FF08500E8E76FF08600E5E700BF0A
S31508025C20000200062DE9F04F00249A4601F0FE43D1
S31508025C3093B0B3F1806F0D46DDE91C68DDF8789004
S31508025C4009920D9440F0B0800B464FF480720DA96C
S31508025C50FFF7D4FC0346002840F0AA800D9B1B8858
S31508025C6003F4E042B2F5005F1CD113F4E06F19D0D9
S31508025C70544925F480728A420AD001F500718D4290
S31508025C8006D051498D4203D0A1F53F418A4209D136
S31508025C900124C3F302239C40102C0ED900266FF070
S31508025CA083034CE042F20402934202D1474B9D42DF
S31508025CB00DD0474B9D420CD10D24A0457AD32146DF
S31508025CC00EA8FFF77DFC034620B1002637E00C2418
S31508025CD0F3E700240D9FD7E90812002E46D006EBFB
S31508025CE0040B7B68A8EB04081B0A012B4ED0394823
S31508025CF083423DD0002B58D1099B3846CDE9014352
S31508025D000EAB0093CDE905892B46CDE903ABCDE968
S31508025D100A121BF085FEDDE90A1210F1860F034608
S31508025D200DD1099B3846CDE901430EAB0093CDE967
S31508025D3005892B46CDE903AB20F0B1FA03460D9847
S31508025D40099320F0BBFD099B0546BBBBB8BB24B132
S31508025D50224630460EA921F0B8F9D9F800301C447B
S31508025D602846C9F8004013B0BDE8F08FB346B8E735
S31508025D70099B3846CDE901430EAB0093CDE9058967
S31508025D802B46CDE903AB1BF04BFED7E7099B3846FA
S31508025D90CDE901430EAB0093CDE905892B46CDE942
S31508025DA003AB1BF02EFEC9E726466FF08603C6E74D
S31508025DB02646C4E700266FF08903C0E71D4600247D
S31508025DC0CEE700BF0010C00400FF400400018004B3
S31508025DD00013C00402008000002307B51A4600918A
S31508025DE0024920F00AF903B05DF804FB90F30408AF
S31508025DF010B5114C2378580744BF03F0FB032370F0
S31508025E00990705D500F0D6FC237823F00203237000
S31508025E1063781BB10023094A636053600023082193
S31508025E2006486370FFF73CF92378DA0744BF23F084
S31508025E300103237010BD00BFA84D0020AC4D002001
S31508025E4038B51A4D6A782B78022A01D1072B1DD04C
S31508025E50DC070BD41BF01AF9044610B91BF01FF91C
S31508025E6004462B7843F001032B70E4B9980707D44C
S31508025E7000F098FC2B78044643F002032B7090B985
S31508025E806A780AB9D90704D45A0708D500242046DD
S31508025E9038BD07496A604A6002226A70F4E743F02D
S31508025EA004032B70F2E7FFF7A3FFF0E7A84D0020E3
S31508025EB0AC4D002000F0FE42B2F1A06F08BF20F4FC
S31508025EC07E1000F0FC4210B5B2F1806F029C08D138
S31508025ED00D4A90420AD00D4A90420FD06FF08500C3
S31508025EE00BE00B4A9042F9D1012200E00222B1F5F9
S31508025EF0105F1A70F2D11CB9002010BD0822F6E70D
S31508025F0002232370F8E700BF004040040001400561
S31508025F100002C0032DE9F84F0D461C46074600F15C
S31508025F200808404691460E889DF928B01EF045F8A5
S31508025F30B5F802A031460023524620463C6020F0BE
S31508025F4045F90146002864D04046FCF7D1FF0546CC
S31508025F50002840D15B46524649464046FCF7E8FFD0
S31508025F600546C0BB2D4B9C420AD003F580739C4262
S31508025F7036D004F0FF43B3F1906F07D101230BE04B
S31508025F8004214046FDF7FCF9002840D106F4E04317
S31508025F90B3F5005F26D000237B7106F4E043B3F520
S31508025FA0005F25D116F4E06F22D01D4A24F48073CF
S31508025FB093420AD002F50072944206D0194A9442D4
S31508025FC003D0A2F53F42934212D10124C6F3022618
S31508025FD0B440E4B23C712846BDE8F84F1FF0EBB96D
S31508025FE00146CEE70123C6F302229340DBB2D3E78A
S31508025FF042F204039E4202D10B4B9C4205D00B4B44
S315080260009C420CBF0D240024E4E70C24E2E7054673
S31508026010E1E76FF08500BDE8F88F00BF0040400455
S315080260200010C00400FF4004000180040013C004ED
S31508026030F0B51D46C36A0E46174685B02BB10368EE
S31508026040114A23F48063934217D02A4669460830D8
S31508026050FDF712F91FF0AFF9044638B92A682AB1D2
S31508026060BA420DD86946304621F02FF86846102103
S31508026070FFF716F8204605B0F0BD6FF08604F5E77F
S315080260806FF08904F2E700BF004040042DE9F743A8
S3150802609000F4E040B0F5804F0D4616461F46DDF87F
S315080260A028902CD101F1680840461EF0E6FA88B914
S315080260B04B46002241462846CDE90067FDF7D6FC45
S315080260C01FF079F90446B0B13A460021304620F06D
S315080260D0B1FF10E0002301930D4B4146009305F1F1
S315080260E0600205F11C0328461EF033FB1FF063F914
S315080260F004460028DCD0204603B0BDE8F0834946B2
S315080261002846FEF73BF803B0BDE8F0431FF053B943
S31508026110E36B0408F0B51D460388174603F44F429D
S31508026120B2F5824F18BF00230E46A1B04188D8B2F5
S3150802613020F045FD0446F8B168461EF022FA2146CB
S315080261406846FEF741F8044670B903460C4A6846A3
S3150802615018A9FDF7CBFF044630B93B463246294615
S315080261606846FEF70BF8044668461EF04CFA2046C7
S315080261701FF021F921B0F0BD6FF08500FAE700BFE4
S31508026180E36B04082DE9F04F1C4600238DB00793F4
S3150802619007AB00931346DDE9169A0A46418800883A
S315080261A0DDF8608020F0B7F9834600285ED1079EA5
S315080261B008A8F56B1CF015FD0AA81CF012FD073598
S315080261C0199BED08B3EB450F4FEA45075ED314F466
S315080261D080722F4906F160034ED02E4824F4875266
S315080261E022F01F0282420CD02B4A24F47F7020F040
S315080261F00300904205D024F0FF0002F5A062904207
S3150802620038D114F0FF0001D040F000700022C0B26D
S31508026210CDE90312CDE901A0CDF8009030460AAACD
S3150802622008A91DF041FF044668B92A46414608A84E
S315080262301CF0E9FD044630B92A4608EB05010AA80E
S315080262401CF0E1FD044608A81CF0D0FC0AA81CF0C4
S31508026250CDFC0CB91A9B1F6030461EF0D4F93046A5
S3150802626023F0D6FE20461FF0A6F8834658460DB000
S31508026270BDE8F08F5846C9E7CDE902123046CDE9A6
S31508026280009A0AAA08A91DF0FDFECCE7034CDAE734
S31508026290E36B0408000300060004000600B1FFFFD2
S315080262A037B500F16805044628461EF0E6F958B1E6
S315080262B000230193074B29460093204604F11C0349
S315080262C004F160021EF045FA03B0BDE830401FF043
S315080262D072B800BFE36B0408036810B504462BB115
S315080262E0054A934205D104301AF017FE00202060B1
S315080262F010BD6FF08800FBE709000002F8B50768D1
S3150802630005460C4607BB124B994213D1061D304669
S315080263101AF001FE30463946F8F754FD064628B902
S315080263202C603046BDE8F8401FF045B82846FFF70E
S31508026330D3FFF6E701F0FE44B4F1007F14BF6FF015
S3150802634086006FF08500F8BD6FF08800FBE700BF96
S315080263500900000210B5074B04689C4206D10430B6
S315080263601AF0DDFDBDE810401FF025B86FF0880071
S3150802637010BD00BF090000022DE9F0411F4604784E
S31508026380064644F0007404F17E44033C102C98BF80
S31508026390104B884615468CBF00241C5D3A601AB11C
S315080263A02121404620F046FEAC420DD832680A4BFF
S315080263B09A420CD14146301D1AF0B8FD1EF0FBFF79
S315080263C000B93C60BDE8F0816FF08900FAE76FF02A
S315080263D08800F7E794F30408090000022DE9F0475C
S315080263E016460268354B0D4622F47E1199428046BE
S315080263F08AB016D102A90430F8F7CCFC044620B9B3
S315080264003246284602A920F060FE102102A8FEF7AD
S3150802641047FE20461EF0CFFF044620460AB0BDE8D6
S31508026420F087274B1340B3F1607F43D10022D0F89F
S3150802643004A001925FFA8AF343F0007303F17E43E4
S31508026440033B102B98BF1F4A00F1080794BF12F8A6
S31508026450039091463846202201AB02A91FF0BFFBE2
S3150802646004460028D9D1514638461FF06DFB04462A
S31508026470D8B94A46384608F1E8011FF093FB0446A4
S3150802648098B93846019A02A91FF08CFB044660B9EE
S315080264902022384601AB02A91FF0A1FB044620B907
S315080264A03246284602A920F010FE019902A8FEF7F4
S315080264B0F7FDB2E76FF08804AFE700BF0002C0033A
S315080264C00000C07FA5F30408026838B504464AB13D
S315080264D0104B22F47E11994206D10430FCF7D8FCFF
S315080264E000232360002014E00B4B1340B3F1607FB6
S315080264F008D14021E830FEF7D3FD04F108001FF069
S31508026500F1FAEDE74FF49472002120F093FD6FF053
S31508026510880038BD0002C0030000C07F2DE9F0479D
S31508026520076894B01546044688461A461C9E002FEC
S3150802653040F0C580634B26F47E199945066013D14F
S31508026540061D30461DF039FDB8F800103B46484690
S31508026550B8F802201FF03AFE014618BB6FF085050F
S315080265602046FFF7B1FF0BE0574B3340B3F1607F8C
S315080265700AD04FF49472394620F05CFD6FF0850517
S31508026580284614B0BDE8F087F6B246F0007606F162
S315080265907E43033B102B039214D94660002A4AD144
S315080265A0904652E03046FCF7A3FC28B92946304605
S315080265B0B8F80220F8F792FB1EF0FDFE0546002DFC
S315080265C0DED0CDE7102B1BD8DFE803F02020201AF7
S315080265D01A2020091816141A1A12100E0C003B4B10
S315080265E06360BBE73A4BFBE73A4BF9E73A4BF7E707
S315080265F03A4BF5E73A4BF3E73A4BF1E73A4BEFE713
S315080266003A494660CB5C002BC8D0A7E7402A4660C9
S3150802661014D94FF0400803AB01934023294600934F
S31508026620304604AB1FF0DDFA054670B1402104A8D6
S31508026630FEF736FDC3E74FF00008ECE71AB1294624
S3150802664004A820F042FD4FF040080DF110094B4610
S31508026650039DAF4225D1A8EB050A3621524609EB1E
S31508026660050020F0E7FC05F1E70104F1E703214400
S3150802667099421DD104F1E80052465C21284404F1EE
S31508026680080720F0D7FC314638461FF05DFA054662
S315080266900028CBD14246384604A91FF083FA05469C
S315080266A0C4E71A78013782F0360203F8012BD0E7DD
S315080266B019F8012B82F06A0203F8012FD8E76FF066
S315080266C088055DE70002C0030000C07F0A000002D9
S315080266D0130000021200000211000002100000025C
S315080266E00D0000020C0000020B000002B6F30408BB
S315080266F038B50468ACB10C4B24F47E159D4206D11C
S315080267000430F8F735FBBDE838401EF054BE074B97
S315080267102340B3F1607F04D1BDE8384008301FF04A
S3150802672041BA6FF0880038BD0002C0030000C07F7E
S3150802673000F14043142B70B505460E460CD82822A4
S31508026740174C02FB0344237E022B02D16369834260
S315080267501ED06FF08B0021E0012120F089F870B17C
S315080267600F4B00221C46197E022902D15969A942F9
S315080267700BD00132152A03F12803F4D1E9E76FF0A9
S3150802678087000BE06FF0960008E0282303FB02441B
S31508026790204620F060F80028F4D1346070BD00BFAE
S315080267A0B44D00200122024B002083F8482370478B
S315080267B0B44D00202DE9F0410A4C002526464FF03B
S315080267C0010803272046C4F81C80277601351EF0E7
S315080267D0A1FF152D04F12804F4D1002386F84833C5
S315080267E0BDE8F081B44D0020F8B51E4D064695F871
S315080267F048330F4683B300242B462246197ED1B16D
S315080268003CB9022905D1D96919B91979002918BFDC
S315080268101C460132152A03F12803EFD114B96FF089
S315080268208C0006E0204620F016F820461EF072FF7D
S3150802683010B100240EE01C46237E83B90123237679
S315080268403EB1651BED1003F1CC335D4305F180457E
S31508026850356000203C60F8BD6FF08800E9E76FF00C
S315080268609600E6E7B44D0020F7B50026294B0E60E0
S3150802687093F8483307460D46002B48D0FFF758FFD2
S3150802688010F18C0F044627D129463046FFF7ACFF94
S31508026890044608BB01232E68CDE900006946304646
S315080268A07761736001AA20F08CF8044628B9DDE9FD
S315080268B0001230461EF0CCFE0446DDE9000120F047
S315080268C07EF828685CB11EF025FF14F18C0F08BF0C
S315080268D06FF0870400232B60204603B0F0BD83685F
S315080268E0D90444BF43F4806383609A0444BF43F4E3
S315080268F000638360037E012B04BF022303761FF025
S31508026900AAFF04460028E7D06FF09604E2E76FF084
S315080269108804E1E7B44D002030B40D4D2C681C60A4
S315080269206C685C6000249C605468DC6014881C8275
S3150802693054885C8294685C61D4689C61126930BC34
S31508026940DA6119620A46014603F1240020F0BDBB4A
S31508026950C7F304082DE9F843232904460F4691464E
S315080269609846089E04D86FF098052846BDE8F8832D
S315080269700822194920F035FB05460028F3D1A368F9
S31508026980002BF0D1216A243F8F42C8F80010EAD3BF
S31508026990B1F5005FE7D271B9C9F80000E368736020
S315080269A0238A3380638A73806369B360A369F36059
S315080269B0E3693361D9E701201BF01CFCC9F8000022
S315080269C030B1D8F8002004F1240120F07EFBE5E777
S315080269D06FF08C05C9E700BFC7F3040800F19903F5
S315080269E0142B1AD8DFE803F01717191919191917EA
S315080269F0191919191319191B150B0F0D1100094825
S31508026A007047094870470948704709487047094856
S31508026A107047094870470948704720F08FB80848F8
S31508026A20704700BF00C3FFFF80C6FFFF80C5FFFF98
S31508026A3000C1FFFF80C0FFFF80C1FFFF00C2FFFF4A
S31508026A4080C7FFFF08B50AF0C3FB054B186028B9D3
S31508026A505521044B044A054800F028FC08BD00BF2E
S31508026A60005100207FD1040815F4040889D10408CE
S31508026A70014B1868E2F73CB90051002010B50E4CDC
S31508026A8000F0FCF800F03EF900F094F901212068C4
S31508026A900AF0C4FB28B16521084B094A094800F0E7
S31508026AA005FC012120680BF007F818B16621064B90
S31508026AB0034AF3E710BD00BF005100208FD1040836
S31508026AC00CF4040889D10408C1D1040810B5054C90
S31508026AD020680AF0A8FE206809F0FAFBBDE8104013
S31508026AE000F0C2B90051002001490248F9F7D8BEA0
S31508026AF008E8040804510020064B1B681A7A022A81
S31508026B0001D81AB97047032A00D070471B68024A8F
S31508026B1013607047F46300202051002030B5204DE1
S31508026B20A3B00BAC0FCD0FC495E80F0084E80F0095
S31508026B300023CDE90233CDE90733CDE91F330493A8
S31508026B400993184B13AC1B6801AD01930FCD0FC403
S31508026B50154B06AD2360154B18AC1B6806930FCD73
S31508026B600FC4134B13A92360124B0BAA1D93802340
S31508026B701E9301238DF87D300F4B10482193104B3D
S31508026B80FAF758FB04469DF87F304FF4E130002BA4
S31508026B900CBF0321002118F0DCFD204623B030BDCE
S31508026BA02CF4040860E804083C00015B5CE804086D
S31508026BB04400015B3F60002008640020E051002089
S31508026BC02451002029B9074B186803684BB1FAF714
S31508026BD05DBF012905D1034B186803680BB11BF089
S31508026BE08FB970471C64002008B504490448FBF7AE
S31508026BF0C9F8BDE80840FFF791BF00BF246400202A
S31508026C000852002001481AF0E8BF00BFE0510020F0
S31508026C10014B5A6A18681047E051002008B5044823
S31508026C2018F0EAFDBDE80840024818F0E5BD00BFC5
S31508026C3064F404084CF4040810B5084690B00C46EF
S31508026C400AF090FC3F2301466A4620460AF08EFC6B
S31508026C5000F140030DEB03000023064900F8403C0F
S31508026C60684620F028FA18B96946034809F0F6FC7E
S31508026C7010B010BDFBD1040806D2040810B5194895
S31508026C8009F0ECFC184809F0E9FC142217491848DF
S31508026C9009F0E4FC0AF09EFA0F210AF0C9FB044641
S31508026CA0A8B90AF097FA11490AF0D7FB044670B94F
S31508026CB00AF090FA14210AF0EFFB044638B90AF0F2
S31508026CC089FA4FF000010AF0FCFD044648B1204655
S31508026CD00AF07CFA2146BDE810400246054809F04A
S31508026CE0BDBC10BD1DD204084CD2040820A1070061
S31508026CF090D20408BED20408014B1878704700BF28
S31508026D00C060002070B5A8B08022002108A820F033
S31508026D1091F901220023CDE90623214A21491C9231
S31508026D206A4608684968012303C26A4603CA1446C2
S31508026D308DF890308DF898308DF897308DF894301C
S31508026D40194BCDF85900CDF85D1003F1100625460A
S31508026D5018685968083303C5B3422C46F7D10FCAD7
S31508026D600EAC84E80F00012410488DF8924020F0FA
S31508026D70B9F90E49024612A820F0A7F98DF89340F0
S31508026D800AF028FA06A90AF06EF9044630B10AF0A2
S31508026D901DFA21460246064809F060FC28B070BD75
S31508026DA022220F000CD3040815D30408EF6400202E
S31508026DB0E3D2040810B586B01022002101A820F0FB
S31508026DC039F9EA23ADF814300AF004FA0023134A13
S31508026DD013490AF0C7FE044640B10AF0F7F92146FC
S31508026DE00246104809F03AFC06B010BD0AF0F2F95C
S31508026DF002230B4901AA0AF0D6FE04460028F3D05C
S31508026E000AF0E4F921460246074809F027FC0AF087
S31508026E10E1F903490AF0C2FEE6E700BF396C020847
S31508026E201052002026D3040854D3040810B5044689
S31508026E3018F0E7FC01280DD1074B9C4205D1074BF8
S31508026E401870BDE8104009F041BA054B9C42F8D1CA
S31508026E50044BF5E710BD00BF64F40408C1600020C6
S31508026E604CF40408C260002030B5264C8BB0237857
S31508026E7063B1254B254A1978254B2648002918BFA0
S31508026E801A46114609F0EAFB00232370224B1A78A8
S31508026E9042B100221A701C4A137883F00103137058
S31508026EA0012323701D4B1A78AAB100251D700AF01A
S31508026EB091F92946E6F79CFB044660B12946262243
S31508026EC0684620F0B7F8164804A90AF0F8F920B17E
S31508026ED020460AF043FB0BB030BD7B230B2220462B
S31508026EE01049ADF822300AF03FFB0028F0D10AF02B
S31508026EF071F96B4622460C490AF061FE0028EAD06F
S31508026F00E6E700BFBF600020C06000208ED30408F9
S31508026F1082D3040899D30408C1600020C260002005
S31508026F20C1D30408C9D304081052002053B94AB978
S31508026F30002908BF00281CBF4FF0FF314FF0FF3071
S31508026F4000F0B2B9ADF1080C6DE904CE00F006F80E
S31508026F50DDF804E0DDE9022304B070472DE9F04FBD
S31508026F608C46099E04460F46002B48D18A4215468E
S31508026F705ED9B2FA82F33BB1C3F120029F409D402B
S31508026F809C4020FA02F217434FEA154E1FFA85FC77
S31508026F90220CB7FBFEF10EFB117701FB0CF042EA5D
S31508026FA00742904207D9AA1801F1FF3702D2904246
S31508026FB000F258813946121AA4B2B2FBFEF00EFB51
S31508026FC0102200FB0CFC44EA0244A4450BD92C19F6
S31508026FD000F1FF322CBF01270027A44502D9002F52
S31508026FE000F04381104640EA0140A4EB0C0400215C
S31508026FF01EB1DC400023C6E90043BDE8F08F8B4290
S3150802700006D90EB1C6E9000100210846BDE8F08F8F
S31508027010B3FA83F1002951D16345C0F01681824241
S3150802702040F213810846002EE7D0C6E90047E4E796
S31508027030002A00F0AF80B2FA82F3002B40F0C28039
S315080270408A1A4FEA154EAFB20121200CB2FBFEFC9A
S315080270500EFB1C2240EA024207FB0CF090420ED9B4
S31508027060AA180CF1FF382CBF4FF001094FF000099E
S31508027070904203D9B9F1000F00F0F080C446121A03
S31508027080A4B2B2FBFEF00EFB102200FB07F744EA9D
S315080270900244A7420ED92C1900F1FF322CBF4FF039
S315080270A0010E4FF0000EA74203D9BEF1000F00F001
S315080270B0D2801046E41B40EA0C4099E7C1F120054C
S315080270C08B400CFA01F400FA01F922FA05F72CFAB8
S315080270D005FC8A401F4320FA05F3380C23431FFA9E
S315080270E087FE1C0CBCFBF0F800FB18CC44EA0C44E7
S315080270F008FB0EFCA4450ED93C1908F1FF3A2CBF31
S315080271004FF0010B4FF0000BA44503D9BBF1000F5A
S3150802711000F0B880D046A4EB0C041FFA83FCB4FB3B
S31508027120F0F300FB134403FB0EFE4CEA0444A645A7
S315080271300ED93C1903F1FF302CBF4FF0010C4FF06A
S31508027140000CA64503D9BCF1000F00F09F80034648
S3150802715043EA0840A4EB0E04A0FB02EC644573461E
S31508027160E04602D307D1F14505D2BEEB02036CEB2A
S31508027170070C0138E0465EB1B9EB030264EB08047A
S3150802718004FA05F522FA01F3CC401D43C6E9005478
S31508027190002132E742082F464B08AC4642EAC17242
S315080271A0AE46C407110C92B241EA034142EA0142D1
S315080271B0B1FBF5F1B3FBF5F01F23A2EB0C0241EA92
S315080271C0004142E79D40C3F1200299409C402CFAB7
S315080271D002FC4FEA154E20FA02F2AFB2BCFBFEF8E9
S315080271E00A430EFB18CC110C41EA0C4108FB07FCBA
S315080271F08C4550D9691808F1FF302CBF4FF00109A8
S315080272004FF000098C4502D9B9F1000F30D0A1EB35
S315080272100C01B1FBFEF808FB07FC0EFB181192B233
S3150802722042EA0142624534D2AA1808F1FF312CBF5C
S315080272304FF001094FF000096245BED2B9F1000FBD
S31508027240BBD1A8F102012A44B7E7841A6CEB030200
S3150802725001201746E7E62C4402382BE7ACF1020C6C
S315080272602A440CE702392A44A5E62C440238BAE62F
S31508027270A5EB0C0CA8F102006144B1FBFEF808FB71
S3150802728007FCCAE7A8F102083C4444E7023B3C442F
S315080272905EE7414691E7A1EB0C014046B1FBFEF8D9
S315080272A008FB07FCB9E700BF704700BF1FB51446C5
S315080272B01A46094B05461B68D8684CB1074B00911C
S315080272C00749CDE901342B4600F0D6F81FF012FF24
S315080272D0044B1C46F3E700BF38640020D5D30408E4
S315080272E0E2D30408A2CA040808B5064B044613B139
S315080272F00021AFF30080044B1B6803B19847204670
S3150802730018F05AFA0000000080530020024B03448A
S31508027310587800F0200070477CF40408024B0344B6
S31508027320587800F0970070477CF40408002310B5DB
S3150802733004468360818119464366C28108228361B5
S31508027340C0E90033C0E904335C301FF073FE0D4B0D
S31508027350246263620C4BA3620C4BE3620C4B2363FD
S315080273600C4B9C4206D003F16802944202D0D033F9
S315080273709C4205D104F15800BDE810401FF098BEA2
S3150802738010BD00BF836E0408A56E0408DD6E0408EE
S31508027390036F040848520020024A034903481FF0B3
S315080273A052BD00BF2C640020F97204083C64002018
S315080273B041680C4B994210B5044601D01FF09CFF58
S315080273C0A168094B994202D020461FF095FFE16851
S315080273D0064B994204D02046BDE810401FF08CBFE8
S315080273E010BD00BF48520020B0520020185300209A
S315080273F00C4B04210C4A0D4810B51A600022FFF7FF
S3150802740095FF0A4B012209211C4603F16800FFF782
S315080274108DFF022204F1D0001221BDE81040FFF7C9
S3150802742085BF00BF80530020997302084852002086
S3150802743001481FF03EBE00BFC360002001481FF08E
S3150802744039BE00BFC360002010B50446FFF7F0FF3F
S31508027450236A1BB1BDE81040FFF7F0BF044B236255
S31508027460044B1B68002BF5D1FFF7C2FFF2E700BFFA
S31508027470B1730208805300200EB403B503AB01466C
S31508027480054853F8042B0068019300F005FA02B088
S315080274905DF804EB03B07047386400200CB4194B4E
S315080274A030B50C1E9DB01D6808DA8B234FF0FF30ED
S315080274B02B601DB0BDE8304002B070474FF402732E
S315080274C00290069002A9ADF814304FF00003209AF4
S315080274D028461B9314BF04F1FF33234604930793EC
S315080274E04FF6FF73ADF8163021AB019300F0D8F8CA
S315080274F0431CBCBF8B232B60002CDAD0029B0022D4
S315080275001A70D6E73864002007B5009313460A4670
S315080275100146034800681FF0F8FC03B05DF804FB57
S315080275203864002038B5284B05460C46186818B149
S31508027530036A0BB9FFF788FFB4F90C301A0721D48E
S31508027540D80607D409222A6043F040034FF0FF30D9
S31508027550A38130E0590712D5616B41B104F14403A6
S31508027560994202D028461BF038F8002363630022AA
S31508027570B4F90C30626023F024032269226043F0D6
S315080275800803A38122693AB99A0501D5180603D5D3
S31508027590214628461FF0FCFEB4F90C3013F001020E
S315080275A00AD00022A26062695242A261226942B9E5
S315080275B013F08000C8D138BD990758BF6269A26026
S315080275C0F4E70020F7E700BF3864002038B5002347
S315080275D0054D044608462B6018F0EBF8431C02D109
S315080275E02B6803B1236038BD8453002038B504469E
S315080275F0064D0846114600222A601A4618F0E6F891
S31508027600431C02D12B6803B1236038BD8453002082
S3150802761038B50446064D0846114600222A601A461F
S3150802762018F0D6F8431C02D12B6803B1236038BD83
S315080276308453002038B50446064D084611460022F2
S315080276402A601A4618F0C6F8431C02D12B6803B101
S31508027650236038BD8453002070B50D4B00260D4DAE
S315080276605B1B9C10A64209D10B4D22F0B9FD0B4BB0
S3150802767000265B1B9C10A64205D170BD55F8043B3B
S3150802768001369847EEE755F8043B01369847F2E784
S315080276900865002004650020086500200C650020A6
S315080276A02DE9F04F98468B899DB007461B060D4675
S315080276B0144610D50B6973B940211AF08BFF28605E
S315080276C0286130B90C233B604FF0FF301DB0BDE88E
S315080276D0F08F40236B610023CDF80C804FF001092F
S315080276E0DFF8A081099320238DF8293030238DF8FD
S315080276F02A3023469A4613F8012B0AB1252AF9D1CC
S31508027700BAEB040B0BD05B462246294638461FF0D5
S31508027710F8FC013000F0A780099A5A4409929AF8AF
S315080277200030002B00F09F8000234FF0FF320AF151
S31508027730010A049307938DF853301A93CDE905236A
S31508027740544605224F4814F8011B1FF084FE049A7A
S31508027750D8B9D00644BF20238DF85330110744BF49
S315080277602B238DF853309AF800302A2B15D0079A16
S31508027770544600204FF00A0C214611F8013B303BD3
S31508027780092B4BD9B0B1079214E0A0EB0803A24625
S3150802779009FA03F313430493D2E7039B191D1B68E3
S315080277A0002B0391BBBF5B4242F002020793079389
S315080277B0B8BF049223782E2B0AD163782A2B32D1AA
S315080277C0039B02341A1D1B6843EAE373039205936B
S315080277D0DFF8C0A00322217850461FF03CFE38B1DC
S315080277E0A0EB0A004022049B01348240134304930F
S315080277F014F8011B062224488DF828101FF02BFEC8
S31508027800002836D0214B1BBB039B073323F0070303
S3150802781008330393099B334409936AE70CFB023244
S315080278200C460120A8E7002301344FF00A0C19463A
S315080278300593204610F8012B303A092A03D9002B62
S31508027840C6D00591C4E70CFB012104460123F0E7E3
S3150802785003AB2A4604A9384600930D4BAFF30080C2
S31508027860421C0646D6D1AB895B063FF52DAF099871
S315080278702CE703AB2A4604A938460093044B00F0CA
S3150802788023F9EDE711D404081BD40408000000000C
S315080278900371040817D404082DE9F04F0D469DB06C
S315080278A014469846064618B1036A0BB9FFF7CCFD8B
S315080278B06B6ED90705D4AB899A0502D4A86D1FF059
S315080278C0F8FBAB891B0701D52B699BB929463046BC
S315080278D0FFF728FE70B16B6EDC0704D54FF0FF3058
S315080278E01DB0BDE8F08FAB899805F7D4A86D1FF0D7
S315080278F0E1FBF3E70023CDF80C804FF00109DFF82E
S31508027900B481099320238DF8293030238DF82A3043
S3150802791023469A4613F8012B0AB1252AF9D1BAEB5E
S31508027920040B0BD05B462246294630461FF060FC04
S31508027930013000F0A780099A5A4409929AF8003051
S31508027940002B00F09F8000234FF0FF320AF1010A54
S31508027950049307938DF853301A93CDE905235446B9
S315080279600522544814F8011B1FF075FD049AD8B96C
S31508027970D10644BF20238DF85330130744BF2B2367
S315080279808DF853309AF800302A2B15D0079A5446A8
S3150802799000204FF00A0C214611F8013B303B092B17
S315080279A04BD9B0B1079214E0A0EB0803A24609FA34
S315080279B003F313430493D2E7039B191D1B68002B99
S315080279C00391BBBF5B4242F0020207930793B8BF1B
S315080279D0049223782E2B0AD163782A2B32D1039B61
S315080279E002341A1D1B6843EAE37303920593DFF810
S315080279F0D4A00322217850461FF02DFD38B1A0EB02
S31508027A000A004022049B013482401343049314F86B
S31508027A10011B062228488DF828101FF01CFD002895
S31508027A203FD0264B1BBB039B073323F007030833C0
S31508027A300393099B3B4409936AE70CFB02320C4603
S31508027A400120A8E7002301344FF00A0C19460593D2
S31508027A50204610F8012B303A092A03D9002BC6D042
S31508027A600591C4E70CFB012104460123F0E703ABA9
S31508027A702A4604A930460093114BAFF30080074605
S31508027A80781CD6D16B6ED90705D4AB899A0502D470
S31508027A90A86D1FF00FFBAB895B063FF51FAF099870
S31508027AA01EE703AB2A4604A930460093044B00F0AE
S31508027AB00BF8E4E711D404081BD4040800000000FC
S31508027AC0F171040817D404082DE9FF470F7E914681
S31508027AD080460C46782F9A460C9E01F1430207D837
S31508027AE0622F0AD8002F00F0D280582F00F0B780F4
S31508027AF004F1420684F842703AE0A7F16303152BB3
S31508027B00F6D801A151F823F0617B0208757B0208B9
S31508027B10F17A0208F17A0208F17A0208F17A020881
S31508027B20757B0208F17A0208F17A0208F17A0208EC
S31508027B30F17A0208757C02089F7B02082B7C0208F0
S31508027B40F17A0208F17A0208977C0208F17A0208A9
S31508027B509F7B0208F17A0208F17A0208337C02084E
S31508027B6033681A1D1B68326004F1420684F84230F3
S31508027B7001239DE033682068191D3160060601D588
S31508027B801D6803E04506FBD5B3F90050002D03DA5C
S31508027B902D236D4284F8433059480A2310E02168A0
S31508027BA03368080653F8045B02D4490648BFADB2E7
S31508027BB06F2F5348336059D10823002184F84310A4
S31508027BC06668002EA66005DB21682E4321F00401B3
S31508027BD021604DD01646B5FBF3F103FB1157C75D7D
S31508027BE006F8017D2F460D46BB42F4D9082B0BD168
S31508027BF02368DF0708D5236961689942DEBF302307
S31508027C0006F8013C06F1FF36921B22614B4603AA8F
S31508027C1021464046CDF800A01FF0FCFA01304CD1AF
S31508027C204FF0FF3004B0BDE8F087236843F0200325
S31508027C30236078273348236884F845701F0631681D
S31508027C4051F8045B02D45F0648BFADB23160D9076A
S31508027C5044BF43F0200323601DB11023ADE7284833
S31508027C60E9E7236823F020032360F6E70A23A4E75B
S31508027C701646BBE733682568181D616930602E060B
S31508027C801B6801D5196002E06806FBD51980002336
S31508027C9016462361BAE7336800211A1D32601E6848
S31508027CA0626830461FF0D7FB08B1801B60606368C4
S31508027CB02361002384F84330A8E7236932464946FC
S31508027CC04046D0470130ABD023689B0713D4E068FF
S31508027CD0039B9842B8BF1846A4E701233246494691
S31508027CE04046D04701309BD00135E36803995B1AB9
S31508027CF0AB42F2DCEBE7002504F11906F5E700BF13
S31508027D0022D4040833D40408B1F90C202DE9F04131
S31508027D10160705460C4651D44B68002B02DC0B6C41
S31508027D20002B49DDE66A002E46D0002312F4805263
S31508027D302F682B6031D0626DA389590705D5636810
S31508027D40D21A636B0BB1236CD21A0023E66A216A34
S31508027D502846B047421CB4F90C3006D129681D29B9
S31508027D6045D8284ACA40D60741D50022D9046260B6
S31508027D702269226004D5421C01D12B6803B96065C9
S31508027D80616B2F60C1B104F14403994202D02846BF
S31508027D901AF023FC002363630EE00123216A2846B6
S31508027DA0B0470246501CC7D12B68002BC4D01D2BE6
S31508027DB001D0162B19D12F6000201DE00F69002F64
S31508027DC0FAD093070E680F600CBF4B690023A6EB27
S31508027DD007088B60B8F1000FEEDD43463A46216A82
S31508027DE02846A66AB047002808DCB4F90C3043F0E6
S31508027DF040034FF0FF30A381BDE8F0810744A8EBAA
S31508027E000008E7E701004020024B014618681FF008
S31508027E10F8BA00BF3864002038B50023064D044678
S31508027E20084611462B6017F0C8FC431C02D12B6882
S31508027E3003B1236038BD00BF8453002038B5002340
S31508027E40054D044608462B6017F0BBFC431C02D1BD
S31508027E502B6803B1236038BD8453002038B500234C
S31508027E60064D0446084611462B6017F0ACFC431C27
S31508027E7002D12B6803B1236038BD00BF84530020AA
S31508027E8001481FF044BB00BF690345EC1046044A8B
S31508027E901368591E033102D800211160184770472A
S31508027EA088640020034B1868034B002808BF18464D
S31508027EB0704700BF88530020A8F5040801481FF040
S31508027EC0DABC00BF9053002013B50B4C022922607E
S31508027ED005D10A481FF0CFFC002002B010BD0A46A1
S31508027EE000930146064B05481FF0A6FC003818BF4A
S31508027EF001204000F1E700BF88640020905300206B
S31508027F008D7E020801481FF0C7BC00BF90530020AF
S31508027F10002101481FF0E2BC9053002008B5064B29
S31508027F201B68013305D0FFF7EDFF80F00100C0B2F0
S31508027F3008BD0020FCE700BF886400202DE9F8434D
S31508027F40DFF860900646D9F8008008461746B8F169
S31508027F50000F03D00E242046BDE8F88306B3336823
S31508027F6001331DD1E1B100F075F805460028F1D0BC
S31508027F70C9F8000000F0DAF828461FF0CFFA0446DE
S31508027F8040B14046C9F8008000F0D0F828461FF0F4
S31508027F90C0FAE0E73560002FDDD02846B847DAE7B1
S31508027FA02124D8E78C530020024B1868003818BFE2
S31508027FB0012070478C53002038B50C4601F01EFE8E
S31508027FC0A3780B4A13705A1E55425541A8420CD043
S31508027FD0012B04D02846BDE8384001F0F1BD204601
S31508027FE001F0C0FD0028F5D038BD0020FCE700BF2F
S31508027FF0C4600020002108B5024B08465B68984712
S31508028000002008BDA464002010B5FFF74BFF0D4BF6
S315080280100C461A1A534253418B4201D1002010BD15
S31508028020094B1B683BB9094A064B002C08BF134685
S31508028030074A1360F2E71FF057FD0028F3D0022023
S31508028040EDE700BF80F504088C530020A8F5040864
S3150802805088530020F8B5044621F077FD0026074626
S315080280600E4B1B6893B19E68AEB196F82420D207D0
S3150802807011D435460FCC0FC50FCC0FC523682B601C
S3150802808096F8243043F0010386F82430384621F066
S3150802809057FD3046F8BD1B68E4E700BF9864002028
S315080280A0431E033306D8044B984228BF1846642851
S315080280B038BF6420704700BF40420F0038B5184BDE
S315080280C005461B680C4603B1984744B1236833B189
S315080280D01B68013303D0E3680BB1A36843B91FF0E9
S315080280E0AAFF00209122412100F0CEFA212038BDB4
S315080280F0204603F015F900230A4A85F84831C5E9EE
S315080281003A4313605360636943B1074A42211068D0
S31508028110B322C31A5842584100F0B6FA0020E6E7DD
S31508028120E45500208C6400201456002010B504463D
S3150802813018B9054B054A136010BD00F0C7FDD4F8FF
S31508028140F430002BF6D1F4E7D77504089C640020B6
S31508028150084B10B4002A14BF14461C46064B1C6072
S3150802816019B15DF8044B1FF043BA08465DF8044B93
S31508028170704700BFD77504089C64002008B50246FC
S315080281800868FFF78DFF08604868FFF789FF4860AF
S315080281908868FFF785FF8860C868FFF781FF0B6963
S315080281A0C860581C03D00B48834228BF03460B619C
S315080281B04B69581C03D00748834228BF034688697F
S315080281C04B61FFF76DFFBDE808408861104601F074
S315080281D04BBC00BF40420F00D0F8EC302DE9F0410D
S315080281E005460C4613B1038E8B424ED0D5F8E830BD
S315080281F0002B4DD09E68002E4AD0D868002847D05A
S31508028200013800B200281DDB002107E0128A0CF1B2
S315080282100101A24219D209B2884213DB0B1803EBF9
S31508028220D3735B1003EBC30206EB8202B2F80EE0CD
S315080282301FFA83FCA6450CF1FF3EE7D90FFA8EF02A
S315080282408842EBDA2120BDE8F0814FF6FF729445A9
S31508028250F8D09BB203EBC30306EB83062846B6F9AE
S31508028260122095F83C11D5F8FC801AF06DFB0746EA
S31508028270B8F1000F04D00023324628461946C047F3
S315080282802C86C5F8EC6085F845710020BDE8F081BA
S315080282900E20BDE8F08100BF2DE9F04782B0044602
S315080282A00E46904601F0B0FC002877D15D4D2F6846
S315080282B0D4F8E8A0D4F8EC901FB1574500F09080A6
S315080282C00027AE6002F0B2F90128064604D0012161
S315080282D0002208461FF051F920461FF0BCFD00286F
S315080282E060D12B68DAF80010D9F800201BB118689B
S315080282F0884200F0818020461FF07EFDB7B1B8F1B2
S31508028300000F13D1204601F083FF0546D4F89830B2
S31508028310002B3CD1012E05D025B1434B0021032069
S315080283205B689847284602B0BDE8F0873F4BC5F818
S3150802833000A01A78C5F804908DF80780002A40D163
S31508028340D4F8FC50002D5FD0114620460DF10703E4
S31508028350A847204601F05CFF054617B1B8F1000FA1
S31508028360D4D0B5FA85F040F205423321400900F02F
S315080283708BF94146204602F05BF82D4B49461B68AD
S31508028380054620469847D4F89830002BC2D00022DA
S315080283904FF40073204600F0A9FCBBE70023214DE9
S315080283A06B6084E794F825309A079AD5D4F8A030FA
S315080283B05B0596D51F4B0122002120461B6898476C
S315080283C08FE7D4F8EC30B4F9481023B1B3F9123078
S315080283D09942A8BF19464246204601F065FEB8E70B
S315080283E06F68002F3FF46DAF4F457FF469AFAB68F6
S315080283F0B34215D0012764E7696819B10968914241
S315080284003FF47CAF596876E794F82A1094F8453118
S315080284104246994228BF1946204601F013FE98E7BC
S3150802842000257FE78C640020A4640020B8EE0408C7
S315080284309C640020E8550020F8B505460E4621F052
S3150802844084FB314607462846FFF7C6FE044620B196
S31508028450384621F075FB2046F8BD02F0C7F82246D9
S3150802846031462846FFF718FF04460028F0D1284669
S315080284701FF0F1FC0028EBD095F8253013F0020323
S315080284800DD0D5F8A0305B050DD5B5F83631B34217
S315080284900BD0B5F838319B1BB3FA83F35B09044A50
S315080284A082F8F430D4E72346F9E70123F7E700BF59
S315080284B0003E00B070B504460E4621F046FB314632
S315080284C005462046FFF7B8FF044620B9044B014685
S315080284D05B6803209847284621F032FB204670BD88
S315080284E0A464002070B5044600200D461FF0A7FDBF
S315080284F0094B1B784BB9D4F8FC6036B1294620469D
S31508028500B446BDE870401A46604729462046BDE88B
S3150802851070401FF060BC00BFB8EE040813B5694688
S3150802852004461FF0E4F80C4B1B783BB19DF800306B
S315080285300D2B03D0B4F94E0002B010BD20461FF031
S3150802854014FBFF28024605D020469DF80010FAF7CC
S3150802855039F8F1E70148EFE7B8EE04080080FFFFB3
S3150802856030B4064DBDF908402D781DB1029430BCD1
S315080285701FF034BC0E2030BC704700BFCD6000200F
S315080285802DE9FF4106460D4690460AB9D0F898806D
S31508028590414630461FF0BBF818F0010F02D03046AC
S315080285A005F03AF802F03CFB244B04460FCB6F4623
S315080285B08DE80F006DB1FF2C0DBF2B6804AB55F883
S315080285C0242000930BBF6B6803EB8403019343F8E3
S315080285D0102C18F4803F17D12246394630461FF030
S315080285E0C5FC70B96DB1FF2C0FBF009B04AB03EB42
S315080285F0840353F8103C05BF2B60019B45F82430D1
S315080286006B6004B0BDE8F081FF2C0BD1009B0133EF
S315080286100ED0019B01330BD022463946304602F072
S3150802862059FADEE704AB03EB840353F8103CF1E78F
S315080286302246394630461EF053FFD2E7DCF50408D7
S3150802864008B50B46024919401FF053F8002008BD29
S3150802865007001100024B1860024B1960FEE700BFC3
S31508028660A8550020A064002038B5044D044C054BDB
S31508028670286021601A60FFF7EDFF38BDA855002073
S31508028680A0640020AC55002010B550B90548064B29
S315080286900160064802601868054B18601868FFF7FB
S315080286A0E3FF10BDA06400208C530020AC550020C7
S315080286B0A8550020054B1B680BB91846704783421C
S315080286C001D01B69F8E70120704700BFB4550020A6
S315080286D018B10A4B1A680AB9104670471A688242D4
S315080286E007D1026901201A60054A1368013B136023
S315080286F0704702F110031269EDE700BFB455002076
S31508028700B05500202DE9F74F064621F031FADFF879
S315080287102081012398F800B0DFF818910190BBF187
S31508028720000F06D089F8003003B0BDE8F04F21F0FB
S315080287301ABA3D4F88F8003089F800B01FF002F9DE
S3150802874008B11FF0FDF83D6838495DB9DFF8E8A0C1
S31508028750DAF800200024AA423B682ED84FF0FF31EF
S31508028760324838E06B7D8BB12B68B34202D09A1B34
S315080287708A420BD96A6813442B60AB68003A18BF61
S315080287800122003B18BF01236A75AB752D69DCE728
S31508028790907D20B1107D88429CBF0146144612691D
S315080287A0002AF5D1002CD9D094E80B00A275411AFB
S315080287B0E268204698470135CAE71A46FF21EFE7DD
S315080287C05A7D3AB11A68B24228D0921B824225D8FB
S315080287D0914226D21B69002BF2D15CB12046FFF7E3
S315080287E077FF38B13B683C602361DAF80030013321
S315080287F0CAF800303B685C7D1CB1186800F0DEF8E8
S3150802880004461FF09BF80646002C95D199F80030CD
S31508028810002B91D1019888F8004085E71C46002173
S31508028820D8E711461C46D5E7B4550020FCFFFFBF22
S31508028830C6600020C5600020B055002038B5054640
S3150802884010B3182200211EF0F5FB21F091F9024619
S315080288502846FFF72FFF20B1104621F084F902209F
S3150802886038BD0A4B1C6854B909491D600B68104685
S3150802887001332C610B6021F076F92046F0E719687E
S315080288800C6901F11003EEE72120E9E7B45500204F
S31508028890B055002038B50446FFF70CFF21F068F9F9
S315080288A005462046FFF706FF637D23B9284621F0D1
S315080288B05AF90E2038BD00236375064B1B68A3427E
S315080288C003D11FF03BF8FFF71DFF284621F04BF9AD
S315080288D00020EFE7B45500202DE9F84FDDF828907F
S315080288E0984604460D469246FFF7E4FEDDF830B098
S315080288F021F03EF907461FF021F806462046FFF703
S31508028900D9FE637D23B12046FFF7C4FF0023A37572
S31508028910BAF1010F21D175B9B8F1000F1FD1B9F11A
S31508028920000F03D05A4631462046C847384621F03A
S315080289301AF9002017E035440C4BAA1B9A420ED8A6
S31508028940012363759DF82C30304684E8200323758D
S31508028950C4F80CB0FFF7D6FEE8E7AE42ECD13846CB
S3150802896021F001F92120BDE8F88F00BFFCFFFFBF07
S315080289702DE9F04107468846FFF79CFE21F0F8F8F4
S315080289803D6806461EF0DAFF7B7D7BB185420DD037
S31508028990094B2C1A9C4209D8304621F0E4F8B8F162
S315080289A0010F08BF25462846BDE8F081304621F06A
S315080289B0DAF80025F7E700BFFCFFFFBF0023024AEB
S315080289C0194600F08DBA00BF077904082DE9F0416F
S315080289D08AB001AB0C4605462422184613491EF0F6
S315080289E074FB0027002C08BF0446384604F10C061F
S315080289F090B95FFA87F84246284621881FF02EFA70
S31508028A0050B942462846E1881FF039FA20B942464B
S31508028A10314628461FF046FA0137032F06F10806A3
S31508028A2004F10204E4D10AB0BDE8F08110F60408A4
S31508028A30F0B589B005460E4601F0AEFE044600BB07
S31508028A4001AC06F10C070FCF0FC497E8070084E8BC
S31508028A50070001A92846FFF791FB2846311D1EF09B
S31508028A6068FE044648B92846074900F03FFF04460F
S31508028A7018B9284601F05AFE044628463168FFF717
S31508028A80A5FF204609B0F0BD08F60408024B0022ED
S31508028A9019681EF05BBF00BFB4EE040838B5094B6F
S31508028AA05A68094B9A420AD121F04FF8054606F050
S31508028AB0D9FC0446284621F043F8204638BD00244E
S31508028AC0FBE700BFA46400201B7A0408024BD8689F
S31508028AD0C0F30360704700BF000002B810B5054C2A
S31508028AE0237823B104F0F4F80020207010BD0E207C
S31508028AF0FCE700BFC960002008B504F0B7F80122F8
S31508028B00014B00201A7008BDC96000202DE9FF47F5
S31508028B108F7880460F2F0C4603D9212004B0BDE872
S31508028B20F08727B90122464B1A700020F6E70E781D
S31508028B304D78002E3DD1002DEFD1AE42E088B246E7
S31508028B4038BFAA4603F08EFAC30943EA4163C01A3C
S31508028B5061EBD11103F0B8FAFF288146DDD0A0886F
S31508028B6003F026FB374B354301461A884FF60400B5
S31508028B70002D5DD1824208D13348006E80B2904200
S31508028B800ABF4FF6050218801A80B1F5803F2E4BB0
S31508028B9014D902224FF0080A1A6680225646490854
S31508028BA0C3F880204FF6FF730139994228BF194648
S31508028BB00EE0082EB1D8082DAFD8BEE701224FF035
S31508028BC0080A1A6680225646C3F880200029E9D187
S31508028BD0002302930123013FFFB200933246534614
S31508028BE0019708F5827003F067F91DB94FF48012F0
S31508028BF0164B5A6594F90310484603F081FA022186
S31508028C00134BA2681A600E4B197098F82E30013B66
S31508028C108B428AD8032301200E4AC2F850320E4BE1
S31508028C20C3F85002C2F864120422C3F864227CE72D
S31508028C3082421EBFDFF810C0CCF860201880C5E754
S31508028C40C7600020E064002000C001B800D001B867
S31508028C50C4550020006001B8005001B8F8B50446B2
S31508028C600F46164620F071FF0546A047044620B176
S31508028C70284620F065FF2046F8BD06F0A3F8042230
S31508028C800549D1F8083F23EA07033343C1F8083FE9
S31508028C90024B5A64ECE700BF003000B0002002B86D
S31508028CA000F01803182B0BD003070BD410F0100F83
S31508028CB040F2011308BF0023034AC2F894307047F2
S31508028CC00023F9E70123F7E7003F00B038B103684C
S31508028CD0044A002B08BF1346034A13607047014B28
S31508028CE0FAE700BF237A0408B864002010B4D0E972
S31508028CF0584122400B4052EA030104D003495DF869
S31508028D00044B096808475DF8044B7047B8640020AD
S31508028D100F2938B505460C4610D801F087FC0128FC
S31508028D200ED1084A2846D2F8803023F00F0323438F
S31508028D30C2F880301FF00FF9002038BD2120FCE769
S31508028D400220FAE7003F00B008B50E4B5A6C12F043
S31508028D50A00F13D19B6C5B0712D40B4BD3F8083FB9
S31508028D6023F07F4323F0FF0353B1FFF7AFFE6FF4FF
S31508028D70905343FA00F000F0010008BD0020FCE71A
S31508028D800120FAE7000002B8003000B0074A084B93
S31508028D9030B10221C2F864120422C3F86422704771
S31508028DA00421C2F864120222F7E700BF006001B884
S31508028DB0005001B870B50D46064620B91A4B1B6815
S31508028DC0EBB10E201AE001F031FC012827D1174B2E
S31508028DD0D6F8F00093F900401EF0C8FF0022C4F14D
S31508028DE01C04241A641BC4F12B03002BB8BF5B4274
S31508028DF0232B16DC3AB10D4B1D70002070BD0122E3
S31508028E00C1F11C04EFE786F8285020F09EFE0546BD
S31508028E1060B201F04FF8284620F092FEEDE70220F4
S31508028E20ECE72120EAE700BF8C530020C860002047
S31508028E3010B501F099FB04F0C5FB20F086FE0A4A3C
S31508028E400121D2F8D83E044623F02003C2F8D83EC0
S31508028E500222064B08469A60054B5B6898472046ED
S31508028E6020F06EFE002010BD003000B0001002B8DF
S31508028E70A464002008B51EF0D5FD8022024BC3F873
S31508028E809000024B1A6108BD003F00B0000002B80C
S31508028E90014B1868704700BFD055002037B520F03F
S31508028EA054FE012300220024009300230546194696
S31508028EB01046019405F088FD052002F0C3FE064B14
S31508028EC021461C60054B02205B689847284620F01D
S31508028ED037FE204603B030BDD8550020A4640020D2
S31508028EE02DE9FF4102290C4615469846039005D1FD
S31508028EF0FFF7D4FF002004B0BDE8F08120F025FE7C
S31508028F001E4E0746336853B1AB4208D00024384692
S31508028F1020F016FE002CEDD121203460EBE7184B29
S31508028F200022C3F800803560002301254FF00008AF
S31508028F30104619460195009505F046FD114B052088
S31508028F4083F8008002F07EFE22464346052003A9E6
S31508028F5002F096FE0C4B039A04461A600028D5D0F6
S31508028F60DFF82880D8F8003098472128CFD129463B
S31508028F70D8F8043002209847C9E700BFD855002020
S31508028F80D4550020CB600020D0550020A4640020D0
S31508028F90034B5B6E9B045ABF024B1878012070473D
S31508028FA000C001B8CB60002090F82730023B022BA4
S31508028FB005D84B7C2BB1012B05D0022B05D01EF010
S31508028FC0ACBD03487047034870470348704700BF63
S31508028FD020A1070048E8010040420F000A78022A49
S31508028FE011D0101F4242424152004B781201022B05
S31508028FF00BD0191F4B424B415B000549054842EA13
S315080290008312FFF72BBE0122EFE70123F5E700BF24
S31508029010F0FFFF0075A602080B78022B10D0181F66
S31508029020434243415B004A78022A0BD0111F4A4247
S315080290304A4152000F21044843EA8202FFF70EBE54
S315080290400123F0E70122F5E7A1A60208D0F8B0301D
S3150802905010B5994204460ED0C0F8B01002F076FA5E
S315080290600649A4F840010123054AD1F8FC1004F583
S31508029070827004F035FC002010BD00BF004F00B01E
S31508029080A43F00B02DE9F74F04468B4615461E4607
S31508029090FFF75AFE28B3A38A1BB320461EF0ABFB82
S315080290A078B91EB10E2003B0BDE8F08F714BD3F824
S315080290B0083F03F03002102AF4D003F0C003402B15
S315080290C0F0D06D4F04F07EFA7B69DB07EAD520F013
S315080290D03CFD0646032002F0C1FE20B1304620F0D0
S315080290E02FFD0220DFE77A6912F0060AF6D130462A
S315080290F020F026FD5F4B4FF400612046D3F8089F07
S31508029100D3F8E08E05F0BCFF48B14FF40076012192
S315080291105A4F524608467E641EF02FFA7E6494F829
S3150802912025309F0707D5D4F8A0305E0542BF4FF415
S315080291300022534B5A6459462046FFF77DF94D4B98
S31508029140C3F8089FC3F8E08E0028ACD194F82430FF
S31508029150980601D4002D4ED0C5F3400004F03EFE19
S31508029160022315F4807F1FBF454A002153644FF03E
S315080291703A420BBF414A91615364536305F022FE9A
S315080291804FF4806315F0040F14BF3E4A3E4A3B4E25
S315080291901365042328467364FFF782FD20461EF0F2
S315080291A006FD38B14FF4807315F0010F16BF344A25
S315080291B073645364A90647D54FF6FF72B4F8423072
S315080291C093420FD0314A3249526F100CC2F3011240
S315080291D00132B3FBF2F308802A4A2B492D481B04B5
S315080291E048675367003D18BF012594F8243065F394
S315080291F0451384F8243020461EF02DFEF0B1204691
S315080292001EF0D5FCD0B14FF40031204605F038FFE8
S31508029210431C03229BB201A91F481EF003FF9DF8B7
S3150802922004209DF8053002F00701052915D1120719
S315080292300DD443F48073194AC2F8E830002003B00B
S31508029240BDE8F04F1EF0FBBE01F0B0F9CAE713F015
S31508029250040F09D19DF80630EBE703F03002202A05
S3150802926005D113F0010FF4E74FF48073E3E79DF895
S315080292700630E0E7003000B000C001B8002002B8AE
S31508029280001002B8005001B8006001B8004001B8E9
S31508029290E26400200000FFFF0C0000BA003E00B0A6
S315080292A02DE9F3410646884615461F4620F04DFC31
S315080292B00446032002F0D2FD38B1204620F040FCD5
S315080292C00E24204602B0BDE8F081042002F0C6FD55
S315080292D00028F2D1204620F033FC01232A464146D3
S315080292E03046FFF7CFFE04460028EAD1DFF8C080F1
S315080292F06FB188F8000039463046FFF707FC50B9C7
S3150802930098F80030012B08D104F07EFCD9E798F8CA
S315080293100030002BF4D12124D3E720221E4B012052
S315080293205A641E4BD3F89030B3F5817F22BF802250
S315080293301B4B1A611EF09FFE20F007FC194B0646CE
S315080293401B6801938BB902F009FE15F080051ED140
S31508029350012002F06BFE15B9284604F03FFC124BB9
S3150802936001215B68002098470DE0042002F06AFCA0
S3150802937000230122042001A902F082FC0028E2D17E
S3150802938004F060FD2124304620F0DAFB99E700223A
S31508029390064B9A67DCE700BF001002B8003F00B030
S315080293A0000002B8C4550020A464002000C001B819
S315080293B0C760002010B50C4619B11EF04CFD04EB2F
S315080293C08004204602F0F4FE024B4042C3F8F80E2F
S315080293D0002010BD003000B0C38E70B593420C4613
S315080293E015461BD3036D8B4208BF002420F0ADFB44
S315080293F00646FFF76BFB4FF49C53C340DA0703D5C7
S31508029400074B5B6C9B0304D401222946204601F0D4
S3150802941037FD304620F094FB002070BD2120FCE782
S31508029420000002B82DE9F0410B460646154611B969
S315080294302120BDE8F081002AFAD0032905D80022A6
S3150802944001F090FE03460028F2D01C889A78B4F5FB
S31508029450804F02F0070180F08380A1F1070C18798A
S31508029460DF88DCF1000343EB0C0305292B7394BF59
S315080294700023C2F30013C2F3801C6B73930985F8A9
S3150802948010C003F00203C2F3C00C43EA0C03C2F392
S315080294904012AA746B74E874D6F8A030AF82DA0662
S315080294A049D40639012946D80020B6F81280F76948
S315080294B008F1FF38083C04EA0804395D294B80297B
S315080294C01CBF3239C9B249B25B6DA973A86096F856
S315080294D027300134FF2B04EA08040BD13B5D5B01FC
S315080294E003F47E63FF2B9CBFDB43D8B2D6F8F83071
S315080294F003B19847631CE87303EA0803F95C01336E
S3150802950003EA0803FA5C013303EA080341EA022183
S31508029510FA5C013303EA0803F85C41EA02410023D4
S3150802952041EA00616A7C304604F03CFA0623286068
S315080295300020AB717DE70023EB730B4BDB691A0A3C
S315080295401B0406D4D3B2323BDBB2AB7300232B60C7
S31508029550EEE762F0FF0352B28032F4D18023F4E7D9
S31508029560022066E7004000B800C000B870B506469B
S315080295700C468D88FFF718FD96F82720EB00042A7B
S315080295800CBF627C023A012A98BF0333C8B1B3F50D
S31508029590803F16D84FF22441420901FB03220009F3
S315080295A0B2FBF0F2236800209B1A074A2360D2F81E
S315080295B0C42002F01F02A3EBC20323600523A37192
S315080295C070BD0220FCE700BF003E00B0F8B50746B2
S315080295D00D4614468BB11EF00DFC29463846BE8A46
S315080295E001F0CEF9B44228BF3446A4B2224629462F
S315080295F0044801F07FFB2046F8BD1EF0F6FA06463F
S31508029600F0E700BF0C0000BA082310B1024A5364FF
S315080296107047024AFBE700BF001002B8002002B8F2
S315080296202DE9F743DDF828800746894616461D4682
S3150802963020F08BFA0446032002F010FC38B12046CB
S3150802964020F07EFA0E24204603B0BDE8F0834C4B88
S3150802965020465B6913F0060FF2D120F071FA012356
S31508029660324649463846FFF70DFD04460028EAD138
S31508029670002D74D0B8F1000F71D0DFF82091D9F817
S31508029680000000280ADA01213B20F2F7E1FD204614
S31508029690F3F744FF0028C9F80000D3DB04224FF48D
S315080296A0345116F056FFD0220021D9F8000016F0E0
S315080296B055FF4FF48072324B414638469A65FFF79A
S315080296C025FA00284BD12F4B1B78012B47D0202295
S315080296D02D4B01205A642D4BD3F89030B3F5817F78
S315080296E022BF80222A4B1A611EF0C5FC20F02DFAF1
S315080296F0284A07461368B3B129682C790B441360C4
S31508029700019383B1042002F09DFA00232246042025
S3150802971001A902F0B5FA30B904F094FB21243846BF
S3150802972020F00EFA8FE702F019FC16F0800018D026
S315080297300022134B9A67687901A9431E5842584179
S31508029740FFF762FF2B68032001932A79082302F0A8
S3150802975097FA48B904F076FB384620F0F1F9212445
S3150802976071E704F03BFAE6E70B4D2B689847212888
S315080297700446D4D1012100206B6898470024CEE71D
S3150802978000C001B8C7600020001002B8003F00B050
S31508029790000002B8C4550020A4640020AC6400206E
S315080297A0054A12681AB190F82A1119B910470846DB
S315080297B002F0F8BF01487047BC55002000FEFFFFC3
S315080297C0394B2DE9F3471C6801F4007900F00103CF
S315080297D0174653EA090206460D463FD04FF00008DF
S315080297E08BB30023002201200021CDF80480CDF896
S315080297F0008005F0E9F841462046FFF7D1FF01222D
S315080298004FF0FF3A41466086DFF8B08010461DF0F9
S31508029810B4FED4F8A01094F8270003F055F8D8F847
S31508029820000000F081FAC8F800A0DFF89480D8F8A2
S31508029830000000F087FA94F82430C8F800A043F034
S31508029840040384F82430B9F1000F07D00121204619
S315080298501EF0ADFC25F4007506430D432B46324631
S315080298602046FFF743FAFB070FD51049104A086846
S3150802987000211368116001210E4A117003B198473D
S315080298800D4B002102205B68984717F00E0F08D08F
S3150802989040F2CB123B21002002B0BDE8F047FEF7AA
S315080298A0F3BE02B0BDE8F0878C530020D4550020E1
S315080298B0D8550020CB600020A4640020B4640020A0
S315080298C0B064002008B55822002106481DF0B2FBF4
S315080298D01022FF2104481DF0ADFB05F013FC002001
S315080298E008BD00BF0C3F00B0503F00B010B50C4693
S315080298F0FFF7E8FFC4B1A378082B17D8E278082A3D
S3150802990014D843EA021313F0FF030CBF1946616821
S31508029910074AD160217882F86010617882F863304C
S3150802992082F8611005F0EEFB002010BD2120FCE74D
S31508029930003F00B073B5314A3149137809784FF0C0
S31508029940FF350B4386211370A0F820116F2282215E
S31508029950C0F80C21C0E944126422C0E9462240F24A
S31508029960FF420D2382854FF40042002680F83C31DF
S315080299704FF6FF730446A0F84820224A038602647B
S3150802998000F154020265204AC3844263C0F8B0500B
S315080299904585856380F8286004F0DEF82046FFF7DF
S315080299A091FF0122194B2046C3F8382294F9281050
S315080299B0FFF700FA6023164A41F6FF71D3644FF0A7
S315080299C03A4211631167134A2946D3644022124B5D
S315080299D020465A64D4F8A0201EF07AF80E230022F4
S315080299E00193009340F202231046194604F0ECFF55
S315080299F001F048FD304602B070BD00BFCD600020C0
S31508029A00B8EE04080700FFFFFFFF4000005001B848
S31508029A10004000B8005000B8002002B8012A10B56C
S31508029A2012D8032B10D803EB82020123074C93406A
S31508029A3094F86200DBB221B10343002084F8623055
S31508029A4010BD20EA0303F8E72120F9E7003F00B03A
S31508029A50044BD3F8083F13F0806F14BF232000206D
S31508029A60704700BF003000B002462DE9F843B0F84F
S31508029A70404100F58275FFF7EBFF0F68D1F80480C5
S31508029A807E1C08BFD2F80C718E6808BF0F60B8F149
S31508029A90FF3F04BFD2F81881C1F80480731C48D16D
S31508029AA0D2F81431D1F80CC08B60BCF1FF3F47D114
S31508029AB0D2F81061D1F810E0D1F814C0BEF1FF3F18
S31508029AC008BFD2F804E1D1F8189008BFC1F810E02F
S31508029AD0BCF1FF3F08BFD2F808C1CE6008BFC1F883
S31508029AE014C0B9F1FF3F08BFD2F81C91B9F1000FB3
S31508029AF02DD1C0F164048C6117B16F2F38BF6F275F
S31508029B0016492846C2F80C71C2F81061C2F8143117
S31508029B10C2F81881C2F81C41C2F804E1C2F808C1A9
S31508029B2007230F4AD1F8FC1003F0DAFE0020BDE83D
S31508029B30F88304F16F031B1AB34238BF3346B1E701
S31508029B4004F18606361A664538BF6646B2E76F34AA
S31508029B50241A4C4538BF4C46CDE700BF004F00B02B
S31508029B60A43F00B038B5054C054B41780078256806
S31508029B70236002F0D1FF00B1256038BDDC55002014
S31508029B803CF6040838B51FF0E0FF054600F04EFD26
S31508029B90012805D028461FF0D3FF0224204638BDE7
S31508029BA0FEF794FF0028F1D1044BDC6814F08054C8
S31508029BB0ECD128461FF0C4FFF0E700BF000002B848
S31508029BC00A4B10B51B68044673B1094B48B101210B
S31508029BD0084A1A60022003F00BFD0020064B1C708F
S31508029BE010BD01461860F5E70220F9E7DC550020AA
S31508029BF0E055002034F60408CC600020014B1878A2
S31508029C00704700BFCC6000204FF40022034B586C0B
S31508029C1003F500535A64C0F3C0407047000002B807
S31508029C20024B586900F00100704700BF00C001B836
S31508029C3008B50B4B5A69D20704D518B9BDE80840CE
S31508029C4001F0DCBF5B69DB0708D438B101F0C8FF55
S31508029C500323044A1364A2F58052536408BD00BF65
S31508029C6000C001B800A0095030B56FF040440E4D4F
S31508029C702040C5F850420D4CD2B2C4F850024FF0FB
S31508029C80FF30C5F85402C4F85412FF21C5F864120D
S31508029C90C4F864220649074A0020C2F8C810A2F589
S31508029CA08052C2F8C83030BD006001B8005001B811
S31508029CB00000FFFF00E000B890F92430002B0CDA10
S31508029CC04FF08053064A29B19360A2F58052D360B9
S31508029CD000207047D3609360FAE70E20704700BFF2
S31508029CE0006001B84FF0806310B1024A53617047B1
S31508029CF0014AFBE7001002B8002002B8202350B13F
S31508029D00064AC2F8F433064B196C11F0010104D164
S31508029D10032003F06DBC034AF3E77047001002B84C
S31508029D2000C002B8002002B8431C07D06FF0FF0239
S31508029D30034B10405A62A3F580535862704700BF1E
S31508029D4000E000B8431C06D06FF07E42024BDA638D
S31508029D50A3F58053D863704700E000B8014BD3F8E7
S31508029D6084007047003F00B0024B0020C3F88410FD
S31508029D70704700BF003F00B003282DE9F74F0C4695
S31508029D8091467DD83F4B1E5C3F4B13F800A03F4BD4
S31508029D9013F800B01FF0D9FE804604F0DFFF07462D
S31508029DA040B10023002201930093012000230021E1
S31508029DB004F00AFE04F0DAFF48B1002300220193F8
S31508029DC00093002000234FF4004104F0FDFD002E0D
S31508029DD04ED02F4BDD6C05F0080506EB0A002D4B1D
S31508029DE023305844DD64C0B201F062FE5146304663
S31508029DF005F000F85A465146304605F067F8264BF4
S31508029E00DD649FB14FF0FF35244B1B68D3F8A010D1
S31508029E1093F8270002F058FD21490868FFF784FFE6
S31508029E200D6020490868FFF78DFF0D60B9F1000F34
S31508029E3004D01D4B002103205B689847D4B14FF428
S31508029E4000521A4B1D6F03F50053C5F340351A67C6
S31508029E5040461FF075FE00F0E9FB01280CD11DB142
S31508029E604FF40052124B1A67002003B0BDE8F08F78
S31508029E703546B2E72546EBE7002CECD10520F4E798
S31508029E802120F2E754F6040850F604084CF60408B2
S31508029E90004000B8006000B8005000B88C5300209B
S31508029EA0B4640020B0640020A464002000C001B895
S31508029EB000D001B8034A136A60F3D2231362002062
S31508029EC0704700BF00C000B8094A136D13F40013A7
S31508029ED00BD1D2F84001C00707D4D2F8800000F4AB
S31508029EE07060003818BF0120704741EA5350704726
S31508029EF0004001B8F8B514460D4601F00B0323EAF3
S31508029F000201484A2340D164A2F58052D3646B0702
S31508029F10064610D50121FFF7D7FF60B104F052FFBC
S31508029F204FF4007314F0040F14BF3F4A3F4A1365F7
S31508029F3004223F4B5A64EF0606D514F0100F14BFDD
S31508029F4000221B223B4B5A65280618D5210611D535
S31508029F504FF40012344BDA641FF0F7FD0E21074660
S31508029F60032002F0FDFB40F20122324B3846DA6248
S31508029F701FF0E6FD214696F8270002F0A5FCEA0541
S31508029F8003D5E30537D502F06FFCAF0503D5A00567
S31508029F9034D502F075FC15F48C6F18D014F480626F
S31508029FA031D096F8253099070CD5328EB6F8363167
S31508029FB0934226D0B6F838319A1A534253411E4A6A
S31508029FC082F8F4303046D6F8F010FEF753FF28052B
S31508029FD00FD504F0F7FE194A2105D2F8083F4CBFFF
S31508029FE043F0006323F00063C2F8083F0422104BD3
S31508029FF05A640020F8BD02F031FCC6E702F03AFCCA
S3150802A000C9E70123DBE76B05DCD596F825309F0700
S3150802A010D8D5094B114683F8F420094B30461B68FC
S3150802A0209847CFE7006000B8005001B8006001B851
S3150802A030002002B8004000B8003E00B0003000B070
S3150802A040E855002070B5054690F83C010C460D28E7
S3150802A05022D0FF2901D1212070BD1AB14FF0FF325B
S3150802A0600F4B1A601DF0EFFF064695F83C0101F00A
S3150802A0705FFA844228BF0446E4B2B44238BF344683
S3150802A080E0B285F82B0001F077FB064A0346107802
S3150802A09020B9FF2BE0D1DEE70220DDE70020DBE76F
S3150802A0A0C0640020B8EE04087FB5204B04461B782E
S3150802A0B00E46154643B3D0F8EC3000229BB34FF058
S3150802A0C0FF36029602AEB3F9123000960392F8F7FB
S3150802A0D00FFAB8B902994B1C14D02046C1F3813144
S3150802A0E01DF055FE70B9BDF90C300299024600936F
S3150802A0F0C1F30D0103462046FEF732FA29462046E9
S3150802A1001DF0A9FF04B070BD02A91DF0F0FA32468F
S3150802A1109DF80810204618F017FC2A4601462046E4
S3150802A120FFF790FFEEE71846ECE700BFB8EE040823
S3150802A130F8B50D4690F83C1104460D29174603D189
S3150802A1402E4B1B78002B51D02A462046A4F848509D
S3150802A15018F0FAFBD4F8EC3084F82A00002B41D028
S3150802A160274A1678D4F8FC204EB1002A40D1B4F911
S3150802A1704800B3F91210884206DC002607E0BABB8B
S3150802A18094F84521824202D20126B3F912500022DE
S3150802A1902946204684F82D70FFF786FF08BB76B15C
S3150802A1A0C4F8EC0020461DF062FA4FF6FF73984297
S3150802A1B0014615D02046BDE8F840FEF73DB9114BD9
S3150802A1C01B7813F0FD0F0BD1204601F0BFF90E499B
S3150802A1D001230E4AD1F8FC1004F5827003F080FBC5
S3150802A1E00020F8BDFF2384F82B30F9E70220F8E7B0
S3150802A1F0B4F94410B3F912209142BDE7B8EE040847
S3150802A200CD600020E4640020004F00B0A43F00B0F7
S3150802A210F0B504468FB000F01BFCD4F8A83005460A
S3150802A220012B00D010B128460FB0F0BD6C4920466C
S3150802A2301DF055FFD4F8EC600146258EC4F8F000EF
S3150802A2403EB133682BB15B681BB11A68032A00F268
S3150802A250A2801FF07AFCD4F8F030002B63D01A687B
S3150802A260032A60D99F6A7F0E1FF06AFCD4F8F010A1
S3150802A270B3898DF80E70B0687268EB1A9BB200FB50
S3150802A28003225848ADF80C3003680292994202D06C
S3150802A2902046FEF7EFFD544D544E00F0C7F901284B
S3150802A2A0FBD12B6CDB07F8D4736CDF01F5D4D4F839
S3150802A2B0F01020460D919DF80E20029908AB02F087
S3150802A2C0A9FF002841D100F0B1F90128FBD1474A7C
S3150802A2D04549536CD801FCD40B6CDB07F9D408A9A1
S3150802A2E001A803F017F9054678BB228E404B5A643B
S3150802A2F094F8243060F3410384F8243000F090FC8B
S3150802A3000246D4F8EC104B691E685868531EDBB235
S3150802A310FD2B049605901CD8012A36D0204604A99E
S3150802A32000F0D8FB7FE7324BDB6BC3F3C20213F0B4
S3150802A330380F03F0070718BF574313F4E07FC3F338
S3150802A340821291D002FB07F78EE7022528460FB044
S3150802A350F0BDF71C15D9FF2A37D001367FF463AF53
S3150802A360D4F8EC10234B4A689A4217D8D4F86431C9
S3150802A3709B051AD494F8243043F0020384F8243057
S3150802A38051E7FF2A17D00022C8E7C61CC6D90130F2
S3150802A3907FF449AFE6E79F6A7F0E69E7204600F039
S3150802A3A0F1FB00283FF43FAFE0E720464FF4803147
S3150802A3B01DF0FDFE37E7C71CB0D90130E3D12A46A6
S3150802A3C0204604A900F086FBCAE7C31C05D8012269
S3150802A3D0204604A900F07EFBBFE70130BDD1C1E7E4
S3150802A3E0FC4F00B0C055002000C002B8000002B8F9
S3150802A3F0008001B800CA9A3B10B504234FF03A41CF
S3150802A40001240A4AD1F81801C2F81831C2F81431DF
S3150802A4104C634FF400511163410742BFC2F814312D
S3150802A420A2F58052C2F8183110BD00BF002000BA4A
S3150802A4302DE9F04104460D46D0F8F06019B990F8B6
S3150802A4402430590650D44FF6FF73A18E994204D090
S3150802A4503A4B1B680BB120469847394F3B68B342C3
S3150802A46060D0384B1B6833B1002E65D0316800299D
S3150802A4705BD1204698474FF00708204601F066F858
S3150802A480002D44D0304B93F90030C3F11C0316B1AA
S3150802A49096F926209B1A06202C4994F928500A6A0E
S3150802A4A05B1B63F3D2220A62294BD4F8F0203A6086
S3150802A4B0986701F00DFA00220120264B26490870FA
S3150802A4C083F89C2020461DF046FD244B5B6C5A02FD
S3150802A4D003D4D4F8A0301B0603D54FF40012204B40
S3150802A4E0DA640020BDE8F0814FF6FF72144F65F377
S3150802A4F0861380F824303B688286B34217D0114B04
S3150802A5001B68002BB0D101F021F84FF00708154A55
S3150802A5104346D2F8FC1004F58270A2F65C7203F088
S3150802A520DFF9AFE74FF00108A7E7B168A1E701F045
S3150802A5300DF84FF00108EAE731469AE7CC550020B4
S3150802A540C0550020C8550020C860002000C000B8C9
S3150802A550006000B8003F00B0CA600020000002B8E0
S3150802A560005001B8004F00B010B50446D0F82421B7
S3150802A5700B4B4FF40061C3F8DC2090F82420D2017B
S3150802A58002F4006204F068FD94F8243013F0100F08
S3150802A5904FF4007314BF034A034A536410BD00BF45
S3150802A5A0003E00B0001002B8002002B838B51FF00D
S3150802A5B0CCFA4FF6FF710A4A13888B4203D11FF071
S3150802A5C0BFFA0E2038BD074C074D1B046567A4F574
S3150802A5D08054636711801FF0B3FA0020F2E700BFC8
S3150802A5E0E2640020006001B80000FFFF08B50C4BCA
S3150802A5F0D3F84C21531C11D012F080420ED1094BCC
S3150802A6001B681BB111460320FFF7B6FB4FF08062A9
S3150802A610054B1A6501225A6102229A6208BD00BFD9
S3150802A6200080E00F8C530020001002B80F4BDB6845
S3150802A630C3F30363013B0B2B0FD8DFE803F00606CF
S3150802A6400C06060606080A080808022070470420AF
S3150802A65070470520704703207047054B5B6913F066
S3150802A660060F14BF04200120704700BF000002B87D
S3150802A67000C001B8094AD368C3F303630B2B08D099
S3150802A6806FF49050184100F0010080F0010040007C
S3150802A6907047506C10F48030EDD17047000002B854
S3150802A6A00C490D4ACB68C3F30363062B07D8042B60
S3150802A6B0D8B20BD8C31E5842584140007047072BE0
S3150802A6C006D1D1F868011040ECD1704702207047D4
S3150802A6D000207047000002B85FFFF9FF084BDA68EE
S3150802A6E0C2F30362931E012B8CBF0023012303705E
S3150802A6F040F62203D34003F001030B70704700BFF4
S3150802A700000002B8084BDA6802F03062B2F1407F04
S3150802A71008D19A6CD20605D4D86CC0F3C00080F072
S3150802A7200100704700207047000002B810B5FF22EA
S3150802A7304FF6FF7104461DF091FB68B9FF224FF6EA
S3150802A740FF7120461DF09BFB30B92046BDE810403C
S3150802A750FF2202491DF0A6BB10BD00BF60F6040821
S3150802A76010B55B0743EA02439DF8082043EAC16332
S3150802A770520502F0BC621A43064942F4C8720446FC
S3150802A78004F06AFC002220461146FEF725FE002048
S3150802A79010BD00BF9007E12D37B50C4605460B4B99
S3150802A7A01A680B4B19680B4B186801F019FE94F8D6
S3150802A7B028302846009394F82B3094F8292094F8E8
S3150802A7C02A10FFF7CDFF002003B030BD78560020CF
S3150802A7D0745600207C56002008B5FFF793FF88B10F
S3150802A7E0094BDA6912030DD5586C10F4003009D1F9
S3150802A7F0DB6C13F0100F4FF010030CBF034A044A28
S3150802A800D36408BD0220FCE7000002B8001002B8B3
S3150802A810002002B8034610B500B3124AD1690903EB
S3150802A8201ED5946CC4F38114032C15D0022C17D1AF
S3150802A83022460D49B1F8E40001F10061801A01F5DA
S3150802A8403671014418461CF040FC064A0472D26C62
S3150802A850120A4272002010BD0822EAE72120FAE70E
S3150802A8600220F8E7000002B8003E00B038B50546F7
S3150802A870FFF748FF98B10B4B5C6C14F400340ED109
S3150802A8800220094B094A1B681B6DD0642246AB425B
S3150802A89014BF2846002000F0F3FA204638BD0224E9
S3150802A8A0FBE700BF000002B88C530020001002B874
S3150802A8B038B54B1E012B05460C4614D8022915D16C
S3150802A8C001220C4800210A430B4B0C49FFF7CCF92D
S3150802A8D0003C18BF012495F82430002064F3C713FE
S3150802A8E085F8243038BD00220548EBE7002202210C
S3150802A8F00048E8E791D106190000E2EC9E0C4B5499
S3150802A90090D1061904292DE9F04104460F462ED89E
S3150802A9104E1EF6B2032E8BBF0025164BA84613F819
S3150802A92006809CBF144B9D5D1DF095FA80B94FF0C9
S3150802A93000084FF460320020104B6D045A6245EA53
S3150802A940C835A3F580535D6284F82E70BDE8F081A0
S3150802A9502046FFF703FA80B28428E8D8022EE8D800
S3150802A96094F824102046C909FFF7A2FFE1E721203F
S3150802A970ECE700BF5CF6040858F6040800E000B8E5
S3150802A98010B590F82700FF2814D02E4BD3F8BC2018
S3150802A99012F0060F01D001280DD94FF470622A4B26
S3150802A9A0DA604FF48072A3F58053DA600022254BF1
S3150802A9B0C3F8B82010BD12F004043CD00B7813F08B
S3150802A9C0200300D08B78920718D50B7803F00F0373
S3150802A9D0072B32D14B78022B2FD98B7813F03E0FE7
S3150802A9E02BD0CA7812F0040F27D012F0010F14BF29
S3150802A9F00A230423920748BF0633CB5CEBB1002C2B
S3150802AA0014BF02210121012840F6FF7003F01F023C
S3150802AA1008BF5200013A40EA02320C4802654FF476
S3150802AA207060094A0902D060A2F58052D160054ACF
S3150802AA30C2F8B830BEE72346C5E70023034A012118
S3150802AA401365ECE7003E00B0006000B8004000B8AD
S3150802AA5010B590F82710012903D8174BD3F8B4304C
S3150802AA600BB1002010BD028E272A22D8134B144898
S3150802AA701B68834219D031241248181A43424341AB
S3150802AA805B000D48A0F8CE4050246343282404FBFB
S3150802AA9001330D491944895CFA31A0F8D4100B49DF
S3150802AAA00B449A5C0A4B1A70DBE76FF00304012326
S3150802AAB0E7E70E20D6E700BF003E00B01456002096
S3150802AAC000F04902005A6202DC340508EC33050834
S3150802AAD0F060002010B50B68104CC4F87832C4F840
S3150802AAE07C32B8B1D0F8EC00A0B1406990B1541EDE
S3150802AAF0E4B2FD2C10D95C1C04BF6FF001030B6095
S3150802AB000360FF2A06D14B685A1C02D16FF0010373
S3150802AB104B604360002010BD012AF3E7004001B8EC
S3150802AB20F0B5164B85B007460E4614460FCB8DE890
S3150802AB300F00134A6D46D2F84832D2F84C22591CF5
S3150802AB4008BF0023501C15D0002B08BF13463EB180
S3150802AB50611EC9B2FD290FD93360FF2C00D172607C
S3150802AB60CDE90032294622463846FFF7B3FF0020D0
S3150802AB7005B0F0BD1A46EAE7012CEFE768F60408C5
S3150802AB800080E00F184AF0B5D2F84832D0F8E8400B
S3150802AB90D2F84C025A1C08BF0023411C10D0002BC5
S3150802ABA008BF034600214FF0240C104A104FC2F882
S3150802ABB07832C2F87C32E5688D4203D10020F0BDB6
S3150802ABC01846EFE7A2680CFB01225668BE4209D96D
S3150802ABD052693AB116680136566808BF13600136DB
S3150802ABE008BF50600131E7E70080E00F004001B876
S3150802ABF000CA9A3BFF2818BFC3434FF0180108BF83
S3150802AC001023064A18BFDB00C2F8FC1318BF03F06C
S3150802AC100803A2F58052C2F8FC337047002002B836
S3150802AC20024BD3F8F807C0F3C0407047000002B8D9
S3150802AC304FF03A43D3F81421D2031ED54FF480328B
S3150802AC400E49C1F81421A1F58051C1F818215A6D8F
S3150802AC50D1B2C2F30722C3F8A410C3F8A42004226F
S3150802AC60C3F8A4200022C3F8A420C3F8A420C3F87A
S3150802AC70A420C3F8A420C3F8A4207047002000BA71
S3150802AC80F0220B4B01219A64A022A3F580539A6401
S3150802AC904FF03A43026DC3F8F410FC21C3F8CC1006
S3150802ACA0C3F8D0204FF40052C3F8F020704700BF13
S3150802ACB0006000B8F8B54FF03A440D461746064606
S3150802ACC01EF043FF012304226363084BE7602661F3
S3150802ACD06561C3F814214FF00042054BC3F8802181
S3150802ACE01EF02EFF0DB102236363F8BD002000BAE1
S3150802ACF000E100E02DE9F84305460124036803F064
S3150802AD000703063304FA03F0AB68EC68461EA3424F
S3150802AD1078D06C6803EA060707EB040CC41B1344D5
S3150802AD200643A24206EA0306634637D9101A3A18B8
S3150802AD309CB3631E062B40F2978041EA0C039F07D9
S3150802AD4040F092804B1CACEB0303022B40F28C8042
S3150802AD500B4624F003084FEA940901EB0807ACEB0B
S3150802AD60010E186843F80E0004339F42F9D1444590
S3150802AD700CEB0800A4EB080354D097F800E0012B6B
S3150802AD800CF829E04ED00C44214697F801C0022B54
S3150802AD9080F801C01CBFBB7883706B684AB3501E2B
S3150802ADA0062801F1010040D91C1A022C3DD941EAB4
S3150802ADB00304A40739D122F00307A1F1040C4FEAD0
S3150802ADC0920ED8195CF8044F43F8044B8342F9D122
S3150802ADD0BA42A2EB070001EB07040AD011F82E20AB
S3150802ADE001281A7005D0627802285A7001D0A27812
S3150802ADF09A701EF0AAFE0223AE60AB62BDE8F84363
S3150802AE001EF09EBE042A1BD90B78043AAB614B7816
S3150802AE100431AB6111F8023CAB6111F8013CAB613C
S3150802AE20AB6876E70C442146B7E71144013B00E0DC
S3150802AE30013010F8012C884203F8012FF8D1D8E71F
S3150802AE40013A032A0ED8DFE802F00B08050211F8C8
S3150802AE50013BAB6111F8013BAB6111F8013BAB61F8
S3150802AE600B78AB61BDE8F8830C44ACEB010E01EB41
S3150802AE700E0311F8010B8C421870F8D121468CE7A3
S3150802AE8038B50B46154601464FF03A4468B10122D9
S3150802AE901048C4F8F4201A46FFF72CFF25B14FF0E4
S3150802AEA03A430422C3F8F42038BD73B1D4F8D82043
S3150802AEB09A4284BF0122C4F8F4204FF03A42C2F8FB
S3150802AEC0D4300223C2F8F430E8E70123C4F8F43098
S3150802AED0E4E700BFCC0000BA38B504461EF035FEDA
S3150802AEE04FF03A420121A38F054651674BB3B3FA95
S3150802AEF083F3C3F11903DBB2A069C2F8B410C2F82E
S3150802AF008C300723C2F89000C2F8B0304FF4A02361
S3150802AF1002F50052C2F81431A2F58052C2F818316D
S3150802AF2000220D4B1A600D4B5B6C5B0209D54FF480
S3150802AF3080020B4B5A64D4F8A01094F8270001F04B
S3150802AF40C3FC0023E38707232846A4F84030BDE85C
S3150802AF5038401EF0F5BD00BFF0550020000002B8CB
S3150802AF60002002B82DE9F84305460C46C1B1D0F8CF
S3150802AF701880878F1EF0E9FDB5F83EC0791EDFF806
S3150802AF800C9101EA0C0323F00702032C0646D9F8B2
S3150802AF9000E042445FD1BEF1000F04D11EF0D0FD9D
S3150802AFA00E20BDE8F8832EF001042EF0010EA64508
S3150802AFB056D10023C9F80030238894426FEA4343E6
S3150802AFC06FEA5343238041D1B5F8403008EB0709AD
S3150802AFD01846083880B202F108044C4528BF444690
S3150802AFE0082804D9B4F800E0BEF5804F43D263447A
S3150802AFF00F431B1A3B409BB2EB87A5F84000947897
S3150802B00011884FF03A42C1F30C019165C2F89830A3
S3150802B010C2F8B0004FF48022184B04F00704C3F8B4
S3150802B02014214FF00042164BC3F88021FFF700FEA9
S3150802B030042C0BD14FF48002124B5B6C124B5A64F0
S3150802B040D5F8A01095F8270001F03EFC30461EF010
S3150802B05077FD0020A5E7601E012898BF1446A4E7DD
S3150802B060B5F840004344E31A48BFDB19083898424A
S3150802B070A2DC304692E72246ABE700BF002000BAC0
S3150802B08000E100E0000002B8002002B8F0550020F6
S3150802B090164B10B51968B1F84020CB8F888F134428
S3150802B0A00138073B8C69034023F007031C4402F16D
S3150802B0B008034FF03A429BB2A1F84030C2F8B030CA
S3150802B0C04FF480220A4BC3F814214FF00042094B71
S3150802B0D0C3F88021A07800F00700042803D1064AA5
S3150802B0E0D3681B03FCD4054B1C6010BD8C5300208F
S3150802B0F0002000BA00E100E0000002B8F055002086
S3150802B10010B5064C216839B1CB0703D4044B18682D
S3150802B110FFF728FF0023236010BD00BFF05500206B
S3150802B1208C5300204FF480320C4B0D49C3F818217A
S3150802B1304FF03A43C1F81421D3F8AC10D3F88C2057
S3150802B140012302F0070206329340C1F30C01083BC1
S3150802B150994201D8FFF76CBD704700BF002000BABC
S3150802B160001000BA2DE9F04106460C46878F1546AF
S3150802B170D0F818801EF0E9FCF28F07F1FF3E02EACA
S3150802B1800E0323F00701032CB6F840C0414419D137
S3150802B1904A4C24689CB96244073A02EA0E0222F033
S3150802B1A0070208EB02044344E31A48BFDB19634566
S3150802B1B010DB1EF0C5FC00242046BDE8F08124F011
S3150802B1C00104F0E7012C03D0022CECD1ACF1080CF7
S3150802B1D00C46E8E7002D37D08C4238D14FF03A4278
S3150802B1E0926D4FF03A4CDCF8AC70718AC7F30C07D3
S3150802B1F09F423FDD2388B3F5804FDAD2A77801F163
S3150802B200FF3C07F00707C3F30C039B1A41EA0C0E2F
S3150802B210052F2F7003EA0E0324D81BB223EAE3771D
S3150802B2206F80E7782F74F66902EA0C02B718AF60E6
S3150802B2309FB212FA83F38B4291BF00238B1AAB801B
S3150802B240EE609CBFAF80EB601EF07AFCB4E7A4F117
S3150802B2500802904584BFFF0802EBC7021288C2F3B0
S3150802B2600C02BEE7164F7F6D003F18BF0127A3EBFE
S3150802B270C703D2E7DCF8543001F1FF3CA3EB020E18
S3150802B28041EA0C030EEA030EDFF838800FFA8EF352
S3150802B290002BD8F80C700FDC07F07067B7F1407F07
S3150802B2A014BF00270127FF002F70D8F84C70A5F8A5
S3150802B2B002E03F0A2F74B6E70827F5E7F0550020A3
S3150802B2C0004000B8000002B8134B70B51E684FF074
S3150802B2D03A43748ADD6D621E5B6DADB292B242EA82
S3150802B2E004015B1B0B40191E18BF0121C90001701E
S3150802B2F00A492A40C96C4380090A0174F169D618B9
S3150802B300A64201EB0205D2BF0021A31A9BB28560B1
S3150802B3108380C160002070BD8C530020000002B8F3
S3150802B320054BA822D3F84C013121431C0CBF01203E
S3150802B330C0F38070FDF7A8B90080E00F10B50F4B77
S3150802B3401C78ACB90E4BD3F8F8375B0309D490B125
S3150802B3500F23441EB4FBF3F410300444E4B220462F
S3150802B36010BD40F648023F212046FDF78DF9F6E763
S3150802B3700001C4B2F3E71024F1E700BFE464002039
S3150802B380000002B8014B588000207047E464002090
S3150802B39038B5264D0446297819B9202224481BF0C7
S3150802B3A049FE4FF2F0012378224A1370224AC2F864
S3150802B3B0C811224A1BBB2249D1F8F81709031ED421
S3150802B3C0FF2313704FF040731B4AC2F834311C4BEB
S3150802B3D0D3F8F83713F480230BD14FF47F01C2F860
S3150802B3E030111849C1F8303148F2C801164BC3F872
S3150802B3F0F4100723C2F8FC330122124B0FE0002097
S3150802B4001249022BC1F8DC004FF0FF011170D9D1A5
S3150802B4100722094BC3F8FC230422A3F58053C3F879
S3150802B420FC23012300202B7038BD00BFCE6000200C
S3150802B430E03F00B0E4640020002002B8FE64002069
S3150802B440000002B8001002B8003F00B0004001B880
S3150802B45010B5044601F07CF8094BD3F8F80734B95D
S3150802B46000F44020B0F5402018BF012010BD022C80
S3150802B4700ABF80F400300020C0F34040F6E700BF60
S3150802B480000002B82049D1F8FC37FF2B31D01F48FB
S3150802B490C3F303120270D1F8F81703F00F03090376
S3150802B4A05BBFC2EB02120F3B02F1FF32D2184ABF50
S3150802B4B003EB0213D3B2DBB2154A164913700978A5
S3150802B4C0154B1A68E9B1B2F1A06F1AD3D3F8501224
S3150802B4D0124A134BB1F1FF3F18BF1346114A1360C4
S3150802B4E041F66A02104B1B68B3FBF2F30F4A13606C
S3150802B4F07047D1F8F83713F4002F0CBFB4235A2338
S3150802B500DAE7074BEAE700BF000002B8FF6400204B
S3150802B510D0600020FD6400200080E00F5082E00F1A
S3150802B52078F60408F455002014560020F855002031
S3150802B53020B1022804D1034B18787047024BFBE767
S3150802B54000207047FF640020D06000202DE9F74FE5
S3150802B550D0F8B0404C23022C38BF02247749013C6C
S3150802B560CA6CD1F8DCC07649C2F38212D3400A68A3
S3150802B57003F00105A24206462B4690F83C71714A31
S3150802B580DFF8E4A1DFF8E491DFF8E48116D1107858
S3150802B590A84213D19AF80000B8420FD1D6F8B400DF
S3150802B5A060B160450AD196F82BC099F80000844527
S3150802B5B004D1B8F8040003B0BDE8F08F0C6013702C
S3150802B5C0002D00F0988004234FF07F415E4AC2F8AE
S3150802B5D0BC305E4BC3F8BC1096F82B301B06C2F87B
S3150802B5E0BC30002040F27122594B19211B68B3FB6B
S3150802B5F0F2F36343B3FBF1F1182B4FEA00448CBF15
S3150802B600B1FA81F32023002C00F09680B4FA84F272
S3150802B6109B1A002B40F38E80C3F10F02012A38BF12
S3150802B6200122DC40A14201D2013A6408411C02F01F
S3150802B6301F054900A940474B091B8908C3F8B010E2
S3150802B640110241EA0211DFF82CB141EA020300EBCA
S3150802B650002200EB0225DBF8000040F6C2020038A1
S3150802B66018BF01202B210193FDF70EF8FA2202FBDF
S3150802B67004F0DBF8002040F6FF71B0FBF2F00A2274
S3150802B6805043354A019BC2F8D810A2F58052C2F837
S3150802B690D8303249A2F58052C2F8DC50D1F8F817F0
S3150802B6A000F57A744B0309D4D2F8DC20294B02F44C
S3150802B6B07F01C2F303520A43C3F8FC20C6F8B4500A
S3150802B6C0274D00F6B8302C6002F084F84FF47A72EF
S3150802B6D0204BC3F8A400C3F8F8002B68B4FBF2F0B9
S3150802B6E0B3FBF2F3A8F8043096F82B308AF8007008
S3150802B6F089F800305FE798F80000FFF719FF96F817
S3150802B7002B30834228BF0346D8B22FB1022F7FF4CB
S3150802B71068AFFFF713FE65E7104BD3F8F8371A033D
S3150802B720F7D418B10F230138B0FBF3F00D4B1B68A1
S3150802B730185C57E70F2275E70F2277E7004001B832
S3150802B740C0640020CF600020001002B8002002B8B2
S3150802B75014560020003F00B0006001B8000002B88D
S3150802B760FC550020F4550020FC640020FB640020F0
S3150802B770E4640020F855002038B5254B05461A78AA
S3150802B780244C0D2A02D1FF20207038BD10461CF029
S3150802B7905AFC01461046FFF7CBFEA84228BF2846A8
S3150802B7A0C0B2884238BF08462378C0B28342ECD07A
S3150802B7B0207042BB184BD3F8F81711F4002122D196
S3150802B7C0F8B1431EDBB24FF2F005144AC2F8C8516B
S3150802B7D00F22B3FBF2F2551C18B1C2EB02129B1AE6
S3150802B7E0591C0D4AD2F8C83143EA053343EA011314
S3150802B7F0C2F8C831D2F8C821094BC3F8FC20207810
S3150802B800C3E70346DFE7074B1868FFF79FFEF6E72D
S3150802B810E4640020FE640020000002B8002002B89A
S3150802B820003F00B08C530020014B1870704700BFD0
S3150802B830FD64002010B50446FCF7B6FB78B1154B3B
S3150802B8401B786BB964B1144B1B784BB1134B1B783D
S3150802B850013B012B04D84FF40042114B1A6510BD67
S3150802B860104B1B6D1B04FAD41EF06FF9044603F045
S3150802B870A9FA4FF400420C4B2046BDE810401A655F
S3150802B88002220A4BC3F8D4240422054B5A641EF03A
S3150802B89057B900BFD1600020D260002000560020B0
S3150802B8A0002002B8000002B8001002B800D0035007
S3150802B8B00122024B00201A70FFF7BCBFD16000209C
S3150802B8C00022024B01201A70FFF7B4BFD160002094
S3150802B8D0054BD3F8843013F0030F4FF4802314BFBB
S3150802B8E0024A034A93647047004000B8005000B801
S3150802B8F0006000B837B5044600F02AFE01213A2056
S3150802B900F0F7A6FC354D364B00201C702B78002B21
S3150802B9100CBF002404F00104FFF78CFF2B78013BCF
S3150802B920012B08D8EB7B01A88DF804302B7C8DF807
S3150802B9300530EEF7C5FC00222A4BC3F8D424002CA6
S3150802B94044D06A68002A37D0274B1B6803EB520398
S3150802B950B3FBF2F3013B1B0243F0F8032A78022AEF
S3150802B9602CD0032A2ED0012A33D1072243F0020310
S3150802B9704FF6FF701D49C1F88400A1F58051C1F840
S3150802B9808430184BC3F8D42493070BD5EB7B01A854
S3150802B9908DF804302B7C8DF80530EEF781FC0120FA
S3150802B9A0FFF748FF4FF08043ACB1114A13650020F8
S3150802B9B0FFF78EFF03B030BDF823CFE7062243F028
S3150802B9C00103D5E7042243F00503D1E72246F8230B
S3150802B9D0CEE70022CCE7074AE8E700BF0056002078
S3150802B9E0D260002000C0035014560020006000B840
S3150802B9F0001002B8002002B8F0B52A4F06463D46A6
S3150802BA0004460FCE85B00FC533682B6000F0A0FD43
S3150802BA1001213A20F0F71CFC0022234BC3F8D42458
S3150802BA20A17A627A42EA0142C3F8E024217CE27BE7
S3150802BA3042EA0142C3F8DC24217B627B41EA0240E6
S3150802BA40C3F8D8043B78032B29D8DFE803F022028F
S3150802BA500C178DF8041004218DF805200DEB010052
S3150802BA60002213F048FFE37B00228DF80830237C7E
S3150802BA70042102A88DF8093013F03DFF637A0122EA
S3150802BA808DF80C30A37A042103A88DF80D3013F033
S3150802BA9032FF064B1878FFF72DFF002000E0212021
S3150802BAA005B0F0BD0056002000C00350D260002049
S3150802BAB0034B1B6D002BBCBF024BC3F888007047B3
S3150802BAC0000002B8004000B8084B1A6C0A2A81BF67
S3150802BAD05A6D4FF0FF3302F00F02934083BF98432B
S3150802BAE0B0FA80F040090120704700BF00C001B8D3
S3150802BAF02DE9F04700F086FD4FF47A752F4BB0FB1F
S3150802BB00F5F518604FF4FA736B4307462C48190E7D
S3150802BB101B0218182B4A4FF0000341F10001FBF7EC
S3150802BB2005FA294BA0F5807182460246196330B997
S3150802BB304FF0010A4A222B21FCF7A6FD52464FF482
S3150802BB407A735A43290200235008FBF7EFF91E4B72
S3150802BB501E4AB7F57A7F9A601D4B4FEA0A66196044
S3150802BB601C4BA9468846044618604FEA1A2A06D28A
S3150802BB7001259D222B210020FCF786FDA9464FF4BC
S3150802BB807A73A6FB030103FB0A116D0840194FF0ED
S3150802BB90000341F100014A46FBF7C8F90E4B02348D
S3150802BBA019600E4B48F10008A408186044EA887424
S3150802BBB0054B013C9C63BDE8F08700BF1456002084
S3150802BBC020A1070040420F0000C001B8021101007F
S3150802BBD024560020205600201C5600201856002005
S3150802BBE00822044BC3F884215A600122024BDA6008
S3150802BBF0704700BF00E100E000C001B80822064B0A
S3150802BC00C3F88421C3F88420BFF34F8FBFF36F8F25
S3150802BC100422024BDA60704700E100E000C001B876
S3150802BC2010B50446A242A2EB0000A3EB010104D21E
S3150802BC30034B01399B6B0133184401F0030110BD14
S3150802BC4000C001B838B501250A4B02019D504FF4D0
S3150802BC5080730446084A834053661DF076FF074AF6
S3150802BC60A540137823EA05031370BDE838401DF092
S3150802BC7067BF00BF00E101B800E001B8DC60002040
S3150802BC802DE9F84F164604468A461F461DF05DFF03
S3150802BC90022E00F0938080461DF06AFF604B614ACF
S3150802BCA0D3F8209092F885505A6EEDB2520744BFE7
S3150802BCB0D3F82090013505F003051DF054FF4846D8
S3150802BCC0294600F061FA8446DAF80000012E04BF1C
S3150802BCD001306044ACEB000C08BFCAF80000BCF1A6
S3150802BCE0804F7ED300F064FA8145A1EB050188BF37
S3150802BCF04B4BDFF854E188BF01F1FF3101F0030134
S3150802BD0088BF9B6BA0EB090C0EF80410A1B1F907CA
S3150802BD1042BF41F61F72444B5A67BA0742BF424BAB
S3150802BD20424A5A677B0742BF00223D4B9A673D0744
S3150802BD3042BF00223A4B9A6511254FF0010A384B49
S3150802BD4004F11002120103EB041BCBF80C0138496B
S3150802BD509D501A6A0AFA04F5586E0B78A2EB090284
S3150802BD60EDB22B4362450B704FEA041925D34FF403
S3150802BD708073A340034220D11EF80420002A4BD127
S3150802BD800EB32C4AF807536607D541F61F7140F2DF
S3150802BD900110254B596750675967B90706D5224BD3
S3150802BDA0224A244924485A6748675A677A0742BF8B
S3150802BDB00122224B1A613B0719D440461DF0C0FEE8
S3150802BDC00120BDE8F88F1E4A42F809A042F89C3CB9
S3150802BDD01DF0BBFE16490B7823EA05030B701DF00E
S3150802BDE0AFFE40461DF0ACFE0020BDE8F88F2120CC
S3150802BDF0FFF75EFE4FF48031094A124BD1601A787A
S3150802BE00002ADAD000222D201A70FFF751FE1022DE
S3150802BE10084B40465A66D1E7064A40465366CDE77E
S3150802BE2000C001B8003E00B000E001B800001F1FC4
S3150802BE30DC60002000D001B800000101000002B851
S3150802BE4000E101B8D3600020D4600020024B1878C4
S3150802BE50003818BF01207047DC600020034B103001
S3150802BE600001185800F00100704700BF00C001B871
S3150802BE7070B50646FDF7D4FE044608B1FFF7BEFEC6
S3150802BE8000230A4D3046AB61EB612B6200F090F954
S3150802BE90074BC9B283F8851028622CB1FFF7A0FEBA
S3150802BEA04FF08062034B5A64002070BD00C001B88F
S3150802BEB0003E00B0002002B82DE9F0419DF8188036
S3150802BEC00D46B8F1000F08BF0022214EB5F5803F96
S3150802BED0B168074621F4700141F4A001B1609DF8EA
S3150802BEE020409DF81C104FEA042444EA016444EAFF
S3150802BEF0031444EA084444EA02044FF018014FF4D2
S3150802BF0036722CBF002001207465FCF7BDFB356430
S3150802BF10B8F1000F1AD00F4BBC68D3F8B8306F2CA3
S3150802BF2038BF6F245B0606D500F02EFC18B10A4B03
S3150802BF30B3FBF0F31C44204600F03AF9013085427F
S3150802BF4038BF0022024B34BF5A645864BDE8F081F8
S3150802BF5000C001B800C000B800093D00F7B52B4F74
S3150802BF603D6E01F0F1FD04462846FFF7ADFD7B6CF8
S3150802BF7006460BB100283AD010272020FFF798FD75
S3150802BF80234B9F606CB1002200200821FDF718FCA4
S3150802BF908022204B5F66A3F580531F6703F5405343
S3150802BFA01A6102F001FC10221B4BC3F884210123FB
S3150802BFB01A4A8DF80730D36813F0706FFBD09DF8D4
S3150802BFC007306BB91CB116B10122154B1A700F4B0B
S3150802BFD0144A1D665A6741F201429A6703B0F0BDD8
S3150802BFE00DF107010DF10600FEF778FBE7E7002CD5
S3150802BFF0EDD00D4B074A5366A2F5805213672846C1
S3150802C000FFF762FD0028E2D03D6EF8E700C001B8EE
S3150802C010001002B800E001B800E100E0000002B832
S3150802C020D3600020011B01181000002010B5044639
S3150802C0302120FFF73DFD1CB14FF48032064BDA6032
S3150802C040064B1A783AB100222D201A70FFF730FDF6
S3150802C0501022034B5A6610BD00C001B8D3600020F7
S3150802C06000D001B8F8B5174D0446EB6BDB0124D5B1
S3150802C07000F0D6FBA0FB0446E86B070A050C10F095
S3150802C080FF0005D140F239422B21FCF7FDFA0120C7
S3150802C090EDB2AD01B5FBF0F0FBB210EB831005D1A2
S3150802C0A040F23E422B21FCF7EFFA0120024600231A
S3150802C0B020463146FAF73AFFF8BD00F065FBA0FBC9
S3150802C0C00401F9E700C000B80246012030B50B4C5E
S3150802C0D0A0F12003C0F1200524FA05F504FA03F3BA
S3150802C0E02B4304FA00F595428B4100D330BD0F2845
S3150802C0F001D00130ECE7FF20F8E700BF40420F000D
S3150802C10000220B4B40F010001A700F22094BC3F89D
S3150802C110B820A3F58053C3F8B800A3F580535B6A29
S3150802C120DBB2802B02D0084600F0B0BB704700BFD6
S3150802C130D360002000E000B838B51DF019FD084BA1
S3150802C140084A1D6A92F885405A6EE4B2520744BFFD
S3150802C1501D6A01341DF007FD284604F0030138BDA7
S3150802C16000C001B8003E00B00346064A103302EB8F
S3150802C17000111B01D1F80C01D158C1F340011BF083
S3150802C18085BF00BF00C001B8074B084A1B6810B537
S3150802C1904343146803EB817300224FF00041E4FB2A
S3150802C1A00012981810BD00BF1C5600201856002011
S3150802C1B00C4A20F04043014610B5002014684FF09F
S3150802C1C00042E4FB0320084A890F126802FB0300B7
S3150802C1D0064B9B6B984204D901330131C01A01F010
S3150802C1E0030110BD205600202456002000C001B8C5
S3150802C1F0044B01F0F071103041F0030100011950AF
S3150802C200704700BF00C001B808B52220FFF750FCEE
S3150802C2104FF48022014BDA6008BD00BF00C001B8A6
S3150802C22040B1836833B10649C268096803F13043ED
S3150802C230032A00D8704743F8041B043AF8E700BFFC
S3150802C2405856002070B51646054610B921242046D0
S3150802C25070BD0029FAD0002AF8D042680F4B006850
S3150802C26003321B68920800F13040984704460028BA
S3150802C270EDD1EA68A86803323146920800F13040E7
S3150802C2801BF024FF04460028E0D1286921466A6982
S3150802C29000F130401AF0CEFED9E700BFC464002090
S3150802C2A070B50C68651C15D0C4F302669E42C4F3C9
S3150802C2B0074530D1A4B294422DD804EB8506B24282
S3150802C2C029D2141BA50824F003040E59340F04D0EE
S3150802C2D0012C08D00022212402E06B1C51F82320ED
S3150802C2E0C0E9002470BD0E4C34F8133042EA034309
S3150802C2F01A686B1C51F8234001EB83014B682240F4
S3150802C3005E4036F0704404D11B0F032B04BF8B68C2
S3150802C3101A430024E4E7013501EB8501C1E700BFB2
S3150802C3208CF6040807B501A8F1F740F9254B26490A
S3150802C330D3F86022D2B2FF2A1DBFD1F878011302C0
S3150802C34043EA0213D1F878311CBF20F47F62134303
S3150802C350C1F8F8331C4BD3F8F837190354BF092030
S3150802C3600C20F0F773FEC822184B42F201015A65F7
S3150802C3704FF4C02203F51043C3F868214FF4803204
S3150802C380C3F86C21124AC2F8701202F52042D2F89A
S3150802C390F827120308D44FF470610E4AC2F8A010A7
S3150802C3A04FF42062C3F8A02001220B4BC3F80024E5
S3150802C3B003F53043D3F86821084B1A6003B05DF8D9
S3150802C3C004FB00BF0080E00F000002B8008001B83D
S3150802C3D0006001B8002002B8005001B8EC550020F0
S3150802C3E0836810B4074C03F1304324681B689C42E7
S3150802C3F003D15DF8044BFFF725BF00205DF8044B17
S3150802C400704700BF58560020134B1B78002B20D0CC
S3150802C410124B134A00201A60124B134A1A60134B26
S3150802C420134A1A60134B1A68134B1A60134B144AB1
S3150802C4301A60144B144A1A60144B154A1A60154BA3
S3150802C440154A1A60154B164A1A60164B164A1A608E
S3150802C45070470220704700BFDD6000206456002046
S3150802C4608CFF04085C560020F8F604086056002083
S3150802C47018F70408C8640020585600207C56002085
S3150802C480E0F604087456002090FA0408785600204C
S3150802C49014F7040870560020C8F6040868560020E7
S3150802C4A01CF704086C56002010F704080022012124
S3150802C4B038B51F4B5A649A64DA641E4A51610221DE
S3150802C4C0916242F20101DA68C2F3036221FA02F2C8
S3150802C4D0D207F8D511220124174DDA634FF0FF303F
S3150802C4E02C7016F03AFA00232B70144D40F2D252F1
S3150802C4F028685421C01A18BF0120FCF7C5F8104B4A
S3150802C50028681A680F4B1968FFF79CFE01F084FA2F
S3150802C5100D4B1868FFF784FE0C4B1868FFF780FE70
S3150802C5204FF08062034B5A6103F580535C6138BD54
S3150802C530000002B8001002B8DD6000205C56002038
S3150802C54060560020645600207C5600207056002053
S3150802C55001230D4A0D49C2F8803291660C4A53608E
S3150802C5600C4A53600C4A5360A2F580425360A2F506
S3150802C5704042536002F5C032536002F5804253606E
S3150802C580A2F500425360704700900050FF0B001658
S3150802C59000D000B8001000BA005001B810B5032444
S3150802C5A0FFF7D6FF114A124B1A65FFF7BBFE114B6E
S3150802C5B0C3F8104100F052F901F004F84FF4607222
S3150802C5C00D4B5A614FF400721A65FEF729FB0021DA
S3150802C5D0FEF710FB4022094B1C64A3F580535C64EA
S3150802C5E0074BC3F884215A6010BD00BF0048F0000B
S3150802C5F0000002B8005001B8001002B800A00950A5
S3150802C60000E100E008B51CF0ABF8044B1B6FC3F35E
S3150802C61000430133B0FBF3F008BD00BF00800050B1
S3150802C62070B5A8B1002971D0002213463849394C91
S3150802C63051F8045B85420CD1374A116CC907FCD400
S3150802C6409B0003F5804340331360344B01221A647E
S3150802C65070BD01320C2A59D034F81230E8E7C2F319
S3150802C660016334F8131012F47E0F93B243EA0143BE
S3150802C67021D00430C2F30742022A016808D9466863
S3150802C6808568033AC3E900169D600C300C33F3E75C
S3150802C6900CD142680830C3E900120268531CDED185
S3150802C6A000221D4B1A6003F58053CFE7012AF4D105
S3150802C6B004301960F1E7120F00F108054068072AED
S3150802C6C009D8DFE802F007040A0E1114191EC0433E
S3150802C6D003F5005318602846DFE71A6842401A60D5
S3150802C6E0F9E703F58053F5E71BF0C5FCF3E70122EA
S3150802C6F003F580538240F2E7012203F50053824094
S3150802C700EDE71A6830EA0202FBD1E4E7044CC4E713
S3150802C710285600204857002000C002B800D002B8A8
S3150802C7208CF604080B4B1B68D3F8F03023B11A6851
S3150802C730022A01D9186A7047074B9A6E90B238B125
S3150802C740064BC2F307421B68DB085343B3FBF0F000
S3150802C750704700BF8C530020004001B814560020D1
S3150802C760074BDB68C3F30363984208D1054AD2F83C
S3150802C770803023F0F00343EA0111C2F880107047B3
S3150802C780000002B8003F00B0054B1B68D3F8F03032
S3150802C79013B11A680A2A01D8FFF7C4BF186C704782
S3150802C7A08C5300202DE9F34705461BF05DFC002754
S3150802C7B08046194EDFF864A01DF0C7F90DF107018E
S3150802C7C081460DF10600FDF789FF9DF806300BB389
S3150802C7D0DAF80C3013F4603F1CD0DAF818001BF0B4
S3150802C7E0BDFC04466B1C03D01BF03EFCA0EB0807FD
S3150802C7F048461DF0A5F914F5007F07D19DF80630C5
S3150802C80013B99DF807300BB1AF42D5D3204602B013
S3150802C810BDE8F0873446E5E700FEFFFF00C000B832
S3150802C8200B4A10B5136F0B4C116F03F00703E35C49
S3150802C830C1F3CD0101FB0333126F0748C2F3454228
S3150802C84002FB033300688001B0FBF3F010BD00BFA2
S3150802C850004001B884F60408145600200122014B50
S3150802C8601A657047001002B80122014B1A65704713
S3150802C870002002B84022014B1A657047002002B810
S3150802C8804022014B1A657047001002B810F1800F5A
S3150802C89004D04D28CEBF7F20323040B2FF22034B50
S3150802C8A0C0B25A62A3F580535862704700E000B8D6
S3150802C8B0044BD3F8B03010B1C3F30332027003F05D
S3150802C8C00F007047000002B8064B01F080015B6C4E
S3150802C8D003F480030B4302BF4FF40012024BDA64DF
S3150802C8E0704700BF000002B8006001B80D4B1A7805
S3150802C8F082B1012A10D10C4B012112F0010F0B4A09
S3150802C90003F580539960084B08BF13469A68920745
S3150802C910FCD47047054BEFE700224FF480539A6028
S3150802C920FFDE00BFDE600020004003B8000003B847
S3150802C930094B10B59C69DB691C4006D0074B1B687E
S3150802C94023B120469847064B9C6110BD6305FAD56C
S3150802C950FFF7CCFFF7E700BF000003B880560020B8
S3150802C960002003B8094B10B59C69DB691C4006D048
S3150802C970074B1B6823B120469847064B9C6110BD9E
S3150802C9806305FAD5FFF7B2FFF7E700BF004003B821
S3150802C99080560020006003B84FF604014FF60502E0
S3150802C9A0044B01201B6C9BB28B4208BF1346024AFA
S3150802C9B0136670470080E00F00C001B82DE9F74FF3
S3150802C9C081460E464FF0FF34FFF7B6FB002501906D
S3150802C9D08A46A0462846DFF8D0B005F110031B01A7
S3150802C9E05BF8037007F00307012F15D12846FFF7F6
S3150802C9F0BBFB02460B4601985146FFF711F9DBF8D5
S3150802CA00643005F10802D340DB0736D5002E3DD047
S3150802CA100024A046356038460135082DDDD148B3D5
S3150802CA2000221146204DAF68AB6B0133E8FB034188
S3150802CA3007F44033B3F5003F30D16B6B07F4405728
S3150802CA40013342F10006B7F5805F22D12D6B15F549
S3150802CA50807505FB06F642F1000203FB0266A5FB9A
S3150802CA6003323244594304FB0212A3FB0434224420
S3150802CA70C9E9003203B0BDE8F08FA04271EB0803A2
S3150802CA80C9D206B1356004468846C4E73446B0467C
S3150802CA90C1E7320242EA13621B02E3E72B6B13F584
S3150802CAA0807342F10002DDE700C001B8F8B506203E
S3150802CAB01BF0FDFA04461BF0D7FA42F21073041B68
S3150802CAC09C42054618D94FF080624F240B4B5A6494
S3150802CAD041F26F770A4E0BE01BF0C6FA401BB842CA
S3150802CAE04FF4837221468CBF00200120FBF7CCFD50
S3150802CAF0736C5B01F0D5F8BD1A24E9E7002002B889
S3150802CB00000002B8034B1A6E596E03F500530A4029
S3150802CB101A66704700800A50FF28F8B56AD0FF29BE
S3150802CB2064D00F2864D8002962D10026344C354DCA
S3150802CB3084F8800084F88160686940F25F124B21AC
S3150802CB4000F00100FBF7A0FD11231022AB662E4B65
S3150802CB506E66C3F888219A6001213B20EFF778FBBD
S3150802CB6094F88110294A94F880300A4328490633F2
S3150802CB7041F82320274B3E201D68EFF783FB6F08F9
S3150802CB80ED070246334628463946FAF7CFF909022F
S3150802CB9041EA1061C0F3C05040EA41001E4B2067CB
S3150802CBA0186B10F5807005D14FF4D7722B21FBF75D
S3150802CBB06BFD02200246002300200121FAF7B6F98E
S3150802CBC060673E20EFF75EFB40F649435843000D87
S3150802CBD0FF2828BFFF20022838BF0220002184F838
S3150802CBE08400012000F004FD0020F8BD0F289CD91E
S3150802CBF02120FAE7FF294FF0070094D195E700BFF5
S3150802CC00003E00B000800A5000E100E0020D0C0070
S3150802CC10008003501456002000C001B82DE9F341E4
S3150802CC2005460F4668461146FFF7C8FE0646B0B1E6
S3150802CC30AFB1DDE900321B0A43EA0263A5FB0384AE
S3150802CC40094B120A05FB02441A6812B9FFF7DAFC05
S3150802CC500246002340462146FAF768F9386030460C
S3150802CC6002B0BDE8F08100BF1456002070B5FFF788
S3150802CC701DFF0021022000F0BBFC1BF0F5F904465B
S3150802CC800F4D104ED5F8F4331B070BD51CF05DFF7C
S3150802CC90BDE8704002220C4BDA6001220B4B1A7077
S3150802CCA01CF04EBF1BF0E0F9001BB04240F2162200
S3150802CCB04FF045018CBF00200120FBF7E5FCE1E7B8
S3150802CCC0000002B83F420F0000C001B8DF60002032
S3150802CCD0214910B50B78002B3DD001221F4C94F840
S3150802CCE081300133DBB202FA03F31D4A5366136637
S3150802CCF008221C4BC3F8882100230B7003231A4A07
S3150802CD0039211364A2F580525364184B40F2C522A6
S3150802CD10586CC0F38060FBF7B7FC4FF48041144AA5
S3150802CD20144BC2F89410144AA16FD26E914202BFF4
S3150802CD30D3F86C21E267D3F86431E06F08BFA4F830
S3150802CD408630B4F8861000F0DDF8BDE810400121FF
S3150802CD50022000F04DBC10BDDF600020003E00B08E
S3150802CD6000A00A5000E100E000A00950000002B845
S3150802CD7000E001B800C001B800800A5010B50446A8
S3150802CD803E20EFF77FFA6043034B00F5F42000F5E7
S3150802CD909070B0FBF3F010BD40420F002DE9F74F3B
S3150802CDA0FFF7ECFF0446FFF781FE1CF0CEFE0021DA
S3150802CDB04B4D064668462970FFF700FE494B8046EA
S3150802CDC09F69494BDB6813F0706F1CD1474B5B694F
S3150802CDD013F0060A17D1E0B1454B611D1868A1FB8D
S3150802CDE000B93E20EFF74EFA5346024649465846E0
S3150802CDF0FAF79CF8009B090241EA10610002984280
S3150802CE00019B994105D3304603B0BDE8F04F1CF0AB
S3150802CE1097BE0021022000F0EBFB1BF025F98146A4
S3150802CE20DFF8C4B0DFF8D4A0DBF8F4331B0741D52A
S3150802CE30B8F1000F4DD0DDE900893E20EFF722FA5E
S3150802CE404FEA182141EA09614FEA1923A0FB019822
S3150802CE5000FB0388264B1A6812B9FFF7D3FB024672
S3150802CE60002348464146FAF761F80121214B01346D
S3150802CE7093F88130DFF86CC001331F4A3F1BDFF895
S3150802CE8080E0DBB201FA03F30744CEF86030CCF84F
S3150802CE906C705366DCF81820DCF86C70241AD21B06
S3150802CEA0A24216D2CEF864300220CEF8603000F0E4
S3150802CEB09FFBA8E71BF0D8F8A0EB090050454FF4F2
S3150802CEC01B724FF045018CBF00200120FBF7DCFBEB
S3150802CED0AAE70222054BDA6001232B7093E700BF0B
S3150802CEE0DF60002000800A50000002B800C001B8C6
S3150802CEF014560020003E00B000900A503F420F0030
S3150802CF0000A00A5001232DE9F74F924F044697F8DD
S3150802CF1081208A469340904A0E46936697F8802067
S3150802CF208E4B0546C3F8D8204FF400328C4B4FF08F
S3150802CF30000B1A610223DFF83482C8F80C30894BD9
S3150802CF409B6903F1FF39A3EB0903002B40F3E98040
S3150802CF500BF1010BBBF1020F6ED9EC220D21002059
S3150802CF60FBF792FB4FF080537F4A804F53664FF48C
S3150802CF700031784BC7F86C51C3E91E950025C7F8EE
S3150802CF806461A3F886601161744AC2F8D85093F8AE
S3150802CF90812001239340704A93661CF0D6FD2946E8
S3150802CFA04FF4807E3E6AD7F864C001F110031B0174
S3150802CFB0FB5803F00303012B10D10EFA01F313EA0F
S3150802CFC00C0F0BD107EB0112B442D2F80C2100F276
S3150802CFD0BB80944202D2964280F0B9800131082978
S3150802CFE0E3D1634C2268012A08D862490B78142BCC
S3150802CFF002BF0023604E337001330B70BDB1554931
S3150802D000012AB1F8823043EA0503A1F88230544B6B
S3150802D0105D660CD858490B780133DBB2022B0B70CC
S3150802D02005D1002301322260524A0B70137003B0F5
S3150802D030BDE8F04F1CF084BD012397F88120494DC5
S3150802D0409340454A93661CF080FD4FF08052464B4A
S3150802D05001905A66AB6903F10109C5F86C90D8F8D4
S3150802D0603010D8F80830DD036BD5BA6F3B6FA9EBE1
S3150802D0700202A2FB0326D7F874C001F58071A2FB4F
S3150802D0800C530025E6FB0C35A1FB03EC01FB05CC92
S3150802D090B2EB0E0266EB0C06120A42EA066252442A
S3150802D0A0B2EB112F4FEA112603D3013345F10005DE
S3150802D0B0921B043E964228BF1646C8F8186097F88F
S3150802D0C08520D8F82010E318D2B245F100058C4223
S3150802D0D0D8F8381084BF02F1FF32D2B2481C0ED0FB
S3150802D0E04FF0000E01F1010C99427EEB050008D2C1
S3150802D0F00132B3EB0C03D2B265F10005F4E72A4418
S3150802D100D2B21D4602F0030287F88520C8F82030FD
S3150802D110012397F8812001989340184A93661CF0D8
S3150802D1200FFD104B9B6900BF00BF00BF00BF00BFC9
S3150802D13000BF00BF00BFD8F86420D2007FF503AF56
S3150802D14010E756462546E3E79442BFF444AF2B431D
S3150802D1509DB243E7003E00B000A00A50008003508B
S3150802D16000D001B800800A5000E001B800C001B83A
S3150802D170B8550020E1600020E060002000900A50C7
S3150802D1804FF00052014B1A60704700BF00E100E001
S3150802D1904FF00052034BC3F88020BFF34F8FBFF303
S3150802D1A06F8F704700E100E0F8B50B46002213F8CE
S3150802D1B0044B944225D91D68854224D106245A79FE
S3150802D1C01D79124B88181E6804FB0503104F33F8A5
S3150802D1D0063C7B43B3420ED900238A5A7A439642C7
S3150802D1E002D804FB0300F8BD9D42FAD9013304FBB9
S3150802D1F003F2825AF2E740F251423D210020FBF740
S3150802D20043FA0020EFE708330132D2E784560020BA
S3150802D21040420F004FF0000C2DE9F04FA2FB017AB5
S3150802D220AD4EDFF8E8E2BE1998466AF10003B64544
S3150802D2307CEB030383B009D240F243220E216046F7
S3150802D240FBF722FA022003B0BDE8F08FD8F814B033
S3150802D2500C4615468146BBF1000F04D0DBF80030B8
S3150802D260032B00F29D809D4B9D4A9E6BA3F580433E
S3150802D2701B6FD2F8FCB05A074EBF4FF440039B050A
S3150802D28003F0E073C6F314061E43964BD3F8EC304C
S3150802D2905B0048BF46F0807646EA45661BF09AFA76
S3150802D2A0012D0246CED10028CCD08F4B984200F0F1
S3150802D2B0868003F5122303F5F863984200F0B780D7
S3150802D2C08A4B984200F0EA800190002300204FF032
S3150802D2D00071F9F72BFE019A0130A7FB007300FBD8
S3150802D2E00A33C6F31301A1FB021220339B09C8F8BD
S3150802D2F000307F4BC90C1C6041EA42317D4BF50276
S3150802D30058BF494219607C4B0C441C60BBF1000FA4
S3150802D31044D00023DBF81C70F001DBF8005048BF4C
S3150802D3206408C8F80830C8F8043087B399F8272083
S3150802D330073A012A2BD9DFF8D891D9F83C21D2022B
S3150802D34077D43E46002C00F0A780B4FA84F1072968
S3150802D35000F3A280C1F1080327FA03F304FA01F1E4
S3150802D3605F1CB1FBF7F14B0067020133E40D01E0E4
S3150802D37002330131A6FB0302874274EB0202F7D29B
S3150802D380C1F30E031B0343F00063C8F808300023F9
S3150802D390062DC8F80C30C8F8103012D8002052E70B
S3150802D3A0042BDBF828607FF479AFF1014CBF4FF408
S3150802D3B0400306F0E07326F0E0761E436EE74F4818
S3150802D3C08BE7DBF83030002BE8D01BF003FADBF8EA
S3150802D3D03010FFF7E9FE044610B18378002B5FD1BF
S3150802D3E01BF0B8F9DBF83010FFF7DEFE044600281A
S3150802D3F0D4D08378002BD1D0407940F27D520038C0
S3150802D40018BF01203D21FBF73FF9207940F27E52F1
S3150802D41000384FF03D0118BF0120FBF735F9237993
S3150802D42062791B0243EA0213C8F81030B6E7344899
S3150802D43053E7344AC6F38156965D81EAE170A0EB5A
S3150802D440E17046F3401100FB01F14FEAE07EB606B1
S3150802D45006FB0E11A0FB06064FEA540C10EB0C0055
S3150802D46041EB06012246F9F761FD0E2D0FD91B4B3A
S3150802D4709A6BD9F84830D9F83C11DB0607D502F47D
S3150802D480801201F400110A4308BFC0F58010C0F3E8
S3150802D4901300C8F8040054E7210262E71A481CE799
S3150802D4A0407940F26252003818BF01203D21FBF74D
S3150802D4B0EBF8207940F2635200384FF03D0118BF6D
S3150802D4C00120FBF7E1F8237962791B0243EA02138A
S3150802D4D0C8F80C3084E700BF006CCA88008001B81F
S3150802D4E0004F00B0000002B800F04902005A62027A
S3150802D4F08C56002088560020845600200A3BB2DF4C
S3150802D500313641DC94F60408D694BFD6807C814A2B
S3150802D510004001B810B5044686B059B9214B416896
S3150802D520D3F8FC30827A2048059300686B46FFF7E9
S3150802D53071FE69461D4B0A685A631A4BD3F8FC30CA
S3150802D54033B34B6843B11A4B1A4AC3F83C214A68AB
S3150802D550A3F58053C3F83C218B6843B1144B164A92
S3150802D560C3F81C218A68A3F58053C3F81C21134A01
S3150802D570C868D2F8983123F4EE630343C2F89831A7
S3150802D580D2F89031096923F4EE630B43C2F890315D
S3150802D590002022890A4B9A6203F5A033186406B062
S3150802D5A010BD00BF004F00B08C530020008001B8A8
S3150802D5B0006001B8FFFF0F0000F0FF0F000002B87D
S3150802D5C0004000B8074BD3F88022D20707D55B6E16
S3150802D5D0002B4FF48043B4BF034A044A1365002064
S3150802D5E0704700BF00800050002002B8001002B841
S3150802D5F0064B1A6C9207FCD4022240EA01205860B4
S3150802D600034B1A640122034B1A70704700C002B812
S3150802D61000D002B8E26000202DE9F041374F0646F5
S3150802D620FB6803F07063B3F1007F65D11AF01CFD45
S3150802D6300546DFF8E080BC6A14F480244AD11CF05F
S3150802D64084FAFB68054603F07063B3F1007F3BD1A9
S3150802D65030461AF000FC28B1294B93F8F4200AB197
S3150802D66083F8F5400022274B83F89C20234B5B6CFA
S3150802D67098053DD5224BD3F8DC3059889A68C907F4
S3150802D68048BF1821D66848BF927806F4000044BFFE
S3150802D69001FB023303F10C021B4B06F008069B69D9
S3150802D6A093608022194BDA6038B14FF4003203F5E1
S3150802D6B0A043CF20DA61FEF7FBF9CEB14FF4007230
S3150802D6C0134B5A6402229A6028461CF039FA2046FD
S3150802D6D0BDE8F0811AF0C8FC401B40454FF06402D1
S3150802D6E04FF047018CBF00200120FAF7CDFFA2E7D1
S3150802D6F08022024B1A61E7E70224E8E7000002B833
S3150802D700003E00B0003F00B000C000B800C001B83B
S3150802D710002002B83F420F0010B590B10468012CF0
S3150802D7200FD902696AB11168094B102C1960516840
S3150802D7305960916888BFD268996094BFD960DA60E7
S3150802D74010BD10220021024819F074FCF8E700BF48
S3150802D750945600201B4B2DE9F0410D4616461C68CF
S3150802D76058B34FF47A7343438A68A3F6AC539B1AA9
S3150802D7704A689B1A144AD8171168144FA1FB033238
S3150802D78001FB002213F1807342F100025B0E43EAA9
S3150802D790C213803B33620E4BD3F8C43073623B68C4
S3150802D7A073B120461AF057FB50B1324629463B68F8
S3150802D7B0D4F8E400BDE8F04118474AF6C873D9E739
S3150802D7C0BDE8F0818C530020A45600209056002014
S3150802D7D0003F00B0084BC1171A68A2FB000302FB00
S3150802D7E0013310F1807043F10003400E40EAC31082
S3150802D7F0803820EAE0707047A45600200722194BA9
S3150802D80070B51A64184B194A1E68194BF408E005D4
S3150802D810C0184FEA163141F100010023F9F786FBD9
S3150802D820144B154D18601548FFF7D4FF4042C5F84A
S3150802D830DC0049F65800FFF7CDFFC5F8A8001048E6
S3150802D840FEF7B6FC024660B1E301500818184FEA23
S3150802D85016714FF0000341F10001F9F767FBC5F8AD
S3150802D860B40070BD000002B81456002065CD1D0034
S3150802D870B2E60E00A4560020003F00B07011010067
S3150802D88040420F0048B14FF47A72054BDB6802FB3F
S3150802D8900030A0F5FA50FFF79DBF47F23050FAE77D
S3150802D8A09456002010B5044698B10B4BD3F8FC00E9
S3150802D8B0FFF732FF4FF47A7303FB04F0074BA0F627
S3150802D8C0AC50DA689B681044C01ABDE81040FFF7EE
S3150802D8D081BF4AF6C870F8E7004F00B09456002098
S3150802D8E0F8B50446084615461E46FFF715FF002CEE
S3150802D8F04BD016F0040725D02069002846D04FF4ED
S3150802D9007A735843264BA0F6AC509B68C01AFFF7A9
S3150802D91061FFA862A08B00283BD04FF47A73584364
S3150802D9201F4BA0F6AC509B68C01AFFF753FFE8617D
S3150802D9302A461B49E068FFF70DFF0021A069FFF799
S3150802D940B1FF6863B30707D5204600F055F8286388
S3150802D9506069FFF797FFE862BFB1A068E0B14FF4CC
S3150802D9607A735843A0F5FA50FFF734FF68612068C6
S3150802D97040B14FF47A720A4B1B6803F51C531033F5
S3150802D98002FB0030FFF726FFA861F8BD4AF6C87009
S3150802D990BDE74AF6C870C8E747F23050E4E700BF69
S3150802D9A09456002070B5064608461C461AF086FBB1
S3150802D9B00546D6F8F00000F011F84368054A002B30
S3150802D9C0A8BF4FF4FA721A44034B601992FBF3F29A
S3150802D9D0104470BD0CFEFFFF18FCFFFF40B1036840
S3150802D9E0012B05D90069034B002808BF1846704762
S3150802D9F0004870479CF60408406840B14FF47A72B2
S3150802DA00044B1B6803F51C53103302FB0030FFF767
S3150802DA10E1BE00BF9456002070B588B06D46184C1A
S3150802DA200FCC0FC594E80F0085E80F00FC220021F1
S3150802DA30144819F0FFFA94220021134819F0FAFA49
S3150802DA4020220021114819F0F5FA1AF0A0FB104B12
S3150802DA501B783BB16D460A4E0FCD0FC695E80F00EF
S3150802DA6084E80F000C220B490B4819F02EFB0B4BCE
S3150802DA700B4AD3F87831C3F38243D36708B070BD33
S3150802DA80E03F00B0703E00B06C3F00B0E04F00B01F
S3150802DA90CE600020ACF60408C83E00B0000002B80A
S3150802DAA0003F00B0064BD3F8080F064B9B6C1A01D1
S3150802DAB003D4054B9B6E1B0401D500F58070704795
S3150802DAC0003000B0000002B8004000B810B51CF0E3
S3150802DAD03CF80E2104460320FEF742FE40F20122DC
S3150802DAE0034B2046BDE81040DA621CF029B800BF95
S3150802DAF0004000B8064B00201B6893F82430DB0967
S3150802DB0002BF0322034BC3F85022FBF73FB900BFFB
S3150802DB108C530020006001B8012370B5074C2370AE
S3150802DB20074B1E68074B3240D3E900531940284079
S3150802DB30FBF746FE0023237070BD00BFEA60002093
S3150802DB40AC560020D03E0020024B1879C0F3C00024
S3150802DB50704700BFD03E002010B50446FEF71EFDF2
S3150802DB6000F0C2FE2046FDF78BF8FEF79FFCFDF794
S3150802DB70BFFFFEF735F8FFF741FE15490723154A99
S3150802DB80D1F8FC1004F58270FFF7AAFE4FF08071F7
S3150802DB900020FEF72DFB4FF000720F4B4FF40011D9
S3150802DBA00120C3F80021FEF723FBFEF7F5FE20B994
S3150802DBB04FF48F721421FAF767FD1AF0E6FA01207C
S3150802DBC0FDF798FEBDE8104000201AF007BB00BF1B
S3150802DBD0004F00B0A43F00B000D001B88023074A26
S3150802DBE05364082340B15364054AD2F8D83E23F059
S3150802DBF02003C2F8D83E7047024AF4E7001002B87A
S3150802DC00003000B0002002B810B51BF09EFF0121BB
S3150802DC1004460020FFF7E2FF044B1961044B5B68D8
S3150802DC2098472046BDE810401BF08ABF000002B89C
S3150802DC30A4640020F0B583B014460646FFF7C2FC7A
S3150802DC40FBF7EEFF00285CD0584B5D6915F0060518
S3150802DC5057D11BF07AFF23790095022B054654D13A
S3150802DC60237B022B32D00320FEF7F8F820B9504B5B
S3150802DC70DB685B0440F19280A37B277B003B18BFDD
S3150802DC800123A2684B49012F01920B707BD000F049
S3150802DC901DFE0420FDF7D6FF0420444E0223716FB1
S3150802DCA03A4621F0F85121F4F81141F0506141F455
S3150802DCB0803171670DEB0001FDF7E2FF0446B0B152
S3150802DCC0012030223C493D4B08701A653C4E3368A8
S3150802DCD098472128044604D10121002073689847F1
S3150802DCE0002428461BF02CFF204603B0F0BD032073
S3150802DCF0FDF7A8FF2846334A334B72671C701BF0A0
S3150802DD001FFF0E24204603B0F0BD0320FEF7A6F837
S3150802DD10002843D12179D6F80C31012922682FD05F
S3150802DD20D01A0027214B274A00905A679F67637BC0
S3150802DD30264823F04007002FC3F3801303700CBF55
S3150802DD40012300232249234A0B70D2F8D83E214ADE
S3150802DD500CBF43F0200323F02003C2F8D83E032069
S3150802DD60FDF770FF114B1C4A03205A6769460123C7
S3150802DD702279FDF785FF98B10122134B1A706FE7D6
S3150802DD809342CED8CCE72379022B80D0009BD6F8D3
S3150802DD900C1100270B441344019378E72846AEE793
S3150802DDA028461BF0CDFE2124ACE700BF00C001B80F
S3150802DDB0000002B8E9600020EC600020001002B8FA
S3150802DDC0A464002000000101E6600020E76000204C
S3150802DDD0E8600020003000B0010C010038B5164C8E
S3150802DDE00546207840F27D22B0FA80F03E214009AD
S3150802DDF0FAF74AFC55B14FF44062104BD3F8083192
S3150802DE00C3F3812323700E4BC3F80821607840F2CE
S3150802DE107D22B0FA80F03E214009FAF735FC55B169
S3150802DE204FF44062054BD3F80C31C3F38123637078
S3150802DE30034BC3F80C2138BDE3600020004000B84C
S3150802DE40006000B8A82238B51C4B5D6C03F5005378
S3150802DE505A6410229A60A3F5804302F100521A67A7
S3150802DE605A6600F089FF164B1B7813B90320FDF793
S3150802DE70E9FE0024134B9C6700F0A4FF124A134BD9
S3150802DE80D2F8081F0B40C2F8083F0422104B5A6406
S3150802DE90104BAA06C3F8E04009D503F58073D3F8F8
S3150802DEA09030B3F5817F22BF8022044B1A61FCF7BA
S3150802DEB07DFB0022084B1A7038BD00BF000002B86D
S3150802DEC0E660002000C001B8003000B0DF0000FFA5
S3150802DED0002002B8003E00B0E56000200D4A10B5E9
S3150802DEE0D2F8A030D2F8A4100B40B3F1804F0CD36D
S3150802DEF04FF040400849094CC1F8A400D467C1F85C
S3150802DF00A0004FF48021064AD161034AC2F8A03024
S3150802DF1010BD00BF00400050006000500000FF0125
S3150802DF20001002B89D4B2DE9F04F9A6EDB6E87B052
S3150802DF3002EA03089A4BC3F868804FF03A43D3F8CB
S3150802DF401471D3F818311F40964BC3F81471964BC7
S3150802DF509A68DB6802EA030A944BC3F808A003F539
S3150802DF602043DA691B6A02EA0309914B09F477022C
S3150802DF70DA61904BD3F80422100705D4D3F804616A
S3150802DF8016F0080600F0E5801BF0DFFD8A4B5A6999
S3150802DF905E6E02F0060BBBF1000218BF01221B6F70
S3150802DFA001921E40854A26F0007323F40063710726
S3150802DFB0536606D5824A92F885300133DBB282F877
S3150802DFC085301BF0BDFDB8F1000F00F0E38018F4B0
S3150802DFD000442BD01BF0B9FD0146FFF763FD04464A
S3150802DFE0784B1D682A682B689A42FCD02A689A429E
S3150802DFF0FCD0FFF757FDA04240F0AD8008461BF063
S3150802E0009FFD714B1C60714B5D6C15F4E05B40F033
S3150802E010A48024F07F4424F0DF040CB9FFF712FF32
S3150802E0206B4B01201B6898474FF08074002518F047
S3150802E030020F12D0654B5E495B6C03F460424A6478
S3150802E040002A00F09E801A0400F19E809D0440F189
S3150802E0509E804FF0006300251C43C8F340384FEA00
S3150802E06048085C4B3B40002B4BD017F4206F0AD074
S3150802E0704FF4B96206210020FAF706FB002000F0E9
S3150802E080FDFE27F48027F80506D5FF22484B44F4FF
S3150802E090C0649A60FFF71AFD17F0090F0BD040F219
S3150802E0A0DD5208210020FAF7EFFA00F0DBFE4FF006
S3150802E0B03A4301225A6317F0106F0CD040F2E65227
S3150802E0C009210020FAF7E0FA00F0CCFE00221146F8
S3150802E0D01046FCF7D5FE17F4202F0AD040F2EE526E
S3150802E0E007210020FAF7D0FA002000F0C7FE27F42D
S3150802E0F08027F90301D5FDF715F8002FB8BF48F0B8
S3150802E10008087A070ED54FF03A431B6B13F4005FE3
S3150802E1104FF4005317BF234A2F4A136344F40004EB
S3150802E12008BF13637B0548BF44F0040417F4802331
S3150802E130029300F0B980FCF7ABFF013806284DD8E8
S3150802E140DFE810F073017601730179017C017F0122
S3150802E1507F01019637E7044644E7FFF773FE144B3F
S3150802E160C3F844B015F4805305D115F4806505D07B
S3150802E1704FF080645AE74FF0804457E74FF08054D7
S3150802E18055E74FF0007366E74FF0004363E74FF039
S3150802E190005360E74446454663E700BF004000B8BF
S3150802E1A0006000B8002000BA004001B8006001B85B
S3150802E1B0002002B800E100E000C001B800E001B8A2
S3150802E1C0003E00B048F60408A8560020000002B82F
S3150802E1D0BC640020090B0B89001000BA40F21F62CA
S3150802E1E003210020FAF750FA4FF03A420121D2F8F9
S3150802E1F08C30D2F8AC0003F00703063301FA03F3B6
S3150802E200C0F30C001B1A9BB2072B12D9994B5B6CF5
S3150802E21058020ED49848D36CD26E406D58B103F0AA
S3150802E220070306339940C2F30C03C91A89B20729B0
S3150802E23001D844F40074914B1B78002B34D04FF06C
S3150802E2403A43D3F8143113F4A02F2DD18C4BDFF8AF
S3150802E2506CB21B7883B9F3040ED49BF800305BB119
S3150802E2608849C4F3C003D1F8081F83F001035B0091
S3150802E27021FA03F3980717D10420FDF7E3FC824B32
S3150802E2808249596700F022FB9BF8003043B9804B5C
S3150802E2901B782BB17F4B804A1B682340134201D15E
S3150802E2A044F4804426F48056BAF1000F27D01AF4B3
S3150802E2B0805F18BF44F480241AF4807F18BF44F4A0
S3150802E2C000241AF4005F18BF44F010041AF4007F01
S3150802E2D018BF44F020041AF4806F18BF44F04004B3
S3150802E2E01AF4006F18BF44F080041AF0805F06D053
S3150802E2F06A4B0021186845F48055FBF7DDFCB9F135
S3150802E300000F3DD019F4802F18BF45F4007519F493
S3150802E310803F05D0624B03201B6844F4805498471B
S3150802E32019F4801F18BF44F4003419F4001F18BFEB
S3150802E33044F0020419F4003F18BF44F4801419F497
S3150802E340800F18BF45F0100519F4002F18D04D4B51
S3150802E350D3F8D83E13F0C00F12D0464BDA6802F053
S3150802E3603062B2F1407F05D19A6CD10602D4DB6CD9
S3150802E3701A076DD54FF400224A4B29F40029DA61AF
S3150802E380002E00F04B8133051ED54749DFF8F8B059
S3150802E39091F803A0454ABAF1000F00F091804FF4B4
S3150802E3A000600AF1FF3A50665FFA8AF2CA703AB911
S3150802E3B03F4A1278002A4ED040F601423D4B5A6730
S3150802E3C00022134614431D43B00009D52E20FDF73B
S3150802E3D06FFB4FF00052354B45F008051A675A662F
S3150802E3E0F10608D52B20FDF763FB10222F4B45F4C7
S3150802E3F000151A675A6616F0306F40F0A980F204C3
S3150802E40040F10081019B002B40F0E080264A1379F7
S3150802E410002B00F05081013BDBB2137113B9254B77
S3150802E420254A5A6700231C43ECE044F48034DBE6B1
S3150802E43044F40064D8E644F48064D5E644F480746F
S3150802E440D2E6174B02201B6844F008049847CBE62D
S3150802E45044F4001494E7DBF8782012F4A05F15BFA1
S3150802E4604FF4807240F60142CBF85820CBF8782058
S3150802E470A6E700BF000002B8004000B8EC60002022
S3150802E480EB600020003000B000C001B800000101B6
S3150802E490E7600020D03E0020088D01008C53002042
S3150802E4A0BC640020002002B8D460002000E001B855
S3150802E4B0E660002000D001B80000010DE8600020E7
S3150802E4C00320FDF7BFFB4FF40061A04A5166DBF853
S3150802E4D0141011F0060126D05046FDF7A7FDDBF809
S3150802E4E06410DBF87030994A0B4013F0100F1FD0F6
S3150802E4F010232D2013675366FDF7DAFA4FF4001A34
S3150802E5009349944AB1F8823013F4006F1CD023F46D
S3150802E5100063A1F88230137803F0FF025BB14FF46F
S3150802E520004253464EE741F61F705067CBF8781003
S3150802E5304FF0000AE4E70392FDF766FEFFF782FC56
S3150802E540039A4AF020033DE713784FF40052E8E7AE
S3150802E550330115D52920FDF7ABFA7F4B7F49DB68D6
S3150802E56003F48042C3F380330B70FFF7EDFA28B148
S3150802E5707B4B76497B484B660367D2B945F004055F
S3150802E580B00123D50420FDF75DFB2720FDF790FA9D
S3150802E590FFF758FC4FF000726C4B5A66724BD3F871
S3150802E5A0082F520670D40222704B9A6045F0020573
S3150802E5B023E00B6720204B66FDF77AFA45F400152F
S3150802E5C02D2045F00C05FDF773FAD9E716F0807F82
S3150802E5D0DFF89CA143D00420FDF734FB2820FDF781
S3150802E5E067FADAF87830002B35D1FFF72BFC574B50
S3150802E5F05B4A45F001051A675A66FFF77BFA00225D
S3150802E6005B4B9A65B30409D55A4A5379002B00F035
S3150802E6109880013B5371002348EA03084246204684
S3150802E6202946FFF779FA029B0BB1FCF769FD4FF011
S3150802E6300042514B07F00437C3F814714F4B19F4D3
S3150802E640002FC3F880211EBF4FF40022474BDA6120
S3150802E65007B0BDE8F08F0023CAF87830C7E7F1049F
S3150802E660CDD50420FDF7EEFA454BCAF87430FDF70E
S3150802E670CBFDDAF8643013F0407FC0D12A20FDF7CB
S3150802E68017FAFFF7DFFB89E7D3F8D83E9B068DD446
S3150802E69002223C4B9A603C4B1B6893F8253098073C
S3150802E6A084D52B4B93F8F430002B3FF47FAF8022AE
S3150802E6B0294B1A617AE70420FDF7C4FA0320FDF70D
S3150802E6C0C1FA2B4B2E4A5A671BF03FFA82460DF1C6
S3150802E6D01700FEF7EDF82D4B83461B780BB1FFF7B3
S3150802E6E0F5F9BBF1030F0ED1DFF86CB00020FEF787
S3150802E6F0DFF8032807D1DBF82830D907F6D4DBF888
S3150802E7004830DA03F2D49DF81730032B06D10122DA
S3150802E7101F4B50461A701BF013FA83E64FF03A4322
S3150802E720D3F8143113F4A02FF1D100F0CFF85046E4
S3150802E7301BF006FA174B03201B6898474FF48043D1
S3150802E74071E60520FDF77EFA012365E700E001B8C8
S3150802E750003E00B0E6600020000002B8E560002036
S3150802E7601000002000D001B8003000B0002002B826
S3150802E77000C001B8D4600020002000BA00E100E021
S3150802E78000000101001002B88C530020E960002045
S3150802E790EB600020BC6400200122024B1A62DA6197
S3150802E7A0704700BF002002B8094A08B5D369116A42
S3150802E7B00B40084923F47F00DB07C86106D5D168F8
S3150802E7C04FF0FF30C1F3036119F0EAFC08BD00BF40
S3150802E7D0000002B8002002B80C4A08B5936CD26C45
S3150802E7E013400B4A9364DB070FD50A4B40F67902AE
S3150802E7F01878122100F00100F9F746FFBDE8084033
S3150802E800002201200021FFF787B908BD00C000B821
S3150802E81000E000B8D03E002038B50B4C0B4DD4F8BA
S3150802E8208430DB0706D4A36FD4F884201340084A41
S3150802E830936738BDD5F804315A06F0D500F070FE54
S3150802E8404023C5F88431EAE7008001B800E100E018
S3150802E85000A001B808B51BF078F90E4B1A78A2B9D0
S3150802E8600D4A126812F4843F0FD10C4A1021116521
S3150802E8701B7863B9084B1B68DB0508D4074B2022B3
S3150802E8801A65BDE808401BF05BB9054AEEE7044B7A
S3150802E890F5E700BFEC600020D03E0020002002B859
S3150802E8A0001002B810B51BF050F90E2104460320D9
S3150802E8B0FDF756FF40F20122034B2046BDE8104001
S3150802E8C0DA621BF03DB900BF004000B80022044BD3
S3150802E8D01A70044B197811B11A70FFF7BBBF70474B
S3150802E8E0EB600020EC60002038B51BF02EF94FF0E3
S3150802E8F08043244C0546C4F88030BFF34F8FBFF3DC
S3150802E9006F8F4FF00043C4F88030BFF34F8FBFF3C9
S3150802E9106F8F0123C4F88430BFF34F8FBFF36F8F15
S3150802E9200223C4F88430BFF34F8FBFF36F8F0423DB
S3150802E930C4F88430BFF34F8FBFF36F8FFEF728FCFE
S3150802E9400823C4F88430BFF34F8FBFF36F8F1023A9
S3150802E950C4F88430BFF34F8FBFF36F8F2023C4F8F8
S3150802E9608430BFF34F8FBFF36F8F8023C4F8843090
S3150802E970BFF34F8FBFF36F8F2846BDE838401BF0B1
S3150802E980DFB800BF00E100E038B51BF0DEF8054647
S3150802E9904FF080430B4C23604FF000432360022361
S3150802E9A0636004236360FEF7EBFB082363601023AE
S3150802E9B0636020236360802363602846BDE838408D
S3150802E9C01BF0BEB800E100E02DE9F047DDF820A013
S3150802E9D003EA0108099B06460D4602EA000703EA0E
S3150802E9E00A09BAF1000F40F04F81031F0B4300F0EA
S3150802E9F00F81052871F1000380F0E58050EA0103D2
S3150802EA0000F07581431E0B4300F02581FFF76CFF6A
S3150802EA10B84AD2E9004323EA050324EA06043C433A
S3150802EA2043EA0807B44BC2E900471E6826EA0A0603
S3150802EA3046EA09061E60FFF70DFF14F02A4F0CBFBF
S3150802EA404FF4004348F20203AC4AB007D26EAC4810
S3150802EA5048BF43F4005383EA020122EA0302C2666C
S3150802EA60A84A0B408166D366C4F380421203210387
S3150802EA7048BF42F48072E30648BF42F40052A24BF2
S3150802EA80A50648BF42F40072600648BF42F4806297
S3150802EA902106D96848BF42F4006282EA010323F0DC
S3150802EAA080539A4819401A40C1608360984B17F4FC
S3150802EAB0007FDA60974B07F4007200F004810122A6
S3150802EAC04FF4802583F8A020E30448BF45F4803537
S3150802EAD0A00348BF45F48015A10748BF45F40015B1
S3150802EAE014F4001FDFF8688206D0D8F8000019F07F
S3150802EAF073FB08B945F40025E20248BF45F4003520
S3150802EB00FB06854B48BF45F480051A6A834985EAA0
S3150802EB10020323F001031A400A621D40CB61804BAF
S3150802EB2016F0010F1D627F4B7F4A08BF1A467F4BBC
S3150802EB307D071B6F48BF42F000627D4882EA0301E7
S3150802EB4023EA020303677B4B0A4041661A677A4A3D
S3150802EB5004F00103D16CA0F5803081EA030221EAB0
S3150802EB600301C16482641A40744B2002DA64D8F83D
S3150802EB70002048BF724B92F8022158BF714B6107B9
S3150802EB8048BF43F4806322B114F4C06F18BF43F43C
S3150802EB90807332074FF03A42BDE8F047D2F81811AF
S3150802EBA048BF43F0004383EA010222F4A0226648E2
S3150802EBB01140C0F818111340C0F81421634AC2F86C
S3150802EBC01831FFF7E1BEA0F580630B4306D020F4A7
S3150802EBD08063A3F500730B437FF418AF1AF0B5FFF1
S3150802EBE04449D1E9003223EA060322EA050242EA47
S3150802EBF008023B43C1E90032554A126892F80211EB
S3150802EC00514A09B313F4C06F1ED04FF4807311E052
S3150802EC101AF09BFF374AD2E9003123F004033B433B
S3150802EC2041EA080157EA0807C2E900314FF480634E
S3150802EC30454A0BD0C2F81431A2F58052C2F81831EF
S3150802EC40BDE8F0471AF07CBF4FF48073C2F818315A
S3150802EC50C2F81431F4E71AF078FF264AD2E90031ED
S3150802EC6023F001033B4341EA0801C2E900310123CB
S3150802EC70384A57EA08071BBF9364A2F58052D36441
S3150802EC80D36408BF9364DBE750EA01037FF4BEAEA0
S3150802EC90BAF1010F7FF4BAAE1AF057FF164A136893
S3150802ECA023F0010343EA090313604FF40053204A91
S3150802ECB0B9F1000F04D05366A2F580521367BFE775
S3150802ECC013675366BCE793F8A01071B183F8A020C6
S3150802ECD0214BD3F8A41003F50053C3F8A410C3F8C4
S3150802ECE0A0104FF05023C3F8A4200025ECE6BDE897
S3150802ECF0F08700BFD03E0020AC560020004000B886
S3150802ED00006000B8005000B8004001B8006001B8C1
S3150802ED10005001B8003F00B0000002B8002002B857
S3150802ED20001002B8041800030438000300C001B832
S3150802ED3000E001B800D001B800C000B800D000B8A1
S3150802ED400D0A0A09090A0A09002000BA001000BABF
S3150802ED508C53002000E000B800400050024B1868AF
S3150802ED6000F00100704700BFD03E0020014B5879E1
S3150802ED70C0097047D03E00200A4B197801F0FF02FD
S3150802ED8029B10021197008499202C1F80821597857
S3150802ED9001F0FF0229B1002159709302024AC2F812
S3150802EDA00C317047E3600020005000B84FF400624F
S3150802EDB0034B5A644FF40042A3F5E0339A66704750
S3150802EDC0001002B8F8B5084C084D636C0423084FC6
S3150802EDD06B64636C5B0300D4F8BD042602207E6470
S3150802EDE019F049F96E64F4E7000002B8001002B897
S3150802EDF0002002B838B5044671B940B1154BDB6834
S3150802EE0013F0606F04D04FF4C062134B9A6538BD95
S3150802EE10124B1B6CD907F6D4FFF744FD0D4D0020A3
S3150802EE20FDF746FD032801D0092805D1AB6ADA07A2
S3150802EE30F5D4AB6CDB03F2D4FFF7C4FF0122084B0F
S3150802EE405A6102229A62042203F580535A64002CFC
S3150802EE50DDD0D8E7000002B8006001B800C002B8E9
S3150802EE60001002B808B503210920FDF779FC202213
S3150802EE70014B1A6108BD00BF000002B838B5054645
S3150802EE801AF063FE0E4B04461868FCF725F835B1EE
S3150802EE90FFF71CFD2046BDE838401AF051BE094B63
S3150802EEA01B78002BF6D0084B1D78002DF2D1FFF700
S3150802EEB00DFD2A464FF480400021FEF72DFEE9E7B4
S3150802EEC08C530020EB600020EA6000202DE9F84F01
S3150802EED0544B07460E4615465C6C002A40F0A08045
S3150802EEE004F0A004003C18BF0124FBF75FFBA02333
S3150802EEF04FF0000A4C4A03205364FCF7A3FE042091
S3150802EF00FCF7A0FEDFF84C81FFF7E0FC474B4FF019
S3150802EF10040BC8F87430C8F878A0FFF753FF444BBF
S3150802EF20414AD3F8D81EDFF8FC9041F02001C3F815
S3150802EF30D81EFF2191604FF48071C9F81010D3F8DA
S3150802EF40081F3C480840C3F8080FC2F844B0C3F883
S3150802EF50E0AED8F8143013F0060F04D0FDF754F9D2
S3150802EF605846FCF76FFE0CB1FFF720FF47B1FFF7D3
S3150802EF7099FCFFF777FF0420FCF764FEFFF7FCFE17
S3150802EF80D9F81430D90749D5264AD36813F0706FD1
S3150802EF90FBD1254B284A5A64284AD2F8803023F0F6
S3150802EFA0F003C2F8803016B12846FFF767FF244BF4
S3150802EFB0D3F84C315A1C01D05B0002D501221A4BF8
S3150802EFC05A615DB31F4BDA6E03F500539A6603F571
S3150802EFD0D0331B6A144A23F00103D3611A4BD9684A
S3150802EFE003F50053996003F50053D3F8841003F52B
S3150802EFF0005399674FF03A43D3F8181103F50053B3
S3150802F000C3F81411114BD96C03F5005399641049CE
S3150802F01003F5803359664FF608435364BDE8F88F03
S3150802F020002462E7000002B8002002B800000101CD
S3150802F030003000B0DF0000FF10003000003F00B0D3
S3150802F0400080E00F004000B8004001B800C000B8D8
S3150802F0505000002F00C001B838B514460D461AF004
S3150802F06074FD064BD3F8D82E54402C405440C3F8AE
S3150802F070D84EBDE838401AF063BD00BF003000B074
S3150802F080034BD3F8D83E99430CBF012000207047A2
S3150802F090003000B02DE9F04115460A43012A1C4604
S3150802F0A09DF818809DF81C70089E27D8B84525D269
S3150802F0B0082F23D8032B21D806B30A460021FAF7CC
S3150802F0C0ADFCE300FF249C404146E443DFF830C030
S3150802F0D0701E4FEAC50ECAB2974202D80020BDE892
S3150802F0E0F0810EEB01060CEB8606326910F8015F19
S3150802F0F022409D40154335610131ECE72120EEE7B8
S3150802F100003F00B0174BD3F8D82E12F0010312D0E5
S3150802F110154B93F86430154A43F08073C2F8D03021
S3150802F1204FF4801302F50052C2F8B430A2F58052A9
S3150802F130C2F8B83070471106EDD40B4B93F863103A
S3150802F14021B1D20602D593F86030E4E74FF4801273
S3150802F1500020074B0549C3F8B820C1F8D000C3F808
S3150802F160B4207047003000B0003F00B0004000B83D
S3150802F170006000B870B5164E032804460D4633786B
S3150802F1801ED023FA04F202F0010295421DD053B1B1
S3150802F1900122A240A54023EA02032B43DBB23370C5
S3150802F1A04BB1012070BD2DB10A4B01201B6898474F
S3150802F1B03378EDE73570074B00201B689847F0E770
S3150802F1C09A07DED003F0FC03E9E7002070BD00BF12
S3150802F1D0EE600020E8560020F8B505460C461AF0FF
S3150802F1E0B4FC104F06463B7833B1012D04D01CB946
S3150802F1F00D481AF0DDF93C7021462846FFF7BAFF9A
S3150802F2000A4B04461B783BB93B782BB918F0ACFD80
S3150802F21010B1074B1B68984730461AF091FC2046F6
S3150802F220F8BD00BFEF600020C0560020EE60002047
S3150802F230A4640020054A0B46117831B100211170E9
S3150802F240034A01215268187810477047EF60002078
S3150802F250A464002038B5074D04462B78834207D0AC
S3150802F260FAF74CFD20462C70BDE83840F2F7EABDA5
S3150802F27038BD00BFED6000201B4B022910B518707F
S3150802F28002D0032904D010BD184B1B78002BFAD1E3
S3150802F290F8F78AFE0028F6D04FF00052144BC3F84E
S3150802F2A08020BFF34F8FBFF36F8FFAF7B9FC0028A0
S3150802F2B0E9D0FAF767FC0028E5D10E4B1C6834B191
S3150802F2C023689847BDE810400020FAF70BBD18F0EE
S3150802F2D0AFFA094B18601AF0E8FE084B1860204688
S3150802F2E0FAF7A6FCEEE700BF01650020ED600020F4
S3150802F2F000E100E0E0550020E4560020E056002038
S3150802F30038B504460D46F8F74FFE80B14FF0005265
S3150802F310124B1A60FAF784FC48B9012D07D8012066
S3150802F320FAF7E0FC0E4B1B6823B15B6898470D4B56
S3150802F3301C7038BD1AF0B9FE0B4B1A68801A186091
S3150802F3401AF0E8F94FF47A72084B1B6802FB003090
S3150802F35018F070FA0120FAF76BFCE8E700E100E022
S3150802F360E055002001650020E0560020E456002002
S3150802F370F0B585B01AF0E9FB334D04462B7823B174
S3150802F38032481AF015F9002847D11AF0A1F902AA4B
S3150802F39003A918F0D3FC0346002837D018F0E2FC7C
S3150802F3A0029B98421BD10020294B03991B68294EC0
S3150802F3B0994230701FD90027C91A012323482B7096
S3150802F3C0254A3346019700971AF047FE68BB234A37
S3150802F3D01378D90701D5317861B3204611E018F0C0
S3150802F3E0BFFC029B98421ED0002318461849194AA8
S3150802F3F00968137003910121FFF7BCFE002320461A
S3150802F4002B701AF09DFB002005B0F0BD20462B702C
S3150802F4101AF096FB212005B0F0BD20461AF090FBA3
S3150802F4200E2005B0F0BD0220BEE7032320462F704A
S3150802F4303370F3E703F0FE031370002BCDD1084BAC
S3150802F4401B6898472046DCE7EF600020C05600207C
S3150802F450B85500200065002035F20208EE6000204B
S3150802F460E8560020002208B50F4B10491A70104BB7
S3150802F470104A11481A60114A5A60F2F783FC104979
S3150802F4801048F2F77FFC104A104B1A60104B5B6F5C
S3150802F49003F44073B3F5007F02BF02220D4B1A60D4
S3150802F4A0F2F7F0FD002008BDEF600020B8F6040868
S3150802F4B0A464002071F30208B0560020D9F10208AC
S3150802F4C0C0F60408B856002055F20208E85600208D
S3150802F4D000400050B855002002220E4B10B41A64A0
S3150802F4E00D4AA3F5005314685B687CB1DBB2042BA2
S3150802F4F007D100220121094B186823465DF8044BFF
S3150802F5001847052B02D100221146F4E75DF8044B91
S3150802F510704700BF00A00950E85500208C53002010
S3150802F5200C4B10B51C6C5A6C14400B4A24F00201A1
S3150802F5301164E20705D54FF4DE7200201968F9F75F
S3150802F540A3F8A30704D5BDE810400248FFF7C4BFD5
S3150802F55010BD00BF0080095000A0095007B51AF077
S3150802F5609DF86A461AF0F8F800B1FEE7009803B06B
S3150802F5705DF804FB4FF0FF3070474FF0FF3018F08C
S3150802F58055B9F2F7BFBD00B9FEE740681AF010B8E0
S3150802F590F8B504460E4607681AF0EAFA0023256A01
S3150802F5A023621AF0E0FA002D00DCF8BD3846013D68
S3150802F5B0B047F8E710B5044600B9FEE7037F1BB16A
S3150802F5C0436998470023237710BD00B9FEE74168CF
S3150802F5D04FF0FF3017F070BF38B5044600B9FEE7A2
S3150802F5E0038B428B9A420CD900220133027703839A
S3150802F5F0D0E90253984701462046A84701232377B4
S3150802F60038BD036A01330362FFF7D4FFBDE8384009
S3150802F61000F05CBE2DE9F843064614460D46FFF790
S3150802F620C9FF3369984700272D1947EB07032C1A98
S3150802F63063F10005012C75F1000309DA336A3046D5
S3150802F64001333362FFF7B6FFBDE8F84300F03EBE6A
S3150802F650D6E902839847A04277EB05031CD2F368E2
S3150802F66098473B46024629462046F7F75FFCF36869
S3150802F670914698473B46024629462046F7F756FCE6
S3150802F6804C4683B200227383214630463283C047F2
S3150802F69001233377BDE8F8833B46F3E7D7F71AB871
S3150802F6A008B5F7F729FB322008BD10B504464FF412
S3150802F6B0B272002117F0BEFC204610BD10F1840F6D
S3150802F6C014DA10F1990F21DB993014281ED8DFE8D5
S3150802F6D000F00B1B1B1D1B1B1D1D1D1D1919191DBA
S3150802F6E0131915171F111B0006207047003818BF7B
S3150802F6F0012070470C207047182070470D2070476C
S3150802F700172070470320704708207047012070476A
S3150802F7100720704738B50D46044658B103683BB909
S3150802F7200346012208212846F2F7FCF920B9A580EA
S3150802F730002038BD0720FCE70320FAE708B50FF0DA
S3150802F74051FFBDE80840FFF7B9BF08B50FF05CFFE7
S3150802F750BDE80840FFF7B2BF10B5044686B01822C6
S3150802F7600021684617F066FC694620460FF046FFF8
S3150802F770B0FA80F0400906B010BD10B5044638B19B
S3150802F7800421FFF7C7FF10B923681BB1186010BD23
S3150802F7900720FCE70D20FAE728B103681BB18A683F
S3150802F7A000201A6070470720704710B5044660B1FA
S3150802F7B0006850B10021A28817F03CFC20681AF0B4
S3150802F7C027FC00202060A08010BD0720FCE738B582
S3150802F7D0054610B90724204638BD0320EFF7E6FB95
S3150802F7E001462846FFF796FF04460028F3D1286803
S3150802F7F00028EFD0FFF759FFEDE738B5044698B170
S3150802F800006888B10FF029FFFFF758FF0021A28888
S3150802F8100546206817F00EFC20681AF0F9FB00234B
S3150802F8202360A380284638BD0725FBE7182270B552
S3150802F8300C46002194B006680DEB0200049117F0FD
S3150802F840F9FBA06806A90FF0D9FE98B90CAD2022DB
S3150802F8502946A06805AB0FF0C5FE58B9059B00906E
S3150802F860CDE90153DDE90832BDF8181004A80FF0F6
S3150802F8706DFE08B100230493049D65B129463046FE
S3150802F880EAF756FBFFF71AFF044628460FF0BCFEB6
S3150802F890204614B070BD0124FAE708B500680FF0D7
S3150802F8A0C8FEBDE80840FFF709BF08B500680FF0B3
S3150802F8B0C7FEBDE80840FFF701BF30B50546B9B037
S3150802F8C018B90724204639B030BD0020EFF76EFB81
S3150802F8D001462846FFF71EFF04460028F2D12D6886
S3150802F8E0002DEED068460FF0BEFEE0226946284695
S3150802F8F017F0EBFBE6E738B5044698B1006888B11D
S3150802F9000FF0B9FEFFF7DAFE0021A2880546206845
S3150802F91017F090FB20681AF07BFB00232360A38074
S3150802F920284638BD0725FBE708B540B1006830B15F
S3150802F93029B10FF0ACFEBDE80840FFF7BFBE0720AD
S3150802F94008BD13B50024019450B1006840B139B11D
S3150802F95001AB0FF0A3FE02B0BDE81040FFF7AEBE42
S3150802F960072002B010BD10B50C4692B099B16B468D
S3150802F970412201A90FF0A3FE0DF105030DF145027F
S3150802F98053F8041B934244F8041BF9D112B0BDE89C
S3150802F9901040FFF793BE072012B010BD704708B596
S3150802F9A00FF087FE003818BF012008BD008870478F
S3150802F9B02DE9F74F13F0010804460D4617461E4671
S3150802F9C0DDF8309002D1043B0C2B6CD9FEE71046C9
S3150802F9D01B0A421C002BFAD19DF834A0C0B2022899
S3150802F9E038BF0220BAF10D0F28BF4FF00D0ACAF12F
S3150802F9F00F039842B8BFD8B2C0F10F039A45C8BFE1
S3150802FA005FFA83FA2B1E18BF012301385FFA80FBBF
S3150802FA1020467210013A9B0143EAC2034BEA0303EA
S3150802FA205246494600F8013B17F04FFB3A460F2368
S3150802FA3004F110019A4539D3009423468022012005
S3150802FA40216B1AF03EF96DB1B5F57F4F22786378CE
S3150802FA50C5F30720E9B22FD24FF0020842404B40C5
S3150802FA60227063705246494684F810B004F11100B8
S3150802FA7017F02BFB0AF111000021CAF10F022044EC
S3150802FA8017F0D8FA0023C4E90E372364102384F842
S3150802FA9048A06563A4F84480A4F8463084F849600F
S3150802FAA003B0BDE8F08F1346404692E7013B01F8E2
S3150802FAB0012DDBB2120ABDE7D24383F0FE0363705F
S3150802FAC0A3784FF0060883EA1563A370E3782270D9
S3150802FAD083EA1543E37023795840637920715940C4
S3150802FAE06171BFE7836BF7B513441546426B04464B
S3150802FAF093420E4617D84F19B74215D1A36B1D4428
S3150802FB00636BA5639D420CD1B4F8443033B10094BB
S3150802FB10234680220120216B1AF0D3F80023A4F889
S3150802FB20443003B0F0BDFEE7B4F84430102B07D1D9
S3150802FB300094234680220120216B1AF0C2F8002382
S3150802FB405A1CA4F8442016F8012BE15C4A40E254F8
S3150802FB50D2E72DE9F74F1D46036C0E46C16B2B44BF
S3150802FB608B42044629D86FF0100B571E06EB050A7E
S3150802FB7000F12009ABEB000B56451FD1236C1D443F
S3150802FB80E36B25649D4258D3B4F8443033B10094EC
S3150802FB90234680220120216B1AF093F894F8482014
S3150802FBA00E2A4AD8002102F111002044C2F10F029E
S3150802FBB003B0BDE8F04F17F03DBAFEE7B4F8463099
S3150802FBC0102B19D14A4694F848100BEB02039942B6
S3150802FBD006DA12F8013D0133DBB21370002BF4D0BA
S3150802FBE0CDF8009004F1100380220120216B1AF04F
S3150802FBF068F80023A4F846305A1C16F8018B2344E9
S3150802FC00A4F8462093F8203088EA030307F8013F50
S3150802FC10B4F84430102B07D10094234680220120E1
S3150802FC20216B1AF04EF800235A1CA4F84420E25C11
S3150802FC3088EA020804F803809EE703B0BDE8F08F5D
S3150802FC4037B5D0E90F329A4204460D4600D0FEE790
S3150802FC5000F120030093802200F11003016B0120BA
S3150802FC601AF02FF80023621E94F849108B4201DB22
S3150802FC7003B030BD12F8011F92F820004140E95442
S3150802FC800133F1E70023F0B504469DB000680493FA
S3150802FC90FFF78CFE03070D4650D520460DF10F01DE
S3150802FCA005F05FFE002849D1204604A905F079FE31
S3150802FCB0002843D105AF9DF80F2004993B462846F4
S3150802FCC004F051FD204605F0CFFEA36805462046FE
S3150802FCD0159305F09AFF0646204605F0ABFF0D235D
S3150802FCE0023D02463146CDE9007309A8EBB2FFF799
S3150802FCF05FFE2046256805F088FF2946024609A8C0
S3150802FD00FFF7F0FE204605F076FF0546204605F089
S3150802FD1072FF0646204605F08DFF324603462946FF
S3150802FD2009A8FFF716FF204605F09EFF014609A817
S3150802FD30FFF786FF237F43F0100323771DB0F0BD3C
S3150802FD4005F059BF08B50068FFF730FE00F44050C9
S3150802FD5008BD11F0F3BE08B5E9F712FF1B2008BD6E
S3150802FD60022018F051BA0146202018F039BA20208C
S3150802FD7018F04ABA01464FF4004018F031BA012089
S3150802FD8018F042BA0121084618F02ABAFFF7E8BF66
S3150802FD900146022018F024BA042018F035BA0146A2
S3150802FDA0042018F01DBA102018F02EBA01461020A9
S3150802FDB018F016BA0146082018F012BA0146402071
S3150802FDC018F00EBA01464FF4803018F009BA00212D
S3150802FDD04FF4F85018F004BA4FF4807018F014BAB9
S3150802FDE001464FF4807018F0FBB94FF4007018F012
S3150802FDF00BBA01464FF4007018F0F2B94FF480605E
S3150802FE0018F002BA01464FF4806018F0E9B94FF4C7
S3150802FE10805018F0F9B901464FF4805018F0E0B94D
S3150802FE20830410B5044604D501214FF4004018F0A6
S3150802FE30D7F914F4404F08D0002148F2200018F0F0
S3150802FE40CFF9BDE8104019F023BE10BDD7F7AABEF8
S3150802FE5070B504460D46164600F04FF950B94FF4F0
S3150802FE607A72294620467243D7F7B4FBBDE870403A
S3150802FE7000F02CB9052070BD10B49DF80C4003940F
S3150802FE805DF8044BD7F728BFD7F714BFD7F78EBF4D
S3150802FE90830410B500F400540AD501214FF48030CA
S3150802FEA018F09EF9BDE810400021402018F098B9D4
S3150802FEB001F0200121430AD02146402018F090F98A
S3150802FEC02046BDE810404FF4006119F0F6BD10BD9A
S3150802FED0034600F08072D80102D5002018F0C2BB92
S3150802FEE001F0020052EA000104D04FF400711046F4
S3150802FEF019F0E3BD03F0A843034302D04FF480513F
S3150802FF00F6E77047820110B5044602D5012018F0BB
S3150802FF10A9FB14F0084F02D00020FFF740FFA30701
S3150802FF2007D5082018F070F918B1BDE8104018F086
S3150802FF30C7BB10BD70B51C4693020646154601D5C9
S3150802FF4018F092F928462146FFF7C2FFFFF70FFF7E
S3150802FF50F0B128462146FFF763FF290701D518F0B5
S3150802FF60A3FA28462146FFF7CDFFE20502D5304619
S3150802FF7019F0C3FDA30504D5002230461146F8F749
S3150802FF80FFFA14F0C00F08D1BDE8704000F09EB920
S3150802FF9028462146FFF77CFFDFE770BD0020D7F72A
S3150802FFA099B970B51D4680260023044603608282ED
S3150802FFB00671084600F099F89DF810306071A37131
S3150802FFC000B1FEE7A060D7F74BFAB5EBC00F4FEAD0
S3150802FFD0C0032CBFB5FBF3F501252674E560204660
S3150802FFE070BD38B50568044645B12846D7F75CFAA8
S3150802FFF01821284612F06DFA0023236038BD40798D
S3150803000000F077B838B5044619F042FD207DD7F7D6
S315080300107DFB0546E0B1D7F721FB854203D07F2157
S315080300202846D7F781FB80210846D7F741FB10B14D
S31508030030012000230AE0207DD7F71EFB0028F7D10D
S315080300402046D7F71DFA0028F2D10123236038BDCD
S315080300502120EEE710B50446C068A3680138C31A21
S3150803006058425841D7F72CFB10F5007F02D180235D
S31508030070237408E0031EB8BF033394F9102043F32F
S3150803008087039A42F4DB10BD10B51446EAB110464D
S31508030090FFF7E0FFA368E26801339A42A36004D935
S315080300A02046BDE81040D7F7EBB994F91030237111
S315080300B002232360A37913B12046D7F701FABDE8D3
S315080300C0104000218020D7F7F3BA10BD04280AD0C0
S315080300D003D8003818BF01207047213801288CBF80
S315080300E0012007207047052070470020704700202D
S315080300F0704701F06FB801F06DB800207047D7F765
S315080301005DBB00F027B84FF480707047D7F7D0BAB5
S31508030110D6F7F6BBFFF733BEFB20704710B50C4680
S3150803012039B1D7F70FFC0A2390FBF3F020700020B0
S3150803013010BD0720FCE76FF06300704708B5FFF7AB
S31508030140AFFAC0B208BD0C20704710460A461946D6
S3150803015000F0DDB800EB800008B54000D7F7E4FBF4
S3150803016000B1FEE708BD38B505460C46D7F7E4FBEC
S31508030170042807D104EB840464002846D7F7E8FB70
S3150803018020B1FEE7D7F7DEFB0446F6E72046D7F7A6
S31508030190CBFB00B1FEE738BD037A02680079134347
S315080301A043EA0020704708B5FFF79FFF400308BDE1
S315080301B030B5044689B008460D46FFF7F4FF002319
S315080301C000F50030029028460493ADF80C40FFF77B
S315080301D0EAFF092203460792ADF8184008AA12E96E
S315080301E003008DE8030002AA03F5003307CAD7F70D
S315080301F005FE09B030BD08B530B100F0F2FF00289E
S315080302000CBF1120002008BD2220FCE710B50C46C0
S31508030210FFF7F1FF10B9202C28BF0F2010BD70B5CA
S315080302200546FFF78DFDA8B10478AE8804F03C03B4
S315080302300C2B08BFC4F34004284614BF002484F0DB
S315080302400104FFF77FFD092E05D914B1B0FA80F42E
S315080302506409204670BD0024FBE708B5FFF71EFABC
S3150803026018B9BDE80840D6F7B7BC08BD0120D7F7CB
S31508030270C1BF08B5FFF7F1FF00280CBF0120042012
S3150803028008BD10B519F061FC0446F6F735FD40B113
S31508030290FFF7E3FFD7F7AEFF2046BDE8104019F096
S315080302A04FBC0120F6E70078B0FA80F040097047A2
S315080302B001230370704708B5F7F7E2FDD6F720FA6E
S315080302C0D6F742F8BDE80840D6F702BDFFF7D9BF0F
S315080302D010B50446D6F7B8FC2046D6F74DFF204698
S315080302E0D6F758FAFFF7F2FF10BD10B5044619F012
S315080302F030FC4FF000534FF20F021C805A80BFF3B5
S315080303005F8FBDE8104011F019BCD8F7C9BB2DE9BA
S31508030310F041804615460F4600294BD0E8070FD40F
S31508030320A9070DD46A070BD42B07C5F3C00607D450
S31508030330D8F7FCFC0268144604BB1720BDE8F08115
S31508030340D8F7F4FC0468002C2FD1D8F705FD046808
S31508030350002C31D02368102203600021204616F0B2
S3150803036069FED8F7E3FC0368236004602571A4F8E3
S3150803037006803B68A3607B68E3600EE0E18841453D
S3150803038002D026462468D7E74EB90AB11368036034
S31508030390D8F7E2FC0368236004600020CEE73268DE
S315080303A0002AF5D012683260F2E7E3884345DDD0C8
S315080303B02468C8E70720C1E70320BFE738B5054621
S315080303C010B90024204638BD037A012B0AD1D8F781
S315080303D0ADFC2B880468002CF3D0E2889A42F1D04E
S315080303E02468F8E7022BECD1D8F7A0FC0468002CA4
S315080303F0E7D008222946A01816F0F3FD0028E1D015
S315080304002468F4E710B5D8F791FC00240460D8F7FC
S31508030410A3FC021D00F1B4012346144610328A4296
S31508030420036000D110BD42F8103CF5E70088704719
S315080304300368187800F00700831E5842584170472E
S315080304401FB500230C4601A98DF80C3005F005F9F4
S31508030450024638B99DF80C30012B06D0022B09D079
S3150803046003B92072104604B010BD2372BDF80430D8
S315080304702380F7E7237201AB03CB20606160F1E7C2
S3150803048008B50068FFF7D2FF00F44050A0F5005303
S315080304905842584108BD05F02DBC08B50068FFF75A
S315080304A0C5FFC0F3C00008BD07B50DF1070105F088
S315080304B068FA40B99DF80700A0F108035842584165
S315080304C003B05DF804FB0020FAE7002307B50DF136
S315080304D007018DF8073005F0A2FA9DF8070003B067
S315080304E05DF804FB05F0AFBA05F06BBA8C30DAF7A2
S315080304F077BC8430DBF7E4BB08B5806800F08CFE74
S31508030500002008BDA030DBF72FBC3830DCF758B81D
S31508030510AC30DCF799B83030DBF71EB84030DCF77F
S3150803052037BE0968006816F0C6BD1FB504460868D5
S3150803053058B954F8080F694601F0D4F910226946E8
S31508030540204600F094FC00200AE0102269460EF0CB
S31508030550DDFD28B96946A06801F0CEF90028F2D076
S3150803056004B010BD37B50D4604460DF105012868DC
S315080305700EF05DFD20B99DF805301F2B02D9072023
S3150803058003B030BDA06800F0C6FE01239DF8052020
S3150803059093400342F3D068680DF106010EF09CFD03
S315080305A00028EDD1BDF906209DF80510A0680AF0CC
S315080305B043FBE5E7F0B504460D460026A1B0227DC8
S315080305C0F3B29A421BD92269284652F83310DF0040
S315080305D00EF0BDFD01360028F1D0694628460EF017
S315080305E0BBFD236928463B44A4695E680EF0BFFD3C
S315080305F0411E01AA2046C9B2B04721B0F0BD232047
S31508030600FBE713460A4601461846D9F7D5BAD9F77A
S315080306102DBD0B4601461846D9F736BD0B4601468E
S315080306201846D9F743BD0021D9F7E6BCC068FFF7DA
S31508030630FABF037F03B9FEE7203003F0AEBB01B967
S31508030640FEE7D9F791BED9F7BFBD10B50446D9F76A
S31508030650ABFA2146BDE81040FFF7F1BF0FB437B533
S3150803066006AC54F8045B0194D9F79EFA2246294648
S31508030670083000F0ECFB03B0BDE8304004B0704727
S31508030680082200F0F4BB37B50D6804465DB954F883
S31508030690080F6946DCF784FF20466946FFF7F0FF33
S315080306A0284603B030BD0720FBE737B50C68054677
S315080306B054B955F8080F00F033FE01462846FFF7EC
S315080306C0DFFF204603B030BD0822694620460EF0F8
S315080306D01DFD0028F6D16946A86800F025FEF1E756
S315080306E037B50C68054654B955F8080F01F0BBF839
S315080306F001462846FFF7C4FF204603B030BD08224B
S31508030700694620460EF002FD0028F6D16946A86818
S3150803071001F0ADF8F1E710B40446184613460A4645
S3150803072021465DF8044BD9F733BFF7B50D4609687B
S3150803073007461E46D8F772FF044650B1286801A932
S315080307400EF031FD044620B96B682BB90199386858
S31508030750B047204603B0F0BD0724FAE773B50C4645
S3150803076006460DF10701206815460EF060FC28B908
S3150803077063682BB99DF807103068A84702B070BDA7
S315080307800720FBE773B50C46064601A920681546FC
S315080307900EF009FD20B9636823B901993068A847A3
S315080307A002B070BD0720FBE773B50C4606460DF18C
S315080307B00601206815460EF04BFC28B963682BB969
S315080307C0BDF806103068A84702B070BD0720FBE7DE
S315080307D0D1E9002300F054BBD1E9042300F050BB50
S315080307E00822413100F043BB10225E3100F03FBBC3
S315080307F0493100F057BB10B40C680B46216839B170
S3150803080004341C6002F130005DF8044B00F056BC5A
S3150803081007205DF8044B70470968006816F04BBC5F
S315080308200968006816F047BC10460B681A1D0A606B
S3150803083000F14101082218680EF068BC10B5144689
S315080308400B681A1D0A60186804F11001E8F77EFFA1
S3150803085008B92083A07610BD0B68181D08601868B0
S3150803086002F154010EF09FBC1022203100F0FFBAAA
S3150803087010460B681A1D0A6000F15E0110221868FB
S315080308800EF044BC0B68181D0860186802F1740161
S315080308900EF089BC10B514460B681A1D0A60186851
S315080308A02146E8F753FF08B92081A07210BD30B579
S315080308B00B6885B015461A1D0A60186869460EF056
S315080308C01BFC044628B96B4603CBC5F84900C5F893
S315080308D04D10204605B030BD10460B681A1D0A6038
S315080308E000F12001102218680EF010BC0B68181DC1
S315080308F00860186802F15A010EF0AABB0B68181DA6
S315080309000860186802F15C010EF0A2BB0B68181D9B
S315080309100860186802F158010EF09ABB13B50B4626
S31508030920FE211868ADF806100DF1060114460EF0FF
S31508030930FBFB18B9BDF8063084F8FE3002B010BDCB
S315080309406E31DAF777BB13460A4603F16E01DAF717
S31508030950CDBB0968006816F0AEBB13460A460146C6
S315080309601846DAF7FFBF13460A4601461846DBF769
S3150803097085B813460A4601461846DBF7CBB813462D
S315080309800A4601461846DBF719B90968006816F0DE
S3150803099092BB30B50C4687B0054602A920680EF00F
S315080309A0ABFB98B960680DF106010EF040FB68B918
S315080309B0A0680DF107010EF03AFB38B99DF8073028
S315080309C09DF80620286802A900F0B7FD07B030BDD8
S315080309D0C0E90012027A22F007020272704713680E
S315080309E07BB100230B701368013B13F8010F00B9A1
S315080309F070476D38052804D8DFE800F00E030305B1
S31508030A000A12072070470A7842F001020A70ECE7D7
S31508030A100A7842F00202F9E70A7842F00402F5E797
S31508030A200A7842F00802F1E710B40446184613465A
S31508030A300A4621465DF8044BDBF728BB10B4044687
S31508030A40184613460A4621465DF8044BDBF76ABB8C
S31508030A5010B50446DBF744FB237A9A0708D523F037
S31508030A600203204623720021BDE81040DBF752BB80
S31508030A7010BD13460A4601461846FFF7E9BF10B5E7
S31508030A800446DBF72DFB237A5A0708D523F004031C
S31508030A90204623720021BDE81040DBF73BBB10BD9F
S31508030AA013460A4601461846FFF7E9BF0968006870
S31508030AB016F001BBC0E900127047437C5A0744BFCE
S31508030AC0702301F8013B437C1B0744BF612301F8EC
S31508030AD0013B437CDA0644BF642301F8013B437CAC
S31508030AE09B0644BF632301F8013B437C5A0644BF74
S31508030AF0722301F8013B437CDB091CBF6F2301F812
S31508030B00013B837CDB0744BF732301F8013B837CEA
S31508030B109A0744BF6E2301F8013B837C5B0744BFF6
S31508030B20442301F8013B00230B707047037D1B0721
S31508030B3044BF732301F8013B037D5A0744BF6E2361
S31508030B4001F8013B037D9B0644BF612301F8013B82
S31508030B5000230B70704713B9006800F03FBD1720D8
S31508030B60704713B9006800F03EBD1720704713B9E4
S31508030B70006800F03DBD17207047FF2370B5C2B06B
S31508030B8005460DF107068DF8073079B9334600682F
S31508030B9002AA00F00DFD044628B928469DF8072049
S31508030BA002A900F064F9204642B070BD0C24FAE7A6
S31508030BB0C0E90012027A22F001020272704700238A
S31508030BC030B509680A2513604FF47A73013911F8A9
S31508030BD0010F00B930BDA0F13004092C11D8B3F5C3
S31508030BE07A7F02BF1068684310600C781068303C3F
S31508030BF003FB0400B3F57A7F1060E8D0B3FBF5F383
S31508030C00E5E72E2804D1B3F57A7F01D16423DEE71D
S31508030C100720DFE70B4601461846DBF7C3BD0B463D
S31508030C2001461846DBF7E2BD0B6813B504460846CA
S31508030C3053B9206800F060FD01462046DCF70AFC3C
S31508030C400022104602B010BD0DF10701DCF766FC61
S31508030C5002460028F5D19DF8073020681BB11146D6
S31508030C6000F03FFDECE700F041FDE9E710B50C683D
S31508030C7024B9006800F01BFD204610BD0720FCE7D9
S31508030C8010B50C680B4634B1BDE8104000F10801F5
S31508030C901846DCF743BC017ADCF7DCFB204610BDBB
S31508030CA038B50C68054644B9006800F007FD0146E7
S31508030CB02846DCF7CFFB204638BD0720FCE7096842
S31508030CC0006816F0F8B930B50C4687B0054601A991
S31508030CD020680EF011FA50B9606805A90EF0B8F944
S31508030CE028B9A3682BB9286801A900F0DAFC07B06C
S31508030CF030BD0720FBE770B505460E46144604B912
S31508030D0070BD224631462846DCF70AF8E469F6E759
S31508030D1010B404460198019313460A4621465DF822
S31508030D20044BDCF78BB800F10C01006800F036BF02
S31508030D3010B50C680B4634B1BDE8104000F1080144
S31508030D401846DCF7EBBB017ADCF784FB204610BDBB
S31508030D500968006816F0AFB9012310B50446C0E95F
S31508030D6000120372382200210C3016F063F920466C
S31508030D7010BD37B5302305460C468DF8073014B930
S31508030D80204603B030BD012228460DF1070100F0C5
S31508030D90EBFB0028F5D19DF807305A2B08D07A2BA0
S31508030DA008D0392B08D00133DBB2013CA4B2E4E7FF
S31508030DB06123FAE73023F8E74123F6E770B50546DA
S31508030DC0322690B0019103AA0DF10A0101A8ADF8E4
S31508030DD00A600EF0B2F9044608B1242808D1284659
S31508030DE0BDF80A2003A900F0BFFB20B9002CEAD1FD
S31508030DF0204610B070BD0446FAE7DCF70DBAC0E921
S31508030E0000127047002370B5137550EA01030546AF
S31508030E100C4605D1302302F11306D374304670BD50
S31508030E2002F11406284621460A220023F6F77EF81D
S31508030E30303206F8012D2A4623460A2A73F100039F
S31508030E4005460C46EED2E9E7D0E900301847406874
S31508030E50FFF7FABF0EB403B503AA52F8041B0192AF
S31508030E60FFF7F5FF02B05DF804EB03B0704710B562
S31508030E700446DCF723FA2046BDE81040DCF70EBA31
S31508030E8010B50446DCF72AFA2046BDE81040DCF71D
S31508030E9005BA10B50446DCF733FA2046BDE8104018
S31508030EA0DCF7FCB910B50446DCF74EFA2046BDE874
S31508030EB01040DCF7F3B910B50446DCF75BFA2046B5
S31508030EC0BDE81040DCF7EAB907B5009200220B46E5
S31508030ED01146DCF761FA03B05DF804FB0CB473B58D
S31508030EE0054606AC54F8046BDCF7DEF922463146B0
S31508030EF028460194FFF7ABFF02B0BDE8704002B085
S31508030F0070470EB417B5044605AA52F8041B019296
S31508030F10FFF79DFF2046DCF7C1F903B0BDE8104093
S31508030F2003B070470CB473B5044606AD55F8046BA5
S31508030F30DCF7BAF92A46314620460195FFF787FFBB
S31508030F402046DCF7ABF902B0BDE8704002B0704743
S31508030F5070B5064600680C4608B9072070BD2F21F0
S31508030F6016F070F8054688B104F1080101300EF051
S31508030F705EF80028F2D1227A013A3F2AEDD8287082
S31508030F8021463068BDE87040E8F7E0BB1720E5E77F
S31508030F902DE9F341804608680F4616461D46C8B133
S31508030FA011460EF0A9F8002304462B7068B1386879
S31508030FB001A90EF0A6F848B93246404601A900F041
S31508030FC0E1FA044610B901232B700024204602B027
S31508030FD0BDE8F0810724F9E702461378084613F0BB
S31508030FE0010F0B461CBF722103F8011B11788907F1
S31508030FF044BF642103F8011B1278520744BF6E22CB
S3150803100003F8012B834204BF2D2203F8012B002288
S315080310101A70704700F513500C3000F0F1BD00F557
S315080310200050B0F83E05704700F514503C30E2F71F
S315080310302FB900F50050B0F83C05704700F5145079
S315080310403C3009F078BE00F50050B0F8400570470B
S31508031050002300F50050A0F84035704700F5EA5024
S31508031060043005F06FBE08B500F5EA50043005F004
S315080310700FFF002008BD00F5EA50043005F019BF3C
S3150803108000F5EB50103005F05DBE00F5EB5010305F
S3150803109005F00FBF00F5EA500430DEF721BE00F570
S315080310A0EA50043005F0B3BD00F5EB501030DEF717
S315080310B017BE00F5EB50103005F0A9BD08B506F0CC
S315080310C051F8182808BF002008BD30B50446C3B038
S315080310D001A80D4605F054FA214601A805F0A8FB18
S315080310E0044640B901A805F08DFA044630B92946E5
S315080310F001A805F0B9FA204643B030BD0724FAE73C
S3150803110070B50D46C2B0064601A805F039FA294658
S3150803111001A805F08DFB044648B9314601A805F038
S315080311200EFC044618B9294601A805F053FB2046C8
S3150803113042B070BD07F0B8BD07F0BBBD00F5CC5093
S315080311400830704700F5C950183009B1DFF718BAE7
S31508031150DFF740BA00F5C950183006F093BF00F51B
S31508031160C950183006F0AFBF06F039BA07B503B948
S3150803117001AB06F014FC03B05DF804FB00F5C95097
S31508031180183006F0BEBF06F02ABA06F04DBC06F0C4
S31508031190C3BC00F5C950183007F000BA00F5C950AA
S315080311A0183007F006BA10B4BDF8044001945DF888
S315080311B0044B06F0D5BC06F0F0BC00F5C950183050
S315080311C006F0BDBF06F00BBA06F079BBDCF7F6BB33
S315080311D0DDF728B8DDF722B800F50050D0F8B006D9
S315080311E0704700F5005090F8AC06704703F043BC0F
S315080311F003F043BC143003F0E7B813B50446684656
S3150803120002F08BFC04F1140003F0DEF801236A46AE
S31508031210D5F72EF902B010BD03F04DBC00F5B95051
S3150803122008B5143019B1E8F761F8002008BDE8F7E6
S315080312308DF8FAE700F5805090F80C08704700F52A
S315080312408050D0F83407704700F5B950143008F0C9
S3150803125069BF00F5B950143008F0E0BE00F5B9507F
S31508031260143008F021BF00F58050D0F838077047CE
S3150803127000F5B9501430E0F713BB00F5B950143034
S3150803128008F084BE00F5EE500A461230002108F035
S3150803129090BC00F5EE500A461230012108F089BCCD
S315080312A0002300F5805080F8D63D704700F580533B
S315080312B093F8D63D00F5EE500B70123070470B4687
S315080312C00146184608F04BBC08F068BC08F0B6BFE0
S315080312D008F048BC00F5805090F8520E704738B5B0
S315080312E000F5005393F85930044693B900F5F250C4
S315080312F00830DDF7B3FC054648B904F5EA5004306F
S31508031300DEF780FD04F5EB501030DEF77BFD28464B
S3150803131038BD0D25FBE700F58050D0F8540E70470D
S3150803132000F5F4500630704738B500F5005393F8C6
S31508031330595004465DB900F5F3501C30DEF742F9FF
S3150803134004F501501830E4F771F9284638BD0D2520
S31508031350FBE700F58050B0F8500E704738B500F536
S31508031360005393F85950044685B900F5F2500830EE
S31508031370DDF73EF904F5EA500430DEF743FD04F5DC
S31508031380EB501030DEF73EFD284638BD0D25FBE74A
S3150803139000F50050383003F037BC00F500503830FC
S315080313A003F0B1BC00F58050B0F8840E704700F521
S315080313B0805090F8600E704700F5805080F8601EE4
S315080313C0704700F58050C0F89C1EC0F8A02E7047E1
S315080313D000F5805090F8480EC0F3C000704700F53A
S315080313E0805310B593F80C4834B900F5F250083019
S315080313F0DDF7D2FB204610BD0D20FCE700F5F950BA
S315080314000430704700F5F95088220021043015F09E
S3150803141011BE00F5F250083003F089BD00F5F2500D
S31508031420083003F0A7BD00F5805090F8690E7047A1
S3150803143008B519B1A1F10B030F2B06D800F5F25025
S31508031440083003F08BFE002008BD0720FCE700F5F3
S315080314508050B0F86A0E03F0E2BE0A4608B581B1B9
S31508031460A021B2FBF1F301FB132141B94FF6FF713A
S315080314708B4228BF0B46B2F51B5F99B201D20720F0
S3150803148005E000F5F250083003F0AEFE002008BD73
S3150803149000F50050806E704708B542F21073994202
S315080314A006D800F501501830E5F76EFB002008BD95
S315080314B00720FCE700F5F2500830DDF789BB21B1B8
S315080314C000F5F2500830DDF79FBB0720704730B4AC
S315080314D0029D00F50054C4F8C055039D00F5175046
S315080314E0C4F8C45530BCE3F711B81FB5079C8DF88B
S315080314F00C3000F50053C3F8C845089C00F517508F
S31508031500C3F8CC45069B009303ABE2F7B1FF04B0DF
S3150803151010BD30B4029D00F50054C4F8C855039DA8
S3150803152000F51750C4F8CC55049DC4F8D055059D4D
S31508031530C4F8D45530BCE3F711B800F51750E2F7F1
S31508031540C9BF012070470FB404B070470FB404B085
S3150803155070470FB404B07047DCF78ABADCF778BB78
S31508031560408970478089704701F0EBBF01F028BFB7
S3150803157003F0B4BA03F0EDBA0B4600220146184647
S3150803158007F0AABD70B500F50B5086B00E46343089
S31508031590694615460CF0CBFB044638B9324669460C
S315080315A0284608F035FA204606B070BD0D24FAE73A
S315080315B000F50B5034300CF0FFBA00F5005090F8E4
S315080315C0F802704700F5005090F8FA03704700F5E3
S315080315D0005090F8F83280F8FA33704700F50B504C
S315080315E034300CF011BB00F50B5034300CF025BB2E
S315080315F000F50B5034300CF039BB00F50B50343082
S315080316000CF04DBB00F50B5034300CF0F3BC00F571
S315080316100B5034300CF057BD00F50B5034300CF03A
S3150803162062BD0DF06DB800F51350E7F795BD00F5EB
S3150803163013500DF004B800F50F503D30704700F510
S3150803164010501E30704700F510503F30704700F5B4
S3150803165011501030704700F50F503D30E7F7F6BFCD
S3150803166000F50F503D30E8F707B800F50F503D3049
S315080316700DF07FBC00F50F503D300DF080BC00F532
S315080316800050C0F8B414704700F50050D0F8B404FD
S31508031690704700F518500DF0C3BD00F518500DF04E
S315080316A0B4BD00F5CE5000221C30E0F7D1BD0022B0
S315080316B000F5CE5011461C30E0F752BC00F58050B9
S315080316C090F8DC09003818BF0120704700F5D050A0
S315080316D01A30704700F58050C0F8401AC0F8442AFB
S315080316E0704700F5CE501C3009F075B800F5D35095
S315080316F00021143008F02CBE00F5805090F87C0ABF
S31508031700003818BF0120704700F58050D0F8EC095F
S31508031710704700F58050C0F8EC19704700F5805003
S31508031720D0F8F809704710B5044600F5CE504FF4C3
S31508031730E1521C30E0F7F2FD04F58054C4F8F809C9
S3150803174010BD00F58050D0F8FC09704700F5D2505B
S315080317500C30704700F5CE501C3008F086BF00F5F4
S31508031760CE501C30E0F7AABD00F5CE501C3008F069
S3150803177091BF00F5CE501C3008F0A3BF00F5CE503C
S315080317801C3008F0BFBF00F5CE501C3008F0C9BFA7
S3150803179000F58050D0F8580A704700F5CE501C3033
S315080317A008F0E0BF00F5CE501C3008F024BE072829
S315080317B000D9FEE7E1F766B9402300F5D4500B805C
S315080317C07047022300F5D6500B70704700F5D450C6
S315080317D00DF0F3BD00F58050D0F8E03ACB61C0F8C0
S315080317E0E01A7047002200F58053C3F8002B00F572
S315080317F0D75200F5E05004321430C3F8302CC3F83E
S31508031800E00A7047602334300B80704740239430D6
S315080318100B8070474023D4300B807047072300F5AD
S315080318208A700B80704710B50446FFF7DAFC20B1BF
S31508031830201DBDE8104002F0FFB910BD10B50446DF
S31508031840FFF7CFFC18B16068003818BF012010BD38
S31508031850704700F50050406E704700F501500022AE
S315080318601830E5F78FBF00F5ED500830704738B5E7
S3150803187000F5005393F85950044685B900F5ED5021
S315080318800830DEF7E3FD04F5EA500430DEF7BAFA6A
S3150803189004F5EB501030DEF7B5FA284638BD0D25AA
S315080318A0FBE707B500F5005090F85B30694601A8D9
S315080318B08DF804300BF0CFFD9DF8000003B05DF8FA
S315080318C004FB13B504468DF80410684601A90BF00A
S315080318D0D3FD04F501509DF8001018300BF0DCFB1E
S315080318E002B010BD00F5EE50183009F095BC00F5AE
S315080318F08050D0F8D80D704738B500F5005393F8E3
S315080319005950044685B900F5EE501830E2F720FD24
S3150803191004F5EA500430DEF775FA04F5EB50103097
S31508031920DEF770FA284638BD0D25FBE738B50446B9
S31508031930A9B100F5005393F8595095B900F5EE503F
S315080319401830E2F7DFFC04F5EA500430DEF75AFAFA
S3150803195004F5EB501030DEF755FA284638BD07254F
S31508031960FBE70D25F9E700F50A50704700F509501E
S315080319702830704700F509501030704700F50A50B3
S315080319801830704700F50A503030704700F5ED50AF
S315080319901030704700F5005292F8592038B50546BD
S315080319A0A2B9A9B10B789BB100F5ED50083005F043
S315080319B092FB044605F5EA500430DEF723FA05F5EB
S315080319C0EB501030DEF71EFA204638BD0D24FBE730
S315080319D00724F9E700F5EE500130704700F5005388
S315080319E093F8593023B900F5ED50083005F089BB53
S315080319F00D20704700F5135010B534300C4619B155
S31508031A00BDE81040E1F7DABFE2F756F8204610BD05
S31508031A1010B500F514541834204607F09FFE002825
S31508031A200CBF2046002010BD00F58050D0F8DC0D11
S31508031A30704700F5EE5000221830E2F7E7BB00F5D1
S31508031A408050B0F8120E704700F58050A0F8121EA9
S31508031A50704700F501501830E5F748B900F501500D
S31508031A6018300BF03CB900F5005090F85900704750
S31508031A70E6F7A2BB38B500F50154183420460D46DF
S31508031A800AF0E1FE38B12046E3F744FE03C885E8C9
S31508031A900300002038BD1020FCE700F50050B0F81D
S31508031AA05C00704700F5015018300AF058BF00F57E
S31508031AB0015018300BF024B900F5015010B5183051
S31508031AC00C4621B1BDE810400021E5F7CDB8012148
S31508031AD0E5F78CF9204610BD0520704700207047AE
S31508031AE07FB505910A9900F50B50039109990830BA
S31508031AF00291002101919DF82010009105A9E1F7B3
S31508031B006BFD07B05DF804FB00F500501430704711
S31508031B1000F5005010220021143015F08BBA00F599
S31508031B20015018300AF087BE00F501501830E3F764
S31508031B3019BD00F501501830E3F76ABD00F50750E3
S31508031B403430E5F7E1BF13B50446684601F0E5FF0F
S31508031B504FF47A7000236A46A4FB0001D4F788FC85
S31508031B6002B010BD07B500F5B450009318301346FC
S31508031B70012209F003F803B05DF804FB00F5805071
S31508031B80D0F8A03623B91720B0FA80F04009704779
S31508031B90994201D01B6BF5E70020F5E700F5B45031
S31508031BA0183008F0D4BF00F5B45081F83430183033
S31508031BB0E1F7B6B900F5B450183008F0EFBE10B423
S31508031BC0547914F0180F06D000F5B4505DF8044B99
S31508031BD0183008F0FBBE07205DF8044B704700F584
S31508031BE08050D0F8A00670474FF6FE720280002296
S31508031BF0027770474FF6FE73038000230377704717
S31508031C004FF6FE720B46018891421DBF07C883E84B
S31508031C10070000201720704711F4017F10B504460A
S31508031C2006D0DBF701FD2046BDE81040DBF74EBDC5
S31508031C3010BD03461A7F08461AB103F10C0107F0D3
S31508031C4042BE10467047024652F8040B3C234189AC
S31508031C503C3989B201F0D8BB024652F8040B3C233F
S31508031C6041893C3989B201F046BCF0B505460F46B1
S31508031C7085B00146006900F09EFE044620BB29692B
S31508031C8001A800F086FF0446F0B94FF6FF76BDF8C3
S31508031C900A30B3420ED1BDF80830BDF80C6023B143
S31508031CA0286943896FB1012F11D03146286901F09C
S31508031CB0ACFA09E001A8DBF739FE0028E7D00446A9
S31508031CC002E09E42F1D10624204605B0F0BD9E42AD
S31508031CD0EBD13946013E01F01DFBB6B2E5E710B577
S31508031CE00C4611463CB10222204600F0F1FF28B10A
S31508031CF02046DBF7ADFF0024204610BD204600F042
S31508031D00FCFF0028F8D0F3E770B50D460446DBF769
S31508031D101BFD2B46014600222046BDE87040FFF70F
S31508031D20DEBF70B50D460446DBF706FD2B460146B6
S31508031D3000222046BDE87040FFF7D1BF70B50D46B7
S31508031D400446DBF7F9FC2B46014601222046BDE88B
S31508031D507040FFF7C4BF10B513460C4641B1442281
S31508031D600221204600F09AFE28B12046DBF770FFD1
S31508031D700024204610BD204600F0BFFF0028F8D0F7
S31508031D80F3E738B50D460446DBF7DEFC2A4601467B
S31508031D902046BDE83840FFF7DEBF38B50D46044692
S31508031DA0DBF7CAFC2A4601462046BDE83840FFF75A
S31508031DB0D2BF436D18470129F8B507460C461646A0
S31508031DC01AD0022901D11378B3B9DBF7B5FC054656
S31508031DD0A0B121460022738800F01EFD044630B9DF
S31508031DE0294638467269FFF7E4FF044610B12846C8
S31508031DF0DBF72EFF2046F8BD0724FBE70324F9E7A4
S31508031E0037B504460D46043001F0BBFC694604F1B8
S31508031E101C0001F0B6FC6946284601F0C8FC03B06D
S31508031E2030BD836C1BB1D1E90412C06C1847184640
S31508031E307047436823B98068003818BF0120704784
S31508031E400120704730B445680C4613461DB12B462E
S31508031E5030BC0068184785683DB109B1D1E9041457
S31508031E602246AC4630BC0068604730BC704700F178
S31508031E70100370B51C4601F1100200F1200553F852
S31508031E80046BAB4242F8046BF9D1038C0A464B84C4
S31508031E90034653F8045BA34242F8045BF9D190F86E
S31508031EA0393091F82520C3F3800363F3041281F8CC
S31508031EB0252070BD08B5828C4B8C9A4208D1102216
S31508031EC01430114415F08DF8B0FA80F0400908BDB6
S31508031ED00020FCE790F83D200346C2F34000920732
S31508031EE004D593F83C00003818BF0120704790F8D2
S31508031EF03C2008B5013A80F83C20826B5200114415
S31508031F0082634163FFF7A8FE08BD10B50C4609684E
S31508031F1021B1043001F01CFC0023236010BD2DE918
S31508031F20F34114460D46011D684600F0E2FD04F12F
S31508031F301C07009E26601EB9172002B0BDE8F08173
S31508031F402046FFF780FE20466969FFF7B3FF48B1CD
S31508031F502B78012B18D9023B012B0CD9684601F0C3
S31508031F601DF9E6E7237DFF2BF2D0384607F057FC29
S31508031F700028EDD1F2E73046B5F8028000F096FC6A
S31508031F804045EBD10020D8E73146286900F09CFD8F
S31508031F900028E3D0F6E770B51D460B680C461646CF
S31508031FA04BB1FFF7B2FF3246294604F12800BDE8D4
S31508031FB07040FFF747BF70BD0023FFF7ECBF30B58E
S31508031FC091B06A4605460C46FFF7A9FF70B121464C
S31508031FD02846FFF726FF38B92378012B04D822466B
S31508031FE003212846FFF7E7FE11B030BD2378032BFC
S31508031FF0FAD8DFE803F031360B026378002BF3D106
S315080320000B2269462846FFF7D7FFEDE76378A3B99E
S315080320109DF83D309A0706D543F0010368468DF8C7
S315080320203D30FFF719FE0AA8FFF703FF0028DBD1A7
S3150803203069462846FFF769FFD6E73F2BD4D90099A7
S31508032040206900F041FD0028CED0234600226946C8
S315080320502846FFF7A0FFC7E7224602212846FFF7CF
S31508032060AAFE0AA8FFF7E5FE0028EED09DF814306D
S31508032070FF2BEAD1002221460AA8FFF7E3FEB3E7BE
S3150803208030B593B068460C46154600F032FD009B02
S315080320902BB9204613B0BDE8304001F061BB02A856
S315080320A00293FFF7D0FD0CA82A460021FFF7CAFEC4
S315080320B0684601F073F8EAE7027808B5012A0B4681
S315080320C003D0022A0AD0012008BD41681022181D30
S315080320D014F087FFB0FA80F04009F5E78168DA6AF9
S315080320E0914205D1C0689B6AC31A58425841EBE727
S315080320F00020E9E710B5044601F032FB04F10800B5
S31508032100BDE81040DBF7F2BF0346006819795B792F
S315080321104143B1FBF3F1013101F059BC01230268D4
S315080321208B40013B534342790079B3FBF2F358439F
S31508032130704710B504468179FFF7F0FF236803F566
S31508032140433303F5A073184410BD81790131C9B22D
S31508032150FFF7E4BFF8B58446174604460D461A4604
S315080321604E6906F1100E634630687168083603C374
S3150803217076459C46F7D16B6904F1100E598C03F129
S31508032180100621842033F446306871680836ACE8B3
S3150803219003009E42E646F6D16B6994F8391093F824
S315080321A02530C3F3001363F3820184F8391004F16D
S315080321B0240307CA83E80700BB79384684F838300E
S315080321C0FFF7A2FF94F83930606323F0010384F81C
S315080321D039302B7894F83920B3FA83F35B0963F320
S315080321E0410284F83920D4F711FB94F839300546AF
S315080321F09B0703D5606B28442063F8BD3846FFF771
S31508032200A4FFF8E7F8B50D46069C0646271D38468B
S31508032210FFF7A0FF2B782869B3B9418901F03BFA88
S315080322202060A0B13C22394601F08BF9054678B9FE
S315080322302168301D012201F052FA616B06F10C0088
S3150803224001F0C2FD2846F8BD297B0431E6E70325DC
S3150803225020680028F6D0DBF7FBFC00232360F1E7B0
S31508032260B0F86C3070B50E4611468BB900F15C05B3
S315080322702846E0F7CBFE044640B93146284608F01F
S315080322807DFB044610B12846E0F7B6FE204670BD2E
S315080322900024FBE7B0F86C3013B15C30E0F7A4BE5A
S315080322A00D207047FFF7F6BF0246084649892C23D7
S315080322B02C3989B201F0A8B800230360436070473C
S315080322C02DE9F041044694B0684604F104080E4625
S315080322D0FFF7F2FF414602A800F00BFC1727029D01
S315080322E045B920460B226946FFF7CAFE384614B09D
S315080322F0BDE8F08104A80495FFF7A5FC304604A9B8
S31508032300FFF7DAFE48B12946404601F007FA0122EB
S315080323102946684601F0E3F9002702A800F03EFFC4
S31508032320DDE71FB50023044669468DF80030FFF73D
S31508032330C7FF04F10C0004B0BDE81040DBF7D6BEB6
S3150803234010B50446FFF7EDFF04F11C00BDE8104085
S31508032350FFF7D0BE38B5B0F86C4005463CB15C30E3
S31508032360E0F74AFE044610B92846FFF7E9FF204678
S3150803237038BD1FB50123019169468DF80030FFF773
S315080323809FFF05B05DF804FB1FB50223CDE90212D2
S3150803239069468DF80030FFF793FF05B05DF804FB37
S315080323A0FFF7F2BF2622002114F044BE70B50D468E
S315080323B08AB006466846FFF7F5FF2868382241893A
S315080323C03C3989B2DBF78EFC044660B16946281DA1
S315080323D0FFF74DFD6A4621463068FFF7EAFC10B160
S315080323E02046DBF735FC0AB070BD70B5044696B0D7
S315080323F0684601F054FC261D02A8FFF75DFF314627
S3150803240004A800F076FB049D5DB9694604F10C0047
S3150803241001F0CFFC1C22204602A9FFF731FE16B0B5
S3150803242070BD06A80695FFF70EFC0099139BCB1AF9
S31508032430002B1BDB06A8FFF74DFD60B9294630467E
S3150803244001F06CF90122294602A801F048F904A80B
S3150803245000F0A4FED7E706A8FFF749FD9DF8553017
S31508032460DB0703D4204606A9FFF7A0FF684613999E
S3150803247001F020FCEBE7C068FFF7B7BF70B58CB077
S315080324800D464E8800F03BFB044614B920460CB0B3
S3150803249070BD204600F00AFAB0420CD102A8FFF735
S315080324A081FF214601A8FFF7FFFE696902A807F025
S315080324B0B5FE0028EAD1E469E7E770B50E46144687
S315080324C0FFF7DCFF98B1418938222C3989B2DBF74B
S315080324D009FC054668B1014672692046FFF769FC9F
S315080324E0044610B12846DBF7B3FB204670BD172414
S315080324F0FBE70324F9E72DE9F04100248EB00146F2
S31508032500054601A800F0F5FA2646019F4FB9A4B27D
S31508032510092C1BD9314628460EB0BDE8F04101F017
S3150803252017B904A8FFF73EFF394603A8FFF7BCFE11
S3150803253026B1039BA3EB0803002B02DA3E46DDF81C
S315080325400C8001A800F02AFE0134DEE70EB0BDE8D0
S31508032550F08130B5044691B001A801F0A0FB2146ED
S3150803256003A800F0C6FA039D35B901A904F10800CA
S3150803257001F01FFC11B030BD06A8FFF713FF29466B
S3150803258005A8FFF791FE0599019B5B1A002B07DB4C
S315080325902946204601F0DCF803A800F0FFFDE2E730
S315080325A001A801F087FBF7E7C068FFF7D2BFF0B5CC
S315080325B004460E468DB002A81746FFF7F3FE3146CA
S315080325C02046FFF75BFF20BB2046FFF794FF3069E1
S315080325D001F05DF80546E0B1D4F718F972690744C6
S315080325E0019702AB02F120071E46106851680832AC
S315080325F003C6BA423346F7D1106801A930609288F8
S315080326002846B2802C2200F09CFF20B12846DBF72F
S315080326101FFB0DB0F0BD29462046012201F05FF8E5
S31508032620019904F1080001F0CFFBF2E730B51C4627
S31508032630002387B00A9D0593CDE9035403AC0094A0
S31508032640DBF716F907B030BD002307B50093FFF78C
S31508032650EDFF03B05DF804FBF8B5074610460C46D4
S31508032660154600F0D2F848B3DBF766F8064638B3E2
S31508032670297831B101291DD007243046DBF7E8FA5A
S3150803268016E0224602216B8800F0C6F804460028A5
S31508032690F3D13046296900F0F4F904460028ECD151
S315080326A0314638466A69FFF7CFFF04460028E4D166
S315080326B02046F8BD224600F0D1F8E7E70724F7E7F6
S315080326C00324F5E70B4611461A7812B91A46FFF79B
S315080326D0C3BF072070474422FFF7F4BF38B50B780A
S315080326E005460C46104663B94B691B78FF2B08D081
S315080326F0DBF714F9224601462846BDE83840FFF7BA
S31508032700ABBF072038BD70B5836B04460D468AB048
S31508032710E3B92246294604F11C00FFF7CEFE172823
S3150803272021D1286901A900F029FB98B9236DA3B91A
S31508032730666BD6B9236C2BBB6B691B78FF2B12D040
S315080327402A4684212046FFF787FF0CE0C06B98478B
S315080327500028DED0172806D1EEE72A46204601A927
S3150803276098470028E4D00AB070BD306801A901F083
S31508032770B0F928B17368B068D5E904129847F2E747
S31508032780F668D6E7606CD5E90412F7E730B58B89A6
S3150803279087B00446CDE904120B8268460021154624
S315080327A0FFF763FA60B12B78FF2B07D09DF800304B
S315080327B023B96A4603212046FFF7FDFA07B030BD61
S315080327C0684600F022F8694618B12046FFF79BFFD2
S315080327D0F4E72046FFF7F3FBF0E7FFF7D7BF10B59B
S315080327E0047A082C08D80A7AA24205D114F0F9FB10
S315080327F0B0FA80F0400910BD0020FCE7082902D88A
S315080328000172FDF7CCB807207047407801380328D2
S315080328108CBF002001207047F7B505460C460021FA
S3150803282017461E4600F0C0FC2846002100F0EDFCC2
S3150803283000230422240104F0300428462B8244F0A2
S31508032840400476BA0DEB02018DF804408DF8057045
S31508032850ADF8066000F075FE03B0F0BD0023FFF780
S31508032860DBBF10B50A460C460423018A00F0CCFDEB
S3150803287040B923789A09012A05D103F00F03092BD6
S3150803288028BF062010BD0620FCE70A460423018A52
S3150803289000F031BE07B501A9FFF7E3FF20B99DF89C
S315080328A0050003B05DF804FB0020FAE707B501A9A4
S315080328B0FFF7D7FF30B9BDF8060040BA80B203B0B8
S315080328C05DF804FB0020FAE737B50C4601A905466F
S315080328D0FFF7C7FF30B964BA284601A9ADF8064021
S315080328E0FFF7D3FF03B030BD0C2901D8C8B2704730
S315080328F0B1F5867F136806D80D39197013680D204C
S315080329000133136070476FF486700144C1F30720DF
S315080329101870597013680E200233136070474FF608
S31508032920FB73008A984228BF1846043080B2704762
S3150803293013B50C4601A9FFF794FF20B99DF8043097
S3150803294003F00F03237002B010BD37B50C460DF123
S3150803295007010546FFF7ECFF024660B92846FFF76D
S31508032960DEFF4FF6FF719DF8073003449BB298428A
S3150803297088BF0B462380104603B030BD70B50C786C
S31508032980054604F00F041472FFF7C9FF23460146F0
S315080329902846BDE8704000F037BD37B50D4601A996
S315080329A00446FFF75EFF20B92A46204601A9FFF72A
S315080329B0E5FF03B030BD37B50C46054600210E22A8
S315080329C0204614F037FB284601A9FFF74AFF80B9CA
S315080329D09DF804302846C3F3011323709DF8053088
S315080329E0221D6370BDF8063001A95BBA6380FFF741
S315080329F0C5FF03B030BDF7B50B7A0446082B0D4661
S31508032A0003D90726304603B0F0BDFFF788FF01A9AF
S31508032A1007462046FFF725FF06460028F2D16389B5
S31508032A20297ABB4218D1204600F0D3FBD8B99DF8C2
S31508032A3004302A7A23F00F0302F00F0213432046C9
S31508032A4001A98DF80430FFF720FF2A4639462046A8
S31508032A502B7A00F050FDD5E79DF8043003F00F03F9
S31508032A608B42F2D0CDE70646CCE71FB5044601A84C
S31508032A70FFF7C4FE18B9204601A9FFF7BCFF04B047
S31508032A8010BD1FB50446084601A9FFF786FF18B906
S31508032A90204601A9FFF7AFFF04B010BDF8B50446F9
S31508032AA018460E4617461D46FFF700FF3A460346E5
S31508032AB031462046FFF7B0FE28B929462046BDE829
S31508032AC0F840FFF7DEBFF8BD10B586B00C46694679
S31508032AD0FFF763FF10B1002006B010BD204603A917
S31508032AE0FFF75BFF0028F6D1684603A9FFF777FED1
S31508032AF0F2E70B68036003B1DB694360704700685C
S31508032B0070470A464FF6FF71C38810B58B4207D044
S31508032B1004890068E41AA1B200F052FC002010BD33
S31508032B201720FCE738B504460D460B4601890068AD
S31508032B3000F06AFC10B923891D44258138BD0B882A
S31508032B4013B50C2B0C460BD90D2B0CD101210DF10A
S31508032B500602FFF7E7FF20B99DF806300D332380F9
S31508032B60002002B010BD0E2B11D102210DF1060271
S31508032B70FFF7D8FF0028F4D14FF6F262BDF8063006
S31508032B805BBA9BB2934202D803F20D13E7E706201A
S31508032B90E7E737B50D4604460DF106012846FFF764
S31508032BA0D4FE58B9BDF806306A899A420BD3C4E9EC
S31508032BB0005023812046DAF7B9FE10B14FF6FF73AA
S31508032BC0E38003B030BD0620F8E700232DE9F04182
S31508032BD086B004460D46014603A81746ADF81030DD
S31508032BE0FFF7D7FF40BB03464FF6FF78BDF81060E3
S31508032BF0BDF81220424522D16EBBAB422DD8ED1A41
S31508032C000DF105020092A9B26A462046FFF76CFE4B
S31508032C10000139468DF804002046FFF765FE9DF846
S31508032C200430009A01AE1843921B8DF8040031460E
S31508032C30204692B200F085FC06B0BDE8F08103A8F1
S31508032C40ADF81060DAF772FE3346BDF81020002897
S31508032C50F2D11646CCE70620EEE70720ECE770B577
S31508032C60044616461D46FFF7B0FF30B932462946D5
S31508032C702046BDE8704000F064BC70BD70B50546DB
S31508032C80104614460E4614F02DFA2346314682B2F0
S31508032C902846BDE87040FFF7E2BF70B506460C4606
S31508032CA02F21204600F0BEFE054630B9224630469F
S31508032CB0BDE870400B21FFF7E1BF2A1B23460B2112
S31508032CC0304692B2FFF7CBFF08B96C1CE8E770BD34
S31508032CD038B504461D46FFF7C1FD68B902212046EB
S31508032CE0FFF7C3FE40B92846E6F754FC01462046DB
S31508032CF0BDE83840FFF7D1BF38BD7FB5FF2301468E
S31508032D00054601A88DF80330FFF743FF0446A0B92B
S31508032D104FF6FF76BDF80A30B34211D1BDF8083035
S31508032D205BB9012228460DF1030100F00AFC0446AB
S31508032D3018B92846698900F068FA204604B070BDB8
S31508032D4001A8DAF7F3FD0028E4D00446F5E770B5E1
S31508032D500446154671B1FFF71CFF4FF6FF7660B9B7
S31508032D60E388B34209D0A388AB4206D02046DAF7F4
S31508032D70DDFDF4E7DAF7DAFDEFE770BD2DE9FF418C
S31508032D800D460B22014601A8FFF7E1FF044650B999
S31508032D902E464FF6FF774FF02F08BDF80A30BB4291
S31508032DA005D100233370204604B0BDE8F081AE4256
S31508032DB016BF3146294601F8018BCE1805F12103C2
S31508032DC09E420BD201A8FFF79CFE0B22002101A805
S31508032DD0FFF7BDFF0028E0D00446E4E70624E2E750
S31508032DE0002202704A8941600281704703781BB149
S31508032DF0012B04D000207047406800F0A2BB0430C2
S31508032E0000F093B803781BB1012B07D00020704755
S31508032E10436802895B89981A80B2704700897047AC
S31508032E202DE9F84F8046894616469A464FF0000B19
S31508032E300A9DB34503D300273846BDE8F88F0BEB45
S31508032E400604671007FB0A9740463946A847002831
S31508032E50C4F34F04F0D0C2BF01341FFA84FB3446CF
S31508032E602646E6E70023F0B5441E184601392AB973
S31508032E701BB1024492B2904211D1F0BD14F8017FFE
S31508032E8011F8016F082A154628BF0825B74287EAAD
S31508032E900603EDD12844521B80B292B2E7E719061E
S31508032EA0EBD45B000130DBB280B2E4E74388024629
S31508032EB083EA0120082110B504B24300002C98B216
S31508032EC0BCBF138858404B1E13F0FF01F4D1508042
S31508032ED010BD70B505460C468E18B44201D16888F4
S31508032EE070BD284614F8011BFFF7E0FFF5E7F8B5B0
S31508032EF004460E4615461F4623B10544AC4207D180
S31508032F00012004E014F06DF8B0FA80F04009F8BD2A
S31508032F1016F8011B14F8010BB8470028EED1F6E79B
S31508032F20002301608380C2807047838870B5044696
S31508032F30C0889E188642154608D82068184414F097
S31508032F40C4F80020A3881D44A58070BD0320FCE7B0
S31508032F5007B501228DF807100DF10701FFF7E5FF05
S31508032F6003B05DF804FB07B549BAADF806100222AB
S31508032F700DF10601FFF7D9FF03B05DF804FB07B5AA
S31508032F800222ADF806100DF10601FFF7CEFF03B0D6
S31508032F905DF804FB0A7A10B5012A044603D0022A0F
S31508032FA006D0002010BD0988BDE81040FFF7E7BF2B
S31508032FB08388E28803F10800904208D82068012232
S31508032FC0184402F0AAFFA3880833A380E9E703207D
S31508032FD0E8E7F8B5044608461146A288E6889F1826
S31508032FE0B7421D4608D82668324400F00DFA10B9D0
S31508032FF0A3881D44A580F8BD0320FCE70346828801
S31508033000C088114481429DBF1868998080180020A2
S31508033010704710B40C460068114620441A465DF8FA
S31508033020044B14F052B8F8B51746828804468A4208
S315080330300E461D4600D2FEE7C188D3188B4211D827
S315080330400368701999191844921B13F0DAFF20685C
S315080330502A463946304414F038F80020A3881D441C
S31508033060A580F8BD0320FCE7838802685B1A0A4437
S3150803307002608380704738B50446A388084693429E
S31508033080154608D3216814F020F820462946FFF789
S31508033090EBFF002038BD0620FCE70122FFF7EBBF54
S315080330A010B502220C46FFF7E6FF10B923885BBA70
S315080330B0238010BD0CB41FB50A4631B107AB039381
S315080330C000930121069BDAF785FC05B05DF804EB4E
S315080330D002B0704707B5009313460022DAF77AFC65
S315080330E003B05DF804FB002300F5B45210B50832AB
S315080330F0436000F1080319468033934205D1002241
S3150803310000F58053C3F8082610BD446843F8804C7D
S315080331104160F0E710B500F5805201B910BD436868
S315080331200C680B60B2F808364160013B2146A2F8E9
S315080331300836F2E70B6A8B4200D0FEE7FFF7EABFD1
S3150803314070B504460E4665683DB931462046DAF73A
S3150803315043FD0028F7D0284670BD2B68636004F545
S315080331608054B4F80836B4F80A2601339BB293425E
S31508033170A4F8083638BF1346A4F80A3600232B608A
S31508033180E9E700F58050B0F80806C0F12C0080B2D4
S3150803319070472C207047017042707047436803607C
S315080331A003B1DB694360704738B5C3890D461944D3
S315080331B089B28B42044601D9032038BDDAF71AFDD2
S315080331C00028F9D1A3896581AB4228BF2B46A38181
S315080331D0F3E74389194489B2994201D3FFF7E4BF58
S315080331E0032070470368012003B9704701301B6841
S315080331F0C0B2F9E78389194481F31001438989B277
S31508033200994228BF19468181704743898B4228BF53
S315080332100B46838170478389408983429ABFC01AC4
S3150803322080B200207047837903F00F03012B04D182
S31508033230C079431A584258417047002070470329FA
S31508033240034609D80279C2F38000520706D45A798D
S3150803325061F342025A717047072070470D20704781
S315080332602DE9F0410F465978054690461E46FFF765
S3150803327067FF044618B900242046BDE8F08180227A
S31508033280002113F0D7FE3178A388490041F4086179
S3150803329041EA473123F0820321F4EF615B055B0DB5
S315080332A021F005011943A4F80E80A18024627178E0
S315080332B02046FFF7C4FF014620B121462846FFF7FB
S315080332C039FFD8E72046FFF76FFF0028D4D0F4E785
S315080332D0C0E90912704710B4446A34B10022234680
S315080332E042625DF8044B826A18475DF8044B7047DF
S315080332F043898B4200D2FEE75B1A43818389C289DD
S315080333008B4294BF00235B1A0A4488BF9BB2C281CF
S315080333108381704743898B4294BFDB1A5B1A99B240
S31508033320FFF742BF70B54489A14231D215880D44CF
S31508033330AEB2B14201D8A54201DB641A1480C4892E
S315080333400546214489B24F2998600FD83030C1F118
S3150803335050040844A4B218609C801188A1423CBF5B
S315080333600C46998013881B1B138070BD50392D6832
S3150803337089B20DB99D60FEE77B2907D89D600435A0
S31508033380C1F17C040D44A4B21D60E5E77C39EEE780
S315080333900024E1E70B880BB99380704793681B6891
S315080333A0936003B9FEE7043313607C2393800B8889
S315080333B07C2B28BF7C2393800A88D31A0B807047FB
S315080333C0F0B5154687B0ADF806300DF1060203AB26
S315080333D007462C46FFF7A6FFBDF810601EB9601B0B
S315080333E080B207B0F0BD32460399204613F06DFE4E
S315080333F0384603AA0DF106013444FFF7CBFFEBE782
S315080334004B880988FFF7DCBF38B54589CC18AC4229
S3150803341003DCFFF7D5FF002038BD0620FCE710B410
S315080334204C889C4204D309885DF8044BFFF7ECBF2C
S3150803343006205DF8044B704770B5134616460A46D0
S3150803344081890546FFF7E0FF044618B9284631B2D5
S31508033450FFF7D0FE204670BDF0B587B01546ADF828
S3150803346006309CB20DF1060203AB0746FFF75AFF77
S31508033470BDF8106026B9B4FA84F0400907B0F0BD68
S31508033480324629460C9B0398FFF731FD0028F2D0F4
S31508033490A41B384603AA0DF106013544A4B2FFF767
S315080334A079FFE5E72DE9F04186B090461D460CAA5B
S315080334B003AB0746BDF83040FFF734FFBDF810608D
S315080334C02EB9B4FA84F0400906B0BDE8F0810D9B25
S315080334D02946009340463346039AFFF7BDFF002863
S315080334E0EFD03544A41B384603AA0CA9ADB2A4B23F
S315080334F0FFF750FFE2E770B586B0ADF806300B4428
S3150803350014469AB29142054600D9FEE74289934288
S3150803351000DDFEE703AB0DF10602FFF703FFBDF877
S3150803352010600EB906B070BD32462146039813F0F3
S3150803353068FD284603AA0DF106013444FFF72AFF5E
S31508033540EDE72DE9F0410F46114605461646B0F854
S315080335500A80FFF73EFE044628B933463A464146F3
S315080335602846FFF7C8FF2046BDE8F0812DE9F0415C
S31508033570164686B00D46ADF8063099B213449AB28C
S315080335809642074626D86A899A4225DBB0F80A8006
S31508033590FFF71FFE044608BB3146284603AB0DF169
S315080335A00602FFF7BFFEBDF810601EB9204606B037
S315080335B0BDE8F08141463846039A3346FFF79BFF39
S315080335C0B044284603AA0DF106011FFA88F8FFF747
S315080335D0E1FEE8E70724E9E70624E7E70324E5E746
S315080335E02DE9F04182420C4606461546194688B02F
S315080335F001D1A34218D36B4628460EAAFFF792FEBB
S31508033600BDF8047017B908B0BDE8F0812146304605
S31508033610009A3B46FFF76FFF3C446A4628460EA9C5
S31508033620A4B2FFF7B7FEEBE7BDF838703C4439445C
S31508033630A5B28CB2002FE6D0202FB84628BF4FF08C
S315080336402008A4EB0804A4B2A5EB080543466A467A
S3150803365021463046ADB2FFF7B3FEA7EB080743464C
S315080336606A4629463046BFB2FFF745FFE2E737B554
S31508033670154604460246009100232946FFF7B0FF84
S315080336802946204603B0BDE83040FFF731BE002285
S315080336904189DAF727BB0022DAF724BB38B5044693
S315080336A00D460B882C3020F81A3C8B7800F8243CFE
S315080336B091F9031008F0DFF8297904F12E0008F0D0
S315080336C00DF96B79C3F3400203F001035B0043EA88
S315080336D00223A28822F481721343A38038BD0B6A9E
S315080336E0994200D0FEE70B7923F004030B710368B4
S315080336F023B9C1E9073301604160704712B1012A52
S3150803370006D07047C1E9073203681962016070473A
S315080337100023CB6143680B62D961EDE703689942DD
S3150803372004BFCB6903604368994204BF0B6A4360CD
S315080337300B6A0BB1CA69DA61CB690BB10A6A1A62F9
S3150803374000220B79C1E9072162F382030B717047E3
S3150803375010B5FFF7E3FFBDE810400846DAF778BA75
S3150803376010B50446216801B910BD2046FFF7F0FFDE
S31508033770F8E70B68036003B1DB69436070470068C9
S31508033780704708B500230B604B60026802B908BD91
S315080337900B88104601330B80FFF724FD4B8818442A
S315080337A048804B685089D26903444B60EEE70A8820
S315080337B00388134403804A884388134443804A682A
S315080337C0436813444360704700EB8103032901D917
S315080337D00020704753F8040F0028FAD10131C9B203
S315080337E0F4E70021FFF7F0BF38B50B6A04469942A0
S315080337F00A4600D0FEE70B794D7943F00403C5F377
S3150803380041050B712946FFF7DFFF106248B92368A4
S31508033810D3612260D36903B11A6204EB850462603B
S3150803382038BDC369D361C261F4E70B7910B55B0789
S3150803383000D4FEE74B79C3F3410300EB83025468D4
S31508033840A14209D10C6A546034B16479C4F34104C2
S315080338509C421CBF002353600368994204BFCB698B
S315080338600360CB690BB10A6A1A620B6A0BB1CA69A0
S31508033870DA6100220B79C1E9072162F382030B712E
S3150803388010BD10B5FFF7D1FFBDE810400846DAF7BB
S31508033890DFB910B50446216801B910BD2046FFF704
S315080338A0F0FFF8E70068704708B500230B604B6024
S315080338B0026802B908BD0B88104601330B80FFF76F
S315080338C091FC4B88184448804B685089D269034455
S315080338D04B60EEE7036808300B4340F8083C50F8A2
S315080338E0043C0B4340F8043CDAF79ABB4368194295
S315080338F001D1FFF7EFBF70470180C94389B29142EF
S3150803390028BF11464180704791422CBFC1EB010382
S31508033910C1EB02030180C9439BB289B28B4228BF1C
S315080339200B46438070474A898989FFF7EDBF002212
S315080339304B8902804380704743880288994228BF8F
S31508033940194612FA81F25B1A02804380704743884C
S315080339508B4228BF0B464380704731B16FF0004353
S31508033960994208BF0121016070470121FBE748F22C
S315080339704E3301460268A2FB032313EB520044BFEE
S3150803398020F00043581C08607047814238B5044646
S315080339900D4600D8FEE7DAF777FA2D1BC0B290FB7F
S315080339A0F5F305FB13002044C0B238BD814238B590
S315080339B004460D4600D8FEE7DAF766FA2D1B80B2F1
S315080339C090FBF5F305FB1300204480B238BD814212
S315080339D038B505460C4600D8FEE7DAF755FA641BF0
S315080339E0B0FBF4F303FB1400284438BD38B50D4681
S315080339F0044648B1814288BF85B269000020013177
S31508033A00FFF7E5FF0444641B204638BD10B540B1F3
S31508033A100023441E98B2814203D90133E25C002A8B
S31508033A20F8D110BD03461A78184601330AB9104669
S31508033A3001E08A42F7D17047F0B5054606680024C7
S31508033A40062037463B780136303BDBB2092B02D9D1
S31508033A502F600C70F0BD04EB840403EB44039CB2A3
S31508033A60A2424FF00000ECD20620F3E7FF22FFF74D
S31508033A70E3BFA0F14103192B9CBF2030C0B27047A6
S31508033A8038B5034610469AB1012A19D11A4601399F
S31508033A9011F8015F134612F8010B8DB1FFF7E9FF21
S31508033AA004462846FFF7E5FF8442F1D000200FE0DD
S31508033AB01A46013911F8014F134612F8015B2CB95E
S31508033AC01B78002B14BF0120022001E0AC42F1D081
S31508033AD038BD08B50022FFF7D3FF831E5842584165
S31508033AE008BD3038C0B209289ABF087000200720DD
S31508033AF07047A0F14103052B03D837380870002017
S31508033B007047A0F16103052B01D85738F6E730381B
S31508033B10C0B20928F2D90720704710B500240160FE
S31508033B208480C2800C7010BD70B504460E46E588C5
S31508033B30134682880068AA4234BFA91A0021104492
S31508033B403246F3F7E1FC002800DAFEE7A388E288A9
S31508033B50184480B2904228BF2368A08022BF9B18CE
S31508033B60002203F8012C204670BD0EB417B504468F
S31508033B7005AA52F8041B0192FFF7D6FF204603B0A5
S31508033B80BDE8104003B0704770B506460D460024DD
S31508033B90AC4201D3012070BD305D0134030605D460
S31508033BA0F3F7B4FB0028F3D00020F4E710F0400342
S31508033BB0FAD0810612D5C20612D50307F4D4032315
S31508033BC007E0AC42F0D0325D013402F0C002802A2D
S31508033BD0EAD1013BDBB2FF2BF3D1D9E70123F8E79F
S31508033BE00223F6E710B5044613F07CFA014620468D
S31508033BF0BDE81040FFF7C8BF2DE9F04105461F464B
S31508033C0014461AB902700020BDE8F0811046FFF782
S31508033C10FDFE814206460BD9012F03D12046FFF745
S31508033C20E1FF38B121462846721C13F04EFAEAE73B
S31508033C300720E9E70620E7E738B5002504680560A5
S31508033C4004B938BD6068844216BF436800246360BC
S31508033C50036845609847F3E7012310B5044603FA5A
S31508033C6001F103680B4344F8043BC3689C420AD139
S31508033C7040F2E9310020FFF7AAFE01462046BDE8D7
S31508033C80104000F08AB810BD01238B40016821EA71
S31508033C900301016011B90430DAF728BA704710B581
S31508033CA00446D2F7B3FD206000F100400138606096
S31508033CB0204610BD03685A1A11EA220138BF19466D
S31508033CC043685A1A13EA220338BF0B464360704700
S31508033CD043684968981A8A1A92EA000F58BF581A0D
S31508033CE0C00F704738B50C461146A268034694427E
S31508033CF006D00568AC420BD10260DAF7DBF9A4609B
S31508033D0038BD94420DD011469268002AF9D1F6E7D8
S31508033D102A460021F9E78B68002BF0D09B688B6055
S31508033D20EDE70029F7D1002DE9D0AA681A60E6E77E
S31508033D302DE9F047936805460C46164698473246DA
S31508033D40814621462846FFF7CDFFD5F800A04FF058
S31508033D50000857462FB14A4639462046FFF7B8FFAB
S31508033D6058B1B8F1000F0BD1C4F808A0314628465C
S31508033D702C60BDE8F047DAF79DB9B846BF68E9E7AE
S31508033D80D8F80830A360C8F80840BDE8F087002AC9
S31508033D9000DAFEE71144DAF7B3B938B50D46044637
S31508033DA0D2F734FD2A4601462046BDE83840FFF7D8
S31508033DB0EEBFD1E9003103F10043013B8B4201D049
S31508033DC0DAF79EB9DAF792B98368984203D043685B
S31508033DD0CB1A002B01DADAF793B97047D1E9003128
S31508033DE003F10043013B8B4201D0FFF7EDBF704758
S31508033DF070B5066804460D467EB18B6898477368A6
S31508033E00C01A002809DB20462A463146FFF76AFF0F
S31508033E1030463368BDE87040184729462046BDE852
S31508033E207040DAF747B9002A00DAFEE71144DAF7F1
S31508033E3081B938B50D460446D2F75CFD2A460146D4
S31508033E402046BDE83840FFF7EEBF00BA704743780F
S31508033E50FF2B01BF408840BA80B2043018BF981CB4
S31508033E6070474378FF2B14BF022304231844704773
S31508033E70FFF7F7BF38B505460C46FFF7E8FF2946AF
S31508033E8082B22046BDE83840FFF75BBB2DE9F34114
S31508033E900E461746044602236A4639463046FFF756
S31508033EA0BEFA054690B99DF8003023709DF8013097
S31508033EB0FF2B0FD04FF00208607002333A68A01C3C
S31508033EC0C4F80220A288934216D90625284602B0CA
S31508033ED0BDE8F0810423394630460DEB0302FFF7AC
S31508033EE09EFAE0B901236370BDF806304FF0040863
S31508033EF05BBA9BB20433E1E799B2FFF728FDA288C0
S31508033F006388134472899BB29A42DED3D4F802308B
S31508033F104146C4F80630A01DFFF70EFDD6E7054651
S31508033F20D4E737B50C460546114601A86289FFF75B
S31508033F30EBFC2146284601AAFFF7A8FF03B030BDCC
S31508033F4073B5044601A80D461646FFF7ECFC294649
S31508033F50204601AAFFF79AFF38B92378B34205D05A
S31508033F60A18801A8FFF7E8FCF1E7172002B070BDA6
S31508033F70F0B585B0054617460A46014601A81E460A
S31508033F80FFF7DEFF044670B939460DF10600FFF761
S31508033F90DEFC324628460DF10601FFF731FA0A9B85
S31508033FA0BDF806201A80204605B0F0BD1FB50DF1F1
S31508033FB00E040094FFF7DCFF04B010BD1FB51446CA
S31508033FC00A46014601A8FFF7BBFF10B9DDF80A3018
S31508033FD0236004B010BD10B404460846A11D5DF85D
S31508033FE0044BFFF71CBA70B5064634891D4694423E
S31508033FF028BF1446084623462A46F188FFF704FADB
S3150803400000B9285570BD10B4044601230846A11DFE
S315080340105DF8044BFFF703BA38B50546022308468D
S31508034020A91D1446FFF7FBF910B923885BBA238049
S3150803403038BD38B5044604230846A11D1546FFF7BF
S31508034040EEF9044618B92868FFF7FFFE28602046EC
S3150803405038BD7FB5044615460A46014601A81E46DD
S31508034060FFF76EFF38B933462A46214601A8FFF7FC
S31508034070BAFF04B070BD1720FBE730B585B0044618
S3150803408015460A46014601A8FFF75AFF30B92A46DC
S31508034090214601A8FFF7B7FF05B030BD1720FBE798
S315080340A030B585B0044615460A46014601A8FFF70A
S315080340B047FF30B92A46214601A8FFF7ADFF05B0E9
S315080340C030BD1720FBE730B585B0044615460A46CA
S315080340D0014601A8FFF734FF30B92A46214601A84D
S315080340E0FFF7A7FF05B030BD1720FBE773B51546E5
S315080340F001AA04461E46FFF761FF38B933462A4626
S31508034100204601A9FFF78BF902B070BD1720FBE71C
S31508034110FE2B73B5054616461C4614D9FF230422FF
S315080341208DF804108DF805300DEB020163BAADF86E
S315080341300630FFF706FA20B9224631462846FFF726
S3150803414000FA02B070BD8DF80010022269468DF898
S315080341500130FFF7F6F90028F3D1002CF1D0EBE78D
S3150803416070B505460E461C46114618460BB1FFF7B1
S315080341704DFC22463146C3B22846BDE87040FFF7D8
S31508034180C7BF07B501238DF807200DF10702FFF70F
S31508034190BFFF03B05DF804FB07B552BAADF80620B6
S315080341A002230DF10602FFF7B3FF03B05DF804FB24
S315080341B037B5044610460D46FFF747FE042301901C
S315080341C0294620460DEB0302FFF7A2FF03B030BDD5
S315080341D0002307B58DF8053043898DF8041013803D
S315080341E001A90222FFF7ADF903B05DF804FB2DE937
S315080341F0FF419046022302AA05460E46FFF704F935
S31508034200074648B96C899DF80930A41BFF2BA4B24D
S3150803421006D1B8F1000F2ED1384604B0BDE8F081B7
S31508034220023CA4B2FE2C37D902212846FEF7D1FF59
S3150803423080BBB31C311D2A4628469BB289B200941B
S31508034240FFF7CEF9FF2331468DF8093028460223B6
S3150803425002AAFFF750F9B8F1000FDDD09DF809302F
S31508034260FF2B0AD002238DF8094002AA31462846B5
S31508034270FFF741F9D0E7043CA4B29DF8083064BAC5
S315080342808DF80C30FF23ADF80E408DF80D3003AAD8
S315080342900423EBE70746BFE7B8F1000FE2D1BBE714
S315080342A00022FFF7A4BF0122FFF7A1BF10B50446FA
S315080342B001448C4202D30024204610BDA31C994214
S315080342C0F9D36378FF2B02D1231D9942F3D32046F2
S315080342D0FFF7BDFD20448142EDD323789342EBD00B
S315080342E00446E6E74FF6FF72C38B93421CBF0133BE
S315080342F0C383704790F8243010B504464BB1012B9D
S3150803430001D1436983612046A169BDE81040FFF7DF
S3150803431044BD4169B1EB510F4FEA510001D9FFF78B
S3150803432056FB0023A061E38384F82530EBE710B539
S31508034330044610468342BDF8082000D300B9FEE7B9
S3150803434084F82410C4E90303A283591CFFF73FFB2F
S3150803435060612046BDE81040FFF7CCBF90F82430D3
S3150803436010B504467BB1012B08D10169C068013138
S31508034370FFF72DFB60612046FFF7BCFF2046236A43
S31508034380BDE81040184790F8253073B1012BF5D1D5
S31508034390426922B10369991A8A4298BF5300204693
S315080343A06361BDE81040FFF7A5BF012380F82530F8
S315080343B0D0E90513C91AFFF7F0FCE28BA38B9A42DF
S315080343C0DCD310BDFFF7CABF10B50446D2F71EFAF1
S315080343D0D4E90031E268C01A9A4202D10028A8BF7C
S315080343E0013110BD08B5FFF7EFFF4FF47A720023CA
S315080343F0F2F79CFD08BD0368C16808308B4208BF05
S3150803440050F8043C01F1804104BF013340F8043CF1
S31508034410D9F776BE1FB50446084601A901F0A7FDDC
S31508034420204601A900F0B8F904B010BD2DE9F84FEC
S3150803443013F0010804460D4617461E46DDF8289074
S3150803444002D1043B0C2B6AD9FEE710461B0A421C11
S31508034450002BFAD19DF82CB0C0B2022838BF02202F
S31508034460BBF10D0F28BF4FF00D0BCBF10F0398428D
S31508034470B8BFD8B2C0F10F039B45C8BF5FFA83FB29
S315080344802B1E18BF012372100138013A9B015FFAEC
S3150803449080FA43EAC2034AEA03035A4649462372A1
S315080344A004F1090012F011FE3A460F2304F118012C
S315080344B09B4537D304F108021146204600F072F9EA
S315080344C06DB1B5F57F4F227A637AC5F30720E9B252
S315080344D02ED24FF0020842404B40227263725A466C
S315080344E0494684F818A004F1190012F0EEFD0BF101
S315080344F019000021CBF10F02204412F09BFD002383
S31508034500C4E90F376364102384F84CB084F84D600C
S31508034510A563A4F84880A4F84A30BDE8F88F134683
S31508034520404694E7013B01F8012DDBB2120ABFE7C7
S31508034530D24383F0FE036372A37A4FF0060883EA35
S315080345401563A372E37A227283EA1543E372237B24
S315080345505840637B207359406173C0E7C36B2DE9E9
S31508034560F04113441546826B044693420E4619D806
S3150803457001EB050800F10807B04514D1E36B1D44A8
S31508034580A36BE5639D420BD1B4F848302BB104F114
S3150803459008021146204600F005F90023A4F848301E
S315080345A0BDE8F081FEE7B4F84830102B05D13A464A
S315080345B03946204600F0F6F800235A1CA4F848208A
S315080345C0234416F8010B1A7A50401872D4E72DE9DA
S315080345D0F04F1D4685B09DF8383091460293436CDB
S315080345E0026C2B4493420446884628D86B180193D9
S315080345F06FF018030F46CB461B1A00F1280A0393DC
S31508034600019B9F421CD1636C1D44236C65649D42C8
S3150803461068D3B4F848302BB104F108021146204692
S3150803462000F0C0F8002194F84C2002F11900204448
S31508034630C2F10F0205B0BDE8F04F12F0FBBCFEE76E
S31508034640B4F84A20102A16D1514694F84C00039B15
S315080346505A18904206DA11F8012D0132D2B20A70BD
S31508034660002AF4D05246204604F1180100F09AF8BD
S315080346700022A4F84A20029B23BB3E78B9F1000F17
S315080346800AD0B4F84A20511CA4F84A10224492F8D6
S31508034690282072408BF80020B4F84820102A06D147
S315080346A004F108021146204600F07CF80022511C4A
S315080346B0A4F848102244117A01374E4016720BF1BA
S315080346C0010B9DE7B4F84A209BF80060511CA4F837
S315080346D04A10224492F828205640B8F1000FDBD03E
S315080346E03E70D9E705B0BDE8F08F70B50C4688B0C3
S315080346F005461146ADF80E30204605AB0DF10E0200
S315080347009DF83060FEF70EFEBDF818300BB908B0F9
S3150803471070BD059A284611460096FFF758FF2046AE
S3150803472005AA0DF10E01FEF735FEEDE738B5D0E91A
S3150803473010329A4204460D4600D0FEE700F12802DD
S3150803474000F1180100F02EF80023E21D94F84D102D
S31508034750994200DC38BD12F8011F92F82000414047
S31508034760E9540133F2E710B504681C604468080E7F
S315080347701872080C5872080A5C609872D9721A7310
S3150803478010BD002310B5C0E900330446FAF7F5FF58
S3150803479000B1FEE7204610BD08B5FAF7FDFF00B1E4
S315080347A0FEE708BD08B5D2F7B5F900B1FEE708BDBF
S315080347B010B50446FAF7F9FF00B1FEE7204610BD27
S315080347C0002310B5C0E900330446FBF700F800B12F
S315080347D0FEE7204610BD10B50446FBF70EF800B1F8
S315080347E0FEE7204610BD08B5FBF720F800B1FEE743
S315080347F008BD08B5FBF751F800B1FEE708BD08B5D3
S315080348002022FBF752F800B1FEE708BD70470023E4
S3150803481010B5C0E900330446FBF74FF800B1FEE7CD
S31508034820204610BD10B50446FBF765F800B1FEE750
S31508034830204610BD08B5D2F781F900B1FEE708BDD9
S3150803484008B5FBF771F800B1FEE708BD30B50C46AD
S3150803485087B005461146ADF80630204603AB0DF181
S315080348600602FEF75FFDBDF810200AB907B030BD92
S3150803487028460399FFF7E4FF204603AA0DF106012C
S31508034880FEF788FDEFE708B52022FBF75AF800B1D3
S31508034890FEE708BD70B500250446C0E90155C560A5
S315080348A01030FFF7B3FF04F11100D9F7CBFA21460D
S315080348B004F11400D9F770FC214604F12800D9F74E
S315080348C061FA214604F14400D9F7B4FB214604F101
S315080348D05800FEF708FC04F5B35021460830DCF708
S315080348E0BDF904F5B950214614300AF0BEFA04F5A9
S315080348F0C05021461030E4F75BFD04F5C550214648
S315080349000430DDF70BF804F5C95021461830DBF7F8
S31508034910FDFD04F5CE5021461C30DDF737FA214656
S3150803492004F5D4500AF03EFD04F5EA502146043056
S31508034930DBF7DEFB04F5EB5021461030DBF7E2FB31
S3150803494004F5ED5021460830DBF7B2FD04F5805334
S3150803495004F5EE5083F8D65D21461830DFF72CFDB3
S3150803496004F5F2502146043007F020F804F5F25016
S3150803497021460830D9F758FE04F5FE50214604307F
S3150803498007F040FF04F5FE5021460830E0F784F8A7
S3150803499004F5015021461830E2F7D8FC04F50B500C
S315080349A021460830DEF7FEFD04F50B50214630306C
S315080349B006F044F904F50B502146343009F0AEFBF2
S315080349C004F50F5021463D30E4F706FE04F5125070
S315080349D02146343009F0AAFD214604F5135009F09F
S315080349E0FEFD04F5135021460C30FDF7FDF804F5DA
S315080349F0135021462C3008F08CFD04F5135021463C
S31508034A003430DEF751FF04F5145021463C30DEF707
S31508034A106DFC04F5155021461030DEF78BFB04F5C3
S31508034A20155021462C30E4F7CDFB04F516502146E4
S31508034A301030DFF705FA214604F5175006F025FC72
S31508034A4004F517502146183006F082FC214604F572
S31508034A501850E4F7CDFE04F51950214604F500561F
S31508034A602830DEF7B1FB86F8AC56D9F70DFAC6F847
S31508034A70B006204670BDFBF76CB9FBF76CB901228B
S31508034A8010B5044600F5005300F5EE5083F8AC263E
S31508034A90183006F0DEFB04F5F2500830D9F7A2FD0C
S31508034AA004F15400D9F7FCF904F501501830BDE8B0
S31508034AB01040E2F719BB38B5044604F5EE55183528
S31508034AC05430D9F7F7F92846DFF738FB2846DFF7D6
S31508034AD04FFB2046BDE83840FBF73BB970B50C469B
S31508034AE005464822002105F15806204612F0A2FA87
S31508034AF03046FEF74EFB20803046FEF742FB05F5AF
S31508034B0080536080B3F8623605F5FE50A38004F13E
S31508034B1008010C30FEF7C8FE04F1100105F5FF5035
S31508034B20FEF72FFE05F5B35004F118011430FEF70E
S31508034B30BBFE05F5035004F128010430FEF721FEF8
S31508034B4005F5C05004F130011030BDE87040FDF79B
S31508034B5057B900F58050B0F86036A0F8623670474A
S31508034B600B78FF2B08BF0A230133DBB2DAB21A2A02
S31508034B700A7001D9172070470268DA4012F0010F4C
S31508034B8003F10103F2D000207047FF2337B505462A
S31508034B9000248DF8073028460DF10701FFF7E0FFDB
S31508034BA0234601340028F6D0D8B203B030BD837F3C
S31508034BB0C22003F00F03D84000F00100704710B578
S31508034BC004460C30D9F792FAE37A23F0FC03E3722E
S31508034BD0238B03F08003238310BD436970B500F16B
S31508034BE00C059D4204460ED04668D9F777FB8642E4
S31508034BF009D1D1F70BFE6268206001462846BDE855
S31508034C007040FFF7C4B870BD10B50446D9F766FB04
S31508034C10A36833F07C4204D0C3F31903984228BF30
S31508034C20184610BD012938B50446456802D1D9F797
S31508034C3075FB6060D1F7EAFD6369014604F10C0070
S31508034C40984262680CD095420CD0246813195B1AF3
S31508034C500A2B4CBF0A222146BDE83840FFF797B80E
S31508034C602160F9E738BD017ECA070FD5C1F3C30230
S31508034C70013202F00F0262F3C601042A017601D853
S31508034C80D9F790BB027E22F0780202767047037E3C
S31508034C9013F0010F08D023F0780303760B681B88FB
S31508034CA0DB0601D5D9F77EBB7047037EDB0702D542
S31508034CB00121FFF7B7BF7047037E10B4C3F340045F
S31508034CC08C4209D061F341030376DB0704D501213E
S31508034CD05DF8044BFFF7A6BF5DF8044B7047C37A2C
S31508034CE0032B0FD903F0FC01FC290BD0FC33C37249
S31508034CF0DBB2032B06D8437E012123F0F003437668
S31508034D00FFF790BF704708B531B1092914D96FF079
S31508034D107C43994228BF19468368C3F319028A421A
S31508034D2008D061F319038360037EDB0702D50121EB
S31508034D30FFF778FF002008BD0720FCE7C37A10B405
S31508034D4003F0FC04FC2C1CBF0433C372002908BF00
S31508034D5008210F2928BF0F21427EC9B213098B42A6
S31508034D6038BF0B46114663F30711037E4176DB070B
S31508034D7006D50F2A04D801215DF8044BFFF752BF65
S31508034D805DF8044B70470088704708B5FFF7FBFFCB
S31508034D90C0F3C00008BD037861F3000300F8343B91
S31508034DA009B1DAF729BCDAF73DBC0378DB0704D582
S31508034DB000F110011430FFF7D3BE0B20704710B56E
S31508034DC00446A36A084690B06BB121B9E16A10B0EC
S31508034DD0BDE81040184701A801F008F918B9D4E945
S31508034DE00A3101A8984710B010BD836A07B54BB1BD
S31508034DF07F2907D0027C8DF805108DF80420C16A37
S31508034E0001A8984703B05DF804FB38B5037805464F
S31508034E10590758BFC3F3C004C3F38002437856BF88
S31508034E2084F001040024E4B29BB932B143881B061B
S31508034E3003D5C169D030D9F763F905F134001CB13C
S31508034E40BDE8384001F033BBE97ABDE83840DAF704
S31508034E5001BC38BD0278910606D522F020020270FD
S31508034E60827AC272FFF7D1BF704710B5037804463A
S31508034E70C3F380028A422CD061F38203037059B9C3
S31508034E802178C1F3C00104F13400DAF7A7FB204601
S31508034E90BDE81040FFF7B9BF43885A0606D5D03098
S31508034EA0D9F724F9638823F0400363806378062BD4
S31508034EB009D104F1D000D9F719F9002304F1C80080
S31508034EC06370D9F7ADF82378C3F380015B07D7D5A9
S31508034ED0D9E710BD1F2908B50CD8C268CA40D2073E
S31508034EE008D50278C17242F020020270FFF78DFFDF
S31508034EF0002008BD0720FCE729B1012303FA01F1C5
S31508034F00438819434180437813B9C830D9F788B819
S31508034F10704730B44382FF23C5680374002A14BF5D
S31508034F2013462B462B40436130BCFFF7E5BF70B5EC
S31508034F300478E4071AD54478012C19D0468816F064
S31508034F40020F15D1022C13D0C6F3800476070FD4AB
S31508034F508362049B002AC36214BF13464FF49673F5
S31508034F600A460121FFF7D5FF204670BD0D20FCE751
S31508034F700520FAE770B50478E40716D54478012CBA
S31508034F8015D0468816F0020F11D1022C0FD0C6F39E
S31508034F90800476070BD48362049BC36213460A46CE
S31508034FA00221FFF7B6FF204670BD0D20FCE705205A
S31508034FB0FAE70278D20708D54278042A05D0438847
S31508034FC0DB0602D40421FFF797BF704708B50178BB
S31508034FD0CA0712D54278052A0DD0428812F0200F47
S31508034FE009D1C2F3001282F0010262F34101017092
S31508034FF00521FFF781FF002008BD0D20FCE710B54A
S315080350008AB0D0F8C4402222002101A812F012F86F
S315080350104FF6FF71012307A8ADF812108DF81A3061
S3150803502000F097FF07238DF82430032301A82146B0
S31508035030019300F070FB20460AB010BD30B5044654
S315080350408BB02222002101A811F0F4FFD4F83E0008
S31508035050D4F8421002AB03C30223D4F8C4502189FF
S31508035060002407A88DF8103000F06FFF294601A821
S315080350708DF81A40019400F04EFB284600F0BBFD5C
S315080350804FF0FF3303700F2384704370C4702846B0
S315080350900BB030BD21B9D0F814310133C0F814313F
S315080350A0837A934207D090F82030DB070FD590F820
S315080350B0213093420BD1B0F86A2100F5B470B2F5EA
S315080350C0007F3EBF013292B2428006F0C4BB7047EE
S315080350D0438F8B4209D003785B0708D54FF6FF73D6
S315080350E0994214BF162000207047002070471620E7
S315080350F0704713B5044608460DF1070100F041FD54
S315080351009DF80730042B12D0072B17D1D4F8383162
S315080351100133C4F838312378DA0705D5DB0603D516
S3150803512003212046FFF7E8FE012002B010BDD4F89C
S3150803513030310133C4F830310020F6E7D4F83C3176
S315080351400133C4F83C31F7E710B50C463430DAF7C7
S31508035150E3FA2146BDE8104006F0DDBB90F82120AE
S315080351608A4203D080F82110D9F754BD70471FB57A
S3150803517090F8203004469907C3F3400203D5428CBE
S31508035180003A18BF012203F00101914218D062F3D5
S31508035190000384F8203042B12046D9F73BFD204668
S315080351A004B0BDE81040FFF730BE02AB00931146CA
S315080351B04FF6FE7304F13400CDE90222DAF798FCC0
S315080351C004B010BD90F8203010B4C3F340048C42E9
S315080351D007D061F341035DF8044B80F82030FFF7ED
S315080351E0C6BF5DF8044B7047438C8B420CD0B3FAA9
S315080351F083F34184B1FA81F15B0949098B4201D0F2
S31508035200FFF7B5BFD9F706BD7047A022438C4FF405
S315080352107A70534303F5FA73B3FBF0F07047A02390
S315080352205843704708B50B681846FFF7ACFD00F4FA
S315080352304050B0F5005F08D11846FFF7A6FD20B128
S31508035240BDE80840084600F04EBD08BD38B504461B
S31508035250FFF7ABFD04F1340540B928460121DAF717
S31508035260BDF92046BDE83840D9F716BE2178284649
S31508035270C1F38001DAF7B2F928462189DAF796F9F4
S31508035280002120466170FFF79AFD2046BDE83840A5
S3150803529000F000B838B543780446002B72D103787A
S315080352A013F0010305D14380D030BDE83840D8F761
S315080352B01DBF4388580618D5062363706378002BE9
S315080352C041D001229A40638804F1D00523EA0203F8
S315080352D063802846D8F70AFF6378072B52D8DFE896
S315080352E003F032373C4141414641190607D5D1F708
S315080352F08DFAE369C01A002801DB0723DDE7638813
S315080353009A0701D50123D8E75D0701D50223D4E718
S31508035310180701D50323D0E79906C3F300120CD562
S315080353207AB123789B070CD4238803F0FD0343F44F
S31508035330806343F002032380C0E7002ABED0042318
S31508035340BBE70523B9E72046BDE83840FFF75DBD4F
S315080353502046BDE83840FFF779BF2046BDE8384008
S3150803536000F011B82046BDE83840D9F795BDE17A73
S3150803537004F13400DAF76EF92846BDE838406421AB
S31508035380FEF70BBD38BD38B50446FFF70EFD40B131
S315080353900020A36A607043BB2046BDE83840FFF788
S315080353A079BF638A04F1340583B9217C2846DAF781
S315080353B051F92846DAF7AAF901462046FFF715FDFB
S315080353C02046FFF7F2FC0028EFD0E1E723785B07D6
S315080353D003D42846217CDAF73DF92846628A217CDC
S315080353E0DAF7CAF90028D3D138BDE16A9847D3E773
S315080353F010B50446FFF7F9FC2046BDE81040FFF751
S31508035400C2BF0088704708B5FFF7FBFFC0F3C000AB
S3150803541008BD03681970090A5970704708B5034629
S315080354200068FFF7EEFF39B140F010011846BDE8F2
S31508035430084089B2FFF7EDBF20F01001F6E708B57B
S3150803544003460068FFF7DDFF39B140F400711846DB
S31508035450BDE8084089B2FFF7DCBF20F40071F6E720
S3150803546008B50068FFF7CDFF10F4807F0CBF032053
S31508035470022008BD00F44052B2F5005F034622D16C
S3150803548048F2400220F44E5020F03F0090421ED0CE
S3150803549010D8B0F5446F1AD007D8B0F5046F18BF03
S315080354A0002814BF012000207047B0F5004018BF3C
S315080354B0012070474CF6404203F44C43B3F5404F82
S315080354C018BF9042EDE700F44063181EEFE700208B
S315080354D0704708B501460068FFF793FFFFF7CAFF51
S315080354E020B1BDE808400846FFF7BABFFF2008BD4C
S315080354F038B505460C46FFF7ECFFFF2817BF2B68A0
S3150803550006201B5A002018BF238038BD08B5036838
S315080355101846FFF776FFC20500D5FEE7987808BD5B
S3150803552008B503681846FFF76CFFC20500D5FEE702
S31508035530997008BD08B50246FFF792FF0146106841
S31508035540FFF75FFFFFF796FF01EB4000C0B208BD08
S3150803555038B505460C46FFF7EDFF2B680146184696
S31508035560FFF74FFFC0F38120022805D0032807D091
S3150803557000230020237238BD5B5A23800123F8E7F2
S3150803558019440122204600F0C8FC0223F1E700F47F
S315080355904053B3F5005F04D100F44C43B3F54C4FC5
S315080355A008D0B0F5804F05D3C0F3801080F0010012
S315080355B0C0B270470020704710B502460068FFF76F
S315080355C020FF0446FFF7E3FFA8B11046FFF748FF9D
S315080355D001462046FFF74EFFC4F3812401EB400141
S315080355E0022CC8B202D0032C03D010BD0230C0B2BD
S315080355F0FBE70830FBE7FF20F7E738B505460C4617
S31508035600FFF7DAFFFF2817BF2B6806201B5A00206F
S3150803561018BF238038BD034610B50068FFF7F1FEAF
S3150803562004461846FFF71CFF01462046FFF722FFEC
S31508035630C4F3812301EB4002022BD2B208D0032B19
S3150803564009D02046FFF7A3FF02EB4000C0B210BD06
S315080356500232D2B2F5E70832FBE738B505460C46FF
S31508035660FFF7D9FF2D6801462846FFF7CAFEC0F3A0
S315080356708130022804D0032808D070B1062038BD2B
S315080356806B5A2380012323720020F8E70122204660
S31508035690294400F042FC0223F5E72072F4E700F000
S315080356A01800102805D0A0F1180358425841C00025
S315080356B070470420704700F007030120984010F054
S315080356C0220F09D110F0880F08D100F044000038E2
S315080356D018BF0120C0007047042070471020704788
S315080356E0037A012B06D0022B0CBF03200020884027
S315080356F080B270470220FAE708B54307024608D086
S31508035700FFF7CDFF12F0180F0CBF05300630C0B2F5
S3150803571008BDFF20FCE72DE9F743071D0446B0F84B
S31508035720009045880E4638460E21FFF7D9FF04EB4D
S31508035730010849EA050202430A214046FFF7D0FF5A
S3150803574092B21043A27D80B25AB1012A04D14FF610
S31508035750FF73E189994204D0B9F1020F18BF40F0EB
S315080357602000A37F003B18BF0123B5F5805F40EAFD
S31508035770C30094F8213003D0B5F5005F0CD0ADB95A
S31508035780217B31B12AB1218B628B914208BF40F04C
S315080357904000DD070AD5FEE7217B002A40F0888012
S315080357A0627F00297DD1002A40F08E801B0203F414
S315080357B0407340EA03057F2268463168FDF7B0FB6C
S315080357C029466846FDF7DBFBE80503D4012168464D
S315080357D0FDF714FC2846FFF74DFE18B16846618BA2
S315080357E0FDF7CDFB41466846FDF7D4FB2846FFF790
S315080357F0CEFE18B16846218BFDF7C1FB39466846CC
S31508035800FDF7C8FBBDF80430A77FB3808FB1E37FEC
S3150803581068461F433946FDF79BFB3846FFF76CFF7F
S31508035820411E89B26846FDF7E9FB3846FFF743FF91
S31508035830074694F8213099070FD502216846FDF7E4
S31508035840DDFB04221A2100F033FB04216846FDF729
S31508035850D5FB337F43F008033377AA050ED5238890
S31508035860032B03D094F821305B070FD40221684633
S31508035870FDF7C4FB00227F2100F01AFB2388032BC4
S3150803588004D1684694F82010FDF762FBB91C6846F4
S31508035890C9B2FDF7B3FBBDF80430B38003B0BDE866
S315080358A0F083002A82D1227F002A7FF47FAF0BE0A0
S315080358B009B9627FF8E7022901D1022AF9D0218BB7
S315080358C0628B91427FF472AF40F040006EE710B5E9
S315080358D080F480720446C2F30021FFF7CBFD48B972
S315080358E08A1CC4F38123022B06D0032B15D02BB1B4
S315080358F0FF2010BD0A1DF4E70232D2B22046FFF795
S3150803590046FEA40B02EB4002022CD0B207D0032CAE
S3150803591008D0002C18BFFF20EBE70832EDE702306A
S31508035920C0B2E6E70830FBE708B58388032B06D938
S315080359300068FFF766FDBDE80840FFF7C8BFFF200C
S3150803594008BD08B583880246022B08D90068FFF705
S315080359505AFD20B1BDE808401046FFF7E5BFFF2012
S3150803596008BD38B505460C46FFF7EBFFFF2817BFFA
S315080359702B6806201B5C00201CBF03F0070323705B
S3150803598038BD38B505460C46FFF7DBFFFF2817BFBA
S315080359902B6806201B5C00201CBF03F0180323702A
S315080359A038BD38B505460C46FFF7CBFFFF281FBFA2
S315080359B0431C2A68DBB2D35816BF0020062023608F
S315080359C038BD38B505460C46FFF7BBFFFF2800D19F
S315080359D0FEE72A68431CD9B2545452FA83F3220ABF
S315080359E05A70220C240E9A70DC702B7F43F0010345
S315080359F02B7738BD70B506460D46FFF7A2FFFF287D
S31508035A00044600D1FEE736680534305CFFF747FEE7
S31508035A10294602463019BDE8704011F056BB70B5E9
S31508035A2006460D46FFF78DFFFF28044609D0326860
S31508035A30105CFFF734FE22440244002053792B708E
S31508035A4070BD0620FCE770B506460D46FFF779FFDD
S31508035A50FF28044600D1FEE73268105CFFF71FFEF5
S31508035A6022440244557170BD10B50446FFF769FF19
S31508035A70FF2806D02368185CFFF71DFE0230C0B264
S31508035A8010BD0220FCE710B50446FFF74DFFFF28BB
S31508035A90014611D022681046FFF7B5FC60B1A48809
S31508035AA0A1420BDA505CFFF727FEFF2808D0014412
S31508035AB0C9B28C42B8BFFF21084610BDFF21FBE7D8
S31508035AC00146F9E7F8B50646FFF7DDFFFF28044662
S31508035AD032D037683846FFF794FC830505461CD54C
S31508035AE03046FFF7C1FFB188A21C93B210FA82F2BF
S31508035AF08A4207EB040620DC3A5D02F07F02134470
S31508035B009CB210FA83F3994217DB328802F4FF42F8
S31508035B10B2F57E5F01D09942E6DC3B7803F00703D2
S31508035B20032B06D105F44055B5F5005F1CBF0134B8
S31508035B30A4B2FE2C01D8E0B2F8BDFF20FCE738B5C5
S31508035B400546FFF7BFFFFF28044618D028680378E1
S31508035B5003F00703032B08D1FFF753FC00F4405067
S31508035B60B0F5005F04BF0134E4B22846FFF77CFFB3
S31508035B70AB8804449C42CCBF0620002038BD0620CF
S31508035B80FCE7F8B505460E46FFF79CFFFF280446D3
S31508035B9018D02F683846FFF734FC00F44050B0F5A8
S31508035BA0005F18BF04F1FF34284618BFE4B2FFF7B5
S31508035BB05BFFAA88631C0344934203DC00203B5D16
S31508035BC03370F8BD0620FCE707B503681B7803F0B6
S31508035BD00703032B03D0002003B05DF804FB0DF184
S31508035BE00701FFF7CEFF0028F5D19DF80700031F2D
S31508035BF058425841F0E710B50446FFF763FFFF28FC
S31508035C0016BF23680020C01810BD10B50446FFF759
S31508035C10F2FF2368C01AC0B210BD38B50546FFF7B0
S31508035C20F4FF04462846FFF71FFF2044C0F17F0010
S31508035C3080B238BD70B505468688FFF7E6FF044689
S31508035C402846FFF711FF0444301B80B270BD70B5B8
S31508035C5006460C46FFF7D9FF05463046FFF704FF0D
S31508035C6005442C44B48070BD38B504460568FFF76F
S31508035C70FBFEA388181A284438BD08B503460068EE
S31508035C80FFF7BFFB820504D51846BDE80840FFF7B2
S31508035C90FABEFF2008BD70B505460E46FFF7EDFFB1
S31508035CA004462846FFF70EFFFF2C024601D0FF28BD
S31508035CB00ED1002070BD2B68195B1819C1F3C711E3
S31508035CC08E42F7D01B5D03F07F03023323449CB255
S31508035CD09442F0D3EDE71A2108B5FFF7DCFF003845
S31508035CE018BF012008BD08B51A21FFF7D4FF00B174
S31508035CF0023008BD38B50D461446FFF7F4FF08B160
S31508035D004580048038BD2DE9F041002304469CB044
S31508035D1008A80D460393FEF734FD2068FFF773FBC7
S31508035D20002851D020460DF10B01FFF71AFE002873
S31508035D304AD1204603A9FFF734FE0646002843D175
S31508035D400DF1100843469DF80B2028460399FEF7E4
S31508035D500AFDA16808A8FEF75DFB2046FFF784FE47
S31508035D6005462046FFF751FF07462046FFF762FF21
S31508035D700D23023D02463946CDE9008308A8EBB256
S31508035D80FEF754FB2046FFF740FF256802462946DF
S31508035D9008A8FEF7E3FB2046FFF72DFF0546204636
S31508035DA0FFF748FF2A460346294608A80096FEF742
S31508035DB00EFC2046FFF758FF014608A8FEF7B6FC77
S31508035DC0237F43F01003237708A8FEF7F1FC1CB0E2
S31508035DD0BDE8F081F0B500230446A1B00CA80E4631
S31508035DE015460393FEF7CDFC2068FFF70CFB002846
S31508035DF05CD020460DF10B01FFF7B3FD30B1082443
S31508035E000CA8FEF7D5FC204621B0F0BD204603A911
S31508035E10FFF7C7FD0028F2D104AF3B469DF80B20D8
S31508035E2030460399FEF79FFC29460CA8FEF7F2FABB
S31508035E302046FFF719FE851E2046FFF7E6FE0646AF
S31508035E402046FFF7F7FE0D23EDB202463146CDE9AC
S31508035E5000730CA82B46FEF7E9FA2046FFF7D5FE92
S31508035E602668024631460CA8FEF778FB2046FFF75C
S31508035E70C2FE06462046FFF7DDFE012203463146EB
S31508035E8000920CA83246FEF7A2FB08A90CA8FEF757
S31508035E904DFC2046FFF7E8FE2A46014608A811F0FE
S31508035EA0A0F8041E18BF0124E400A9E70446A7E7DF
S31508035EB0C90101F4FF4102F07F020A43018002701F
S31508035EC0704738B50D46044605F580550430D9F7AD
S31508035ED033FBD5F8943E2046C4F8943038BD10B544
S31508035EE04FF6FF74D7F7D0FF80B2A042FAD010BDA1
S31508035EF010B504460821F9F752FD237823F0010368
S31508035F0043F00203237010BD0B6803604B684360BC
S31508035F10037883F002030370704712B1012A05D090
S31508035F2070470B6803604B684360704701F10803C9
S31508035F3013F8012D8B4200F8012BF9D1704708B5E8
S31508035F40FFF7E2FF0223037208BD012301800371F1
S31508035F507047012341804371704740F20113018062
S31508035F60418083807047006870470160704700234B
S31508035F7002680B608B808A60704710B50446006818
S31508035F80002801DBF9F7E1FB4FF00043236010BD5E
S31508035F9038B50B68026804469A420D4603D0FFF7E4
S31508035FA0ECFF2B682360204638BD10B50446FFF77F
S31508035FB0E4FF4FF00043236010BDF0B5002787B018
S31508035FC00E46154604460597FFF7D7FF1023012209
S31508035FD0CDE9016311460097AB1D05A8D0F70EFD61
S31508035FE000B1FEE7059B236007B0F0BDF0B50D468B
S31508035FF0002187B03C2204468DF8141011F01AF8D4
S31508036000002D71D02B681B785B0703D00626304614
S3150803601007B0F0BD03AF39462846FFF71EFB064611
S315080360200028F4D19DF81430022BEFD197E803002A
S3150803603004F1320784E8030039462846FFF7DDFAF8
S3150803604018B139462846FFF753FAAB79284684F838
S31508036050363095F9153084F83730AB7D84F8383007
S31508036060FFF7E8FD1D28D2D92846FFF7C4FD40F6F9
S31508036070FF72018803469142C9D18278002AC6D1A4
S31508036080C278002AC3D10279032AC0D10633019301
S315080360901023417994F83920090961F3030284F836
S315080360A039204179083461F3861284F8312042791C
S315080360B094F83110C2F3C00262F3041184F8311064
S315080360C0D0F8162001A9C4F81120D0F81A208DF8A3
S315080360D00830C4F81520204601F026F82046FDF7B7
S315080360E081FD002893D191E7072690E700224260B5
S315080360F08260C2604FF000420260704738B54FF6BF
S31508036100FE7300250446C3800381438A458003F052
S31508036110FE0343F4FE4343F0010343820571C0F8CB
S315080361200A50C0F80E50456180F85D502830FFF7D5
S315080361303CFF04F13800FFF738FF04F14800FFF786
S3150803614034FF04F16000A56584F85C50D7F7FCFFBB
S315080361502046BDE8384000F0B7B938B5036A0446A7
S315080361600D461BB1426A0121284698472388DA0758
S315080361700BD42B681B889B0607D504F160004FF4E4
S315080361807A51BDE83840FDF754BE38BD83781C30D4
S31508036190022B1CBF022300F81A3CD9F7D9BB007897
S315080361A0C0F3401080F0010000F001007047034679
S315080361B08269127FC2F38000520741BF188800F034
S315080361C00C00B0FA80F040097047837810B5032BAA
S315080361D01CBF03238370836904461B7EC17863B19E
S315080361E0FFF7E5FF48B10331C9B205292046BDE8E3
S315080361F0104028BF0521D9F73BBA2046BDE8104011
S31508036200D9F758BA0078C0F3800080F0010000F08F
S31508036210010070470078C0F3400080F0010000F0E9
S31508036220010070470246837C13F0010002BF5078D1
S31508036230C04300F00100704738B590F85C30044657
S3150803624093420D4607D11C30D9F788FBA36D9D42AF
S3150803625024BF0135A56538BD036A70B505460C46E6
S3150803626016462BB121B11AB9426A314620469847D8
S315080362702846FFF794FF40B93CB1E37D9B0704D555
S315080362802846227D2169FFF7D7FF3246214628464D
S3150803629000F059F93246214605F11C00BDE8704065
S315080362A0D9F73CBB37B50446806903681B881D07C5
S315080362B02DD5037FD9062AD40DF10701FFF761FB14
S315080362C028BBA069037FDA0703D494F85C10FFF7A9
S315080362D0BAFB2046FFF763FFC8B19DF80730082BC2
S315080362E015D1A06904F138038360037FDB0709D45A
S315080362F0A56D2946FFF765FB2946204694F85C20D9
S31508036300FFF79AFFA06904F10A01FFF7FCFC03B043
S3150803631030BD38B583780546052B0BD00024FFF727
S31508036320C1FF2846EC702C7185F85D40FFF74DFFD9
S31508036330204638BD0D20FCE737B505460C46FFF762
S315080363402EFF20BB0B681B881A0720D50B7FDB079C
S315080363501DD520460DF10201FFF713FB00B1FEE739
S315080363609DF80230082B12D1204601A9FFF719FB25
S3150803637000B1FEE720460DF10301FFF750FB00B11C
S31508036380FEE728469DF803200199FFF755FF03B05A
S3150803639030BD2DE9F7431E46044660300D46904648
S315080363A0D7F7D2FE0E2E2AD003D846B30B2E28D003
S315080363B0FEE70F2EFCD100272B7F5B0705D5394651
S315080363C0AA7904F11C00D9F7AFFA424629462046B2
S315080363D000F0C6F829462046FFF7AEFF9FB92046C8
S315080363E0FFF7E5FE78B1E3782A7E9A420BD90133A3
S315080363F0E370204603B0BDE8F043FFF7E6BE012786
S31508036400DAE70127E6E70023E37023799EB32046FC
S31508036410FFF7F8FE074620B16F7E9F4294BF002719
S31508036420012704F11C093246294648460097D9F73D
S3150803643081FA17B323790E2E03F1010323712B7FF8
S3150803644043F002032B77D4D1A3782046062B18BF33
S31508036450062394F85D1018BFA370D9F709F994F8C1
S315080364605D300133DBB2052B28BF052384F85D3085
S3150803647003B0BDE8F0833746D3E7A3784246022B39
S3150803648018BF0223294618BFA3704846334603B0EC
S31508036490BDE8F043D9F756BA8378072B1CBF072301
S315080364A0837003881B0601D4D9F726BA704708B543
S315080364B0B0F86C301BB9BDE80840D9F791B9FFF7B6
S315080364C0EBFF002008BD70470023C0E91D33A0F881
S315080364D07030A0F86C3080F86E30C3678430D7F715
S315080364E033BE13B50446694601AAD9F7C5FADDE9E9
S315080364F00012238820461B0604D502B0BDE81040C7
S31508036500D9F74ABA02B0BDE81040D9F777BA38B511
S31508036510038804461B0615D5D4F88C308430984274
S3150803652010D0A023B4F86C505D43D7F70DFE636F04
S3150803653020465B1B6367A36F5B1BA367BDE83840F5
S31508036540FFF7CFBF38BD51B14AB9B0F86C3023B1A4
S31508036550CB7D9B0744BF8B68C367FFF7D8BF7047DC
S3150803656010B50446084632B1FFF7B5FB18B1204605
S31508036570D9F77AFAE0672046BDE81040FFF7C7BFA8
S31508036580002110B50446FE2280F8FE10C0F800115B
S3150803659010F050FD204610BD027803460E2A12D885
S315080365A00E2A17D8DFE802F01A2628200808162824
S315080365B0161616162216280010225878904234BF4B
S315080365C0002001207047352A12D005D8332A13D064
S315080365D0342A13D0012070474A2AFBD15A78022A53
S315080365E00ED9981C06F008BF00F0FDBC00F008BDE4
S315080365F000F03CBD0222E0E70822DEE70422DCE7DE
S315080366000020704770B590F8FE300546FF2B00EB67
S31508036610030622D1062070BD6378FF2BFAD0A31C8C
S315080366209E42F7D32046FDF712FC20448642F1D357
S315080366302046FFF7B1FF0028ECD0611B28462278D5
S3150803664089B2FDF733FE0028E4D12046FDF7FFFBA8
S315080366500444B442E0D30020DDE70446F9E70A46DA
S3150803666090F8FE10FDF722BE73B50C46064688223F
S315080366700021204610F0DEFC354696F8FE303344FA
S315080366809D4201D302B070BD2B780E2B0BD80E2B6F
S3150803669010D8DFE803F02778446B865C0F500F0F9A
S315080366A00F0F950F1F00352B25D008D8332B72D023
S315080366B0342B2CD02846FDF7CAFB0544DDE74A2BC5
S315080366C0F8D10122B5F8033084F884205BBAA4F81C
S315080366D05C30EFE70123214684F87830A81C00F0E4
S315080366E00AFEE7E70122B5F8033084F880205BBA8F
S315080366F0A4F85A30DEE76946284600F0A6FC0028C7
S31508036700D8D1012384F88330009B6367D2E701223B
S31508036710D5F8023084F87E201BBA6365CAE70123DD
S3150803672084F87C30D5F80230C4F84130D5F8063001
S31508036730C4F84530BEE7012384F87D30D5F8023026
S31508036740C4F84930D5F80630C4F84D30B2E701230A
S3150803675004F1200284F87A3005F11201AB1C53F8D0
S31508036760040B8B4242F8040BF9D1A3E7012329460C
S31508036770684684F87B3000F02EFC694604F1300045
S3150803678000F0D2FC96E701226B8884F87F205BBA77
S31508036790A4F858308EE7012304F1100184F8793000
S315080367A09CE7012304F15E0284F8813005F11201A6
S315080367B0AB1C53F8040B8B4242F8040BF9D179E767
S315080367C0284600F023FC0123009084F88230C4F89D
S315080367D06E006FE70B4610B5044690F8FE20014697
S315080367E0184610F072FC94F8FE2080F8FE2010BDBF
S315080367F038B50C46054691F8FE2010F066FC94F869
S31508036800FE3085F8FE30D4F80031C5F8003138BDBE
S31508036810FF2A10B5044609D080F8FE2010F055FC6F
S31508036820CFF7F4FFC4F80001002010BD0720FCE7EA
S3150803683091F8FE20FFF7ECBF538870B5FE2B05468B
S31508036840164608460ED82A463146FCF7E8FD04469E
S3150803685030B9738885F8FE30CFF7D8FFC5F800013D
S31508036860204670BD0724FBE738B5044690F8FE00BA
S3150803687015461318FE2B09D8204410F026FC0020D1
S3150803688094F8FE301D4484F8FE5038BD0320FCE717
S3150803689038B50446084681B14D7894F8FE20A91CFC
S315080368A0031B51FA83F3D21A014410F0AAFB94F896
S315080368B0FE30023B5B1B84F8FE3038BD2DE9F843F6
S315080368C0884690F8FE50044617461E46FFF7C7FE4D
S315080368D0C5F1FE050146ADB218B1437802331D442E
S315080368E0ADB206F10209A94518D82046FFF7D0FF2D
S315080368F094F8FE30E018994484F8FE9004F803806F
S315080369004670FDF7AEFA3246394610F0DEFBCFF78E
S315080369107DFFC4F800010020BDE8F8830320FBE7E8
S3150803692070B5054608460C460E78FDF7A1FA3146BA
S31508036930024663782846BDE87040FFF7BFBF91F863
S31508036940783037B505460C464BB1684600F0FEFC71
S3150803695008236A460E212846FFF7B0FF70B994F854
S31508036960793073B1684604F1100100F0EFFC08238F
S315080369706A4633212846FFF7A1FF10B1032003B067
S3150803698030BD94F87E30002B40F0828094F8803036
S3150803699063B16846B4F85A1006F028FD03236A461D
S315080369A000212846FFF78AFF0028E7D194F88430A8
S315080369B063B16846B4F85C1006F018FD03236A460B
S315080369C04A212846FFF77AFF0028D7D194F883305F
S315080369D06BB100226846616FD9F71CFD6A463521FB
S315080369E028469DF80630FFF769FF0028C6D194F8B4
S315080369F07C30002B59D194F87D3043B10823072105
S31508036A00284604F14902FFF759FF0028B6D194F83E
S31508036A107A3043B110230521284604F12002FFF7F3
S31508036A204DFF0028AAD194F87B306BB1684604F170
S31508036A30300100F06EFB032128469DF80430009AC6
S31508036A40FFF73CFF002899D194F87F30BBBB94F835
S31508036A50813043B110230421284604F15E02FFF76F
S31508036A602DFF00288AD194F882307BB140F20C437B
S31508036A70684604F16E01ADF8003000F0DDFA6946A8
S31508036A802846FFF74DFF00287FF478AF002076E706
S31508036A90636D6A461BBA0093342104232846FFF71D
S31508036AA00DFF00283FF472AF68E708230221284642
S31508036AB004F14102FFF702FF00289CD05EE7B4F811
S31508036AC058306A465BBAADF80030012102232846DE
S31508036AD0FFF7F4FE0028BAD050E7002280F8FE201C
S31508036AE0FFF72DBF10B50446FFF7B9FD014620464B
S31508036AF0BDE81040FFF7CCBE002910B514BF3321FB
S31508036B000E211446FFF7ABFD38B1D0F802302360E7
S31508036B10D0F806300020636010BD1720FCE7002973
S31508036B204FF0080314BF33210E21FFF7C7BE10B574
S31508036B3002704278014622F003024270002204469C
S31508036B40426041F8183FC0E908128262083000F033
S31508036B5094FB04F1100000F090FB204610BDF8B535
S31508036B6004460D46183004F11007D7F7BFFA04F1A7
S31508036B700806384600F081FB304600F07EFB95F8A0
S31508036B80FE30C3B16378324643F0010328462178C1
S31508036B906370FFF7B1FF18B996E8030087E80300A7
S31508036BA023781BB929462046D8F7F8FF2046BDE8BF
S31508036BB0F840D9F757B8F8BD13B50B460021044674
S31508036BC08DF80710104662B9102118690DF10702EE
S31508036BD0FDF753FAB8B99DF80730A3B1FF2B08BFE1
S31508036BE025200022637823F002036370D4E9093170
S31508036BF0626203B1984741F2883104F11800FDF740
S31508036C00CCF802B010BD0620EBE7FFF7D5BFF0B509
S31508036C100F4615461E46C3B0044601A8FFF7B0FC47
S31508036C20394601A8FFF759FF3246294601A8FFF757
S31508036C301BFE40B9204601A9D9F720F818B9489B85
S31508036C406362499BA36243B0F0BD024690F84030A5
S31508036C5030B5C4189442154606D1402B08D05A1CA1
S31508036C6080F84020C15403E02D7801328D42F1D1DA
S31508036C7030BD037810B5002B044614BF0520032046
S31508036C8000F50030F8F761FD2378BDE81040002BC6
S31508036C9014BF0620042000F50030F8F756BD30B5BA
S31508036CA0084687B011460593FFF7D9FC0446B8B1E1
S31508036CB04378ABB1FDF7D5F863780022CDE9010334
S31508036CC001231146009305A8CFF798FE054600B1A0
S31508036CD0FEE72046FDF7C5F82946627810F0AAF9BB
S31508036CE007B030BD37B5084611461D46FFF7B7FC52
S31508036CF0044698B1427872B1FDF7B3F86278014653
S31508036D0001AB2846F8F71AFD024620B96278019BBB
S31508036D10D21A18BF0122104603B030BD0246FAE75D
S31508036D2030B50446C3B001A8FFF72AFC01A92046DB
S31508036D30D9F7E6F8054601A92046FFF710FF2846C6
S31508036D4043B030BD30B50D460446C3B001A8FFF7BE
S31508036D5017FCFF220021284610F06CF9204601A9EA
S31508036D60D9F7CEF8044618B9294601A8FFF732FD24
S31508036D70204643B030BD10B50446C2B001A8FFF79C
S31508036D80FFFB204601A9D9F7BBF818B9204601A984
S31508036D90D8F704FF42B010BD08B54378024613F08E
S31508036DA0010006D002F1100000F072FA80F001002B
S31508036DB0C0B208BDD9F786B938B504460D46CFF72C
S31508036DC025FD0023626B2B6004F12C039A4209D03C
S31508036DD0236BC21A002AB8BF1B1A4FF00000B8BFAC
S31508036DE02B6038BD1720FCE7F8B506460D4616F89E
S31508036DF0101B0446174628463246FFF77DFE78B130
S31508036E00304604F1080100F0B1FA002812DD2946DC
S31508036E102046D9F7A7F92046D8F724FF002008E02B
S31508036E202378002BECD129462046D8F7B7FE00284D
S31508036E30E6D0F8BD002FEAD10028ECD041F288311C
S31508036E4004F11800FCF7A9FFE5E7D9F73BB910B534
S31508036E500C460E21FFF703FC38B1D0F80230236045
S31508036E60D0F806300020636010BD1720FCE710B584
S31508036E700446C2B001A8FFF783FB204601A9D9F748
S31508036E803FF818B9204601A9D9F7E2F942B010BD6F
S31508036E9030B50D460446C3B001A8FFF771FB294672
S31508036EA001A8FFF71AFE204601A9D9F7EBF943B063
S31508036EB030BD30B50C46C3B0054601A8FFF760FBE5
S31508036EC0214601A8FFF7B4FC18B10724204643B0AE
S31508036ED030BD01A8FFF796FB04460028F5D12846DE
S31508036EE001A9D9F7CFF9F1E730B50546C3B001A82B
S31508036EF00C46FFF745FB284601A9D9F701F810B157
S31508036F00172043B030BD214601A8FFF7A0FF00288C
S31508036F10F7D0F5E730B5037A5A1E3F2A1AD8D0E9CF
S31508036F20004007311A460D46072A14D8D808C0EB7D
S31508036F30401203EBC20313F0FF020AD00123091A16
S31508036F409340DBB20A785842013B0240234013437D
S31508036F500B7030BDFEE705F80149083A240A44EAEE
S31508036F600064D2B2000ADFE730B505460C468BB09B
S31508036F706846FDF74CFC6846FDF75CFC0822294683
S31508036F806846FDF75DFC684602A9FDF77CFC02AB83
S31508036F9003CB20602378684643F0020361602370BD
S31508036FA0FDF740FC0BB030BD4200400800F05530F9
S31508036FB002F0AA3202439300920802F0333203F036
S31508036FC0CC33134318011B0903F00F3300F0F030D9
S31508036FD0184300BA70474A780231102A28BF10228C
S31508036FE001600271704741780230FCF7CDBD024655
S31508036FF0084651780232102928BF102100F0D8B864
S315080370004078022894BF00200120704713B5044630
S31508037010684604F03FF862786388023AD2B2022AD5
S3150803702068465BBA28BF0222211DADF8003004F07A
S3150803703038F8009802B010BD03460A88084652BAC3
S315080370405A80191D022204F07BB81FB50C4600218D
S31508037050831C427803A8CDE902110193FCF74CFC83
S31508037060214601A8D9F790F904B010BD07B501A9BF
S31508037070FFF7EBFFB0FA80F0400903B05DF804FBB5
S315080370801FB50023CDE9013008681146039001A80E
S31508037090D9F77AF905B05DF804FB37B50D4601AAA9
S315080370A035210446FCF78AFF20B92A46204601A95A
S315080370B0FFF7E6FF03B030BD13B504460022684662
S315080370C0D9F7A8F96A46352120469DF80630FDF713
S315080370D01FF802B010BD10B50446083000F042F898
S315080370E001462046BDE81040D9F7CCB910B5044689
S315080370F0083000F019F801462046BDE81040D9F7D4
S31508037100C1B908B5193000F02DF8182808BF0020B2
S3150803711008BD38B50D46044611212846FCF776FC0A
S3150803712020712560204638BD70B50E680546097975
S315080371303046FCF76BFCC4B2102C0FD822462946FE
S3150803714030460FF04EFF08B92B5D4BB12246314648
S3150803715028460FF0BAFF0020285570BD0720FCE724
S315080371601820FAE7112313B50446084600918DF84B
S315080371700430FCF737FD28B169462046FFF7D4FFEC
S3150803718002B010BD0720FBE701380F288CBF00208B
S315080371900120704708B54B1E0F2B07D800F8011BB3
S315080371A0102200210FF046FF002008BD0720FCE748
S315080371B070B504461646FFF7EDFF054628B920467F
S315080371C0314610F8012B0FF080FF284670BDF8B53D
S315080371D0027805461046FFF7D7FF40B30C88D6005A
S315080371E0F6B2B4FBF6F3012706FB1344013AC4F3DC
S315080371F0C403D2B2D31A55FA83F35B7804F00704AF
S3150803720007FA04F413EA040011D04B88B3FBF6F12A
S3150803721006FB1133C3F3C401521A55FA82F25078A6
S3150803722003F007039F403840003818BF0120F8BD14
S3150803723041F2210337B50C4605460146082201A843
S315080372400193FBF746FE48F20503208008222946E8
S3150803725001A80193FBF73DFE608003B030BD13B56B
S3150803726000230C466946CDE90033FFF753FE214652
S315080372706846FFF7DDFF02B010BD4FF0FF3303701A
S3150803728043708370C370037143718371C37170470D
S315080372904FF6FF720388934208D1D0F802200132D1
S315080372A004D1C088C01A18BF01207047012070474F
S315080372B00023037043708370C37003714371837132
S315080372C00123C37170470346008840B9D3F80220E7
S315080372D032B9D888A0F580735842584170470020C0
S315080372E0704710B50446D0F80200FCF7AEFD2188B6
S315080372F049BA89B210BD38B50C460546FFF7F1FF02
S31508037300C4E90001EB885BBAC3F34E0203F0010339
S315080373102281A37238BD5BBA10B5044603801046B2
S31508037320FCF793FDC4F8020010BDC3885BBA03F0EB
S31508037330010343EA41035BBAC3807047C3885BBA58
S3150803734023F00103194349BAC180704738B5D1E917
S3150803735000230C460546FFF7DEFF21892846FFF77B
S31508037360E4FFA17ABDE83840FFF7E8BFF8B50C4655
S315080373700546FFF78DFF01462046FFF789FF814241
S315080373801AD12846FFF7ADFF074620460E46FFF7F4
S31508037390A8FF8E4208BF874214D1EB885BBAC3F3B2
S315080373A04E0299B2E3885BBA98B2C3F34E039A4284
S315080373B00ED00AD901200AE0002914BF01204FF094
S315080373C0FF3004E0B842B141F4D34FF0FF30F8BDC3
S315080373D001F0010300F001029A4201D0002BECE709
S315080373E00020F4E78378028803B90902114489B2B5
S315080373F08A4284BF013189B283F001030180837015
S31508037400704710B50C46090AFFF7ECFFE1B2BDE871
S315080374101040FFF7E7BF38B50C468D18AC4200D1CC
S3150803742038BD14F8011BFFF7DDFFF7E7034607B579
S3150803743010464FF6FF721B8893421CBFDB439BB271
S315080374405BBAADF806300DF106020223FCF753F8D2
S3150803745003B05DF804FB2DE9F04385B00C9D0446A3
S3150803746028461F4690468946FBF7D5FE0646102250
S315080374704946ADF802002046FFF7CDFF10224146E4
S31508037480FFF7C9FF3146FFF7BCFF3946FFF7B9FFD8
S315080374902846A98901AB0DF10202FBF743FFBDF8A4
S315080374A0082012B905B0BDE8F08320460199FFF715
S315080374B0B2FF284601AA0DF10201FBF76BFFEEE7BF
S315080374C01FB50024134600900A4603A81031ADF8E9
S315080374D00C408DF80E40FFF7BEFF4FF6FF73BDF85D
S315080374E00C00C01A18BF0120400004B010BD2DE9D6
S315080374F0FF411E460023112E04460F469046ADF85B
S315080375000C308DF80E3021D03A2E21D0062E1AD102
S3150803751010250023A18920462944ADF80A300DF128
S315080375200A02022389B2FBF7E6FF33464246394687
S3150803753003A80094FFF78FFFA3892246E91889B2A7
S3150803754003A8FFF773FF04B0BDE8F0810625E0E75B
S315080375500225DEE70246402308460021FBF754BF0F
S31508037560F8B5044617460D4631B90FCF0FC497E849
S315080375700F0084E80F00F8BD06460FCD0FC695E841
S315080375800F0086E80F00204602F063F948B13B4630
S31508037590224607F1100153F8040B8B4242F8040BF9
S315080375A0F9D1238A0BB93B8A238263690BB97B69B1
S315080375B06361237E0BB93B7E2376637E0BB97B7EA1
S315080375C06376A37E0BB9BB7EA376E37E0BB9FB7EFC
S315080375D0E376237F002BCED13B7F2377CBE707B513
S315080375E0134640224068ADF806200A460DF1060107
S315080375F001F015F903B05DF804FB2DE9F043836840
S3150803760004460F46154689B093B328264FF00A0851
S315080376100DF114092FBB238A628AADF812300523AC
S31508037620CDE90298CDE900530DF112010023A068B4
S3150803763001F0FDFA172819D080B9A368BDF81220FE
S31508037640C5E900032A8118460DF1120101F08DF8E8
S3150803765020B9013EB6B2002EDCD1062009B0BDE83A
S31508037660F083238B628BADF81230D8E70020F5E759
S315080376701720F3E72DE9F04105460F4607CA90B0F0
S3150803768006AE86E807003246394628469846FFF787
S31508037690B4FF044618BB37BB2B8A6A8AADF8163083
S315080376A01A23039309AB02931C23CDE900630DF157
S315080376B016014346A86801F0BAFA044678B9169A39
S315080376C00DF12E030DF13E0153F8040B8B4242F8DC
S315080376D0040BF9D10A98FCF7B8FB179B18602046E8
S315080376E010B0BDE8F0812B8B6A8BADF81630D7E75F
S315080376F0F0B504460E4607CA89B005AD85E8070006
S315080377002A46314620461F46FFF777FF88B996B9BA
S31508037710238A628AADF812300E2303930E9B0DF16A
S31508037720120102930123CDE900533B46A06801F0F9
S315080377307EFA09B0F0BD238B628BADF81230EBE706
S3150803774038B500250C460D604D620D6381F82E5041
S315080377501022294604F112000FF06CFCE36813B1FA
S31508037760228A02B11D7038BDF0B51C4600238DB0C0
S31508037770CDE90533ADF81C3023680546174613B122
S3150803778000200DB0F0BD8068002857D000294BD1E2
S315080377902B8A6A8AADF8123010230393212308AE85
S315080377A0CDE90073029600230DF1120101F03FFAA9
S315080377B00028E6D10998FCF748FBBDF82E3020606F
S315080377C05BBAA380BDF82A30A8685BBAE380BDF824
S315080377D02C30E2685BBA2381BDF812300690ADF807
S315080377E01C3032B301210291218A103BCDE90021D5
S315080377F09BB201460DF11202304601F05EF90028EC
S31508037800BFD104F11206304602F023F80028B7D098
S315080378102434002301212846CDE9006405AAFFF78D
S3150803782029FF1728ADD1ABE72B8B6A8BADF812303E
S31508037830B2E70DF1120100F098FFE0E71720A0E781
S31508037840F0B51C461B6B0546164689B053BBA36A9F
S3150803785043B3806830B341BB2B8A6A8AADF81230CA
S315080378600A21002384F82E300391102105AFCDE9B0
S31508037870006102970DF1120101F0D9F9E0B904F19B
S315080378802C0300933846A36AA9680DF1120201F086
S3150803789091FB03280ED1012384F82E300698FCF7B2
S315080378A0D4FA2063002009B0F0BD2B8B6A8BADF8A0
S315080378B01230D5E70028F1D01728F3D0F3E70023D1
S315080378C02DE9F0411546428A86B08A420646029356
S315080378D008D8C38A1344994245DB428B1344994219
S315080378E05BDA0223AB75338A0A46B0680DF10601E3
S315080378F0ADF8063001F01BF9044660BBAB882A686D
S31508037900B0680DF1060100F08AFF044618BB0A2386
S31508037910BDF80610B06803AAFBF776FD0446D0B98E
S31508037920BDF80610B06802AAD9F778F8044690B9E4
S31508037930BDF80C30DDF808805BBAEB80B8F1000FB0
S3150803794013D0B8F80A7004982F81FCF77EFA2A69CF
S31508037950E8607AB9AA82029808B1D6F779F9204677
S3150803796006B0BDE8F0810123BCE7BDF814707FBA01
S31508037970BFB2E8E7AB8ABB4228BF3B46AB82B8F146
S31508037980000F04D000214046FBF71AFDE3E7BDF8D4
S315080379900610B0680A3189B2F6E71724DBE7F0B5B3
S315080379A01F4600230D464168A1B0CDE903314023A4
S315080379B004460DEB0300ADF814301646FFF7CAFD6F
S315080379C09DF84030012B01D0217F21B320680AA9F5
S315080379D000F50B50343006F0AAF9D0B99DF84010DB
S315080379E006AB01392046009318BF01212B4603AA8B
S315080379F0FFF77EFE044648B930460DF122020AA96E
S31508037A0002F006F80798FCF720FA3860204621B0FA
S31508037A10F0BD0D24FAE720462B46CDE9006703AAF5
S31508037A20FFF728FE0446F1E7F0B5154600221E4681
S31508037A3043688DB0CDE90923402304468068ADF831
S31508037A402C30E8B1238A06AFADF816300A23039320
S31508037A500C23019309AB009302970B46628A0DF137
S31508037A60160101F0E4F848B9CDE9010000962B4662
S31508037A703846A1680DF1160201F04BFA0DB0F0BDB8
S31508037A801720FBE7F0B51646002243688BB0CDE90D
S31508037A9007234023ADF82430836804460F4613B9F9
S31508037AA017200BB0F0BD038A458AADF80C30002DBC
S31508037AB0F6D0A06807AA03A900F07FFF0028F0D133
S31508037AC00A230C220093A06804AB0DEB020101F014
S31508037AD078F817281DD00028E3D1BDF80C303A46AC
S31508037AE0A0680DF10E01ADF80E3000F0DDFE30B9D9
S31508037AF0A268BDF80C30C6E900023381D1E717281E
S31508037B00CFD1BDF81830BDF80C205BBA1344ADF8D5
S31508037B100C30013DADB2CAE7002330B585B0144633
S31508037B2001AA0546CDE90133ADF80C30FFF7AAFFE4
S31508037B30A0B921462846FFF703FE23460121284616
S31508037B4001AAFFF711FE48B923460121284601AACF
S31508037B50FFF776FE10B9236B03B9A08505B030BDD0
S31508037B6030B51D46402385B004468DF80720ADF889
S31508037B700E300A4640680DF107030DF10E0100F0B9
S31508037B8030FE40B93DB12A46BDF8203060680DF194
S31508037B900E0100F044FE05B030BD2DE9F04796B05E
S31508037BA00F4606461724FFF7CBFD4FF000084FF0A4
S31508037BB04009716806A8CDE90381ADF81490FFF76B
S31508037BC0C9FC9DF81850012D09D9EB1E022B13D9B0
S31508037BD0F668002EEDD13A6B5ABBBE8529E007F14C
S31508037BE02403019307F11203009300233046194631
S31508037BF003AAFFF73FFDEBE72B1FD3F1000AA5F115
S31508037C0005004AEB030A414241413B46304603AA73
S31508037C10FFF7AAFD052D044601D1172800D044B95C
S31508037C203B465146304603AAFFF70AFE0446002898
S31508037C30CED0204616B0BDE8F08710B5041D002146
S31508037C402046DBF7E3F9014620B92046BDE8104094
S31508037C5002F094BE10BD10B50C4690B06846FFF707
S31508037C6079FC0D9B002B14BF1846204610B010BD97
S31508037C7030B591B00546FFF7EEFF0446014605F118
S31508037C803C00FBF74BFD68462146FFF763FC0F985C
S31508037C9008B1D5F7DDFF2046D5F7DAFF0E9C002C91
S31508037CA0F1D111B030BD0B78062B05D8DFE803F008
S31508037CB01006080A0A0C0E000020704701207047B8
S31508037CC00C2070472120704710207047488E704754
S31508037CD01C2070474B891046403B40229BB2FBF75A
S31508037CE045BC70B50E4690B01546014668461C4617
S31508037CF0FFF730FC9DF800303370019B2B60029B25
S31508037D00236010B070BD7FB50C4603AB0646154617
S31508037D10606802AA0DF10701FFF7E3FF9DF8072044
S31508037D20029B062A0AD8DFE802F0040404040404C2
S31508037D3004001BB121462846039A984730466168D2
S31508037D4004B0BDE87040FFF793BF38B50446E56B4A
S31508037D502DB9201DDBF750F984F8A15038BD0B2245
S31508037D6029462046D8F792FCF1E730B593B00D467D
S31508037D7000F13C016846FBF7FCFC009C14B920465D
S31508037D8013B030BD214602A8FFF7E4FBBDF80A305D
S31508037D90AB42F4D0109C002CF4D16846FBF7FEF9ED
S31508037DA0EBE730B591B00D46FFF755FF044621467C
S31508037DB06846FFF7CFFBA54201D00F9818B10E9C72
S31508037DC0002CF4D1012011B030BD70B590B06846CF
S31508037DD00C461546FFF7BEFB0F9E4EB92846FBF722
S31508037DE056FC40230F906A4631462046FBF783FB31
S31508037DF010B070BD10B590F830200B4682B1013A29
S31508037E00D2B280F8302000EB0210814207D000F18D
S31508037E10100250F8041B904243F8041BF9D110BD15
S31508037E20144603CC102C18605960224603F1080344
S31508037E30F6D1FFDE002303604360836070477FB596
S31508037E400D4604468E8901A8ADF80260FFF7F2FFD6
S31508037E50314600260C232846A56001AAFBF7D4FA67
S31508037E60BDF802300C339BB2BDF80820B1B252BA42
S31508037E7092B28A42ADF802302FD8BDF80A2023827F
S31508037E8052BA0DF10201284692B200F050FEBDF82F
S31508037E900C20BDF8023052BAA3820DF1020128461E
S31508037EA092B200F044FEBDF80E20BDF8023052BA75
S31508037EB02383284692B20DF1020100F038FEBDF87D
S31508037EC00A305BBA6382BDF80C305BBAE382BDF84D
S31508037ED00E305BBA638304B070BD28460DF1020108
S31508037EE000F043FCBDF80230013604339BB2BBE70E
S31508037EF0F0B504460F46154689B020220021684688
S31508037F001E460FF097F869462B463A462046D8F799
S31508037F10D7FB0396014630B16B462A462046FFF740
S31508037F20E7FF09B0F0BD024669462046FFF7EBFEB8
S31508037F30F7E72DE9F0470D46EAB00021074616464E
S31508037F4005A820221AAC0FF075F829462046FFF734
S31508037F5001FB9DF86830033B012B54D89DF89930F3
S31508037F60002B50D033462A4605A93846D8F7A8FB2E
S31508037F70342200210DEB02000FF05CF8FF230021E9
S31508037F804FF040090DF10808ADF8443042460DF1AB
S31508037F90A80A0DAB05A8CDE90215CDF840A0ADF8A2
S31508037FA01090FFF7E1FB064668BB0DF1460001F0AA
S31508037FB050FC40B3294638468DF86860ADF86A60C8
S31508037FC08DF89860FFF747FE3246279053462146B9
S31508037FD03846CDF80080D8F725FB064698B9DDF86C
S31508037FE008800123224641463846D8F783FB2946AB
S31508037FF02046FFF7AFFA4B46224631462846CDF8C8
S31508038000A080FBF778FA6AB0BDE8F08770B50D462D
S3150803801094B0064601A81446FFF70CFF294604A8A0
S31508038020FFF798FA9DF8103093B99DF83A30012B6B
S315080380300ED12046A1890C2301AAFBF7E5F90446CC
S3150803804030B99DF8073013F00F0305D0032B07D17A
S315080380500124204614B070BDBDF80A30002BF7D1B1
S3150803806000220123ADF812208DF840202946304618
S3150803807004AA8DF81030D8F73DFBEAE74022002121
S315080380800EF0D8BF2DE9F04104464FF0000892B030
S3150803809002A81E460D461746FFF7F0FF189904F186
S315080380A0500206A88DF80880FFF75AFA07234246B6
S315080380B0009320462B4602A9CDE90376D8F7E2FBBF
S315080380C012B0BDE8F081F0B593B0044602A80D4698
S315080380D017461E46FFF7D2FF0123189904F15002EB
S315080380E006A88DF80830FFF73BFA0723002200930A
S315080380F020462B4602A9CDE90376D8F7C3FB13B06E
S31508038100F0BDF0B593B0044602A80D4617461E46C1
S31508038110FFF7B4FF0223189904F1500206A88DF855
S315080381200830FFF71DFA07230022009320462B4643
S3150803813002A9CDE90376D8F7A5FB13B0F0BDF0B5D0
S3150803814093B0044602A80F4615461E46FFF796FF48
S3150803815006231A9904F1500206A88DF80830ADF8DB
S315080381603A70FFF7FDF9189B2A460393199B204695
S315080381700493072302A900933346D8F783FB13B066
S31508038180F0BDF8B504460F4690F8306000EB0616C6
S31508038190B442254601D1002507E020461022394678
S315080381A00EF01FFF10340028F2D12846F8BD70B52B
S315080381B0044608460D4601F04CFB20BB04F1710644
S315080381C029463046FFF7DDFFE8B994F8A1100329DD
S315080381D006D1FBF7DAFB06EB00113046FFF70AFE7A
S315080381E094F8A130032B0ED029465A1C84F8A120F3
S315080381F004EB0314713405F1100351F8042B994267
S3150803820044F8042BF9D170BDF0B591B0064668461B
S315080382100D46FFF79FF99DF80030032B02D0012086
S3150803822011B0F0BD9DF82B40052CF8D1304604A9B2
S31508038230FFF7BDFF382228466989D5F753FD074658
S315080382400028ECD08DF800400024014601236A4635
S315080382503046ADF802408DF830400D95D8F74AFA06
S3150803826004236A468DF80030294601233046ADF8C3
S3150803827002408DF830400E97D8F73CFA2046CFE7F0
S3150803828070B5054694B06846FBF709FD05F13C0150
S3150803829002A8FBF76EFA029CACB9694605F14400DD
S315080382A0FBF79CFD14B070BD21462846FFF7ACFFCB
S315080382B020BB214604A8FFF74DF968460799FBF743
S315080382C0F9FC129CB4B1214604A8FFF743F9139E9F
S315080382D0002EF6D1009A079BD21A002AEDDB9DF8E9
S315080382E040209DF838309A42DED31C222146284680
S315080382F0D8F7CCF902A8FAF751FFCCE7334621465B
S31508038300284604AAD8F7F6F9D7E710B500F1710499
S315080383102046FFF736FF014610B12046FFF76AFDF0
S3150803832010BD2DE9F0438C8999B0064602A80D467F
S3150803833090461F46ADF80640FFF77CFD002321460D
S31508038340CDE90533ADF81C3028460C2302AAFBF702
S315080383505BF80446002878D1BDF806300C33ADF82F
S3150803836006309DF80A30DA097BD013F0780F78D1F6
S315080383709A07C3F3400474D4BDF80810304649BAC3
S3150803838089B2FFF7F2FC0146C8F8000000286AD054
S3150803839008A8FFF7DFF8D8F80030BDF80C20CDE9B8
S315080383A005434023ADF81C309DF82030032B0CBF42
S315080383B04FF002084FF0010853BA9BB2434548D120
S315080383C0A146284605AA0DF1060100F0F6FA044669
S315080383D0D8BBBDF806300433ADF8063009F10103FE
S315080383E098454FF00109ECD8BDF80E20284652BA35
S315080383F092B20DF1060100F09AFB044628BBBDF8BC
S315080384001020284652BA92B20DF1060100F08FFBEE
S315080384100446D0B9BDF81220284652BA92B20DF1D5
S31508038420060100F084FB044678B99DF80B0000F0BA
S315080384300F00D8F795FA387038B99DF82030032B12
S3150803844003D130460CA9FFF760FF204619B0BDE8F3
S31508038450F0839DF80B301B0701D0002AC4D00624ED
S31508038460F3E70224F1E71724EFE7F7B50DF1030362
S3150803847001AA04460E46FFF754FFA8BB019D3246E0
S3150803848029462046FFF7C2FD70B39DF8037067B10E
S3150803849029462046FFF7B8FE30B33A462946204612
S315080384A003B0BDE8F040D8F7F1B82946204632466E
S315080384B0FFF73FFD29462046FFF773FC38B93246D6
S315080384C02946204603B0BDE8F040FFF77EBC29469F
S315080384D02046FFF7C0FB3B4601463246204603B01B
S315080384E0BDE8F040FFF704BD03B0F0BDFFF7BDBF1D
S315080384F010B50C4612B1D37E052B09D0E37E052BA6
S3150803850006D121467130FFF73CFE08B10423E37612
S3150803851010BD2DE9F04393B0044616461F460D4693
S31508038520DDF86C909DF8708019B9072013B0BDE883
S31508038530F08302A8FFF7A2FD494604F1500206A8F4
S31508038540FFF70EF84A46204606A98DF83980FFF745
S31508038550CFFF9DF83330022B14D0042B10D0012BF8
S3150803856018D1072204238DF808301A9B0092049326
S315080385702A463346204602A90397D8F783F9D5E74F
S315080385800522EFE705238DF80830B8F1000FCCD1A3
S315080385900722EAE703238DF80830F9E71FB5002415
S315080385A00294079C0194069C0094FFF7B2FF04B05B
S315080385B010BD1FB501240294079C0194069C0094E0
S315080385C0FFF7A7FF04B010BD00880B88C01A7047D1
S315080385D038B50D46FBF74DFA04462846FBF749FA24
S315080385E0231A5842584138BD0221F7F7D8B937B587
S315080385F08DF8071001393E29054614460ED801227F
S3150803860020460DF10701FAF79CFF28B929462046AB
S315080386109DF80720FAF795FF03B030BD0720FBE75F
S3150803862038B50D4640210446FBF7F0F92A46C1B290
S315080386302046BDE83840FFF7DABF2DE9F041884602
S31508038640054688B100242046A3B2EF5C1FB12E2F3E
S3150803865001D00134F8E7231A13F0FF01A6B206D1B5
S3150803866017B196B96B7883B90020BDE8F081FD2E62
S315080386700BD842462844FFF7BAFF0028F5D101363E
S31508038680B0B20134002FDFD1EEE70720EDE7002370
S3150803869007B501220DF107018DF80730FAF751FFE7
S315080386A003B05DF804FB0346B3F5404F07B5084628
S315080386B000D3FEE76FEA83436FEA934302225BBA6A
S315080386C00DF10601ADF80630FAF73BFF03B05DF886
S315080386D004FB10B50C46FFF7B0FF20B92046BDE8EA
S315080386E01040FFF7D4BF10BD13B5044601232189F3
S315080386F020680DF10502FAF787FE58B99DF805308B
S3150803870013F0C00010D13BB9638913B92389013328
S315080387106381172002B010BD2289A371013292B278
S315080387201344A2802381F5E7C0281CD1022321899B
S3150803873020680DF10602FAF767FE0028EAD1638975
S3150803874013B9238902336381BDF8063022685BBAFD
S315080387509289C3F30D031344A2899BB29A4202D9A1
S315080387602381A381C2E70620D4E71FB50B880C46ED
S31508038770ADF80830ADF80C30002300906846ADF824
S315080387800A30FFF7B1FFBDF80A300028F6D01728DC
S3150803879004BF0020238004B010BD2DE9F04117461D
S315080387A098461278837905469A420E4617D90A4699
S315080387B081880068FAF728FE044668B9AB79F0544D
S315080387C0AB793B70B8F1000F06D12E213046FBF783
S315080387D029F9002818BF06242046BDE8F08103249A
S315080387E0FAE7F0B51546002285B01E460B880090B9
S315080387F068460C46ADF80A20ADF80C30ADF80830DB
S31508038800FFF772FF48B90123324629466846BDF881
S315080388100870FFF7C2FF00B9278005B0F0BD2DE940
S31508038820F0410E46144600274FF001081D460B88F3
S3150803883086B00290ADF81030ADF8143002A8ADF842
S315080388401270FFF751FFBDF8127020B1172820D018
S3150803885006B0BDE8F081B8F1000F04D12E23013D1F
S3150803886004F8013BADB2402D2B4628BF40232146D1
S315080388708DF807300DF10702434602A8FFF78DFF6F
S315080388800028E5D19DF8073080461C44EB1A9DB2B3
S31508038890D4E7012D4FF02E0318BF0020237016BF0F
S315080388A0607003203780D3E770B586B00192002243
S315080388B00B88029002A80D46ADF81220ADF81430C5
S315080388C0ADF81030FFF710FF044640B9012201A99D
S315080388D002A8BDF81060D8F74BF818B12E802046C9
S315080388E006B070BD1724FAE770B50B8886B0ADF8E5
S315080388F01030ADF8143013780D462E2B01920290E2
S3150803890013D00026012402A8ADF81260FFF7ECFE87
S31508038910BDF8126088B117280DD124B1019B1B78C5
S31508038920002B08BF00202E8005E0531C01935378C3
S31508038930002BE6D0072006B070BD002CE3D0024614
S3150803894001A902A8D8F714F80446DCE7F0B5002510
S3150803895001260F46098889B00090ADF80810ADF8CE
S315080389600C100492ADF81830ADF81A50ADF81C3057
S315080389706846ADF80A50FFF7B7FEBDF80A50044635
S3150803898020B1172810D0204609B0F0BD002EEFD02D
S3150803899004A8FFF7A9FE26460028E9D1684604A9D4
S315080389A0D8F712F80646E3E72EB104A8FFF79CFEAC
S315080389B0172808BF00243D80E5E7134612680AB165
S315080389C0FFF792BF5A6812B11B89FFF7BFBFFFF7BC
S315080389D0CCBE70B583790446013B3E2B0D460DD8B4
S315080389E0811D01222846FAF7ACFD40B92846A3792A
S315080389F0A2882168BDE87040FAF7B8BD072070BDA4
S31508038A001FB5034600680C4638B95A6852B9084672
S31508038A1004B0BDE81040FFF73ABE04B0BDE8104005
S31508038A20FFF757BE1B890092ADF80830ADF80A0068
S31508038A30ADF80C306846FFF757FE18B1172808D06B
S31508038A4004B010BD21466846FFF7C3FF0028F1D0DE
S31508038A50F6E72046FFF71BFEF2E730B504460D4658
S31508038A6085B001AA0A23FAF7CFFC6289C5F57F43C5
S31508038A70F63313445BBAADF80C3029460A2320466D
S31508038A8001AAFAF738FD05B030BD00894B8940BA0B
S31508038A9012FA80F00A3098428CBF062000207047ED
S31508038AA038B5144612880546FFF7EFFF20B92B8918
S31508038AB05BBA13440A33238038BD2DE9F0410E46C9
S31508038AC0144605461F4621463046BDF81C30069A0D
S31508038AD09DF82080FFF7A3FEA0B92A89238852BAF6
S31508038AE007F10A0111FA82F293420AD8B8F1000F84
S31508038AF008D02246314628462780BDE8F041FFF7CD
S31508038B00CFBF0620BDE8F08170B50D46164604466C
S31508038B1002460A2331462846FAF776FC30B9324626
S31508038B2029462046BDE87040FFF7AFBF70BD7FB545
S31508038B3005460E46144614B9204604B070BD3146A0
S31508038B402846FFF712FE0028F7D12946328801A8DE
S31508038B50FFF7DAFF0028F0D1BDF80C3032885BBA8C
S31508038B600A331344013C3380A4B2E4E72DE9FF41F9
S31508038B7007460D461646984633881BB9172004B090
S31508038B80BDE8F081424629463846FFF716FFB0B1DD
S31508038B901728F4D1002439462A8801A8FFF7B4FF19
S31508038BA00028ECD13388013B3380002CE7D1BDF88C
S31508038BB00C402B8864BA0A341C442C80DCE7012455
S31508038BC0E9E72DE9FF4780460C4692460A8801469F
S31508038BD001A89946BDF83070FFF796FF0646D8B93F
S31508038BE0BAF1FF0FBDF80C5005D0BDF804305BBAD7
S31508038BF09BB2534514D195FA95FC1FFA8CFC0CF1DC
S31508038C000A0C67450CD83B464A4640462188FAF77C
S31508038C10FBFB23881F442780304604B0BDE8F08752
S31508038C2023886DBA0A351D4417262580F4E72DE9EE
S31508038C30F04706460F461D4686B0BDF83C90DDF85C
S31508038C404080BDF844A00C88ADF80E20ADF8164058
S31508038C50BDF80E300BB917201AE030460E9B0DF1FE
S31508038C600E020DF11601FFF781FF88B943464A46FE
S31508038C703046CDF800A00DF11601BDF81640FFF7F2
S31508038C80A0FF1728E4D018B92DB9BDF816303B80D4
S31508038C9006B0BDE8F087B8F808300A345BBA013D78
S31508038CA01C44ADB2A4B2D1E7002301608280C3801D
S31508038CB07047F0B5064656F8083B0BB90620F0BDD3
S31508038CC00E60056882882A44C388EC18944201D347
S31508038CD01720F4E715F803C0671C07EB0C0E72455B
S31508038CE0ECD301336344E646C380BCF1000FEBD0F3
S31508038CF063783D2BE8D000230730FA5C3D2A0ED172
S31508038D000024581CC2B2F454ACEB020357FA80F79A
S31508038D101FFA83FE00204F60A1F808E0CFE7402B37
S31508038D2002D100230B60F5E7013300F8012FDAB20D
S31508038D309445E2D8002217469646F254EAE73D23BD
S31508038D4073B5044600680D468DF8063050B9616858
S31508038D50002940D02289002A3FD02846FAF746F848
S31508038D6002B070BD4FF48071FAF750FE064600282C
S31508038D7035D0636863B98DF80700012228460DF1DB
S31508038D800701FAF733F80028EAD132462168E4E7FF
S31508038D9023891A180132FF2A21D8013303440122F1
S31508038DA028460DF107018DF80730FAF71FF8002852
S31508038DB0D6D1324628462168FAF718F80028CFD1C3
S31508038DC0012228460DF10601FAF710F80028C7D143
S31508038DD022896168C1E70846C2E71046C0E707204B
S31508038DE0BEE70C2373B51546044603FB0106B442D6
S31508038DF00CD12846FAF706F888B98DF80700012238
S31508038E0028460DF10701F9F7F1FF06E02046294642
S31508038E10FFF795FF0C340028E9D002B070BD002097
S31508038E20FBE730B504460D4685B0114601A8F9F7A8
S31508038E30D7FF2946204601AAFFF7D3FF05B030BD61
S31508038E4038B50023154603700222837008230446A7
S31508038E504270C3700846FAF7F8FF60602846FAF7C7
S31508038E60F4FFA06038BD70B5438804469EB2B6F5D4
S31508038E70806F03D05BBA9BB2072B0ED96068FAF7EB
S31508038E80E4FFB6F5806F054602D0A068FAF7DDFF62
S31508038E90A84234BF0020012070BD0020FCE72DE95D
S31508038EA0F041D5184B8906469D428846144603D990
S31508038EB006273846BDE8F081ADB2AC4201D3172781
S31508038EC0F7E70423324621464046FAF79DFA074652
S31508038ED00028EED1728852BA92B2131D1919A94203
S31508038EE0E6D831889BB2B1F5007F0FD1032ADFD9C3
S31508038EF00C2B28BF0C23324621464046FAF784FA40
S31508038F003046FFF7B0FF0028D3D1D1E723449CB2FC
S31508038F10D3E72DE9F0470D4606461146284614467B
S31508038F209946099FB2F800A0FFF71FFCE8B93189F3
S31508038F30AAF10A0349BA89B222880A311FFA83F8C1
S31508038F4011FA83F39A421CD84A4621462846A4F8BE
S31508038F5000A008ABFFF745FC38B947B922462946AE
S31508038F603046A4F80080FFF79BFDBDE8F0873A4634
S31508038F7021462846BDF82830FFF751FC0028EDD0D6
S31508038F80F3E70620F1E710B50446104642B100227E
S31508038F90134690B2814206D8B3FA83F0400901E03A
S31508038FA00029F4D110BD13B9A35C0132F1E7013BE3
S31508038FB0DBB2FAE72DE9F041054616461F46DDF80A
S31508038FC018802B89B8F800205BBA9BB293420846EF
S31508038FD028BF134631883A46FAF716FA0446A0B963
S31508038FE02989338849BA194431802B89B8F800206E
S31508038FF05BBA99B28A420BD301223846A8F80030E5
S31508039000FFF7C1FF002808BF06242046BDE8F08104
S315080390100324FAE700220260012282800322827176
S315080390207047026813461BB98A6001601846704781
S31508039030994201D09B68F6E7182070478379013B6C
S31508039040032B03D8DFE803F00409130F0020704746
S315080390500878FF3818BF012070470878A0F1FF0386
S3150803906058425841704701F1080000F0BDBB012082
S3150803907070472DE9F3410D460646904608236A468E
S3150803908028468989FAF7C0F9044680B93A2241463F
S315080390902846FEF715FA044648B99DF80030802B92
S315080390A009D008212846FAF7A5F8366866B920468E
S315080390B002B0BDE8F081424629463046D7F766FD39
S315080390C00028EED00446F2E7376870686B464246D6
S315080390D02946B847B668E9E773B506461546002430
S315080390E0019101A83119FAF7C1FC70B90199032C4A
S315080390F00B7805D02E2B04F1010406D10131EFE7D5
S315080391009D4218BF062002B070BD0620FBE708B1D2
S31508039110D4F79EBD7047837C5A0701D400F02ABC56
S31508039120C3F3C300704700F038001F2805D8082882
S3150803913005D0103818BF0120704702207047002059
S31508039140704720B1831E5842584140017047082092
S31508039150704730B5937987B08DF8043000233C30D7
S315080391600D46144602A908328DF80530D8F788F952
S3150803917002A800F075FD811C89B204A800F0A4FDBD
S31508039180A8B102A800F06CFD02A902462846D4F746
S315080391906DFDB0B90222284601A9D4F767FD80B947
S315080391A0A388A0715BBA08335BBAA38009E004A855
S315080391B000F056FD04A902462846D4F757FD0028B1
S315080391C0DFD007B030BD10B504460C30FAF70CFBF8
S315080391D004F12000BDE81040D4F722BF70B5144649
S315080391E01E460846022332462146FAF718F905466B
S315080391F070B9737862880133B2EBC30F4FEAC301C0
S3150803920008D32046FAF7A3FB02212046FAF794FB74
S31508039210284670BD0625FBE730B50D4691B00446D2
S3150803922002A8FAF784FB282306AA02A92846FAF70E
S31508039230F6F8282102A8FAF77FFB9DF81E3073B9C2
S3150803924020466B46294602AAFFF7C8FF0446B8B963
S31508039250BDF80A302BB9032C6AD0002C40D1002460
S315080392600EE0294602AA01A800F001FD00286DD1E7
S315080392709DF80430012B25D96D2B2BD11CB106245F
S31508039280204611B030BD029B01A8039300F0E8FC09
S31508039290014603A8FAF75BFB01A800F0E1FC0628E0
S315080392A0EDD8BDF80C302A2B02D19DF80120AAB1BE
S315080392B0BDF80840BDF80A2008331444A4B2E31ADB
S315080392C05C425C4101A800F0CBFC014602A8FAF710
S315080392D033FBBDE7002C18BF0324F3E70224F1E7A9
S315080392E0BDF8081008220839284689B2FAF7BFF9E3
S315080392F0022C11D19DF800308DF81E30BDF81C30B4
S3150803930000215BBA083B5BBAADF81C30282306AAD2
S315080393102846FAF7F0F8A2E79DF801306A46013BBA
S315080393208DF80130282102232846FAF7E4F8E5E701
S315080393309DF80E1004A800F0BCFC04A8BDF80C4068
S3150803934000F08EFC2146034604AAE1E7044697E7A4
S315080393502DE9F04706460D4688B005A817469846F0
S31508039360FAF7E1FA2946304603AB05AAFFF736FFB3
S31508039370044690B98246083706F13C09BDF816300B
S315080393807BB9BAF1000F32D1BDF81410BDF8163007
S315080393902846194489B2F9F738FF204608B0BDE8CC
S315080393A0F087294605AA04A800F061FC40BB9DF88E
S315080393B01030012B0FD96D2B15D1BAF1000F14D12B
S315080393C006AB009329463B46484605AA00F09FFC90
S315080393D0B0B94FF0010A04A800F042FC014605A8FB
S315080393E0FAF7AAFACAE73F2BF5D90224D5E7434683
S315080393F0294606AA06F13C00D8F7ECF80028C3D09C
S315080394000446CAE707B5084608226946FAF714F870
S3150803941048B9BDF802305BBA98B2C3F3CC032BB98B
S3150803942000F00100400003B05DF804FB0220FAE7F0
S3150803943038B504463AB1012A0ED02368002B0CBF6F
S315080394400320002038BD0D680A6020688542F4D0E1
S31508039450FFF75DFE2560F0E70868FAF718F9054691
S31508039460F3E7F0B51E46002307460D468DB096462C
S315080394700A93ADF82C3001F1080406AA01F1180C79
S31508039480134620686168083403C364451A46F7D14E
S3150803949002AB05F128029C46206861680834ACE8EB
S315080394A0030094426346F6D1EB799DF82D208DF897
S315080394B02C306B78112E4FEA131363F301024FF026
S315080394C000058DF82D2001D03A2E1CD171469DF842
S315080394D0482001A80195FFF7ABFF019DA8B9112EF6
S315080394E0294602AA0AD107F1300001F0E8FA044630
S315080394F02846FFF70CFE20460DB0F0BD07F12800FD
S31508039500FFF7B7FDF3E72C46F2E70324F0E72DE967
S31508039510FF4106460C4617461D46DDF8288098F88F
S3150803952000301BB92B780BB100200FE0206802230B
S31508039530818903AAF9F768FF40B92B782C2B18D031
S3150803954007D853B12B3B58425841400004B0BDE8F5
S31508039550F0813B2B1CD03C2BE6D143463A4630469A
S315080395602168FFF7F5FE0028F0D19DF80C302B7023
S31508039570D5E70122019298F8002021460092304649
S315080395803A46D7F7C1FB30462168FFF73BFFEAE7C0
S315080395900220DBE773B5044600F10C06E5680DB94E
S315080395A002B070BD29463046FAF73FF90022204635
S315080395B001A90195D7F7D2FD0198FFF7A8FDEDE7B5
S315080395C070B504460E463C2200210DF033FD3146A4
S315080395D0204600F02AFB054610B10625284670BD2D
S315080395E0A379112B05D03A2B03D0062BF6D11423D6
S315080395F000E008232821304604F12802F9F704FF7E
S315080396000028EBD0E9E7F0B589B006AD044603C9EF
S3150803961085E80300294604A817461E4602F001FFFB
S3150803962010B9BDF8143093BBBDF81C307BB3069B49
S315080396301B7803F0E003602B29D106F5F2560436AE
S315080396403B462146304600950DF10F02DBF78AF8B3
S3150803965030B9A379112B05D03A2B16D0062B10D087
S3150803966009B0F0BD9DF80F3004F1280123B12A464D
S31508039670304602F07AFDF3E708222846F9F7FBFCA1
S31508039680EEE7142204F12801F7E70822FAE7172080
S31508039690E6E78379062B01D0112B03D1408D40BA17
S315080396A080B270470020704738B50546144607321E
S315080396B0D2080DF00AFD2C7438BD027C10B5D31DF3
S315080396C0DB1008D0C2EBC3044FF0FF32591EA24089
S315080396D0445C2240425400219AB20F2A00D910BD95
S315080396E0C1540133F8E710B50A7C037C04469A4251
S315080396F007D1F9F7B7FB237C83428CBF00200120EF
S3150803970010BD0020FCE770B50B7C067C05469E421F
S3150803971028BF1E4632460C46F9F7A4FB864287BF86
S31508039720C310E85C287C237C88BFE35C98422CBF83
S315080397300020012070BD40280ED8272804D82028E9
S3150803974014BF0020012070474FF001332838C0B2F8
S31508039750C34003F0010070476028F1E7036823B9A3
S315080397604068B0FA80F040097047002070470368E4
S3150803977003330AD14FF6FF7382889A4205D1837958
S31508039780FF2B02D1C079C00970470020704708B57E
S315080397900821F6F704F900B1FEE708BD0B68036074
S315080397A04B684360704713B56B46044608684968B7
S315080397B0002203C39DF80030694683F0020320465E
S315080397C08DF80030FCF7A9FB02B010BD4FF0FF324D
S315080397D00023C2706FF0010249BA037043708370A5
S315080397E002714371C18070470368B3F17F4F05D196
S315080397F08088A0F1FE0358425841704700207047FD
S3150803980008B50246FFF7F0FF40B19079FB288FBFF2
S315080398100020C0F3400080F00100C0B208BD08B5BF
S315080398200246FFF7E1FF20B19079A0F1FC03584205
S31508039830584108BD08B50146FFF790FF40B90846E9
S31508039840FFF795FF20B9BDE808400846FFF7E7BFCD
S3150803985008BD0268034642B9406840B99A683AB9EE
S31508039860D868B0FA80F04009704700207047104660
S315080398707047026803464AB9406848B99A6842B9C4
S31508039880D86800F17F435842584170470020704713
S3150803989010467047038848F2FE0023F47C531B1ACC
S315080398A05842584170476FF00102002302706FF067
S315080398B07F0283704270C370037143718371C371EE
S315080398C00830FFF770BF10B50C460A7CF9F7CAFAD9
S315080398D0237C83428CBF0020012010BD10B514469B
S315080398E0F9F7C0FA84428CBF0020012010BD0B682B
S315080398F003604B6843607047F8B5D40802F007075E
S31508039900224605460E460DF0E0FB67B18023013F6C
S315080399103B412A5DDBB2591E0A402A55315D5B423B
S315080399200B401A432A55F8BD0A7C402A04D9403A03
S31508039930D2B20831FFF7E0BF70470A7CFFF7DCBFF6
S3150803994038B5044615460430FFF7D6FFE57038BD2B
S315080399500B6852BA03604B684FF0FF314360C1721C
S3150803996000236FF001010372437283720173437319
S31508039970C281704708B50278FF2A03D1407800F000
S315080399800F0008BD48F2FE02038823F47C53934272
S3150803999006D0FFF76EFF00280CBF0E200020F0E765
S315080399A00220EEE708B50378FF2B05D1FFF7E2FFA0
S315080399B0831E5842584108BD0020FCE748F2FE02C0
S315080399C0038823F47C53934201D0FFF7EBBF0120AE
S315080399D0704708B50378FF2B05D1FFF7CBFFC31EE6
S315080399E05842584108BD0020FCE708B50378FF2B09
S315080399F006D1FFF7BFFF032894BF0020012008BD47
S31508039A000020FCE7802208B5F9F72CFAC0B208BD96
S31508039A1070B50546087C0E461446FFF78CFE00B95A
S31508039A20FEE71022002128460DF004FB314628469E
S31508039A30FFF783FF337C621EDB080334082B14BF4E
S31508039A401946092112F8010F4B1CA242DBB26854CE
S31508039A50F4D170BD2DE9F04F0B7807463A2B0C4627
S31508039A60914685B022D14B783A2B1DD14FF0000A87
S31508039A7002344FF0000B23785FFA8BF54B4548D039
S31508039A8023464FF000081E4603A901333078CDE973
S31508039A900033FAF72EF860B99DF80C20009B02EB09
S31508039AA00818B8F5803FEED3062051E04FF0FF0AB9
S31508039AB0DFE7A642F8D033782E2B0CD1062DF3D840
S31508039AC049D14A46214603A8FFF706FB00283FD19A
S31508039AD0039BFB603BE03A2B01D04B45E4D1BBF13A
S31508039AE0080FE1D098FA98F827F81B8033783A2BB1
S31508039AF003D173783A2B04D0013634460BF1010BA4
S31508039B00B9E7BAF1FF0FCFD101355FFA85FA023605
S31508039B10F3E7082D1BD000264FF00808BAF1FF0F0C
S31508039B20C2D0A5EB0A05EDB207EB4A0AA8EB050076
S31508039B3051466A0007EB40000DF063FAA8EB0B02E7
S31508039B400021504652000DF075FA002EB9D10020B7
S31508039B5005B0BDE8F08F01264FF00608DEE70022C0
S31508039B60FFF778BF13B504466846F9F7D6FF694683
S31508039B702046D7F70FFC02B010BD0822D7F7EEBB75
S31508039B8038B504460D46282200F10801F9F7C5FF42
S31508039B9028462146FFF7F1FF204638BD13B504468C
S31508039BA06846F9F7BAFF69462046FFF7E6FF02B0AB
S31508039BB010BDF0B512B30446037900EB4306A6427B
S31508039BC0254602D191B1172017E02F880234974210
S31508039BD0F5D189B1B3B1013BDBB200EB4302954240
S31508039BE0037109D030F813302B8005E0022B07D018
S31508039BF0591C017120F813200020F0BD0720FCE74B
S31508039C000320FAE71B88FFDE037803F0F003602BD3
S31508039C1009D1808840BA80B22830B0F5A06F8CBFCE
S31508039C200020012070470020704770B50E46024693
S31508039C300546282300213046F9F7E6FB044668B9AA
S31508039C402846FFF7E1FF48B1AB8872895BBA9BB236
S31508039C502833934218BF0624204670BD0624FBE723
S31508039C60037813B140780230704701207047F8B57E
S31508039C700F46164605460246012331463846F9F786
S31508039C80CEFB044610B92B7813B968702046F8BD85
S31508039C9002232A4631463846F9F7C1FB38B928461E
S31508039CA0FFF7DEFF7388834238BF0624EEE70446D0
S31508039CB0ECE7002301290360C0F803301FBF012323
S31508039CC0023903704170704711F0070108B506D0D1
S31508039CD0C1F10801C9B2FFF7ECFF002008BD18203F
S31508039CE0FCE711B1402906D0FEE702236D22437033
S31508039CF00270817070470423F8E7002110B5044603
S31508039D008C2280F88C100DF095F9204610BD2DE9AC
S31508039D10F0410D461646069F98463A4604233146B1
S31508039D202846F9F77CFB044640B9BB7803F0C00222
S31508039D30402A10D005D91B0600D506242046BDE8BF
S31508039D40F08108F10800FFF74FFD0028F5D0B8F8B1
S31508039D500E30BB80F2E73A4631462846BDE8F04165
S31508039D600623F9F75CBB002300F17402C0E900334C
S31508039D70C0E90233036100F114039A4208D10023B0
S31508039D8000F1D802436700F178039A4205D1704778
S31508039D900169596103611833EFE7416F1961436735
S31508039DA01833F2E7F8B506460F4614461D46AC4285
S31508039DB000D1F8BD224639463046D7F753FC246905
S31508039DC0F5E70A4641680B4623B91161012142604A
S31508039DD0D7F748BC9A4201D01B69F5E7704710B418
S31508039DE044680A462346002113B95DF8044B7047B5
S31508039DF09A4207D019461B69F6E70B693BB11B69FB
S31508039E000B6104E00029F8D10CB1236943600021F2
S31508039E105DF8044BD7F726BC10B404680A462346F4
S31508039E20002113B95DF8044B70479A4207D01946C7
S31508039E305B69F6E74B693BB15B694B6104E0002953
S31508039E40F8D10CB163690360D37C002123F00203C4
S31508039E505DF8044BD374D7F77FBC70B505460C463B
S31508039E601646036803B970BD9C4201D05B69F9E7DE
S31508039E70A37C03F00103B342F5D02246284600210A
S31508039E80D7F76AFCA37C224666F30003A374284625
S31508039E90BDE870400121D7F75FBC406818B90038A0
S31508039EA018BF01207047037D032BF8D00069F5E737
S31508039EB010B51822002104460DF0BCF8402323747C
S31508039EC00323A37410BD10B50446FFF7F1FF638A95
S31508039ED023F4BE7343F48E73638210BD10B5182240
S31508039EE0002104460DF0A6F87623A37410BD70B5B9
S31508039EF014460E461822002105460DF09BF8012349
S31508039F0044F0020404F003042E746B74AC7470BD3D
S31508039F10182200210DF08EB810B518220021044628
S31508039F200DF088F80323237510BD037D032B01D198
S31508039F30FFF75BBD0020704738B505460C46FFF7AB
S31508039F40F4FF18B1687D031B5842584138BD0023F6
S31508039F5070B50D4616460B6004680CB9204670BDED
S31508039F601022314620460DF03CF80028F6D02C6026
S31508039F702469F2E707B50A46043001A9FFF7E7FFA4
S31508039F80003818BF012003B05DF804FB37B50A464D
S31508039F90044601A90430FFF7DAFF0546C8B1037D75
S31508039FA0032B18D1019B73B963680BB11B696360F3
S31508039FB020462A460021D7F755FB0020636F2B61FD
S31508039FC0656703B030BD1A69002AF1D012691A61B0
S31508039FD0EEE71720F5E72520F3E738B50446416889
S31508039FE001B938BD0B7D0D69032B02D12046FFF756
S31508039FF0CDFF2946F4E7002370B50D4616460B60D8
S3150803A00004680CB9204670BD1022314620460CF070
S3150803A010E8FF0028F6D02C606469F2E7F7B50B78F9
S3150803A0200546FF2B0C4602D1072003B0F0BD0A46AE
S3150803A03001A9FFF7E0FFC0B105F114039842F3D372
S3150803A0407435A842F0D2237C0374637C4374A27CE0
S3150803A050837C62F300038374A37C827CC3F340038B
S3150803A06063F3410282740020DFE72046FFF712FC00
S3150803A0700028D9D12E69AEB1374673692B610FCC47
S3150803A0800FC794E8030087E80300738A324623F46C
S3150803A090607373822B680121736128462E60D7F794
S3150803A0A05BFBE0E70320C0E737B50A4601A9044688
S3150803A0B0FFF7A1FF0546F0B104F1140398421CD338
S3150803A0C004F17403984218D2019B73B923680BB140
S3150803A0D05B69236020462A460021D7F73DFB00200B
S3150803A0E023696B61256103B030BD5A69002AF1D033
S3150803A0F052695A61EEE71720F5E72520F3E7F8B525
S3150803A1000546044655F8141B00F1740601B9F8BD53
S3150803A110A9424F6904D3B14202D22046FFF7C4FFCE
S3150803A1203946F3E707B50A4601A9FFF764FF00387E
S3150803A13018BF012003B05DF804FBF8B50E461746B1
S3150803A14000F1140400F19405AC4201D117200DE087
S3150803A150A37C9B070BD5E3694BB121463046FFF732
S3150803A16051FC3F2803D90020637E3B70F8BD203499
S3150803A170EAE74B7CC3F3C0001B0709D58B7C5A0758
S3150803A18005D4087CA0F14003584258417047002083
S3150803A190704703460846597C027CC90905D0197CD1
S3150803A1A0914204D11946FFF78EBB802AF9E70020AE
S3150803A1B0704773B504466846F9F771FD04F114054B
S3150803A1C004F19406B54206D1694604F10800F9F785
S3150803A1D005FE02B070BDAB7C9B0709D5E96939B1A9
S3150803A1E0009B5B1A002B05DB29462046D7F7CCFBD9
S3150803A1F02035E7E76846F9F75DFDF9E7037810B513
S3150803A200044653B18A0506D5D7F7E4FB2046BDE8CD
S3150803A2101040D7F7F1BC8B07F9D410BD08B5428CAB
S3150803A2204B8C9A4208D11022114410440CF0D9FEE3
S3150803A230B0FA80F0400908BD0020FCE713B50446D0
S3150803A2406846F9F76AFC69462046D7F725FD02B042
S3150803A25010BD70470346088910B50C46096818B13E
S3150803A260BDE81040FEF71FBA4A89186F2281FEF728
S3150803A270E4F910B92168E088F2E710BD03461A68C5
S3150803A28008460AB159681047704708B5028A0B8A07
S3150803A2909A4206D110220CF0A4FEB0FA80F04009C7
S3150803A2A008BD0020FCE700220260426082608278D3
S3150803A2B022F0780242F028028270704700238360F6
S3150803A2C00360436007238372704700238360036038
S3150803A2D0436007238372704738B504460D46006802
S3150803A2E00968F9F7F6FB28B169686068BDE838407C
S3150803A2F0F9F7EFBB38BD036810B50446BBB1CCF715
S3150803A30085FAD4E90013C21A91420DD91944091AD8
S3150803A310B1F5FA7F38BF4FF4FA71002323600A2098
S3150803A320BDE81040F9F753BB4FF4FA71F5E74FF45C
S3150803A330FA71F4E700228260026042600122027227
S3150803A3407047007A033802288CBF00200120704723
S3150803A350037A8B4218BF0172704703788BB190F862
S3150803A360793073B1537C012B0BD1D0F8942000F1CB
S3150803A3708C039A4205D1C1F10501C9B22430D7F736
S3150803A380E9BC704790F87A301A1F012A0BD9072BB4
S3150803A39004D1002380F87A300020704713F0FD0FAC
S3150803A3A0FAD00223F6E70D207047CB7D043B012B39
S3150803A3B084BF0423CB757047037810B58B420446D4
S3150803A3C018D00170042915D8DFE801F00303081231
S3150803A3D003008030BDE81040D3F788BE2430FFF76A
S3150803A3E08AFF014604F18000BDE81040F9F7D5BCA1
S3150803A3F08168F7E710BD037810B5023B032B0446C3
S3150803A40002D80421FFF7D8FF637804F1700023F01C
S3150803A4100F0363704FF4E163A3600023E367BDE8AA
S3150803A4201040FFF752BF37B50446656E0846114616
S3150803A4301DB1A26E0092E26FA84703B030BD002398
S3150803A44000F17002FFF7EFBF1FB5002308464FF070
S3150803A450FF2201A9CDE9012300680A22ADF80C30D1
S3150803A460F9F76FF805B05DF804FB38B504460D46F1
S3150803A47052B10968006FFEF7E0F848B92968E06E3B
S3150803A480BDE83840FEF725B9BDE83840FFF7E2BE18
S3150803A49038BD30B50C46054685B001A8FFF703FF5E
S3150803A4A00C23002101AA2068F8F7AEFF6B88002168
S3150803A4B05BBA2068ADF8043001AA0C23F9F71BF838
S3150803A4C0284601222146D7F711FE054648B94FF417
S3150803A4D000730146ADF80E3020680C2301AAF9F77C
S3150803A4E00AF8284605B030BD38B504464588D3F77B
S3150803A4F0CBFC83B29D426380F9D038BD002230B5C8
S3150803A500C36F03B930BDDC7DDD69072C08D152B9A9
S3150803A510C46F0CB1E469C4670C68DC610B6013464D
S3150803A5201A462B46EDE7D469002CF5D0E469D461C5
S3150803A530F2E77FB5044601AD00F1700393E807001F
S3150803A54085E8070094F87A20072A02D11846FFF708
S3150803A550BCFE4FF4E1630026A36020460421FFF7FF
S3150803A5602BFF694620460096FFF7C8FF2A46314661
S3150803A570009BFFF758FF04B070BD70B505460C463F
S3150803A5801646FEF7F2F888B90A2332462846218882
S3150803A590F8F73AFF50B9338922885BBA12FA83F37C
S3150803A5A06A890A3393428CBF0620238070BDF7B5A8
S3150803A5B004466846F9F773FB2378012B28D9236FDA
S3150803A5C033B394F87A30072B24D8DFE803F00C2347
S3150803A5D00C2314230421E268009B9B1A002B19DB26
S3150803A5E0022384F87A30E36F93B194F8793013B978
S3150803A5F094F8783063B1012694F87A30052B02D0A3
S3150803A6000227E56F45B9EEB102212046FFF7D4FECE
S3150803A61003B0F0BD0026EFE7EB7D062B0CD8DFE889
S3150803A62003F00A0B0A0B0A0B0400A969009B5B1AC1
S3150803A630002B03DBEF750126ED69E3E76846F9F7B7
S3150803A64039FBF9E72378042BE2D1694604F1800044
S3150803A650F9F7AFFBDCE710B504460421FFF7ACFEB8
S3150803A6602046BDE81040FFF7A2BF08B571B190F8C0
S3150803A6707A3023B90167FFF79AFF002008BD072B35
S3150803A68006D10023016780F87A30F4E70720F5E757
S3150803A6900D20F3E770B50546164671B16AB1FFF7A3
S3150803A6A071FE044658B985F879006967284685F81E
S3150803A6B07860FFF77CFF204670BD0724FBE70D246F
S3150803A6C0F9E7F8B506460C46C76F37B92046D7F7F4
S3150803A6D0F5FA054650B1072512E021463846FFF735
S3150803A6E0FBFD08B118250BE0FF69EEE7F36F394662
S3150803A6F0E3612046F467D7F7FDFA3046FFF757FFBD
S3150803A7002846F8BD08B5C36F0BB9172008BD99428B
S3150803A71001D0DB69F8E7FFF748FEFFF748FF00209B
S3150803A720F4E710B5C46F002223460BB9172010BDF2
S3150803A730994207D01A46DB69F7E7D3693BB1DB6968
S3150803A740D36104E0002AF8D10CB1E369C367002397
S3150803A750CB61CB7D072B1CBF0723CB75FFF727FFE1
S3150803A7600020E4E710B590F87A40072C23D0231F7E
S3150803A770012B04D84378C3F300138B420CD04378D8
S3150803A78061F30413C16F437041B95CB97AB90723FE
S3150803A79080F87A30FFF7CDFE002010BDFFF705FEDF
S3150803A7A0C969F1E7042C02D1FFF701FFF4E7042393
S3150803A7B080F87A30F8E71820EFE70346406900B9CE
S3150803A7C0D8691B6913B1984228BF184670471222E5
S3150803A7D000210CF02FBC90F8A03010B50446C0E950
S3150803A7E026124BB9012380F8A030D8F717F920466B
S3150803A7F0BDE81040D8F7CEB910BD38B54B070446A7
S3150803A8000D4601D5D8F722F915F4047F02D0204660
S3150803A810D8F7C0F915F0130F0BD02046D7F70AFB64
S3150803A82038B12046FFF7AEFD2046BDE83840FFF7AE
S3150803A830BEBE38BD037810B5023B0446032B20D8A9
S3150803A840DFE803F002062002BDE81040D8F736B861
S3150803A8500221D7F755FDFFF7AFFD1C212046FFF769
S3150803A860EEFD94F8A230FF2B05D12046BDE8104033
S3150803A8700121D8F731BA0133DBB2022B84F8A230AF
S3150803A880F3D810BDBDE81040FFF791BED8F786BAD6
S3150803A89038B5028A0B8C04469A420D4601D000202D
S3150803A8A038BDFEF7D6FF30B91022294620460CF0EC
S3150803A8B098FB0028F3D1638C0BB90120F0E76A8C67
S3150803A8C09A42ECD112342046FEF7C3FF0028F4D18E
S3150803A8D010222046A9180CF084FBB0FA80F0400930
S3150803A8E0DEE770B5044616461D46382200210CF0ED
S3150803A8F0A1FB2046C4E9096570BD00224FF4404117
S3150803A9008260C0E9001270474FF2BF03984208D02D
S3150803A91000F53B50213080B213288CBF002001205C
S3150803A92070470120704710B584680022234603B98F
S3150803A93010BD994207D01A461B6BF8E7136B3BB158
S3150803A9401B6B136304E0002AF8D10CB1236B8360F5
S3150803A95000230B63ECE710B501464FF6FF74028834
S3150803A960A2420EBF4FF44042013292B21046FFF79D
S3150803A970CBFF0028F4D110460A8010BD10B5044653
S3150803A98086B01022ADF8141001A800210CF052FB72
S3150803A990204601A9D8F7F0FA06B010BD38B501F17B
S3150803A9A0120302F1100452F8045BA24243F8045B53
S3150803A9B0F9D112881A800B8A0BB1002038BD0A46D2
S3150803A9C0D8F7AEFA0028F8D00720F7E7F0B5174608
S3150803A9D01A8C06460C468BB02AB1098A914202D0D4
S3150803A9E007200BB0F0BD6A4603F1200C154618681C
S3150803A9F05968083303C563452A46F7D1186828609A
S3150803AA009B8804A8AB80FEF724FF90B104F11205D6
S3150803AA102846FEF71EFF0028E2D12B4604AA04F1B6
S3150803AA20220C154618685968083303C563452A4630
S3150803AA30F7D1BDF8223023B9638C002BD0D0ADF8FB
S3150803AA4022306846FEF705FF58B123466D4604F1E2
S3150803AA50100C2A4618685968083303C26345154615
S3150803AA60F7D1238A43B1238A6A4639463046ADF875
S3150803AA702030D8F791FAB4E7224621463046D8F76C
S3150803AA804FFA0028EFD0ABE770B50D461646846833
S3150803AA9004B970BD31462046FFF7FAFE30B12846A1
S3150803AAA0A989F8F725FCAB8913B1FEE7246BEFE711
S3150803AAB032462946636AA06ABDE8704018472DE9FD
S3150803AAC0F3410E4615468046112229463046FCF7C1
S3150803AAD0F7FC0446B0B9082269463046F8F7ACFCD9
S3150803AAE0044678B9BDF80030D8F804705BBA6B84AD
S3150803AAF0BDF802305BBA2B8447B92A46314640462D
S3150803AB00FFF7C2FF204602B0BDE8F0812A46314668
S3150803AB107B68B86898470028F4D13F68ECE78068F3
S3150803AB2018B9003818BF01207047038A8B42F8D03A
S3150803AB30006BF5E7036823B91720B0FA80F04009DC
S3150803AB407047994201D01B6BF5E70020F5E738B546
S3150803AB50054608300C46FFF7EDFF68B1214628463F
S3150803AB60FFF7E1FE1222002120460CF063FA1222B7
S3150803AB700021A0180CF05EFA002038BD2DE9F0413B
S3150803AB8000F10808054640460C4617461E46FFF7D9
S3150803AB90D1FF014600B1FEE7382220460CF04AFAF7
S3150803ABA0069B2146404684F834706662A362FFF723
S3150803ABB0C1FF10B9AB682363AC600020BDE8F08120
S3150803ABC000F5005393F8AC3613B11330D8F748BAE7
S3150803ABD0704700F5005393F8AC3613B11330D8F722
S3150803ABE045BA704710B400F5005494F8AC4624B13E
S3150803ABF05DF8044B1330D8F73FBA5DF8044B70473A
S3150803AC0000F5005393F8AC3613B11330D8F73ABAB4
S3150803AC10704708B5D8F73CFA08BDD2F7BDBC002083
S3150803AC207047002070470C2070470C2070470C2093
S3150803AC3070470C20704770470C207047704770B5F3
S3150803AC4004461E461546D8F77FFA002329462046AA
S3150803AC5066602381BDE8704000F022B80021C0E990
S3150803AC6000118160FF21C160014641F8102F8161FF
S3150803AC70704710B504461030D3F738FA0023A37289
S3150803AC8010BD03685BB1027B1F2A02D8D340DB07DA
S3150803AC9005D40146FF2301F80C3FF9F761BF704756
S3150803ACA070B5866900F110039E4204460D4603D02B
S3150803ACB0837A1D44857270BD4368002BFBD00368F5
S3150803ACC0002BF8D0FFF7DDFF237B2189A572E372FA
S3150803ACD001310020F8F77BFE01463046BDE8704097
S3150803ACE0F9F75BB81C30F9F7FDBA10B50446FFF758
S3150803ACF0C0FF04F11C00BDE81040D3F7F7B90121E2
S3150803AD00FFF7CEBF38B50C466107054601D5D8F718
S3150803AD107BFAE20002D52846D8F798FA630404D5E5
S3150803AD202846BDE83840D8F789BA38BD0830D3F77E
S3150803AD30DDB9D8F7BDBA02888A4202D00180D8F7AE
S3150803AD40B7BA70470088C0F3C0007047002310B530
S3150803AD500446C0E901338381D8F718FB204610BDA2
S3150803AD6038B5002543680446856013B14560D8F7AE
S3150803AD70BDFB656038BD13460A4601461846D8F733
S3150803AD803DBD034600201A6883F824000AB15968B2
S3150803AD901047704770B590F824300546012B0C46CA
S3150803ADA096B06FD11A21206801AAF9F707F9064662
S3150803ADB0002867D1BDF804102068F8F726FABDF80D
S3150803ADC00430BDF806102068194489B2F8F7ECF97F
S3150803ADD03C22314607A80CF02DF99DF8553020681A
S3150803ADE043F020038DF85530438A2C30ADF84E30A6
S3150803ADF010F8243C8DF8523000F062FD23688DF874
S3150803AE005300616893F82E30183107A88DF854302B
S3150803AE10FBF77AF802236A4681212068F9F766F96F
S3150803AE2080BB9DF800300221C3F3C0021B0943EA25
S3150803AE3002139DF85520206822F01F0213438DF84C
S3150803AE4055300DF135020823F9F750F9D0B9102218
S3150803AE500321206809ABF9F7FCF8064690B91221D5
S3150803AE60206814AAF9F71CF918B117280AD1ADF8FE
S3150803AE70506012220821206802ABF9F797F818B137
S3150803AE8017281DD016B070BD9DF8093033B92B6845
S3150803AE90002BF7D0696807A89847F3E70DF13D013A
S3150803AEA002A8FCF7A4F895F82630DA07EFD505F1DA
S3150803AEB01C010DF13D00FCF78AF90028E7D1E1E70B
S3150803AEC095F82630DB07E2D5DCE7837F024613F0E5
S3150803AED00F0003D0108C831E58425841704710B593
S3150803AEE00446D8F749FDA37F20460133A377D8F74D
S3150803AEF017FD20B92046BDE81040D8F72DBD10BD73
S3150803AF0090F847300BB18B4203D980F84710D8F72E
S3150803AF10F9BD704790F846300BB18B4203D980F8D8
S3150803AF204610D8F7EFBD7047437F10B5044673B193
S3150803AF30CBF76CFC236A03F5C333A0331B1A002B28
S3150803AF40BEBF94F83E3043F0010384F83E3094F8CC
S3150803AF50473033B1013BDBB284F84730B3FA83F3A6
S3150803AF605B0994F846203AB1013AD2B2002A08BFDF
S3150803AF7043F0010384F84620B4F844202AB973B988
S3150803AF802046BDE81040D8F7BDBD013A92B2A4F8F1
S3150803AF904420002AF3D1637F0BB101236377201D75
S3150803AFA0D3F73EF8ECE710B5037F1C2A23F0010319
S3150803AFB00446037704D1BDE810401E21FFF7AABF54
S3150803AFC022B1201DBDE81040D3F72AB801B9FEE720
S3150803AFD04B78442B01D01B06F3D520460969D8F7CD
S3150803AFE0B9FE1C28EDD110BDFFF7DDBF08B1D2F7B6
S3150803AFF02FBE704710B50446006AFFF7F7FF002314
S3150803B00004F124002362BDE81040D3F76FB810B5E6
S3150803B0100446006A00B349B101221144F8F791FACC
S3150803B020D0B12046BDE81040FFF7E4BF6269531E5E
S3150803B0301340636123B9237F2269013B6261237746
S3150803B040237F04F1240023B1218BBDE81040F8F7D0
S3150803B050A4BE4FF4FA71F8E710BD0B46014618462D
S3150803B060FFF7D5BF002310B5044600F8043BFFF7E6
S3150803B0706DFE204610BD172070477047002801DB78
S3150803B080F4F763BB704743886FF30B0343F08F03EF
S3150803B09043807047002242804FF428720280FFF7EC
S3150803B0A0F2BF10B5044602B9FEE7FFF7ECFF0B78CB
S3150803B0B08078DB0963F30000A0700B78C0B2C3F392
S3150803B0C0801363F34100A0700B78C0B2C3F3401337
S3150803B0D063F38200A0700B78C0B2C3F3001363F363
S3150803B0E0C300A0700B78C0B2C3F3800383F00103D7
S3150803B0F063F30410A0700B78C0B2C3F3400383F064
S3150803B100010363F34510A0700B78C0B2DB43012A31
S3150803B11063F38610A07012D04B78C2B2DB0963F3CF
S3150803B120C712A2704A78E378C2F3801282F001024A
S3150803B13062F30003E3704A7862F34303E37010BDD6
S3150803B14038B504460B46154602B9FEE700211846EC
S3150803B1500BF070FF0346A278D10742BF027862F06C
S3150803B1607F020270A278920742BF027842F0400239
S3150803B1700270A278500742BF1A7842F020021A706A
S3150803B180A278110742BF1A7842F010021A70A27801
S3150803B190D2065EBF1A7842F004021A70A2789006A5
S3150803B1A05EBF1A7842F002021A70A27851065EBF91
S3150803B1B01A7842F001021A70012D16D0A278D20924
S3150803B1C01EBF5A7862F07F025A70E278D2075EBFD2
S3150803B1D05A7842F040025A705A7842F038025A7046
S3150803B1E0E178C1F342010A435A7038BD4030D2F7B9
S3150803B1F07DBF10B5044688B06A461834D8F71AFFD7
S3150803B200204600226946FAF7D8FE204608B010BD44
S3150803B21000228287D8F762BF37B5054600680C4611
S3150803B220F4F79AFA014658B110222146286801AB69
S3150803B230F4F784FA00B1FEE7019B102B07D0FEE76B
S3150803B2401022204603B0BDE830400BF0F3BE03B02E
S3150803B25030BD1FB5044610216846F4F7A0FB00224B
S3150803B26069462046D8F742FF04B010BD10220021D4
S3150803B2700BF0E0BE018FB0F86420914204D3416815
S3150803B28002220131D8F7C2BF70470022C0E9002263
S3150803B290C0E90222C0E90422704737B50C461546B1
S3150803B2A0572120460DF10602F8F792FF60B90121EE
S3150803B2B020462A78F8F765FF30B96B7933B9204603
S3150803B2C0BDF80610F8F7EFFF03B030BD022120469C
S3150803B2D06A1CF8F71DFF0028F1D0F5E7F0B5836877
S3150803B2E004460D46164687B083B15821284602AA56
S3150803B2F0F8F764FED8B90746BDF80A3043B9AFB1C3
S3150803B300D4E9023230469DF80710984700200EE02C
S3150803B310294602AA03A8F8F7B9FD40B99DF80D30E6
S3150803B32083B99DF80C30052B0CD117B1062007B04D
S3150803B330F0BD29460DF1070203A8F8F764FE0028B5
S3150803B340F5D10127BDF8101002A8F8F7F5FAD3E7E7
S3150803B35000228260024600F1080142F8181F426083
S3150803B360704737B50C4615465A21204601AAF8F701
S3150803B37025FE28B901232A46204601A9F8F74FF8DE
S3150803B38003B030BD43680B6041607047002337B58F
S3150803B39014460546086813700190BDF80600002890
S3150803B3A03BD0012328460DF1030201A9F8F737F824
S3150803B3B090BB9DF803300B2B1DD007D8092B0ED055
S3150803B3C00A2B12D0237843F0100306E0402B18D13A
S3150803B3D02378DA0723D443F00103237017E023788D
S3150803B3E098071CD443F00203F7E72378590716D4C2
S3150803B3F043F00403F1E723781A0710D443F008034C
S3150803B400EBE71B06DED5012101A8F8F795FA01211A
S3150803B41001A8F8F791FAC0E7002003B030BD06206B
S3150803B420FBE72DE9F341089D9846044617468DF830
S3150803B430071001F0FF0349B392B9FF2B06D128463B
S3150803B440DDF780F8002002B0BDE8F08128460DF14B
S3150803B450070102F0B0F9D8B1636803606060F1E7E9
S3150803B46028460DF1070102F099F998B966689EB165
S3150803B470336830469DF8071063603A46434600F042
S3150803B480ABF93146284602F092F9DBE7FE20DAE704
S3150803B4900320D8E70220D6E70120D4E72DE9F043B5
S3150803B4A00D468DB0074690465821284603AA1E46E0
S3150803B4B0F8F784FD044600283DD18DF81D008DF864
S3150803B4C01500BDF80E30CBB99DF81D3053B138467B
S3150803B4D09DF81F209DF81E10CDF8008002ABFFF7DC
S3150803B4E0A0FF30709DF815302BB3434638469DF8B8
S3150803B4F0161002AAD9F75EF830701CE0294603AA8B
S3150803B50009A8F8F7C3FCA8B99DF825308BBB9DF8A5
S3150803B5102430DDF82600032B049010D0072B28D1FE
S3150803B5204FF0030905AA9DF815309DF81D100B4326
S3150803B53009D00620044620460DB0BDE8F0834FF037
S3150803B540040907AAEFE7BDF828304B45F1D34B4664
S3150803B550284604A9F7F763FF0028EBD1494604A850
S3150803B560F8F7EAF9284602AA04A9FFF70FFF002805
S3150803B570DFD1BDF8281003A8F8F7DEF9A1E7822280
S3150803B5807F2300FB0230FF23B0FBF3F06FF07F034A
S3150803B59082389842B8BF184640B270472DE9F0433F
S3150803B5A09946036880460F4616468BB0002B50D043
S3150803B5B000242546CDE907440994718831B9002D3D
S3150803B5C075D1002C45D02A4607A972E0324639467A
S3150803B5D004A8F8F75BFC00283BD19DF8113073B932
S3150803B5E09DF810308BB1052B09D195BB8CBB394619
S3150803B5F00DF1070204A8F8F706FD50BB01253046EE
S3150803B600BDF81410F8F798F9D7E715BB04233146A4
S3150803B610384602AAF7F703FFD8B99DF80930012B74
S3150803B62017D99DF90A309DF80A40002B08DB6306F3
S3150803B63008D40B2C2ED003D8092C0DD00A2C16D0DF
S3150803B6400124DCE707233846318802AAF7F7DCFE2C
S3150803B650A0B30BB0BDE8F0839DF81C3043F002039A
S3150803B6608DF81C309DF80B308DF82430E8E79DF8EB
S3150803B6701C309DF80B4043F004038DF81C30FF2360
S3150803B68004EB841464007F34A4B2B4FBF3F48DF89A
S3150803B6902540D5E79DF81C309DF80B0043F00803B9
S3150803B6A08DF81C30FFF76BFF8DF82600C8E79DF869
S3150803B6B007204846D8E90043A047CAE7402CBFD12C
S3150803B6C09DF81C30DDF80B0043F001038DF81C30A0
S3150803B6D0F8F7BBFB0890B3E7F0B505462E690846AD
S3150803B6E085B019466EB393F830408DF80440E7B237
S3150803B6F0C4F34003A40704D52AB303788DF80C30A2
S3150803B70001237C0710D593420ED2C45C03F1010CC6
S3150803B710FF2304EB841464007F34A4B2B4FBF3F46C
S3150803B7205FFA8CF38DF80D403C0706D5934204D295
S3150803B730C05CFFF724FF8DF80E006B69888B01AA9E
S3150803B740B04705B0F0BD1346DBE70378024613F0AE
S3150803B750010018BF402310B518BF0B70137818BF24
S3150803B76001209B0741BF0924431C0C54D8B2137804
S3150803B7705C0741BF0A24431C0C54D8B213781B0731
S3150803B78041BF0B22431C0A54D8B210BD0378C3F336
S3150803B7904000C3F38002400040EA8200C3F300027C
S3150803B7A01043C3F3C00340EAC30000F00F00704719
S3150803B7B0C1F3400201F0010343EA4203C1F38002E5
S3150803B7C043EA82030278C1F3C00143EAC10322F0C4
S3150803B7D00F0213430370704738B51D4604460171BB
S3150803B7E011460530FFF7E4FF2B78A3710023238165
S3150803B7F06381E36038BD032915D8DFE801F0020841
S3150803B800100C407983070ED400F001007047407985
S3150803B810C0F3400070474079C0F380007047407911
S3150803B820C0F3C00070470020704738B504461D466C
S3150803B830FFF7E1FF70B1E36804F10A00013311462B
S3150803B840E36000F04BF8294604F10800BDE83840E8
S3150803B85000F011B838BD00294FF6FF7118BF002153
S3150803B86030B50588541E530805FB04330B44B3FB54
S3150803B870F2F2028030BD7F2930B51FD001EAE173A9
S3150803B88041785B423F298CBF0022012202EBD10299
S3150803B89002F01F0262F3C701417001889BB2DB0005
S3150803B8A0551EC1F30A049BB205FB043393FBF2F35B
S3150803B8B00A4663F30A020280002030BD0720FCE72C
S3150803B8C04378072B08D90388C3F3C7005B074CBF24
S3150803B8D0C043404240B270477F207047437810B553
S3150803B8E0FF2B1EBF0133DBB24370082B28BF082387
S3150803B8F002785C1E12FB0411B1FBF3F1017010BD53
S3150803B90000224388028003F0F00343F4FE43438096
S3150803B9108280C28070470B1AD8B21B0603D47F29CC
S3150803B92008BF0020704700207047FF21D8F782BE62
S3150803B9307F2938B5044614D04378C170072B8ABFCC
S3150803B9408578FF2505F00305FFF795FF48B92046D7
S3150803B950D8F75EFE2946D8F76DFEA37860F3010390
S3150803B960A37038BD00224274827C01F5095122F086
S3150803B970030242F00302827408314022FDF794BEA3
S3150803B98030B4847C043144F0020484749478857C4E
S3150803B990C4F3001464F300058574927830BC02F08E
S3150803B9A00F02427411F8012CFDF77EBE704738B5B5
S3150803B9B0037A0D46012B144603D0022B0BD006201F
S3150803B9C038BD01881046FDF701FF20462946FDF7D5
S3150803B9D0ABFF0020F4E701461046FDF7E4FEF4E763
S3150803B9E0F7B51546DDE9084608466A46194605F1D8
S3150803B9F00807FFF7DCFF0822394668460BF0F1FA19
S3150803BA0028B9238843F03003238003B0F0BD3846B2
S3150803BA10FDF7EAFE238848B143F020032380E9892A
S3150803BA20304649BA89B2F7F79EFAEEE743F01003B0
S3150803BA300822394630462380F7F777FAE5E7F7B55C
S3150803BA401546DDE9084608466A46194605F1080714
S3150803BA50FFF7ADFF0822394668460BF0C2FA28B944
S3150803BA60238843F00303238003B0F0BD3846FDF76C
S3150803BA70BBFE238848B143F002032380E989304695
S3150803BA8049BA89B2F7F76FFAEEE743F001030822DA
S3150803BA90394630462380F7F748FAE5E72DE9FF47A5
S3150803BAA00E46B1F80C8017463046022201A99A467B
S3150803BAB0F7F7C2FC0446002867D19DF80430112B1A
S3150803BAC050D0292B4ED0E0213846F7F741FA0446E1
S3150803BAD000285AD19DF804103846F7F739FA044670
S3150803BAE0002852D19DF80550ED000635FF2D4BD899
S3150803BAF09AF800300BB13C2B12D12A46B18903A818
S3150803BB00F7F7FAFE0023BDF80E0068BB43B19DF8AC
S3150803BB100830012B04D802A8FEF7A2F82D1AADB2F5
S3150803BB2005EB00093046F7F776FB814532DC9DF8CD
S3150803BB30043038468AF80030E9B2F7F709FA0446BA
S3150803BB4018BB2B4631463846B289F7F742FA0446FC
S3150803BB50D8B930460FFA89F1F7F74CFB204604B0FB
S3150803BB60BDE8F087E121B7E7314603AA02A8FEF745
S3150803BB707EF8044648B902A8FEF772F8014603A8F8
S3150803BB80F7F7DAFE0123BEE7012441463046F7F705
S3150803BB903CFBE3E70624F8E72DE9F7430E468F89CE
S3150803BBA01546694608223046F7F746FC044678BB2D
S3150803BBB04FF2B001BDF80090BDF8028099FA99F9E1
S3150803BBC01FFA89F929F00F0398FA98F88B421FFA96
S3150803BBD088F89AB224D128F00F03934225D1F3218A
S3150803BBE02846F7F7B5F9044690B908F00F0141EA74
S3150803BBF00911C9B22846F7F7ABF9044640B9BDF8A7
S3150803BC000610284649BA89B2F7F7ADF9044618B1BA
S3150803BC1039463046F7F7F9FA204603B0BDE8F0830C
S3150803BC2009F47F43B3F5704F13D1F2212846F7F78A
S3150803BC308FF904460028EBD128465FFA89F1F7F70E
S3150803BC4087F904460028E3D141462846F7F78BF9D6
S3150803BC50D3E708F47F43B3F5704F10D1F121284693
S3150803BC60F7F776F904460028D2D149462846F7F766
S3150803BC707AF904460028CBD15FFA88F1BAE7F021AE
S3150803BC802846F7F765F904460028C1D10422694610
S3150803BC902846F7F74AF9B0E72DE9F04F88464FF4F7
S3150803BCA0C04A9DB0269E1D468B8907460593337861
S3150803BCB091464046282212A9ADF81CA00393F7F72C
S3150803BCC0BBFB0446834630B10023337040460599CF
S3150803BCD0F7F79BFAA3E0384608AA14A9D8F7C6FCCF
S3150803BCE038460DAA18A9D8F7C1FCAB885146284689
S3150803BCF00493F7F738F9044610B186F800B0E5E778
S3150803BD009DF831309DF8451053EA01020DD04FF4E2
S3150803BD10C14241EA03112846C9B2ADF81C20F7F718
S3150803BD2017F910B134700446D0E79DF848B09DF86A
S3150803BD3049309DF84AA09DF84B204FEA8B0B0BF030
S3150803BD403C0B99004BEA931B4AEA020A03F00F03DA
S3150803BD5053EA0A0A01F0C00171D15BEA0101BDF891
S3150803BD601C3060D143F4C053ADF81C309DF84E1017
S3150803BD70112904D0292902D0002940F08A80039B7F
S3150803BD80012B40F28680BDF81C3043F48063ADF87E
S3150803BD901C309DF84F10402900F08480FF2900F0DD
S3150803BDA08680012940F08880BDF81C3043F48073EF
S3150803BDB0ADF81C3014A8FDF74CFD8346002800F0A7
S3150803BDC08280BDF81C3043F04003ADF81C309DF863
S3150803BDD06030FF2B40F0AA802B46384607AA18A9DD
S3150803BDE0D8F756FC00285AD14FF0010A9DF84E3071
S3150803BDF08DF81B30039B9A45C0F0CB8086F800A0CC
S3150803BE00002C7FF463AFBDF81C3028465BBAADF847
S3150803BE101E30049902230DF11E02F7F7FAF820469D
S3150803BE201DB0BDE8F08F43F480532846ADF81C30A7
S3150803BE30F7F78EF8002899D086F800A073E7BBF1C8
S3150803BE40000F0FD1BDF81C20194342F40062ADF868
S3150803BE501C202846F7F77CF8824698B1044686F8EC
S3150803BE6000B033E74BEA01012846F7F771F8834632
S3150803BE7018B100230446337028E79DF8491001F0EA
S3150803BE800F01E6E7022228460DF14A01F7F74DF8B6
S3150803BE90D0E72846F7F75CF800283FF47AAF002383
S3150803BEA0337040E7BDF81C3043F4007380E7BDF8F0
S3150803BEB01C3043F440737BE72846F7F749F8002814
S3150803BEC03FF478AFEBE714A8FDF7E4FC824670B1BC
S3150803BED007AB009349463846019508AB14AAFFF702
S3150803BEE07FFD00283FF473AF86F800B01BE79DF883
S3150803BEF032309A07C3F3400B12D5BDF81C304946B6
S3150803BF0043F04003ADF81C3007AB00933846019560
S3150803BF1008AB14AAFFF764FD00283FF458AF8BE774
S3150803BF201022284614A9F7F700F8DAE718A8FDF748
S3150803BF30B1FC824650B107AB0093384601950DAB69
S3150803BF4018AA09F10A01FFF77AFD4BE79DF846306F
S3150803BF50C3F3400B9B0713D5BDF81C30384643F093
S3150803BF600403ADF81C3007AB009301950DAB18AA73
S3150803BF7009F10A01FFF763FD00283FF435AF5BE7D4
S3150803BF801022284618A9F6F7D0FF00283FF42CAF4D
S3150803BF90AAE79DF81B30112B0ED0292B12D0002BA4
S3150803BFA07FF42CAF2A46414638460DF11B03FFF7AB
S3150803BFB075FDB8B1044621E72A4641463846FFF7D8
S3150803BFC0EBFDF7E7EE212846F6F7C2FF044610B164
S3150803BFD086F800A07AE62B464A464146384600F0DC
S3150803BFE006F8E7E70AF1010A5FFA8AFA02E72DE992
S3150803BFF0FF471C46FF2305460E46924600208DF84A
S3150803C0000F300DF10F079DF80F3013B904B0BDE8D3
S3150803C010F087D4E9009823465246314628460097C6
S3150803C020FFF73AFE0028F1D0C4E90098EBE701F0E0
S3150803C030F003E02B19D101F00E010E291BD8DFE816
S3150803C04001F0081A0C1A0E1A101A1A1A1A1A1A1AB8
S3150803C050120000230020137070472B23FAE72C23C2
S3150803C060F8E73C23F6E72923F4E701F0F801F0297A
S3150803C07001D11123EEE706207047F0B585B00746D0
S3150803C0800E4610460DF103011446F7F706F818B1E4
S3150803C0900625284605B0F0BD9DF80330DB0751D5C4
S3150803C0A020460DF10201F6F7F8FF0028F0D19DF8B6
S3150803C0B00250A2886B1C9A42EAD323683846595D14
S3150803C0C001AAFFF7B4FF0028E2D10935ED08013DBF
S3150803C0D00222304601A98DF80550F7F732FA0028EF
S3150803C0E0D6D102213046F7F785F830469DF8022067
S3150803C0F02168F7F726FA05460028C9D130469DF880
S3150803C1000210F7F777F820469DF80210F6F7ACFF0A
S3150803C1109DF8021002A80231FDF7D6FD0028B8D112
S3150803C12002A8FDF79DFD02A902463046F7F709FA6C
S3150803C1300028ADD102A8FDF793FD01B23046F7F703
S3150803C14059F8A6E7204601A9F6F7A7FF00289FD1C5
S3150803C15020460DF10201F6F7A0FF002898D19DF8B5
S3150803C1600250A388AB42B0D292E7002337B50D46F7
S3150803C170104669461446ADF80230ADF80430F6F7B2
S3150803C1808CFFD0B99DF8003003F0F802F02A14D1D9
S3150803C19003F00303022B286068603CD0032B4AD0C4
S3150803C1A0012B20460DF102010AD0F6F779FF20B9D3
S3150803C1B0204601A9F6F774FFA8B1062003B030BDDF
S3150803C1C0F6F76EFF0028F8D120460DF10101F6F7C0
S3150803C1D064FF0028F1D19DF801306FEA03536FEA33
S3150803C1E01353ADF80430BDF802305BBA2B80BDF8A3
S3150803C1F004305BBA6B809DF800305B07DDD42046BC
S3150803C2000DF10601F6F74CFF0028D6D1BDF8063026
S3150803C2105BBAEB80D2E720460DF10101F6F73DFF45
S3150803C2200028CAD19DF801306FEA03536FEA135306
S3150803C230ADF80230BCE720460DF10101F6F72DFFF4
S3150803C2400028BAD14FF2B0039DF8012043EA121130
S3150803C25002F00F02ADF802101343C2E773B50D4699
S3150803C260694616461C46FFF780FFB8B99CB9B488D9
S3150803C270083464BAA4B2082269462846ADF80440CD
S3150803C280F7F75FF9044618B908212846F6F7B2FF07
S3150803C290204602B070BDAB89E41AEAE70624F7E73D
S3150803C2A02DE9F04F8FB09DF864B08146BBF1040FBA
S3150803C2B00D4692461E46BDF8604004D90627384601
S3150803C2C00FB0BDE8F08FB1F80C80009304A91346AC
S3150803C2D00DF10D02D8F746FA0028EFD12822284691
S3150803C2E004A9F7F72EF907460028E7D12821284697
S3150803C2F0F6F780FF9DF80D3093B9002C4BD0283CF8
S3150803C300A4EB080408F1040164BAA4B2022328467C
S3150803C3100DF10E0289B2ADF80E40F7F7ECF8CEE749
S3150803C320B388002BCAD033681B7803F0F002E02ADF
S3150803C33022D103F00E020E2A14D10023012130461E
S3150803C3408DF80D30F6F790FE0BF10103DBB2CDE95C
S3150803C35000435246334629464846FFF7A1FF0028BD
S3150803C360C8D0ABE703F001033246294648468DF8A1
S3150803C3700D30FFF782FEF2E703F0F803F02B9DD1A9
S3150803C3804FF0000332468DF80D30294623464846BA
S3150803C390FFF764FFE3E7B488AB89283C1C44AFE79F
S3150803C3A08388042B08D90368187800F0C000A0F125
S3150803C3B0800358425841704700207047032907D91C
S3150803C3C0007800F0D800A0F1C003584258417047DE
S3150803C3D00020704781880068FFF7F0BF70B50C46E8
S3150803C3E00546114620461E46FFF7E8FF08B906200C
S3150803C3F070BD208840BAC0F30A00288063885BBAF8
S3150803C4006B80237813F0200308D0042AEFD9237905
S3150803C410DB00AB80052300203380E9E7AB800423E8
S3150803C420F9E737B58A880C460DF106030968FFF75D
S3150803C430D5FF054620B92046BDF80610F6F714FEC3
S3150803C440284603B030BD4B795B0907D11AB1036897
S3150803C45001330360704783680133836070474B7900
S3150803C4605B0902BF43680133436070474B795B0935
S3150803C47002BFC3680133C360704790F840305A0758
S3150803C48006D523F0040380F840304430D1F7C8BDFD
S3150803C490704710B504460430F7F704FA002302463A
S3150803C4A022B9642B94BF0020012010BD1179C90756
S3150803C4B014D5616A914211D05179490901F00500F1
S3150803C4C001280DD051B9518901337F299BB205D96A
S3150803C4D060207F39B1FBF0F10B449BB2D269DFE7E9
S3150803C4E00133FAE70B7970B51546DA0706460C46A3
S3150803C4F019D523F001030B7120460021F6F785FEB3
S3150803C5001DB1237923F0080323712279214606F105
S3150803C5104C00C2F3C002FFF796FF29462046BDE842
S3150803C5207040F6F7D8BE70BD08B50B7913F0010352
S3150803C53009D1426A0430914204BF03628383F7F741
S3150803C540A0F9012008BD0020FCE738B504460D46CE
S3150803C550FFF7C8FF29462046BDE83840FFF7E4BF82
S3150803C56070B50446406A0E4680B10579EA0700D4D9
S3150803C570FEE729B125F008050571606A4289228418
S3150803C580218C42898A4207D9F6F73FFE04F1440013
S3150803C590BDE87040D1F744BD3BB101798022C1F3B0
S3150803C5A0C00103F12800FFF756F92046616A3246AF
S3150803C5B0FFF798FF2046616AFFF7B6FFE6E7F0B58F
S3150803C5C0002787B00F2A04460E4615468DF81470C1
S3150803C5D004D84CF60103D340DA0700D4FEE790F8F3
S3150803C5E0403067F3C30380F840309B0712D58B8826
S3150803C5F05BB103A93046F8F7ABFF03AB2A463146CE
S3150803C60020460097D8F7A4FB03462946204603AAE3
S3150803C610FFF7A6FF07B0F0BD70B5044617254168B6
S3150803C62009B9284670BD636ACE698B420CD00B796B
S3150803C630DA0709D5C3F30012DB0605D42046D8F773
S3150803C640B5FB022808BF00253146E9E70B7970B523
S3150803C650DB0705460C4625D5FFF71BFF10B32679DE
S3150803C660C6F300162379617943F010032371012277
S3150803C6702846C1F3410100F0A6F8237966F30413AB
S3150803C680237150B1214628460222FFF72BFF214684
S3150803C6902846BDE87040FFF747BF2846FFF7F9FE6F
S3150803C6A00028DFD170BD70B50546446814B32379F5
S3150803C6B0E669D90701D43446F8E75A06FBD40122BA
S3150803C6C021462846D8F772FB0228F4D0237943F08B
S3150803C6D01003237163795B090ED121462846D8F7DF
S3150803C6E049FA2379E66923F01003237130B9DBB2DB
S3150803C6F0DB07E0D5204670BD0220F2E7214628462F
S3150803C7000222FFF7EFFE21462846FFF70DFFD2E781
S3150803C71037B500F11805044629466846F7F729F898
S3150803C7204C34009909B903B030BD2046FFF79EFE85
S3150803C7302846F7F70DF86846F6F730FDF1E7F7B53B
S3150803C7400446CAF763F804F11806054631466846EF
S3150803C750F7F70FF804F14C07009929B9A0690038CF
S3150803C76018BF012003B0F0BD8B69EB1AB3F5FA6F56
S3150803C77005D33846FFF77AFE3046F6F7E9FF6846EB
S3150803C780F6F70CFDE8E7704770B500260C680E60EF
S3150803C7902379054643F00103237131462046F6F70C
S3150803C7A034FD6661CAF732F82146A061281DF7F7FA
S3150803C7B01BF805F14400D1F733FC21462846BDE8AA
S3150803C7C07040FFF743BFF8B505460E46FFF724FF4B
S3150803C7D01728044614D1281DF7F703F8014678B13C
S3150803C7E00379C3F30017DB060AD44379C3F341037A
S3150803C7F0B34205D2052303222846FFF7A6FE3C4685
S3150803C8002046F8BD10B50446D1F73EFB20802046E6
S3150803C81010BD28B1807F00F00F00C31F584258414E
S3150803C820704708B5C9F7F2FF08BD0246182308463C
S3150803C8300021F6F7E9BD10B504464178D8F7A2FEFC
S3150803C84004F1B80010BD4078023802288CBF0020D6
S3150803C850012070474078033801288CBF0020012047
S3150803C860704708B50020F7F7B2F8013008BD10B5D0
S3150803C87004468034D8F7DAFE02212046D6F7C6FBEB
S3150803C88030B92046BDE8104044F64C51FEF776B859
S3150803C89010BDCB790A790968D8F71EBF0B464FF442
S3150803C8A07C4200F5F8711846FDF752B81346A1F510
S3150803C8B07C7292B200F5F8711846FDF749B84378C9
S3150803C8C00246022B0BD190F8463013F00F0007D01F
S3150803C8D0B2F84800022894BF0020012070470020C0
S3150803C8E0704770B50C46154651682046183104F151
S3150803C8F02206F9F709FB3046FFF702F828682C30B9
S3150803C900FEF7DEFF01463046FFF712F80023E3770A
S3150803C910FFF787FFA06070BDC3780146C3F3C00263
S3150803C92082F001029B07D2B20CD490F8463013F07A
S3150803C9300F0005D0B1F84800022894BF0020012053
S3150803C940104370470020FBE790F8463003F00F03C7
S3150803C950072B0CBFB0F844004FF6FE70704708B5B6
S3150803C96003465A780846022A05D103F1280102F03C
S3150803C97025FA002008BD0D20FCE7024690F8203072
S3150803C98030B5C4189442154606D1202B08D05A1C34
S3150803C99080F82020C15403E02D7801328D42F1D16D
S3150803C9A030BD38B50C4691F820500D44AC4200D141
S3150803C9B038BD14F8011BFFF7E0FFF7E710B5044687
S3150803C9C00830D1F793FB2046BDE81040F6F7C8BEFA
S3150803C9D00A4608230321F7F79BBB0A460B7A042169
S3150803C9E0F7F796BB10B50446D9F7DEF820B9204603
S3150803C9F0BDE81040D9F7E6B810BD05221221F7F7AE
S3150803CA00CBBB10B50446D9F73FF920B92046BDE894
S3150803CA101040D9F74BB910BD70B5164604460D46F6
S3150803CA20D4F7EAFC3346024629462046BDE8704059
S3150803CA30D9F720BAF7B50E4613211746D9F76AF878
S3150803CA40054600B358210DF10602F7F7C1FB044664
S3150803CA5098B93A4605212846F7F793FB044660B981
S3150803CA602846BDF80610F7F71EFC044628B93146D2
S3150803CA702846D9F74BF9044610B12846D1F7E8F802
S3150803CA80204603B0F0BD0324FAE7F0B50E4685B099
S3150803CA9014211F468DF80720D9F73CF8054648B3F5
S3150803CAA05A210DF10E02F7F793FB0446E0B901226A
S3150803CAB028460DF10701F6F744FD0446A0B93946A1
S3150803CAC028469DF82820F6F73CFD044660B9284613
S3150803CAD0BDF80E10F7F7E7FB044628B93146284692
S3150803CAE0D9F714F9044610B12846D1F7B1F8204608
S3150803CAF005B0F0BD0324FAE770B50E4612211446B5
S3150803CB00D9F708F80546A8B12046F7F7A0F922464B
S3150803CB1083B258212846F7F7FBFA044628B9314663
S3150803CB202846D9F7F3F8044610B12846D1F790F802
S3150803CB30204670BD0324FBE707B501AAF7F73EFABB
S3150803CB40B0FA80F0400903B05DF804FB13B50C4650
S3150803CB500DF107020121F7F790FA20B99DF807307E
S3150803CB6043F00403237002B010BD10B50A460C4601
S3150803CB701221F7F795FA18B92388012B98BF0620CF
S3150803CB8010BD37B5144601AA0546F7F717FA20B9B3
S3150803CB902946204601AA00F094FC03B030BD0A4694
S3150803CBA00321FFF7EEBF0A460421FFF7EABF1FB5C5
S3150803CBB000230C4601A98DF80C30FFF7F4FF38B9AA
S3150803CBC0214601A800F099FC80F00100C000C0B21C
S3150803CBD004B010BDF8B50E4615460A4605210746A4
S3150803CBE0F7F771FA044650B92A4608213846F7F783
S3150803CBF06AFA20B1172812BF062433682B60204629
S3150803CC00F8BD37B508230D466A460B21F7F76EFAC2
S3150803CC10044618B92946684600F00DFC204603B0B9
S3150803CC2030BD7FB50D466A460F210646F7F7C6F9A6
S3150803CC30044650B96A46314601A800F0C0FB0446CB
S3150803CC4018B9294601A800F09BFB204604B070BD1D
S3150803CC500A460021D9F796B90A460121D9F792B9A6
S3150803CC6073B50D4601AA0D210646F7F7A7F904463B
S3150803CC7060B9202101A8F6F76AFE2A46304601A9BB
S3150803CC80F6F7BEFBBDF8063085F82030204602B01D
S3150803CC9070BD13B504220C4601AB5621F7F786F986
S3150803CCA058B99DF80530012B91BF06209DF806302B
S3150803CCB023709DF8073088BF637002B010BD00F17A
S3150803CCC03C0350F8042B984241F8042BF9D1037816
S3150803CCD00B707047002300F8043BD1F707BA437873
S3150803CCE010B54BB190F8214144B9214600F590702F
S3150803CCF0D9F756FA204610BD0D24FBE70524F9E7B4
S3150803CD0008B54378022B06D100F590700421D9F7AC
S3150803CD1047FA002008BD0D20FCE74378022B00D014
S3150803CD20FEE78278052A05D10B704379012B11D9C1
S3150803CD301720704701230B704379008901280BD804
S3150803CD40042A09D0062BF3D8012A03D0022B01D8CB
S3150803CD5000230B7000207047022BE9D8F8D1F9E7B6
S3150803CD6007B583790DF107018DF80730D9F704FB69
S3150803CD70B0FA80F0400903B05DF804FB0278034675
S3150803CD80012A06D100210170D0E90120596002B1B8
S3150803CD90104770474378FF2B1CBF01334370704716
S3150803CDA0F8B50E4617460546FFF73BFD39460446D2
S3150803CDB03046F6F71BFE04446C60F8BD0378013B66
S3150803CDC0012B9FBF4068081AC043C00F88BF0020C5
S3150803CDD0704703461A780846013A012A02D8596861
S3150803CDE0F6F7F2BF704710B504461030D1F77EF94F
S3150803CDF000232380238110BD002310B50446038036
S3150803CE000381D9F779FC2046BDE81040D9F790BCD1
S3150803CE10002310B504460380D9F76EFC237A012B49
S3150803CE2006D105224FF47A7104F10800FFF7B8FF1B
S3150803CE302046BDE81040D9F77BBC00220281D9F70A
S3150803CE4077BC1FB5044600F128016846FCF72BFD9D
S3150803CE5069462046D9F7C8FC04B010BD10B5044688
S3150803CE601030D1F743F90023237010BD102208B5FB
S3150803CE700AF0B7F8B0FA80F0400908BD30B50D4698
S3150803CE8087B0014668461446FFF7CFFC9DF8143071
S3150803CE90AB4209D12046FCF7DCFC18B9214601A8A8
S3150803CEA0FFF7E4FF07B030BD0020FBE7F7B50446FC
S3150803CEB00E46014668461746F6F75BFC009D0DB914
S3150803CEC003B0F0BD3A4631462846FFF7D7FF18B1F7
S3150803CED029462046F6F73CFC6846F6F75FF9EDE780
S3150803CEE070B50D461646F6F74AFC04460CB92046B5
S3150803CEF070BD324629462046FFF7C0FF0028F7D102
S3150803CF00E469F3E773B50C4616460A460721054650
S3150803CF10FFF7E6FF38B9CDE9000033462246072175
S3150803CF202846D8F7B1FD02B070BD64216C30D9F735
S3150803CF3011BE4278022A04D1C3789B0701D4FFF7AE
S3150803CF40F4BF704708B54378032B04D90846D9F7C5
S3150803CF50CDFE102008BD0020FCE77FB504460D462C
S3150803CF60FFF771FCE0B1002128680DF10602F7F717
S3150803CF7097F8A8B9286802A9FFF743FE80B963782A
S3150803CF80022B3CD12A6904F128039A4208D1B4F842
S3150803CF904420BDF806309A4204D02046D9F7A6FEA7
S3150803CFA004B070BD236A029A9A4205D19DF80F20F0
S3150803CFB094F827309A4207D0204602A9FFF769FC5E
S3150803CFC0237843F001032370FFF72BFC20632378B0
S3150803CFD0DB0704D4204602A9D8F7A0FC60B14FF4B6
S3150803CFE07A7120466E68FFF73CFC103602463146D6
S3150803CFF004F16C00FFF786FF02232B75D0E7286937
S3150803D000FFF707FC0028E2D1CAE770B50C460546C8
S3150803D0102622002120460AF00DF8022384F824303C
S3150803D0200023224684F825302846BDE87040262387
S3150803D0300321D0F787BF082208B509F0D2FFB0FA53
S3150803D04080F0400908BD08B50B4600F5F871184687
S3150803D050FFF7F1FF08BD10B50C4600F5F871204639
S3150803D060FFF7E9FF28B104F10800BDE81040FCF713
S3150803D070C7BB10BD10B50C4600F5F8712046FFF77F
S3150803D080DAFF28B104F10800BDE81040FCF7C7BB76
S3150803D09010BD0021DAF7C4BA70B511F002060446CA
S3150803D0A0CBB238D1C5789D421AD0C170DAF7B0F839
S3150803D0B02046FFF7C8FBA8B12078E3780007C5F335
S3150803D0C04001C3F3400203D4280701D51B0701D542
S3150803D0D0914207D000232046A4F82831D9F706FE43
S3150803D0E0304670BD6378012B0BD100252046A4F882
S3150803D0F02851D9F78DFD294604F59070D9F750F8CC
S3150803D100EEE7022BECD12046A188D9F71DFF20466E
S3150803D110FFF7BFFFE4E70726E2E730B58DB004461D
S3150803D1206846F6F7BCFD0023214604A8CDE9023379
S3150803D130F6F71FFB049D7DB9694604F10800F6F767
S3150803D14038FE02A906A8F6F714FB0699F1B902A850
S3150803D150F6F706FB0DB030BD294606A8FFF765FBB3
S3150803D1600699009B5B1A002B06DA6846F6F7A2FDBA
S3150803D17004A8F6F713F8DDE729462046F6F7CEFAAC
S3150803D1800122294602A8F6F7AAFAF1E72046DAF7B2
S3150803D190E9FB06A8F6F702F8D7E708B50346FFF74B
S3150803D1A052FB88B18A7F02F00F02072A0CD15A78FC
S3150803D1B0022A09D103F12802914205D11846BDE88E
S3150803D1C008400121DAF72CBA08BD38B50C46002108
S3150803D1D0054684F820102046FFF7CFFB1121FFF7F9
S3150803D1E0CCFB94F8293013B10421FFF7C6FB21467B
S3150803D1F02846BDE83840DAF703BD70B504469AB049
S3150803D2000869FFF706FB0023064620460D468DF8F8
S3150803D2104C308DF855308DF82830FFF714FB38B9A4
S3150803D22094F80831012B25D104F58470D8F738FF13
S3150803D230002128680DF10602F6F732FFD0B96B68AC
S3150803D2400DF1560103F11002203352F8040B9A42EA
S3150803D25041F8040BF9D10BA80021FFF78EFB0B212C
S3150803D260FFF78BFB28680DF14D01FFF798FC18B102
S3150803D27017284AD01AB070BD04210BA8FFF77DFB07
S3150803D2800821FFF77AFB0521FFF777FB2A6904F1E3
S3150803D29028039A4255D1112128680DF10302F6F79E
S3150803D2A0ECFEB0B31728E5D1BDF80620B4F8443030
S3150803D2B09A4232D176B129462046D9F77FFB002810
S3150803D2C0D8D1102128680DF10202F6F7D6FE40B32D
S3150803D2D01728CFD1286801A9FFF7DBFC18B9552110
S3150803D2E00BA8FFF74AFB286802A9FFF7B9FC18B38E
S3150803D2F01728BFD10223294620462B75DAF78AFB5E
S3150803D30020460BA9DAF77CFCB4E700238DF85530E1
S3150803D310BCE79DF80330012BC6D12046D9F7E6FCB6
S3150803D320A8E79DF80200FEF700FB94F84C3060F37B
S3150803D330830384F84C30CDE702A90BA8FFF731FB2A
S3150803D340D8E720460BA9FFF740FF93E7DAF7FEBCB9
S3150803D35001461046DAF70ABF10B543780446082B88
S3150803D36001D8002010BD033000F095F82028F8D81E
S3150803D3706378093BDBB298428CBF00200120F1E7B2
S3150803D38038B500230B604B608B60054600780C4666
S3150803D3908009D0F74FFD20706B786370AB78A37064
S3150803D3A0EB78E3702B7923716B796371AB79A3718E
S3150803D3B0B5F807305BBA23816B7AA37238BD5388F5
S3150803D3C010B5072B04460846114609D12246F6F737
S3150803D3D026F820B90523E37101232072637210BD71
S3150803D3E02246BDE810400A23F6F719B8002349BABE
S3150803D3F00370A0F80110704703784BB9B0F8010021
S3150803D40040BA0B3880B20F288CBF00200120704722
S3150803D4100020704738B50D4604460868F6F715FD2B
S3150803D4202B79206023716B7920466371AB79A371DD
S3150803D430EB79E37138BD38B5054600680C46F6F74F
S3150803D44004FD20602B7923716B796371AB79A37122
S3150803D450EB79E37138BD0278C2F34000C2F3C00327
S3150803D460920002F0040243EA400313430A7822F0C7
S3150803D470070213430B7070470A78C2F30003C2F31B
S3150803D4804001DB0043EA4103C2F38002134343F03E
S3150803D490040303707047411EC31D002030B599422B
S3150803D4A000D130BD002411F8012F651C12B92044A0
S3150803D4B0C0B2F4E7541E22402C46F6E70821F2F7D9
S3150803D4C06EBA37B50023044610680D4601902372D9
S3150803D4D0082101A8F6F73BFABDF80630032B0AD94B
S3150803D4E02246284601A9F5F79AFF10B9BDF8063072
S3150803D4F0237203B030BD0620FBE708B5027A082A73
S3150803D50005D109F06EFDB0FA80F0400908BD002088
S3150803D510FCE700228179026062F30001828081714F
S3150803D5207047F7B51E4606230D461746044613707D
S3150803D53008B919B90624204603B0F0BD4B78442B25
S3150803D540F8D104212869F6F798FD04460028F2D194
S3150803D5500E21286901AAF6F731FD30B196F8F030A5
S3150803D56013B33B78002BE6D1E4E7BDF806301A0778
S3150803D570E0D1FF2BDED8BDF8062096F8F030002A56
S3150803D580ECD00F2B18BF5A1C286901A916BF86F8B9
S3150803D590F020002206EB03121023F5F740FF1021B3
S3150803D5A001A8F6F7C9F9E6E71C46C4E701F0FD0149
S3150803D5B04B1E59425941DAF791BEF8B504460F4650
S3150803D5C090F8F06000EB0616B442254601D1002513
S3150803D5D007E020461022394609F003FD10340028D7
S3150803D5E0F2D12846F8BD38B505460C46FFF7E5FFE0
S3150803D5F088B995F8F0300F2B0DD021465A1C85F8BB
S3150803D600F02005EB031504F1100351F8042B994296
S3150803D61045F8042BF9D138BD837910B5DB070446E1
S3150803D62002D583887BB1FEE739B98180DAF7BCFE78
S3150803D6302046BDE81040DAF7CBBD83880BB1994283
S3150803D640F6D2A180F4E710BD0021FFF7E5BF10B5B8
S3150803D650044600220221DAF72FFE20460021FFF7AF
S3150803D660DBFF2046BDE810400021DAF737BEDAF7BC
S3150803D6701BBF838810B504462BB1013B9BB283803D
S3150803D6800BB9DAF791FE23682BB1013B236013B973
S3150803D6902046FFF7DCFF2046BDE81040DAF798BDC1
S3150803D6A00021DAF739BF807F00F00F00012806D082
S3150803D6B00C3000F00F0003288CBF002001207047B0
S3150803D6C008B5082906D8DFE801F0070F12171B2249
S3150803D6D028332E00002008BD807F00F00F0007289E
S3150803D6E014BF00200120F6E7F7F761FAF3E7807F16
S3150803D6F000F00F000428F3E7BDE80840FFF7D3BF9F
S3150803D700807F00F00F00B0FA80F04009E3E7807FDE
S3150803D71010F00F0018BF0120DDE7F7F748FA80F08D
S3150803D7200100C0B2D7E7807F00F00F000528D7E7CE
S3150803D7300120D0E738B50C46054601782046FFF7A1
S3150803D740BFFF88B14FF6FE726B88934202D0A28B55
S3150803D7509A420AD16B683BB108222146184609F05A
S3150803D76040FCB0FA80F0400938BD0020FCE72DE9FB
S3150803D770F0410D4616461F469DF91880C46A0CB932
S3150803D780BDE8F08115B12379AB4205D143463A4644
S3150803D79031462046FEF749F82468F0E7C06A00B91F
S3150803D7A0704702790B789A42FAD00068F7E7C36A9A
S3150803D7B00B60C162704770B5C46A024600232046EF
S3150803D7C000B970BD06790D78AE4202D003460068EB
S3150803D7D0F6E723B9002CF4D02368D362F1E71A6875
S3150803D7E0002AEED012681A60EBE70022026070473F
S3150803D7F04FF6FE7307B5019169468DF80020ADF81B
S3150803D8000230DAF7ADFE03B05DF804FB0B7A07B511
S3150803D810012B02D10B88002103E0022B4FF6FE737E
S3150803D820F9D1019169468DF80020ADF80230DAF78F
S3150803D83097FE03B05DF804FBFFF7DABFFFF7E6BF11
S3150803D8404278012A0BD9C3780733DB10991C8A421D
S3150803D85034BF00200120102BC8BF002070470020CA
S3150803D860704790F90230002BA6BFD0F8030000BA20
S3150803D8704AF6AA70704770B544780546DCB190F944
S3150803D8800260002EACBF06220222944213D3FFF78E
S3150803D890E8FF4AF6AA72002EB4BFEB78EB79801A32
S3150803D8A018BF012003EB8003023404339C4234BFC0
S3150803D8B00020012070BD0020FCE790F90230002B00
S3150803D8C0B5BF02230623C078C0791844C0B270478F
S3150803D8D073B50E461546037902681344CDE900234A
S3150803D8E00121684600F025FD044650B1E378AB42B2
S3150803D8F0F6D12A463146201DF5F7B4FAE378834272
S3150803D900EED8204602B070BDF8B50F460546164652
S3150803D9101C46FFF7A6FFB8421CD195F90230002B27
S3150803D920B5BFEB78EB79281D05F1080064B1012C26
S3150803D93010D132799A420DD11A46316809F051FB52
S3150803D940B0FA80F04009F8BD3279934204D3014610
S3150803D9503068F3E70020F6E72046F4E7F7B50D4607
S3150803D96016461F46026803791344CDE900230521A9
S3150803D970684600F0DEFC044630B13B46324629468B
S3150803D980FFF7C2FF0028F2D0204603B0F0BD37B533
S3150803D990054608462C6811461A462B7930B1457850
S3150803D9A01C4402352844241AE3B204468DF804308D
S3150803D9B068469DF818300094FFF7D0FF03B030BDD2
S3150803D9C007B5009313464AF6AA72FFF7E0FF03B0BA
S3150803D9D05DF804FB10B514460A7CFFF779FF18B106
S3150803D9E083780020237010BD1720FCE738B504465A
S3150803D9F0154622790846AA420ED3236899420BD3C1
S3150803DA00134429448B4207D35B1ADAB209F0F9FAAD
S3150803DA1023795B1B237138BDFEE74A780232D2B2FB
S3150803DA20FFF7E4BFF8B5064608460D46FFF745FF78
S3150803DA30841C2C446F78BB1C2B449C4206D3284673
S3150803DA40FFF73BFF3B1A58425841F8BD23786778DE
S3150803DA50DA070CD55B08062B06D1AB7803F00F0360
S3150803DA60A3F57C735BBA638002373C44E2E721463D
S3150803DA703046FFF7D2FF6B78023BDB1B6B70D9E7A7
S3150803DA802DE9F843054688464FF0FF366FF0010740
S3150803DA90CC78073401EBD404043498F80100831CCA
S3150803DAA043449C420AD398F803300733A0EBD300C8
S3150803DAB0C0B2831E58425841BDE8F8832378DA0773
S3150803DAC02ED55B0822D0022B09D10321404600F04C
S3150803DAD022FC6278A11C023A2244914203D9637854
S3150803DAE002331C44D9E74B885BBA03F4406353B14A
S3150803DAF048B1837803F00F03A3F580635BBA9BB23F
S3150803DB0021F8043BE9E74FF6FF63F9E76378A21CBC
S3150803DB10013B23449A42E2D8167057700332F9E759
S3150803DB202146284694F80190FFF777FF98F80130C5
S3150803DB30023BA3EB090388F80130AEE738B505467F
S3150803DB4004682A792B6813449C4200D338BD23788A
S3150803DB505A08012A06D0052A0ED003F0010383F0DA
S3150803DB60010003E021462846FFF78AFF48B121460C
S3150803DB702846FFF752FFE4E721462846FFF752FFF8
S3150803DB80F4E7637802331C44DBE770B5144602797D
S3150803DB906379054693420E460CD30168206809F05B
S3150803DBA094FA2B79012E237102D12046FFF7C6FF7B
S3150803DBB0002070BD0320FCE713B51C461B780092B2
S3150803DBC08DF8053000236A468DF80430FFF7DDFF2C
S3150803DBD010B99DF80430237002B010BD102200213D
S3150803DBE009F028BAF0B504460D4616461F4685B011
S3150803DBF06846FFF7F3FF6B463246294620460097E9
S3150803DC00DAF716FD05B0F0BD08B513464FF6FF72F1
S3150803DC10FFF7E8FF08BDF0B504460D4616461F464E
S3150803DC2085B06846FFF7DAFF6B4632462946204633
S3150803DC300197DAF7FDFC05B0F0BD08B513464FF6B4
S3150803DC40FF72FFF7E8FF08BDF0B504460D46164612
S3150803DC501F4685B06846FFF7C1FF6B46324629461D
S3150803DC6020460297DAF7E4FC05B0F0BD08B513467B
S3150803DC704FF6FF72FFF7E8FF08BDF0B504460D46F9
S3150803DC8016461F4685B06846FFF7A8FF6B46324619
S3150803DC90294620460397DAF7CBFC05B0F0BD08B54D
S3150803DCA013464FF6FF72FFF7E8FF08BD408840BAF0
S3150803DCB0C0F34020704710B54B78CC78023307344D
S3150803DCC00B4401EBD4010431C0E9001310BD2DE95F
S3150803DCD0F04399460023074688461646ADF5037D65
S3150803DCE0009301AD2A4669463846FFF7BFFF044647
S3150803DCF008B1172416E06B684345F3D133792A7ABA
S3150803DD009A42EFD130680DF10D0109F06AF900283E
S3150803DD10E8D195F8063103F001034B45E2D12A7899
S3150803DD208A9B1A7020460DF5037DBDE8F083002310
S3150803DD30F0B507460E46172489B00193384602AA5A
S3150803DD4001A9FFF77AFF10B1204609B0F0BD9DF887
S3150803DD501C305A07F2D59DF81800FBF7ECFC00288F
S3150803DD60ECD0172C09D1344602AD0FCD0FC495E874
S3150803DD70030084E803000024E0E79DF81C30307DA7
S3150803DD8043F3010140F3010249B252B29142EADC7C
S3150803DD9043409B07EFD1314602A8FBF7B4FC0028A2
S3150803DDA0E1D1E8E737B503680D46B2B151780231D8
S3150803DDB00A4401790B44CDE900230121684600F0A2
S3150803DDC0B8FA044630B12846E278211DFBF786FDEA
S3150803DDD00028F2D0204603B030BD1A46E9E773B5EA
S3150803DDE00D461646037902681344CDE9002301213B
S3150803DDF0684600F09EFA044650B1032100F08BFAF8
S3150803DE000028F4D0837803F00F039D42EFD13060E6
S3150803DE10204602B070BDF7B505464888174640BA8E
S3150803DE20C0F381300C46D0F705F80646788824886F
S3150803DE3040BAC0F38130CFF7FDFF3A8864BA52BAC5
S3150803DE40A4B292B203460092314622462846DAF72E
S3150803DE5077FD03B0F0BDF7B5064688781546800901
S3150803DE600C46CFF7E7FF0746A87824888009CFF73B
S3150803DE70E1FF2A8864BA52BAA4B292B20346009260
S3150803DE80394622463046DAF75BFD03B0F0BD2DE985
S3150803DE90F04F002607468A46914698463546344645
S3150803DEA085B0224649463846FFF77CFF044638B90B
S3150803DEB08DB32B885BBAA8F8003005B0BDE8F08FA0
S3150803DEC0214602A894F803B0FFF7F5FEA378534555
S3150803DED0E7D10DB15E45E4D2002102A800F029FA84
S3150803DEE003460028DDD0991C5A78013A1A44914210
S3150803DEF0F2D81DB95E460D460331F5E75E45F9D3FB
S3150803DF002A46384601930091FFF7A5FFDDE900137A
S3150803DF100128F1D1EEE70420CFE72DE9F743804640
S3150803DF20684691461F460026FFF7C5FE0221684646
S3150803DF3000F0FFF9044630B9D6B133885BBA3B80A3
S3150803DF4003B0BDE8F083A51C6178023921448D42EC
S3150803DF50ECD82846C84708B116B92E460435F3E760
S3150803DF60324629464046FFF756FF0128F6D1F4E71D
S3150803DF700420E5E70346006819790422014400F002
S3150803DF80B1B910B50C46FFF7F5FF30B12246BDE827
S3150803DF90104041780230F6F789B910BD10B514461A
S3150803DFA0FFF7EFFF48B14378012B08D9F5F760FF70
S3150803DFB0038800205BBA238010BD1720FCE70620E0
S3150803DFC0FAE70A460921FFF7E9BF0A460B21FFF7D5
S3150803DFD0E5BF0A461221FFF7E1BF10B50C46082133
S3150803DFE0FFF7CFFF20B12146BDE81040F8F7FFBF82
S3150803DFF0172010BDF8B50C460646FFF7BBFF0546C6
S3150803E0001A220021204609F015F8002D41D0214691
S3150803E0103046FFF7D6FFB0FA80F0237E400960F357
S3150803E020000323763046A11CFFF7CFFFB0FA80F032
S3150803E030237E400960F341032376304604F1160133
S3150803E040FFF7C7FFB0FA80F0237E400960F3C303E6
S3150803E05023763046211DFFF7C0FFB0FA80F040F261
S3150803E0600B47237E400960F3820323766B78AE1C45
S3150803E07002331D44AE420CD23378083BDBB20A2B7B
S3150803E08003D827FA03F3DB0704D4237E43F01003EC
S3150803E0902376F8BD3046F5F7DAFE0644EAE730B5E7
S3150803E0A087B00D4601A9FFF798FF044648B92946E4
S3150803E0B001A8F9F78CF8002808BF1724204607B0EB
S3150803E0C030BD0D24FAE71FB50446084602A9F8F73A
S3150803E0D04BFF01A902A8F9F7ABF8204601A9FFF7F8
S3150803E0E0DEFF04B010BD13B50446084601A9F9F7C7
S3150803E0F0B6F8204601A9FFF7D2FF02B010BD10B546
S3150803E1000446CFF7C1FEE071CFF7BEFE0023A07128
S3150803E11023712046BDE81040DAF774BC00F1080302
S3150803E12010B503604FF47E4383800023044680F8CA
S3150803E1300631FFF7E4FF204610BD2DE9F04FC3B0C3
S3150803E140DDE94CA9B9F802500446FE2D8846174660
S3150803E1501E4637D8B9F800301D44BAF80A30ADB2AE
S3150803E160AB422FD3FE230DF1070B00218DF80730A1
S3150803E17002AA5B46FFF720FD494622685046F5F793
S3150803E1803FF9B9F8023020462371DAF7FFF9054655
S3150803E19060B19DF80720206802A908F096FF9DF84C
S3150803E1A007302371284643B0BDE8F08F012E84F863
S3150803E1B00780A77102D12046FFF7C0FC2046DAF78D
S3150803E1C021FCEFE70625EDE7002201F50B51343173
S3150803E1D0C0E901220160704738B5446805460CB9A1
S3150803E1E0172038BD806868B14278023210446178D6
S3150803E1F006220231214400F075F8A8600028EFD002
S3150803E2000020EEE794F90230002BB5BF022306235C
S3150803E210E278E2791344DBB20233E018E7E711291F
S3150803E22070B513D90346144600F1100553F8046B69
S3150803E230AB4244F8046BF9D1038A12295BBA1382F9
S3150803E2400CBF0023837C0020937470BD0620FCE773
S3150803E25038B5037805465B08013B052B3ED8DFE84E
S3150803E26003F0033D123D18124378012B38D9C278BF
S3150803E2700732D210911C8B4234BF00200120102A8A
S3150803E280C8BF002038BD4078012894BF002001206C
S3150803E290F8E740780028F5D095F90230002BACBF93
S3150803E2A00622022290421BD3002B00F102040FDA46
S3150803E2B04AF6AA70EB784AF6AA72801A18BF0120A2
S3150803E2C003EB800304339C4234BF00200120D9E7C3
S3150803E2D0D5F80300F5F7B9FDEB79ECE70120D1E7AB
S3150803E2E00020CFE7F8B50E4617460446A31C9E4200
S3150803E2F00ED3657802352544AE4209D32378B7EBA6
S3150803E300530F03D12046FFF7A3FF10B92C46EDE7B9
S3150803E31000242046F8BD10B4C37844780733023482
S3150803E32000EBD3030A4601195DF8044B181DFFF7E2
S3150803E330D9BF10B50A460446D0E90001FFF7D2FF54
S3150803E34018B1437802330344236010BD03460846D5
S3150803E350DA78191DFBF7A8B9C1F3403310B5C1F331
S3150803E36000329B0043EAC203C1F3C02243EA021305
S3150803E370C1F3802243EA4213C1F3402243EA8213DC
S3150803E380C1F3002243EAC213427C044602F00302A5
S3150803E39013434374C1F3C013C1F380125B0043EA0A
S3150803E3A08203827C22F0060213438374880BCFF719
S3150803E3B041FD637C60F30103637410BDF8B504463D
S3150803E3C00F461D4616460021182208F033FE21463D
S3150803E3D03846FFF7BBFF6988204649BA89B2FFF773
S3150803E3E0BBFF2B885BBAA3823278A37C62F3000354
S3150803E3F0A374F8BD10B5C1F34013C1F300129B0013
S3150803E40043EA4213027D044622F0240213430375AA
S3150803E4108809CFF70FFD237D60F30103237510BD2C
S3150803E4202DE9F041044690461F460D461822069EDE
S3150803E430002108F0FFFD21464046FFF787FF2046E7
S3150803E440B178FFF7D7FF3A78237D05F5005562F3D0
S3150803E450C303237533885BBA63823388B5F85C20B4
S3150803E4605BBA9BB29A1A53425341227D63F3041251
S3150803E4702275BDE8F08110B40C7803784A7864F302
S3150803E480000303704B88023AD2B242705BBAA0F813
S3150803E490FA305DF8044B0431023008F016BE70B545
S3150803E4A00C460546002116464FF4017208F0C2FDD4
S3150803E4B094F90220A378002A03F00F03B4BFE27885
S3150803E4C0E2792B7094F90230B4BF211D04F10801D7
S3150803E4D0002BB4BF4AF6AA73D4F8033005F1090032
S3150803E4E0A8BF1BBA6B602A7208F0EFFD314605F523
S3150803E4F08370BDE87040FFF7BEBF38B504461546BE
S3150803E5009378084603F00F03237092786378C2F36F
S3150803E510001262F3000363702A78A11C62F34103B5
S3150803E5206370FFF713FFEB78A37438BD0022C0E9C5
S3150803E53000228260704770B50E46021D04461221FA
S3150803E5403046F5F73BFD054630B9204620222946D5
S3150803E55040F8086B08F06EFD284670BDF8B504460A
S3150803E5600D468027061DE3880BB917201AE00123F9
S3150803E5702A4631462068F4F752FF98B901213046F6
S3150803E580F5F7DAF92B7804EBD3010A7A03F00703D4
S3150803E59047FA03F313EA02005FFA83FCE3D142EA7C
S3150803E5A00C020A72F8BD70B58CB0054602A8164669
S3150803E5B0FFF7C1FF044628B90DF1070102A8FFF7C3
S3150803E5C0CDFF10B120460CB070BD324628469DF8E3
S3150803E5D00710DAF70FFC0028EED00446F2E710B569
S3150803E5E00446CFF751FC00232080C4E901332046B3
S3150803E5F010BD1FB50024CDE902449DF81C400194C3
S3150803E600069C0094DAF75EFD04B010BD70B40430BE
S3150803E6100C46154642B159B9066866B12246B44650
S3150803E6204368284670BC60474B78442B18BF0125BE
S3150803E630D4E90414F0E770BC7047FFF7E7BF07B5E2
S3150803E640CDE900230B4601222A21FFF7D2FF03B0A7
S3150803E6505DF804FB37B504460D46D2F80600FE21DD
S3150803E660019001A8F5F773F92846621C01A9F4F786
S3150803E670C7FE207003B030BD30B5002304460D46EF
S3150803E68085B00192BDF80600237048B123783E2B66
S3150803E69016D80323284603AA01A9F4F7C0FE08B12E
S3150803E6A005B030BD032101A8F5F746F9217803A87B
S3150803E6B004EB8101023100F0E7F923780133E1E73E
S3150803E6C00020EDE737B5044601920D460022BDF852
S3150803E6D0063022700F2B11D90E2A0FD804EB02121B
S3150803E6E00132102301A92846F4F799FE102101A83F
S3150803E6F0F5F722F922780132D2B2E8E703B030BD42
S3150803E7002DE9F04F0F8804468A4615469BB007B98C
S3150803E71087896389BB4201D81726B0E03A46214662
S3150803E72004A8F5F7FEFB0646002840F0A8809DF8E6
S3150803E73010302B2B00F2A281DFE813F058015F019A
S3150803E7402C0051014C005A00FD000C0190011701E1
S3150803E750A001A001A001A0013F015F014901100129
S3150803E760A0015101A001A001A00158015F016601A2
S3150803E77066016C017901A001A001A001A001A00115
S3150803E7802A0175017D01A50085019001980198016B
S3150803E79098019801214607AA04A8F5F734FC08B19D
S3150803E7A006466CE09DF81C3005F1080143F00403A6
S3150803E7B003A88DF80C30FEF74EFE0022BDF8143080
S3150803E7C03B449FB2002AA4D19DF810302B70AAF8B7
S3150803E7D0007054E021460DF1160207A8FEF7EFFD77
S3150803E7E00028DDD105F1080107A8FEF7C9FDE4E70E
S3150803E7F0BDF814309DF811204A2B28BF4A23DABBEB
S3150803E8003946204607AAF4F7FFFD8046B0BB07A89A
S3150803E810FEF7A2FD80B342468020C2F3C40101F18C
S3150803E82068030DEB030111F8491C02F0070340FACC
S3150803E83003F319425FFA82FE15D008F168036B44A5
S3150803E84013F8411C05EB480C8B0803F00C0343EA49
S3150803E850911343EA011308F101088CF80AE08CF8CE
S3150803E8600B305FFA88F801323F2AD6D19DF81E305D
S3150803E87085F809802B72A0E74FF00608464630460E
S3150803E8801BB0BDE8F08F02233946204601AAF4F7E8
S3150803E890BBFD002884D19DF80520FF2A49D09DF8A1
S3150803E8A00430252B45D1B91C89B203A8F5F724F8FA
S3150803E8B00823204607AA03A9F4F7B1FD80460028D2
S3150803E8C0DCD1082103A8F5F737F8C1468021C9F337
S3150803E8D0C40202F168030DEB030212F84C2C09F08B
S3150803E8E0070341FA03F31A425FFA89FB19D0022395
S3150803E8F0204602AA03A9F4F792FD00287FF450AF35
S3150803E900022103A8F5F718F805EB8803194683F8D7
S3150803E91009B0093102A800F0D1F808F101085FFA35
S3150803E92088F809F10109B9F13F0FCFD185F80880B5
S3150803E93043E70626A3E70823214607AA04A8F5F70B
S3150803E9404AFB00287FF42CAF05F1080107A8FEF758
S3150803E95072FD32E7BDF81830FE2BEAD8214604AA21
S3150803E96005F10800FFF776FE27E7262339462046F2
S3150803E97007AAF4F749FD00287FF412AF9DF81D3066
S3150803E980232B18D905F1080107A800F004F914E7A1
S3150803E99044233946204607AAF4F736FD00287FF4B0
S3150803E9A0FFAE9DF81D30412B05D905F1080107A8CF
S3150803E9B000F06AF901E70620F2E6214605F10802A6
S3150803E9C004A8F5F720FB00287FF4EAAEF5E621460E
S3150803E9D0DDF8162005F10800FFF74EFEF3E721469A
S3150803E9E005F1080204A8F5F724FBECE708232146FA
S3150803E9F0EA1804A8F5F7EFFAE5E7214605F1080250
S3150803EA0004A8F5F709FBDEE7202205F108032146EA
S3150803EA1004A805E01022214605F108030DEB0200C0
S3150803EA20F5F7E1FACFE7602205F10803EFE740229D
S3150803EA3005F10803EBE7204605F108020DF1160177
S3150803EA40F8F71EFBBFE7214607AA04A8F5F7DBFA82
S3150803EA5000287FF4A5AE9DF81C300BE72146DDF8A8
S3150803EA60162005F10800FFF72DFEA6E60823204623
S3150803EA70EA180DF11601F4F7D2FCA4E701229DE684
S3150803EA80034608BA19BA70470023028813B552BA5F
S3150803EA900B60130994B203F06003C2F3C422134351
S3150803EAA043EAC41321F8023B837801A843F004031D
S3150803EAB08DF80430FEF7CFFC02B010BD028852BAB7
S3150803EAC0C2F38030C2F3C03343EA4003C2F30130D2
S3150803EAD043EA8003C2F3812043EA0013487803F02C
S3150803EAE03F0320F03F0003434B70C2F3051302F0C4
S3150803EAF00F028B70CA707047531E5A425A41C1F3AC
S3150803EB000E0141EAC23149BA0180704738B5092373
S3150803EB10037024230C4643700546086EF5F795F9EA
S3150803EB20D4E91C321344A26FC5F802001344E26FFA
S3150803EB30D4F884001344D4F8802013441844F5F712
S3150803EB4084F9C5F80600A06BF5F77FF9C5F80A003E
S3150803EB50A06CF5F77AF9C5F80E00E06CF5F775F9C8
S3150803EB60C5F81200D4E919031844E36E1844F5F7F7
S3150803EB706CF9C5F816006068F5F767F9C5F81A0061
S3150803EB80A068F5F762F9C5F81E00206CF5F75DF97C
S3150803EB90C5F8220038BD38B50546D0F802000C463C
S3150803EBA0F5F753F92060D5F80600F5F74EF96060D6
S3150803EBB0D5F80A00F5F749F9A060D5F80E00F5F778
S3150803EBC044F9E060D5F81200F5F73FF92061D5F866
S3150803EBD01600F5F73AF96061D5F81A00F5F735F92D
S3150803EBE0A061D5F81E00F5F730F9E061D5F82200E3
S3150803EBF0F5F72BF9206238BD38B522230370422373
S3150803EC0043700B8804465BBA43804B880D465BBA50
S3150803EC1083808B885BBAC380CB885BBA03810B89F5
S3150803EC205BBA43814B895BBA83818B895BBAC381A0
S3150803EC30CB895BBA0382B1F848305BBA4382D1E920
S3150803EC401001FFF71DFF6061A161D5E90601FFF712
S3150803EC5017FFE0612162D5E90801FFF711FF60623A
S3150803EC60A162D5E90A01FFF70BFFE0622163D5E943
S3150803EC700C01FFF705FF6063A163D5E90E01FFF7F2
S3150803EC80FFFEE063216438BD38B5438804465BBAA2
S3150803EC900B8083880D465BBA4B80C3885BBA8B802F
S3150803ECA003895BBACB8043895BBA0B8183895BBAD9
S3150803ECB04B81C3895BBA8B81038A5BBACB81438A4F
S3150803ECC05BBA0B824069A169FFF7DAFEC5E906015B
S3150803ECD0E069216AFFF7D4FEC5E90801606AA16AFB
S3150803ECE0FFF7CEFEC5E90A01E06A216BFFF7C8FE06
S3150803ECF0C5E90C01606BA16BFFF7C2FEC5E90E01FE
S3150803ED00E06B216CFFF7BCFEC5E9100138BD03466D
S3150803ED1059B1488E9A8A90420CD191F8362001212E
S3150803ED2091401A690A431A617047026912B18175DB
S3150803ED30DAF78EBA70470B4601461846FFF7E7BF60
S3150803ED4038B50D4604461422002108F073F9AB8B37
S3150803ED5023819B0AA3722B6823606B686360237CF9
S3150803ED6043F00103237495F83830E372AB7F03F05D
S3150803ED700F03DA1F53425341227C63F34102227481
S3150803ED8095F83930C3F30313237395F82430C3F383
S3150803ED900103637395F82430C3F38103A373C7F799
S3150803EDA035FDAB68C01A4FF47A73B0FBF3F0E07322
S3150803EDB02B8CFF2B28BFFF23637438BD38B50D464C
S3150803EDC00446FFF7BDFF95F83B30A37495F83C302E
S3150803EDD0E37438BD90F82430C3F3810003F00303CA
S3150803EDE0984228BF1846704737B504460D46182279
S3150803EDF0002108F01FF921462846F6F7FEFB18B14D
S3150803EE0021462846F6F774FB28460DF10601F6F760
S3150803EE106FFB10B12388ADF806304FF6FF72BDF8C5
S3150803EE2006309A1A53425341627963F341022B68B7
S3150803EE3062711B8813F008030BD028460DF10601EF
S3150803EE40F6F79FFD9DF8063003F0F703B3FA83F34D
S3150803EE505B09627963F300026271AB79A3706B7D18
S3150803EE60E370AB7D237103B030BD10B50446FAF7E2
S3150803EE707AFF0023204684F8D83010BD02224FF2C9
S3150803EE80BF01F3F7EDB9DAF7A3BA4A6908B502F190
S3150803EE901001138CDAF716FB00280CBF1F2000207D
S3150803EEA008BDFFF7F2BFF0B514468DB02622054616
S3150803EEB00E4602A800211F4608F0BCF8224606ABF8
S3150803EEC004F1100C1C4610685168083203C46245E5
S3150803EED02346F7D1284602A9DAF720FB9DF82D30F9
S3150803EEE0314667F304138DF82D30139B2846009398
S3150803EEF002AA129BF3F79AFB0DB0F0BD13B5049C57
S3150803EF00CDE900340023FFF7CEFF02B010BD00237E
S3150803EF1007B50093FFF7F2FF03B05DF804FB13B5DB
S3150803EF20049CCDE900340123FFF7BDFF02B010BDF1
S3150803EF30002307B50093FFF7F2FF03B05DF804FB60
S3150803EF4000231A46DAF708BB20B103280CBF0720AB
S3150803EF500F207047172070470F2804D017280CBFB7
S3150803EF60002003207047012070470968006808F0ED
S3150803EF70A2B80A46012311214230F4F73DBE0A46D8
S3150803EF80012361215330F4F737BE2DE9F7430446CD
S3150803EF9000680D4616461F46A8B108F0A3F800F107
S3150803EFA001084FEA58085FB1012F0ED04FF0000948
S3150803EFB000F00100C1450CD10020A5F8009033E00C
S3150803EFC02B884345F2D007202EE02B884345EDD204
S3150803EFD0F9E7022F02D12B884B4524D008BB2368B7
S3150803EFE00DF107011878F4F784FDE8B923680133AE
S3150803EFF023609DF807301B01DBB2337023680DF1DC
S3150803F00007011878F4F775FD70B923689DF807208A
S3150803F01001332360337809F10109134306F8013BE9
S3150803F020C8E70023E9E7242003B0BDE8F08313B556
S3150803F0300C466946DAF78AFB40B9009B019AB3F591
S3150803F040807F72F100022CBF0720237002B010BD27
S3150803F05013B50C466946DAF779FB40B9009B019A62
S3150803F060B3F5803F72F100022CBF0720238002B05C
S3150803F07010BD37B50D4610B9072003B030BD037868
S3150803F0802D2B14D1012401306946DAF75FFB0028DA
S3150803F090F3D1009B04F100410139994201994FEAE2
S3150803F0A040028A41E8D304B15B422B60E5E72B2B88
S3150803F0B04FF0000408BF0130E6E713B50C4601A973
S3150803F0C0FFF7D7FF30B9019B03F18002FF2A8CBFF4
S3150803F0D00720237002B010BD13B50C4601A9FFF72C
S3150803F0E0C8FF38B9019B03F50042B2F5803F2CBF30
S3150803F0F00720238002B010BD08B1F2F7E0B8072055
S3150803F100704708B1F2F738BA0720704707B50023E6
S3150803F1100190ADF8022001A80A460DF10201FFF796
S3150803F12034FF03B05DF804FB07B50123019001A87A
S3150803F130FFF72BFF03B05DF804FB0223FFF725BF98
S3150803F140006808B510B107F0CDFF80B208BD0068A6
S3150803F15008B1F4F7BEBC7047002310B5DCB250F80B
S3150803F1602420013302B910BD41F82420F6E7002311
S3150803F170DAB250F822101A4601330029F8D1D0B270
S3150803F180704713B50C466946DAF7E0FA48B94FF003
S3150803F190FF32009B9A42019A70EB020234BF0720A2
S3150803F1A0236002B010BD08B5FFF7EBFF08BD13B522
S3150803F1B00C4601A9FFF7E5FF20B9019B003B18BFE1
S3150803F1C00123237002B010BD838D0BB908238385F1
S3150803F1D0C38D0BB90123C385036B13B94FF47A7334
S3150803F1E00363838E13B940F6B833838670470346A1
S3150803F1F01A6A08460AB1996A1047704703465A6A53
S3150803F20008460AB1996A1047704710B50446503044
S3150803F210CEF76CFFB4F84C300133A4F84C3010BD6C
S3150803F220826D00F150039A4270B506460C4626D104
S3150803F23005460FCC0FC50FCC0FC50FCC0FC594E8E9
S3150803F240070085E807003046FFF7BEFF336B002B40
S3150803F25017DB4FF6FF7300247364337CC6E90F4448
S3150803F260A3F1FF025342534186F84830B6F84C30AF
S3150803F2700133A6F84C30DAF7DBFA204670BD0520D1
S3150803F280FCE70720FAE7C38D01460BB1DAF7D0BAD4
S3150803F2903C31FFF7B3BF2DE9F0411D46836D00F1FD
S3150803F2A050079F4204460E46904688B075D02B7881
S3150803F2B0812B72D1AB88B0F84C205BBA9BB29A42C9
S3150803F2C06BD10423304689890DEB0302F4F79CF8C6
S3150803F2D0002862D10198F4F7B8FD08F110030190EC
S3150803F2E002AA08F1200E9446186859680833ACE850
S3150803F2F0030073456246F6D1C7F788FA019BB189BD
S3150803F300C01A4FF6FF73984228BF1846738982B20C
S3150803F3105B1AADF81820ADF81A30EB885BBAADF86E
S3150803F3201C3098F824308DF81E30E38F0133E387B9
S3150803F330236C03442364B4F84630934238BF134618
S3150803F340A4F84630B4F84430934228BF1346A4F8C9
S3150803F350443094F848305BB9E38D4BB9EB88B4F87D
S3150803F3604E205BBA9BB2934202D13846CEF7BEFE15
S3150803F370204602A9FFF73BFF94F848306BB9E38DA3
S3150803F3805BB9EB88B4F84E205BBA9BB2934204D1BF
S3150803F390204604F13C01FFF731FF08B0BDE8F081D0
S3150803F3A0FFF779BF0022C0F8802000F16402C0F895
S3150803F3B0B02100F5CA720266704708B5036ECBB171
S3150803F3C0DA69002102664FF49872184607F032FE8E
S3150803F3D0024600F1340142F8941B426000F58A7232
S3150803F3E0826000F12802C26001220346827500F199
S3150803F3F0D402C262184608BD07B5042101220DEBE3
S3150803F4000100ADF8042000F076FA002003B05DF899
S3150803F41004FB08B5FFF7F0FF002008BD07B5042174
S3150803F420012300220DEB0100ADF8043000F063FA66
S3150803F430002003B05DF804FB7FB54FF000639E6AB6
S3150803F440044606F17843B3F5C04F0D460CD201A81E
S3150803F450DAF776FB039B5B0506D529462046336C0C
S3150803F46004B0BDE87040184704B070BD1FB54FF02F
S3150803F47000639B6A03F17842B2F5C04F04D340F2A6
S3150803F480011005B05DF804FB1B6B03F17843B3F574
S3150803F490C04FF4D201238DF80430002301A8CDE927
S3150803F4A00233DAF74DFB039BDB03E8D5029B1A0EFF
S3150803F4B0E5D0012A03D1C3F307430A2BDFD94FF05B
S3150803F4C000639B6A1B6B1B6C9847DAE72DE9F047C9
S3150803F4D0154681460C469846089E9DF824A00A9F21
S3150803F4E001F064FDB5F5885F024603D1BAF1000F52
S3150803F4F008BF00225146204601F04DFDBAF1010F1F
S3150803F5000AD1D9F8003062686361D3B223B922F00D
S3150803F510FF0242F001026260F20448BF46F48066C5
S3150803F520B304258025F0FF0548BF46F40066B5F504
S3150803F530824FC4E9026807D04FF6F8739F428ABF21
S3150803F5404FF6FF7367806380BDE8F0872DE9F043C4
S3150803F55004468BB00D46DDE91389164600211822A9
S3150803F56004A81F4607F066FDC4B1B8F1000F15D00D
S3150803F5704FEAC90302939DF848302A462046CDE947
S3150803F580007304A93346FFF7A1FF23464A464146BB
S3150803F59004A8E6F785F90BB0BDE8F0836FF086009B
S3150803F5A0F9E7F0B504468BB00D4616460021182236
S3150803F5B004A81F4607F03EFD8CB1119B2046029313
S3150803F5C09DF8403004A9CDE900732A463346FFF770
S3150803F5D07DFF214604A8E6F7FFFB0BB0F0BD6FF0ED
S3150803F5E08600FAE710B421B11BB15DF8044B06F0A7
S3150803F5F019B96FF086005DF8044B704709B106F038
S3150803F600CBB86FF08600704706F0A1B810B51C4654
S3150803F610002386B005934AB144B105AB0293102380
S3150803F620CDE90043E6F7FEFA06B010BD6FF0860093
S3150803F630FAE710B109B106F00CBB6FF08600704704
S3150803F64013B50024019428B121B101AB06F02AFBB6
S3150803F65002B010BD6FF08600FAE708B106F0D4BA17
S3150803F6606FF08600704710B50446E022002107F0C4
S3150803F670E1FC204610BD08B106F034BA6FF08600E7
S3150803F680704708B106F060BA6FF08600704710B18C
S3150803F69009B106F087BA6FF08600704730B420B117
S3150803F6A019B113B130BC06F09ABA6FF0860030BCB4
S3150803F6B0704708B106F07BBC6FF08600704701B946
S3150803F6C00BB106F01CB96FF086007047F0B4069DBF
S3150803F6D09DF81C70DDE904460AB904B94DB1CDE9B4
S3150803F6E00565049417B1F0BC06F0ECBBF0BC06F054
S3150803F6F0DABB6FF08600F0BC704770B50025064686
S3150803F7002C46052C16D8DFE804F0031E0B0D0F1143
S3150803F7105B2108200134DAF767FD112CF1D170BD9E
S3150803F720D121F6E78021F4E70021F2E76B1C29468D
S3150803F730DDB2EEE7A4F10E03012B06D9102C06D091
S3150803F740B31F195DE5E70C21E3E75A21E1E75D21DC
S3150803F750DFE7012307B520F07F4040EA8170019077
S3150803F76068460093FFF7C9FF03B05DF804FB00235F
S3150803F7700360704703680B6001607047036813B939
S3150803F7800B60016070471846F8E70346006818B12E
S3150803F79002681A60002303607047036803B9704759
S3150803F7A08B4204D10B68036000230B60704718462D
S3150803F7B0F3E74FF0FF307047FEE70020704701205C
S3150803F7C07047012070474FF0FF307047002070479D
S3150803F7D00020704700207047DAF7E8BBFEE70023EE
S3150803F7E09A4200D1704710B550F8234041F8234098
S3150803F7F001339A42F8D110BD436803B11847222052
S3150803F8007047436903B11847FF20704737B50D683A
S3150803F8100C46AB88ADF804302B78022B0CD00DF1CF
S3150803F820030101A800F07BF89DF80330204683F016
S3150803F83001032B70E7F7FAFA03B030BD03681878AB
S3150803F840704713B50468A388ADF804302378022BF0
S3150803F85015D00DF1030101A800F061F8A2799DF80E
S3150803F8600330012A13D1618843EA41034FF6E07155
S3150803F87063F03F039BB28B4203D12270638002B0CD
S3150803F88010BD4FF6DF729342F8D10022F5E7002A3E
S3150803F890F5D183F001032370F1E703681A78022A86
S3150803F8A003D100225A80DAF7FFBB704710B5046804
S3150803F8B02378022B07D0A379022B02D16079DAF7D2
S3150803F8C057FD0223237010BD4FF060420123D2F87F
S3150803F8D0001E83400B430020C2F8003E70474FF0DA
S3150803F8E060410122D1F8003E824023EA0203002048
S3150803F8F0C1F8003E7047F8B50E461746044660B190
S3150803F9000AF036F905463A4631462046DDF770FFD2
S3150803F91028460AF028F90020F8BD2220FCE738B566
S3150803F9200D46044698B191B10AF022F9302223789C
S3150803F930534303F1A04303F570335B6C6278D340FA
S3150803F94003F001032B700AF00EF9002038BD2220BC
S3150803F950FCE7416C436910B5DA1CA1F11404B2FB48
S3150803F960F4F203EBC2000330B0FBF4F0B1F5805FA9
S3150803F97000F1010002D1012828BF0120013010BD82
S3150803F98038B505460C46FFF7E4FF6B6CA3F1140282
S3150803F990B3F5805F02FB00F005D140F6E8736969A9
S3150803F9A0994288BFCC30E31DB3FBF2F3013304EB72
S3150803F9B0C304204438BD38B5054644692146FFF7D4
S3150803F9C0DFFF6A6CE31D143AB3FBF2F3013304EB6E
S3150803F9D0C304204438BDF7B507460E4600257C6C9C
S3150803F9E0A819644280EA06031C4003D02C46204625
S3150803F9F003B0F0BDFB6B01225B6901A99847019B24
S3150803FA000133F4D10435EAE770B505460C46DBF74E
S3150803FA10E5FFEB6B2046BDE87040DB68184770B519
S3150803FA200025044686B00562E369AB4202D8206A1C
S3150803FA3006B070BD666C2068E36B05225B6901A995
S3150803FA4006FB0500984701A800F076FC00F099FC30
S3150803FA5010B1236A013323620135E5E738B5044655
S3150803FA60456C006804F1400305FB0101E06B00F0F7
S3150803FA7095FC05462046FFF7D2FF284638BD2DE9F3
S3150803FA80F04700254FF0FF384FF6FF730446C1468B
S3150803FA902F4686B0C0E90853E369BB420DD8A5EBE8
S3150803FAA00805012D06D94FF6FF7300256362E3693E
S3150803FAB0AB4226D806B0BDE8F0872368E26B606CD4
S3150803FAC0566900FB0730052201A9B04701A800F0D3
S3150803FAD033FC824601A800F006FC0646504600F0B1
S3150803FAE050FC60B1B14588BF6762B04528BFB046D0
S3150803FAF0B54238BF3546B146236A01332362013717
S3150803FB00CAE7666C2068E36B052206FB05005B699A
S3150803FB1001A9984701A800F0E6FB0135C7E7F0B548
S3150803FB200546002687B0EC69013CB44203D80C4667
S3150803FB30204607B0F0BD01B14C1E6F6C2868EB6B0D
S3150803FB4005225B6901A907FB0400984701A800F091
S3150803FB50F3FB00F016FC0028EAD121460136E2E75A
S3150803FB60F0B504460D46466CE36B006887B005227C
S3150803FB705B6901A906FB0500984701A800F0DCFBB1
S3150803FB8000F0FFFB20B101A800F0ADFB07B0F0BD04
S3150803FB9029462046FFF7C3FF0646676C2068E36BD2
S3150803FBA005225B6901A907FB0600984701A800F02F
S3150803FBB09AFB431CEAD0B54238BF0130E6E72DE984
S3150803FBC0F0434FF6FF79D0F8248004460E46C8451D
S3150803FBD014BF45460025002787B0E369BB4202D810
S3150803FBE007B0BDE8F083E26B2368606CD2F814C0F3
S3150803FBF000FB0530052201A9E04701A800F09CFB9C
S3150803FC00022806D0C8450CD1721C29462046FFF7A0
S3150803FC1025FFE3690135B5FBF3F2013703FB1255FB
S3150803FC20DBE729462046FFF79BFFB0F1FF3F14BFEA
S3150803FC30024632460132E8E70368F0B5CC1A436C4C
S3150803FC400646B4FBF3F4002587B0F36937685A1EF2
S3150803FC509542706C08D3706C336800FB043007B0A8
S3150803FC60BDE8F04000F098BB0134B4FBF3F203FBA4
S3150803FC701244F36B05225B6901A900FB04709847DC
S3150803FC8001A800F059FB00F07CFB0028E3D10135FD
S3150803FC90DBE710B423F0030422449B070A44436CAE
S3150803FCA018BF04325B4281EA0204234203D05DF89B
S3150803FCB0044BFFF7C1BF10465DF8044B70472DE9A7
S3150803FCC0F041D0E90A369E42044686B028D114226A
S3150803FCD0C369456802FB1355284606B0BDE8F0819B
S3150803FCE02068676C331AB3FBF7F3E26B07FB030071
S3150803FCF0D2F8148001A90522C04701A800F01CFB0D
S3150803FD00012804D0636C1D44013B3340ED1A314688
S3150803FD102046FFF791FF0646A36AB342E0D1DBE725
S3150803FD200025F9E708B508301346D1E90012DBF7D1
S3150803FD30DBFD012008BD13B50C460021217600938F
S3150803FD40616813462246DAF789FB18B1E37D03B1E6
S3150803FD50A07EA075A07D02B010BD73B5164600F14E
S3150803FD6008050C46284609680DF1070200F098F9BC
S3150803FD70032E06D16368834203D12846216800F01F
S3150803FD8076F9012002B070BDD01E009B4242424163
S3150803FD90187E824211D11A688A420ED85A688A4254
S3150803FDA00BD35A6901325A61D3E9030282423FBF30
S3150803FDB0986840F8221001321A610120704710B57D
S3150803FDC0032A029C07D1A26A5340626C5242134229
S3150803FDD001D100F04CF9012010BD08B5C368002015
S3150803FDE09847BDE80840DBF701BE012814BF042085
S3150803FDF0022070B5002442431C70CC7D101D02F00E
S3150803FE0002024CB91AB1012220F003001A7000F15C
S3150803FE1008034868184470BD1AB1012220F003008C
S3150803FE201A7000230C7E01F12005DAB2944201D838
S3150803FE300020F0E735F833205E1C824206D901EB31
S3150803FE40C30300F10802D8691044E4E73346801A6D
S3150803FE50EBE773B5054690F842601C4630460DF14C
S3150803FE600303FFF7C2FFEB6B012E5B690DD1324625
S3150803FE7001A998479DF8033013B1BDF806300193DD
S3150803FE80BDF80430236002B070BD0122214602B0DA
S3150803FE90BDE870401847F0B5054600244868EB6B83
S3150803FEA087B00E4601225B69029402A90830984777
S3150803FEB0274695F84230012B40F0AC80632C00F2BC
S3150803FEC0AB80612C08D805AB224631462846FFF796
S3150803FED0C0FF9DF814305BB3224605AB314628466E
S3150803FEE08DF81070FFF7B5FF95F84220059B012A98
S3150803FEF07FD14FF6FF72934256D0082205A904A86C
S3150803FF0000F066FA059B9DF81010C3F30722914289
S3150803FF104AD1DBB2029A1A44029245E0DCD005AB19
S3150803FF20224631462846FFF794FFBDF81430D2E738
S3150803FF3095F84230012B39D1612C2ED82246314609
S3150803FF40284603ABFFF785FF3146284604AB621CF8
S3150803FF50FFF77FFF3146284605ABA21CFFF779FF5B
S3150803FF60102208230DEB02010DF107008DF8073067
S3150803FF7000F02EFA102205A90DF1070000F028FA61
S3150803FF80039BDAB24AB99DF80720B2EB132F04D1C3
S3150803FF90DDE9043203EB0243029395F84230012B61
S3150803FFA014BF012302231C44013482E7302CF4D8FE
S3150803FFB022463146284603ABFFF74BFF3146284610
S3150803FFC004AB621CFFF745FF102320220DEB030148
S3150803FFD00DF107008DF8073000F0FAF9039B9AB282
S3150803FFE0002ADAD19DF80720B2EB134FD5D1049B2B
S3150803FFF0D2E70133D8D0102205A90DEB020000F091
S31508040000E7F9059B9DF81010C3F307429142CBD13B
S315080400109BB27FE7312C81D9029807B0F0BD13B59E
S3150804002000240194049C0094DAF7C2FE02B010BDC1
S3150804003013B501240194049C0094DAF7B9FE02B0BE
S3150804004010BD00234FF0FF3230B544689C4202D1FC
S315080400500023037230BD016801EBC30541F8332060
S315080400606A600133F2E7C0E90012FFF7EABF00232A
S3150804007070B545689D4210D0046854F8332004EBE3
S31508040080C306B2F1FF3F09D0C2F31302914205D168
S315080400904FF0FF3244F83320726070BD0133E9E74C
S315080400A00023F0B545689D4202D14FF0FF300EE0BB
S315080400B00468DE0054F83340671C09D0C4F31307F8
S315080400C0B94205D1240D1470036833445868F0BD49
S315080400D00133E8E7704770B59400224605460E4694
S315080400E00AF08AF8431C0AD058B9224631462846EB
S315080400F006F077FF002814BF3D20002070BD6E204F
S31508040100FCE77120FAE713B5044601A8DDF74EFAB1
S315080401109DF8063023804FF480736380DDF75EFA1A
S315080401206060002002B010BDDDF7CEB908B5DDF772
S31508040130BBF9002008BD10B5044644EA010313F0D0
S315080401400303084609D1934201D1002010BD54F88F
S31508040150231040F823100133F5E72146920006F0F0
S31508040160B4FFF2E710B504460AF04AF8431C10D067
S3150804017088B9DDF733FA234620F003002044984271
S3150804018001D1002010BD53F8042B0132F7D03E20CC
S31508040190F8E76E20F6E77120F4E70A4601390144C8
S315080401A0E1F77EBD13B50023044601461B220DF173
S315080401B007008DF8073000F00BF922689DF8073020
S315080401C0B3EBD26F0CBF0120002002B010BD13B5EB
S315080401D000230446014620220DF107008DF8073056
S315080401E000F0F6F80DF107001A22211D00F0F0F8C8
S315080401F062689DF80730B3EB926F0CBF01200020AC
S3150804020002B010BD0068431C584258417047006844
S3150804021010F07E0F0CBFC0F3C16000207047006861
S31508040220C0F3D3107047006800F07E00B0FA80F07F
S3150804023040097047036813F07E0F14BF0420082092
S315080402407047036813F07E0F03D1406820F07C40A2
S31508040250704713F078001CBF03F07F03D81F70475C
S31508040260006800F07F007047032809D0022803D1EC
S31508040270C1F10201C8B2704700290CBF072000204B
S31508040280704737B5054601F10C04436969460122EE
S3150804029020469847BDF80030012201932046AB69F1
S315080402A001A9984703B030BD37B501F10C04436979
S315080402B0012269460546204698474FF6FF72009B79
S315080402C099B291420DD16FF30F0343F4254343F0DA
S315080402D0A503019301222046AB6901A9984703B0F7
S315080402E030BD0020FBE737B5044600251B22011D57
S315080402F00DF107008DF8075000F06AF860689DF85C
S315080403000720B2EBD06F03D120F0784003B030BD9C
S315080403100DF107001B2204F108018DF8075000F0BF
S3150804032057F8A0689DF80730B3EBD06F01D1C043E6
S31508040330EAE74FF0FF30E9E74BF29A22036810B573
S31508040340B2EB134F044613D19BB2012B13D1FFF71B
S31508040350CAFF01300CD04FF6FF72E068B2EB104FBB
S315080403604FEA104309D180B2C01A18BF012010BD44
S315080403702368013303D00420F9E70220F7E70320B2
S31508040380F5E701288CBF00200120704703380128AF
S315080403908CBF002001207047143070472DE9F041C6
S315080403A005469846036908460E461746984704467E
S315080403B038B943463A4631462846DBF787FB0446AE
S315080403C018B131462846FFF75CFF2046BDE8F081A0
S315080403D01F2A0B689EBF4FF0FF3191408B43590883
S315080403E001F055315B1A03F033319B0803F03333BC
S315080403F00B44017803EB13130A444FF0013103F05D
S315080404000F334B43A2EB13620270704770B505466F
S3150804041014460E4609F099FB2B685C4034405C4050
S315080404202C60BDE8704009F08BBB08B508F0CAF922
S31508040430BDE808400021DBF7DFBE0029CCBF012157
S315080404400021DBF7D9BE02214FF42070DCF7A4BAE9
S315080404507047704770477047704770477047436DD9
S315080404600B42FCD1704708B54368DA0714D583688C
S31508040470DB0702D50369D90707D50A235021836305
S31508040480FFF7EDFF836C9A07FCD1012200F50053B0
S315080404905A6043689B07FCD408BD38B50A46044627
S315080404A019B9BDE83840FFF7DEBF012100F58053CE
S315080404B0596002F00F0540F6FF71FFF7D0FF782167
S315080404C08563FFF7CCFF02F00103520748BF43F0E8
S315080404D00203A26C02F003029A42FAD138BD836C75
S315080404E05B06FCD54164704700231A46DCF776BEE2
S315080404F0FFF7FABF70B5054614460E4609F025FB04
S315080405002B685C4034405C402C60BDE8704009F0C0
S3150804051017BB0346142B084613D004D8012B17D04F
S31508040520122B0ED07047242B02D8202B02D87047E2
S31508040530322B0DD101280BD8DFE800F00901012080
S315080405407047022803D0032808BF012070470020FB
S3150804055070470A4392B20021DCF7FCBF3AB122F095
S31508040560030202F1A04202F5603209B9106070472D
S315080405700002FBE74FF050234FF400321A67704726
S315080405804368DB0702D5436D0B42F9D1704708B5BA
S3150804059040F6FF71FFF7F4FF012300F5805253601C
S315080405A008BD4368012B04BF00F50050436070473B
S315080405B043689B07FCD4704708B540F6FF71FFF7FC
S315080405C0DFFF012300F58052936308BD08B540F6A2
S315080405D0FF71FFF7D5FF022300F58052936308BD28
S315080405E008B540F6FF71FFF7CBFF042300F58052E8
S315080405F0936308BD08B540F6FF71FFF7C1FF0823EA
S3150804060000F58052936308BD836C836C1B0600D483
S315080406107047C36BF9E74FF48072836C00F5805317
S315080406209A63836C9B01FCD47047836C5A06FCD589
S315080406304164836C1B06FCD5C06B80B27047B0FB63
S31508040640F1F00138704770B5054614460E4609F0B0
S315080406507CFA2B685C4034405C402C60BDE87040F2
S3150804066009F06EBA30B50022044600F0FC05A3185A
S3150804067003F00303581921FA00F3DB0704D5013202
S31508040680042AF4D14FF0FF3030BD03782BB94078F3
S31508040690053818BF4FF0FF307047012B09D143784E
S315080406A0012B19D0032B08BF042018BF4FF0FF30C5
S315080406B07047022B07D1437883B1052B10D0072B3B
S315080406C008BF0820F1E7032B0CD14378022B0CD082
S315080406D0052B08BF0A20E8E7032070470620704761
S315080406E0072070474FF0FF307047092070470B7892
S315080406F01B0683604A788B7843EA02438361FF23A7
S3150804070083620023836303644FF0FF3300F50050CC
S31508040710036570472DE9F0410E4601271446054640
S3150804072098468F4009F024FAB300226803F1A043DF
S3150804073003F588235A60302202FB0656637B336628
S31508040740E27AA37A120542EA0342237B42EA435237
S3150804075028F00303F26533672279A37943EA02434F
S3150804076005F5005293616379E27942EA034205F595
S3150804077080539A61227A02B11F64627A02B19F6336
S3150804078005F5005534352F60BDE8F04109F0EBB99D
S31508040790012303FA01F1BFF35F8F00F5005300F557
S315080407A080505963816470473AB122F0030202F11A
S315080407B0A04202F5603209B9106070470002FBE7EF
S315080407C07047436813B1436A002BFAD170474368EC
S315080407D09B07FCD470474369002BA2BF012300F58D
S315080407E080504360704708B54369002B05DBFFF763
S315080407F0E8FF012300F50052536008BD436810B5AD
S31508040800DA0704460AD509F0B3F9636ADB075CBF5D
S315080408100123E360BDE8104009F0A5B910BD002026
S31508040820704708B109F013BA212070472DE9F84F2B
S315080408300546894616461C46002B58D028B121B1D0
S315080408401AB10378032B02D85BB9212050E0043B84
S31508040850012BFAD84FF080084168021D00F1540AAA
S3150804086005E04FF040084168021D00F12C0A1346C2
S3150804087008194FEA581C43F8040B3BD202EB8C02C6
S3150804088053F8040B00284CD19A42F9D108F1FF37E2
S315080408900F4048D0A8EB070B5C4544D35A4631466B
S315080408A00AEB070006F011FC01235246494628467E
S315080408B0DDF7F0FDE0B9A4EB08043C44A0455E442A
S315080408C00FD80746B4FBF8FB32465B46494628462A
S315080408D0DDF7E0FD60B938460BFB08FB5E44A4EB84
S315080408E00B0424B122463146504406F0EEFB0020A0
S315080408F0BDE8F88FBCF1020F0CBF4FF0010E4FF0A4
S31508040900030E1F46506802EB8E0E01305060BE453A
S31508040910B4D057F8040B0028F9D138680130386088
S31508040920F5E70F20E4E7A045CCD93846DAE710B551
S3150804093008B9212010BD0029FBD0036813F07042C2
S3150804094005D1C3F30E030B60B3B10020F2E703F03D
S315080409505044B4F1004F05D0B2F1304F02D0B2F191
S31508040960404FE6D18268D20404D5C369002BE0D08F
S315080409701B68E8E7DBB2E6E74368002BD9D00B60CF
S31508040980E3E737B50C46054610B9212003B030BD58
S315080409900029FAD0002301A90193FFF7C8FF00280C
S315080409A0F3D1296811F0704102D1019B2360EDE768
S315080409B0AA68B1F1204FC2F38033C2F34035C2F3BB
S315080409C0003217D00ED8B1F1004FDED152B2002A48
S315080409D018BF062203EB450308BF00221344019AF5
S315080409E05343E3E7B1F1304F02D0B1F1404FCCD1D4
S315080409F02B44F4E752B2002A18BF05222B44EBE72E
S31508040A002DE9F7430D4690461F460646E8B1E1B17F
S31508040A100468D1F800904C451BD004F03043B3F178
S31508040A20004F12D184EA0903B3F1805F3CD2002354
S31508040A3001A90193FFF77BFF38B9019AC2F30E02A5
S31508040A40144349EA02039C422ED0212003B0BDE890
S31508040A50F08314F0704427D4B4F1805F29D00023BE
S31508040A60694630460093FFF762FF0028EDD10190EE
S31508040A7001A92846FFF75BFF0028E6D1DDE9002334
S31508040A809A42E3D0E1E70023B8F1000F06D043F415
S31508040A908053B268A9684A401A42D6D1002FDED0DC
S31508040AA0AB689B04DBD4D0E7002FECD14FF4C043EA
S31508040AB0EAE7002BF4D1B8F1000FD0D04FF4C043C5
S31508040AC0E7E7F7B50C460546002800F0BF8000297D
S31508040AD000F0BC8000230B60036803F070430B60CE
S31508040AE0C268032A00F2B280012A6AD812B143F016
S31508040AF000632360AA68900166D402F08072EB68EA
S31508040B0013B9002A40F0A280236823F040731343E4
S31508040B102360EA68022A08D12A69032A00F2968021
S31508040B2023F47F0343EA02432360EB68032B04D1CF
S31508040B302B69F62B40F28A80A370AB68190442BF6E
S31508040B40236843F400432360EB68032B1FBF236821
S31508040B502A6862F30E0323602A68AB6802F07042BF
S31508040B60B2F1805F03F4805703F4806634D213F439
S31508040B70F84F6BD10023284601A90193FFF7D7FE46
S31508040B80002863D12B6813F070414ED12368019A6B
S31508040B9062F30E03236097B1EA69002A56D0B1F1CD
S31508040BA0004F55D1117F19B116B143F40073236070
S31508040BB0537F23B11EB1236843F48073236003B0C3
S31508040BC0F0BD43F0806394E702F04072B2F1407FCF
S31508040BD018BF4FF0007292E75A0403F400511DD46B
S31508040BE0002933D0226842F4005222601B0542BF12
S31508040BF0236843F4006323601FB1236843F48053D6
S31508040C0023602B6803F07043B3F1404FB2D0002E33
S31508040C10B0D0236843F480632360ABE7226842F4C8
S31508040C20804222600029E1D0DCE703F05043B3F1A7
S31508040C30004F05D0B1F1304F02D0B1F1404F05D184
S31508040C40019B5A1E236862F30703A3E72120B6E72C
S31508040C500F20B4E773B50C46054608B921201BE0F6
S31508040C600029FBD00123C6684B609E4218D800238E
S31508040C7001A90193FFF785FE0028EFD1019B06B170
S31508040C801C336A699A4209D32A69002AE6D0226083
S31508040C9043F000530020A36002B070BD1D20FBE79B
S31508040CA0023E012EDAD80023F4E72DE9F0410D4679
S31508040CB0044698B018B9212018B0BDE8F081002977
S31508040CC0F9D000234FF000728360C0E90023036261
S31508040CD015A92846FFF7F5FE0028EDD120461599F3
S31508040CE008F0BFFFAB68DB043CD52B68002B50DA51
S31508040CF04FF00108EE696946376873682046CDF8EF
S31508040D0004800093029700F0E0F8B368204603A92C
S31508040D10CDF810800393059700F0D7F8F3682046BA
S31508040D2006A9CDF81C800693089700F0CEF8336917
S31508040D30204609A9CDF8288009930B9700F0C5F831
S31508040D40736920460CA9CDF834800C930E9700F0ED
S31508040D50BCF8B36920460FA9CDF840800F931197C4
S31508040D6000F0B3F8284612A9DDF7CEFD0028A2D173
S31508040D70204600F0AAF8284615A9FFF76BFF0028B5
S31508040D809AD1204615A908F092FF204607F002FEDC
S31508040D9092E70F2090E770B50E46154604468AB0CA
S31508040DA010B921200AB070BD0029FAD0002AF8D05B
S31508040DB00023012229463046FFF722FE0028F0D1F7
S31508040DC0F368002BEDD1EA68013A012AE9D84FF015
S31508040DD080722846C4E90023A360236207A9FFF7A3
S31508040DE070FE0028DED12046079908F03AFF3046FF
S31508040DF001A9FFF72FFF0028D4D1204601A900F046
S31508040E0064F8284604A9DDF77FFD0028C9D12046E1
S31508040E1000F05BF8284607A9FFF71CFF0028C1D194
S31508040E20204607A908F043FF204607F0B3FDB9E7B3
S31508040E3070B50D46164604468AB010B921200AB084
S31508040E4070BD0029FAD0002AF8D0002301223146C1
S31508040E502846FFF7D5FD0028F0D1F368002BEDD11D
S31508040E60EA68013A012AE9D84FF081722846C4E9AA
S31508040E700023A360236207A9FFF723FE0028DED117
S31508040E802046079908F0EDFE284601A9DDF73CFD42
S31508040E900028D3D1204600F018F8284604A9FFF7FD
S31508040EA0D9FE0028CBD1204604A900F00EF8304616
S31508040EB007A9FFF7CFFE0028C1D1204607A908F0E5
S31508040EC0F6FE204607F066FDB9E7436813B94160A4
S31508040ED070475B685A68012AFBD15960704710F15C
S31508040EE0860F12D010F1850F0ADA10F1930F0FD07E
S31508040EF010F1870F0CBF6FF073004FF0FF30704787
S31508040F00003818BF0120404270476FF071007047DF
S31508040F106FF06F00704700F0D6BD00F0D4BD08B579
S31508040F2000F080FDBDE80840FFF7D9BF002307B5E8
S31508040F302022019301AB00F091FD03B05DF804EBA8
S31508040F40FFF7CDBF2422002106F074B818B1242275
S31508040F50002106F06FB8704770B515460E46242270
S31508040F600021044606F066F825F04003802B02D0DB
S31508040F70B5F5807F08D12046314640F8045BEA0877
S31508040F8006F0A3F8002070BD6FF01F00FBE7FFF71B
S31508040F90E3BFFFF744BC531E5A425A4141EA0221B1
S31508040FA0416011F0FF0108BF416170470120704795
S31508040FB0A0F50030B0F5003F2CBF00200120704793
S31508040FC00020704770B506460D4614468CB0CAB163
S31508040FD01022002108A806F02DF8002207AB029378
S31508040FE005AB019306AB00933046294608ABCDE919
S31508040FF00522DEF72FF818B9099B6360059B236061
S315080410000CB070BD6FF08600FAE72DE9F04188460A
S31508041010002186B040450746039132D004AAFFF75B
S31508041020D1FF044648BB049D0120294601F0E2F895
S31508041030064640B303ABCDE9000322462B462146B8
S315080410403846DEF797F9039D044670B9059B214691
S3150804105000932A4633464046DEF71CF9044620B96F
S3150804106021463846DEF7DAF904462A460021304690
S3150804107005F0E0FF304608F0CBFF204606B0BDE891
S31508041080F0810C46F9E76FF08C04F6E708B5FFF72C
S31508041090C6FB002814BF6FF09200002008BDFFF7B6
S315080410A0F5BFF0B51C4600238BB023600F461646E1
S315080410B0FFF7B5FB70B9684608F0C9FD054648B997
S315080410C0324639466846DDF76FF910B926600BB023
S315080410D0F0BD25606FF09200F9E720F0FF03B3F541
S315080410E0824F06D14138C0B2012894BF002001209E
S315080410F070470020704710B50024436814601B0A23
S3150804110004D0012B09D06FF0850010BD0088FFF7C5
S31508041110E4FF084410600020F7E72C311160FAE771
S31508041120406810B5000A029C04D0012808D06FF064
S315080411308B0010BD93420CD8C4E904120020F8E7CA
S3150804114003F12C00904204D810311C3321616361E9
S31508041150F4E76FF08C00ECE7F0B50B46C16804467B
S3150804116001298DB002D000200DB0F0BD2B2A02D87B
S315080411706FF08900F8E713F003071A460DD001AD9E
S3150804118003F1280C2E4610685168083203C66245D6
S315080411903546F7D1106801AA306001211180002173
S315080411A051802168516061689160A168D160002FFF
S315080411B0D9D001AA15460BAE144603CCB44218601E
S315080411C05960224603F10803F6D120681860002303
S315080411D01A46EA5401332C2BFBD1C4E72DE9F04710
S315080411E00F4690469A46054694B090B189B182B1A5
S315080411F04288D31D072B4FEAD3095CD0038803F42E
S31508041200E043B3F5805F02D0B3F5005F04D153071A
S3150804121005D06FF0860424E0B3F5804F4BD002AEB8
S3150804122020220021304605F005FF32464946284665
S31508041230DEF7D0FB0446A0B94B4642463946284653
S315080412400096FFF76DFF044658B9282201460DEBB0
S31508041250020005F0EFFE0AA808F0F9FC28B16FF0C1
S315080412609204204614B0BDE8F08731460AA8FFF771
S315080412701CFD58B1482814BF6FF092046FF085041A
S315080412800AA8FFF7CEFA0028EBD0E8E76B681B0A32
S31508041290012B06D0524649462846FFF72CFF04463A
S315080412A0EEE7424639463046FFF756FF0028F1D0A6
S315080412B06FF08904E4E76FF08504D2E72DE9F0437B
S315080412C09DB00D46DDE9248916461F4604460028C6
S315080412D068D0002966D0002A64D0002B62D0B8F101
S315080412E0000F5FD0B9F1000F5CD02022002102A8BC
S315080412F005F0A0FE20463246294602ABDEF7E4FB9B
S315080413000446F8B90AAD02AE0FCE0FC596E80F002B
S3150804131085E80F000C9A7B1C22F080720E9322F447
S31508041320804208F1020323F0030342F4005201A9A0
S315080413300AA80D940F930C920194FFF722FB28B187
S315080413406FF0920420461DB0BDE8F083019B01337B
S315080413504345019329D82822214612A805F06AFE96
S3150804136012A808F074FC0028EAD10AAA02A912A84D
S31508041370DDF7E4FA012812D058B1482814BF6FF0F3
S3150804138092046FF0850412A8FFF74BFA0028D9D007
S31508041390D6E704233B70019BC9F80030F3E76FF0E6
S315080413A08B04F0E76FF08604CCE76FF08904C9E78D
S315080413B0FFF714BFFFF782BF2DE9F04F9FB015461C
S315080413C0DDE928AB0F46994606462A9A002800F016
S315080413D09C80002B00F09980BAF1000F00F09580EC
S315080413E0002900F09280002D00F08F80BBF1000FD9
S315080413F000F08B80002A00F088800023B0F8008073
S31508041400CBF8003008F44F41EB00B1F5824F136076
S315080414105ED15FFA88F112290DD128F0FF01B1F5E2
S31508041420824F02BF083B5B081360B3F5047F04BF11
S3150804143040F20923136000232A46039339463046AB
S3150804144003ABDEF701FA044600283DD1039C404667
S315080414500734E408FFF741FE08B1013D01370DF1F1
S315080414601008202200214046039405F0E3FD214696
S3150804147042463046DEF7AEFA044628BBC6460DF1A8
S31508041480300CBEE80F00ACE80F009EE80F008CE8AD
S315080414900F00EB1C214623F00303282214A8CDE9E8
S315080414A00F47119305F0C6FD2B465246494630466A
S315080414B0CDF80080FFF734FE044628B914A808F0CE
S315080414C0C6FB38B16FF0920420461FB0BDE8F08F12
S315080414D02C46C4E742460CA914A8FFF75CFC88B955
S315080414E0524649464046FFF737FE88B95A462946C2
S315080414F03046FFF700FE044614A8FFF792F90028C1
S31508041500E2D0DFE76FF09204F6E76FF08604DBE7D4
S315080415106FF08904D8E710B586B005AC0294099C27
S315080415200194089C0094FFF747FF06B010BD2DE907
S31508041530F0479CB00C46DDE9249A15461F468046BA
S31508041540002866D0002964D0002A62D0002B60D017
S31508041550B9F1000F5DD0BAF1000F5AD08368DB07E2
S315080415605AD52022002102A805F064FD21462A4600
S31508041570404602ABDEF7A8FA044638BB0AAD02AE0B
S315080415800FCE0FC596E80F0085E80F0001A90AA833
S31508041590B8F800500194FFF7F4F901462846FFF716
S315080415A09CFD012804BF042307F8013B4FF0000300
S315080415B008BF09F1FF39CDE90D3709F1030323F013
S315080415C0030305460F9329B16FF0920420461CB015
S315080415D0BDE8F087019B4B4521D8282212A805F0BF
S315080415E029FD12A808F033FB0028EDD10AAA02A99E
S315080415F012A8FFF71DFC48B9019B2B44CAF8003012
S3150804160012A8FFF70EF90028E0D0DDE76FF0920480
S31508041610F6E76FF08604D9E76FF08404D6E76FF02F
S315080416208904D3E710B4048804F4E044B4F5805F6D
S3150804163006D0B4F5005F03D05DF8044BFFF7CEBDC2
S315080416406FF085005DF8044B704770B40488DDE9D3
S31508041650035604F4E044B4F5804F04D0CDE90356A8
S3150804166070BCFFF72BBE6FF0850070BC7047F8B5E9
S315080416701E4603880F4603F44F43B3F5824F1546B7
S3150804168010D1089BDEF7E0F8044648B9069B9D424C
S315080416900BD82A463946304605F017FD079B1D60C8
S315080416A02046F8BD6FF08504FAE76FF08904F7E77A
S315080416B02DE9F04FC1B00C46DDE94A89DDE94CA7AE
S315080416C093461E460546002800F09A80002900F035
S315080416D09780002A00F09480B8F1000F00F09080FB
S315080416E0B9F1000F00F08C80BAF1000F08D1002F71
S315080416F040F086806FF09404204641B0BDE8F08F30
S31508041700002FF7D02822002114A805F093FC2022E4
S31508041710002104A805F08EFC21465A46284604AB47
S31508041720DEF7D2F904460028E6D16A880732D208D9
S31508041730B7EB420FDED1024631462846DEF78EFC69
S3150804174004460028D8D188260DF1780B32460021A4
S31508041750584605F06FFC2B8823F0FF03B3F5E24FD8
S315080417602CD10CAD0DF1100CBCE80F000FC59CE88C
S315080417700F0085E80F000E9B14A823F0407323F48A
S31508041780804343F400530E9300231196CDE90F3B8F
S3150804179008F05DFA70BB0CAA04A914A8DDF7CEF804
S315080417A0054614A8FFF73DF8284323D104AD0CAE2B
S315080417B00FCE0FC596E80F0085E80F0014A808F0A9
S315080417C046FA0246B0B90123CDE902A7CDE9008954
S315080417D004A914A8DDF7CAF938B12C280DD00128B4
S315080417E014BF6FF092046FF08B0414A8FFF719F86E
S315080417F0002881D06FF092047EE76FF09404F4E732
S315080418006FF0860478E72DE9F04F97B00D46DDE9C9
S31508041810219ADDE923B816461F46044628B96FF00F
S315080418208605284617B0BDE8F08F0029F7D0002AA8
S31508041830F5D0209B002BF2D0B9F1000FEFD0BAF106
S31508041840000FECD0BBF1000FE9D0B8F1000FE6D0D9
S31508041850282200210CA805F0EDFB2022002104A86B
S3150804186005F0E8FB29463246204604ABDEF72CF998
S3150804187005460028D5D1238823F0FF03B3F5E24FA4
S31508041880CDD1012239462046DEF7E8FB0546002875
S31508041890C7D163880733DB08BBEB430F4FEA43041E
S315080418A021D30CA808F0D3F998B9209B2A460093AB
S315080418B0CDE902A40123CDF8049004A90CA8DDF708
S315080418C0ADF848B9C8F800400CA8FEF7AAFF0028E6
S315080418D0A7D06FF09205A4E7012814BF6FF092050C
S315080418E06FF08B05F0E76FF089059AE72DE9F04F5D
S315080418F097B00D46DDE922AB164699460446249F61
S31508041900002869D0002967D0002A65D0209B13B91E
S31508041910219B002B60D1BAF1000F5DD0BBF1000FFB
S315080419205AD0002F58D0238823F0FF03B3F5E24F8B
S3150804193052D1012249462046DEF790FB804600280C
S315080419403AD14846DEF75EFB002848D041462822AD
S315080419500CA805F06FFB4146202204A805F06AFB93
S3150804196032462946204604ABDEF7AEF8804618BB55
S3150804197062880732D208BBEB420F4FEA420531D3DD
S315080419800CA808F064F9A8B9219B03220193209BAB
S31508041990CDE902A5009304A943460CA8DDF73EF851
S315080419A070B962880732D20852003A600CA8FEF76A
S315080419B038FF08B16FF09208404617B0BDE8F08FBB
S315080419C0012806D0482814BF6FF092086FF08508DE
S315080419D0ECE76FF08B08E9E76FF08608ECE76FF041
S315080419E08508E9E76FF08908E6E7FFF77FBFFFF7A1
S315080419F00ABFFFF75DBEFFF779BFFFF704BFFFF71E
S31508041A0057BEDDF77DBDDEF75DBB08B528B1B82244
S31508041A10002105F00FFB002008BD6FF08600FBE7E8
S31508041A20DDF76EBD70B50D46164604468AB090B10C
S31508041A3001B982B9684608F00AF918B16FF092003C
S31508041A400AB070BD33462A466946201DFEF7EEFEE7
S31508041A500028F5D0F2E76FF08600F1E72DE9F043A8
S31508041A600C4691461E4605468BB030B301B922BBD7
S31508041A701EB3684608F0EBF8804620B16FF0920072
S31508041A800BB0BDE8F0832F1D224669464B463846FF
S31508041A90DCF78CFD0446D4224146384605F0CAFADA
S31508041AA034B92B78032B0BD1202320463360E7E780
S31508041AB0212CE3D16FF08900E2E76FF08600DFE7B7
S31508041AC06FF08800DCE708B518B1D822002105F0C4
S31508041AD0B1FA002008BDDEF717BC08B530B14FF4DB
S31508041AE0AE72002105F0A6FA002008BD6FF0860044
S31508041AF0FBE700F000B800207047DEF79DBD13B57C
S31508041B000468806808F03DF91520DFF753F91520B5
S31508041B10DFF734F91E23ADF804300023204601A963
S31508041B208DF80630FEF7E3FD012304F5805463605F
S31508041B3002B010BDDFF772B8DFF7ACB8D8F716BA3B
S31508041B4040B2DFF7D9B870B50C46154610B9DFF7B9
S31508041B504BF938B143682BB12A462146BDE8704093
S31508041B6000681847232070BDF7B50D4616461C466F
S31508041B7038B9DFF739F904B901AC20B9232003B021
S31508041B80F0BD03B901ACC768002FF7D02346324627
S31508041B9029460068B847F2E7D0F8A4301B689A6C5F
S31508041BA0120643BFDB6B00200B701B207047D0F86E
S31508041BB0A43001221B6819B103F580531A657047CE
S31508041BC003F500531A65DA64704708B5D0F8A430EB
S31508041BD01868FEF784FC002008BD0068D0F8A43015
S31508041BE01B68DA6CD20708D5012103F50052D164C3
S31508041BF09B6C9B0601D500F086B9704780F899104E
S31508041C00704790F89900704790F89600704710B599
S31508041C100446DFF733FC38B1236DD4E912020244D3
S31508041C20934218BF184610BD3022237D534303F14F
S31508041C30A04303F58023DB6EEFE792F8543037B5FB
S31508041C40144633B1936D0BB1D06D9847002384F8CD
S31508041C50543094F89A301BB32046DFF70FFCF8B1DA
S31508041C60236E132120465B6898471025236E204669
S31508041C701B680DF10701984778B99DF8073003F0FA
S31508041C80FD02112A05D1A3F111025342534184F8E6
S31508041C90A030013D15F0FF05E8D12046DFF750FCDA
S31508041CA0002084F8540003B030BD90F8943070B521
S31508041CB005460C46C3B10B69B3F5006F16D807F091
S31508041CC057FF95F88C30064665614BB1214605F1F8
S31508041CD09000FDF753FD304607F045FF002070BD20
S31508041CE02046DFF7BBFCF6E70E20F8E72120F6E7E7
S31508041CF00023506910B5903000F8043C1446FDF7EB
S31508041D0044FD08B1DFF7AAFC63681BB1002120462D
S31508041D10A2689847002010BD70B504460D4607F022
S31508041D2027FF94F8963006466DB13BB994F8983077
S31508041D3023B106F095FF012384F896303046BDE8B2
S31508041D40704007F010BF002BF8D006F075FF84F832
S31508041D509650F3E72DE9F04790F8949004460D461B
S31508041D601646B9F1000F40F0828090F8998007F082
S31508041D70FFFE94F89530074633B194F898301BB1B2
S31508041D8084F8959006F06CFF384607F0ECFE2E446E
S31508041D90B54205D1236E012120469B68984750E039
S31508041DA094F89A30002B3DD0207DDFF78DF9204634
S31508041DB0DFF782FB0746207DDFF7A2F997BB07F01A
S31508041DC0D7FE0746207DDFF77FF92046FFF71FFF7A
S31508041DD0A26C00F1FF39914538BFE36C94F854A01E
S31508041DE038BF03F1FF33207D38BF02EB0309DFF761
S31508041DF087F9BAF1000F12D14B46D4F89C109942D0
S31508041E000BD013F80129112A01D0132A1CD1A2F1E7
S31508041E1011035A425A4184F8A020C4F89C903846C3
S31508041E2007F0A1FE94F8A030002BB9D0B8F1000F42
S31508041E3012D1236E20465B6815F8011B98470028C3
S31508041E40A6D00020BDE8F087A26C9A4282BFE36C54
S31508041E5003F1FF339B18D2E72B780A2BE9D1236EBB
S31508041E600D2120465B6898470028E2D0E9E70E2052
S31508041E70E8E738B548B10024056807F079FEC5E9EE
S31508041E80164407F070FE204638BD2220FCE770B5DC
S31508041E900468054694F8946086BBFFF7EAFFDEF704
S31508041EA0A3FF854202D13046DEF792FF236E93F9EB
S31508041EB01000DEF77FFF236E93F91000DEF74CFF60
S31508041EC0236E93F91100DEF775FF236E93F911005B
S31508041ED0DEF742FF207D06F051FE207DDEF7D0FFB7
S31508041EE0DEF7B4FF0023C5E90033C5E90533EB6023
S31508041EF0236E2046BDE87040DB6818470F2070BD86
S31508041F000068DFF71DBB38B5044607F031FE94F8C0
S31508041F109530054603F0FF015BB9236E20469B689E
S31508041F209847012384F8953006F086FE022384F840
S31508041F30A1302846BDE8384007F015BEF8B50C466A
S31508041F408D18073552421540A5F108070646384646
S31508041F5000F04AFBA0883B1B618800EBE30080B2D3
S31508041F60A1EBE30125F8040C25F8061CA188DA1070
S31508041F70D1B1A4EBC101B1F802C0C88002EB0C00D0
S31508041F804880E188B9B18A1A92B204EBC10125F8EE
S31508041F90022C8A80A2888AB9B2681344F268B360AC
S31508041FA0934288BFF3600EE015F8081C41F002015D
S31508041FB005F8081CE5E725F8021CEBE7A4EBC204C0
S31508041FC02278D207E8D43846F8BD2DE9F04F1746EB
S31508041FD04FF0000887B07A1C109A054614BF3C4691
S31508041FE00824CDF81480002A00F0CA80C2F80080BC
S31508041FF0002900F0C78042688A4240F2C38007314C
S3150804200003F0010A21F0070607F0B2FD05AACDE997
S31508042010008281463A4653463146284600F0E8FA95
S31508042020059F834607B130B9484607F09CFD192039
S3150804203007B0BDE8F08FB7F8028029694FEAC802ED
S31508042040C0EBC8080139B8F1270F29617DD9BAF15F
S31508042050000F54D1864206F108084BD02246394669
S315080420602846FFF76BFF04460590A044404600F057
S31508042070BBFA059906F10F004A88C308A2EBD002F9
S31508042080A8F80220CA88A8F80430002A34D0D31A3B
S315080420909BB201EBC202A8F8063093808B88F60837
S315080420A0A380B8F804303A46E3804146002328461C
S315080420B0668000F004FBAB68EA6808339342AB60B9
S315080420C088BFEB60237843F0010323702B6901333F
S315080420D02B616288AB68083403EBC203EA68AB6019
S315080420E0934288BFEB60109B48461C6007F03BFD93
S315080420F000209DE73C46B8E7A8F80620CEE707EB9C
S3150804210008042046039200F06FFA0BF10703DB0874
S315080421100599638008F10703DB08A380CB8893B18C
S31508042120DB00039AD81D821A5A44C2F3CF020B4421
S31508042130E2809A80A38808F1FF384FEAD808A1F804
S315080421400280CB80B7E7E380F4E7BAF1000F1BD02F
S3150804215007F10803B3FBF4F204FB1233B3B12246C6
S3150804216039462846FFF7EAFE044623783A4643F0FA
S315080421700103237021460123284600F0A0FAA8E7A4
S31508042180222055E7212053E78642E8D13C46ECE76E
S3150804219007B500224FF0FF3101AB0192DFF7C2FC0D
S315080421A0019803B05DF804FB07B5009313464FF096
S315080421B0FF32FFF70AFF03B05DF804FB70B5049E0F
S315080421C015461A4696B1002333608DB181B14D4345
S315080421D033462946FFF7E8FF044628B9306818B19C
S315080421E02A46214604F026FF204670BD2224FBE732
S315080421F02124F9E707B5002201AB0192DFF7A8FC11
S31508042200019803B05DF804FB2DE9F74F06460D4621
S3150804221014469B46002B00F0408100221A6042684F
S31508042220A24240F23C8149B9002C00F038810A46A2
S31508042230214603B0BDE8F04FFFF7B6BF2CB90846F0
S3150804224003B0BDE8F04F07F0DFBE07F091FC35F8A0
S31508042250067C07344FEAC70A24F00704A2458046D9
S31508042260A5F1080180F0978035F8023C002B70D060
S31508042270DA1B012A6DD101EBC30911F83330D807EB
S3150804228067D4B9F80220AAEB040313EBC20360D49B
S315080422901F2B3CDD2F19C4F3CF0425F8064C013453
S315080422A0384625F8024C009300F09EF935F8022CBE
S315080422B0009BBA80B9F80620DB087B802AB3B9F8F4
S315080422C00210511A11FA83F39BB209EBC202FB807E
S315080422D093804A4600233946304600F0F0F94846CA
S315080422E000F082F9002235F8061CB368CBF80050D2
S315080422F003EBC103F168A3EB0A038B42B36048D826
S31508042300002A41D0083BB3603EE0FA80E1E733692E
S315080423100137013B3361B9F80630174425F8067CC2
S31508042320A3B1B9F802209A1A12FA87F7BFB209EBD1
S31508042330C30325F8027C9F804A460123304600F0F1
S31508042340BEF9484600F050F90122CCE725F8023CCC
S31508042350F2E721465B4600223046FFF725FF04468E
S3150804236030B1404607F0FFFB204603B0BDE8F08FC6
S3150804237052462946DBF8000004F0A7FE284607F073
S3150804238043FE04460028ECD1404607F0ECFB002443
S31508042390EAE7F360B4E776D935F8022CAAEB040920
S315080423A0531EDB1B002A3CD001EBC20711F832206E
S315080423B0D20737D4002B35D1C4F3CF03291925F80E
S315080423C0063C0133084625F8023C009100F00CF956
S315080423D0009935F8022C7B888A80FA8803EBD9039E
S315080423E04B80DAB17888101A10FA83F39BB207EB9C
S315080423F0C202CB80938000233A46304600F05FF948
S31508042400384600F0F1F80023B268CBF800501444BB
S31508042410A4EB0A04002B39D1B460B5E70023CB80BA
S31508042420E9E71746B9F1270F2DD9C4F3CF022919BD
S3150804243025F8062C0132084625F8022C009101934A
S3150804244009F1FF3900F0D0F8009935F8022C4FEA63
S31508042450D909A1F802908A809FB1019B013313FA26
S3150804246089F91FFA89F9A1F80690A7F8049033693F
S3150804247030460133336100231A4600F020F901235C
S31508042480C2E7CF80F3E7CBF800507DE7F36808345A
S315080424909C42B46088BFF46076E7222464E721246A
S315080424A062E7002307B501AA0193DFF75FFB0198EA
S315080424B003B05DF804FBDFF71BBB13B5002401AAC0
S315080424C021460194DFF73CFB00B10194019802B060
S315080424D010BD07F099BDF8B50D46064690B189B109
S315080424E000240C6007F044FB77687B1C03D107F0D3
S315080424F03AFB1B20F8BD3B68736007F034FB2046A3
S315080425002F60F7E72220F5E770B50D46044668B351
S3150804251061B303688B4201D9212070BDD0E9021248
S3150804252001FB02339D42F7D207F022FB2B68591CA4
S315080425300ED021688B420ED3D4E9026206FB02163A
S31508042540B34208D25B1AB3FBF2F102FB113313B997
S3150804255063685A1C06D163682B60656007F003FB41
S315080425600020DAE79D4203D01B68F2E72220D4E76D
S3150804257007F0F9FAD0E77FB514461A46531C4FF00C
S315080425800003089D14BF16460826039305B30139AC
S3150804259031447642314003AEC5E9024161430096AF
S315080425A0FFF713FD60B90246039B013CC5E90033F6
S315080425B091B28C4202F1010204D84FF0FF321A603C
S315080425C004B070BDE96819441960E9680B44EFE77B
S315080425D02220F5E70846FFF7DBBD084607F018BDD5
S315080425E008461146FFF75DBF002303604360704742
S315080425F0F0B5D0E90554561C08BF0822002B4FF045
S31508042600000008BF2C46069F3860002C38D09DF879
S3150804261014606588F60006EBC505C2F1000C20783F
S31508042620C00708D523BBE08898B104EBC0046588C5
S3150804263006EBC505F3E78D42F4D35BB904F108004C
S31508042640B0FBF2FE02FB1E00C0B10844A842EAD859
S315080426503C60F0BD082A11D06088013004EBC00044
S31508042660A0EB010E0EEA0C0EA0EB0E008542EFD28B
S31508042670A0880028EDD0A4EBC004D8E70846E7E70D
S315080426802046E6E703460069C0B10AB951B91A6893
S3150804269010460378DB0711D531B9C3885BB100EB63
S315080426A0C300F6E79A69F3E7012904D1838823B1BD
S315080426B0A0EBC300EDE700207047184670472DE9E4
S315080426C0F041D0E90554074688461646ABB195420B
S315080426D000D00ABB424600213846FFF7D3FFB4426E
S315080426E0054600D02EB9424601213846FFF7CAFFEF
S315080426F00446C7E90554BDE8F081954208D08D42E1
S3150804270028BF0D46B44205D0444538BF4446F0E7D1
S315080427100D46F7E74446ECE79442EAD1E3E738B5D1
S315080427201C46C3E900010023C4E90500C4E90233D1
S31508042730236122776362FFF757FF23690139C908C2
S31508042740013341802361A368E268083393424FF05A
S315080427500000A36088BFE36038BD08B5C5F7E8FD87
S3150804276008BD002307B5684600938DF80430DAF7E8
S31508042770FDFA03B05DF804FB10B507F0E6F9044664
S3150804278006F0BAFA2046BDE8104007F0D9B94FF466
S31508042790C870DFF77FBB70477047704708B504F009
S315080427A0E8FA04F0FAFA04F003FBFFF7F6FF04F07C
S315080427B01AFBBDE8084004F023BB08B5FEF700F889
S315080427C0FFF7E9FFDEF7ACFADEF754F8FFF795F9F9
S315080427D0DFF75EFCDFF7FEFADFF708FAFFF7DCFF40
S315080427E000F007F804F0D8FABDE80840FFF7D6BFAA
S315080427F0704708B504F0B9FA04F0B8FA04F0B7FA61
S3150804280004F0B6FAFFF7F4FF08BD08B504F0FFFABA
S3150804281004F0FEFA04F0FEFABDE8084004F0FBBA38
S31508042820DFF716BE102938B504460D460AD840B156
S3150804283007F08BF90023A5802360A36007F080F9CD
S31508042840012038BD0020FCE78160081E18BF01205E
S315080428507047F8B50E46044670B307F076F96288F1
S31508042860A18805468A4223880FD21344B3FBF1F0A4
S3150804287001FB1033013204EB8303DE606280012717
S31508042880284607F05DF93846F8BDA2685AB9238880
S3150804289004EB8302D660A2880133B3FBF2F102FB90
S315080428A011332380EBE704EB83032046D96890476A
S315080428B007460028EBD1E3E70746E4E770B5044684
S315080428C098B107F042F962888AB12388013A04EB81
S315080428D08301CD68A1880133B3FBF1F601FB1633F6
S315080428E0628023802C4607F02BF9204670BD1446D7
S315080428F0F9E710B5044648B107F027F96488B4FA2D
S3150804290084F4640907F01CF9204610BD0124FBE78A
S3150804291010B5044650B107F018F96388A2889B1AC3
S315080429205C425C4107F00CF9204610BD0124FBE724
S3150804293010B504460A2104F0D1FE4FF4E16120469D
S3150804294004F0CEFE002010BDFF207047E6F7A6B8B7
S3150804295000214FF0FF3004F059BF05F058B803685A
S31508042960F0B5CC1A002C02DC6FF05F00F0BD93F9C9
S3150804297000601D78002E08DB5C1C04601B7813605D
S31508042980091B9942F0D30020F0E705F07F056F1E76
S31508042990032F2E460FD8AC42E6DD5C1C27460023DF
S315080429A0013E1360076001D22C44E9E717F801CB0E
S315080429B04CEA0323F4E76FF06300D7E770B40468BE
S315080429C00E1B002E07DD26789E4208D101340460CA
S315080429D070BCFFF7C4BF6FF05F0070BC70476FF040
S315080429E06100FAE773B51D46134601AA0446FFF7C4
S315080429F0E5FF18B9019A1AB96FF0630002B070BD01
S31508042A00236893F90030002BF6DB014623681E7809
S31508042A1046B1E1B9042AEFD80BD193F90030002B5B
S31508042A2007DAE9E70133013A4FF001012360EDD1F2
S31508042A30019200232B60019B013BDFD322682E6899
S31508042A4012F8011B41EA062129602260F4E7019283
S31508042A50E0E713460222FFF7C5BF38B50323044649
S31508042A60FFF7ACFF18B9136813B96FF0670038BDE0
S31508042A70013B136023681A78002AF6D101332360D0
S31508042A80F5E72DE9F74390461F4601AA3023054684
S31508042A908946FFF793FF0446F8B92E68A9EB060999
S31508042AA0B9F1000F32DD42463378284642F8043B32
S31508042AB0019B1E4431460623FFF780FF044660B98E
S31508042AC02A68D8F80410C8F808205318B3422B60AB
S31508042AD007D10C213846E2F7E3FA204603B0BDE8ED
S31508042AE0F083515C3A46013342F8041B28463146C2
S31508042AF02B60FFF734FF60B92B687A68BB60134410
S31508042B00B34218BF6FF065042B60E6E76FF05F0405
S31508042B10E3E70446E1E77F2A034610B51AD91446C3
S31508042B200120240A00F10100FBD11C68641A8442BE
S31508042B3012DB19684C1E1C6001F8012C120AF8D124
S31508042B40012806D01A68511E196000F17F0302F89D
S31508042B50013C10BD0120E8E76FF06B00F9E7036854
S31508042B60591A0029C1BF03F1FF310160012003F896
S31508042B70012CD8BF6FF06B00704738B5A0F140033D
S31508042B80054602465A21DBB24120DFF737FDA5F197
S31508042B9046032A4604467A21DBB26120DFF72EFD76
S31508042BA06B1D2A4639210443DBB23020DFF726FDA4
S31508042BB02B2105F11403E4B22A460443DBB2084682
S31508042BC0DFF71CFD2F2105F11103E4B22A4604435D
S31508042BD0DBB20846DFF712FDE4B22043013840B2FF
S31508042BE038BD00220123C0E90023704710B5044606
S31508042BF048B1006818B1E188890002F038FB002260
S31508042C000123C4E9002310BD42F21073994270B53A
S31508042C1004460D4602D96FF00F0070BDC3888B4277
S31508042C2001D30020F9E704212846FFF7E3FA06460C
S31508042C300028F0D0216841B1E288920004F045FAF0
S31508042C40E1882068890002F012FBE5802660E8E73F
S31508042C50F8B50D46C98804461646FFF7D5FF074654
S31508042C60A8B93046DFF76EFD0646B4F90420B5F96F
S31508042C700410DFF773FD3346F643A080EA8820681C
S31508042C802968DFF7D5FFEB88E088984201D83846EB
S31508042C90F8BD216851F82320324041F82320013336
S31508042CA0F3E738B504460D4619B9FFF79FFF002028
S31508042CB038BDC2888A4207D100210068920004F010
S31508042CC0B9F90123A380F2E7FFF790FF29462046C6
S31508042CD0BDE83840FFF798BF884270B505460E46EA
S31508042CE009D0C988C28841B92AB1012392008380D0
S31508042CF0006804F09FF9002070BD4C1E6CB9B6F943
S31508042D0004300134A242AB800ED221462846FFF78E
S31508042D107BFF88B16FF00F00EEE7336853F8243071
S31508042D20002BECD1013CE9E72868121B002192002C
S31508042D3000EB840004F07EF931682868A20004F0E8
S31508042D40C4F9D8E770B50C4601210546FFF75CFFC0
S31508042D50064688B9EA8801469200286804F06AF9A2
S31508042D6084EAE472A2EBE472E40FC4EBC4342B687D
S31508042D70640001341A60AC80304670BDC388B1EB78
S31508042D80431F3FBF03684A0953F8220001F01F0195
S31508042D903ABFC84000F00100002070470022C188ED
S31508042DA0914201D800207047036853F8223033B1A2
S31508042DB093FAA3F0B0FA80F000EB421070470132A0
S31508042DC0EEE7C188006800F0E2BC08B5FFF7F9FF32
S31508042DD00730C00808BD70B50E4612F0030118BFC7
S31508042DE0012101EB920105461446FFF75AFF38B94B
S31508042DF023463246E9882868BDE8704000F0E9BCF5
S31508042E006FF00F0070BD13460A46C188006800F0CB
S31508042E1005BD38B504460D46FFF7D3FFE3882844B5
S31508042E20B0EB431F06D820682A46E18800F060FD07
S31508042E30002038BD10F01F0118BF012101EB501105
S31508042E402046FFF7E1FE0028EDD06FF00F00F0E70B
S31508042E500A46C18808B511B1006800F011FD0020C2
S31508042E6008BD10B5C38823B9CA885AB9ABB10120BD
S31508042E7017E0026802EB830252F8042C002AF3D105
S31508042E80013BF0E70C6804EB820454F8044C0CB9D3
S31508042E90013AEAE79A42EAD30FD8013B5A1C01D110
S31508042EA0002010BD026852F823400A6852F823200D
S31508042EB09442DCD803F1FF33F0D24FF0FF30F0E749
S31508042EC030B5C38823B9CA885AB9002B3DD136E030
S31508042ED0026802EB830252F8042C002AF3D1013B60
S31508042EE0F0E70C6804EB820555F8045C4DBB013A1F
S31508042EF0EAE7B1F9045003D2B1F90400404226E0E6
S31508042F00B0F90420002A03DD002D0CDA01201EE0A6
S31508042F10002D08DD3AB14FF0FF3018E003F1FF3316
S31508042F200BD2504213E0013B016851F8235054F880
S31508042F3023108D42F2D9104609E0591CF4D1002019
S31508042F4005E0002BD8D09342D3D9B0F9040030BD9C
S31508042F501FB581EAE173A3EBE17301930123C90F5A
S31508042F60C1EBC13149000131ADF80C10ADF80E3092
S31508042F7002A901AB0293FFF7A3FF05B05DF804FBB2
S31508042F8090422DE9F04106460F46144602D088427F
S31508042F9006D127460123FC88B3804CB9002005E0F6
S31508042FA0FFF79AFE0028F4D06FF00F00BDE8F08111
S31508042FB03B684FEA840803EB840353F8043C0BB9D3
S31508042FC0013CEAE721463046FFF71EFE0028EBD10E
S31508042FD0356823463A682946284600F0BFFC074662
S31508042FE005EB0803002FD9D0F288651CA24208D83D
S31508042FF029463046FFF708FE0028D5D1336803EB87
S3150804300084031A682C46D2192CBF01270027003FCF
S3150804301018BF012743F8042BE4E72DE9F0410546D8
S315080430200E469046D4886CBBF1882846FFF7ECFD1B
S315080430300746002842D1F288A2420BD9AE4209D0EB
S3150804304028683168121B920001EB840100EB8400A6
S3150804305004F03BF8EA88F088824207D92B68121AEA
S315080430600021920003EB800003F0E4FFD8F8002067
S3150804307023463168286800F087FC024698B901237C
S31508043080AB800DE0D8F8003003EB840353F8043C16
S315080430900BB9013CC7E7F188A142C6D26FF009070C
S315080430A03846BDE8F0812968EB8801EB84010846B7
S315080430B01B1B00F097FD0028E1D0EFE76FF00F0720
S315080430C0EEE72DE9F843B2F804C0B1F90440054621
S315080430D01CFB04FC67467B430E4691461DD51146E8
S315080430E03046FFF7BEFEB0F1FF3F80460CD04A4695
S315080430F031462846FFF791FF68B9B8F1000F08BFB3
S3150804310001240020AC8006E032462846FFF785FFF6
S3150804311008B96442AC80BDE8F883FFF731FF00289C
S31508043120EFD06FF00F00F6E70123FFF7CABF4FF0A1
S31508043130FF33FFF7C6BF1FB582EAE273A3EBE27358
S3150804314001930123D20FC2EBC23252000132ADF809
S315080431500C20ADF80E3002AA01AB0293FFF7E7FF85
S3150804316005B05DF804FB2DE9F04701231446002257
S3150804317086B0884206460D46CDE90223CDE90423E6
S3150804318010D102A8FFF7A8FD58B16FF00F0904A8DB
S31508043190FFF72CFD02A8FFF729FD484606B0BDE84F
S315080431A0F08702ADA64206D1314604A8FFF794FD7E
S315080431B00028EAD104ACEF884FBBB7FA87FAB4F80B
S315080431C006804FEA5A1AB8F1000F29D107EB08010D
S315080431D03046FFF719FDB8F1000F08BF4AF0010A97
S315080431E001460028D1D13046FFF7ACFD81460028B8
S315080431F0CBD1CDF800803A4623682968306800F0B8
S31508043200A1FCBAF1000F15D00123B380BFE72B68E0
S3150804321003EB870353F8043C002BCED1013FCBE7DD
S31508043220236803EB880353F8043C002BCED108F13A
S31508043230FF38C8E7AB88A28813FB02F39BB2E4E71E
S315080432402DE9F34104460F461546CE8836B13B6848
S3150804325003EB860353F8043C3BB145B900212046E9
S3150804326002B0BDE8F041FFF76DBD013EEEE720462A
S31508043270711CFFF7C9FC28B16FF00F08404602B06D
S31508043280BDE8F08139462046FFF726FD804600282A
S31508043290F2D1013D009533463A68E188206800F08A
S315080432A090FBEBE770B504460D461046002116461A
S315080432B0FFF74EFE002824DB2A4633462146002023
S315080432C0DFF75AFA054638B1284670BD3246214614
S315080432D02046FFF729FF90B900212046FFF738FE5C
S315080432E00028F3DB31462046FFF7EAFD0028EBDB2E
S315080432F0324621462046FFF71AFF0028F2D0054633
S31508043300E2E76FF00905DFE7F0B501231546002269
S3150804331085B0064668460C46CDE90023CDE9022366
S31508043320FFF7DAFC50B16FF00F046846FFF75EFC4E
S3150804333002A8FFF75BFC204605B0F0BD294602A8A3
S31508043340FFF7CAFC0028EED16846FFF727FD0746B3
S3150804335002A8FFF723FD054650B9014602A8FFF760
S315080433600DFD28B921463046FFF7B6FC0446DCE7CE
S315080433700123ADF80C30ADF8043000216846FFF798
S31508043380E7FD80B9AF42394602A828BF2946FFF7A8
S3150804339040FD0028C7D1304602A9FFF79DFC044624
S315080433A00028C2D0BFE76846FFF7F8FC014668461E
S315080433B0FFF74EFD02A8FFF7F1FC014602A8FFF746
S315080433C047FD684602A9FFF77BFD00280CDB694622
S315080433D0684602AAFFF721FE04460028A5D1012162
S315080433E06846FFF735FDC8E702A96A460846FFF7A7
S315080433F014FE0446002898D1012102A8F1E7F7B57E
S315080434000E1E044615461F4614DB1046FFF7A0FD9C
S3150804341000280FDD2046E988FFF743FC68B9089BB6
S315080434203146CDE90073E3882A682068DFF718FC7B
S3150804343003B0F0BD6FF00300FAE76FF00F00F7E78B
S315080434402DE9F04F95B001900F461046012190469C
S31508043450FFF77EFD002840F39781012600254246A2
S31508043460394602A8CDE90456CDE90256CDE90C56EB
S31508043470079609960B960F9611961396FFF744FF2F
S315080434800446002840F06D81314602A8FFF760FD26
S315080434900546002840F05C814246394604A8FFF7F1
S315080434A001FF0446002840F05C81069004A906A89A
S315080434B0FFF712FCDDF818A020B941460CA8FFF75F
S315080434C00BFC40B14FF0000B5D46D9465E465F469D
S315080434D06FF00F0409E10E9041460EA8FFF7FCFBB6
S315080434E0DDF83890002840F042813146089008A853
S315080434F0FFF728FC089F0146002840F03B810A9004
S315080435000AA8FFF71FFC0A9E8346002840F0368166
S315080435100146109010A8FFF715FC109D002840F0EE
S315080435203081012112A8CDF848B0FFF70BFCDDF86D
S3150804353048B00028CCD1DAF80020D00753D5D9F8FA
S315080435400020D3077AD50EA906A8CDF818A0CDF879
S315080435503890FFF7B5FC0028C0F29F8006A90846F4
S315080435600EAAFFF7E4FDDDF818A00446002840F08B
S31508043570BC8008A9084610AA08971095FFF7D7FD36
S31508043580089F0446002840F0B0800AA9084612AAF3
S315080435900A96CDF848B0FFF7CAFD0A9E04460028E5
S315080435A040F0A380002106A8CDF818A0FFF7D0FCA8
S315080435B00028C0D1002110A81095FFF7C9FC0028DF
S315080435C0C0F28980414610A81095FFF779FC0028B7
S315080435D080F2B380019810A9FFF77EFB041E18BF7A
S315080435E06FF00F0481E0012106A8CDF818A0FFF7B3
S315080435F02FFC3A68D30702D43268D40713D508A92E
S3150804360008460CAA0897FFF78FFD089F044600286A
S315080436106BD10AA9084604AA0A96FFF788FD0A9EEA
S315080436200446002861D1012108A80897FFF710FC71
S3150804363001210AA80A96FFF70BFC7CE701210EA8CC
S31508043640CDF83890FFF704FC2A68D10703D4DBF8D1
S315080436500020D20715D510A908460CAA1095FFF71D
S3150804366063FD109D044600283FD112A9084604AA02
S31508043670CDF848B0FFF75BFDDDF848B004460028EE
S3150804368033D1012110A81095FFF7E2FB012112A8F6
S31508043690CDF848B0FFF7DCFB51E70EA9084606AAA1
S315080436A0FFF745FDDDF838900446F0B910A9084639
S315080436B008AA10950897FFF73AFD109D0446A0B985
S315080436C012A908460AAACDF848B00A96FFF72FFDAC
S315080436D0DDF848B062E710A942460846FFF724FD1C
S315080436E0109D044600283FF465AF04A8FFF77EFA48
S315080436F006A8CDF818A0FFF779FA08A80897FFF7DF
S3150804370075FA0AA80A96FFF771FA02A8FFF76EFA7D
S315080437100CA8FFF76BFA0EA8CDF83890FFF766FAEF
S3150804372010A81095FFF762FA12A8CDF848B0FFF76B
S315080437305DFA204615B0BDE8F08F10A94246084642
S31508043740FFF7F5FC109D044600283FF43BAFCCE791
S31508043750A3462546A14626462746A2466FF00D04EB
S31508043760C3E7AB46A9462E462F46AA46BDE7A34657
S315080437702546ABE6A34625462646A9E6A346254698
S31508043780A6E64FF0000BA3E66FF00304D1E7013970
S31508043790002901DA0020704750F82130002BF6D0B2
S315080437A0B3FA83F00131C0EB4110704739B101F126
S315080437B08041013900EB81018142034600D27047FA
S315080437C01B680A681BBA12BA40F8042B41F8043974
S315080437D0F2E72DE9F0411C4613F0030318BF012351
S315080437E003EB94038B4206460D46904613D879B1EB
S315080437F08F003A46002103F01DFC2CB1381B2246E3
S315080438004146304403F061FC29463046FFF7CEFFB3
S315080438100020BDE8F0816FF00700FAE7B3EB810FEB
S3150804382070B504464FEA8105104619D95A1B8618FD
S31508043830002103F0FFFB30462B460021C2188B42B9
S3150804384010D1002070BD22F00301615802F003066E
S31508043850F600F140C9B281B90132AA42F3D3ECE7C2
S315080438601A46FAE721F00300205801F00305ED0093
S31508043870E84002F8010D0131E1E76FF00700E1E7DE
S3150804388053098B42F0B402F01F0401D805D13CB3A6
S31508043890F0BC8A00002103F0CDBB1F2A22D834B11C
S315080438A0002200EB8101C4F1200681420FD1F0BC4D
S315080438B0704752F8047B45F8047FB242F9D10022D6
S315080438C0CB1A8B42EBD240F823200133F9E751F89F
S315080438D0045D25FA04F313430B6005FA06F2E4E7DC
S315080438E01F2AE4D900EB8302051F00EB8106E4E7EF
S315080438F01F2AF0B54FEA521402F01F0512D96FF0C9
S3150804390003060B4606FB04069C4203F1FF3212D358
S31508043910631A8C4288BF002300220B4400EB8303FE
S3150804392083420ED135B1002200EB8400C5F120078D
S315080439308C4209D3F0BD56F8223040F8223013469B
S31508043940E2E743F8042DEBE70668013406FA05F3C3
S31508043950134340F8043B26FA07F2E9E7F0B50024D6
S31508043960844620469C4200D1F0BD51F8245052F8B2
S3150804397024702E182CBF01250025BF194CF8247075
S3150804398045F100000134EDE7F0B50024064620466B
S315080439909C4200D1F0BD51F824C052F82470ACEB17
S315080439A00005AF4294BF4FF0000E4FF0010EED1B19
S315080439B046F8245084452CBF70460EF101000134A4
S315080439C0E6E78B4228BF0B462DE9F047DD08A1EB55
S315080439D0030E074603F0070811460346AC460020C3
S315080439E0089C0CF1FF3CBCF1FF3F03F1200301F1F5
S315080439F0200112D102EB45114FEA880607EB45155B
S31508043A0001EB880CBA1A614540F082803544BEF150
S31508043A10010E80F08C80BDE8F08751F8206CA6FB77
S31508043A20049610EB090953F8200C46F1000610EB2E
S31508043A30090043F8200C51F81C0C46F10006A0FBBB
S31508043A400409361853F81C0C49F10009801943F87F
S31508043A501C0C51F8180C49F10009A0FB040619EBD3
S31508043A60000953F8180C46F1000610EB090043F850
S31508043A70180C51F8140C46F10006A0FB0409361874
S31508043A8053F8140C49F10009801943F8140C51F839
S31508043A90100C49F10009A0FB040619EB000953F8B8
S31508043AA0100C46F1000610EB090043F8100C51F807
S31508043AB00C0C46F10006A0FB0409361853F80C0C46
S31508043AC049F10009801943F80C0C51F8080C49F11E
S31508043AD00009A0FB040619EB000953F8080C46F183
S31508043AE0000610EB090043F8080C51F8040C46F1DB
S31508043AF00006A0FB040A16EB000953F8046C4AF105
S31508043B00000016EB090640F1000043F8046C68E768
S31508043B100F4657F8043BA3FB0438C318885848F1E2
S31508043B200008C3188B5048F1000039466BE72B6828
S31508043B301B182CBF01200020003818BF012045F8A7
S31508043B40043B64E72DE9F347DDF8289015464A4413
S31508043B500F469200002106469846002403F06AFAA6
S31508043B6005F1010A4C4502D102B0BDE8F08758F8C0
S31508043B70243006EB840000933A462B465146FFF759
S31508043B8020FF0134EEE72DE9F04712F0030418BFCD
S31508043B90012404EB92048C420646884617461D46C1
S31508043BA04FEA840AC2EB840919D84A46002103F06D
S31508043BB041FAA8EB04020021920006EB0A0003F07E
S31508043BC039FA3A46089806EB0901A847054618B98A
S31508043BD021463046FFF7EAFD2846BDE8F0876FF030
S31508043BE00305F9E770B50646002410469C4200D141
S31508043BF070BD51F82420151A34BF01220022101E64
S31508043C0046F8245018BF01200134EFE710B50446DE
S31508043C1078B14378012B04D1BDE81040406801F01F
S31508043C2096BD0378012B02D10830FDF78FF90023DE
S31508043C30237010BD416E38B501F00303032B044607
S31508043C4006D1826A32B9436B023B012B1CD8026245
S31508043C50002038BD056B2378681E0343606A023A60
S31508043C60003818BF012043EA80130020520843EAAB
S31508043C70C2032370236AC2B2954200F1010006D832
S31508043C8053B141F0100161666FF00C00E1E7C2F12F
S31508043C900F02A3541B0AEEE72246214604F1380014
S31508043CA0DFF79EF80028D4D0636E43F010036366EA
S31508043CB0CFE72DE9FF4705460C469046002110221A
S31508043CC068469A46DDF8309003F0B4F96A4605F179
S31508043CD0100105F13800DFF783F86F46064658B138
S31508043CE06B6E43F010036B6638461021E1F7D8F97A
S31508043CF0304604B0BDE8F08739190446221D9045BC
S31508043D0009D2A045F0D91AF804300A5D534009F8D7
S31508043D1004300134F5E75AF804300859434049F8A1
S31508043D2004301446EAE76822002103F083B9F8B59B
S31508043D300F4600F13804204615461E46FFF766FF6F
S31508043D4039462046DEF7D6FF10B16FF00C00F8BDF1
S31508043D50324629462046DEF7F7FF0028F7D0F4E76F
S31508043D6010B5044640B13830FFF750FF2046BDE889
S31508043D7010406821E1F794B910BD2DE9F0411D46BC
S31508043D80073B062B0446164628D8A04600F111031D
S31508043D90C5F10F07416307630F2218460021013F47
S31508043DA003F048F92A46314608F8107F03F08DF9DE
S31508043DB0681C226B0021404403F03CF901232A467F
S31508043DC0E377E018314603F080F9636E204643F042
S31508043DD001036366BDE8F041FFF72CBF6FF00C00E2
S31508043DE0BDE8F081022B30B412D0102B10D813F092
S31508043DF001050DD1B1F57F4F0AD2C0E90A3530BCA9
S31508043E00436EC0E9082143F002034366FFF712BF75
S31508043E106FF00C0030BC70472DE9F04F9A46436E9C
S31508043E200446DB068946164689B000F1C380836AD0
S31508043E302BB1C36A1344026A934200F2BB80129BF5
S31508043E409E4200F2B780139B0DF1100B1E6004F11D
S31508043E50380303930EB9334686E0E36A03F00F0783
S31508043E60C7F11005B54228BF35462B44E362636B98
S31508043E7023F00203012B3FD0636B33F0020828D1E9
S31508043E804B462A4639462046CDF800B0FFF711FFBF
S31508043E900346002868D15846E319A3F1040C08F12F
S31508043EA0040295426BD24344454572D82A4659467C
S31508043EB0504603F00AF97B19102B03D0E26A236AE9
S31508043EC09A4273D1224621460398DEF789FF0346B0
S31508043ED048BB2F44102F65D10021206BCBB29842E2
S31508043EE064D9C3F10F0323441A7C01310132D2B2D7
S31508043EF01A74002AF2D059E00023E119181D8542E4
S31508043F0001EB030214D29D421BD87B19102B03D054
S31508043F10E26A236A9A421CD1224621460398DEF7AE
S31508043F205FFF0346A8B1626E42F0100262661BE0A8
S31508043F3059F8032051F803C082EA0C02CA50034612
S31508043F40DCE719F8030011780133414002F8011B34
S31508043F50D9E74B462A4639462046CDF800A0FFF74E
S31508043F60A8FE0346002887D010210DEB0100039311
S31508043F70E1F796F8039B184609B0BDE8F08F5CF89C
S31508043F80021050F804EB904681EA0E014CF8021030
S31508043F9085E71A781BF8081008F101084A4003F85F
S31508043FA0012B81E7E26A236A9A4295D0761BA944D3
S31508043FB0AA444FE76FF00C03DDE74822002103F01B
S31508043FC039B810B50446FFF7CBFE2046BDE81040C5
S31508043FD006F01EB810B568210120FEF70BF9044651
S31508043FE008B1FFF7A0FE204610BD13460A46022173
S31508043FF0FFF79DBE10B50446FCF7A8FF2046BDE8AA
S31508044000104006F005B810B524210120FEF7F2F891
S31508044010044608B1FCF796FF204610BDFCF7B7BF67
S31508044020FCF79ABFDAF748BFDAF7E2BEF8B5046CCC
S315080440300E460734E4089C4228BF1C46114605462A
S3150804404022463046FEF7C7FE0746C8B92B6CE10080
S31508044050B3EBC40F0DD3343529463046FEF730FF8B
S3150804406000280DDB2A4631463046BDE8F840FFF7FE
S315080440705EB83046C91AFEF7EBFE0028EBD00746B1
S315080440803846F8BD70B5002688B0DDE90E45CDE999
S31508044090035402940D9CCDE9055601940C9C009496
S315080440A0DFF78EF908B070BD10B5002486B0059404
S315080440B00C9C04940B9C03949DF828400294099C38
S315080440C00194089C0094DFF741FA06B010BD1FB5A9
S315080440D000240294079C0194069C0094DFF796FA40
S315080440E004B010BD2DE9F34101F1100506460F464B
S315080440F028460021FEF72CFF044698B36846FEF7C7
S3150804410070FD29466846321DFFF79AF9044630BB06
S3150804411007F108086B46424641463046DFF71CFB62
S315080441200446E0B96B466A4669463046DFF714FB2F
S315080441300446A0B96B463A4639463046DFF70CFBC7
S31508044140044660B96B46424641463046DFF704FBEF
S31508044150044620B901212846FEF7F4FD04466846BC
S31508044160FEF744FD204602B0BDE8F081F7B50D46DA
S315080441700446083568461646FEF733FD00212846E8
S31508044180FEF7E6FE211D07462A466846FEF7CFFFD8
S31508044190044648B9002F0CBF002206F001026946FE
S315080441A02846FEF755FD04466846FEF71FFD2046D9
S315080441B003B0F0BD38B50C46051D29462046FEF762
S315080441C07FFE002801DA002006E02A46214620461A
S315080441D0FEF723FF0028F0D038BD70B50C46054617
S315080441E0114620461A46FEF79FFF064630B904359F
S315080441F029462046FEF764FE002801DA304670BDDB
S315080442002A4621462046FEF708FF0028F0D006462F
S31508044210F4E770B50C460646114620461A46FEF7DC
S3150804422086FF054648B90436B4F90430002B04DA87
S3150804423000212046FEF78CFE08B9284670BD324692
S3150804424021462046FEF770FF0028EDD00546F4E720
S3150804425010B50446FEF7CAFC04F10800FEF7C6FCCE
S3150804426004F11000BDE81040FEF7C0BC2DE9F04784
S31508044270C3F34508B8FA88FA0C4615464FEA5A1A9B
S3150804428007465246294620461E46FEF7E1FC48BB29
S3150804429004F108095246484605F10801FEF7D8FC18
S315080442A000BB08F1FF33D3F1000848EB0308424684
S315080442B0204605F11801FEF7CBFC98B94246484654
S315080442C005F12001FEF7C4FC60B921463846F20917
S315080442D0FFF74CFF30B904F110000121BDE8F0479F
S315080442E0FEF730BDBDE8F08738B50C460546012112
S315080442F02046FEF78EFD28B921462846BDE83840F3
S31508044300FFF758BF38BD2DE9F84F1E4603F10805D7
S31508044310C36804468A469046002B40F0C08002F1E2
S3150804432010031A462946DFF717FA002840F0EF80EB
S3150804433006F110072B46424639462046FFF74DFF3D
S31508044340002840F0E48006F118092B4642464946FF
S315080443502046FFF75EFF002840F0D9804B463A46D0
S3150804436029462046DFF7F8F9002840F0D0800322D2
S3150804437029463046FEF764FF002840F0C8803146D7
S315080443802046FFF717FF002840F0C18008F1080B04
S3150804439006F110075B465A4639462046DFF7DCF92C
S315080443A0002840F0B48039462046FFF79DFF0028D0
S315080443B040F0AD803B46424629462046DFF7CCF915
S315080443C0002840F0A48029462046FFF78DFF0028E0
S315080443D040F09D8006F118093B463A464946204670
S315080443E0DFF7BAF9002840F0928049462046FFF7DD
S315080443F07BFF002840F08B803346324639462046F8
S31508044400DFF7AAF9002840F082802B463A46394657
S315080444102046FFF7FEFE002879D12B463A46394650
S315080444202046FFF7F6FE002871D13B462A46294660
S315080444302046FFF7EEFE002869D133462A46294668
S315080444402046DFF789F9002861D14B462A462946D2
S315080444502046FFF7DEFE002859D15A46494620462B
S3150804446008F11003DFF778F9002850D149462046A9
S31508044470FFF73AFF00284AD139465046FEF72CFC86
S31508044480002844D129460AF10800FEF725FCF0BBAA
S3150804449049460AF11000BDE8F84FFEF71DBC13465D
S315080444A02946DFF759F990BB032229463046FEF719
S315080444B0C7FE60BB31462046FFF77CFE38BB04F1D5
S315080444C00C0701463846FEF743FD00283FF45EAF65
S315080444D008F110031A4629462046DFF73DF9B0B914
S315080444E006F110092B462A4649462046DFF734F9D1
S315080444F068B93B464A4629462046DFF72DF930B9BE
S315080445002B46324631462046FFF767FE3BE7BDE8B1
S31508044510F88F0346C06920B15B6A002B14BF0120DB
S315080445200220704710B50446FEF75BFB04F1080049
S31508044530FEF757FB04F11000BDE81040FEF751BB27
S3150804454038B50025044600F8045BFEF74AFB04F177
S315080445500C00FEF746FB04F11400FEF742FB04F1D7
S315080445601C00FFF7DFFF04F13400FEF73AFBC4E949
S315080445700F55C4E91155C4E91355C4E91555E5653C
S3150804458038BD10B50446FFF7DBFF04F16000FEF7FB
S3150804459028FB04F16800BDE81040FFF7C3BF08B163
S315080445A0FFF756BE704770B5044658B3436C012BE3
S315080445B011D00C30FEF71AFB04F11400FEF716FBB3
S315080445C004F11C00FFF7EBFF04F13400FEF70EFBC1
S315080445D0201DFEF70BFBA36D8BB92046BDE8704082
S315080445E06021E0F75DBD06FB0500FFF7D8FF01353E
S315080445F0D4E91603AB42F6D805F00AFDEDE7002523
S315080446001826F5E770BD10B5044658B1FFF7CBFF79
S3150804461004F16000FEF7EAFA04F16800BDE8104008
S31508044620FFF7BDBF10BD38B504460D46FEF754FB6B
S3150804463070B905F1080104F10800FEF74DFB38B915
S3150804464005F1100104F11000BDE83840FEF744BB3B
S3150804465038BD10B501210446FEF774FB60B9012183
S3150804466004F10800FEF76EFB30B9014604F11000A8
S31508044670BDE81040FEF766BB10BD002108B5103032
S31508044680FEF766FCB0FA80F0400908BDF0B514469A
S3150804469085B0074602A80D461E46FEF7A2FA002173
S315080446A02046FEF755FC78B931463846DFF77EFAD8
S315080446B0044618B92846FFF7CCFF044602A8FEF7B5
S315080446C095FA204605B0F0BD01212046FEF740FCC8
S315080446D058B931463846DFF769FA04460028EDD159
S315080446E031462846FFF79FFFE7E74FF0FF3120469C
S315080446F0FEF72EFC18BB31463846DFF757FA044650
S315080447000028DBD131462846FFF78DFF04460028EA
S31508044710D4D1083501462846FEF71AFC2A46064629
S31508044720391D02A8FEF703FD04460028C6D1321E29
S3150804473018BF0122284602A9FEF78AFABDE7002314
S315080447402246CDE90033294633463846DFF7DEFAF2
S31508044750B3E71FB500240294079C0194069C0094B1
S31508044760DFF7B6FC04B010BD0B6810B504681C442A
S3150804477004600B689C422CBF0024012443681B195F
S3150804478043604C68234443601068496840F100005C
S315080447908B4238BF0130106010BDF0B50468550966
S315080447A0231F1E4604EB850556F8047FFF43AE42D5
S315080447B03760F9D153F8046F01361E600EB9AB425F
S315080447C0F8D14FF6FF73D2088380A3585B1AA35017
S315080447D0F0BD2DE9F04F112185B00190FEF714FACA
S315080447E00290002840F09681019B18680368D0F867
S315080447F02080D0F824E013EB08092CBF01230023FA
S31508044800C76A1EEB090943F100034F4588BF013BFC
S31508044810056BA9EB070C654588BF013B446BACEBFC
S315080448200506B44288BF013B826B311B8A4288BFA6
S31508044830013B891A5FFA83FC002B4668016080F203
S315080448406D8159428E424FF0FF3128BF00211E4424
S31508044850D0F828C01EEB060641F100011CEB06033E
S3150804486003932CBF012300231E4656FA81F1039EA7
S31508044870039BB54288BF0139A3EB050A544588BF93
S315080448800139AAEB040B5A4588BF0139C36BABEB54
S3150804489002094B4588BF01394FFA81FA5FFA81FB51
S315080448A0BAF1000FA9EB03018668416080F23C81E6
S315080448B0CAF100018E424FF0FF3128BF0021564449
S315080448C01CEB060641F10001BE192CBF4FF0010B83
S315080448D04FF0000B5BFA81F1B44288BF0139A6EBAD
S315080448E0040A524588BF0139AAEB02094B4588BF19
S315080448F00139CEB249B2A9EB03090029C0F80890D8
S31508044900D0F80C9080F216814E42B1454FF0FF362E
S3150804491028BF0026894417EB090146F100067918D1
S3150804492046F10006691846F10006691846F10006BC
S3150804493061182CBF4FF0010B4FF0000B5BFA86F69B
S315080449408B4288BF013EA1EB030AD04588BF013ECE
S31508044950AAEB0809CE4588BF013EF1B276B2A9EBA7
S315080449600E09002EC0F80C90D0F8109080F2E8805A
S31508044970C6F1000AD1454FF0FF3A28BF4FF0000AA6
S31508044980B14415EB09014AF10006691846F1000617
S31508044990611846F10006611846F1000651182CBF45
S315080449A04FF0010A4FF0000A5AFA86F68E4588BF78
S315080449B0013EA1EB0E09CC4588BF013EF1B276B2A1
S315080449C0A9EB0C09002EC0F81090D0F8149080F2C8
S315080449D0BF80C6F1000AD1454FF0FF3A28BF4FF011
S315080449E0000AB14414EB09014AF10006611846F1BC
S315080449F00006511846F10006511846F100065918E2
S31508044A002CBF4FF0010A4FF0000A5AFA86F68C4575
S31508044A1088BF013EA1EB0C094F4588BF013EF1B2A0
S31508044A2076B2A9EB0709002EC0F81490D0F81890AE
S31508044A3080F29680714289454FF0FF3128BF0021E4
S31508044A40B14412EB090941F1000112EB090941F1DC
S31508044A50000113EB090941F1000113EB090941F1BE
S31508044A60000112EB090241F10006A2182CBF01212C
S31508044A70002151FA86F6904588BF013EA2EB080943
S31508044A80CE4588BF013E5FFA86FA76B2A9EB0E02D6
S31508044A90002E8261C26969DA71428A424FF0FF3197
S31508044AA028BF002132449A1841F100019A1841F1AD
S31508044AB000019B1841F1000118EB03032CBF4FF0CA
S31508044AC001084FF0000858FA81F19C4588BF01395E
S31508044AD0A3EB0C0E774588BF0139AEEB0706B54242
S31508044AE088BF0139721B944288BF013949B221EA49
S31508044AF0E1730362019B121BC2610024DA8808234E
S31508044B0001339A4238D8002904DA4FF4807201989E
S31508044B10FFF743FE029805B0BDE8F08F16EB0C06C6
S31508044B202CBF0121002193E616EB0B062CBF0121AD
S31508044B300021C5E619EB06092CBF01260026EAE67C
S31508044B4019EB01092CBF4FF0010A4FF0000A18E7C8
S31508044B5019EB01092CBF4FF0010A4FF0000A41E78F
S31508044B6019EB01092CBF012100216AE712EB0A029D
S31508044B702CBF0121002196E740F82340C0E72DE920
S31508044B80F0470F210546FEF73FF80646002840F091
S31508044B90D5802A681168D2F81C90D2F82CE04945C9
S31508044BA0A1EB09002CBF00210121864588BF0131EC
S31508044BB0A0EB0E00494210604BB2506839B1194651
S31508044BC05B4298424FF0FF3328BF00230844D2F8CB
S31508044BD02080116B804588BF013BA0EB0804A142E5
S31508044BE088BF013B641A5BB2D2F808C054603BB173
S31508044BF018465B429C454FF0FF3328BF0023844484
S31508044C00576A546B674588BF013BACEB070084427F
S31508044C1088BF013B001B5BB2D2F80CC090603BB165
S31508044C2018465B429C454FF0FF3328BF0023844453
S31508044C30906A6045A9EB000AE24494BF4FF0000C61
S31508044C404FF0010CD14594BFCCF1000CCCF1010C0A
S31508044C501EEB0A0A43EB0C034FFA83F9B9F1000F6A
S31508044C6003F0FF0CC2F80CA013696ADAC9F1000C48
S31508044C7063454FF0FF3C28BF4FF0000C4B449E455C
S31508044C80A8EB0E0994BF4FF0000E4FF0010E99449D
S31508044C90C84594BFCEF1000ECEF1010E11EB0903FF
S31508044CA04CEB0E0C0CF0FF0EBCF1000F13615369AC
S31508044CB04FDACCF1000E73454FF0FF3E28BF4FF094
S31508044CC0000E63449942A7EB010C94BF002101210D
S31508044CD09C44674594BF4942C1F1010114EB0C0396
S31508044CE04EEB010101F0FF0700295361936938DA95
S31508044CF0C1F1000C63454FF0FF3C28BF4FF0000C90
S31508044D000B449C4294BF00210121071B1F44B8424F
S31508044D1094BF4C42C1F1010404EB0C0121EAE1738E
S31508044D20D36100240723E8889761013398421FD882
S31508044D30002903DAE0222846FFF72FFD3046BDE8AE
S31508044D40F08713EB0C032CBF4FF0010C4FF0000C4B
S31508044D5095E713EB0E032CBF4FF0010E4FF0000E30
S31508044D60B0E7DB192CBF4FF0010C4FF0000CC8E775
S31508044D7042F82340D9E700232DE9F7430C210646D8
S31508044D800193FDF741FF0546002851D1346801AA6D
S31508044D9004F1180804F1280741462046F688FFF767
S31508044DA0E3FC20463946FFF7DFFC0199A36804F1C2
S31508044DB008095B182CBF01210021A360E368484653
S31508044DC0C9182CBF01230023003B18BF0123E16047
S31508044DD0414604F120080193FFF7C6FC48464146BC
S31508044DE0FFF7C2FC48463946FFF7BEFC236901991A
S31508044DF004F1100959182CBF0123002321616169A4
S31508044E0048465B182CBF01210021003918BF01212F
S31508044E10636101914146FFF7A7FC39464846FFF707
S31508044E20A3FC019B04EB8606A3611C34A64203D8A3
S31508044E30284603B0BDE8F08344F8045BF6E710B5EA
S31508044E4048220021044602F0F5F842F21073E3639F
S31508044E5010BD2DE9F0430446884616469946456B27
S31508044E60E1B0E3B105EB45025208B6F5807F3ED8BA
S31508044E703244B2F5C07F3AD84FF4C072002168466E
S31508044E8002F0D8F82A466946236C606C6F46984740
S31508044E9038B16FF00806304661B0BDE8F0832A469B
S31508044EA0E3E7656BB9F1000F09D0236C606C6A08F7
S31508044EB0791998470028ECD1636B05EB5305B8F1CB
S31508044EC0000F06D02EB178193246414602F0FDF895
S31508044ED035442A4639462046DFF714FA064608B901
S31508044EE00123236329463846E0F7DAF8D3E76FF057
S31508044EF00406D0E72DE9F0411646012204460D467C
S31508044F001F46DFF76FFAC8B9284600F0B4F804F16B
S31508044F101008024641462046DFF7FAFA70B92846D1
S31508044F2000F0A9F801210246404602F083F83A4601
S31508044F3031462046BDE8F041DFF7E4B9BDE8F08123
S31508044F400023FFF786BF2DE9F84F15460446006887
S31508044F5088461E460A9F00F08EF8B5F5806F81468E
S31508044F604BD8B7F5807F4BD8236CD3B1A36B012BF1
S31508044F7003D0226BE36B9A4213DD3A463146204648
S31508044F80FFF7DEFFC0B9074604F1100AB5B93A4679
S31508044F9031462046DFF7B6F970B9236B013323632C
S31508044FA00AE0002EF0D0002FEED03A4631462046CD
S31508044FB0DFF7A8F90028E7D0BDE8F88F4D45204665
S31508044FC0AB4628BFCB46DFF757FB0028F4D14A4641
S31508044FD051462046DFF716FB0028EDD151462046F8
S31508044FE0DFF720FB0028E7D140465A46514602F02F
S31508044FF06CF8D844A5EB0B05C8E76FF00200DBE7AD
S315080450006FF00400D8E7002307B50093FFF79BFF6A
S3150804501003B05DF804FB10B5044640B100F008F887
S3150804502048212046E0F73CF842F21073E36310BDCA
S3150804503010B50446F0B10368E3B1806838B1227943
S31508045040012A11D100F04EFDA06804F0E1FFE068E2
S3150804505020B123689978490000F009F92046BDE88B
S3150804506010401021E0F71CB81B78092BECD1FBF78C
S3150804507054FFE9E710BD00B1407870476FF02D0082
S3150804508070470023036043608360704710B5044685
S3150804509068B1006810B1616800F0E9F8A06804F026
S315080450A0B7FF2046BDE810400C21DFF7F9BF10BD55
S315080450B00023C0E900338360704710B5044658B12D
S315080450C003681BB19B6A0BB1406898472046BDE844
S315080450D01040A021DFF7E4BF10BD10B1006800B18D
S315080450E00078704730B5A9B00C4615460146A0228B
S315080450F0684601F0EAFF6846FFF7EFFF0238022820
S315080451000AD801992B4622460878DFF70DF808B124
S31508045110A0F5745029B030BD00231B78FFDEF0B526
S3150804512045689BB00E4628786946174601F035FD52
S315080451300021044616220DF10E00019101F07AFFB2
S31508045140012344F4E24405933A46314601AB03A8E5
S31508045150ADF80C40E0F7A4FB18B1E1F73FFC1BB02F
S31508045160F0BD4122019802AB09A900F0C8FB044628
S31508045170019800F0ECFA0CB12046EEE70028ECD1D1
S315080451802846029B09AA05F16801DEF7C9FCE6E789
S3150804519038B54468134604F168050A462046294684
S315080451A0DEF7BEFC28B929462046BDE83840DEF7B6
S315080451B0FDBC38BD0368D90444BF43F48063036067
S315080451C09A0444BF43F40063036070470238022814
S315080451D08CBF0020012070474368D86B704702389B
S315080451E001288CBF002001207047031F58425841EC
S315080451F0704710B50446FFF706FA2046BDE8104086
S3150804520004F006BF10B580210120FCF7F3FF04461D
S3150804521008B1FFF7B6F9204610BD2DE9F043D0F8DA
S31508045220049099B04F4606A917F8680B15461E460A
S3150804523001F0B3FC41230DF11C0804460193002236
S3150804524039464846CDF8008005ABDEF70FFC58B959
S31508045250219B22460393209B4046CDE90163059989
S31508045260069B0095DFF790FB19B0BDE8F08310B5EF
S31508045270044608B1DFF714FF2046BDE8104004F0E1
S31508045280C7BE00F4E040B0F5805F04D0A0F5005333
S31508045290584258417047012070472DE9F743DDE924
S315080452A00A89CDE9008904460D4616461F46DAF7EB
S315080452B0CDFF10F1860F0AD13B46324629462046D1
S315080452C0CDE90A8903B0BDE8F04301F086BA03B014
S315080452D0BDE8F0833AB1002918BF00232121D21A68
S315080452E0184401F0A7BE704738B5037904460D463D
S315080452F04BB9636900202B60237E012B0AD02860F2
S315080453006FF0960005E0D0E9081201F008FB0028C2
S31508045310EFD038BD02232376FBE700232DE9F341BA
S315080453204668D0F8148004460F4630461146136082
S3150804533001F0C6FA054688B9304601F0C3FA0546AF
S3150804534060B9F6B276B9B8F1000F05D1A06820F4B1
S315080453507F4020F0030060B16FF08605284602B04E
S31508045360BDE8F0810146606901F082FA0028EDD1B2
S31508045370F2E74FF6F87362889A4219D894F80480CB
S31508045380B8F1000F00D101A83946E1F72DFA054610
S315080453900028E3D10FCC3F683E460FC694E80300C5
S315080453A086E80300B8F1000FD8D1019B7B61D5E7E5
S315080453B06FF08505D2E7434213F07F0320D05842A5
S315080453C010F15F0F80F2C98010F16C0F48DA10F102
S315080453D0700F00F0F28010F16F0F80F2B68010F5AE
S315080453E0645F00F08E8000F3A58010F5685F6DD0C9
S315080453F000F39D8010F56C5F1DD010F56A5F64E0BC
S3150804540010F56E5F00F0D680DADC10F59C4F78D084
S315080454105FDC10F5C44F00F0C48034DC10F5C74FC8
S3150804542000F0C280C0F2CF8010F5C64F69D010F5DF
S31508045430C54F40F0C8806FF086007047012300F11D
S315080454400E02934040F217521342F4D100283FD07B
S3150804545010F1080F14BF6FF083006FF089007047CE
S31508045460012300F16C02934041F250521342E2D1F7
S31508045470DB0700F1A58010F16A0F14BF6FF08300F3
S315080454806FF08C00704710F5A24FD4D010DC10F5DD
S31508045490C14F1BD005DC10F5C34F06D010F5C24F1B
S315080454A0C7E710F5A34F40F08E806FF08C00704765
S315080454B010F59E4F00F0848005DC10F5A14F05D049
S315080454C010F59F4FB5E710F59D4F7CD16FF0850019
S315080454D0704710F5785F6AD01BDC10F5994FAAD08F
S315080454E008DC10F59B4FE0D010F59A4F6BD16FF09E
S315080454F09300704710F57E5FD7D005DC10F5984FFA
S3150804550061D16FF09400704720F0800010F57C5F3D
S315080455108FE710F5705F4DD055DC10F5725FD5D066
S3150804552051DC10F5765F86D010F5745F81E710F5C7
S31508045530665FCAE710F5625F42D010F1720F14BFB6
S315080455406FF083006FF08500704710F16E0F14BF7B
S315080455506FF083006FF096007047002833DC10F173
S315080455600E0FBFF66BAF10F13B0F0ADA10F13D0FC1
S31508045570BDDA10F1400F14BF6FF083006FF093008B
S31508045580704710F1100F90D010F10F0FB9D010F129
S31508045590210F3FF450AF10F1200F97D010F1220FCE
S315080455A0CDE76FF0950070476FF0960070476FF07F
S315080455B0910070476FF0840070476FF0920070474F
S315080455C06FF0890070476FF08300704741F2052336
S315080455D098421AD8B0F5905F09D241F2010398426D
S315080455E00CD0B0F5885F09D06FF085007047292381
S315080455F0A0F5905080B2C340DB07F5D511F0070F2C
S3150804560014BF6FF0860000207047B0F5105FEBD129
S3150804561021F04003802B06D0B1F5807F14BF6FF0CC
S315080456208600002070470020704770B5046A054656
S315080456300E463CB90120FCF7DDFD286228B1204658
S315080456406E6270BD6FF08A00FBE76FF08C00F8E7B6
S31508045650F8B50F46114606461546FFF7E6FF044613
S3150804566020B92A463946306A01F02FFD2046F8BD8E
S315080456702DE9F14F0C9F8346DDE90A9A88461E46B2
S3150804568015460488C2B32046FFF7FBFDE0B1396826
S3150804569009B9D10039602046FFF798FF044678B95E
S315080456A00731B5EBD10F21D14D4522D82A464146BB
S315080456B0304601F00AFD3B680733DB08CAF80030B8
S315080456C0204601B0BDE8F08F630415D504F44F44B1
S315080456D0B4F5824F10D133465846CDE90BA7CDF819
S315080456E0289001B0BDE8F04F00F0C1BF6FF0860402
S315080456F0E6E76FF08904E3E76FF08504E0E710B5A1
S315080457000446006A10B1616AFFF7B1FD0020C4E9D6
S31508045710080010BD38B50446FFF7F1FF237E012BB8
S315080457200FD0023B012B0FD8E369012B14BF6FF08E
S315080457309605002528220021204601F07BFC2846F0
S3150804574038BDE369002BF1E76FF09605F2E713B568
S315080457500446C0B101A9E1F787F8044698B9019B44
S315080457601A7E022A12D103221A761A79FF2A10D02F
S315080457701AB1586901F0B8F80446019801F089F895
S31508045780002818BF0446204602B010BD6FF09604E0
S31508045790F3E76FF08404F0E773B5054608460C464C
S315080457A000F0CBFD002328461A4601A9DFF726FF99
S315080457B050B9019E35460FCD0FC495E8030084E819
S315080457C00300304601F07AF802B070BD70B514468D
S315080457D002881D461046049EFFF753FD68B944F235
S315080457E0010322F44050984207D002F44F42B2F51E
S315080457F0824F02D0B2F5844F0ED1B4420FD8224656
S31508045800284601F062FC0021321B281901F012FC1B
S315080458100020059B1C6070BD6FF08500FBE76FF0E8
S315080458208900F8E7F0B50F461E46154685B03AB323
S3150804583000230122336003A9DFF7E0FE044678B9A2
S3150804584003984368D0E908121B0A0CD0012B11D01F
S315080458506FF08604039801F031F8002C08BF04465B
S31508045860204605B0F0BD3B46CDE90056FFF7AEFF2E
S315080458700446EFE73B46CDE90056FBF758FEF7E743
S315080458806FF08904ECE72DE9F0411446DDE9065684
S31508045890028802F4E047B7F5804F22F4405C44F2EC
S315080458A0010718D1BC4507D002F44F47B7F5824F14
S315080458B002D0B7F5844F10D1AC421AD822461846FE
S315080458C001F003FC00212A1B204401F0B3FB00204D
S315080458D03460BDE8F081BC450ED002F44F42B2F5FF
S315080458E0824F09D12246CDE90656BDE8F04100F0BB
S315080458F0EDBE6FF08900ECE76FF08500E9E7F0B5D7
S315080459000F461E46154685B0FAB1002303A91A4662
S315080459103360DFF773FE044688B9039803885B048B
S3150804592010D5CDE900563B46D0E9081200F0C8FD6B
S315080459300446039800F0C2FF002C08BF044620461C
S3150804594005B0F0BD6FF08604F3E76FF08904F6E757
S315080459502DE9F04F0F464FF0000C864615468FB0DA
S3150804596008AC0E460FCF0FC497E80300924684E8A6
S31508045970030099468046634662467046C5F800C0E9
S3150804598004A9CDE904CCCDE906CCDFF737FE0446F5
S3150804599058B9049B5869FBF70BFB049C074658B98E
S315080459A0A368990708D46FF084040598002800F0C2
S315080459B08280FFF7AFFE7EE033882BB122889A42B5
S315080459C002D06FF08604F0E7728863880AB19A42B7
S315080459D0F7D1B4F800B0ADF82230E36849461A4660
S315080459E058460393ADF820B0DFF786FB06462269CE
S315080459F0414658460292DFF77FFB029A2EB9B9F15F
S31508045A00000F02D0039B002BDBD120B9B8F1000F9D
S31508045A1001D0002AD5D1A36806AA03EA0A030C9082
S31508045A2005A908A8CDE90A36FFF777FC0446002835
S31508045A30BBD1059843681B0A46D007A900F081FC28
S31508045A4004460028B1D107990598FFF7EEFD0446E8
S31508045A500028AAD1DDE90446D4E90889B346726860
S31508045A605BF8243F120A012AD6F820A06768029335
S31508045A70A7D16069FBF79CFA029B10B93F0A012F6C
S31508045A802DD167683F0A2AD110B1A268920726D495
S31508045A90CDE9003B4A46534641463046FBF73BFDB3
S31508045AA00446002881D129460598FFF71DFC0446BB
S31508045AB000287FF47AAF049800F000FF002C18BF82
S31508045AC020460FB0BDE8F08F049B1FB15A68120A2E
S31508045AD07FF469AFD3E90812FFF7BAFDE0E76FF080
S31508045AE0850462E710B50446006838B1012806D073
S31508045AF0042808D06FF088000023236010BD201DF9
S31508045B00E0F7EAFBF8E7201DFBF7DDFFF4E738B515
S31508045B1000241C600546006898B1012808D00428AA
S31508045B200BD06FF088042846FFF7DCFF204638BD03
S31508045B30281DE0F721FC0446F5E7281DFBF78EFF30
S31508045B40F9E76FF08804F1E7F8B50E4601680546EB
S31508045B50F9B906F0FE43B3F1007F20D1071DDC2214
S31508045B60384601F067FA31463846DAF7ABFB04469D
S31508045B7020B9042300242B602046F8BD10F1860FB3
S31508045B8009D131463846E0F7B9FB044618B901236A
S31508045B90F0E76FF088042846FFF7A4FFECE76FF0F8
S31508045BA08604F8E738B505462B683BB112B90024D4
S31508045BB0204638BD012B04D0042B0CD06FF0880482
S31508045BC005E0281DE0F7C6FB04460028EFD0284662
S31508045BD0FFF788FFECE7281DFBF724FFF4E7FFF738
S31508045BE096BF70B40024DDE903652C6000F0FE441A
S31508045BF0B4F1007F04D1CDE9036570BCFFF74DBB52
S31508045C006FF0860070BC704710B50446006878B11A
S31508045C1004280ED0052811D0012814D104F108004F
S31508045C20E0F752FC00232360A3886FF30803A380DC
S31508045C3010BD04F10800FBF750FFF3E704F1080070
S31508045C40FBF7E3FEEEE76FF08600EBE70123DFF7E9
S31508045C50A1BE38B505462B680BB312B900242046F5
S31508045C6038BD042B0ED0052B11D0012B14D105F108
S31508045C700800E0F73DFD04460028EFD02846FFF764
S31508045C80C3FFECE705F10800DAF7FEFBF3E705F1D5
S31508045C900800DAF779FAEEE76FF08604EEE76FF0B4
S31508045CA08804DCE72DE9F041054600680F461646E8
S31508045CB0984680B36A79D2072DD52A795AB3B2425F
S31508045CC02CD804281DD0052820D0012829D105F16F
S31508045CD0080000F0B3FD044618B10023C8F80060B4
S31508045CE02B7137B1324621463846D8F80030FFF7CB
S31508045CF0F1FA2846FFF788FF002C18BF2046BDE8AE
S31508045D00F08105F10800DAF707FCE4E705F1080075
S31508045D10DAF768FADFE76FF08804DEE76FF08904DC
S31508045D20DBE76FF08604D8E72DE9F04F456889B0BC
S31508045D302D0A0446DDE91267DDE914899B46CDE997
S31508045D400612DDF858A006D0012D1CD06FF0860087
S31508045D5009B0BDE8F08FCDE9039ACDE9017800963C
S31508045D60FBF74BFE10F1860FF2D1DDE906125B460E
S31508045D702046CDE9159ACDE91378129609B0BDE8FF
S31508045D80F04FDFF791BECDE9159ACDE9137812964F
S31508045D9009B0BDE8F04FFBF72ABE2DE9F04F8B4654
S31508045DA0994600238BB0DDF85C800546DDE915A726
S31508045DB011465846C8F800301646DFF793FB0446E2
S31508045DC000285AD1002F6BD0BBF1000F33460CBF05
S31508045DD04FF480524FF48062284609A9DFF70EFC77
S31508045DE0044600283CD1099D2B8803F4E043B3F507
S31508045DF0E04F52D1D5E90812BBF1000F41D06B68C8
S31508045E001B0A0DD0012B1FD0149B2846CDE90093FD
S31508045E10CDE903783346CDF808A0DFF77FFE1EE008
S31508045E20149B2846CDE90093CDE903783346CDF88B
S31508045E3008A0CDE90612FBF7DEFD10F1860F04462D
S31508045E400ED1DDE90612DFE7149B2846CDE9009357
S31508045E50CDE903783346CDF808A0FBF7C6FD04461A
S31508045E6021463A465046D8F80030FFF733FA0998DF
S31508045E7000F024FD002C08BF044620460BB0BDE8FC
S31508045E80F08F149B2846CDE90093CDE90378334671
S31508045E90CDF808A0FFF748FFE1E76FF08604DFE7CF
S31508045EA06FF08904E9E71FB5089C0394079C0294DC
S31508045EB0069CCDE9003413460A460121FFF76DFF17
S31508045EC004B010BD1FB5089C0394079C0294069C55
S31508045ED0CDE9003413460A460021FFF75EFF04B0F5
S31508045EE010BD2DE9F04F456887B02D0A0446DDE953
S31508045EF01067DDE9128992469B46059106D0012D65
S31508045F001AD06FF0860007B0BDE8F08FCDE9028994
S31508045F10CDE90067FBF773FD10F1860FF3D15B46F5
S31508045F20524620460599CDE91289CDE9106707B08E
S31508045F30BDE8F04FDFF73CBECDE91289CDE910671D
S31508045F4007B0BDE8F04FFBF754BD2DE9F041804694
S31508045F5086B000200D4616461F46DFF7C3FA0446E8
S31508045F60D8B92B464FF40052404605A9DFF746FB3D
S31508045F70044690B90D9B059803930C9B0096CDE9AE
S31508045F8001732B46D0E90812FFF7ABFF04460598C0
S31508045F9000F094FC002C08BF0446204606B0BDE871
S31508045FA0F08103681943B1FA81F040097047DFF7B5
S31508045FB007BB70B504880546DDE9046220460699E0
S31508045FC0FFF75FF928B13046BDE870401146DFF7A0
S31508045FD0F7BA04F44F43B3F5824F0BD104F4E04403
S31508045FE0B4F5E04F06D10B4628463146BDE8704065
S31508045FF0E0F790B86FF0850070BD2DE9F04F1E46A6
S31508046000002389B01746129ACDE9053313604388ED
S3150804601081460D46002B00F0D680038803F4E0433E
S31508046020B3F5804F00F0CF8031462846FFF7B9FF15
S31508046030002800F0C880484606AA05A9FFF76DF9A6
S315080460400446002840F08B80059B5B6AA3B1DDF803
S315080460501490CA46D9F80430D9F820B01B0A5AF85D
S31508046060248F00F08180012B00F0A6806FF086044F
S315080460700598FFF744FB72E0D9F804301A0A67D189
S31508046080B9F800A0B9F802105046FFF7FAF880B13B
S315080460905046FFF79BFA0446002860D10AF4E04309
S315080460A0B3F5805F02D0B3F5005F0FD10731CA0894
S315080460B01CE00AF44F43B3F5824F04D10AF4E043D3
S315080460C0B3F5E04F07D06FF0850448E00AF44F4370
S315080460D0B3F5844FEAD047F201039A450FD149082C
S315080460E00131C90801EBC10101F13B020792079985
S315080460F00598FFF79AFA04460028A8D02FE044F238
S3150804610001039A4503D1C90801F11002EEE747F2E3
S3150804611002039A4505D1C90801EB410101F15A0266
S31508046120E4E744F202039A4505D1C90801EB4101A3
S3150804613001F14A02DAE72AF0FF00B0F5E24FB5D0DA
S31508046140B0F5824F01BFCC1DE4086400621CCDE79C
S31508046150484607A900F0F5F804460028C7D005986C
S3150804616030B3FFF7D7FA23E0B9F800305B040BD451
S3150804617033463A4629464846CDE9018ACDF800B061
S31508046180FFF717FF044609E0534642465946484670
S31508046190FBF748FA10F1860F0446E9D0002C7FF481
S315080461A067AF12990598FFF79FF804460028D6D1D9
S315080461B0204609B0BDE8F08F53464246594648463C
S315080461C0FBF7F6F8DEE76FF08604F1E730B500244E
S315080461D087B01D460DF117030392009303AA0DF128
S315080461E016038DF81740DFF765FE50B99DF81700BA
S315080461F005B128709DF816200399DCF72BFE07B025
S3150804620030BD2046FBE710B40124019B01945DF8D8
S31508046210044BDFF77FBE08B50379934206D10830ED
S31508046220DCF70AFFBDE80840FFF7C5B86FF086003B
S3150804623008BDF7B50468DDE9086504F0FF44B4F160
S31508046240906F1FBFC46A4779A418B4FBF7F40CBF50
S3150804625014467C43B44210D81AB910462A6003B0CF
S31508046260F0BD00950830DCF72FFFFFF7A4F82B687C
S315080462709E4238BF6FF09600F1E76FF08900EEE7AB
S3150804628008B5036803F0FE43B3F1806F04D1083000
S31508046290DCF7FEFD002008BD6FF08800FBE72DE95A
S315080462A0F04704469A460E46904698B05022DDE9D1
S315080462B02457002104A8DDF8849000F0BBFE21468B
S315080462C043463246CDF800A004A8FFF79CFF0446CF
S315080462D068B9B9F1000F0ED1DDE9221202ABCDE996
S315080462E0007304A82B46FFF7A4FF044660B104A86C
S315080462F0FFF7C6FF1DE04A46209904A8FFF78BFF5F
S3150804630004460028E8D0F2E7029A05B1154429465E
S3150804631003ABBA1A04A8DFF78BFE04460028E6D1B5
S31508046320DDE902321344269A04A81360FFF7A8FF8E
S315080463300446204618B0BDE8F0871822002100F06C
S3150804634079BE10B544680288240A438806D0012C0D
S3150804635056D000236FF086000B6022E002F4E0407A
S31508046360B0F5805F02D0B0F5005F05D10733DB08CE
S3150804637040D16FF0850014E002F44F40B0F5844F25
S3150804638003D10733DB0853B9F3E747F20100824226
S3150804639008D15B080133DB0803EBC3033B33002056
S315080463A00B6010BD44F20100824202D1DB081033AF
S315080463B0F5E747F20200824204D1DB0803EB430304
S315080463C05A33ECE744F20200824204D1DB0803EBB9
S315080463D043034A33E3E722F0FF02B2F5E24FD0D093
S315080463E0B2F5824FC5D10733DB085B000133012BB5
S315080463F0D5D1BEE722F0FF02B2F5824FF7D0CEE739
S3150804640002F4E044B4F5805F03F1070002D0B4F562
S31508046410005F08D1C308002B4AD022F0FF04B4F564
S31508046420824F43D00EE002F44F44B4F5844FF1D0C2
S3150804643047F20104A24215D15B080133DB0803EBDA
S31508046440C3033B33033310F0180F23F0030301D1BE
S31508046450072805D122F0FF02B2F5824F08BF04339C
S315080464602C339CE744F20104A24202D1DB08103320
S31508046470E8E747F20204A24204D1DB0803EB43032C
S315080464805A33DFE744F20204A24204D1DB0803EBE1
S3150804649043034A33D6E722F0FF03B3F5E24FB9D0F4
S315080464A0B3F5824F04D1C3085B000133012B05D130
S315080464B022F0FF04B4F5824F0B68C3D1013BC1E750
S315080464C02DE9F34745680446DDE90A672D0A884637
S315080464D091469A4606D0012D16D06FF0860002B072
S315080464E0BDE8F087CDE90067FBF7AFF810F1860F32
S315080464F0F5D153464A4641462046CDE90A6702B0D5
S31508046500BDE8F047FFF7BFB9CDE90A6702B0BDE8B1
S31508046510F047FAF74FBF2DE9F04700F4E04ABAF519
S31508046520804F06460C4691469846089F14D100F4B7
S315080465304F43B3F5824F02D1C3B2412B0CD018F0A6
S31508046540010F06D04FEA580344B1E21DB3EBD20F4C
S3150804655005D06FF0860661E04346F5E7DC00802146
S315080465600120FBF747FE054600287DD0FEF709F80B
S3150804657006F44F43B3F5824F07D1F0B2302858D00A
S315080465800DD8122815D017285BD06FF08604284634
S31508046590FEF739F8284603F03BFD26463EE0412837
S315080465A0F3D1B4F5807F51D0B4F5E07F0ED0FF2C3B
S315080465B00BE040F209239C4208D035D8B4F5807F15
S315080465C004D02ED824F02003C02BDED1214600F0B7
S315080465D0F6FA0146002842D02846DDF7F5FDFEF70F
S315080465E0EAFE064600283DD1BAF5804F30D105F1BA
S315080465F0680A43464A4651462846DDF791FAFEF7A5
S31508046600DAFE04460028C2D151462846DDF7CEFAFA
S31508046610FEF7D1FE04460028B9D13D603046BDE8F0
S31508046620F087B4F5C07FD0E7B4F5047FADD11C4636
S31508046630CCE724F08003B3F5807FC7D0B4F5007F98
S31508046640C3E7C02CC2D0B4F5807FBEE7FF24BDE7FC
S3150804665043464A4629462878DDF766FDD8E76FF0AB
S31508046660850494E7044692E76FF08C06D6E7F0B5FE
S315080466701F46002385B0039303AB009305461346D0
S315080466800A4641880088FFF746FF039E0446A0B9D8
S315080466902888336C00F44F42B2F5824F03D1C2B254
S315080466A0412A08BF01330C9A314613600B9B3A46BC
S315080466B000930A9BDFF7EAFC04463046FDF7A3FF7E
S315080466C0304603F0A5FC204605B0F0BD7FB51E464E
S315080466D00023039303AB0093054613460A464188F1
S315080466E00088FFF718FF0446D0B92888039D00F4EC
S315080466F04F43B3F5824F099B0CBFC0B24FF4824097
S315080467003246294608BF40F482400093089BDFF7C7
S31508046710BDFC04462846FDF776FF284603F078FCB8
S31508046720204604B070BD134600222DE9F04389B013
S31508046730039203AA00920A4641880088DDF8489025
S31508046740FFF7E9FE0446002840D1039D04AFEA6B2F
S315080467503846073206AE4FEAD208FCF742FA304604
S31508046760FCF73FFA139BB3EB480F33D1424649462D
S315080467703846FCF730FBFEF71EFE0446D0B94246FF
S3150804678009EB08013046FCF726FBFEF714FE04461F
S3150804679080B92846DFF784FD044658B9DDE91012A6
S315080467A005F168032846CDE90076FDF790FCFEF767
S315080467B002FE04463846FCF719FA3046FCF716FA80
S315080467C02846FDF720FF284603F022FC204609B098
S315080467D0BDE8F0836FF09404ECE72DE9F043044632
S315080467E0B9B00E46DDE940890021174601A8DC2226
S315080467F01D4600F01FFC2146C9F8008001A8DFF7F2
S315080468007DFD044668B93A46314601A8DFF7A2FD7C
S31508046810044630B94B464246294601A8DFF7ACFD83
S31508046820044601A8DFF758FD002C18BF204639B0E6
S31508046830BDE8F083DFF772BEDFF770BE38B51C46D5
S315080468400368154623B1DFF7C9FD00B9256038BDCD
S315080468506FF08800FBE7037E022B06D1C3695A1C36
S3150804686003D00133C361002070476FF09600704768
S3150804687003466FF040420846591E914207D338B181
S3150804688003F1404393428CBF002001207047012046
S315080468907047034668B1017E8A1E012A0BD803296C
S315080468A0C26903D1012A01D1FEF734BF1AB1013AEC
S315080468B0DA61002070476FF096007047FFF7E9BF6A
S315080468C000207047C0B2FF280CBF6FF08600002076
S315080468D0704707B500216A46FAF774FB8C3018BF6F
S315080468E0012003B05DF804FB13B500216A4604468B
S315080468F0FAF768FB8C3002D1002002B010BD0021E3
S315080469002046D8F78BFD014610B16FF09800F4E7DE
S315080469106A462046FAF756FB8C30EDD0F5E72DE9A2
S31508046920FF4107461446884600293FD0002A3DD031
S31508046930B2F5005F3DD202F1240631460120FBF789
S3150804694059FC0546C0B303463A4621464046DFF796
S31508046950E3FF7F6900243846FFF7BBFF01281FD0F1
S3150804696021462B46324638460094D8F793FC01460E
S31508046970C8B9384602AAFAF725FB044620B9029B89
S315080469809E4205D06FF0980438460021D8F746FD94
S3150804699031462846FEF76BFC204604B0BDE8F08174
S315080469A06FF08A04F4E76FF09804F1E76FF0860451
S315080469B0F2E76FF08D04EFE76FF08C04ECE7FEF76F
S315080469C056BC2DE9F047D0F814A086B0814688460F
S315080469D017465046002104AAFAF7F4FA044610BBEF
S315080469E0049E01203146FBF705FC0546002837D0EE
S315080469F02146504604AA0394FAF7E4FA044670B901
S31508046A0003AB02462146CDE9005350463346D8F730
S31508046A10B1FC039B04469E4209D06FF098043146A4
S31508046A202846FEF724FC204606B0BDE8F087002871
S31508046A30F5D13B46424631462846CDF80090DFF765
S31508046A4089FF04460028EAD1D8F800302BB13B6800
S31508046A50002B08BF6FF09104E1E76FF09104DEE7BD
S31508046A606FF08C04DFE773B50C46164602783AB124
S31508046A709A1BA2420BDA6FF06B05284602B070BD6A
S31508046A80013C00F10100F1D16FF06705F5E71B1B26
S31508046A90224601461846019300F017FB90F9002098
S31508046AA0002A08DA821B002AE5DD421E019200222A
S31508046AB0013400F8012C2246314601A8FCF72BF8CC
S31508046AC0051EDADB0222314601A8FCF748F800283D
S31508046AD002DB25440544D0E70546CEE72DE9F34114
S31508046AE0074690461E46009001440223684601AABA
S31508046AF0FBF764FF18B9019D25B96FF0670002B06A
S31508046B00BDE8F081009B93F900101A780029F4DB9C
S31508046B103AB95A1C013D0092019525B15B78002BC0
S31508046B20EBD0AE42E9D3009C761B21462A4608EBF5
S31508046B3006002C4400F0C9FAE01BE0E710F1860FC2
S31508046B4013D010F1850F0BDA20F0020393330FD01C
S31508046B5010F1970F0CBF6FF06D004FF0FF307047C0
S31508046B60003818BF0120404270476FF07100704723
S31508046B706FF06F00704730B40024944201D130BCE2
S31508046B80184731F92450854201D00134F5E701EB61
S31508046B908401B1F9020030BC7047022807D00328E3
S31508046BA008D0012809D0002318460B607047E02353
S31508046BB01220FAE74FF48073FAE7C023F8E712289D
S31508046BC009D1E02909D0B1F5807F08D0A1F1C00325
S31508046BD058425841704700207047022070470320E6
S31508046BE07047084608B51146FFF7E1F9002818BFAB
S31508046BF06FF03B0008BDF0B51D4693B0189CC31D45
S31508046C002C440F46DE080194002840D0B2EB460F08
S31508046C103DD1B3F5847F3DD2324602A800F055FA39
S31508046C203246B9190AA800F050FA23462A463146CC
S31508046C300AA8FFF718FF041E26DB019B2A461B1B1E
S31508046C40314602A80193FFF70EFF2746041E1BDBF5
S31508046C50019B27441B1B3A46294601A80193FBF7C7
S31508046C605AFF041E10DB3022294601A8FBF777FFDA
S31508046C70002812DB3C44044422462846019900F0C5
S31508046C80C0F9199B1C600024204613B0F0BD6FF0B0
S31508046C906704F9E76FF06B04F6E70446F4E72DE9B1
S31508046CA0F047C51D92B00E4691469A460091ED08E6
S31508046CB000283ED01A9B6F00B3EB450F3CD3402FF8
S31508046CC03AD83023684601AA4944FBF777FE0446B6
S31508046CD058BB0DF1080801463A46404600F0AAF9A1
S31508046CE0DDE9000142462B46FFF7F8FE021E26DBC5
S31508046CF0009801991044891A2B4608EB050200905E
S31508046D000191FFF7EBFE051E1BDB009B019A2B4442
S31508046D1000939B1B521B4B45019214D13A4641469C
S31508046D20504600F0D2F91B9B1F60204612B0BDE8FE
S31508046D30F0876FF06704F8E76FF06B04F5E714461D
S31508046D40F3E72C46F1E76FF06504EEE70CB407B5F4
S31508046D5004AB53F8042B0193C3F76AFB03B05DF83D
S31508046D6004EB02B07047F8F759BB70477047704791
S31508046D70704708B5D2F7E6FDFAF7BBFEFAF7DAFE6E
S31508046D80D2F7D4FDD3F720F8DFF7AEFEC1F70EFB32
S31508046D90BDE80840D4F718BE704708B5D3F7BEF95E
S31508046DA0D3F762FADFF73AFFBDE80840D3F7CAB863
S31508046DB008B5DBF749FADBF76BFBDBF755FAF8F7A7
S31508046DC028FBD9F783FEFAF7E4F8DFF739F8F9F779
S31508046DD026FDFAF7F5F802F0ACFFDFF705FFBDE884
S31508046DE00840DFF789BE08B5DBF7DCFBFBF7AEFD29
S31508046DF0DBF7ECFBFBF7ACFDBDE80840E9F75BBA4B
S31508046E0008B500F00BF8BDE80840C1F711BD704796
S31508046E10DBF746BB70477047DFF7F4BE08B5DFF704
S31508046E2011FEE9F723FABDE80840DFF721BE08B5E5
S31508046E30FBF7C3FCDFF722FEFBF7E7FCDFF746FEAA
S31508046E4002F028F8F8E72DE9F84307468846144679
S31508046E500026D4E90195B9F1010905D52468002C61
S31508046E60F7D13046BDE8F883AB89012B07D9B5F9C4
S31508046E700E30013303D029463846C04706436835E1
S31508046E80E9E710B50C46B1F90E10E0F7C1FB002886
S31508046E90ABBF636DA3891B1823F48053ACBF63652A
S31508046EA0A38110BD2DE9F0411F468B8905460C4682
S31508046EB0DB05164605D502230022B1F90E10E0F7C4
S31508046EC095FBA3893246B4F90E10284623F4805359
S31508046ED0A3813B46BDE8F041E0F7ACBB10B50C46D0
S31508046EE0B1F90E10E0F782FB421CB4F90C3015BF59
S31508046EF0606523F4805343F48053A38118BFA381A8
S31508046F0010BDB1F90E10E0F761BB30B514469BB05D
S31508046F1005461A46002C05DA8B2303604FF0FF302A
S31508046F201BB030BD4FF40273009104916946ADF865
S31508046F300C304FF00003199314BF04F1FF332346B2
S31508046F40029305934FF6FF73ADF80E301E9BE0F7D8
S31508046F50A7FB431CBCBF8B232B60002CE0D0009BF3
S31508046F6000221A70DCE7F8B50E461446054618B131
S31508046F70036A0BB9E0F768FAA369A360A3891A0739
S31508046F8001D5236943B921462846E0F7CBFA18B157
S31508046F904FF0FF373846F8BD2368F6B222693746FC
S31508046FA0981A6369834205DC2146284600F0A4F949
S31508046FB00028EDD1A368013BA36023685A1C22600C
S31508046FC01E70431C62699A4204D0A389DB07E1D583
S31508046FD00A2EDFD12146284600F08EF90028D9D09A
S31508046FE0D6E70139024410B5904201D1002005E0E4
S31508046FF0037811F8014FA34201D0181B10BD0130C4
S31508047000F2E7884210B501EB020402D9844223460A
S3150804701007D8431EA14207D011F8012B03F8012F04
S31508047020F8E70244824200D110BD13F8011D02F8A4
S31508047030011DF7E702440346934200D1704703F85B
S31508047040011BF9E7C9B20346184613F8012B12B116
S315080470508A42F9D17047002918BF002070470139C0
S31508047060034610B532B111F8014F013A03F8014B42
S31508047070002CF7D11A440021934200D110BD03F81D
S31508047080011BF9E70A7870B56AB970BD9A4209D145
S315080470900C46054614F8013F002BF6D015F8016F87
S315080470A09E42F7D001300378002BEFD11846ECE75F
S315080470B070477047704710F8012B11F8013B012AF5
S315080470C028BF9A42F7D0D01A70470A44431E914201
S315080470D000D1704710B511F8014B914203F8014FDE
S315080470E0F9D110BD034613F8012B002AFBD1181A4F
S315080470F001387047062008B5E0F786FE0120F8F740
S315080471005BFB2DE9F0471F468E6882460C46BE4255
S315080471109046334653D8B1F90C0010F4906F2BD02F
S3150804712065692368096905EB4505A3EB010905EBC0
S31508047130D5757B1C6D104B442A46AB4284BF1D464D
S315080471402A46430527D511465046FBF743FA064611
S3150804715058B34A462169FFF7B8FFA38923F4906315
S3150804716043F08003A38126614E4465613B46A5EB43
S31508047170090526603E46A5601F463A4641462068EC
S31508047180FFF73FFFA36800209B1BA36023683B44CB
S315080471902360BDE8F0875046FBF722FA0646002826
S315080471A0E1D121695046FBF718FA0C234FF0FF305A
S315080471B0CAF80030A38943F04003A381E9E73E46B1
S315080471C0DBE79368013B002B10B4936008DA9469F3
S315080471D0A34201DB0A2903D15DF8044BFFF7C3BEBA
S315080471E01368581C1060084619705DF8044B7047FC
S315080471F0F8B506460F461446D518AC4201D1002008
S3150804720007E03A4614F8011B3046FFF7DAFF431C39
S31508047210F3D1F8BD2DE9F047164698468A6807461D
S315080472200B690C46DDF820909342B8BF13463360C9
S3150804723091F843200AB1013333602368990642BFA3
S31508047240336802333360256815F0060506D104F160
S31508047250190AE36832689B1AAB422BDC94F843306C
S315080472602268003B18BF0123920630D404F1430276
S3150804727041463846C847013023D023681A3454F89F
S315080472800A2C03F00603042B0ABF54F80E5C0025E7
S3150804729033684FF0000608BFED1A54F8123C08BFCD
S315080472A025EAE5759342C4BF9B1AED18B5421AD16F
S315080472B0002008E00123524641463846C8470130B3
S315080472C003D14FF0FF30BDE8F0870135C1E7E11877
S315080472D05A1C30200233224481F8430094F845109E
S315080472E082F84310C2E70123224641463846C84776
S315080472F00130E6D00136D9E738B50B6905460C46A0
S3150804730013B90025284638BD18B1036A0BB9E0F746
S315080473109BF8B4F90C30002BF3D0626ED00704D472
S31508047320990502D4A06DFFF7C4FE28462146E0F766
S31508047330EBFC636E0546DA07E4D4A3899B05E1D41E
S31508047340A06DFFF7B7FEDDE770B50C46B1F90E1070
S3150804735096B0154600291E460ADAA18911F080015D
S3150804736013D14FF48062002031602A6016B070BDD4
S315080473706A46E0F751FD0028EFDB019901F47041F4
S31508047380A1F5005359425941EBE700214022EAE7A7
S315080473908B8973B59E0705460C4607D504F1470342
S315080473A0236023610123636102B070BD01AB6A46A1
S315080473B0FFF7CAFF009E28463146FBF70BF9B4F9D6
S315080473C00C3038B99A05EFD423F0030343F00203CB
S315080473D0A381E3E743F080032060A381019BC4E90A
S315080473E00406002BE0D0B4F90E102846E0F726FD73
S315080473F00028D9D0A38923F0030343F00103A3810A
S31508047400D2E71F2938B505460C4604D91623036066
S315080474104FF0FF3038BDC26B12B152F821304BB968
S31508047420284600F016F8224601462846BDE83840A4
S31508047430E0F714BD012B0AD0591C03D116230360A7
S315080474400120E7E70021204642F824109847002047
S31508047450E0E7F8F7B4B9C9B20346024410B5934253
S31508047460184601D1002003E0047801338C42F6D192
S3150804747010BD022070470220704700207047012083
S315080474807047002070470E207047E3F7CFB80846C8
S315080474901146012200F071B870B50C4611461A4619
S315080474A0E0F700FD059B049E049345693346204690
S315080474B0AC46BDE87040604710B5E0F7F3FCBDE89C
S315080474C0104083690846184700F075BBE1F7E8BE23
S315080474D0E2F7A6B800F0CFB800F0E0B8E2F760B972
S315080474E070B504460D4616464FF4881100F00FF998
S315080474F0324629462046BDE87040E3F711BB431ED1
S31508047500042818BF012B94BF01200020704700F0FF
S3150804751094BD4FF4E0720021FFF78CBD10B5044604
S31508047520E2F708FAE8B9A169D9B1238ACBB12046AA
S3150804753004F1100200F0DAFBB8B9E169A9B1638A6B
S315080475409BB1204604F1120200F0A5FB88B9216A12
S3150804755079B1A28A6AB12046E38ABDE8104000F0F0
S3150804756059BB00232382A361E6E700236382E36110
S31508047570ECE700236361236210BDE2F7FDBB0A78DA
S3150804758038B505461046FFF7BAFF60B14C78204671
S31508047590FFF7B5FF38B12243530704D42846BDE89C
S315080475A03840E1F71BBD212038BD10B504460878DC
S315080475B0FFF7A5FF58B14A781046FFF7A0FF30B188
S315080475C0042A04D02046BDE81040E1F725BD212051
S315080475D010BD00F040BA704711B9D0F8E81021B1CF
S315080475E0CB6813B18B68D88970474FF6FF7070471C
S315080475F010B5E0F763FD044608B900F022FD2046FD
S3150804760010BDE1F785BB00F072BAD0F8EC300BB9BF
S315080476100E2070474FF6FF72038E93420B80F7D005
S3150804762000207047F8B506460D46E0F747FDD8B979
S315080476304FF6FF734FF0240CEF68C1B28F4208D897
S315080476401C4621463046E0F7F7FE00F0FAFC2046D1
S31508047650F8BDAA680CFB0122D4899C4202D2002CEC
S31508047660EFD023460130E8E74FF6FF74EFE7008EC4
S31508047670704700F02DBA38B504460D4600F0BBF83D
S3150804768050B129462046E0F7D7FE30B929462046A8
S31508047690BDE83840E1F7CCBB0E2038BD70B50446CA
S315080476A00D46164600F0A7F858B129462046E0F7D5
S315080476B0C3FE38B9324629462046BDE87040E6F787
S315080476C0B9BA0E2070BD08B5E0F76EFC18B1BDE86E
S315080476D00840E5F777BF08BD00F04CBBE1F7B6BC38
S315080476E000F037BA002070470846E4F79DB800F062
S315080476F044BB38B504460D4602F027FA0023C4F8FD
S315080477009C50C4F89830BDE8384002F019BA38B528
S3150804771004460D4602F019FAD4F89C301D40D4F8F4
S31508047720983023EA0505C4F8985002F009FA284661
S3150804773038BD73B50D7806460C4635B304238DF863
S3150804774004302379304601A98DF80530FFF72DFF5B
S315080477500546B8B92278A37952BB8DF80430E37983
S31508047760304601A98DF80530FFF709FF054648B9E3
S3150804777023783BB161883046E1F71CFE0121304687
S3150804778000F0FBF9284602B070BD294600F0F5F969
S315080477902946304600F019FA2946304600F01DFA03
S315080477A022782379002AC9D18DF804306379C9E788
S315080477B002228DF80420D3E7E1F708BFE3F7D2BC29
S315080477C00846E3F781BDE1F72DBEE1F7CFBE0B46C8
S315080477D010B514461846A1689288FFF776FCE16846
S315080477E0034631B1A0886288121A92B21844FFF788
S315080477F06CFC002010BD0346408A18B1188A00386C
S3150804780018BF012070470846E4F7F6B8431C08BFBA
S315080478100020E1F7CFBA10B5044600F072F820B993
S315080478202046BDE81040E1F709B810BD00F01CBCBD
S3150804783000F01ABCE4F71CBB2DE9FF419846044640
S315080478400E46174602F094F905462046FFF7E3FF6D
S315080478500A9B3A4602930023314601932046CDF803
S315080478600080E1F739F80446284602F07CF92046F8
S3150804787004B0BDE8F08138B5044602F079F9054646
S315080478802046FFF7C8FF2046E1F704F804462846D1
S3150804789002F069F9204638BD38B5044602F068F99D
S315080478A005462046FFF7B7FF204600F039F8044698
S315080478B0284602F058F9204638BD38B5044602F081
S315080478C057F905462046FFF7A6FF204600F02EF88E
S315080478D00446284602F047F9204638BD70B50446E2
S315080478E00E4602F045F905462046FFF794FF314651
S315080478F02046E1F73DF80446284602F034F92046C6
S3150804790070BDE0F7D7BE10B502F032F9044600F0B0
S3150804791015F8E0F7F7FE2046BDE8104002F023B953
S31508047920024608B5E0F7C6FE507D08BD024608B50E
S31508047930E0F7C0FE507D80F0010008BD00F094BB5E
S31508047940E1F7ACBA00F0D0B800F000BB00F060BABA
S31508047950022A01D800F082BA21207047022A01D8E7
S3150804796000F08DBA21207047022A01D800F09ABA8D
S315080479702120704738B504460D4600F06CFA28B144
S3150804798029462046BDE8384000F09CBA022038BD96
S3150804799070B504460D46164600F05DFA30B1324617
S315080479A029462046BDE8704000F094BA022070BD0E
S315080479B00E20704738B504460D4600F04CFA28B137
S315080479C029462046BDE8384000F0B0BA022038BD42
S315080479D038B504460D4600F03EFA28B12946204635
S315080479E0BDE8384000F0AABA022038BDE2F7F4BE72
S315080479F00846E2F70FBF0346DB8E08469342114654
S31508047A0001D3E2F733BF21207047E2F77BBF013089
S31508047A1001D1E4F7F9BC2120704700207047002003
S31508047A2070477047D0F8A03003F06003402B0DD0A0
S31508047A30602B03D0203B58425841704749B10B6824
S31508047A40012B06D9486940F00100704740F201103D
S31508047A50704700207047F7B504461046D4E958C75E
S31508047A60DDE908268CEA020587EA0601054019407D
S31508047A7085EA0C057940C4E95851002523F40041E8
S31508047A8006EA010320F0010043F40073024043F0C0
S31508047A90020301950095E6F797FF94F824309A07B0
S31508047AA013D5D4F864319B050FD54FF488112046B5
S31508047AB000F07DFB94F82430024665F3410384F80C
S31508047AC0243020460B46E1F711F9002003B0F0BD37
S31508047AD030B4D0F8A0300A4023EA01031343C0F8AF
S31508047AE0A03030BCE2F706BA0520E4F7B7B908B502
S31508047AF0D0F8F0304BB11A68022A06D993F8252033
S31508047B004AB1186AB0FBF2F008BD40F684324C213B
S31508047B100020E0F7B9FD0020F6E7D0F8F02008B514
S31508047B207AB11368022B0CD9536A13F47F4FC3F343
S31508047B30072106D0126ADBB253438B42B3FBF1F03A
S31508047B4006D2002040F6A3324C21E0F79DFD002022
S31508047B5008BD0346B3F83E2108468A4203D0A3F873
S31508047B603E11E3F70FBC0020704790F83C310D2B0B
S31508047B7014BF90F82B00FF20704738B50C464FF415
S31508047B8000610546E7F77CFA60B16CB195F82A31CD
S31508047B9063B94FF480722846BDE838404FF48071C3
S31508047BA0E7F75ABA2202F6E72246F4E738BD4FF455
S31508047BB08071E7F765BA10B50023E1F763FA04465E
S31508047BC008B9E6F721F8204610BD08B54A024FF46D
S31508047BD00071E7F741FA002008BD08B58A024FF498
S31508047BE08061E7F739FA002008BD38B54FF03A4303
S31508047BF00546DC6A808AC4F30C04A04234BF00201C
S31508047C00012041F2B8420821E0F73EFDA88A001B8C
S31508047C1080B238BD2DE9F041884618F003070646B8
S31508047C201546194633D1B2F5805F30D89A422ED319
S31508047C303F2A2AD9B2FA82F40122C4F11F03DBB21D
S31508047C409A4092B2AA422CBFC4F11904C4F11A0488
S31508047C50E2B20120931DDBB2984080B2A84214BF59
S31508047C600120002002D096F8013193B996F8253000
S31508047C7060F3000386F825304046E3F71BF8C6F898
S31508047C802080B5823846BDE8F0813A46E1E72127E7
S31508047C90F8E70E27F6E7F8B511F0030607460D468A
S31508047CA0144621D102B313883F2B1DD9B3FA83F3A3
S31508047CB0C3F11901C9B2062901D8192B12D006290C
S31508047CC028BF062101238A1DD2B293402846238061
S31508047CD000F09EF923883846FD617B82E3F7FCF8B9
S31508047CE03046F8BD3146EDE72126F9E738B514885C
S31508047CF011F003054FEAC4041ED13F2C1CD9B4FA6B
S31508047D0084F4C4F11903DBB2052B01D8192C11D05C
S31508047D10052B28BF052301240633DBB204FA03F333
S31508047D20C3F3CF041480816104828387E3F7D4F80C
S31508047D30284638BD2B46EEE72125F9E7F8B504466B
S31508047D400E46174601F001FF3A46054631462046D7
S31508047D50E4F764FF0446284601F0F2FE2046F8BD1F
S31508047D600520704703207047E4F770B808B190F906
S31508047D702600704790F82D00704708B50B46062272
S31508047D8000F59E711846FFF7A0F9002008BD0429DE
S31508047D90F8B505460C460AD10026F7B23846E3F785
S31508047DA057FB08B13C4602E00136042EF5D12046BD
S31508047DB0E3F74EFB58B195F83C31A34209D085F850
S31508047DC03C4105F59E70BDE8F840E3F7E1BA212089
S31508047DD0F8BD0020FCE70022E2F7AAB9A0F84C3067
S31508047DE0BDF90030C0F89410A0F84A20A0F84E3027
S31508047DF000207047E2F700BB10B514460846012177
S31508047E00E4F70EFC2046BDE810400121E4F708BC5F
S31508047E1070B5044615460E4609B9212070BD1306E9
S31508047E2017D400F00FF931462046FFF7FBFB4FF64F
S31508047E30FF739842F1D000F005F920464FF400315B
S31508047E400022E7F709F929462046BDE87040E1F71C
S31508047E508BBF0E20E2E78021E7F712B97FB5531CE2
S31508047E6005AA0292022201920022ADF81410009289
S31508047E701146DBB2E7F70EF907B05DF804FB7FB5E8
S31508047E80531C05AA4FF0040C02920222ADF81410F2
S31508047E90CDE9002C01210022DBB2E7F7FBF807B095
S31508047EA05DF804FB1FB54FF0080C531C0022CDE9FE
S31508047EB0002C01220291DBB21146E7F7EBF805B074
S31508047EC05DF804FB08B50A044FF48031E7F7C4F8F3
S31508047ED0002008BDF8B514468A0706460D4601F083
S31508047EE001070CD43FB1A2044FF48021304602F4B2
S31508047EF08022E7F7B1F86B070FD40020F8BD3FB12D
S31508047F0004F00100C4F340038342EBD02120F5E7D3
S31508047F104FF48021E7F7B4F8F4E7A2064FF080514E
S31508047F20304602F08052E7F797F8E6E708B50A05FF
S31508047F304FF48011E7F790F8002008BD08B5CA0485
S31508047F404FF40021E7F788F8002008BD09B141F08D
S31508047F501001E1F709BF10B50446E1F7FFFE014633
S31508047F602046BDE81040E1F7FFBE7047D0F8EC3074
S31508047F70C3B15869B0B1531EDBB2FD2B10D90368DF
S31508047F8013F1020F08BF4FF0FF33FF2A0B6005D128
S31508047F9043689A1C08BF4FF0FF334B6000207047B4
S31508047FA0012AF4E7212070472DE9F74F01251C46DD
S31508047FB09DF83030064601930368174603F0070315
S31508047FC006339D4005F1FF380B46A1B1416804EA22
S31508047FD0080BA5EB0B0A41F00059524509EB0B01B6
S31508047FE014D952461846FFF770F849467A1B5A447C
S31508047FF05044FFF76AF8019B2BB13C4448EA05084C
S3150804800004EA0804F46003B0BDE8F08F1846F0E704
S315080480104FF03A4301225A6741F6FF72D96418654C
S315080480201A67704737B5002514460095FFF7BCFF55
S31508048030204603B030BDE2F7D9BA002070470020C5
S3150804804070477047704700F0FD00003818BF0120DC
S315080480504042C0B270470A4690F89410A52901D840
S31508048060E1F7F0BF2120704708B5E4F765F8BDE8E5
S315080480700840E4F789B838B50446FFF7F5FF05461E
S31508048080FFF7F2FF431BA342FAD338BD38B50D46B2
S315080480900446E4F751F835B1844200D9013920463B
S315080480A001F0030138BD844238BF0131F7E708B54A
S315080480B0E4F75AF8BDE80840E4F766B808B50121BC
S315080480C0FFF7E4FFBDE80840E4F75EB808B521B158
S315080480D09200FEF7FAFF002008BD2120FCE70B0CEE
S315080480E023F48053B3F5284FF7B50D468FB20646E9
S315080480F099B217D04AF60103994215D04AF60203F3
S31508048100994213D0B1F5204F14BF04240324D6F89A
S31508048110EC300BB1196859B9D6F8E83093B9286820
S3150804812003B0F0BD0024F2E70124F0E70224EEE7E9
S3150804813023463A466846E4F7B3F8019B002BEBD18D
S315080481400098EDE719680029E9D023463A466846B7
S31508048150E4F7A6F8019B002BE1D1F1E702044FEA04
S31508048160901309D4C3F30903A3F1C8006FF4FF738A
S315080481709842B8BF184607E06FEA83536FEA9353E9
S3150804818013F5007F18B2EFD170470E207047704779
S31508048190E5F7C8BEE5F7C6BEE5F7C4BEE5F7C2BE51
S315080481A008B50846E6F7F8FA08BDE5F7BBBE38B5DC
S315080481B005460C4601F0C9FCD5F89C301C40D5F898
S315080481C098302343C5F8983001F0BAFC211E18BF2D
S315080481D001210020490238BD00207047704700007D
S315080481E038B50D46044601F0C3FC064B1A682DB192
S315080481F014431C60BDE8384001F0B5BC22EA040407
S31508048200F7E700BF7C3F002038B5054601F0B0FC0F
S31508048210044B1C6801F0A7FC04EA0500003818BFE3
S31508048220012038BD7C3F002008B5E7F799FD30B139
S31508048230034B186818B103681878C0F3401008BDD2
S31508048240803F002008B5E7F78BFD48B1054B186851
S3150804825030B10368188800F00700C31E5842584115
S3150804826008BD00BF803F00202DE9F04FE3B08146EA
S31508048270BEF740FB09AC02902046BFF779FB678836
S31508048280022F40F2A080264642AD0FCE0FC53368B2
S31508048290272F2B6009D92723A288ADF80A31262A65
S315080482A082BFADF80C310023459322AE304642A96D
S315080482B0BFF722FB9DF80AA1BAF1000F00F08380EC
S315080482C00DF138080DF18903C8F80030A368404653
S315080482D01B7818AFA8F804300DF209133B60E8F7C9
S315080482E0CFF80546002800F08B80207CE7F703FFCB
S315080482F006460DF1180A51464046E8F7A1F8002E3D
S3150804830064D10025644A65490DF1140B5B46504651
S3150804831092F900200978C0F74DFD031E08BF4FF0F7
S31508048320000B0393002E69D0414630465C4ABFF7DA
S3150804833041F88246BBF1000F09D0039B3BB11A46AC
S3150804834059465748C0F7ACFD50445FFA80FA53467D
S3150804835029464046524A0097C0F76EFD002832D196
S3150804836098F804303046009339466388029ABFF772
S3150804837035F83846E8F791F820B131463846BFF75C
S3150804838031FC00BBA388F3B1A6686288013B0136B9
S31508048390013A9BB2A6606280A38003B9E6683846B0
S315080483A0E8F77BF818B1337843F0040333701DB14A
S315080483B0337863F07F033370BA88484642A98DF848
S315080483C00821FFF718FB63B0BDE8F08FBFF7BAFBC7
S315080483D0002896D09AF80830002B92D0022B07D1A1
S315080483E051463046BFF776FFC543C5F3C03589E71E
S315080483F03046BAF80010BFF74BFFF5E7B246A6E7D2
S31508048400BAF1010F18BF7578BFF79CFB002837D05F
S31508048410484642A9FFF7ECFA002836D1207CE7F74C
S315080484206AFE05460028CED09DF81031032B0BD0E2
S315080484309DF81031022BC6D12846BDF80811BFF79E
S3150804844027FF002805DABEE742A9BFF743FF00283D
S31508048450EEDB4846FFF7CAFAB8B9A388002BB2D0B0
S31508048460A2686188013B013201399BB2A26061802E
S31508048470A38003B9E268137863F07F031370A2E755
S3150804848005F00705012D9ED0E3E7022803D1054828
S31508048490E9F759F897E7FEE7FE570020FF5700204B
S315080484A0E6570020DBA2040800232DE9F0418CB02E
S315080484B0032001A90093BFF717FA002800F0C38028
S315080484C09DF80430072B40F0BE8006A9BFF71CFAB6
S315080484D0002840F0B880BDF80640039A671C137854
S315080484E0BFB2BB4240F0AF80E31E7B2B00F2AB80E9
S315080484F0BDF80830002B00F0A680511C013B0391FF
S315080485009BB2611EADF80610ADF80830002B53D1A6
S31508048510049B1E789DF81400E7F7EDFD9DF82530B9
S315080485208046002B4AD006F00703022B40F08B80C6
S31508048530474D01A92868BFF7DFF9AF80FFF774FE36
S31508048540002831D0434B2A681B6892781B689B78AD
S315080485509A4229D19DF81E30002B74D0023406A8FD
S31508048560ADF81C40BFF778FA00286CD19DF8263080
S31508048570069C6B759DF82730C5F82880AB75BEF741
S31508048580BFF9844228BF01F1FF310120C5E9024140
S31508048590E7F726FCBEF7AEFBFFF754FE20B1F30659
S315080485A042BF01222C4B1A70FFF74CFE08B9BFF7DD
S315080485B03BF90CB0BDE8F0815678ABE7BFF7BCFAD7
S315080485C008B9042F3FD09DF81E30002B3BD0A31CBE
S315080485D006A8ADF81C30BFF73FFA002833D11F4868
S315080485E0FAF796F978BB69461D48F9F774FF50BB44
S315080485F0009840B301A90C30BFF77EF9009B1748D1
S315080486001F70BDF82C20009B5A709DF92620009BEC
S31508048610DA709DF82720009B9A700099069BC1E999
S315080486200183FAF716F970B116F0200603D0012073
S31508048630E7F7B5FBBDE7084D2B78002BB9D0BFF794
S31508048640F3F82E70B5E700990548F9F75DFFB0E72A
S3150804865058140020803F0020E5570020943F00204E
S31508048660843F002010B5044650B1144C0020E7F7A7
S3150804867096FB23781BB1BFF7D7F80023237010BDE8
S31508048680E7F76EFB0028FAD02046E7F78FFBFFF7DB
S31508048690CBFD044620B1BDE810400120E7F78ABBAC
S315080486A0BFF7C2F80120E7F79BFB2046E7F770FB04
S315080486B02046BDE81040E7F785BB00BFE557002014
S315080486C008B5FFF7B1FD00B9FEE701F0ECF900B90A
S315080486D0FEE70120E7F796FB0020E7F759FB0020A1
S315080486E0E7F770FB0020E7F765FBBFF79DF8002264
S315080486F0014B1A7008BD00BFE557002038B504467B
S3150804870001F023FA05460121204600F05FFB2046C6
S315080487100121044A00F0EAFC2846BDE8384001F085
S315080487200FBA00BF9FA3040838B5044601F00DFA32
S3150804873005460021204600F049FB20460021044A4C
S3150804874000F0D4FC2846BDE8384001F0F9B900BF6A
S315080487509FA30408014B1868704700BFA463002050
S315080487600A4B1B6F03F00703013B032B03D8DFE80F
S3150804877003F00A030608FEE7054B18687047054B1D
S31508048780FBE7054870470548704700BF008000505E
S31508048790A4630020AC63002080D54302002D310178
S315080487A008B5FFF7DDFF054B1B6FC3F3033301332E
S315080487B0B0FBF3F0024B186008BD00BF0080005000
S315080487C0A06300200048704700B4C40400487047FA
S315080487D0002D3101014B1868704700BFAC630020B7
S315080487E00048704780D543024FF400221B4B5A6653
S315080487F04FF0B4429368C3F304430C2B0AD8DFE85A
S3150804880003F00B0709092709191B1D1F2123250036
S315080488101348704700207047936803F04073B3F118
S31508048820807F17D0B3F1007F16D0002B0D4818BFF0
S31508048830002070470C4870470C4870470C4870472E
S315080488400C4870470C4870470C4870470C487047EA
S315080488500C4870470C4870470C4870470090005005
S31508048860404B4C0000093D00405DC6000024F4005E
S31508048870C0EA2101002D310180BA8C010048E801C3
S31508048880005A62028096980080841E0040420F00B7
S31508048890014B1868704700BFA8630020012243787B
S315080488A001789A4030235943014B5A50704700BF08
S315080488B040D00350034B5A68D20702D5DA69002A16
S315080488C0F9D1704700800A5030B9044B5A68D20768
S315080488D002D59A6D002AF9D1704700BF00800A5064
S315080488E008B9014B5964704700900A5008B9014BFE
S315080488F05964704700A00A5008B9014B19647047B7
S3150804890000A00A5010B9024B186C70470020704733
S3150804891000800A5010B5FFF7D7FF40B911B9054BC7
S31508048920D86C10BD0129FCD1024B186DF9E700205B
S31508048930F7E700BF00800A5038B51446FFF7C4FFAE
S3150804894010B911B9034BDC6438BD012904BF014BC6
S315080489501C65F9E700800A5008B5FFF7B5FF10B99A
S31508048960024B586D08BD0020FCE700BF00800A5082
S315080489704FF48062024B9A66BFF34F8F002070470C
S31508048980009000504FF48062014B00209A667047AD
S3150804899000A0005008B5C0B14FF480620C4B9A662B
S315080489A0BFF34F8F01F066F94FF098435A6CD20221
S315080489B0FCD54FF48062586D064B10F470209A6605
S315080489C004D0BDE8084001F012B9212008BD00BF53
S315080489D00090005000A0005030B5154B87B00293A4
S315080489E0144B0390049346F611030D46059300F0C1
S315080489F023F81428044616D1684601F0A1F94FF065
S31508048A00A843032202A95A6319601D619A63DA6BA3
S31508048A109207FCD1142C02D1684601F09FF900F0A4
S31508048A203FF8044601E00028E9D0204607B030BDE7
S31508048A30F04900200400002038B5164B5A6E42F05F
S31508048A4004025A66D3F8802242F00102C3F880224F
S31508048A50114B5B68C3F3080343B14FF0A842D36BC9
S31508048A6013F0430FFBD11424204638BD4FF0A84316
S31508048A70DC6B14F04304FBD1084D2B681BB90421A5
S31508048A802846FDF794FA2B68013343F000432B601C
S31508048A90EAE700BF0080005000ED00E0F04900203E
S31508048AA0014B00205B68704700ED00E0C0B1026826
S31508048AB012F4E07FC2F382130DD0012B10D1094BB7
S31508048AC059B103F58053012102F03F0201FA02F27B
S31508048AD000201A607047044BF2E703F50053F2E7E7
S31508048AE00E207047688000506480005070B50646B2
S31508048AF00D4601F03DF804460E4B1B68183B13F16E
S31508048B00180F04D12046BDE8704001F02CB81A6845
S31508048B101268B24201D09B69F0E7074A13601B69E1
S31508048B20064A53F82530157003B198470022024BBC
S31508048B301A60E7E7244A00201C4A00201F60002028
S31508048B40014B53F820007047284A002070B50446A4
S31508048B5001F07FF900B1FEE7074A2101555802EBF7
S31508048B60041345B19968204601315A6899602B4621
S31508048B70BDE87040184770BD884B002008B50B4BFC
S31508048B8001461B785BB107280BD8094B03EB001386
S31508048B901B7B43B1074800F0F7FF002008BD1120EE
S31508048BA0FCE72120FAE72520F8E700BF2460002027
S31508048BB0884B0020000004500C4B10B51B780C465B
S31508048BC073B107280ED869B1094B03EB00131B7B55
S31508048BD053B10146074800F0E7FF2070002010BD96
S31508048BE01120FCE72120FAE72520F8E72460002075
S31508048BF0884B0020000004500C4B10B51B780C461B
S31508048C0073B107280ED869B1094B03EB00131B7B14
S31508048C1053B10146074800F0D6FF2060002010BD76
S31508048C201120FCE72120FAE72520F8E72460002034
S31508048C30884B00200000045010B500F086FF044657
S31508048C400021012000F0C2F801200021034A00F0A7
S31508048C504DFA2046BDE8104000F072BFCAC80408A1
S31508048C6010B500F072FF01210446084600F0AEF87C
S31508048C700121044A084600F039FA2046BDE81040A6
S31508048C8000F05EBFCAC804080346064802689A424A
S31508048C9003D841680A44934202D3406A0028F5D1AE
S31508048CA0704700BF144C00200229F8B596BF104B34
S31508048CB000245C5C012805460E4608D0022809D023
S31508048CC008B944F002040B4B1F6837B9F8BD44F0E1
S31508048CD00804F8E744F02004F5E77B681A681442A8
S31508048CE003D0314628465B6898473F68EDE700BFDE
S31508048CF0CCE80408484C002038B5104D2B78ABB1A5
S31508048D000F4C23781BB100F0BFFA00232370002010
S31508048D1000F0E2FA0B4C50B100F0E8FA0023012106
S31508048D2020782B70FFF7C0FF0123237038BD01227A
S31508048D30054B1A702278054B1A70F7E72C60002049
S31508048D402A600020326000202D6000202E6000205A
S31508048D5038B5114D04462B78FF2B01D118B138BD0F
S31508048D600BB90028FBD00D4A2146012000F0BEF9B4
S31508048D70002C0CBFFF2301232A7813442B70EED052
S31508048D80074B1B78012BEAD9064B1B78002BE6D137
S31508048D90BDE83840FFF7B0BF31600020D8C80408E2
S31508048DA0326000202D60002010B500F0CEFE064B80
S31508048DB004461B781BB1BDE8104000F0C1BEFFF79E
S31508048DC09BFF2046F7E700BF2960002002282DE90B
S31508048DD0F04147D029480378FF2B41D1002941D1D6
S31508048DE01A461344DBB2037000293BD0244E32786A
S31508048DF0012A37D9002B3ED000F0A7FE214F04469E
S31508048E003B780BB3204D2B781BB901222A701F4AD5
S31508048E101370DFF87C8098F8003023B100F034FA38
S31508048E20002388F80030204600F08AFE012000F06E
S31508048E3053FA00F08AFE2B7804461BB100F056FA62
S31508048E4000232B7000233B70204600F079FE012492
S31508048E503078A04206D02146FFF726FF347001E099
S31508048E6013B931B9BDE8F081002914BF0122FF22E4
S31508048E70B7E70122B5E70224EAE700BF316000201C
S31508048E80326000202C600020296000202D6000201C
S31508048E902A6000202DE9FF47EFF3108572B6AFF379
S31508048EA0008001F064F9002800F0A4806B4E6C4F32
S31508048EB0337823B10020FFF74BFF0023337038784B
S31508048EC078B903A900F0BAFB044650B9654B039A6E
S31508048ED01B689A4200F296800120FFF739FF0123A6
S31508048EE033703B78002B40F0AB805F4B1B78002B2C
S31508048EF000F0A3804FF002085C4CDFF890912078CC
S31508048F00DFF88CA140450AD0002389F800309AF886
S31508048F10003013B94146FFF7C7FE84F8008099F874
S31508048F2000303BB12378022B04D1002389F80030A2
S31508048F3001F050F9B8F1020F0FD1DFF82C8198F837
S31508048F40003053B94A4B1B7823B900F097F901222C
S31508048F50484B1A70012388F80030207800F042F94B
S31508048F609AF8003013B1444B1B782370AFF3008092
S31508048F70284601F04FF8EFF3108572B63F4B1A787E
S31508048F8052B100221A703C4B20781B78984203D1C0
S31508048F9001212170FFF788FE394800F009FB01F02A
S31508048FA0EFF88046002883D12F4F89F800003B78D4
S31508048FB09BB1DFF8C0908AF8000099F800301BB11D
S31508048FC000F062F989F80080002000F085F900288D
S31508048FD039D000F08BF900233B70337823B1002095
S31508048FE0FFF7B6FE0023337000212078FFF75CFEF6
S31508048FF000232370AFF30080284604B0BDE8F04789
S3150804900001F008B81F4BD3F8008000F0DBF8039B87
S3150804901080449845BFF460AF00F0ACF98200039928
S3150804902042F0020292B2CDE900422346164AA1EB67
S315080490300801134800F0F3FF53E700F009F959E76C
S315080490404FF0010858E7012000F0CCF8284600F054
S31508049050E1FFEFF3108572B6B6E700BF2B60002078
S3150804906031600020504C00202C6000203260002023
S31508049070306000202A6000202E600020276000202F
S31508049080544C00204C4C0020A98D04082F60002065
S315080490902D60002010B500F058FD0022054B1C7801
S315080490A01A7000F04DFD00F08BFBE4B22043C0B209
S315080490B010BD00BF2860002038B500F046FD094BF6
S315080490C005461B78012B04D800F03AFD00242046F7
S315080490D038BD054B1C6800F075F80444284600F0B2
S315080490E02FFDF4E7326000204C4C0020012838B5E7
S315080490F00446154607D169B10F48F6F746FB0146FB
S3150804910010B90E4B1C7038BD45600D48BDE8384093
S31508049110F6F730BB0A4B1C68002CF4D02946606865
S31508049120FDF7C9FF08B12468F6E721460448F6F7AF
S3150804913034FB21460048E9E7784C002034600020D7
S31508049140CC4C0020194B1A491A6F10B502F00702C5
S315080491500A60196F174801F4744101601649174CDF
S315080491608969032A01F00200C1F3400121701AD06B
S31508049170D3F8202102F00702022A14D0D3F82831A2
S3150804918003F007039C1E634263410D4A137048B1FA
S3150804919043B9064BD3F8003103F00303591E4B4277
S315080491A04B41137010BD0123EFE700BF0080005048
S315080491B0D84C0020D44C002000C001503760002051
S315080491C03860002008B5054B187818B1D7F720FD84
S315080491D000EBD000024B1B68184408BD3860002019
S315080491E0D04C0020012808B502D002281ED008BD9C
S315080491F0134A137823B113490B6F43F474430B676B
S3150804920011490B6923F004030B61BFF34F8FBFF3B6
S315080492106F8F30BF1378002BE9D00A4A0B49136FB6
S31508049220096823F474430B431367E0E70020D3F774
S3150804923073FD054A136923F004031361D7E700BFD6
S315080492402B6000200080005000ED00E0D44C002084
S31508049250074A0849D2F8203103F007030B60D2F80D
S315080492602831054A03F007031360F7F7F3B800BF7C
S3150804927000800050E44C0020E04C00200122014B01
S315080492801A707047366000200F4B10B51B7883B1EF
S315080492900E4C2378A3B90E4B9A6DD10302D5DA6D19
S315080492A0920702D49B6DDB0704D54FF48032094B31
S315080492B09A6210BDD7F738FC4FF48032054B9A6290
S315080492C000232370F5E700BF3860002035600020CE
S315080492D00040005A0050005A034B1B780BB1D7F7CD
S315080492E0C7BC0120704700BF3860002008B5F7F7EF
S315080492F0B2F8174B1B7833B10122164B5A60164A3B
S315080493009369DB07FCD5154B15491A6F096822F0D2
S3150804931007020A431A671349D3F82021096822F079
S3150804932007020A43C3F820210F49D3F828210968FC
S3150804933022F007020A43C3F828210C4B1B781BB1F9
S315080493404FF480320A4B9A62BDE80840FFF728BA00
S315080493503760002000D0015000C001500080005042
S31508049360D84C0020E44C0020E04C00203860002053
S315080493700060005A014B1878704700BF3860002017
S3150804938008B5164B1A7822B300221A70144B1A6FB2
S3150804939022F0070242F001021A67D3F8202122F0CC
S315080493A0070242F00302C3F82021D3F8282122F049
S315080493B0070242F00302C3F828210A4B1B7833B18B
S315080493C00122094B5A60094A53689B07FCD4FFF7E4
S315080493D0E7F90122064B5A6708BD00BF366000202C
S315080493E0008000503760002000E0015000C00150A2
S315080493F00060005A0D490B68A0B10022A3B183424C
S3150804940003D1836822B90B6003E01A469B68F5E723
S31508049410936083680BB9002070475A6941690A4406
S315080494205A61F8E72220704702207047F04C002062
S3150804943010B500F085FA0A4C0A4B19682368C31A52
S3150804944009B9206010BD002BFBD04A699A423ABF7D
S315080494509B1A0022D21A4A6128BF00238968EFE7BB
S31508049460EC4C0020F04C002038B5154D2B682BB376
S315080494705B69A3B1134A022014681C4400F03BFE3E
S31508049480204600F09BFA00230F492A680B7022B184
S31508049490D08880070AD501230B70002038BD022026
S315080494A000F029FE022000F0D3FAECE79268002ABD
S315080494B0F3D050690344012BEAD9EEE72220EDE7FD
S315080494C0F04C0020EC4C00203A600020C38870B5AC
S315080494D004460D463BB9FFF7EFFD8542064602D220
S315080494E0F9F74AF935460E4A6561136883B9146073
S315080494F0A3600CE02D1A986819466561034618B1ED
S315080495005869A842F6D929B18C60A36023B970BDFD
S315080495100021F5E71460A3605A69521B5A61F6E7FD
S31508049520F04C0020F8B516469DF81C20BDF82070AE
S315080495300271069A0446026000220D46C0E9033603
S315080495408260C780B6B900F0FBF92844A0613DB92A
S31508049550E368656113B120462168984716B3354612
S31508049560062F0BD10822104B28469A62BDE8F8400C
S3150804957000F0EEB900F0E4F93044E7E700F0E5FA64
S315080495800646FFF755FF29462046FFF79FFF074B78
S315080495901B689C4201D1FFF767FF3046BDE8F840D7
S315080495A000F0CEBAF8BD00BF0050005AF04C0020B7
S315080495B0F8B50446F8B1C388062B01D100F050FA71
S315080495C000F0C3FA0646FFF733FF0C4B20461F6824
S315080495D0FFF710FF054620B1304600F0B1FA2846D9
S315080495E0F8BDA742F8D1FFF73FFF2228F4D102209D
S315080495F000F01CFAF0E72225F1E700BFF04C002042
S3150804960038B50C460546A8B1A1B100230B7000F085
S31508049610AFFA0121084B1B6833B900F0A4FA0020FD
S3150804962038BDAB4204D121702278002AF9D0F4E778
S315080496309B68F1E72220F3E7F04C0020F8B50646CC
S315080496400F4600F095FA00250446124B1B6823B909
S31508049650204600F088FA1B2011E05A691544DA8876
S31508049660B2420DD100F06CF90B4E3368C01AA84209
S315080496700AD3002320463B6000F075FA0020F8BDA3
S31508049680FF2EEFD09B68E2E700F05AF933682B44C3
S315080496901B1AEFE7F04C0020EC4C002070B500F0E4
S315080496A067FA064600F04CF9084B044601201D6883
S315080496B000F00BFD18B100F043F9044601353046B5
S315080496C000F051FA2046294670BD00BFF84C002028
S315080496D0014B1868704700BFF44C00200B4B70B55B
S315080496E01B68044683420D460ED340F2E730002138
S315080496F0074B4FF47A721E680023E4FB0601DDF774
S3150804970015FC2860002070BD2120FCE7E84C0020E9
S31508049710F44C00200F4B10B51A689AB14FF47A71BD
S31508049720531E1342A0FB01010ED1B2FA82F2C2F112
S315080497301F04531CD243E04001FA03F3184321FAE9
S3150804974002F20243104610BD0023DDF7EFFB024682
S31508049750F8E700BFF44C002038B5164B144683428C
S31508049760154B8B4123D3154B1A6802B34FF47A75FC
S31508049770A0FB050305FB0131531E134211D1B2FAAE
S3150804978082F3C3F11F055A1CDB4301FA02F2E840CF
S3150804979021FA03F310431843E940C4E90001002001
S315080497A038BD0023DDF7C2FBC4E90001F7E7212031
S315080497B0F6E700BFEFA7C64B37894100F44C0020F3
S315080497C010B500F0D5F9034B1C7800F0CCF9E4B2D7
S315080497D0204610BD3960002008B5084B1B7803F0F5
S315080497E0FF004BB100F061FC054B1B689B69C01A6E
S315080497F002288CBF0020012008BD00BF3A60002063
S31508049800F04C0020014B1870704700BF39600020E7
S31508049810C2072DE9F843044607D5464A13680133B7
S315080498201360FFF705FEFFF71FFEA3077FD500F0B9
S315080498309FF94FF0000805464646FFF7F9FD3E4FE7
S315080498403C680CB16369A3B100223C4B012E1A7023
S3150804985003D118F0020F18BF1E70FFF705FE222861
S3150804986002D1022000F0E2F82846BDE8F84300F0E9
S315080498707AB923465A693AB91A792179914288BF3D
S315080498801C469B68002BF5D1284600F06CF925691F
S31508049890002D38D000F054F8A269A0EB02084FEA6C
S315080498A0E873A84573F100032EDB23691344A36107
S315080498B001232269CAB1C3B9A38BB5EB080533B131
S315080498C0E28B13449BB2B3F57A7F28D2E38300F084
S315080498D04FF9804629462046FFF7F8FDA369226911
S315080498E040461344A36100F03EF9E36813B12046E9
S315080498F021689847B4F8068000F03AF90136054617
S31508049900FFF796FD9CE7A84600F032F98146204603
S31508049910FFF770FD484600F026F90023C9E7A3F5CA
S315080499207A73E383A369013D013BA361CFE7BDE8ED
S31508049930F88300BFF84C0020F04C00203960002062
S3150804994008B5FEF7B7FF014B986908BD00800A50B1
S3150804995038B5044600F0F9F80546FEF7ABFF0E4B9A
S31508049960022C9A694FF001018CBF12190332B2F125
S31508049970FF3F38BF013A0020FEF7DEFF284600F015
S31508049980DFF8064B1A7832B10221054A916404219C
S31508049990916400221A7038BD00800A50ED640020D4
S315080499A000900A5007B5044B01A9187900F0E4F9A8
S315080499B0019803B05DF804FB20E80408F8B50446EA
S315080499C000F0C3F80746FEF775FF154B9D6900F0CE
S315080499D08EFB06460020FEF795FF830704D4731B07
S315080499E0032B01D8AE420FD10021631B022B98BF6B
S315080499F0EC1C0846B4F1FF3F2CBF2246621EFEF754
S31508049A009BFF022000F077FB384600F099F8054BD7
S31508049A101A7822B10121044A916400221A70F8BD09
S31508049A2000800A50EE64002000900A50830700F074
S31508049A30010106D50123044A41F002011370034AC1
S31508049A4093640020FEF752BFEE64002000A00A507B
S31508049A50830742BF0222014B1A64704700900A50DA
S31508049A60054B1A7832B90221044A91640421916497
S31508049A7001221A70704700BFED64002000A00A5046
S31508049A801046E5F7A9BD0846E5F7A6BD00207047C8
S31508049A9008B5BDF7CFFE012801D0BDF7A3FEBDE882
S31508049AA00840BDF7C1BE08B5E6F75AF920B1BDE8C6
S31508049AB008400820FEF7A8BB08BD38B50D4604467D
S31508049AC020B1BDE838400020E6F769B9E6F748F959
S31508049AD090B1B5F5007F4FF001000AD1E6F789F990
S31508049AE02046E6F763F9BDF705F9BDE83840BDF742
S31508049AF09BBEE6F790F9F6E738BD07B501AA0DF15E
S31508049B000301FDF7C0FC9DF80330A3B1BDF7F8F8CF
S31508049B10E6F742F910B10020E6F741F9E6F720F92D
S31508049B2020B14FF400710020FFF7C7FFFFF7BBFF12
S31508049B3008B1FEF7C5FD03B05DF804FB72B67047BD
S31508049B4010B962B6BFF36F8F7047EFF3108072B621
S31508049B507047302383F311887047002383F31188F1
S31508049B60BFF36F8F704780F31188BFF36F8F704709
S31508049B70EFF31180302383F3118870474FF40040C4
S31508049B8070474FF47A70704738B5044601258D40FE
S31508049B90FFF7EEFF04F5005304F580545D65A562EE
S31508049BA0BDE83840FFF7DFBF38B505460C46FFF772
S31508049BB0DFFF6D6BFFF7D7FF0120A0402840003870
S31508049BC018BF012038BD70B50D460446FFF7D0FF0F
S31508049BD03023666B03FB0544646EFFF7C4FFEE404F
S31508049BE0F30756BFC4F30A100020013070BDB0F560
S31508049BF0802F24D010D8B0F5003F22D006D828B339
S31508049C00B0F5803F14BF012048207047B0F5403FA7
S31508049C1014BF01202C207047B0F5302F13D008D874
S31508049C20B0F5E02F11D0B0F5202F14BF0120102075
S31508049C307047B0F57F0F14BF0120062070474B20EC
S31508049C4070472A207047112070472120704708B5AD
S31508049C5028B128220021FDF7EDF9002008BD2120AE
S31508049C60FCE7036A042B9FBF00EB83020133D16030
S31508049C7003627047036A052B14D84FF09842116C97
S31508049C80C902FCD504339B0013650168103B1160B7
S31508049C904168116050F8081F11604FF09842034458
S31508049CA0984200D1704750F8041F1160F8E783689A
S31508049CB013B9816070475B685A68012AFBD15960F9
S31508049CC0704730B5C02A93B02FD0B2F5807F29D01B
S31508049CD0802A2CD14FF4807480F00100204301902F
S31508049CE016980125029010242120039504940590C2
S31508049CF0069301AB0795089409900A9306AB0B9350
S31508049D0004230C9311230D930AAB0E910F9340F67B
S31508049D101103D20802A90EA810921193FEF75CFE4D
S31508049D2013B030BD4FF48274D6E70F20F8E7292024
S31508049D30F6E708B5FEF780FEBDE80840FEF7B0BEB4
S31508049D4010B50446FFF701FF4FF0A8431A682260CE
S31508049D501B696360FFF7F4FE002010BD10B50446C6
S31508049D60FFF7F3FE4FF0A84322681A6062681A6187
S31508049D70FFF7E6FE002010BD09B100F008B822205E
S31508049D8070470121FEF792BE0021FEF78FBE70B51B
S31508049D9006460D46FFF7ECFE0446202E56D8DFE8A5
S31508049DA006F0111A551F222555282B552E553134E0
S31508049DB055373A3D554055435552555555465549D7
S31508049DC0554C4F00FEF7CCFC002628602046FFF7CA
S31508049DD0CAFE304670BD4FF4C070D2F753FAF3E7A3
S31508049DE04FF42070F9E74FF44070F6E74FF46070CB
S31508049DF0F3E74FF40070F0E74FF48060EDE74FF4B3
S31508049E004060EAE74FF4C060E7E74FF4F060E4E740
S31508049E104FF4B060E1E74FF4D060DEE74FF410602A
S31508049E20DBE74FF4E060D8E74FF4A060D5E74FF4DA
S31508049E302860D2E74FF48070CFE74FF42060CCE770
S31508049E404FF44860C9E74FF40860C6E700202126A6
S31508049E50BBE7FEF775BE0720FEF778BE0620FEF7B9
S31508049E6075BE0520FEF772BE0420FEF76FBE0320FA
S31508049E70FEF76CBE0220FEF769BE0120FEF766BE39
S31508049E800020FEF763BE2DE9F74F0D46002900F0C2
S31508049E90B9800846FEF7F8FE0446D0E90578FFF7C8
S31508049EA067FE15F808EC35F8061C1EF0010F01903C
S31508049EB000D031B90198FFF756FE012003B0BDE87A
S31508049EC0F08FA668D4F810A035F8049CA6EBC10652
S31508049ED00AF10103A5F1080C4A1CA6602361B9F12D
S31508049EE0000F00F085804FEAC9031846ACEBC90396
S31508049EF093F800B00EF0020E1BF0010F69D1BEF103
S31508049F00000F69D1B3F80290B3F806E0AEEB090E78
S31508049F10BEF1010F6CD18A1C083E4A44C4F810A04D
S31508049F20A66035F802ECBEF1000F65D0D4E90060EE
S31508049F300CEBCE0A06EB0009CA455DD21CF83EC0F6
S31508049F4056461CF0010C15D1AEEB0101012911D1BD
S31508049F50BAF80210AAF802C001310A44BAF806107F
S31508049F60002947D00AEBC106216901392161A16894
S31508049F700839A16015F8081C013A21F0010105F811
S31508049F80081C002125F8061C5A801A7861F3000279
S31508049F901A709EB3C3F107023244C2F3CF02DA80C1
S31508049FA0B2806FB3BB422BD37A88002A08BF1F46F8
S31508049FB0B8F1000F06D0434504D8B8F80220002AA1
S31508049FC018BF43460198C4E90573FFF7CCFD002082
S31508049FD074E7BEF1000F0BD0361AA66015F8086CA4
S31508049FE04A4426F0020605F8086C00269E8098E77F
S31508049FF0634696E70E46B7E70026BBE7DE80D0E75A
S3150804A0001F46D5E7222059E701460020FFF73BBF44
S3150804A010FFF7FABF10B962B6BFF36F8F70472DE921
S3150804A020FF410E46174698460546A0B10024C4616A
S3150804A030FFF7BEFABDF82C30284602939DF828305F
S3150804A0402246CDE9008331463B46FFF76BFA2046A4
S3150804A05004B0BDE8F0812220FAE72DE9F0419846DC
S3150804A060002386B00E46174605468DF81730C0B14C
S3150804A070C3610DF11701FFF7C3FA9DF8174094B9A8
S3150804A080BDF83430284602939DF830302246CDE98F
S3150804A090008331463B46FFF745FA204606B0BDE83D
S3150804A0A0F0812220FAE70320F8E738B5FFF760FDC8
S3150804A0B00546FFF745FC04462846FFF754FD2046A7
S3150804A0C038BD00F021B800F030B810B504460020B9
S3150804A0D0FEF718FC012C04D0022C05D1C0F340006D
S3150804A0E010BD00F00100FBE70020F9E770470021E6
S3150804A0F00846FEF70FBC00F00101830748BF41F08C
S3150804A10002010020FEF7ECBB002008B5FEF7FAFBB7
S3150804A11010F0080008D000200821FEF7EDFBBDE882
S3150804A12008400020FEF718BC08BD04210020FEF7ED
S3150804A130E3BB38B5FFF71CFD04460020FEF7E2FB37
S3150804A140830700F0010548BF45F0020500F0030146
S3150804A1500020FEF7D1FB2846FFF75AFB2046BDE848
S3150804A1603840FFF700BD012070470120704710B53D
S3150804A170BEF756F80446FFF7F6FF2040C0B210BDF6
S3150804A18038B5FEF787FF0446E6F773F804281BD0AC
S3150804A190022808BF44F001040025E4B2DCF738FDC0
S3150804A1A0042813D0022808BF44F00104E4B2FFF7D8
S3150804A1B0DCFF04280CD0022808BF44F0010485F00B
S3150804A1C0010504EA050038BD0125E7E70125EEE7A0
S3150804A1D00020F8E702210120E5F74EB80000000048
S3150804A1E0F8B500BFF8BC08BC9E467047F8B500BF72
S3150804A1F0F8BC08BC9E4670475FF800F0F56200207C
S3150804A2005FF800F05162002000000080004440041A
S3150804A21009008003FF06000609010008011000244E
S3150804A2200011127100124661696C656420746F200E
S3150804A230636F6E66696775726520726164696F20FB
S3150804A2406576656E74733A20256C7500496E697473
S3150804A25069616C697A65640050414E49443D2558E4
S3150804A26020696E6465783D25750045787441646493
S3150804A270723D2558255825582558255825582558B2
S3150804A280255820696E6465783D25750053686F7294
S3150804A29074416464723D255820696E6465783D2569
S3150804A2A0750053746174653D4F545F524144494F78
S3150804A2B05F53544154455F534C45455000537461AC
S3150804A2C074653D4F545F524144494F5F535441545A
S3150804A2D0455F44495341424C454400546F6F206CD2
S3150804A2E061746520746F206D6F64696679206F7573
S3150804A2F074676F696E67204650005472616E736D99
S3150804A3006974206661696C6564204572726F72436C
S3150804A3106F64653D25640053746174653D4F545FED
S3150804A320524144494F5F53544154455F524543454E
S3150804A33049564500FFFFFFFFFFFFFFFF0045727206
S3150804A3406F7220696E697469616C697A696E6720CF
S3150804A35073657474696E67733A20256C7500457263
S3150804A360726F7220696E697469616C697A696E675D
S3150804A370206E766D3320696E7374616E63653A2058
S3150804A380256C75004572726F7220776970696E67FD
S3150804A3902073657474696E67733A20256C75004F6B
S3150804A3A050454E5448524541440053657474696E89
S3150804A3B0672070616E496E6465783D256420746F04
S3150804A3C020307825303478002C20002573203D2051
S3150804A3D030782530386C7825730052657365742097
S3150804A3E063617573653A205761746368646F67209F
S3150804A3F0657870697265642C206E6F2072656C6965
S3150804A40061626C6520657874726120696E666F7224
S3150804A4106D6174696F6E0052657365742063617546
S3150804A42073653A205761746368646F67206361755E
S3150804A430676874207769746820656E68616E6365F9
S3150804A4406420696E666F00496E7374727563746905
S3150804A4506F6E20616464726573733A2025346C7870
S3150804A4600052657365742063617573653A20417398
S3150804A470736572742025733A256C64005265736596
S3150804A480742063617573653A204861726420466175
S3150804A490756C7400484653522E5645435454424CE0
S3150804A4A03A206572726F722072656164696E6720FC
S3150804A4B0766563746F72207461626C6520666F7268
S3150804A4C020616E20657863657074696F6E0048460E
S3150804A4D053522E464F524345443A20636F6E66697B
S3150804A4E067757261626C65206661756C7420636F4A
S3150804A4F0756C64206E6F7420616374697661746523
S3150804A50000484653522E44454255474556543A2028
S3150804A5106661756C742072656C6174656420746F09
S3150804A520206465627567202D20652E672E2C2065AC
S3150804A5307865637574656420424B5054005265739C
S3150804A54065742063617573653A204D656D6F72791C
S3150804A550204D616E6167656D656E74204661756C24
S3150804A5607400496C6C6567616C2061636365737319
S3150804A57020616464726573733A2025346C780043E9
S3150804A5804653522E257300526573657420636175AC
S3150804A59073653A20427573204661756C740041648C
S3150804A5A06472657373206973206F6620616E20690F
S3150804A5B06E737472756374696F6E206166746572FE
S3150804A5C020627573206661756C74206F6363757297
S3150804A5D07265642C206E6F742074686520636175D7
S3150804A5E073652E00434653522E286E6F6E652920D6
S3150804A5F06C6F6164206F722073746F726520617466
S3150804A60020616E20696C6C6567616C206164647294
S3150804A6106573730052657365742063617573653A6F
S3150804A620205573616765204661756C7400526573BD
S3150804A63065742063617573653A204465627567209D
S3150804A6404D6F6E69746F72204661756C7400707212
S3150804A6506F63657373006D61696E0048616E646C3F
S3150804A6606572002573206D6F6465207573696E675E
S3150804A67020257320737461636B202825346C782035
S3150804A680746F2025346C78292C205350203D2025BE
S3150804A690346C780025752062797465732075736542
S3150804A6A0642028257525252920696E20257320739D
S3150804A6B07461636B20286F7574206F662025752076
S3150804A6C0627974657320746F74616C290053502021
S3150804A6D06973206F757473696465202573207374B0
S3150804A6E061636B2072616E67652100496E746572D9
S3150804A6F072757074732061637469766520286F7245
S3150804A700207072652D656D7074656420616E6420B1
S3150804A710737461636B6564293A004E6F20696E74BD
S3150804A7206572727570747320616374697665005214
S3150804A7306573657420696E666F3A203078257820CB
S3150804A7402825732900457874656E64656420526506
S3150804A75073657420696E666F3A20307825325820FE
S3150804A76028257329004941434356494F4C3A2061E9
S3150804A7707474656D7074656420696E737472756338
S3150804A78074696F6E2066657463682066726F6D20DF
S3150804A79061206E6F2D6578656375746520616464E0
S3150804A7A072657373004441434356494F4C3A2061DA
S3150804A7B07474656D70746564206C6F6164206F725F
S3150804A7C02073746F726520617420616E20696C6CE5
S3150804A7D06567616C2061646472657373004D554ED8
S3150804A7E053544B4552523A20756E737461636B2009
S3150804A7F066726F6D20657863657074696F6E207212
S3150804A800657475726E20636175736564206163632C
S3150804A8106573732076696F6C6174696F6E004D5346
S3150804A820544B4552523A20737461636B696E6720C0
S3150804A83066726F6D20657863657074696F6E2063E0
S3150804A8406175736564206163636573732076696FE4
S3150804A8506C6174696F6E004D4D415256414C4944C2
S3150804A8603A204D4D415220636F6E7461696E7320B0
S3150804A87076616C6964206661756C742061646472BF
S3150804A88065737300494255534552523A20696E73AB
S3150804A8907472756374696F6E207072656665746325
S3150804A8A068206361757365642062757320666175D3
S3150804A8B06C74005052454349534552523A207072BB
S3150804A8C065636973652064617461206275732066C3
S3150804A8D061756C7400494D5052454349534552526B
S3150804A8E03A20696D70726563697365206461746181
S3150804A8F020627573206661756C7400554E53544B0B
S3150804A9004552523A20756E737461636B696E67209B
S3150804A9106F6E20657863657074696F6E20726574EE
S3150804A92075726E2063617573656420646174612051
S3150804A930627573206661756C740053544B455252A4
S3150804A9403A20737461636B696E67206F6E2065784D
S3150804A95063657074696F6E20656E747279206361BD
S3150804A9607573656420646174612062757320666119
S3150804A970756C74004246415256414C49443A204249
S3150804A98046415220636F6E7461696E732076616CFA
S3150804A9906964206661756C74206164647265737396
S3150804A9A000554E444546494E5354523A20747269EA
S3150804A9B0656420746F206578656375746520616EB7
S3150804A9C020756E646566696E656420696E73747253
S3150804A9D0756374696F6E00494E5653544154453A2B
S3150804A9E020696E76616C69642045505352202D2087
S3150804A9F0652E672E2C20747269656420746F207323
S3150804AA00776974636820746F2041524D206D6F64B2
S3150804AA106500494E5650433A2065786365707469F3
S3150804AA206F6E2072657475726E20696E74656772CE
S3150804AA3069747920636865636B73206661696C65FC
S3150804AA4064004E4F43503A20617474656D707465A2
S3150804AA506420746F20657865637574652061206366
S3150804AA606F70726F636573736F7220696E73747235
S3150804AA70756374696F6E00554E414C49474E45449B
S3150804AA803A20617474656D7074656420616E20750E
S3150804AA906E616C69676E6564206D656D6F72792089
S3150804AAA06163636573730044495642595A45524F64
S3150804AAB03A20617474656D7074656420746F2065DA
S3150804AAC07865637574652053444956206F7220551A
S3150804AAD044495620776974682064697669736F7285
S3150804AAE0206F662030004661696C656420746F20A7
S3150804AAF0666F726D617420434C49206F7574707566
S3150804AB00742060257360004661696C656420746FFF
S3150804AB10206F757470757420434C493A2025730068
S3150804AB20434C49206F7574707574206025736020D2
S3150804AB307472756E636174656400614672616D65ED
S3150804AB4020213D206E756C6C707472202626206157
S3150804AB5041636B4672616D6520213D206E756C6C90
S3150804AB6070747200766F6964206F744D61634672FF
S3150804AB70616D6547656E6572617465496D6D41639E
S3150804AB806B28636F6E7374206F74526164696F46C1
S3150804AB9072616D652A2C20626F6F6C2C206F74525B
S3150804ABA06164696F4672616D652A29002F67697445
S3150804ABB06875622F686F6D652F2E73696C61627391
S3150804ABC02F736C742F696E7374616C6C732F636F57
S3150804ABD06E616E2F702F626173655F6337306638F6
S3150804ABE032386161363263372F702F2E2E2F2E2E70
S3150804ABF02F622F6F70656E74643530363539636429
S3150804AC0066363663342F702F7574696C2F746869C9
S3150804AC1072645F70617274792F6F70656E7468728E
S3150804AC206561642F6578616D706C65732F706C61EE
S3150804AC3074666F726D732F7574696C732F6D6163A7
S3150804AC405F6672616D652E637070006F744572720B
S3150804AC506F72206F744D61634672616D6547656EE8
S3150804AC606572617465456E6841636B28636F6E73BC
S3150804AC7074206F74526164696F4672616D652A2C1B
S3150804AC8020626F6F6C2C20636F6E73742075696E07
S3150804AC9074385F742A2C2075696E74385F742C2096
S3150804ACA06F74526164696F4672616D652A29006121
S3150804ACB04465737420213D206E756C6C7074720043
S3150804ACC075696E74385F74206F744D61634672617A
S3150804ACD06D6547656E657261746543736C49655441
S3150804ACE0656D706C6174652875696E74385F742A4D
S3150804ACF0290075696E74385F74206F744D616346F4
S3150804AD0072616D6547656E6572617465456E684105
S3150804AD10636B50726F62696E6749652875696E74EC
S3150804AD20385F742A2C20636F6E73742075696E7489
S3150804AD30385F742A2C2075696E74385F7429004547
S3150804AD40465233320061706900746F74616C3A203C
S3150804AD50257500667265653A202575006D61782D3E
S3150804AD60757365643A2025750025733A2025752080
S3150804AD70257520256C75005478546F74616C3A20D7
S3150804AD80256C750025733A20256C75005278546F26
S3150804AD9074616C3A20256C750025733A2025750074
S3150804ADA054696D65202573204D696C6C693A2000D9
S3150804ADB054696D6520547261636B6564204D696CD2
S3150804ADC06C693A2000757000646F776E0050617282
S3150804ADD0746974696F6E2049443A20256C75005766
S3150804ADE06569676874696E673A20257500537461E6
S3150804ADF0626C6520446174612056657273696F6E6E
S3150804AE003A202575004C656164657220526F757425
S3150804AE1065722049443A2025750074727565006682
S3150804AE20616C73650064657461636865640063686E
S3150804AE30696C640031352E3400636C69656E740080
S3150804AE40626F6F746C6F61646572006173796E63A7
S3150804AE50006C6576656C00256325630073746F70F2
S3150804AE6000616C7473686F727461646472007265ED
S3150804AE70747269657300646972656374007C20255D
S3150804AE802D34377320007C20252D343773207C001D
S3150804AE90656E65726779004C4E41206761696E205C
S3150804AEA025642064426D006C6E616761696E0020DA
S3150804AEB06F726967696E3A257320706C656E3A25F8
S3150804AEC075207072656665727265643A25752076B2
S3150804AED0616C69643A257500616464006C696E6B1B
S3150804AEE06C6F63616C00726C6F63006D6C6569648A
S3150804AEF0006C6C61746E00726C61746E0054580058
S3150804AF0052580052784F6E5768656E49646C653AB4
S3150804AF1020256400446576696365547970653A202A
S3150804AF202564004E6574776F726B446174613A20C8
S3150804AF30256400506172656E745072696F72697423
S3150804AF40793A202564004C696E6B5175616C697495
S3150804AF5079333A202575004C696E6B5175616C69B5
S3150804AF607479323A202575004C696E6B5175616C9B
S3150804AF70697479313A202575004C656164657243B4
S3150804AF806F73743A20257500496453657175656E47
S3150804AF9063653A20257500416374697665526F7551
S3150804AFA0746572733A20257500536564427566663E
S3150804AFB0657253697A653A20257500536564446158
S3150804AFC074616772616D436F756E743A20257500F6
S3150804AFD0526F75746549643A2030782530327800A2
S3150804AFE04C696E6B5175616C6974794F75743A2046
S3150804AFF02575004C696E6B5175616C697479496E77
S3150804B0003A20257500526F757465436F73743A2038
S3150804B010257500526F757465446174613A002D2074
S3150804B020526F7574657249643A252D327500205439
S3150804B03068652071756572696564206465766963F7
S3150804B0406500204861734C696E6B3A252D3373206D
S3150804B0504C696E6B5175616C6974794F75743A25D0
S3150804B06075204C696E6B5175616C697479496E3AD1
S3150804B070257520004E657874486F703A6E61204EC7
S3150804B080657874486F70436F73743A6E61004E65E1
S3150804B0907874486F703A252D3275204E6578744851
S3150804B0A06F70436F73743A257500506172746974CE
S3150804B0B0696F6E49643A2030782530386C780053C5
S3150804B0C07461626C654461746156657273696F6E06
S3150804B0D03A202575004C6561646572526F7574650E
S3150804B0E07249643A20307825303278004368696CAE
S3150804B0F06449643A203078253034780054696D659B
S3150804B1006F75743A202575004C696E6B205175610C
S3150804B1106C6974793A202575004D6F64653A002A7E
S3150804B120204572726F722025753A20257300446F84
S3150804B1306E650046696E6973686564206465746142
S3150804B1406368696E67007C20253275207C20253467
S3150804B15064207C007C20252D31367320007C202534
S3150804B160303478207C2000207C2025327520007C11
S3150804B1702025336420007C20253375207C006E6FDF
S3150804B1806E7072656665727265646368616E6E6513
S3150804B1906C73006765740068656C700024202573F9
S3150804B1A00045787420416464723A2000526C6F63D7
S3150804B1B03A202578004C696E6B205175616C697468
S3150804B1C07920496E3A202575004C696E6B205175B5
S3150804B1D0616C697479204F75743A20257500416746
S3150804B1E0653A20256C750043534C20636C6F636B7A
S3150804B1F02061636375726163793A20257500435348
S3150804B2004C20756E6365727461696E74793A20258B
S3150804B21075007365617263680069696400636C65C7
S3150804B220617200444941475F4745542E7273702F33
S3150804B230616E732066726F6D2000457874204164D0
S3150804B24064726573733A2000526C6F6331363A2020
S3150804B25030782530347800436F6E6E65637469768A
S3150804B2606974793A00456E68526F7574653A004C8C
S3150804B270656164657220446174613A004E65747749
S3150804B2806F726B20446174613A20004D4143204338
S3150804B2906F756E746572733A004D4C4520436F752D
S3150804B2A06E746572733A0042617474657279204CDF
S3150804B2B06576656C3A202575252500537570706C7E
S3150804B2C07920566F6C746167653A2025756D56004A
S3150804B2D04368696C64205461626C653A004368612A
S3150804B2E06E6E656C2050616765733A2027004D6160
S3150804B2F078204368696C642054696D656F75743A7F
S3150804B30020256C750045554936343A200056656E35
S3150804B310646F72204E616D653A2025730056656E1A
S3150804B320646F72204D6F64656C3A20257300566508
S3150804B3306E646F722053572056657273696F6E3A3E
S3150804B3402025730056656E646F722041707020550F
S3150804B350524C3A202573005468726561642053740C
S3150804B36061636B2056657273696F6E3A20257300A4
S3150804B3704E6F6E2D707265666572726564204368D9
S3150804B380616E6E656C73204D61736B3A2030782557
S3150804B3906C780042522053746174653A2025730010
S3150804B3A0425220496E6672612D69662049503620DC
S3150804B3B041646472657373204C6973743A0042522B
S3150804B3C0204C6F63616C204F4D522050726566693C
S3150804B3D0783A20004252204448435076362D504449
S3150804B3E0204F4D52205072656669783A20004252C1
S3150804B3F0204C6F63616C204F6E2D6C696E6B205008
S3150804B40072656669783A20004252204661766F7200
S3150804B4106564204F6E2D6C696E6B20507265666983
S3150804B420783A20006D6F64656C007377766572737D
S3150804B430696F6E0061707075726C00636865636B22
S3150804B44074696D656F7574006661696C636F756E92
S3150804B45074657200677561726474696D65007375E5
S3150804B46070706F7274656400707265666572726571
S3150804B47064006368616E6E656C3A202575007065B4
S3150804B48072696F643A20256C7575730074696D6505
S3150804B4906F75743A20256C75730072656D6F7665E1
S3150804B4A000616C6C0061747461636874696D65002D
S3150804B4B062627200627566666572696E666F0063BB
S3150804B4C063617468726573686F6C64006368696C39
S3150804B4D0647375706572766973696F6E00636869FB
S3150804B4E06C6474696D656F757400636F756E7465E5
S3150804B4F072730063736C00646562756700646574CF
S3150804B50061636800646973636F76657200646E7359
S3150804B51000646F6D61696E6E616D650064756100C6
S3150804B5206575693634006578746164647200657893
S3150804B5307470616E696400666163746F72797265AA
S3150804B5407365740066656D006966636F6E66696720
S3150804B55000696E7374616E63656964006970616419
S3150804B56064720069706D61646472006B65797365F1
S3150804B5707175656E6365006C656164657264617492
S3150804B58061006C696E6B6D657472696373006C6FC8
S3150804B59067006D756C7469726164696F006E6574B1
S3150804B5A064617461006E657473746174006E6574A5
S3150804B5B0776F726B646961676E6F73746963006E23
S3150804B5C06574776F726B6B6579006E6574776F72E5
S3150804B5D06B6B6579726566006E6574776F726B6EF0
S3150804B5E0616D6500706172656E7400706C61746675
S3150804B5F06F726D00706F6C6C706572696F64007041
S3150804B600726F6D697363756F757300726370007218
S3150804B6106567696F6E00726C6F63313600736361B8
S3150804B6206E0073696E676C65746F6E007372700072
S3150804B630746172676574706F776572007468726591
S3150804B6406164007478706F7765720075647000754C
S3150804B6506E736563757265706F727400757074695C
S3150804B6606D650076656E646F7200547261636B650E
S3150804B6706454696D650044697361626C65645469F0
S3150804B6806D6500446574616368656454696D650035
S3150804B6904368696C6454696D6500526F75746572A4
S3150804B6A054696D65004C656164657254696D65001D
S3150804B6B044697361626C6564526F6C6500446574B1
S3150804B6C06163686564526F6C65004368696C6452AB
S3150804B6D06F6C6500526F75746572526F6C65004CB9
S3150804B6E06561646572526F6C650050617274697441
S3150804B6F0696F6E49644368616E6765730042657471
S3150804B700746572506172746974696F6E4174746198
S3150804B7106368417474656D70747300506172656E04
S3150804B720744368616E676573004966496E556E6B46
S3150804B7306E6F776E50726F746F73004966496E4503
S3150804B74072726F72730049664F75744572726F72BE
S3150804B75073004966496E5563617374506B7473005C
S3150804B7604966496E42726F616463617374506B749F
S3150804B77073004966496E4469736361726473004968
S3150804B780664F75745563617374506B7473004966B8
S3150804B7904F757442726F616463617374506B74732A
S3150804B7A00049664F7574446973636172647300640F
S3150804B7B061746173657420616374697665202D6E9E
S3150804B7C07300697061646472202D76006E65746412
S3150804B7D06174612073686F77006E6574646174615F
S3150804B7E02073686F77202D780073727020636C69F4
S3150804B7F0656E742073746174650073727020636C6B
S3150804B80069656E742073657276657200737270204A
S3150804B810636C69656E7420686F7374007372702044
S3150804B820636C69656E742073657276696365006313
S3150804B830736C2061636375726163790063736C204A
S3150804B840756E6365727461696E747900636F756E7B
S3150804B8507465727320697000636F756E74657273AC
S3150804B860206D616300636F756E74657273206D6C09
S3150804B87065004D41432041646472657373004368EF
S3150804B880004C51490052535349004C6F63616C2074
S3150804B890416464726573730050656572204164641B
S3150804B8A072657373004E6574776F726B204E616DA3
S3150804B8B06500457874656E6465642050414E00548D
S3150804B8C078537563636573730054784661696C6568
S3150804B8D064005278537563636573730052784661DE
S3150804B8E0696C656400526F6C652044697361626CA7
S3150804B8F0656400526F6C65204465746163686564A9
S3150804B90000526F6C65204368696C6400526F6C65FD
S3150804B91020526F7574657200526F6C65204C6561B0
S3150804B92064657200506172746974696F6E20496443
S3150804B930204368616E676573004265747465722096
S3150804B940506172746974696F6E20417474616368B6
S3150804B95020417474656D70747300426574746572FD
S3150804B96020506172656E7420417474616368204165
S3150804B9707474656D70747300506172656E742043D7
S3150804B98068616E676573005278556E69636173748E
S3150804B99000527842726F616463617374005278442A
S3150804B9A061746100527844617461506F6C6C005222
S3150804B9B078426561636F6E005278426561636F6EA3
S3150804B9C0526571756573740052784F7468657200B0
S3150804B9D052784164647265737346696C74657265FA
S3150804B9E064005278446573744164647246696C747D
S3150804B9F0657265640052784475706C696361746530
S3150804BA00640052784572724E6F4672616D650052D3
S3150804BA10784572724E6F556E6B6E6F776E4E6569AA
S3150804BA206768626F72005278457272496E76616C05
S3150804BA30696453726341646472005278457272533E
S3150804BA40656300527845727246637300527845728C
S3150804BA50724F74686572005478556E6963617374BD
S3150804BA6000547842726F6164636173740054784158
S3150804BA70636B5265717565737465640054784163C4
S3150804BA806B65640054784E6F41636B5265717565D6
S3150804BA90737465640054784461746100547844612D
S3150804BAA07461506F6C6C005478426561636F6E0004
S3150804BAB05478426561636F6E526571756573740077
S3150804BAC054784F74686572005478526574727900B4
S3150804BAD054784572724363610054784572724275AC
S3150804BAE073794368616E6E656C0054784572724169
S3150804BAF0626F72740054784469726563744D617830
S3150804BB005265747279457870697279005478496E09
S3150804BB106469726563744D6178526574727945789F
S3150804BB207069727900366C6F2073656E6400366CC2
S3150804BB306F207265617300697036006D706C0063FE
S3150804BB406F617020736563757265006170706C69E6
S3150804BB50636174696F6E20636F6170007365716EDB
S3150804BB606F3A2020202025750064656C61793A2097
S3150804BB70202020257520736563730074696D656FCD
S3150804BB8075743A2020256C752073656373004242E8
S3150804BB9052205072696D6172793A007365727665DE
S3150804BBA07231363A2030782530345800204E6F6E7C
S3150804BBB0650070656E64696E6700746C767300520E
S3150804BBC0005B52656461637465645D00636F6D6DE3
S3150804BBD0697400696E6974006D676D74676574636A
S3150804BBE06F6D6D616E64006D676D74736574636FF4
S3150804BBF06D6D616E640050656E64696E6720546984
S3150804BC006D657374616D700070656E64696E6774D2
S3150804BC10696D657374616D70004163746976652036
S3150804BC2054696D657374616D7000616374697665D2
S3150804BC3074696D657374616D700057616B652D75F4
S3150804BC4070204368616E6E656C0077616B6575700C
S3150804BC506368616E6E656C004368616E6E656C2020
S3150804BC604D61736B006368616E6E656C6D61736BB1
S3150804BC700044656C61790064656C61790045787483
S3150804BC802050414E204944004D657368204C6F632B
S3150804BC90616C20507265666978006D6573686C6FAF
S3150804BCA063616C707265666978004E6574776F7245
S3150804BCB06B204B65790050534B630070736B6300BC
S3150804BCC0536563757269747920506F6C696379007A
S3150804BCD07365637572697479706F6C6963790064E6
S3150804BCE0656C617974696D65720053796E746865FB
S3150804BCF073697A6564204950763620444E53207316
S3150804BD00657276657220616464726573733A20009D
S3150804BD1074637000646973616C6C6F770053657241
S3150804BD207665723A2000526573706F6E736554694E
S3150804BD306D656F75743A20256C75206D73004D61B9
S3150804BD40785478417474656D7074733A2025750057
S3150804BD50526563757273696F6E4465736972656457
S3150804BD603A20257300536572766963654D6F646579
S3150804BD703A202573004E617436344D6F64653A2053
S3150804BD80257300444E5320726573706F6E73652075
S3150804BD90666F72202573202D20002054544C3A25B2
S3150804BDA06C752000506F72743A25642C20507269A1
S3150804BDB06F726974793A25642C20576569676874C3
S3150804BDC03A25642C2054544C3A256C7500486F73F4
S3150804BDD0743A257300486F737441646472657373A7
S3150804BDE03A005458543A002E2E2E5D00444E5320E1
S3150804BDF062726F77736520726573706F6E736520F0
S3150804BE00666F7220257300444E53207365727669F3
S3150804BE106365207265736F6C7574696F6E207265DD
S3150804BE2073706F6E736520666F7220257320666F54
S3150804BE3072207365727669636520257300444E53D0
S3150804BE4020717565727920726573706F6E736520DB
S3150804BE50666F722025732000257529005265636F65
S3150804BE607264547970653A25752C205265636F722D
S3150804BE70644C656E6774683A25752C2054544C3A9C
S3150804BE80256C752C2053656374696F6E3A257300A7
S3150804BE904E616D653A2573005265636F7264446139
S3150804BEA074613A5B002E2E2E00616E7377657200FC
S3150804BEB0617574686F726974790061646469746918
S3150804BEC06F6E616C0062726F777365007175657267
S3150804BED079007265736F6C7665007265736F6C763C
S3150804BEE065340073657276696365686F7374007583
S3150804BEF06E7370656300737276007372765F747816
S3150804BF0074007372765F7478745F73657000737205
S3150804BF10765F7478745F6F70740054686520636F15
S3150804BF206D6D616E6420226C696E6B6D65747269E1
S3150804BF30637320717565727922206861732062655E
S3150804BF40656E207265706C6163656420627920741D
S3150804BF50686520636F6D6D616E6420226C696E6B13
S3150804BF606D6574726963732072657175657374227D
S3150804BF702E0054686520636F6D6D616E6420226CB3
S3150804BF80696E6B6D657472696373206D676D74226F
S3150804BF9020686173206265656E207265706C6163E2
S3150804BFA065642062792074686520636F6D6D616EBF
S3150804BFB06420226C696E6B6D6574726963732063A1
S3150804BFC06F6E666967222E0073696E676C65006614
S3150804BFD06F727761726400656E68616E6365642D5D
S3150804BFE061636B00726567697374657200202D203E
S3150804BFF050445520436F756E7465723A20256C75E6
S3150804C0002028436F756E742F53756D6D6174696F4F
S3150804C0106E2900202D204C51493A20257520257378
S3150804C02000202D204D617267696E3A2025752028F7
S3150804C03064422920257300202D20525353493A205F
S3150804C0402564202864426D2920257300526563659A
S3150804C05069766564204C696E6B204D6574726963F4
S3150804C06073206461746120696E20456E682041639B
S3150804C0706B2066726F6D206E65696768626F722CD5
S3150804C0802073686F727420616464726573733A30DE
S3150804C0907825303278202C20657874656E6465645A
S3150804C0A020616464726573733A00556E6B6E6F77BC
S3150804C0B06E206572726F72004F74686572206572BD
S3150804C0C0726F72005265636569766564204C696EA1
S3150804C0D06B204D657472696373204D616E61676583
S3150804C0E06D656E7420526573706F6E736520667223
S3150804C0F06F6D3A20005374617475733A2025730082
S3150804C1005265636569766564204C696E6B204D6576
S3150804C1107472696373205265706F72742066726FE5
S3150804C1206D3A20004C696E6B204D657472696373B1
S3150804C130205265706F72742C207374617475733A27
S3150804C1402025730043616E6E6F7420737570706F6B
S3150804C1507274206E6577207365726965730053651A
S3150804C1607269657320494420616C7265616479203B
S3150804C1707265676973746572656400536572696587
S3150804C18073204944206E6F74207265636F676E6905
S3150804C1907A6564004E6F206D61746368696E672002
S3150804C1A0736572696573204944006D676D74007020
S3150804C1B0726F62650072657175657374006368658C
S3150804C1C0636B002025732025303478002073002003
S3150804C1D0253034782025750050726566697865734C
S3150804C1E03A00526F757465733A00536572766963DB
S3150804C1F065733A00436F6E74657874733A00436FD7
S3150804C2006D6D697373696F6E696E673A00253034AC
S3150804C2107820002065006D61786C656E6774680027
S3150804C2207374656572696E6764617461002D49008B
S3150804C2302D6D0050696E67696E672073796E746830
S3150804C2406573697A65642049507636206164647238
S3150804C2506573733A200025752062797465732066C0
S3150804C260726F6D20003A2069636D705F7365713D66
S3150804C270257520686C696D3D25752074696D653D65
S3150804C28025756D73002575207061636B657473205D
S3150804C2907472616E736D69747465642C20257520D7
S3150804C2A07061636B6574732072656365697665642A
S3150804C2B02E00205061636B6574206C6F7373203D88
S3150804C2C020256C752E257525252E0020526F756E32
S3150804C2D0642D74726970206D696E2F6176672F6D8F
S3150804C2E06178203D2025752F25752E253033752F29
S3150804C2F02575206D732E006E616D653A00286E757E
S3150804C3006C6C29002C2073746174653A25732C208F
S3150804C31061646472733A006175746F00696E73744C
S3150804C320616E63653A222573222C206E616D653A27
S3150804C33022257300222C2073746174653A25732CA4
S3150804C34020706F72743A25642C207072696F726952
S3150804C35074793A25642C207765696768743A256484
S3150804C360002C25730053525020636C69656E742043
S3150804C37063616C6C6261636B202D206572726F72E7
S3150804C3803A257300486F737420696E666F3A0053D2
S3150804C390657276696365206C6973743A0052656DD3
S3150804C3A06F7665642073657276696365206C697354
S3150804C3B0743A006175746F73746172740063616CA6
S3150804C3C06C6261636B006B65796C65617365696E34
S3150804C3D074657276616C0074746C002D75002D6238
S3150804C3E0002D6800436F6E6E656374696E6720740A
S3150804C3F06F2073796E74686573697A656420495029
S3150804C400763620616464726573733A200053656EE8
S3150804C41064696E6720746F2073796E7468657369CE
S3150804C4207A6564204950763620616464726573734C
S3150804C4303A20002D73002D740025642062797465F2
S3150804C440732066726F6D2000202564200062696E71
S3150804C4506400636C6F736500636F6E6E6563740066
S3150804C4606C696E6B7365637572697479006F706550
S3150804C4706E00796573006E6F0025783A25783A253B
S3150804C480783A25783A3A2F3634003D00456E61628B
S3150804C4906C6564007C20252A73007C252A2E2A7361
S3150804C4A000656E61626C650064697361626C65003F
S3150804C4B068696768006D656400756E696E69746994
S3150804C4C0616C697A65640064697361626C656400A9
S3150804C4D073746F707065640072756E6E696E67004A
S3150804C4E0736C616163006468637036006D616E75B0
S3150804C4F0616C00556E6B6E6F776E4572726F72540F
S3150804C500797065004F4B0044726F70004E6F427528
S3150804C5106673004E6F526F757465004275737900C1
S3150804C520506172736500496E76616C69644172671D
S3150804C530730053656375726974790041646472653E
S3150804C54073735175657279004E6F416464726573CD
S3150804C55073004E6F74496D706C656D656E746564B1
S3150804C56000496E76616C69645374617465004E6F34
S3150804C57041636B004368616E6E656C416363657302
S3150804C580734661696C757265004663734572720019
S3150804C5904E6F4672616D65526563656976656400BA
S3150804C5A0496E76616C6964536F7572636541646438
S3150804C5B0726573730044657374696E6174696F6E2A
S3150804C5C04164647265737346696C74657265640064
S3150804C5D04E6F74466F756E6400416C72656164795A
S3150804C5E00052657365727665644572726F72323588
S3150804C5F00049707636416464726573734372656183
S3150804C60074696F6E4661696C757265004E6F744322
S3150804C610617061626C6500526573706F6E73655400
S3150804C620696D656F7574005265617373656D626CC7
S3150804C6307954696D656F7574004E6F74546D660030
S3150804C6404E6F6E4C6F7770616E44617461467261A9
S3150804C6506D650052657365727665644572726F72AC
S3150804C6603333004C696E6B4D617267696E4C6F7734
S3150804C67000496E76616C6964436F6D6D616E640022
S3150804C68050656E64696E670052656A6563746564AD
S3150804C690005B25635D2000252E2A7325733A200046
S3150804C6A04661696C656420746F2000202D2025730B
S3150804C6B0005B2573206C656E3D253033755D00205F
S3150804C6C0253032580020202000256C75642E00255C
S3150804C6D03032753A00253032753A25303275002ED7
S3150804C6E025303375007365742050414E20636861A4
S3150804C6F06E6E656C20746F202575207768656E20CC
S3150804C7006170706C79696E672064617461736574AD
S3150804C710003A3A002F2564005B25735D3A257500B7
S3150804C720257322257322005F73756200546F416472
S3150804C7306400416464696E6700546F526566726585
S3150804C74073680052656672657368696E6700546F2C
S3150804C75052656D6F76650052656D6F76696E670012
S3150804C760526567697374657265640052656D6F76A0
S3150804C770656400696E76616C696400726F757465C8
S3150804C78072006C656164657200612F616500612FD2
S3150804C790616E00612F617100612F617200612F6102
S3150804C7A07300612F736400612F796C00622F6261D4
S3150804C7B000622F626D7200622F627100632F6162DC
S3150804C7C000632F616700632F617200632F61730032
S3150804C7D0632F636100632F636700632F63700063CD
S3150804C7E02F637300632F646300632F657200632FDE
S3150804C7F0657300632F6A6500632F6A6600632F6C8E
S3150804C8006100632F6C7000632F6E6A00632F6E6B72
S3150804C81000632F6E6C00632F6E7200632F6E7300B5
S3150804C820632F706300632F706700632F7071006352
S3150804C8302F707300632F727800632F746500632F5B
S3150804C840747800632F757200632F757400642F64FF
S3150804C8506100642F646700642F647100642F647236
S3150804C86000682F616E00682F7179006E2F646E0060
S3150804C8706E2F6472006E2F6D720053696C69636F54
S3150804C8806E204C616273004F70656E546872656100
S3150804C8906400332E312E302E30007777772E736965
S3150804C8A06C6162732E636F6D006A09E667BB67AED7
S3150804C8B0853C6EF372A54FF53A510E527F9B056877
S3150804C8C08C1F83D9AB5BE0CD1900494F53545245AD
S3150804C8D0414D5F5541525400504D5F494E5445529F
S3150804C8E04E414C5F454D315F524551554952454D70
S3150804C8F0454E54004145532D3235362D43434D2A72
S3150804C9002D4E4F2D544147004145532D3139322D73
S3150804C91043434D2A2D4E4F2D544147004145532D2F
S3150804C9203132382D43434D2A2D4E4F2D544147005D
S3150804C9304145532D3235362D43434D004145532D3C
S3150804C9403139322D43434D004145532D3132382D6B
S3150804C95043434D004145532D3235362D434243005A
S3150804C9604145532D3139322D434243004145532D18
S3150804C9703132382D434243004145532D3235362D45
S3150804C980454342004145532D3139322D4543420032
S3150804C9904145532D3132382D454342002A8648866F
S3150804C9A0F70D020900686D61635348413235360054
S3150804C9B0484D41432D5348412D323536006086484B
S3150804C9C00165030402010069642D73686132353612
S3150804C9D0002B0E0302070064657343424300444573
S3150804C9E0532D434243002A864886F70D03070064FD
S3150804C9F065732D656465332D636263004445532D61
S3150804CA00454445332D434243006086480165030483
S3150804CA100102006165733132382D63626300414552
S3150804CA20533132382D434243006086480165030476
S3150804CA300116006165733139322D6362630041451D
S3150804CA40533139322D434243006086480165030455
S3150804CA50012A006165733235362D636263004145E8
S3150804CA60533235362D434243002A8648CE3D0301C8
S3150804CA70010073656370313932723100736563700E
S3150804CA803232347231002A8648CE3D0301070073D8
S3150804CA906563703235367231002A864886F70D0189
S3150804CAA0010100727361456E6372797074696F6E01
S3150804CAB000525341002A8648CE3D02010069642D7E
S3150804CAC065635075626C69634B65790047656E6585
S3150804CAD0726963204543206B6579002B8104010C38
S3150804CAE00069642D65634448004543206B657920D5
S3150804CAF0666F722045434448002A8648CE3D04039F
S3150804CB00020065636473612D776974682D5348411F
S3150804CB1032353600454344534120776974682053B7
S3150804CB20484132353600616E79506F6C6963790015
S3150804CB30416E7920506F6C696379002B06010505EF
S3150804CB400703010069642D6B702D7365727665722F
S3150804CB504175746800544C532057656220536572B6
S3150804CB607665722041757468656E74696361746963
S3150804CB706F6E002B060105050703020069642D6B19
S3150804CB80702D636C69656E744175746800544C53F2
S3150804CB902057656220436C69656E74204175746814
S3150804CBA0656E7469636174696F6E002B0601050509
S3150804CBB00703030069642D6B702D636F64655369FD
S3150804CBC0676E696E6700436F6465205369676E69AB
S3150804CBD06E67002B060105050703040069642D6BBF
S3150804CBE0702D656D61696C50726F74656374696FD5
S3150804CBF06E00452D6D61696C2050726F746563749F
S3150804CC00696F6E002B060105050703080069642D84
S3150804CC106B702D74696D655374616D70696E670008
S3150804CC2054696D65205374616D70696E67002B06CF
S3150804CC300105050703090069642D6B702D4F4353DD
S3150804CC40505369676E696E67004F435350205369A2
S3150804CC50676E696E67002B0601040182E4250100EC
S3150804CC6069642D6B702D776973756E2D66616E2DEB
S3150804CC706465766963650057692D53554E20416C82
S3150804CC806C69616E6365204669656C6420417265EA
S3150804CC9061204E6574776F726B202846414E2900D1
S3150804CCA0551D130069642D63652D626173696343B9
S3150804CCB06F6E73747261696E74730042617369632B
S3150804CCC020436F6E73747261696E747300551D0F19
S3150804CCD00069642D63652D6B657955736167650015
S3150804CCE0551D250069642D63652D6578744B657932
S3150804CCF0557361676500457874656E646564204B91
S3150804CD00657920557361676500551D110069642DA1
S3150804CD1063652D7375626A656374416C744E616DDF
S3150804CD2065005375626A65637420416C74204E61AC
S3150804CD306D65006086480186F84201010069642D24
S3150804CD406E657473636170652D6365727474797046
S3150804CD5065004E6574736361706520436572746912
S3150804CD60666963617465205479706500551D2000F1
S3150804CD7069642D63652D6365727469666963617494
S3150804CD8065506F6C69636965730043657274696697
S3150804CD90696361746520506F6C69636965730055CE
S3150804CDA01D0E0069642D63652D7375626A65637467
S3150804CDB04B65794964656E7469666965720053756D
S3150804CDC0626A656374204B6579204964656E746983
S3150804CDD06669657200551D230069642D63652D61B6
S3150804CDE07574686F726974794B65794964656E748C
S3150804CDF0696669657200417574686F726974792029
S3150804CE004B6579204964656E74696669657200556F
S3150804CE1004030069642D61742D636F6D6D6F6E4E26
S3150804CE20616D6500436F6D6D6F6E204E616D6500B3
S3150804CE30434E005504060069642D61742D636F75AD
S3150804CE406E7472794E616D6500436F756E7472798E
S3150804CE50005504070069642D61742D6C6F63616C59
S3150804CE60697479004C6F63616C69747900550408B8
S3150804CE700069642D61742D737461746500535400DC
S3150804CE8055040A0069642D61742D6F7267616E69B1
S3150804CE907A6174696F6E4E616D65004F7267616E73
S3150804CEA0697A6174696F6E004F0055040B006964F2
S3150804CEB02D61742D6F7267616E697A6174696F6E1C
S3150804CEC0616C556E69744E616D65004F72672055C5
S3150804CED06E6974004F55002A864886F70D010901C4
S3150804CEE000656D61696C4164647265737300452DF0
S3150804CEF06D61696C20616464726573730055040519
S3150804CF000069642D61742D73657269616C4E756D63
S3150804CF106265720053657269616C206E756D62652F
S3150804CF2072005504100069642D61742D706F737452
S3150804CF30616C4164647265737300506F7374616CD9
S3150804CF402061646472657373005504110069642D65
S3150804CF5061742D706F7374616C436F646500506FF0
S3150804CF607374616C20636F64650055040400696416
S3150804CF702D61742D7375724E616D65005375726EED
S3150804CF80616D6500534E0055042A0069642D617469
S3150804CF902D676976656E4E616D6500476976656EBF
S3150804CFA0206E616D6500474E0055042B0069642D9B
S3150804CFB061742D696E697469616C7300496E69746C
S3150804CFC069616C730055042C0069642D61742D67BE
S3150804CFD0656E65726174696F6E5175616C696669AF
S3150804CFE065720047656E65726174696F6E20717546
S3150804CFF0616C69666965720055040C0069642D6183
S3150804D000742D7469746C65005469746C65005504F0
S3150804D0102E0069642D61742D646E5175616C6966A0
S3150804D0206965720044697374696E677569736865BE
S3150804D03064204E616D65207175616C6966696572F7
S3150804D040005504410069642D61742D707365756417
S3150804D0506F6E796D0050736575646F6E796D00092E
S3150804D06092268993F22C6401010069642D7569641A
S3150804D0700055736572204964000992268993F22C37
S3150804D0806401190069642D646F6D61696E436F6D7F
S3150804D090706F6E656E7400446F6D61696E20636FA0
S3150804D0A06D706F6E656E740044430055042D0069F7
S3150804D0B0642D61742D756E697175654964656E7440
S3150804D0C0696669657200556E697175652049646596
S3150804D0D06E7469666965720050726F632D5479704F
S3150804D0E0653A20342C454E435259505445440065FC
S3150804D0F0636B65792E51004F706171756500454300
S3150804D1004453410045435F4448004543002D2D2DB3
S3150804D1102D2D454E442045432050524956415445E9
S3150804D120204B45592D2D2D2D2D002D2D2D2D2D42E0
S3150804D1304547494E204543205052495641544520B7
S3150804D1404B45592D2D2D2D2D002D2D2D2D2D454E8F
S3150804D150442050524956415445204B45592D2D2DAE
S3150804D1602D2D002D2D2D2D2D424547494E2050524B
S3150804D1704956415445204B45592D2D2D2D2D0073C7
S3150804D180496E7374616E6365006170702E63006F17
S3150804D19074497036536574456E61626C65642873A8
S3150804D1A0496E7374616E63652C20747275652920E3
S3150804D1B03D3D204F545F4552524F525F4E4F4E45A8
S3150804D1C0006F74546872656164536574456E616270
S3150804D1D06C65642873496E7374616E63652C207478
S3150804D1E072756529203D3D204F545F4552524F5272
S3150804D1F05F4E4F4E450076636F6D00667464206219
S3150804D2007574746F6E004D65737361676520526536
S3150804D2106365697665643A2025730D0A00736C653F
S3150804D2206570792D64656D6F2D73736564207374E9
S3150804D230617274696E6720696E20454D31202869CC
S3150804D240646C6529206D6F64650D0A0050726573F8
S3150804D2507320427574746F6E203020746F20746F57
S3150804D26067676C65206265747765656E20454D321F
S3150804D2702028736C6565702920616E6420454D31DC
S3150804D280202869646C6529206D6F6465730D0A002E
S3150804D2905B63736C20706572696F643A2025642039
S3150804D2A075732E5D205B63736C2074696D656F7589
S3150804D2B0743A202564207365632E5D0D0A00496E51
S3150804D2C0697469616C697A6174696F6E20666169EB
S3150804D2D06C656420776974683A2025642C20257364
S3150804D2E00D0A006F744461746173657453657441FF
S3150804D2F06374697665206661696C65642077697408
S3150804D300683A2025642C2025730D0A00C0DE1AB558
S3150804D310C0DE1AB5001234C0DE1AB51234C0DE1ADD
S3150804D320B51234C0DE0053534544206661696C6502
S3150804D3306420746F206F70656E2075647020736F37
S3150804D340636B657420776974683A2025642C2025F4
S3150804D350730D0A0053534544206661696C6564205D
S3150804D360746F2062696E642075647020736F636BD2
S3150804D370657420776974683A2025642C2025730D12
S3150804D3800A00454D322028736C6565702900454DA1
S3150804D39031202869646C652900736C656570792D7C
S3150804D3A064656D6F2D737365642073776974636838
S3150804D3B0696E6720746F202573206D6F64650D0A86
S3150804D3C000666630333A3A310073736564206275D1
S3150804D3D074746F6E002C2066756E6374696F6E3A8A
S3150804D3E02000617373657274696F6E202225732237
S3150804D3F0206661696C65643A2066696C6520222535
S3150804D40073222C206C696E65202564257325730A9E
S3150804D41000232D302B2000686C4C00656667454652
S3150804D420470030313233343536373839414243448C
S3150804D430454600303132333435363738396162631C
S3150804D44064656600FFFF0100000000000100A002F9
S3150804D4500202020264000000B60000006400000034
S3150804D46000010000000000000000000000000000A9
S3150804D4700B00000000010101010101010101010184
S3150804D4800101012501070101010101010101010150
S3150804D490010101010107070101010101010101015E
S3150804D4A00117554E4B00474F200042544C00474F36
S3150804D4B03200474F3300474F3400474F3500474F34
S3150804D4C03600474F3700474F3800474F3900474F14
S3150804D4D04100474F4200474F4300474F4400474FD8
S3150804D4E04500474F46004A4D5000424452005550A5
S3150804D4F0520042544D004D534D0046544C00554E6F
S3150804D5004B00474F200042544C00424144004654C5
S3150804D5104C00465243004F54410044534C00424188
S3150804D520500055504700544D450046415500545A3D
S3150804D5304600554E4B0050494E00454D3400554E55
S3150804D5404B0048562000554E4B00455850004C5742
S3150804D5504D00554E4B005242540044534C00454D21
S3150804D5603400554E4B0041535400554E4B00564615
S3150804D5705900494E4800554E4B004C434B005854ED
S3150804D5804C004F424600554E4B00485244004D4508
S3150804D5904D00425553005553470044424700444DF5
S3150804D5A0410056435400554E4B00555020005250E6
S3150804D5B02000415030004150310041502000445071
S3150804D5C02000444543000000A2D40408A6D4040855
S3150804D5D0FED4040832D504083ED5040846D5040802
S3150804D5E052D5040862D504086AD5040876D5040811
S3150804D5F086D50408A6D50408554E4B00464942006C
S3150804D60042544C004558540050575200574447005A
S3150804D610205357004352530046534800424144009E
S3150804D620464C540042524F00010401030306010507
S3150804D630010501090600060B0000070B050B00008F
S3150804D640000000000000000052300052310052323F
S3150804D6500052330052340052350052360052370015
S3150804D66052380052390052313000523131005231A9
S3150804D6703200523133284C5229004D53500050532E
S3150804D680500050430078505352004D535020757340
S3150804D69065640050535020757365640043535441C0
S3150804D6A0434B20626F74746F6D00494353520053A1
S3150804D6B04843535200494E545F41435449564530F2
S3150804D6C000494E545F414354495645310043465335
S3150804D6D05200484653520044465352004D4D415257
S3150804D6E02F42464152004146535200526574300057
S3150804D6F052657431005265743200526574330052AF
S3150804D70065743400526574350044617430004461AC
S3150804D7107431000065A70408A5A70408A2CA04086A
S3150804D720DDA704081EA80408A2CA0408A2CA040895
S3150804D73057A8040884A80408B3A80408D5A80408A4
S3150804D740FBA804083AA90408A2CA0408A2CA040839
S3150804D75074A90408A1A90408D7A9040812AA0408E4
S3150804D76042AA0408A2CA0408A2CA0408A2CA040847
S3150804D770A2CA040877AA0408A7AA04080D0A082056
S3150804D78008000000A5B40408C194000800000000BD
S3150804D790B0B40408ED04030800000000B4B4040897
S3150804D7A0498F000800000000BFB40408299900083E
S3150804D7B00000000050BC040831AB0008000000005B
S3150804D7C0CCB4040831AA000800000000DDB404083B
S3150804D7D0C1AA000800000000EAB40408E58F00089E
S3150804D7E000000000F3B404089DAB00080000000024
S3150804D7F009C704081705030800000000F7B404085D
S3150804D800E5A3000800000000FDB40408F594000828
S3150804D8100000000004B50408199800080000000078
S3150804D8200DB50408F30403080000000011B5040844
S3150804D83035A90008000000001CB5040825A5000841
S3150804D8400000000020B5040887060308000000004D
S3150804D85026B50408AB060308000000002EB5040824
S3150804D860E10603080000000037B50408F9040308B4
S3150804D8700000000044B5040871990008000000007F
S3150804D88048B50408C59100080000000051B504080D
S3150804D89041960008000000005CB50408E5990008F4
S3150804D8A00000000063B50408F99A000800000000A7
S3150804D8B06BB50408D9AA00080000000077B5040867
S3150804D8C01D9200080000000082B504080505030837
S3150804D8D0000000008EB504082D950008000000001D
S3150804D8E061B8040899960008000000000DAA040807
S3150804D8F0899700080000000092B5040825940008DA
S3150804D900000000009DB504080B050308000000008C
S3150804D910A5B504082597000800000000ADB504085D
S3150804D920E9A1000800000000BFB504082B05030898
S3150804D93000000000CAB5040881AC00080000000015
S3150804D940D8B504084DA900080000000031B504083C
S3150804D950D9AC000800000000E4B5040861A4000876
S3150804D9600000000029CC0408110503080000000083
S3150804D970EBB50408F18E000800000000F4B50408AD
S3150804D980B1AC000800000000FFB504088592000841
S3150804D990000000000BB60408F1920008000000001D
S3150804D9A00FB6040865950008000000003EB5040893
S3150804D9B0919400080000000016B604083193000884
S3150804D9C0000000001DB6040879980008000000004D
S3150804D9D022B6040851930008000000002CB6040877
S3150804D9E05D94000800000000F4B704087993000861
S3150804D9F00000000030B604086505030800000000AE
S3150804DA003CB60408BD9500080000000043B60408A7
S3150804DA1051960008000000004BB604081D050308CB
S3150804DA20000000004FB6040809AD00080000000015
S3150804DA305CB60408D59300080000000063B6040821
S3150804DA4065A90008000000002CB40408098F000822
S3150804DA50000000003E200000180000006AB6040812
S3150804DA602000000076B604082800000083B60408DF
S3150804DA703000000090B60408380000009AB604087E
S3150804DA8040000000A5B6040800000000B0B604086B
S3150804DA9002000000BDB6040804000000CAB6040863
S3150804DAA006000000D4B6040808000000DFB604081F
S3150804DAB00A0000000CB704080C000000EAB60408C3
S3150804DAC00E000000FDB60408100000001BB7040889
S3150804DAD00000000029B70408040000003BB7040846
S3150804DAE00800000046B704080C00000052B70408F2
S3150804DAF01000000060B704081400000072B7040898
S3150804DB00180000007FB704081C0000008EB704083C
S3150804DB1020000000A1B704082CB40408F4B70408CC
S3150804DB205CB60408A5B40408AFB70408C2B7040869
S3150804DB3063B50408CCB70408D9B7040877B504084C
S3150804DB40B4B40408A5B5040826B5040816B604082A
S3150804DB50E9B70408FAB704080CB804081CB804089A
S3150804DB60BFB40408F3B404082FB804083CB804087E
S3150804DB704CB8040858B8040865B80408061204051D
S3150804DB8005000000BBB8040872B804087EB8040887
S3150804DB90A3AE040881B80408040600007EB8040885
S3150804DBA085B80408313100008AB8040898B804080E
S3150804DBB01212061204050500A5B80408B2B804082A
S3150804DBC0BBB8040872B804087EB80408A3AE0408EF
S3150804DBD081B8040800000000BFB804080800000063
S3150804DBE0C9B8040804000000D2B804080C000000F0
S3150804DBF0DCB8040818000000EAB80408200000008D
S3150804DC00F8B804082800000006B904083000000023
S3150804DC1011B90408380000001DB904080000000002
S3150804DC20E5B8040802000000F3B80408040000007C
S3150804DC3001B90408060000000CB90408080000002D
S3150804DC4018B904080A0000004AB904080C000000C0
S3150804DC5024B904080E00000039B9040810000000AD
S3150804DC605AB904084800000078B9040848000000B6
S3150804DC7087B904084C00000091B904085000000054
S3150804DC809DB9040854000000A4B90408580000000B
S3150804DC90AFB904085C000000B8B9040860000000C5
S3150804DCA0C8B9040864000000D0B904086800000074
S3150804DCB0E2B904086C000000F5B904087000000015
S3150804DCC002BA0408740000000FBA040878000000B9
S3150804DCD026BA04087C0000003ABA0408800000004A
S3150804DCE043BA0408840000004CBA0408040000007F
S3150804DCF057BA04080800000061BA04080C000000BA
S3150804DD006DBA0408100000007CBA04081400000068
S3150804DD1084BA04081800000095BA04081C00000018
S3150804DD209CBA040820000000A7BA040824000000CE
S3150804DD30B0BA040828000000C0BA04082C00000081
S3150804DD40C8BA040838000000D0BA04084000000025
S3150804DD50D9BA04083C000000EABA040830000000F6
S3150804DD60F5BA0408340000000CBB040808000000D7
S3150804DD7025BB0408100000002EBB04081800000088
S3150804DD8037BB0408200000003BBB04082800000039
S3150804DD906EB804083000000057BB040838000000B9
S3150804DDA03FBB0408400000004BBB0408666163746B
S3150804DDB06F727972657365740000000028A70408F9
S3150804DDC0B9B20008000000001DB204088DAE0008B0
S3150804DDD000000000CCBB0408BDAE0008000000002B
S3150804DDE0D3BB040801AF000800000000D8BB040830
S3150804DDF069B4000800000000E7BB040879B300080A
S3150804DE0000000000B2BB040819B3000800000000B3
S3150804DE100DC7040861AF000800000000BABB040877
S3150804DE20A1AE000800000000F6BB040808BC0408FC
S3150804DE300000000019BC04082ABC040800000000FD
S3150804DE4042BC040850BC0408000000003ABC04089C
S3150804DE504ABC04080000000058BC040865BC040851
S3150804DE600000000071BC040877BC04080000000028
S3150804DE707DBC04082EB504080000000088BC04080C
S3150804DE809ABC040800000000AABC0408BFB504082C
S3150804DE9001000000A5B80408D8B50408000000006D
S3150804DEA081BC040831B5040800000000B6BC0408A7
S3150804DEB0BBBC040801000000C0BC0408D0BC0408AC
S3150804DEC0000000002ABC040800000000D10703086B
S3150804DED000000000950803080000000050BC040870
S3150804DEE00800000035AE000800000000ED0803082D
S3150804DEF00000000065BC04080B00000075AE0008AD
S3150804DF0000000000850803080000000077BC040828
S3150804DF100600000081AE0008000000005908030846
S3150804DF2000000000DFBC04080600000081AE0008FB
S3150804DF300000000059080308000000002EB5040874
S3150804DF4004000000E107030800000000290803088C
S3150804DF50000000009EBC040805000000F107030841
S3150804DF6000000000AF080308000000009ABC04087B
S3150804DF7005000000F107030800000000AF080308C5
S3150804DF8000000000BFB50408020000006908030881
S3150804DF9000000000D908030800000000D8B50408EA
S3150804DFA00300000055AE000800000000F707030848
S3150804DFB00000000031B504080700000065AE00083B
S3150804DFC0000000000D0903080000000008BC04084E
S3150804DFD001000000D9070308000000003D080308F3
S3150804DFE000000000BBBC040809000000E907030898
S3150804DFF0000000007108030800000000D0BC0408F3
S3150804E0000A00000041090308000000004709030844
S3150804E010000000004ABC04080C00000045AE0008D5
S3150804E02000000000FD08030800000000C5BE04083F
S3150804E030BDB70008000000004AB50408A5B80008E2
S3150804E04000000000CCBE040851B800080000000017
S3150804E050D2BE040845B7000800000000DABE04086A
S3150804E06081B700080000000027B8040839B800087A
S3150804E07000000000E3BE040845B8000800000000DC
S3150804E080EFBE0408F6BE0408FEBE0408FABE040879
S3150804E09002BF04080EBF0408A9BE0408B0BE0408DB
S3150804E0A0BABE0408D4B8040844C104085EC1040806
S3150804E0B07BC1040894C10408284578706F6E656EA0
S3150804E0C07469616C204D6F76696E67204176657256
S3150804E0D061676529000000004AB5040891BE000876
S3150804E0E000000000AAC1040859BD00080000000089
S3150804E0F0AFC104089309030800000000CCBE040855
S3150804E10049BD000800000000B5C10408F1BD0008B7
S3150804E1100000000019C20408B9C100080000000084
S3150804E12016C204087DC1000800000000D4B704081C
S3150804E1302DC500080000000020C20408DDC100083F
S3150804E14000000000B3C30408290C030800000000FB
S3150804E150BDC30408810C03080000000017B80408AE
S3150804E16015CB000800000000C6C3040851CF0008F8
S3150804E17000000000C9C304083DCF000800000000E1
S3150804E18005B8040881C800080000000027B8040878
S3150804E1907DCD000800000000B7C30408C70C0308B7
S3150804E1A000000000F4B70408A10C030800000000EE
S3150804E1B05CAE04086D0C030800000000D7C304080D
S3150804E1C065CF0008000000004DC40408A5CF000868
S3150804E1D00000000052C40408270D030800000000CC
S3150804E1E058C4040819D000080000000060C40408D4
S3150804E1F0310D0308000000006DC4040879CF000837
S3150804E2000000000029BB04086DD0000800000000C7
S3150804E21019BD0408B5C40408B0C40408B9C404087C
S3150804E220C7C40408D0C40408D8C404083CB60408FF
S3150804E230E0C40408E6C40408ECC40408756E6B6EEE
S3150804E2406F776E00534C2D4F50454E5448524541F6
S3150804E250442F332E312E302E305F47697448756249
S3150804E2602D3531333533633431643B2045465233D7
S3150804E270323B20417072203234203230323620301C
S3150804E280303A35383A353000506C6174666F726DC1
S3150804E29000000000D00700000302040044A0A0A068
S3150804E2A0A0A38080A0A0A0A0A1A0A0A0A0A0A0A098
S3150804E2B0A0A0A08004C50408DEB8040807C504089D
S3150804E2C00CC5040813C504081BC5040820C504089E
S3150804E2D026C5040832C504083BC5040848C504080D
S3150804E2E0EFBA040852C5040861C504086EC50408D3
S3150804E2F074C50408F8B8040889C5040890C5040850
S3150804E30016BA0408A0C50408C0C50408B5C5040897
S3150804E310D0C50408D9C50408E1C50408F1C504082C
S3150804E3200CC6040817C60408F7B9040827C604085F
S3150804E33039C6040840C6040853C6040863C6040854
S3150804E34071C6040880C6040888C604082D43574EB7
S3150804E35049442D2D2D2D2D2D2D2D2D2D2D2D2D2DA8
S3150804E360000101000100FF00010002000B0000008B
S3150804E3703D69000875690008F56800086D680008B5
S3150804E380C96800080D68000878581686FDB4580F41
S3150804E390B092546AECBD15663506FEB823D48712C6
S3150804E3A0050305040406446174617365744D616E5E
S3150804E3B0616765720044656661756C74446F6D6166
S3150804E3C0696E004F70656E54687265616400DEADEF
S3150804E3D000BEEF00CAFE323030313A343836303AAD
S3150804E3E0343836303A3A3838383800000601170CCB
S3150804E3F0081D1D1708060C0101010101010101068A
S3150804E4001B060200000100000500000100000600CA
S3150804E410000214000C00000100000F0002010000B5
S3150804E420110000020000120002010000150002019A
S3150804E43000001A0002020000210006010000240060
S3150804E440020100002700000100002F00000102005D
S3150804E4500102030480810000FF020000000000009E
S3150804E460000000000000000270E404080000000038
S3150804E470FF03000000000000000000000000000286
S3150804E48088E4040800000000FF0200000000000001
S3150804E4900000000000000001A0E4040800000000D9
S3150804E4A0FF03000000000000000000000000000157
S3150804E4B0B8E4040800000000FF03000000000000A0
S3150804E4C000000000000000FC00000000000000003E
S3150804E4D02CC7040832C7040839C7040843C7040804
S3150804E4E04EC7040857C7040860C704086BC704085E
S3150804E4F000060206040706070002020204040607C9
S3150804E50001010303050506070002020204040607BF
S3150804E510000202020404020764656661756C742EBF
S3150804E520736572766963652E617270610000000016
S3150804E530BC02000010270000102700001027000066
S3150804E5401027000010270000005468726561640CE7
S3150804E5500C0A0402020A0C09590C09FDDEAD00BEB8
S3150804E560EF000000C7C4040825AE04082EAE04084C
S3150804E5707BC7040882C7040889C704088EC7040829
S3150804E58093C7040898C704089DC70408A2C70408C3
S3150804E590A7C70408ACC70408B1C70408B7C7040862
S3150804E5A0BCC70408C1C70408C6C70408CBC70408FF
S3150804E5B0D0C70408D5C70408DAC70408DFC704089F
S3150804E5C0E4C70408E9C70408EEC70408F3C704083F
S3150804E5D0F8C70408FDC7040802C8040807C80408DD
S3150804E5E00CC8040811C8040816C804081BC804087B
S3150804E5F020C8040825C804082AC804082FC804081B
S3150804E60034C8040839C804083EC8040843C80408BA
S3150804E61048C804084DC8040852C8040857C804085A
S3150804E6205CC8040861C8040866C804086BC80408FA
S3150804E63070C8040875C8040801000000000000003A
S3150804E64002000000000000000100000001000000B4
S3150804E650010400000000000000000000020102029C
S3150804E660020302040100000001000000000000008B
S3150804E67013B779FAC925DDB7ADF3CFE0F1B614B807
S3150804E6800102000000000000FFFFFFFF0200000077
S3150804E6900100000000000000000000000000000067
S3150804E6A00000000000000000000000000000000058
S3150804E6B00000000000000000000000000000000048
S3150804E6C02D0104082901040807010408D5000408D3
S3150804E6D06501040837010408D70004082C00000063
S3150804E6E0020202030000000300000000000000000C
S3150804E6F000000000000000000700080000000000F9
S3150804E70000000000000000010204050000000000EB
S3150804E710000000000000000006141C203040141CF1
S3150804E720203040000000000000000000E0009800CF
S3150804E73010036401D800C0011800FFFFFFFF0000A2
S3150804E7400000FFFFFFFFFFFFFFFFBCE6FAADA717B8
S3150804E7509E84F3B9CAC2FC632551FFFFFFFFFFFF7E
S3150804E760FFFFFFFFFFFFFFFF16A2E0B8F03E13DD31
S3150804E77029455C5C2A3DFFFFFFFFFFFFFFFFFFFF04
S3150804E780FFFF99DEF836146BC9B1B4D228311014D8
S3150804E7901400101C2030401C2000001C20304000AF
S3150804E7A0012600000400000000000000000100002B
S3150804E7B0000000000B0000000C000000030000002D
S3150804E7C00000202000000000030000003C3C3C0040
S3150804E7D00000000000000000000000000103100112
S3150804E7E001090300510000001E0000001B00000080
S3150804E7F01600000001000000000000001A000000D6
S3150804E80057000000560000000000045001000000F4
S3150804E810F8E70408000000000000000008080000EB
S3150804E82000800A5013000000E8E7040800000A50B4
S3150804E8300A00000000E8040858E8040854E8040834
S3150804E8400000015B1500000004E8040860E80408F9
S3150804E8505CE80408010010000000100001000F0025
S3150804E86000000F00819E04087B9E0408759E040818
S3150804E8706F9E0408699E0408639E04085D9E040846
S3150804E880579E040800000020001000300500000010
S3150804E8900000000000C20100000200000010000091
S3150804E8A00000000000000000000000000500000051
S3150804E8B0000000008025000080020000001000000F
S3150804E8C000000040000000000000000001041000E1
S3150804E8D0030000002128040820EA040800000000B8
S3150804E8E0F0E804080100000000000000C017530205
S3150804E8F014E904084063598F404B4C000B000B0085
S3150804E9001A00FF7FE0630020000000002CEE0408D4
S3150804E91000000000FC4F0103D8ED040820C00110D4
S3150804E92000F8070020C001301402280124C0011091
S3150804E930FF00000024C001300043000044C0010069
S3150804E9402E02000068C00200D1B60200C00600000C
S3150804E950D0C00100000000004C40030120F9130454
S3150804E9600700620038700000604002010068010F69
S3150804E97040B8244080400101236300008C40020112
S3150804E98000800060BE0A000020410101590B000006
S3150804E9903841010190200AF05C410101001E000083
S3150804E9A06C410B0100140CC0141A21282E343B4266
S3150804E9B0495043557698BA0C2373000001010000A8
S3150804E9C01721286414171A002004C87DA1203A09BF
S3150804E9D0A8410101290000003C4201010000000091
S3150804E9E0804202010000000081000000A0420301E9
S3150804E9F0FFFF0000FF030000FFFF0000B44201010F
S3150804EA00000000003043030140002001A00000007C
S3150804EA10085000014C43010145C1872FFFFFFFFF42
S3150804EA200C400200018014007F40000020400200D0
S3150804EA30000000000000000030400700000000004D
S3150804EA4000000000000000000000000000000000B4
S3150804EA5000400000A0070003504001000000000029
S3150804EA605C4002000000000000000000A84001000D
S3150804EA7007000000BC40040000000000000000007D
S3150804EA8000000000000000000841040000400000E7
S3150804EA90FF4C000000410000FF4D000028C007009D
S3150804EAA0EC80B30343754051A00F00F80040000002
S3150804EAB0A8AA0700000000000000000054C00500D2
S3150804EAC0513130000E000DE62A000000080B0C0D2B
S3150804EAD00D00000070C00900BA10000000042000F0
S3150804EAE0041880000B3C2001187C10022FFCE00659
S3150804EAF07F0000000000000000000000A8C0050018
S3150804EB00BD4B721511A3180510325476980A0000E5
S3150804EB1000000000CCC0010001000000D4C00200BF
S3150804EB2001000A000100280008000101040700008A
S3150804EB3018000101000000002000010108840000FB
S3150804EB40404003010000000000000000100000001F
S3150804EB505840020100000000000000036840060156
S3150804EB604902F0004108000002000000B00708004E
S3150804EB70A700000000000000844002019BC34A74F9
S3150804EB80F0030F00944010010101103050707F7F8C
S3150804EB900000000000000000000000000000000063
S3150804EBA00000000000000000000000000000000053
S3150804EBB00000000000000000000000000000000043
S3150804EBC00000000000000000E0400101000200000F
S3150804EBD010410201331E0500000000001C4101011A
S3150804EBE00090C28B24410101FF0483072C410301D1
S3150804EBF0FF06660CFF0483078813FF033C410601DE
S3150804EC00F854520000000000B756351200000050B0
S3150804EC10803B00000000000058410101000000008C
S3150804EC20644102010C010000E853FA00A441010101
S3150804EC3000000000B04102010000000000002000AE
S3150804EC40BC4103010000000000003C006990060076
S3150804EC50D041030100000000D000000000000200BB
S3150804EC60E041160100000000DE635E36BF6F070050
S3150804EC706FEA1600E530CE00B2B9D90E4B84940477
S3150804EC805A1FA924DE635E36BF6F07006FEA1600B3
S3150804EC90E530CE00B2B9D90E4B8494045A1FA92480
S3150804ECA000000000000000002C00000007EE753686
S3150804ECB06018004000000000000000004442010102
S3150804ECC0140000004C4201010800000468420101D6
S3150804ECD000000000984202013F000002FFFF000006
S3150804ECE03C4304011F1F1F1F1F1F1F1B1815131149
S3150804ECF0100E0D0C50430201000000000000000035
S3150804ED00108001010300000038800201F147100059
S3150804ED10010000009C800301EB40020070780300A8
S3150804ED20D5C00000A8800111F0010000A8800131B7
S3150804ED300542CB01AC800111F0010000AC80013121
S3150804ED4005228D00B080020100030002370000018D
S3150804ED509C000102000C0004D8000302050040AA26
S3150804ED6088010000C0000000EC000112E00F00005A
S3150804ED70EC0001320C205111F00001022B010000B5
S3150804ED801001011200FF0F001001013202000031C8
S3150804ED905001011200C0010050010132C100A20055
S3150804EDA07401010269811B0C7801011200001C0020
S3150804EDB0780101321004E0CF8001011279070000BE
S3150804EDC080010132020000008401020200000000F2
S3150804EDD050000000FFFFFFFF14000000666666008F
S3150804EDE00000000098EE040888EE040800000000FD
S3150804EDF000000000005A620280841E000420F60007
S3150804EE00F14750020000000030EE0408000000003C
S3150804EE10000000000000000062841E0000000000DC
S3150804EE2000000000000000000000000005010000CA
S3150804EE3002000000C017530206140000802FA6041F
S3150804EE4005380000A0080000000058090104070658
S3150804EE50100A01040707C80A00040807800B0004FF
S3150804EE600808380C000409086108000000008A082C
S3150804EE7000000000C709010404032C0B0104040460
S3150804EE80920C010405040000ED170000ED170000BC
S3150804EE90F401000000000000193F010604100100F7
S3150804EEA00001010600102700000900000000000008
S3150804EEB000000000D8E8040801000000E863002008
S3150804EEC0000000000000010000000000000000002F
S3150804EED00000000000000000008000000080000020
S3150804EEE00080000000800000008000000080000010
S3150804EEF001800000018000000180000001800000FC
S3150804EF0001800000018000000180000001800000EB
S3150804EF1002800000028000000280000002800000D7
S3150804EF2003800000038000000480000004800000C1
S3150804EF300580000006800000088000000C800000A0
S3150804EF400F8000000A0000000C0000000D000000FD
S3150804EF50100000001200000015000000190000004F
S3150804EF601F00000027000000340000000100000212
S3150804EF700300000064F0040818F004080000000008
S3150804EF80020000005CF004080300000054F00408C2
S3150804EF90040000004CF004080500000044F00408CE
S3150804EFA0060000003CF004080700000034F00408DA
S3150804EFB02600000010F004082700000008F00408E2
S3150804EFC02800000000F0040829000000F8EF0408EF
S3150804EFD02A000000F0EF04082B000000E8EF0408FC
S3150804EFE00000000000000000F4C8040870942B0513
S3150804EFF008C9040870932A051CC9040870922905CF
S3150804F00030C90408708428053CC904087083270598
S3150804F01048C90408708226050200000000000000A2
S3150804F02000000000EB3F0408EB3F0408D53F040842
S3150804F030C33F040854C904089024070060C9040897
S3150804F040902306006CC904089022050078C90408B0
S3150804F0501014040084C904081013030090C9040892
S3150804F0601012020002000000294004082540040882
S3150804F070214004081D40040807400408F53F040815
S3150804F080512563FCC2CAB9F3849E17A7ADFAE6BC38
S3150804F090FFFFFFFFFFFFFFFF00000000FFFFFFFF6A
S3150804F0A0F551BF376840B6CBCE5E316B5733CE2B9E
S3150804F0B0169E0F7C4AEBE78E9B7F1AFEE242E34FCD
S3150804F0C096C298D84539A1F4A033EB2D817D0377F0
S3150804F0D0F240A463E5E6BCF847422CE1F2D1176B8B
S3150804F0E04B60D2273E3CCE3BF6B053CCB0061D65EA
S3150804F0F0BC86987655BDEBB3E7933AAAD835C65A73
S3150804F100FFFFFFFFFFFFFFFFFFFFFFFF00000000F9
S3150804F110000000000000000001000000FFFFFFFFE0
S3150804F1203D2A5C5C4529DD133EF0B8E0A216FFFFD4
S3150804F130FFFFFFFFFFFFFFFFFFFFFFFF347E008592
S3150804F1409981D5446447075AA07543CDE6DF224C16
S3150804F150FB23F7B5886337BD211D5C11D68032348D
S3150804F1602211C256D3C1034AB99013327FBFB46B76
S3150804F170BD0C0EB7B4FF552343390B27BAD8BFD7EE
S3150804F180B7B04450563241F5ABB3040C850A05B4FE
S3150804F190010000000000000000000000FFFFFFFF60
S3150804F1A0FFFFFFFFFFFFFFFFFFFFFFFF0000000059
S3150804F1B03128D2B4B1C96B1436F8DE99FFFFFFFFC4
S3150804F1C0FFFFFFFFFFFFFFFF1148791EA177F973C1
S3150804F1D0D5CD246BED11106378DAC8FF952B190782
S3150804F1E01210FF82FD0AFFF40088A143EB20BF7CBE
S3150804F1F0F69030B00EA88D18B1B946C1ECDEB8FE4B
S3150804F20049302472ABE9A70FE7809CE51905216408
S3150804F210FFFFFFFFFFFFFFFFFEFFFFFFFFFFFFFFED
S3150804F220FFFFFFFFFFFFFFFF01000000092040006A
S3150804F23069CA04080800000072CA040872CA0408E5
S3150804F24001000000D0F20408050000007CCA040886
S3150804F2507CCA04080200000086CA040808000000E4
S3150804F2608FCA04088FCA04080300000000000000BF
S3150804F270000000000000000000000000000000007C
S3150804F28099CA040809000000A3CA0408B1CA0408F4
S3150804F29001000000B5CA040807000000BDCA040836
S3150804F2A0CCCA040802000000DBCA040805000000F2
S3150804F2B0E1CA0408E9CA04080300000000000000C3
S3150804F2C0000000000000000000000000000000002C
S3150804F2D02B8104002100551D2000000048F3040872
S3150804F2E018F30408E8F2040804000000FED0040831
S3150804F2F0D9510408EB5104081B5204085D4A020854
S3150804F3000000000000000000294B0208055204080A
S3150804F310F3510408DD4802080300000004D1040878
S3150804F320D9510408DF510408000000000000000059
S3150804F3300000000000000000294B020805520408DA
S3150804F340F3510408DD480208020000000AD1040843
S3150804F350D9510408CD5104081B5204085D4A020811
S3150804F3600000000000000000294B020805520408AA
S3150804F370F3510408DD480208357004081014140013
S3150804F380101C2030401C2000001C203040000000C7
S3150804F3900000000010141400101C2030401C20002B
S3150804F3A0001C20304040404000004040808080805F
S3150804F3B000009088684810141400101C2030401C63
S3150804F3C02000001C203040505341004B4559000092
S3150804F3D0000000007BFF80B079FF80B078FF80B121
S3150804F3E076FF00B16CFF00B36BFF00B200000000AB
S3150804F3F07AFF809F79FF009F73FF809E00000000BC
S3150804F4007AFF80AF79FF00AF73FF80AE6170705FDB
S3150804F410696E697400736C5F6F745F637265617497
S3150804F420655F696E7374616E6365000040E804087D
S3150804F4300000000000C201000002030004E80408FA
S3150804F440000008000901050000000000D06400203F
S3150804F450A9A0010843F803089BF80308ADF80308B4
S3150804F4603DF80308D8640020A9A0010843F8030856
S3150804F4709BF80308ADF803083DF80308002020208C
S3150804F4802020202020202828282828202020202042
S3150804F4902020202020202020202020202088101012
S3150804F4A0101010101010101010101010100404046E
S3150804F4B0040404040404041010101010101041412C
S3150804F4C0414141410101010101010101010101011A
S3150804F4D0010101010101010110101010101042422E
S3150804F4E042424242020202020202020202020202EA
S3150804F4F0020202020202020210101010200000008A
S3150804F50000000000000000000000000000000000E9
S3150804F51000000000000000000000000000000000D9
S3150804F52000000000000000000000000000000000C9
S3150804F53000000000000000000000000000000000B9
S3150804F54000000000000000000000000000000000A9
S3150804F5500000000000000000000000000000000099
S3150804F5600000000000000000000000000000000089
S3150804F5700000000000000000000000000000000079
S3150804F580C97E0208117F0208BD7E02081D7F020893
S3150804F590057F0208397804087778040899780408F6
S3150804F5A0BB780408DD780408E18E0208918E020807
S3150804F5B09D8E0208918F0208E97A04087374040878
S3150804F5C0777404087B7404087F7404088374040835
S3150804F5D000000000C0010000903C0020FFFFFFFF70
S3150804F5E0FFFFFFFFFFFFFFFFFFFFFFFFFFFFFFFF19
S3150804F5F0FFFFFFFFFFFFFFFFFFFFFFFF00021000F3
S3150804F600A8530020503E0020000002080000000015
S3150804F610FFFFFFFFFFFFFFFFFFFFFFFF00000000E4
S3150804F62000000000000000000000000000000000C8
S3150804F63000000000F98A0208DD8A020819CB0208CC
S3150804F6409DCD0208D1CC020820C001B800000001F3
S3150804F650000001010001010100010000010202038A
S3150804F6600000000000000000FFFFFFFFFFFFFFFF90
S3150804F670FFFFFFFFFFFFFFFFC8C8C8C8C8C8C8C840
S3150804F680C8C8C8C8030404080808080800B801B8A4
S3150804F69002B800B0030404080805000000000000CE
S3150804F6A0000000000000000000000000040008003C
S3150804F6B07C0031003B001B002000000001F3020817
S3150804F6C01000000079F202085C3900007403000097
S3150804F6D0D43C000004000000343E0000040000008E
S3150804F6E060340000FC040000D03C00000400000064
S3150804F6F0303E0000030000000000000060340000F3
S3150804F700D83C000001000000383E00003700000025
S3150804F710D13B000061340000010000000006800FA0
S3150804F7207047FB21890109684143880B7047904853
S3150804F73000680104C80F704730B5002080490A687C
S3150804F74000238C4C521C6568AA4200D3226815789B
S3150804F750AD06AD0E9D40054328009B1D1E2BF1D317
S3150804F7600A6030BD82480168090408D582490A68D6
S3150804F770734B1A604A68C2618868AE490860704764
S3150804F780F3B583B01700C006000E00901038912810
S3150804F79033D2FFF7CCFF00282FD00024774D01265B
S3150804F7A00398FFF7BBFF002802D0022803D003E022
S3150804F7B02868304000D001240197714F04980C2121
S3150804F7C0695E40180E21695E4018FFF7AAFF019981
S3150804F7D040183860049800994018FFF7A2FF019969
S3150804F7E040187860C020800166490860200366498D
S3150804F7F00860FCF700FF9048067005B0F0BDF8B540
S3150804F800624AF0242405C025AD041069022804D2EE
S3150804F8108A4800682040A842F7D089480068C01C76
S3150804F82088490143884801608848894B04219E68B1
S3150804F8300E4204D0117D8906CE0F710021E0B60769
S3150804F84021D51669042E04D27C4E36682640AE426B
S3150804F850F7D0167D3607360F072E14D1567D022E9D
S3150804F86011DD967DB606B60E022E0CDBD67D009605
S3150804F8700E4208D0F60700D50A21009EB60700D521
S3150804F880891D00290BD173496F4C21600021116031
S3150804F89080229202704C226001601961F1BD4B1CF2
S3150804F8A016699E4204D2654E36682640AE42F7D0A3
S3150804F8B06A4B595C0091664E31610099C900F82378
S3150804F8C00B4002D08021C904116065490F68012FD5
S3150804F8D000D15B0053603268002A1ED15A4B1A685D
S3150804F8E02027F75F3F039205920D3A431A600127D2
S3150804F8F0076002228260009880090AD108680028F5
S3150804F90001D1182000E01A20325E00210098FFF782
S3150804F91037FF307A000700D43760F1BD4A484D49AD
S3150804F92001600021194A1160802292024A4B1A602A
S3150804F930464A11604B4A026142613F48017070476A
S3150804F940343E0000062048490860002047490860FC
S3150804F950F0210901464A116080214900454A11608F
S3150804F9600749404A0A604A603349087070470000EC
S3150804F970C04101A8983E0000A03E0000BC3E00001D
S3150804F980C84101A8C06101A8C05101A8C44000A883
S3150804F99030B581B00400A00314D5314800680028A6
S3150804F9A001D1162000E00C20FEF7C0FA3248806E1A
S3150804F9B00007C10F31480170082031490860C003A7
S3150804F9C0254908602F4D2868000406D5FFF7B4FEBC
S3150804F9D0E861FFF7B1FE17490860A00727D580201C
S3150804F9E0C0021D490860FCF729FE00281FD0264AD4
S3150804F9F01068C0B2002802D00621244B1960810978
S3150804FA0015D01D490B68012BFBD949680905090D51
S3150804FA10091DC900124B1B68012B00D14908002B8C
S3150804FA2001D1182300E01A23D25EFFF7A9FE01B01C
S3150804FA3030BD00005C4201A86E3E00000C0002A81E
S3150804FA40204000A800F0FF3FB84101A8044003A8DD
S3150804FA50B43E0000FFF3FF3F106001A8D84000A899
S3150804FA60843F0000FFFF0300006401A8504000A87B
S3150804FA700C6000A80C5000A81C4000A8D83C000044
S3150804FA80846000A8C04101A8B83E0000005401A83B
S3150804FA9070B50822814B1A60814B1B68DC0302D5BA
S3150804FAA00020088070BD0C880019401E00787D4D22
S3150804FAB0A870641C0C8045076D0F052D05D87A4E71
S3150804FAC03668F60603D5022D0DD0032070BD9604BC
S3150804FAD0AE401E4001D1082070BD052D03D1104249
S3150804FAE001D1641E0C80AB484860002070BDF3B594
S3150804FAF082B008886D490978491CC9B2814204D282
S3150804FB0002990918491E097800E00021654A5170CE
S3150804FB1093785B075B0F01933023019C052C28D14E
S3150804FB20194232D19478E5081E242C40CD0702D513
S3150804FB30250001242C430125A24EE6402E4073D00D
S3150804FB40019EA14FE7414024274037434C0602D57E
S3150804FB503C0020272743947889080D40A1080C26E1
S3150804FB600E402E43C0212140314320240C43977074
S3150804FB7054704B490C685578022123262E4008D028
S3150804FB80660302D52B40202B01D0052083E0434B86
S3150804FB90196093789B0601D4202203E09278120711
S3150804FBA002D540223D4B1A603E4A92786B461A703B
S3150804FBB0C022864B1E680E4001D1154212D06E46ED
S3150804FBC0377827263E40232E03D1E60207D401269A
S3150804FBD006E0252E03D0212E04D1260302D50426B9
S3150804FBE02E4F3E601B6819402026019F002F1DD109
S3150804FBF01E4028D02B4B5B781A40402A14D00C227E
S3150804FC001A40042A10D02A073CD40122002903D01A
S3150804FC10E200D10F01224A4069460978CB07DB0F77
S3150804FC201A422FD021012AD4072034E0022FE1D129
S3150804FC301E4008D00029DDD1CC232B4003D16B46C6
S3150804FC401B785B0601D5032025E0A30311D59D4E39
S3150804FC5073691B051B0D5B1C3668F60205D59A4E9F
S3150804FC6036683607B60F9B1B5B1E9BB2052B04D161
S3150804FC70C0E7029B1B78052BBCD006200BE080212D
S3150804FC80064A1160E90702D4401C03990880AC4867
S3150804FC9003994860002004B0F0BD00004C1002A887
S3150804FCA0D83E0000303E0000480002A84C3E000042
S3150804FCB0F2B586494978CA0705D4009A1288801885
S3150804FCC0401E057800E000259E4C206802229E4BC3
S3150804FCD01E68F60611D524696540EDB2002D03D1D8
S3150804FCE05E68E50975401540002D03D0040204D466
S3150804FCF00A20F2BDD406954E3460744C2D02C027F2
S3150804FD000F402F43914D2F60A5786E07760F022E6C
S3150804FD1006D15B681A4003D1002000990880F2BD19
S3150804FD20A0230B40AE08102737401F433B090E0794
S3150804FD3002D41E0010233343CC220A401A261E403E
S3150804FD400A2E04D1CC2A02D01E00FD233340804E4D
S3150804FD50DE40F60705D4000416D5412D10D108292E
S3150804FD6012D17C48D8401121014011432020084370
S3150804FD7020700D210140009808D000F0A9F8F2BDC2
S3150804FD800B2D01D10029ECD00720F2BD00F020F894
S3150804FD90F2BD0000BF34000038B50C006E490A787D
S3150804FDA0130953399D00491925881207120FAA1AEF
S3150804FDB0D21A8018FEF74FFD010002D1200000F088
S3150804FDC007F832BDF300A3E3981440684C0002A870
S3150804FDD0F8B50400614805683C4F3878D0263042A7
S3150804FDE002D00D21014005D008205D490860EF20A6
S3150804FDF0FEF7F5FC39782000314204D00909397038
S3150804FE0000F066F8F2BD052129401FD001884D4A45
S3150804FE10D160544BEC0705D5491C0180690607D403
S3150804FE20514B05E043242C40422C03D1491C018044
S3150804FE3043600DE010214A4B19604C49126893003F
S3150804FE40DB0F1A010A63802212030A60002101806B
S3150804FE500020F2BD0A888018401E0078830601D463
S3150804FE60121D0A801822024004D0088852088018F5
S3150804FE70C01E088039480068C00702D50888401C97
S3150804FE8008803948486000207047344A1368DB07FD
S3150804FE9008D51268920705D40A888018401E007887
S3150804FEA004280CD110202E4A10603048254A1268BE
S3150804FEB09300DB0F1A0102638022120302600020FA
S3150804FEC0088070470C4000A8080001A8303E0000CE
S3150804FED031B581B02648002100910822254B1B78AC
S3150804FEE002240C252B4202D10022234803E01D409C
S3150804FEF0082D00D10222DD0703D505001E2068401F
S3150804FF000094234207D015480068000601D51B480B
S3150804FF1001E00020C043019B194C20601948FF24C6
S3150804FF208470009C15012543C570017018880099D2
S3150804FF3040188018188014485860002036BD000000
S3150804FF4081360000D83E0000480002A8481002A8DE
S3150804FF500D0F0C0D07170850633F00004C0002A84C
S3150804FF604C2002A8253800005B3800001C1002A8A3
S3150804FF70DE1B2501303E00002084100000FCFF0132
S3150804FF800C3F0000603F000069370000303E000067
S3150804FF902D34000045340000453400004534000083
S3150804FFA0453400004534000000000000000000004D
S3150804FFB0000000000000000045340000453400003D
S3150804FFC045340000312B000045340000632C000042
S3150804FFD0732C0000A92D00000B2E0000952E00009E
S3150804FFE019300000C52E0000C93000001D2F00007E
S3150804FFF0692F0000E12F00008132000079330000E8
S31508050000352C000023280000CD23000045340000C8
S31508050010C928000045340000092A0000CD2900003A
S315080500204534000045340000492A000045340000DF
S3150805003045340000453400004534000045340000C9
S31508050040453400003D1200002D1200000000000096
S3150805005000040008021402180324000049488068B1
S31508050060000200D4704780B580208002AB4908603D
S31508050070CF2000F053FA01BDF8B589480068894CC8
S31508050080802292032260884D296809051DD5110B22
S31508050090A023034001D0216017E002403FD1802705
S315080500A0824A1760824A1760084038D0354E307A3A
S315080500B0400705D501207F49086000027E4908608A
S315080500C03078002801D0062801DB0020F2BD00F0B3
S315080500D078FB696889684D683178052907D1B905B6
S315080500E0A1607560AD68CC218901734A116000F07D
S315080500F071FB012D00DA0225BC20800588490860B8
S31508050100942080058749086068480021C943016429
S315080501106942416484490F6040210160D5E78348F7
S315080501200160FFF79BFF0120F2BD5D48016889055F
S3150805013004D5C06E0004000F022801D000207047C0
S315080501400120704738B580245848046000F039FB0B
S3150805015005007748006800F06DF9280000F03AFBBD
S31508050160FFF77CFF0748007A000705D5A0004D492B
S31508050170086000F03FFC31BD60036C490860AC4877
S31508050180046031BD383E0000FEB50600CC2080016E
S3150805019068494860012468480460FFF7C6FF0028D7
S315080501A07DD0664D2878002879D021020196052844
S315080501B002D032460A4072D1CC27BF015D4A176084
S315080501C08D4A126881231B02134001D0032301E0DF
S315080501D053075B0F022805D1022B5ED30801364962
S315080501E00860F7BD4E01032804D1022B55D93248BC
S315080501F00660F7BD042802D111404ED0F7BD052883
S315080502004BD10198002848D0C005C10F68464170F2
S315080502100198C004C10F6846017000F0D2FA029031
S315080502206A6868464078002803D014688020204903
S315080502300860350486496846007800280CD0D068D9
S315080502400B68C01A834B1B682B4001D0146800E065
S315080502505468844200DD0400684640786A46127888
S31508050260024308D008684242A01E824202DA60426A
S31508050270886000E00024029800F0ACFA0198800531
S3150805028001D5974805600198064001D0954805604F
S31508050290002C02D008480760F7BDFFF753FFF7BDE6
S315080502A0440002A8442002A8D83E00000CC001A8B4
S315080502B090E001A8C4D000A8145001A838B5802438
S315080502C08948046001201C4908601C4D28780528C2
S315080502D002D0600085490860FFF727FF002812D07D
S315080502E013480068000A80214140A868000EC9B273
S315080502F0814208D2404800684007400F022802D2CA
S31508050300FFF720FF31BD7A480168C0220A4002D1AD
S31508050310C06F204001D00448046031BD1C1002A8F6
S3150805032008E001A808D001A894D001A8441002A89D
S3150805033018C000A8106001A8C4E000A8383E00004F
S31508050340F1B582B00F00A020384003D08020800088
S3150805035069494DE000F035FA009066480468F802E8
S3150805036002D5A0680069029000F0AFFB8021090359
S31508050370606800F07DF926780020761C6178B14220
S3150805038000D200261821714365180C3529780829E5
S31508050390F3DA2670A56059492A780A70BA0507D589
S315080503A0544800688068C068FA0201D4032290435D
S315080503B088600127384003D100F090FC01F0DCF88D
S315080503C0F904686900F054F93C2000F0A7F8F0B282
S315080503D000F0A4F860884A4901406180009800F059
S315080503E0F9F9380544490860464807603802464918
S315080503F008600298FEBD0000184001A810B54348DC
S315080504000068800501D4FE2010BDC0208003404940
S31508050410086000F0D6F9374909688A78D20702D5FF
S3150805042089688C7800E00C7800F0D4F9200010BDB6
S31508050430100002A82F4909688A688B78DB0704D556
S31508050440927818235A438A180C3290607047000030
S3150805045048C001A84C0002A8F1B582B02D4F3C68EA
S315080504600026200F000702D1E00102902AE001F0DC
S3150805047083F800F0A6F9019080210903606800F069
S31508050480F7F825786D1C6078A84200D20025E800A3
S3150805049020180C3000900068029080210903009806
S315080504A0406800F0E5F83D2000F038F8E8B200F0BD
S315080504B035F825700098A060019800F08BF902A818
S315080504C001F0B2F814480068800407D5F86901F008
S315080504D0C4FD02990818029000D502960298FEBD39
S315080504E04C1002A84C2002A894E001A8146001A8A3
S315080504F014C001A8DC3E0000442002A8383E0000CE
S31508050500FEFF0000C0E000A8106001A8440002A88C
S31508050510441002A8E03E0000FC0302A84A490968FF
S31508050520002901D5494908607047F3B581B0484F98
S31508050530B968484C4A0058D50125090100D5212531
S315080505400100FE2292011068566822689206920EEC
S3150805055094463A68930080221340624613438022E4
S3150805056052001A4300920A0023D0890601D50120B4
S3150805057008E0F021014007D16946097A0C220A40AC
S3150805058002D0022000F04AF83349096809040AD559
S315080505903968090701D5022605E03968490301D5F1
S315080505A0002600E003264835009A2C490968890083
S315080505B003E0009A2949896B090940231940114323
S315080505C00207120F032A05D12268120904231A40C5
S315080505D03243160080225200002E02D016432666A4
S315080505E008352166024322662566E06D4407640FD1
S315080505F000F0D1F8A0070BD0052C09D0B86800047F
S3150805060006D400F0DEF80221154A116000F0E2F87A
S3150805061000F0CAF8002000F001F8F7BDFE218901AF
S315080506200A68F0239A43000110430860C0B2704770
S315080506308020C0020B490968890701D10A4900E0EB
S315080506400A49086070470000500002A8884000A8BB
S31508050650480002A8284000A8684101A8184001A832
S31508050660D4D40350844000A8486000A8485000A880
S3150805067080B56D4A116001F01BFDFFF7D9FF01BD75
S31508050680FEB56A4D2878000604D5287F002801D0CE
S31508050690182400E0462400F094F801906448C068E0
S315080506A04005C20DD52A01D2D52204E0D120400045
S315080506B0824200D90200100001005E4B00932B6BA5
S315080506C05B011BD55C4B1B78022B03D25B4E0627B9
S315080506D07B43F2520023009D2D7CDD40ED070AD5AC
S315080506E0574D06265E43AD19AD888D4200D22900C1
S315080506F0A84200D228005B1C022BECD30919090471
S31508050700504B0B40001BC005C00D184348490860EF
S31508050710C02000064C4908604649087D00280CD0CB
S315080507204A48D52A02D98023DB050360D1235B0015
S315080507309A4202D280231B0603600020444B1860A8
S315080507404888002800D10A80019800F043F800F08F
S3150805075077FDF7BD80B53F483F4908603F48C16802
S315080507600902090A19225143416005210160FFF76B
S3150805077087FF01BD80B52D480178090604D5007F98
S31508050780002801D0FFF77CFF34480068C00301D56F
S31508050790FFF776FF01BD8020C0022349086030486F
S315080507A000684007FBD470478020C0022D490860C1
S315080507B0704701E02C4908602C4909680140F9D1C0
S315080507C070472B48006820212A4A116010212A4AB9
S315080507D0116070473021014002D110202549086073
S315080507E070472348006830210140102901D10120AE
S315080507F0704700207047214801210160C160704794
S3150805080001201F49086070471E48007806210140E7
S3150805081007D01D480068022803D0032801D0012007
S315080508207047002070470000441002A8D83E000013
S315080508307C4000508C3F0000583E0000603E00009A
S315080508405C3E00000000FF01A0600050A450005067
S3150805085018E000E07F1A0601540002A810E000E03F
S31508050860440002A8442002A8282002A8280002A8B5
S31508050870600002A8602002A8601002A8789001A866
S3150805088084A001A8BC3E0000843F0000F8B5644872
S3150805089080214902C1610221624A51600021624AEA
S315080508A0D162624A118003215E4A11600221016004
S315080508B05F4DCC01A868204010D05B480068F02140
S315080508C00905014090200005814207D002205949B3
S315080508D00860012001F010FC57480460202057499C
S315080508E00860802056490860CC2080015549086073
S315080508F0012455480460286800900004070F5348EA
S315080509000068C505ED0D103DC0202843C0B2FFF7A8
S3150805091005FE4548C06B800309D5092F07D0FFF7A3
S3150805092073FF002801D003F0F3F801F019FA4848D7
S315080509300668032D41D000980007000F009003288C
S3150805094003D0022806D1032F37D000F04FFA0098B6
S31508050950032803D0062F30D1062D2ED03D48006832
S31508050960C00B204001D001F0F7FC3B4800680001A8
S3150805097008D5052D06D10125384804606005FFF719
S3150805098018FF00E000253100380000F065FA06007A
S31508050990002D06D000F020FC3148046002203149BC
S315080509A0086060052E49486580092F490860FFF7E4
S315080509B02BFF002801D003F097F81A482104016295
S315080509C0002F08D10221416000201749C863C020BD
S315080509D0C0001C4948643000F2BD80B5FFF7DBFE50
S315080509E022480078800602D4022021490860FFF7CC
S315080509F0DBFE01BD02201F490860704780200006FE
S31508050A001D49096801400AD0C10D1C4A127892078A
S31508050A1001D51B4A00E01B4A11601B49086070474F
S31508050A202C1002A8282002A80C0002A8683E00007F
S31508050A30B00002A86C1102A8B82002A894E001A883
S31508050A400CC001A8146001A8C4E000A804ED00E0E4
S31508050A50B44000A800E200E0083F0000645000A882
S31508050A60646000A82C4000A880E200E0D83E00009B
S31508050A70081002A8082002A8440002A8883E00001B
S31508050A80FC1302A8FC2302A8442002A88F48006884
S31508050A90800700D4704770B58D4801210422BE4BE6
S31508050AA00C02E025ED0086682E4002D01C601A610E
S31508050AB019610068054002D01C609A60996070BD8E
S31508050AC0B6480121816001607047012081498A681D
S31508050AD00240FCD10422B24B1A610B680340FCD1D3
S31508050AE0AF4882609101016070477B490868012219
S31508050AF0104200D1704710B5E023DB000340FF2400
S31508050B00A41CA34204D3B74B1B689B0600D54868AB
S31508050B10024001D000F030F910BDF8B50700914E36
S31508050B2030683F2188439049097801433160FFF7CA
S31508050B30DCFF8E4C8E488021490308258D4A1268AC
S31508050B40D20504D565600322B262016006E0C822B3
S31508050B50B2620622934B1A60934A11608909C160ED
S31508050B60386858390968814201D2009100E0009039
S31508050B700099401A38600121380000F0D3FB0600B9
S31508050B803868009940183860FFF780FF002E12D1A3
S31508050B90002078490A68D20500D4102060620868E2
S31508050BA0284001D0256000E065609248006840004D
S31508050BB001D5680260623000F2BD8B4801780906E6
S31508050BC00DD5007F00280AD086484168C90606D48F
S31508050BD00068A0210140481E8041C00F70470020CB
S31508050BE0704780B5FFF7E9FF002803D000210420E8
S31508050BF001F048FC01BDF1B57F4F8048F860EE204D
S31508050C00C00438607E487F490860FFF7D6FF00288C
S31508050C1003D00021042001F035FC8020C0017A4963
S31508050C20086008247948846501257D641D2077496F
S31508050C308862774E9B204000B061072001F05CFA78
S31508050C400220724988624B490A68D20603D56F495C
S31508050C50704A0A6008E00F220968214002D031006F
S31508050C60103101E0310014310A606B490968002921
S31508050C7000D4B461E32109013160C021C900674A7E
S31508050C801268F823DB01134001D1F16200E0B9656A
S31508050C905D490A6C2A4008D0496BC90705D46049DD
S31508050CA00968084001D101F00BFC0020C0435D49E5
S31508050CB00860554C606B054001D1FFF7E7FE0098C3
S31508050CC001F008FA606B8001FCD4F1BD500002A85A
S31508050CD0900102A8940102A8903F000070B5424809
S31508050CE00178090606D5007F002803D000210520CE
S31508050CF001F0C8FB1B4801683F2291434A4A12780E
S31508050D000A4302604048494A0121436B0B4001D119
S31508050D1011639162972149001160102111604449B8
S31508050D20E3231B018B66434BD3610022424B1A60B2
S31508050D3080225200072308240E4D2E68264005D02A
S31508050D408B672B681A4006D18C6704E0CB672B683E
S31508050D501A4000D1CC6703220A600C63210301609F
S31508050D6070BD00002C8001A86A3E0000601102A82B
S31508050D70981002A8FC0302A8F02109012F4A116060
S31508050D8001402F48016020202E4908602E49096830
S31508050D900840C04908607047881102A8902102A832
S31508050DA0882102A80C9001A8982002A82748284956
S31508050DB082680A4002D1C268114001D01049016013
S31508050DC013480821A64A13680B4000D0816111789B
S31508050DD0C90602D58C21090101601420AE490860AF
S31508050DE0FBE10000440002A8D83E00000448054976
S31508050DF008607047EC0002A8242102A8000FFF002E
S31508050E0001200000706201A8100002A8C01002A8FF
S31508050E10501102A8BD03000028C000A8A88001A893
S31508050E20403E0000B46000A86B3E0000682102A899
S31508050E30E82002A810100000C00002A8586001A802
S31508050E40585001A8482002A8184001A8704201A8D0
S31508050E500080008070470000F8B586B005000C00D4
S31508050E608E480068400102D52000402404438C487A
S31508050E70C66AFFF7A6FC0590B00503D5894800683C
S31508050E80FFF7D8FA0020019001227006C00F0290DC
S31508050E90FE239B01986800219960B8214900824E76
S31508050EA031606608B82131401B78F0261E40402E71
S31508050EB002D10B00402119430D2D02D10300042050
S31508050EC01843430704D50B001421194310239C43E3
S31508050ED0764B1B6803936B461A70039BDA0506D592
S31508050EE080225200724B1A600A0001211143029AA8
S31508050EF0002A11D10C220A40082A0DD00A00684B8F
S31508050F009B6BDD0601D41025AA439B0601D4202335
S31508050F109A43B12313404FD06A461278002A4ED019
S31508050F20A44B9A6B9D6D01265207520F921D96404A
S31508050F30EA04D20CB21A92B2082A09D280210622EC
S31508050F40574D2A604A029F4D2A6000226D462A702F
S31508050F5081220A4036D00822029D002D00D11A6248
S31508050F6005000820284310229443042215059E4EA1
S31508050F703560D504974E35606D462D78002D1ED003
S31508050F80062A24D3454DEE6CF60620D5974E3668C7
S31508050F90360E01966D69ADB2944EF66B360603D0DC
S31508050FA02E0080256D0135431D612D0A1D613F4BB8
S31508050FB01B68DD0592D40AE008227E4B1A62049066
S31508050FC0009131E027A24D06ED0E525DD4E7049057
S31508050FD00091334B186B85490968764D2E686F461F
S31508050FE03E810600282737401743820CD2013A432B
S31508050FF0000E30401026304010438900402211402B
S31508051000014302A88170586B000A02A9C870FFF748
S31508051010F5F902A908710198487175480068C880EC
S315080510200298E8660398E8660598FFF7D3FB08254E
S31508051030600601D56C488560FFF7E6FB002805D0F4
S315080510406C480078002801D06B4805600498C1B241
S315080510500098C0B2FFF769FA200007B0F0BD000096
S31508051060F84F0000030107060301070605010606F2
S315080510700501060603020706030207060502060614
S3150805108005020606081A03D25C4909684018401C79
S3150805109070470000481002A8883F0000084000A8CD
S315080510A0180002A81CC000A8B46000A81C0100AA64
S315080510B01C2100AAF8B5524F0F24012551491026BF
S315080510C05148806B30401BD0012008704F48006896
S315080510D07969FFF7D7FF4E49096F4018012868DB7C
S315080510E001F096FA4B490968090B0C40022C5ED1AA
S315080510F06905494A116049490E6443490D6056E038
S315080511002E024148006CC0001ED545480068E021FE
S31508051110890501404DD03F4D2868210301407001DE
S31508051120814246D1FFF74DFB3E4A3F4909683140A2
S3150805113002D03E49096811602968090B2140022930
S31508051140F3D0FFF747FBF1BD39480068002830D0D2
S3150805115001220A7000F0BEFF00282AD101F058FACC
S315080511602C490968090B2140022920D1284A1278F9
S31508051170D20705D52F4A12680A4001D0224A1560BA
S31508051180264A1160690239601F490E60214A1168AD
S31508051190090B21400229FAD01168090B0C40032CCA
S315080511A002D029041C4A11600021214A116001F068
S315080511B033FAF1BD540000AA802080041E49086050
S315080511C070470000141100AA802040041A490860D7
S315080511D0704700004C5001A800BF18480168490728
S315080511E001D0FF2141617047441002A8184001A8A3
S315080511F0448001A8D83C0000845000A838C001A83E
S315080512000CC001A86D3E0000100002A81CC101A86B
S31508051210883E0000B00002A81C1002A8082002A8F3
S315080512204C4001A8800000AA084000A8904000A8E4
S31508051230443E0000083F00003C2002A80C4000A8D8
S315080512407047FF2807D0022805D22B490978C140DF
S31508051250C807C00F7047002070470000F0B580200A
S3150805126000020821254A11600A210122244C01237E
S315080512708B40034325A56D5C1D43A560F025214ECE
S3150805128035601E4D24A6765C022737432F60042653
S315080512902E601D4D2D68154006D1D5026D1E03D04D
S315080512A0A66C3603FAD401E00220F0BDA56CE66CFF
S315080512B06D036D0BAE4200D21800491ED7D508211D
S315080512C0104B1960A060A8490968490112D5A749B4
S315080512D04B785D1C01262E404E701D00062675436B
S315080512E04D192468AC80E8800B70034801789A404C
S315080512F00A4302700020F0BD9C3F0000889001A8B3
S31508051300448001A888A001A8140002A800000001CD
S31508051310010204081020200050505040404040303B
S3150805132020202000F1B584B0914C92484068C0054C
S3150805133016D5606AE021C9000840884210D1A84838
S31508051340006E0004000FA7490A68D20601D50728CA
S3150805135004D00968C90603D40B2801D1002000E189
S31508051360FFF7AEFBA0484069400101D401251CE002
S315080513709E48806B00217D4ACBB206256B43D31860
S315080513809B8885B2AB4204D0491CCBB2022BF3D35A
S31508051390FF211170012594494969490105D5107838
S315080513A0FFF74FFF002800D0002591485021405CE3
S315080513B0000608D58C480078002804D08A48407865
S315080513C0002800D10125E06902906A480068E061B5
S315080513D0884E0498006831684718012F15DB00F018
S315080513E0F0FDC001381A01280FDBFFF76EFB00F088
S315080513F0C3F8049800683168401800F06BFE0028A9
S3150805140003D00021049A116011E0C020C0007A4972
S3150805141008602068794F072832D005210840052835
S3150805142008D021600C2000F067FE002802D002993A
S31508051430E16196E0724EFF207A3070620420B06250
S31508051440FFF743FB02203060E020C00478606A4855
S3150805145080218904416002210160012000F04CFECB
S31508051460802080007062022000F046FE8020C000C1
S3150805147070620820B062022000F03EFE0220B062CB
S31508051480604EE0204000F06159480078C00705D550
S31508051490802000065C49086040083060042000F09A
S315080514A02BFE019000284AD102203860800270641C
S315080514B0C001706410204D4908600120B0674C4F83
S315080514C04748006840061ED447484069400113D579
S315080514D0264800786946087068460078FFF7B1FE21
S315080514E0002809D02148694609780622514340183B
S315080514F0C0883E49086406E001203873FFF7AEFE4A
S315080515000190002823D10120384908600020C867C2
S31508051510022000F0F1FD3C4E4020F061C030F0613C
S315080515203878C00705D5C020000630602F48006CFE
S31508051530F881022000F0E0FD8120C0027064002DCC
S3150805154005D027480068800101D4FFF713F9E1693A
S31508051550E0204003084002992C4A0A400243E2610A
S31508051560019805B0F0BD0000083F0000583E000090
S315080515705C0102A8F80302A838B5FFF7A1FAFFF738
S31508051580A4FA23480068C0050AD522480068000B56
S315080515900F210F220240072A20D001400B291DD012
S315080515A00224124804601C4D0820A862C00168621E
S315080515B0012000F0A1FD200268622C600620A862C1
S315080515C016486862E0204000154908600B48046023
S315080515D00021144A1160C021C900016031BD00000F
S315080515E0500002A8B04301A8F43E00000C8001A8EB
S315080515F0883E0000DC3F0000981002A8982002A843
S315080516005C1102A8109001A810A001A8FFFFE3FF2E
S31508051610FC0302A8B00002A85C2102A8F961000033
S315080516202CA001A85C0102A838B50400FFF74DFAFD
S315080516302048C021C900204A1268F823DB01134057
S3150805164001D1816101E01D4A11601D4980225200C0
S315080516501C4B1D68154003D008250560032001E0CD
S31508051660AC20400088641868024001D10A20086049
S3150805167015488021490301608909C1601348006836
S31508051680AF21C90145182068854200D30500401BCE
S31508051690206000212000FFF745FE216849192160D1
S315080516A032BD802000010A49086000010949086021
S315080516B070470000641102A8AC8001A87C2102A825
S315080516C00C8001A8FC0302A8981002A8A43F0000F4
S315080516D0441002A8685000A8F1B584B0B34800685C
S315080516E00190B3488069AF21C9014018B149097805
S315080516F0C90708D40499884205D2081A00F0EAFCF5
S31508051700002800D05EE2AC484068C00700D559E21B
S315080517100420C749C8628003C6498862A548006D82
S315080517200090A548806B8407A40F2025032C03D0B9
S315080517301020BF49C86225E02B03084683629E4AE6
S31508051740D06B284001D0012067E00098000610D527
S31508051750D06B022108400CD1B74805260660D66B22
S3150805176010273E403143016000210160916B090A4B
S3150805177001600420AF49C862D06B002802D5AC4881
S3150805178083620024009800060BD5AC48007800282B
S3150805179007D0A748C562CC4800682840A549C8624D
S315080517A00EE08548816B490704D5806BC000E900C2
S315080517B0084003E07E488068C10701D5FFF7DCFAD3
S315080517C001230098184008D0C048A1014018006AAE
S315080517D0C004C00C401ED049086000200021CF4A2D
S315080517E01668360403D5926F002A00D40121C02253
S315080517F09200CB4B5A6522026E4B1B78DB0701D448
S31508051800002902D0C0239B0000E01300C5490B60E0
S31508051810C0239B00C24CA3654A606749096C94229C
S3150805182092050A40140000D00124204300062CD056
S315080518308248007DC0210140402902D1FFF7CDF835
S3150805184001E0FFF7D7F85C48056024061CD0B64CBE
S31508051850806B400708D568027649886202202060B1
S3150805186000F0CAFA002807D004207149C862400268
S3150805187070498862000120604E485021405C000688
S3150805188002D5A8036A4908609CE14B484068C00729
S31508051890FAD428036749C862FEF77DFF9E48406E5D
S315080518A04549096C090408D4C00606D5FEF789FF1B
S315080518B00221C54A1160FEF78DFFFEF775FFE8019F
S315080518C03D490860C14CC0252D06A5600001C049E3
S315080518D008603948806B4007C10F68460170BD4EE0
S315080518E0A0270198C00700D4AAE000F091FE02904F
S315080518F0FEF781FF3048006C40040DD400BF00BFD9
S3150805190000BF00BF00BF00BF00BF00BF00BF00BFCC
S3150805191080200006BA490860FEF772FF029800F0B3
S315080519207BFEEE20C004AC490860802000012062D9
S3150805193003203064FE20C003706442200199C9055E
S3150805194001D4706000E0206067600820A049086639
S315080519500420AC4908601848006CC00237D5144EF7
S31508051960316F080CA84A0904C90B515A10282ED3F9
S315080519703288E72A2BD395235B009A4205D89A1A0B
S31508051980120951438A0A514204E0A04BD21812099A
S315080519905143890A49B24018B269736A59435118BD
S315080519A0B1616F280AD36F200BE000BFFC0302A8BC
S315080519B08C3F0000883E0000100002A80F2800D2C0
S315080519C00F20010201430004084391490860824833
S315080519D090498164A90CA16002217D4A5167A90D28
S315080519E08160F021090141658020400060610A2077
S315080519F000F082FBA560822040026066012000F0A7
S31508051A007BFB0120A060062000F076FB8020000203
S31508051A10A060082000F070FB80200003A06080000D
S31508051A20A060032000F068FB8020400249E000BF63
S31508051A301C2002A81C1002A8E40000AAF43E000017
S31508051A400198400744D56448EE21C90401606049F8
S31508051A508222D204CA66802292002262D2018A664E
S31508051A60A90C81646C48A0600A2000F045FB00209B
S31508051A7030640199C905306000D508207060676033
S31508051A80534808210166022141670A2000F034FB04
S31508051A90A56062486066012000F02EFB062000F06E
S31508051AA02BFB0820A060062000F026FBE80DA060A9
S31508051AB0082000F021FB6020A060032000F01CFB35
S31508051AC002205049086008E0184001A80C0000AA41
S31508051AD0534A4021002001F013F80020C04310495D
S31508051AE0086000F06EFA964E401DC001B1694718A8
S31508051AF08020C00193494D6F0540934908600498B5
S31508051B00874214D2B169401A00F0E4FA00280DD0CC
S31508051B108E48056056E000BF204000A8684101A828
S31508051B20B46000A8085100A8685000A8049F019849
S31508051B30400702D58020800000E08548A060012086
S31508051B4000F0DAFA8020400021490860380000F0E4
S31508051B50C1FA804C2078C00703D58C204005FEF7CE
S31508051B6028FE68460078002807D1764800687A492D
S31508051B7088608020C003794908607448056016485E
S31508051B800199490704D5802189008164214903E023
S31508051B9002218164C021890181646846007800288C
S31508051BA00AD0012000F0A8FA5020205C000603D5CB
S31508051BB0802000038F490860A848006CC00201D53B
S31508051BC0F06EB06105B0F0BDD4E40350641102A807
S31508051BD0B81002A8600102A8242102A880B5FEF75C
S31508051BE0F0FD984900220A600A22CA61FEF7F2FD4D
S31508051BF09548C021890201609949416001BD0000E7
S31508051C0004500950C82102A8C0000000D6FEFFFFEF
S31508051C10DC4001A804040000040440000204000096
S31508051C20120700008D48806B800300D47047F8B50D
S31508051C308C48006800900024002001260099314050
S31508051C4002D0C020800103E00099490700D58648DF
S31508051C50864902220A600864082785480760854878
S31508051C600068C00403D4844800683840FBD0834D17
S31508051C7037486865042000F03FFA8820C00468657F
S31508051C800098064024D0A02080036865012000F04E
S31508051C9033FA7B48686500F0BBFC0600FEF7ABFD2A
S31508051CA06E48006C40040DD400BF00BF00BF00BFDE
S31508051CB000BF00BF00BF00BF00BF00BF80200006F1
S31508051CC070490860FEF79CFD300000F0A5FC08E0A9
S31508051CD0602068657803A860012000F00DFA6A4857
S31508051CE068656A4E0098C005346001D5776000E0DE
S31508051CF07460C02000066865C00C65490860012047
S31508051D0000F0FAF9F0200001E86662480099C9056D
S31508051D1002D50321016000E00460862040025E4981
S31508051D2008605E4868652F60A02028653464746479
S31508051D30B8024A490860000159490860F1BD000022
S31508051D408C3F000020C001A894E001A894D001A802
S31508051D5002400000883E0000F43E00001C1002A860
S31508051D60F8B5504800680D2707400424002F00D110
S31508051D700427FC2080011025660308214A4A4B4B97
S31508051D801B682340126816D04260394004D00220E9
S31508051D90FEF744FC464806603C4009D0FE20800113
S31508051DA000680543FE2080010560B00840490860C3
S31508051DB00220404916E00260394005D00220FEF7A8
S31508051DC02DFCA0023A4908603C4007D0FE20800158
S31508051DD001680D4305607009354908603548066090
S31508051DE030032F490860FFF71DFF00210020FEF785
S31508051DF09CFBF1BD1C2002A810B580202E490A6857
S31508051E0002400AD02D4A136806241C4005D1546E93
S31508051E102B4B2340126D940101D5002010BD09688E
S31508051E2008400DD02748834203D1100501D5012066
S31508051E3010BD25480068C107C90F481E8041C00F57
S31508051E4010BD0000D80000AA442002A81F48032197
S31508051E500164A821C163102101607047100002A81A
S31508051E6004000080FC0302A8040400002C1102A843
S31508051E70106001A8D84001A8104001A8182102A899
S31508051E80018000000460095089050000600102A868
S31508051E90B06101A8548001A8C82102A8043400002D
S31508051EA0482002A8B44000A81CC101A8480002A8F9
S31508051EB0441002A8685000A8440002A814C001A846
S31508051EC01F1F0000010C000030C101A8082002A848
S31508051ED06C4800680121084209D16B4A12686B4BA8
S31508051EE0000C1840F03291400B40984201D0022070
S31508051EF0704700207047F8B507000F386A46108006
S31508051F00604CE0680A0004D16B461B8882B29A4287
S31508051F103AD200226B461A80012502263A0013D0CA
S31508051F202268324007D000292ED059480088401C1F
S31508051F305749088000203900216156490E6080B24C
S31508051F40B84201D369460D805348456000E030BF65
S31508051F502068304003D1FFF7BBFF0028F7D04D486E
S31508051F604560390010D02168314005D048490A88AE
S31508051F706B461B88D2180A80066000202061E06837
S31508051F80B84201D244480660FFF7A2FFF2BD38B54C
S31508051F90040000F03DFB0500012199204443A009F2
S31508051FA03E4A12688018123880B2FFF7A4FF04006B
S31508051FB08020C0013A490860280000F02DFB200062
S31508051FC032BD334803883549096802889342F9D1F1
S31508051FD0100408187047FEB51238070C69460880BC
S31508051FE000F016FB0190274C294D2888B8421ADAC5
S31508051FF001202C490860274E30BF02202168014080
S3150805200006D030604003264908602888401C288089
S31508052010FFF75EFF002802D12988B942ECDB0121CA
S31508052020716000280DD12888B8420AD1E06869464A
S315080520300988884205D2002168460088FFF75BFFB4
S3150805204001E0FFF745FF04008020C0011449086038
S31508052050019800F0E1FA2000FEBD10B512490A689C
S315080520600E4B1B680C689442FAD0DB014033141AF0
S3150805207002D288692418641C0C4800684443181B56
S3150805208010BD0000280002A804ED00E0FF3F00008F
S31508052090683E0000282002A8281002A8340002A8D5
S315080520A080E200E02C1002A820C001A8B43F000079
S315080520B0F0B502E00A601C602E607EC84F1C07D08A
S315080520C05F1C04D06F1CF5D10A601C60F0BD0A6060
S315080520D0F0BD000010B5C409FFF773FF201A3128B3
S315080520E006DAC000183801D4C01EFDD5002010BD7B
S315080520F02000FFF770FF10BDC32148436F3801D490
S315080521001E38FDD50020704780B5FEF787FA0120F1
S315080521108A49086001BD38B589490D680824894981
S315080521200C60FFF7F1FF254001D08748046031BDF3
S3150805213080B5EB2000F001F801BD30B583490A6882
S31508052140104010231A4210D0814A824C2468234035
S3150805215008D0AF4B1C682402FF252D0225401563C0
S3150805216000241C6080235B031360086030BDF0B54E
S315080521700024A84D00270BE0BC46075D6F43A60063
S3150805218096597E400F5D6F43374066463743641C54
S315080521909C42F1D338093843810801434808084366
S315080521A00540E90929430F208A0B0A430240504096
S315080521B0F0BDF1B584B00E00954F00203860964DF8
S315080521C0E87A0090A87A02900F20009901400191BB
S315080521D0009901420DD0019B904A91490498FFF751
S315080521E0C6FF0299014039608E4841438E4808402A
S315080521F001D1012400E044010098001116D03200EF
S31508052200009803061B0F29000498019E6D7A751917
S315080522104019FFF7ACFF02990911014038680A0110
S3150805222002433A60002901D0480044437F480068C4
S31508052230204001D1042000E0002005B0F0BD80B59E
S315080522400A00002111807A4952888018FFF7B1FFE4
S3150805225002BDF0B50F22774B5C7905780F20204033
S31508052260C5402009284001259C79C4402C4001D148
S315080522700320F0BD374C2468254008D06E4D9E686E
S315080522804700F65B761E2E608026B601EE60DD7881
S31508052290DE79C640F00711D5E0060FD5002D0DD01D
S315080522A0664848600888488008881C7800192A40C6
S315080522B080185A7880182A09801800E000200880B6
S315080522C00020F0BD10B55E4801685E4A0820014247
S315080522D000D09061C90602D58C21090111605A49B9
S315080522E05A4A5B4B1B681B040CD54B685C0402D524
S315080522F0C303136006E0C024A4011C4043029C42A4
S3150805230000D010600B68034005D0524B1B689B0F25
S315080523109B0700D010600F480078C023034002D100
S3150805232080204005106008682021084010604A484A
S315080523300068C00101D4FFF7FBFE10BD2C4000A8BC
S315080523404C4000A84C6000A84C5000A8883F0000E7
S315080523501C1002A8D83E0000F8B5404F38687E68BC
S3150805236006403F4830403F4908608024A4033E4D57
S31508052370F00226D53D48016801200A0605D53C49DF
S315080523800968A9602870022014E0014202D039497B
S31508052390A9600FE00020C9060CD52849A960364969
S315080523A08A7813071B0F0978591812098918A980FD
S315080523B0E880A888A880002801D0264301E0FFF711
S315080523C0B7FE264023D0274E74603460A8880028B7
S315080523D00BD0396A814208D3291D2848AA6890472F
S315080523E00100F3D0FFF790FEF1BD01000CD0FC21EA
S315080523F08902F16122490203CA6134604C603A6A6E
S31508052400824204D30C60F1BDEB20FFF796FEF1BDC1
S31508052410483E000001010101583F0000103F000039
S31508052420503F000011110000218400000C3F0000F8
S31508052430303F0000603F0000204000A8B32200009E
S31508052440F84F0000502102A8184001A8481002A814
S31508052450684101A84C4201A8D04000A8B44000A88C
S31508052460FFFFDFFFB46000A84C3E0000D83E000021
S31508052470D03C0000C7220000613F0000D84000A8F4
S31508052480B45000A870B505000C0000F0C1F80600A8
S31508052490FEF7B1F9200205430648056002200649FC
S315080524A00860FEF7ADF9300000F0B6F801200349DB
S315080524B0087070BD04800950409009506C3E0000B4
S315080524C0FEB5C020C004334908603348334948651A
S315080524D03348886533484024046044601020FFF774
S315080524E00BFE002854D1FF2000052F4908602F4808
S315080524F02F4908602F4829490860A5032A48056019
S315080525002D4807680820FFF7F7FD002840D108265B
S315080525102A4806600120FFF7EFFD274880680190E5
S315080525202748066027481D4908601F480560082092
S31508052530FFF7E2FD00282BD1204806600120FFF7AA
S31508052540DBFD1D48806800901D480660134D1E4832
S3150805255028600199009800F03FF88606B60E01989E
S31508052560C10B0098C00B00F037F80102FC2080016A
S315080525700840304328601048076060030A49086028
S3150805258012480460446012490164124941640020F6
S31508052590FEBD000020E000A8571400004C0102A863
S315080525A0FF3FFF3F601102A8B42002A80000380EBD
S315080525B0B41002A830300000104101A8105101A836
S315080525C0106101A81010000020200000602102A853
S315080525D0F703F000FF3F000010B54904CA10400490
S315080525E0C310991A00209A18D30F9A185210521820
S315080525F08B115B0E5B18DB11D2182023541A01D4F4
S3150805260022001843CC0F611849105B08F6D110BD96
S31508052610EFF3108072B67047002800D162B670478E
S3150805262010B5C30018221A40FF249440E3438907CE
S31508052630090E9140020004D4734892089200801846
S3150805264006E0724A0007000F08388008800010184F
S31508052650026813401943016010BD80B574225421E0
S31508052660002000F04DFA01BD10B5FFF7D1FF684906
S3150805267001220A60674B684C2360684C2360032374
S31508052680674C2360674C2360674B1A60674B1A6073
S31508052690674B80241C601A60664A1A6011228A6391
S315080526A0FFF7BAFF3F206449096801400A1D402A19
S315080526B000D2081D614A1070A448017010BD80B586
S315080526C001001120FFF7ACFF01BDFFF7A1FF0500CB
S315080526D00024012160B2FFF7A3FF641C0E2CF8D372
S315080526E001210F20FFF79CFF01211320FFF798FF13
S315080526F001211720FFF794FF03210120C043FFF7A7
S315080527008FFF01211E20FFF78BFF4D484D490860B5
S3150805271002204D49086001209B49086047044B4C37
S3150805272020693840FCD02068800101D4FEF712F8EC
S315080527302800FFF771FF46480068000311D4972261
S3150805274052005321002000F0DBF90AE000281CD0CE
S31508052750FEF737F819E020693840FCD02800FFF75E
S315080527605BFF206E0004000F022801D1FEF7A2FCCC
S31508052770FFF74EFF0500764EFEF733F8002870780A
S31508052780E4D0002801D1FEF725F801212E48327834
S31508052790002A05D16F4A1268920600D4016030BF37
S315080527A0002232700222026077480160D3E7774833
S315080527B0016840680840764901401748016088075E
S315080527C000D4704710B57C480188491C01807B4CAC
S315080527D02078000617D57A4802680F21120B0A4099
S315080527E0032A10D1774A12685207520F032A0AD8C4
S315080527F00068000B0140032905D10D20FFF78BFC66
S31508052800E08A401CE08210BD00E400E01CED00E013
S31508052810040002A80000FF3F282002A82C1002A8E1
S3150805282040E002A844C002A804C001A8044001A8C3
S31508052830145001A8200060062C8001A86A3E0000F5
S31508052840FFFF9B4000E100E0602002A8500002A8B7
S31508052850F80702A8F8B55C4C2068656805409148F4
S3150805286005605A48284007D0FDF7CEFF002803D053
S315080528702800574909688847012102228A480078AD
S31508052880C00701D5022300E001232B408748002B0A
S3150805289010D0874B1A60874A12680A4007D1026822
S315080528A0F0231B051340902212059342F3D0090223
S315080528B0814A116080210D4220D0A36AF822D201EF
S315080528C01A401BD0C0231B019A4217D88026360604
S315080528D08A4A1660A76AF822D2013A40384F3F68F5
S315080528E03F043F0F022F01D0032F03D1002A01D041
S315080528F09A42EFD3914A16606A4A11609049097857
S3150805290006290DDACC20800128401DD0FFF780FE68
S3150805291004002800FDF738FC2000FFF77DFEF1BD11
S31508052920806B800510D58748284005D0FEF792FAB2
S315080529302800FDF729FCF1BDA80205D58020400130
S315080529405849086080490860F1BD00006B3E0000E3
S315080529506D3E0000F40302A810B57C4908684C686A
S3150805296004407B48046080210C4205D041607948C3
S3150805297001600020FDF708FC600403D580204005AA
S315080529807549086010BD0000601002A8280002A855
S31508052990FFFF00C038B5714908684C680440E00770
S315080529A007D5FFF735FE0500FDF788FC2800FFF774
S315080529B033FE6B48046031BD683E0000D83E000012
S315080529C0B00002A8184001A8104001A80200060098
S315080529D0D43C0000FEB5634C206C676C07400125A6
S315080529E02F4216D02E066048066020685F490D609E
S315080529F0002802D00021FDF73BFE5D480068A021AE
S31508052A00C90188428041C043C00F5A4948705A488F
S31508052A100660FDF7D6FE0190022007403ED06268A3
S31508052A20D1B2120A554B0824494E4703012924D029
S31508052A30022931D1012A22D15149C9780091504933
S31508052A40097801228A404F490A604D49097849059E
S31508052A5090225204891803220A434B490A603760B3
S31508052A604A490F601968009A8918596544490978C9
S31508052A708D4047490D6047490DE00090DFE7002A7C
S31508052A800AD145490D600021596577603760C1044B
S31508052A90424A116042490C60344908600198FDF7BD
S31508052AA099FEF7BD106001A8883E00000C0002A833
S31508052AB06C1102A8B44000A8B82002A870B5FDF7A5
S31508052AC080FE0400FFF7A4FD2F490A68D2070FD533
S31508052AD02A4A536D1568334E3360CB687360496867
S31508052AE0F1818021C904204B1960317B691851652C
S31508052AF0FFF792FD2000FDF76DFE70BDE06101A8A8
S31508052B00002800D0704770B50C00FDF75AFE050081
S31508052B10FFF77EFD0600FDF76EFE234804600121DA
S31508052B20224A1160026C0A40FCD1FDF769FE3000A5
S31508052B30FFF772FD2800FDF74DFE70BDE05101A8AF
S31508052B40383E000000104006145001A890C001A8A0
S31508052B5090E001A80CC001A804ED00E0C0C000A8DB
S31508052B60C0E000A800C002A8441002A840E002A8D8
S31508052B70404000A86D3E0000442002A818800A506F
S31508052B80813E000068A00A5060C101A894D001A83A
S31508052B9068900A50F42302A860E101A880E200E0E3
S31508052BA0F41302A8783E00000080095040900950A9
S31508052BB080B5FDF729FE002801D000F0B9FE01BD54
S31508052BC080B5FDF763FEC648006800030AD4FEF71C
S31508052BD00DF9FFF727F8FEF781F80120FEF7FEFF46
S31508052BE0FEF7CAFC80208005FDF7E3FD01BD80B52B
S31508052BF0FDF74CFE80204002FDF7DBFD01BDFEB565
S31508052C0005208F4908608F48056801273D4201D18F
S31508052C10FDF756FFFDF73AFE8B49086800908B4885
S31508052C2049680160A905CA0F69460A7100243D422B
S31508052C3010D00094994949680160984800689849F0
S31508052C400B681A1A984202D38B69D218521C954BEF
S31508052C509A42F5D3A34E346068460079002804D015
S31508052C6029000098FDF76CFB009000253068384070
S31508052C7003D16846FDF751FF0500FDF79EFF0028BD
S31508052C8046D08648407C002842D19748834EF1684D
S31508052C9002690B689A4200D00124944A1378022BDC
S31508052CA00DD2934A9446062253436246D25A8C4617
S31508052CB0230018214B436146C9184A6000E00225DE
S31508052CC000990191F1680122624018235A438C182C
S31508052CD021680161A1680160A248E168016021696E
S31508052CE001626069A049086001A8FDF716FF00287A
S31508052CF008D17E490978022904D27D4A0623594313
S31508052D00515A6160290005000D4301D1777401E028
S31508052D10002D02D10098FDF76EFF9E480760022038
S31508052D209D490860C820C004BB4908607804FDF7BA
S31508052D3040FDF7BDF8B5994C8025EF02FDF73DFF37
S31508052D40002808D096480078002804D13800FDF7F1
S31508052D5030FD2560F1BD206CC00506D5802000062E
S31508052D60206000BF00BF40082060FEF71FF8FDF78A
S31508052D708DFDFDF781F90600A848A9490860FFF702
S31508052D8017FF3800FDF715FD002E00D02560012038
S31508052D90A4490870F1BDF8B50120FFF790FCA24CCF
S31508052DA0A24800682060FDF771FD7820205C0521A2
S31508052DB0014002D0FDF711FE01E0FDF71BFE774D38
S31508052DC00227A06F384001D0012028601020C04393
S31508052DD0974908600026EE6396480660FDF714FDD8
S31508052DE0002802D000F0F1FD00E06663FDF7D3FC8C
S31508052DF091480068296C090407D4000705D5FDF72D
S31508052E00E0FC8E490F60FDF7E5FCFDF7CDFCFFF705
S31508052E1059FAB804FDF7CDFC0020FFF750FCF1BDC3
S31508052E2080B5FDF733FD2E480068000303D4FDF78A
S31508052E3055FFFEF7A1FB80204003FDF7BAFC01BD4F
S31508052E405C1102A8440002A8B83F0000443E0000F1
S31508052E5038B5FDF71BFD514C2025FEF7CDFF00289B
S31508052E6006D0606B000704D5FEF7F0FFFEF719FCE0
S31508052E702560FDF733FFFEF77FFB714800780C21C7
S31508052E800140042902D1FDF7A8FD01E0FDF7B2FDD1
S31508052E906804FDF78EFC4020206031BDE43E000045
S31508052EA020C001A801FF00001CB50520654908607A
S31508052EB0FDF7ECFCFEF7CAFF634800680090684614
S31508052EC0FEF7B2FB0400FFF773FE002C02D100984B
S31508052ED0FEF702FC80204004FDF76BFC13BD0000DD
S31508052EE00C0002A8403E0000348001A8583E0000A8
S31508052EF05E3E0000F8B5FDF7C9FC544CA56A50209E
S31508052F00284002D0FDF769FD01E0FDF773FD234F63
S31508052F10FEF772FF00281BD1B86B40071DD4786BE6
S31508052F20E0214901014018D1A80611D4FDF733FC63
S31508052F30A56A474E354207D0FF20C0432D18A5621E
S31508052F4080200005A9490860FDF72EFC2E4002D011
S31508052F500120386001E00020206080208004FDF70C
S31508052F6028FCF1BD1C4101A8284000A880B5FDF73D
S31508052F708DFC9F480068C00501D5FDF7AFFE012009
S31508052F80FEF72CFEFEF7F8FA8020C004FDF711FCC3
S31508052F9001BD0000442002A8305201A8100002A86D
S31508052FA0F53E000010B526480468FDF76FFC914903
S31508052FB0096809032AD40321C00601D5214001E081
S31508052FC0A0080140012902D1FDF707FD0BE0200104
S31508052FD007D50E20FFF798F88748042101600821D0
S31508052FE00160FDF707FDFDF780FD844C20698449DE
S31508052FF00860FFF7DDFD2068002807D04000122885
S3150805300002D2FFF779F801E0FEF7C1FF80208003B9
S31508053010FDF7CFFB10BD0000106001A87001200068
S31508053020B46000A86D3E0000903E000008C000A8E8
S31508053030482002A8483E0000844000A8D4E403506E
S31508053040083F00005C1102A8CC3F0000E03E0000E6
S3150805305000FFFF00FEB500246A490C730120694686
S3150805306008700294FDF712FC0600624F38680003E3
S3150805307000D5B5E003209F4908649F480268FF20EC
S3150805308080019E4910255F4B1B78DB0720D5120763
S31508053090120F022A03D09A4A12682A4004D1594ABD
S315080530A05268584B5B7801E08A680B688E6A096A2C
S315080530B00091911B14225143DBB2C918009A891A4B
S315080530C009014068081801D5019453E0019051E0BB
S315080530D013071B0F032B03D01204120F062A3AD126
S315080530E08968426802923A6C920701D5806802900F
S315080530F00800FEF7B2FF0299401801D5019400E0D1
S315080531000190B86B0107C80F03213F4A12680A40A8
S31508053110022A1AD12E4018D03A4A126DD30512D56D
S31508053120FE6B984B1E409E4202D172490D640CE017
S3150805313092050AD43A6C2823134006D16B461C70AF
S315080531402A4A116001E06A461470029068460678B4
S31508053150002E03D10FE0006801900126FEF74CFE0C
S31508053160002808D0FEF772FE0298002802D0FEF75E
S3150805317098FA00E0002602205E490860002E10D065
S31508053180214800780C210140042902D0F86B054036
S3150805319002D0FDF722FC01E0FDF72CFC2020786023
S315080531A01EE018480078C00705D55548006805404B
S315080531B001D1FDF723FCFDF791FD802000060B499B
S315080531C008600020C0437049086001A8FEF72CFA7C
S315080531D00400FFF7EDFC002C02D10198FEF77CFAF6
S315080531E080200004FDF7E5FAF7BD0000481002A89F
S315080531F0680102A80C0002A880E200E0AC3F0000C6
S31508053200443E0000883E0000083F0000FEB5002445
S315080532105E490C730094FDF739FBFFF7C9FC5C4D55
S31508053220E86E5C4E0007000F07280BD16868002872
S3150805323008D40020FEF7D2FC306857490860FDF728
S31508053240D0FC52E001201027696849070DD4534977
S315080532500968014009D001024C4A126D0A4208D094
S31508053260520502D42A68114001D1009001E04C4864
S31508053270076046480078C00705D5214800683840E4
S3150805328001D0FDF7BBFB474800680321009A002AD1
S3150805329001D0800900E00009014001910020FEF7F0
S315080532A09DFC0198002805D16868074002D1FDF7FD
S315080532B0A1FB01E0FDF791FB00200099002903D148
S315080532C039480068FEF7C9FE7169401801D50094AA
S315080532D000E000906846FDF720FC002805D1009817
S315080532E0FDF789FCB0692C49086080200005FDF7C3
S315080532F060FAF7BD082002A8B00002A804C101A813
S31508053300B04301A8F8B5FDF7C1FA002400252748FA
S31508053310466B80277F05300606D5300709D5FEF7A3
S3150805332095FDFEF7BEF929E001251C4800682840E9
S3150805333019D00020FEF752FC0220064002D01C498F
S315080533400C60C8611B480468002D03D02000FDF7F2
S3150805335083F80400FEF77AFD2000FEF7BDF938006C
S31508053360FDF727FAF1BD0F480078C021014040292D
S3150805337002D1FDF732FB01E0FDF73CFB20200B49A6
S315080533800860ECE710000010B46000A8883E00004D
S31508053390440002A8BC3F0000443E0000B44000A813
S315080533A0481002A8083F00001CC101A8100002A881
S315080533B0180000AAD83F0000FFF756F90248034946
S315080533C04860FFF782F900BF3F27000000000000AC
S315080533D080B5EFF305800B2801D23A2100E02921B3
S315080533E0922252000020FFF78BFBFEE70203030338
S315080533F00304040404050500000000010101010297
S315080534000202020303030303040404040400000080
S315080534100101010107070808030303050404040558
S31508053420050506060607070708030202040404033A
S31508053430040505060606060707070202020303032F
S315080534400304040404050505050506060606010222
S315080534500202020303030303040404040405050521
S31508053460050606060C0C0C0C0B0B0B0B0B0B0B0BAA
S315080534700B0B0B0B0B0B0B0B0B0B0C0C0C0C0C0C83
S315080534800C0C0C0C0B0B0B0B0B0B0B0B0304040492
S3150805349004050505050606060606070202020203D1
S315080534A003030304040404040505050505060606C1
S315080534B002020202070703040607040403030303BB
S315080534C0040506030305060708040506040304049C
S315080534D0030304050606030405060708C7BFBEBE9B
S315080534E0BEB5B5B4B4ABABDCDCDBDBD2D2D1D1C867
S315080534F0C8C8C7BFBEBEBEBDB5B5B4B4B4DCDBDB94
S31508053500D2D2D2D11B1B16162E2D2D2A29292925AD
S31508053510242420201F1B1B1B162E2D2D2A2A29295C
S315080535202524242020201F1B1B1B2D2DBEB5B5B415
S31508053530B4ABABABAAA2A1A1A1A099999898C7BF0C
S31508053540BEBEBDB5B5B4B4B4ABABABAAAAA2A1A170
S31508053550A1999999000000000303030303020202D7
S31508053560020202020303020202020101010101012C
S31508053570000000000303030303020202D0C7C6C600
S31508053580C6BDBDBCBCB3B3B2B2B2A9DBDBDADAD110
S31508053590D1D0D0C7C7C6C6C6BDBDBCBCBCB3B3B201
S315080535A0DBDBDADA1F1F2D2B221E2E2E32323231A5
S315080535B02D2624303028231F1B2B26222E322E2E6D
S311080535C031312D282424302C27231E1A0F
S30D080535CCF42FFB7F0100000046
S311080535D4E035050880630020640000004F
S315080535E009000000000001B5000080000000000089
S315080535F0030505B54001800000000000FFFFFFFF39
S31508053600C0EA2101C0EA210100800000C017530263
S31508053610B46300200040170800A00000FC42002003
S31508053620C8000000FE00000000000000C0E604080F
S31508053630283C0020FFFFFFFF30000000D9110208D3
S31508053640FFFFFFFFFFFFFFFFC8EE0408D4FE640077
S315080536500A002900F8630020E0510020F6D1040885
S31508053660020000001D6B02080000000000000000B3
S3150805367000000000000000000B0C0000E0510020CF
S31508053680E051002003000000C56B02080000000099
S3150805369003000000485200203C640020000000009A
S315080536A048520020B05200201853002000000000A0
S315080536B000000000000000000000000000000000F7
S315080536C000000000000000000000000000000000E7
S315080536D000000000000000000000000000000000D7
S315080536E00000000000000000FFFFFFFF00000000CB
S315080536F000000000FFFF0000D0F50408D775040890
S31508053700FFFFFFFF1F7A04081B7A0408FFFFFFFF68
S31508053710FFFFFFFFFFFFFFFF237A04086B7F0408FF
S31508053720FFFFFFFFCD800408CF260000FFFFFFFF40
S31508053730000000000103020000000000010102006C
S3150805374004F8FFFF0D0000000000B528010101532C
S315080537506C65657079454652333200FF0D01FF0FDA
S3150805376003010000B72404089D650008756500086F
S7050803F7D91F
