S02700006275696C642F64656275672F6D702D7A622D6F742D626C652D7263702D7370692E73333717
S214004000C80A0020974C030075AF000079AF000087
S214004010577303007DAF000085AF00009B4C030084
S2140040209B4C03009B4C03009B4C03002135040073
S21400403089AF0000F0800400C5340400E354040097
S2140040409B4C0300F5E300009B4C0300F94F000077
S2140040509B4C03009B4C03009B4C03009B4C0300B3
S2140040609B4C03009B4C0300212201009B4C030049
S2140040709B4C03009B4C03009B4C03009B4C030093
S2140040809B4C03009B4C03009B4C03009B4C030083
S2140040909B4C03002D1D01009B4C03009B4C030012
S2140040A09B4C03008DBA000071BA00009B4C0300C5
S2140040B09B4C03009B4C03009B4C03004DCA020024
S2140040C0EB2A0400E72A04007DC10200012B04004D
S2140040D0EF2A04000DCA0200F32A040059AD0200BC
S2140040E08DCA02009B4C03009B4C03009B4C0300B4
S2140040F09B4C03009B4C03009B4C03009B4C030013
S2140041009B4C03009B4C03009B4C03009B4C030002
S2140041109B4C03009B4C03009B4C03009B4C0300F2
S2140041209B4C03009B4C03009B4C03009B4C0300E2
S2080041309B4C03009C
S214004140F0B5114A114C124E00F00105E3695F0705
S21400415013D40DB9334213D103EA00078F4207D1B7
S2140041600B4A1A40002A14BF6FF001000020F0BD71
S214004170013AEBD16FF00200F9E74FF0FF30F6E7B7
S2140041806FF00100F3E700BF809698000000035030
S214004190020001000B4B70B5D96911F480310DD1C6
S2140041A001244FF48072084E084DF46020462C64BB
S2140041B01A61FFF7C5FF3464EC6070BD6FF0010054
S2140041C0FBE700BF00000350001003500020035020
S2140041D038B541F6713301220C4C0021E569E363E2
S2140041E00B4B05F48035DA600223606121202361E1
S2140041F0FFF7A6FF10B92120FFF7A2FF0122054B0B
S214004200DA600DB10023E36338BD00BF0000035041
S214004210001003500020035070B5134C6061E36932
S2140042205B071ED40E4656F8043B8D18A361AE42BB
S2140042300BD10423002121202361FFF781FF58B909
S214004240BDE870402120FFF77BBF08210846FFF736
S21400425077FF10B10423236170BD56F8043BA361B9
S214004260E5E74FF0FF30F7E7000003502DE9F8438D
S214004270174B1646DA69894602F4803841F67132E1
S214004280DA630122074603F58053124DDA6066B9F9
S21400429030460122104BDA60B8F1000F03D000223E
S2140042A0A3F50053DA63BDE8F88307F500542C4005
S2140042B0E41BB44228BF3446494622463846FFF738
S2140042C0ABFF0028E5D12744A144361BDFE700BF3B
S2140042D00000035000E0FFFF002003500000000035
S2140042E02DE9F84F402200212B4836F098FD302269
S2140042F000212A4836F093FD00209FED257B284BB1
S214004300284E294ADFF890B0DFF8B4A0DFF8B49062
S214004310DFF8B480DFF8B4E0204FA3F1180C2425B2
S214004320002145430BEB401443E9054A0CEB05041A
S21400433043F8181C43E9039843F804EC21772162FC
S214004340444204F018043C4442F8144C174C42F81B
S214004350181C42F8104C164C43F8241B42F80C4C20
S214004360144CA6EC027B42F8084C134C42F8044C62
S214004370124C2C442177216242F8241B411C02294E
S2140043804FF00100CBD1BDE8F88F00BFAFF300803F
S2140043900000000000000000FC3D0020CC3D002096
S2140043A09C3D002080140020543D0020B18D00006C
S2140043B03139030037390300713903003C3D0020D2
S2140043C0E18D00003F39030019390300433903002B
S2140043D073B52FF005FE0446002840F0A480564B27
S2140043E001AE1A889B78ADF80420B37004F090FFF5
S2140043F005F07EFD05F0B2FC0546504B036005F067
S214004400B3FF284605F066FE00B9FEE748A3D3E9E9
S21400441000234FF0FF314FF0FF3004F081FF05F02E
S214004420A1FC214605F024FD2FF0DDFD304605F009
S2140044301DFE044600B1FEE7414B424A98801860D4
S214004440414B98801A6005F017FC404B4049414AA2
S2140044501960DA607F3110326FF063009C629C80D6
S2140044609C659C861963DA6303F0EAFA0B2005F074
S214004470F1FC05F04FFD05F06BFC00B9FEE70EF011
S214004480DDF9204630F0F2F80821084630F0F2F860
S21400449000B1FEE705F070FA33F008F9044633F091
S2140044A021F944EA404033F003F904F009FF33F001
S2140044B010F980F00101C9B20820C90030F0DAF81E
S2140044C000B1FEE705F044FFA8B90022002341F240
S2140044D00D01214804F024FF002030F0C5F805F057
S2140044E0D3FA05F021FA2FF053FF10211B4832F0C3
S2140044F087FF40B9FEE733F0ECF80028E5D041F23C
S2140045000D03154AE3E71649144832F08BFF00B94D
S214004510FEE710218C20134A0DF0D6FC00B1FEE712
S21400452011482BF09EFA02B070BD00BFAFF30080BA
S2140045300AE020FFE20300008C87040077420300B5
S214004540481500200B66002018150020B81400201F
S2140045500C65002098140020C00D0300603E00206B
S214004560D1620400503E0020577204000000000094
S2140045702DE9F04389B02FF015FD00B9FEE7684C31
S214004580236803B9FEE72FF03FFD0146222041F0E5
S214004590B6FE0122236811469B880DF10B008DF8AC
S2140045A00B3005F019FD9DF80B1023680239002228
S2140045B0186889B205F010FD002305930793594B40
S2140045C005AF0693236893F82C208DF814201B68FB
S2140045D01D7815F0200567D030F04AF8002860D026
S2140045E030F046F811F0ACFF0B46024648A1D1E980
S2140045F0000112F049F912F02FFA079B1844012621
S214004600079005F02DFD9DF80B30063300284DD0A1
S214004610D80011F0A5FF40A3D3E9002312F00AF852
S2140046208946804605F01CFD11F08AFF0B460246BF
S2140046304946404612F028F912F00EFA079B184435
S21400464007902FF0C5FC38B105F070FC00202FF065
S214004650BBFC00202FF0BFFC226853698BBB2FF0F9
S214004660D3FCD4F800C028B3079BDFF8C08003F55E
S214004670FA7307939CF8183088F8023005F050FC5F
S21400468088F8030020683B4642463146807905F0AC
S21400469085FC014668BB252041F031FE09B0BDE827
S2140046A0F0830798C030AAE72E46AAE7079800EBE3
S2140046B04310C5E73A4631469CF8060005F064FC10
S2140046C0E7E700210491116917480B449621A3F5EA
S2140046D09B738180039390793146134B009703AA0E
S2140046E005F06AFC044620B901202FF098FC21460C
S2140046F0D1E76909262041F002FE4FF480510020E0
S21400470041F021FE30F033FAC8E700BFAFF3008077
S2140047100000000060E366410000000080842E4137
S2140047204C3E002020A107003C7C0020487C002056
S2140047300348044B834202D0034B03B1184770472B
S214004740FC7D0020FC7D002000000000064B074991
S214004750C91A891048BF0131491003D0044B0BB168
S21400476001481847704700BFFC7D0020FC7D0020F4
S2140047700000000010B5064C237843B9FFF7D8FFB9
S214004780044B13B10448AFF300800123237010BD1F
S21400479066630020000000003CBF040008B5054B1F
S2140047A01BB105490548AFF30080BDE80840FFF798
S2140047B0CDBF00BF00000000C82D00203CBF040095
S2140047C0A3F5803A704700BF174B002B08BF134B6A
S2140047D09D46FFF7F5FF00218B460F461348144A07
S2140047E0121A36F01CFB0E4B002B00D098470D4BD0
S2140047F0002B00D098470020002104000D000D4833
S214004800002802D00C48AFF3008012F08FFC200086
S214004810290032F0A4FD12F025FB00BF00000800BE
S2140048200000000000000000C80A0020C80A00209F
S214004830A067002000000000000000002DE9F34102
S214004840044619F0A1FF002857D101234FF00308B2
S214004850237604276FF08023A4F816802361E06097
S214004860677532F0C0FDA080204619F0BBFF0546F4
S21400487000283ED122481DF005F8224B93E803009D
S214004880CDE9000168460DF00BFF36F00DFF14F081
S21400489031F938F08DFB38F049FE17F0F9FB17F0C8
S2140048A0B7FF39F046FE37F0CEFE2A464146384678
S2140048B038F07AFB68468DF800501AF087F94146C2
S2140048C038461CF057FA0A2014F03EFB00F0BEF8FB
S2140048D000F04AF914F00CFE15F048F915F0D4FD76
S2140048E015F0C4FD15F092FC16F0DEFA204628F00E
S2140048F0FBFF284602B0BDE8F0810025F9E700BFBF
S214004900C47D0020C86A040008B514F013FD022216
S214004910014B1A7008BD00BF676300200021024BE0
S2140049200248197029F01BBD67630020E02D0020A7
S21400493008B500220E210E4800F03AFD02210D4A6D
S2140049400B4829F0B5FC00210B4A094829F0B0FCB9
S21400495005210A4A064829F0ABFC0321084A044808
S21400496029F0A6FCBDE808400121014829F06FBDEA
S214004970E02D00205BD90200914A000009490000A2
S2140049801D4900001FB50024014623460648009432
S2140049900DF10E0229F015FE08B1ADF80E40BDF877
S2140049A00E0004B010BD00BFE02D0020002307B5A8
S2140049B00A4600930146034829F0DEFE03B05DF880
S2140049C004FB00BFE02D0020024B1878831E5842DF
S2140049D0584170476763002010B5054C23782BB903
S2140049E00121044829F033FD0123237010BD00BFC8
S2140049F067630020E02D002008B5044C4FF0FF311F
S214004A00206840F025FF00F059F8F7E7482E002010
S214004A10044B10B50446186840F0F5FD20600020F1
S214004A2010BD00BF442E002038B50025054C206878
S214004A3040F064FF2560044C206840F0F6FD2560D9
S214004A4038BD00BF482E0020442E002010B50C4C68
S214004A50226852B10B4C216829B90B4A0B4840F02A
S214004A6085FD206040B1002009E01146012040F09D
S214004A70A0FE20600028EDD1FFF7D6FF012010BD74
S214004A80482E0020442E002084800400F9490000AF
S214004A90014B186840F00ABF482E002010B5064C9F
S214004AA00A4601B2206814F073FB206828F05BFF0A
S214004AB0BDE8104028F056BF4C2E002038B5FFF752
S214004AC083FF18B9BDE83840FFF786BF28F048FFD7
S214004AD000281DDD214D2846FFF754FF80B218B987
S214004AE0BDE8384028F03EBF1D4C2378012B07D088
S214004AF0022B27D000210846FFF7D0FF012315E040
S214004B002B681A78012A04D0022A16D0002AF1D17E
S214004B1038BD021FDB7892B2934209D99B1A114A1C
S214004B209BB200211380FFF7B9FF02232370EFE743
S214004B3000220C4B1A800121DEE7421FB3F8033037
S214004B4092B2E9E7074A13888342F4D91B1A138006
S214004B500021BDE83840FFF7A1BF00BF4C2E002063
S214004B606863002008620020044A13782BB90123EA
S214004B701370034A1370FFF7DBBE704769630020AB
S214004B8068630020C30742BF0122014B1A607047CA
S214004B90A067002038B50A4C236873B9094D2B6806
S214004BA0013304D109F002FA286030F0BEFE2B680B
S214004BB0402B02BF044B1B682360206838BD00BF33
S214004BC0502E0020007C0020A06700204FF00042FE
S214004BD0014B1A60704700BFA067002070B5094EF1
S214004BE0094C4FF0FF31306840F032FE41F00AFCCD
S214004BF000232568236041F000FC28461CF0E0FCFA
S214004C00EFE700BFA42E0020042F0020044B10B5B1
S214004C100446186840F0F7FC2060002010BD00BF76
S214004C20002F002070B5104D104C296849B121683E
S214004C3029B90F4A0F4840F099FC206040B1002087
S214004C4010E001200C4A40F0B4FD28600028EED1A8
S214004C500026286840F052FE20682E6040F0E5FCF2
S214004C600120266070BD00BFA42E0020002F00206B
S214004C70B8800400DD4B0000A880040038B50A4D5B
S214004C8004462B6830EA03030CD041F0BBFB2B68CC
S214004C9023432B6041F0B1FB044B1868BDE8384055
S214004CA040F004BE38BD00BF042F0020A42E002014
S214004CB007B50421064B00221B880DEB0100ADF85A
S214004CC0043030F00FF8002003B05DF804FB00BF9E
S214004CD0E080040008B5034841F056FDBDE80840F2
S214004CE035F080BF208C0400014841F04DBD00BF68
S214004CF0208C04001FB5104A01AB07CA83E80700E2
S214004D0040F201121846ADF80C2008F0EFFA022126
S214004D10002008F017FB0322084B122003F5005171
S214004D2003F580534A619A610DF05EF809F046F883
S214004D3005B05DF804FB00BFE480040000400650A8
S214004D4000239B6AB3F5804F03D21968064A914246
S214004D5003D00023037083607047012202709A68B4
S214004D609B694260F7E700BF07B0CD5E024B82B09A
S214004D70186802B0704700BF000000201FB501236E
S214004D808DF80430002301A80293FFF7D9FF039B98
S214004D909B0204D505B05DF804EBFFF7ABBF044BF0
S214004DA0044A1A6005B05DF804EB31F0B0BE00BFEF
S214004DB00000002002020FF073B5394B04461A7843
S214004DC01AB102221A7002B070BDCDE90022002886
S214004DD0F9D001261E7041F015FB324D324B18609B
S214004DE024F016FD2B785BB908F078F940B92F4807
S214004DF008232F4A2F49006807F02EFF00B92E70AF
S214004E002D4B5A68E2602D4A9A601A6E22605A6EDE
S214004E106260D3F87031A360294B1A68531C24D003
S214004E204FF480139340274A13660423254C4FF013
S214004E30804223664FF480632366102323664FF474
S214004E4000536846236601A92266636628F094FD2F
S214004E50009B2366019B63662B78002BB3D0144B14
S214004E601A6822665B686366ADE7174B1B78002BF3
S214004E70DBD1164B5A68134B12B94FF480121A66E0
S214004E80134A526812B94FF400121A66114B5B6847
S214004E90002BCAD14FF480020A4B1A66C5E700BF42
S214004EA06B6300206C630020182F0020847C002099
S214004EB01C2F0020007108000080004455CEAC0076
S214004EC0047C0020009000446A63002000800550A7
S214004ED000C005500000065038B5224D04462B7819
S214004EE0012B02D001232B7038BD0028FCD028F0FF
S214004EF05AFD013009D028F056FD40F201139842C1
S214004F0003D0194AD368DB07FCD42268174B1A660D
S214004F1062685A66A268C3F87021E268D40744BF84
S214004F2000229A60124B1A68013213D1114A127885
S214004F3082B911494968C80748BF1A600F4A5268C3
S214004F40D10744BF01221A600D4A5268D20744BFF7
S214004F5002221A6024F064FC0A4B186841F04DFAED
S214004F600023C0E76B63002000000440008000447C
S214004F70047C00206A6300200080055000C00550B5
S214004F8000000650182F002070B50024A36AB3F561
S214004F90804F23D21A68134B9A421FD1124E337891
S214004FA013F0FD0518D14FF480341048FFF704FFC6
S214004FB003200CF035FF0E4B0320DC600CF014FFD2
S214004FC00C4B1C61AB6ADB69984704460748FFF741
S214004FD083FF0CB901233370204670BD4FF48174F3
S214004FE0FAE700BF07B0CD5E6A630020082F0020F6
S214004FF000A000440090004413B5204B1B7803B972
S214005000FEE700231E4CCDE900336A4608231D49FF
S214005010206807F021FEF8B91B4AD2F84031D2F8D2
S21400502040211F2B4FF0010311D9203A9340019ADB
S2140050301A43019208236A461249206807F066FF61
S214005040124B134A1A6031F062FD02B010BD934055
S214005050009A1A430092EDE72D28F1D10A4AD2F8B9
S2140050604031D2F840211F2B4FF0010385BF203A74
S21400507093409340019398BF0093DBE76B63002057
S214005080847C00200071080000800044000000209E
S2140050900B020FF070B581624569044641F0B2F923
S2140050A00646D5F80801214610302AF002F93046A7
S2140050B041F0A3F9D5F80821074902F1180029F0B4
S2140050C00DFE4FF6FF72B5F8683093421CBF0133F1
S2140050D0A5F8683070BD00BFE1DD02002DE9F0479D
S2140050E086B080460C4617461D463EF0CBF8022892
S2140050F007D104F580534FF0FF31D3F8980140F004
S214005100E5FA3946206828F058FE0190002840F05D
S2140051108980204601A92AF09EF80646002848D134
S21400512040F20113DDF804904FF0010AA9F80C30A4
S214005130022389F80950A9F80A0089F80F0089F8AF
S2140051405030C9F8000089F8087064203FF0DEFF90
S2140051504FF0FF33012F98BF3546C9F81400DDF82D
S214005160049084BFC5F3C00585F00105C9E9263360
S2140051702D4B88BFEDB289F804510293002509F142
S214005180A00304935023C9E93F55C9F8084102A873
S2140051900593CDF80CA040F062FA0199C9F8F0002A
S2140051A0D1F8F0309BB9204681F850302AF063F8E9
S2140051B01A263EF067F8022805D104F58054D4F884
S2140051C0980140F0A8FA304606B0BDE8F08701F135
S2140051D084002FF00DFD019888302FF009FD01980E
S2140051E08C302FF005FD019890302FF001FD0198CE
S2140051F094302FF0FDFC204601992FF0FCFC204651
S2140052000A492FF017FD019BC3F8F45041F0FAF855
S214005210019B88F80470C8F808A0C8F8003041F070
S214005220ECF8C6E71226C4E70C6B0400F9D90200B6
S214005230022838B532D104295AD13EF023F8022884
S21400524006D12C4B4FF0FF31D3F8980140F03EFAD0
S214005250294B0021186828F0B0FD04463EF012F8ED
S214005260022805D14FF0FF31D4F8F00040F02EFAB6
S214005270012384F804313EF005F8022803D1D4F85F
S214005280F00040F048FA3DF0FDFF022830D1194BFF
S214005290D3F89801BDE8384040F03DBA032827D13E
S2140052A0042925D13DF0EEFF022806D1114B4FF020
S2140052B0FF31D3F8980140F009FA00250E4B1C6820
S2140052C0002CE0D03DF0DEFF022805D14FF0FF3184
S2140052D0D4F8F00040F0FAF9C4E93F553DF0D2FFAB
S2140052E0022803D1D4F8F00040F015FA2468E7E766
S2140052F038BD00BFE0790020E069002070B50D469B
S21400530041F080F806466C6904F18C0029F0B6FF7F
S21400531004F130003FF0A0FED4F80801294614300E
S21400532029F0C7FFD4F80821044902F12C0029F01F
S214005330D5FC3046BDE8704041F05FB857E102004A
S21400534070B500240E4B0F4E1D78E3B29D4206D872
S21400535000240C4EE3B29D4209D8002006E056F821
S214005360230029F0E5FD01340028EED070BD56F884
S214005370040B01F01DFB01340028EBD0F6E700BF5C
S214005380A4A00400C47C002070B500242046064B70
S214005390064E1D78E3B29D4200D870BD56F8230035
S2140053A029F042FD0134F5E7A4A00400C47C0020E7
S2140053B0134638B10E2907D80F2A05D80A460349DE
S2140053C0FFF78CBE2520704721207047E06900203B
S2140053D02DE9F843344C0646002914BF0F462746ED
S2140053E007F5805595F8181290469DF82090D1BB89
S2140053F03946FFF773FE0446B8B3122806D01A28BB
S21400540014BF044619242046BDE8F8833DF03AFF51
S214005410022805D14FF0FF31D5F8980140F056F933
S2140054204146386828F0C9FC04463DF02BFF0228A8
S21400543005D14FF0FF31D4F8F00040F047F994F86A
S21400544050603DF01FFF022803D1D4F8F00040F072
S21400545062F93DF017FF022803D1D5F8980140F015
S2140054605AF9012E1ED00424CDE7356830460121B6
S21400547085F80C9085F80D9028F0E9FF064608B1EF
S214005480052804D16B7A43F010036B72BBE7D5F89E
S214005490F00040F076F92946D5F8080129F0EBFE31
S2140054A03446B0E72E24AEE7E069002038B504683D
S2140054B0054694BB3DF0E6FE022806D1204B4FF091
S2140054C0FF31D3F8980140F001F91E4B297918688E
S2140054D028F073FC0446F0B13DF0D4FE022805D156
S2140054E04FF0FF31D4F8F00040F0F0F894F8505048
S2140054F03DF0C8FE022803D1D4F8F00040F00BF9C6
S2140055003DF0C0FE022804D10D4BD3F8980140F0C0
S21400551002F9284638BD0546F2E73DF0B3FE0228FC
S21400552005D14FF0FF31D4F8F00040F0CFF894F8F2
S21400553050503DF0A7FE0228EBD1D4F8F000E6E785
S214005540E0790020E069002038B50468054694BB81
S2140055503DF098FE022806D1204B4FF0FF31D3F8DD
S214005560980140F0B3F81E4B2979186828F025FCFE
S2140055700446F0B13DF086FE022805D14FF0FF311B
S214005580D4F8F00040F0A2F894F804513DF07AFE0A
S214005590022803D1D4F8F00040F0BDF83DF072FECA
S2140055A0022804D10D4BD3F8980140F0B4F82846F1
S2140055B038BD0546F2E73DF065FE022805D14FF0FE
S2140055C0FF31D4F8F00040F081F894F804513DF033
S2140055D059FE0228EBD1D4F8F000E6E7E079002087
S2140055E0E069002070B504460D4616463DF04AFEBA
S2140055F0022806D11A4B4FF0FF31D3F8980140F03D
S21400560065F8184B2146186828F0D7FB044620B3E7
S2140056103DF038FE022805D14FF0FF31D4F8F000F7
S21400562040F054F894F85030012B0ABFC4E93F65A7
S214005630022500253DF026FE022803D1D4F8F0000E
S21400564040F069F83DF01EFE022804D1044BD3F862
S214005650980140F060F8284670BD0325F2E700BFC9
S214005660E0790020E06900202DE9F3410368054653
S2140056701B797F2B4FEA931698BF002640F0C2FE98
S2140056806C69074634B9022E4CD002B0BDE8F04132
S21400569040F0B3BE76BB95F82480B8F1000F06D074
S2140056A0314685F824602846FFF7F4FC12E094F8AB
S2140056B0500028F05DFBC0B1284629F054FE0428AF
S2140056C008D1CDE900882B461A4A616904F13000FA
S2140056D041F069F9D4F808319A6842B303F580536B
S2140056E0D3F8940140F0E2F821E0637B33210133E4
S2140056F06373D8E7032E15D1A37B002BC5D00021FA
S2140057002846A173FFF7C6FCD4F89430002BE1D0EE
S21400571004F1940029F0B2FD01220146204628F04B
S214005720DCF9D7E7284629F01EFE002CD2D13846F1
S214005730ABE700BFFD5200002DE9F04F93B00546E1
S21400574029F0BCFB08B13FF06BFF764801F01AFA6F
S2140057500028F8D105F580594FF0FF31D9F89401AB
S21400576040F076F899F818325BB1284629F02DFA01
S21400577038B1002305F58E5089F81832183001F03C
S214005780E3FFD9F8A0010EA903699847059090B9E0
S21400579099F8A43163BB0E9B05211868B0F8052064
S2140057A029F087FA0E9B18B11A681278142A1FD0AF
S2140057B0184629F0D8FD05F58E50183029F0DFFE82
S2140057C001F032FAD9F8A00183699847064638B145
S2140057D0EB68002B40F00783AB68002B40F0328369
S2140057E06B68002B40F00F84284629F0B8FAB3E720
S2140057F00E9A136893F804B05978B3F80280938928
S214005800BBF17F0F4FEA9B16049198BF0026002B32
S21400581039D1B8F1000318BF01230893D9F8A8318D
S2140058200A33984528BF93813DF02CFD022805D108
S2140058304FF0FF31D9F898013FF048FF04992868E7
S21400584028F0BBFA044648B13DF01CFD022805D1FD
S2140058504FF0FF31D4F8F0003FF038FF3DF012FD76
S214005860022803D1D9F898013FF055FF6CB9022EF3
S21400587007D005232146009328462346049A28F09D
S214005880F9F90E9895E70023C7E794F85030042BF3
S21400589004D11EB93146204628F035FB94F8503026
S2140058A0184628F065FA079018B1082B0CD1022E7E
S2140058B00AD00523009300232146049AD4F8080151
S2140058C028F0D8F90E9815E00E9B16F0FD0F5C61D7
S2140058D00BD11B7F4BB940F095FDD4F88C300BF004
S2140058E0070709904BB940F088FD089B0E98002BDF
S2140058F000F0EB8029F037FDB9E153F8303CE27B4D
S2140059001B79C3F30213591C1A4401F0070102F075
S2140059100702914208D88F4201D3974208D90998C6
S214005920E1E700BF31520000974201D98F42DAD337
S2140059309F4295BF0837FB1AFF1ADBB298BFFBB22F
S2140059400A934FF0000323743FF0C6FBD4E90632F7
S214005950C01ABA4B61EB02011A78002A70D04FF0D9
S21400596000024FEA500A4AEAC17A4F08C4E9080121
S214005970C4E90AA71A7005203FF0C8FB824577F1F4
S214005980000705D205203FF0C1FB0023A062E362BA
S214005990D4E90A374FEA830ABF0047EA937741F211
S2140059A08830D4E908231AEB020A47EB03073FF0D6
S2140059B0ADFB00235045BB417BD241F288303FF01F
S2140059C0A5FB8246C4F814A004F130003FF044FB67
S2140059D04FF0010A04F18C07384629F04FFC817C11
S2140059E000296FD1FFF756FB637B0A9A0133637376
S2140059F0E37B013BE373059B013305939DF814306D
S214005A009342E9D3099840F0F8FC04F1900AD4F8E0
S214005A109030002B3FF469AF637B002B3FF465AFFB
S214005A2040F0F0FC0746504629F028FC0590384622
S214005A3040F0E3FC00222046059928F04EF8E6E701
S214005A40D4E9083C83427CEB0102D4E90A274FEAFA
S214005A50920242EA8772B4BFA0EB030EA3EB000EDD
S214005A60BF0812EB020A069247EB07020B92069A51
S214005A70DB081AEB020A0B9A4FEA9E0E47EB020768
S214005A80072243EA4C731AEB0E0AA3FB023E4FEAC8
S214005A90DC0C02FB0CEE4FEAD00040EA417047F106
S214005AA000071B184EEBD101C4E90AA7C4E9083168
S214005AB061E705203FF02AFB824577F1000781D297
S214005AC005207CE780F824A08EE7B8F1000F03D00D
S214005AD04368002B3FF40EAF027F62B1E37A009278
S214005AE0D4F808012146049A28F0C4F800230E983A
S214005AF0037729F038FCB8F1000F1DD0B8F1020F7B
S214005B0003D80622E37A0092D6E60E9AA8F102039C
S214005B1050681FFA83F810FA83F35A7810F80830A2
S214005B20414643EA022229F0C4F828B9002E7FF441
S214005B30C9AE0122E37AE6E70E9F002E40F0AE8063
S214005B40CDE90F661196627AD4F80801D207E37A97
S214005B50ADF8368007D50621227A0091214628F036
S214005B6089F83846C6E6CBF3021199420CD05A1E85
S214005B70914205D00BB9072902D00221227AECE720
S214005B80204628F0FBF8ECE71BF0080F0ED139464C
S214005B9020460DF1360228F0AEF80346D4F8080188
S214005BA0002B4DD00421E37A227AD6E7227A1AB166
S214005BB0062300930B46D1E7394620460DF1360200
S214005BC028F099F80346D4F80801002BEAD10FAB69
S214005BD0029310AB019311AB009300F58E50012198
S214005BE0BDF836307A68183001F000FE79688046D5
S214005BF0D4F8080129F0A5FA38467E6029F0B3FBF0
S214005C00E37A2046013303F00703E37228F0B6F880
S214005C10B8F1000F2BD10F9B20460093BDF8402013
S214005C201123119927F092FF08B3A66DFEB1332316
S214005C300F9A1199207AB04719E000BFD57D002051
S214005C403946BDF8363004F1840229F0FAFBC0B1BB
S214005C500321E37A227A0091D4F80801214628F03D
S214005C6009F8384629F07FFB204601F04BFB3DF053
S214005C7009FB02287FF49FADD4F8F0003FF04BFDFF
S214005C8099E5D4F8F40008B13FF010FEE36D13B1C7
S214005C90216E207A98474FF0FF38B1E7022E2DD1BB
S214005CA00BF03003102B94F8506020D17B681B78E3
S214005CB0013B042B1ED8DFE803F0141A1A1F03005A
S214005CC00A26384629F04FFB079B002BCFD004F15D
S214005CD030003FF0C1F9204684F8506028F0E3F920
S214005CE0C5E7D4F88C3013B1204628F0F1F900232C
S214005CF00793E6E70C26E4E70B26E2E70023CDE968
S214005D000F331193627A91077FF52BAF1BF03703A1
S214005D101FD153073FF525AFBB89B3B1434639467C
S214005D20D4F8080104F1880229F08BFB00287FF4E0
S214005D3018AFE36E13B1216F207A9847D4F8F400B9
S214005D40002894D03FF0B2FD91E7384629F00BFBCF
S214005D50EFE7042B35D1267A002E30D111ABD4F8DC
S214005D600801029310AB01930FAB009300F58E5021
S214005D70434631467A68183001F038FDF0B9119B79
S214005D8020460093BDF8402005230F9927F0DEFE3D
S214005D900646384629F0E7FA0F9900293FF467AF20
S214005DA0109B002B3FF463AF002E3FF460AF666E8F
S214005DB0002E3FF45CAF3323119A3BE70F96012683
S214005DC0E7E7312B7FF4CDAE384629F0CCFA227ABD
S214005DD0002A7FF44CAF62810923114620460092C8
S214005DE027F0B4FE43E700F0F1FE00F0FB000128C8
S214005DF07FF4F2AC40F006FB074605F10C0029F0F4
S214005E003DFA0446384640F0F8FA002C3FF4E4AC7D
S214005E10237C4FEA931A7F2BA36898BF4FF0000AA3
S214005E20E3B92146284629F061F9C0B140F0EAFA04
S214005E302146064605F1080029F049FA304640F0AA
S214005E40DCFACDE440F0DEFA074605F1080029F05A
S214005E5015FA0446384640F0D0FAD9E70026A78956
S214005E600FB10237BFB2BAF1000F1AD13DF00AFAED
S214005E70022806D163694FF0FF31D3F8F0003FF0F7
S214005E8025FC6369227CDB7A22F007021343237425
S214005E903DF0F8F9022804D16369D3F8F0003FF02A
S214005EA03AFC237C7F2B34D8A38993B3A36823B111
S214005EB04FF000080837BFB22FE0D4F814B03DF01A
S214005EC0E1F9022805D14FF0FF31DBF8F0003FF092
S214005ED0FDFB9BF804813DF0D5F9022803D1DBF8E1
S214005EE0F0003FF018FCB8F1000F12D000F06EFE84
S214005EF000F0FB000128DDD02168284629F031F9A2
S214005F000023236040F07EFA2146064605F10C0089
S214005F1092E7A368002BCBD198460122237C617CB4
S214005F20009220683A4628F053FFB8F1000F3DD0A3
S214005F3004F10801284629F0F9F92168074628B136
S214005F40284629F00EF90023236049E44FF008089C
S214005F5091F804B005222BF007030B71CDF80880EA
S214005F60A3680BF0070B0193A3890093636821686D
S214005F70606901F0F9F822680646137923F00703F2
S214005F8043EA0B031371A26850B11146284629F064
S214005F90DEF928462168A76029F0E3F827601FE4A9
S214005FA04346A189606828F06FFEE08140F02AFA37
S214005FB00746D9F8A00121464369984768B12146AB
S214005FC005F1080029F083F92EB12846216829F04A
S214005FD0C8F800232360384631E760690028FAD005
S214005FE0BAF1000FF7D121468C3029F062F96469C6
S214005FF0E37B0133E373237C002BECD13FF06CF89A
S214006000C4E90601E7E740F0FDF905F10408044697
S21400601040462EF0FBFD0646204640F0EEF93DF0E9
S21400602031F90228A6F1040405D14FF0FF31D4F867
S214006030F0003FF04BFB94F85030022B4AD120463C
S21400604027F0F7FC074670B3D4F8F430002B41D1A4
S21400605004F13000D4F808613EF0FEFF3DF012F97E
S214006060022807D106F580534FF0FF31D3F8980188
S2140060703FF02CFB00232146304684F850302EF0AB
S214006080CDFD3DF0FFF8022805D106F58053D3F884
S21400609098013FF040FBD4F8F0003FF072FB214639
S2140060A0304629F0E8F840F0ADF9824640462EF03A
S2140060B0ADFD0646504640F0A0F93FB93DF0E2F887
S2140060C0022803D1D4F8F0003FF025FB002EA6D11D
S2140060D0FFF78ABB0027E6E7024B1888003818BF90
S2140060E001207047B47D002007B5084B01A9187938
S2140060F040F045FB0198064B98429ABF0A23B0FB36
S214006100F3F0044803B05DF804FB00BFCC8B04003A
S21400611009879303808D5B0073B50E4640F072F9D5
S2140061200546104829F0B4F80446284624B940F03D
S21400613064F91B2002B070BD40F05FF9346040F097
S21400614061F9094B04460122186801A929F015F8DF
S21400615018B90199054829F0C1F8204640F04DF9D4
S2140061600020E7E784300020B4300020883000208C
S214006170402370B501240A4E0A4D33610A4B30465F
S2140061800A4A29681C700A4B08F04CF8296806F57C
S21400619080538C4030465C652FF018FC002070BDA4
S2140061A000000450B03000206E6300209C300020B9
S2140061B0D42F00202DE9F04F0D460A2485B00B4859
S2140061C02EF016FD0A482EF013FD0A482EF010FD9C
S2140061D0094B1D600122284603A928F0CEFF68B1AE
S2140061E01927384605B0BDE8F08F00BF883000207C
S2140061F08430002080300020B43000200399BE4850
S21400620029F06CF8013CE5D10A22BC4B204603A9D4
S2140062101A8030F053FC07460028E2D19DF80C3077
S214006220B74D03A92B6030F049FC07460028D8D1AB
S2140062309DF80C20B34B29781A60B34A0BF05AFD30
S21400624007460028CDD14FF010094FF02012AF4B73
S214006250AF4DC3F818909A614FF4001242F2052130
S214006260DA610420AB6A2FF0BDFB4FF4085105201D
S214006270EB6A2FF0B7FB4FF4C0224FF0010802255F
S21400628042F22006A34BA4491A60A44AC3E901447B
S214006290C2E90144D460116082F80980A04ADC603B
S2140062A0157383F8098083F80D809E4BD16823FA16
S2140062B005F060F39F01C2E900849660D16018463D
S2140062C00D22214634F0ABFD0278034668F3010246
S2140062D002704FF020024FF0040A4FF0400B42725B
S2140062E0027B2A430273904AD96822FA05F060F3CB
S2140062F09F01D9608D4BD560C2E901A315608C491A
S2140063008C4A8D4B1573C2E900138C4BD16823FA67
S21400631005F060F39F01D1609460894A1D73C3E95C
S21400632001B2884AD96822FA05F060F39F01D96065
S2140063301D6015739660844B844ED168C2E90034A4
S21400634046FA05F363F39F01D16030460D222146DD
S214006350019334F064FD7E4A774B2146C6E900235C
S2140063607C4A019BB260327B06EB09002A433273FB
S2140063706022B270F26863F39F02F2600D2234F07E
S2140063804EFD8020337CF16968F301033374724B51
S21400639001EA080123F003022A430A43F2616F4A26
S2140063A01D7386F814B06E4EC3E90102DA6826FA49
S2140063B005F161F39F02DA6021460D2230461D602A
S2140063C034F02DFD4FF020003378707268F301032F
S2140063D03370337B2B433373624BF26823FA05F139
S2140063E061F39F02F26021460D22184634F017FD35
S2140063F00346027880F805B068F301020270027B5B
S214006400594E2A430273594AD96822FA05F060F3B6
S2140064109F01D9604549564B15739160D16823FAA0
S21400642005F060F39F01D16018462146C2E9005A84
S2140064304A4634F0F4FC404A4E4BC0E900624E4AED
S2140064401D73826044F240029A604C4AD96822FA70
S21400645005F060F39F01D960C3E90084484B1573CB
S2140064609360484BD16823FA05F060F39F01D16032
S214006470C2E9005A444A1D73C3E90024434AD96856
S214006480434E22FA05F060F39F01D9609E604FF4F8
S214006490805C41F210031573C2E901C33D4BD1681D
S2140064A023FA05F060F39F01C2F80080D160184619
S2140064B00D22214634F0B3FC03460278C0F804806F
S2140064C065F301020270344A8260344AC06822F0E2
S2140064D0030100EA080029430143D960304B1573D5
S2140064E0DFF8C080C2E90034D36848FA05F161F3EA
S2140064F09F03D36058E000BF88300020B47D0020A2
S214006500B0300020AC300020D968000000100450E5
S214006510008003509C300020020006008C300020D3
S214006520643000205430002044300020A0D00350B7
S214006530F07F000334300020240006502430002072
S214006540141006501430002001001000F42F002014
S214006550080020006D630020E42F00201400065081
S214006560D42F0020C42F002060001003B42F00207A
S214006570A42F0020942F002098120020842F0020A3
S214006580A0E00350742F002060000030642F00202D
S2140065903C000650542F002074300020442F00206A
S2140065A0F07F0030242F00200A4B96600A4A1D73A5
S2140065B0C3E90024DA68404661F39F02DA602146A8
S2140065C04A469E6034F02BFC044BC8F80860C8F8B6
S2140065D0003006E6342F0020700000301000003037
S2140065E01E4B1F491A6870B5A2F12C030B6052F8B7
S2140065F02C1C1C4A516099891B4A81B9137B61F394
S21400660041031373194C1A4821681A4B1A4A07F0AB
S21400661009FE21681648BDE870402FF0D7B9107BF8
S214006620013940F002001073144A58689C685060A4
S214006630108861F30E10108011484CB11149D568CE
S2140066408E0866F39F05D5604C600E334360D9E72D
S214006650D468810861F39F04D460F6E78030002098
S21400666078300020742F0020542F0020AC300020FB
S21400667000000450942F00208C300020442F00206F
S214006680242F0020342F002070B52A4C2A4ED4E93F
S2140066900032134319D005212046B4F8052028F00F
S2140066A008FB90B16588B5F5857F0ED8234828F09D
S2140066B0EFFD234A0346106020BB012332682149C0
S2140066C00B709340204A136570BD204A204BD1685A
S2140066D09B0863F39F01D16000221E4B31681A703D
S2140066E01D481E4B1E4A07F09DFD012331681D4ABA
S2140066F08B40536518482FF069F904221A4BC3F8EB
S214006700A020E1E7026820681060A088A179908048
S2140067109171002DD9D0154A0C495B68C868936002
S21400672013889408013D64F39F0065F30E13C86058
S2140067301380D1E798120020B03000208830002067
S2140067407C3000206F63002000200450443000207E
S214006750243000206E6300200000045064300020C7
S2140067609C3000200010045000E00350343000201D
S214006770F7B53FF047FE05460C4F0D4E0122386830
S21400678001A928F0FAFC044628B1284603B0BDE863
S214006790F0403FF032BE0199064828F09FFD33785E
S2140067A0002BEBD03470FFF76FFFE7E7B430002024
S2140067B06F6300208830002013B502242D483FF078
S2140067C0E3FF2D483FF0E0FF2C4B98683FF0DCFFDE
S2140067D02B483FF0D9FF01A800220121ADF8044064
S2140067E007F07AFC04214FF481730DEB01000022C0
S2140067F0ADF8043007F070FC40F2022301A8002236
S2140068000121ADF8043007F067FC40F20233214660
S21400681001A80122ADF8043007F05EFC042140F226
S21400682003230DEB01000122ADF8043007F054FC01
S21400683028F0CCFA134B144AC3F80446C3F8FC25D8
S2140068404FF00212C3F8002602F58032C3F8F02596
S2140068501D220121C3F8EC2503F51432516040F2E5
S214006860014203F510339A6000200522DA605A616F
S21400687002B010BD108C0400208C0400CC8B0400E9
S214006880188C040000C003500200010038B50D4605
S2140068903FF0B8FD0D4A044613881BB93FF0ADFD26
S2140068A0032038BD013B29460948138028F008FD1F
S2140068B0012028F08CFA074B1B680BB9FFF790FEF7
S2140068C020463FF09AFD0020EBE700BFB47D002095
S2140068D08030002078300020294B70B51A7802F0FE
S2140068E0FF042AB100221A70BDE87040FFF7CCBE44
S2140068F00122244D1A702B686BB1234B234819686C
S2140069003FF0A7FD224B80F001041B68002B08BF58
S21400691044F00104E4B21F4E316859B10B681E48BA
S2140069205B888B8128F0CCFC002333601B4B1868F7
S21400693028F0FAF8A4B92B685BB1154B18481C6010
S21400694028F0A6FCFEF790FE164A2C60138801334A
S2140069501380134B186878B12B680BB9FFF740FE0D
S214006960114C0A4821683FF074FD40B101232268AB
S21400697093400E4A1365B7E728F029FAF0E770BD92
S2140069806E63002078300020AC30002000000450F9
S214006990743000207C30002084300020B43000208A
S2140069A080300020B47D0020B0300020002004504D
S2140069B070B5044692B0202200210AA834F02FFABF
S2140069C0244B4FF48052099304F1E8030B935823A9
S2140069D00C9304F5A0730D932323CDE90E231E4BD1
S2140069E0002501930123029304F1480303935023E7
S2140069F004F1980201A8CDE90435CDE907230695F0
S214006A003EF02DFE04F58056C6F89801E0B1B6F8C3
S214006A10AE01B6F8AC312946184405AAFF303EF060
S214006A20C8FEC6F8940158B121460C4809AA3EF0A3
S214006A309DFDC6F8900150B9D6F894013EF05EFF71
S214006A40D6F898013EF09DFE192012B070BD28467B
S214006A50FBE700BF1E6B0400276B040039570000DD
S214006A600146044B18781970034B1B6803B118478E
S214006A70704700BF43640020D430002008B50123CF
S214006A80002219460A4827F092FD08B1002008BDEA
S214006A900221084A064827F00BFC0028F6D10321FD
S214006AA0054A034827F004FCB0FA80F04009EEE7F8
S214006AB0D8300020316B0000BD6A000008B50448DD
S214006AC0FEF7F4FC05281EBF0122024B1A7008BD13
S214006AD0D8300020B163002007B50022074B0146DE
S214006AE01A700288064B0432009392B201230548BE
S214006AF027F042FE03B05DF804FB00BFD67D002001
S214006B00316B0000D830002008B5064827F069FC35
S214006B10FFF7B4FF28B10122034B1A700022034B83
S214006B201A7008BDD8300020D67D0020B163002042
S214006B3013B10122074B1A700122074B1A70074B3C
S214006B401B78042B05D10022054B05201A61FFF7A0
S214006B5087BF7047B1630020D67D002043640020C5
S214006B60BC3000207FB518220021684634F057F963
S214006B70034B6946186833F046F907B05DF804FB26
S214006B80D030002010B504460EF014FDA8B94FF41E
S214006B90844033F0FBFE003818BF0120084B187005
S214006BA00CB1084B1C600024074B02201C61FFF749
S214006BB057FFFFF763FF204610BD0120FCE700BF2C
S214006BC070630020D4300020BC300020014B1878C1
S214006BD0704700BF43640020114B10B51C68043C8E
S214006BE0231D0CD14FF4844033F0D0FEB0B14FF4E7
S214006BF0844033F0D6FE044630B1012010BD236831
S214006C00A06898476468EAE74FF4844033F0BEFE15
S214006C100128F2D0034B20461C70EFE71120EDE769
S214006C20B8300020706300202DE9F04FAC4CC5B0A2
S214006C30237823B1FFF768FF2378002B3FD1A94BB9
S214006C401B78002B3BD00123A74800930DF11202BE
S214006C50002305A927F0B5FC0446002840F05C8216
S214006C60059D6B885A1E042A26D806225A43DFF84A
S214006C70A082298838F8022091421DD1023B032BBE
S214006C8005D8DFE813F021002F0049011C0204217B
S214006C90964B2A79197000215970012199706FF06E
S214006CA07F01D9709249097861B9012A18BF242456
S214006CB08E485C60FFF710FF059828F028FA45B06C
S214006CC0BDE8F08F1224F3E70423884A13700023EC
S214006CD05370022393706FF07F03D3702423104603
S214006CE05360E7E7834A2B1D05F1240153F8040B94
S214006CF08B4242F8040BF9D10AA830F028FD10A800
S214006D0030F025FD18A830F022FD202010F0BCF849
S214006D100646002800F0E280202010F0B5F807466E
S214006D20002800F0D98020A828F0AEFB4FF480435E
S214006D3030A8309328F0B0FB309BDFF8D8B1229310
S214006D406D4B06A920A8CDF88CB020930EF0E2FB80
S214006D50814648B328F0ACFB0446202130460DF0AF
S214006D601FFD384620210DF01BFD384610F094F824
S214006D70304610F091F8614E614B30461A68614912
S214006D8034F06AF806226B88A6F1080002FB03823C
S214006D906FEA43436FEA5343528826F8063C26F8C8
S214006DA0082C46F8044C85E72022554B5549069892
S214006DB033F0D6F8824630B106980EF001F8504609
S214006DC0CDF81890C6E74FF0200920224D4910A8AC
S214006DD030F00FFE20224B4910A830F040FE202253
S214006DE044490AA830F01DFE202242490AA830F085
S214006DF030FE08AB58460293CDE900794B463D4A33
S214006E00069933F0B4F9834630B106980DF0D8FFF2
S214006E105846CDF818A09DE74A46394618A830F0DF
S214006E2000FE4A46394618A830F013FE07ABCDE9F7
S214006E3000934A4633463946334833F0BAF881461B
S214006E400698B9F1000F04D1DDF81CA0BAF1200FA6
S214006E5005D00DF0B5FF0023069348467AE70DF0FF
S214006E60AFFF814620B1514630460DF099FCF4E75D
S214006E70DFF87CB006909BF800300BB101246CE77D
S214006E8030A828F001FB4FF0010A002309A833932D
S214006E90CDF824A028F000FB099B314632934FF42E
S214006EA084433593194B1022CDE9303A034630A877
S214006EB00DF0D0FF8146102130460DF071FCB9F17F
S214006EC0000F02D18BF800A047E7484628F0F0FAFA
S214006ED0041E18BF012440E7192449E719244AE78D
S214006EE0B1630020D67D0020D8300020FB63002050
S214006EF070630020916300204171FF00036400204E
S214006F00347C00207163002009000002011080001C
S214006F104081040000000209874B1B78002B00F01C
S214006F20C380864F2022002118A833F078FF3B78D4
S214006F302E1D052B02D10320FFF792FD334620AE0F
S214006F4003F1200C324618685968083303C26345BB
S214006F501646F7D140217A4833F05AF9C0B9784B33
S214006F6028AE03F1200C324618685968083303C26D
S214006F7063451646F7D120230DF1400930AE009345
S214006F8040224B466F48019620A933F012F878B19C
S214006F9001246D4B5C6006226B886B4802FB038203
S214006FA06FEA43436FEA534352884380028081E688
S214006FB0B44699E80300654A9DF84E309180090C66
S214006FC0106091711298BDF84C105373C2F8070008
S214006FD0A2F80B1005F1240305F1440E624618686A
S214006FE05968083303C273459446F7D1584B0DF1E0
S214006FF0E00C03F1200E624618685968083303C295
S21400700073459446F7D10DF128094B4610224FF4EC
S214007010844040A932F03DFF20B1502130460DF0AB
S214007020BFFBB5E74FF0200B314650224548CDF860
S2140070300490CDF800B018AB32F0BBFF824650216A
S21400704030460DF0ADFBBAF1000F02D0594618A835
S214007050E5E73B78032B03D13E4B18680DF0B0FEF6
S214007060484628F011FA3C4B09A80D934FF440739C
S214007070099328F011FA099B38490C930023202223
S214007080CDE90A130F9318A94846324B0DF0E2FEDD
S2140070900646202118A80DF083FB002E7FF478AF5B
S2140070A00420FFF7DDFC74E7112227484021027117
S2140070B043718371C37108300DF072FB6BE74FF0BC
S2140070C0AA324FF0AA33CDE930231C4B1878431F61
S2140070D05842584128F01CFA4FF0AA33994208BF8C
S2140070E0984217D1DDE93001994208BF984211D184
S2140070F0FFF772FD024606216B88134801FB0388E2
S2140071006FEA43436FEA5343B8F8021043800180A6
S2140071104260CFE50822EEE71B280AD1104C237800
S214007120002B3FF4CCAD0F48FFF7D6FC00232370AE
S214007130C5E5FFF7E9FCC2E5706300204364002064
S2140071400364002009000002FB630020BC3000201E
S21400715023640020D03000200002480500240001EF
S214007160B2630020B36300202DE9F04FC7B01F467E
S214007170DDE950830593037A394E8DF82430D0F834
S214007180003105460B93D6F807308A46CDF82530F1
S214007190B6F80B300021ADF82930737B91460CA869
S2140071A0E8228DF82B30DDF848B133F038FE2D4B51
S2140071B02D4A19680CA832F029FF044648B9424601
S2140071C049460CA80EF0DEF8044640B10CA832F092
S2140071D003FF204647B0BDE8F04F28F069B90C22FF
S2140071E009A90CA832F044FF04460028EED14A460E
S2140071F051460CA80EF0FEF804460028E6D108AB6F
S214007200CDE9008342463B4639460CA80EF02AF9E3
S21400721004460028DAD107AB0899CDE901B3059BEF
S214007220A8EB01020093394406AB0CA832F022FF0B
S21400723004460028CAD1FFF795FCD5F80031013383
S214007240C5F8003133690133B3F1005F3361C0D153
S214007250064B1B78052BBCD10320FFF701FCB8E7D3
S214007260BC300020D03000200002480543640020D7
S21400727070B50446007A8CB08DF82400D4F8FC0073
S2140072801C4D40F000400B902868AE88CDF82500D5
S214007290A879CDE900128DF82B00129816490690B1
S2140072A0119809AACDE904301098ADF82960CDE907
S2140072B0023012480C2300680DF0FEFE064698B910
S2140072C0FFF750FCD4F8FC300133C4F8FC302B69CF
S2140072D00133B3F1005F2B6106D1094B1B78052BF8
S2140072E002D10320FFF7BCFB30460CB0BDE870406F
S2140072F028F0DEB8BC30002000024805D030002060
S21400730043640020064B1B78052B08D1D0F8FC30D0
S214007310044A013BC0F8FC301369013B1361704717
S21400732043640020BC30002038B5144625681A4651
S214007330A5F58E50183839B36168144B994213D1AD
S214007340134B95F841201B685AB153B927F0F2FB4E
S21400735020682146BDE83840A0F58E50183827F042
S214007360D9BF184628F09EF90A4D21F0FF03AB421C
S21400737003D1C9B227F08BFAEAE7074A9342E7D16E
S214007380C9B227F0C6FAE3E738BD00BFEFBEADDEF0
S214007390E430002000BAFECA00BAEFBE2DE9F04382
S2140073A01F46062385B013704D680E46A5F580511E
S2140073B0FF2980461446DDF830903DD80523EDB20F
S2140073C0538045F480535360337A9A1E012A0DD8B1
S2140073D0A0F58E50294604F10802183827F044FB21
S2140073E0638804333B6005B0BDE8F083052B0ED1FF
S2140073F0A0F58E50294604F10802183827F0F7F950
S2140074000028EDD15C4B2B43C9F80030E8E7092B88
S2140074100BD1A0F58E50294604F10802183827F043
S214007420C4FA0028DCD1554BEDE704236380002323
S21400743063600323A360D3E7A5F5E061FF2925D8A1
S214007440B6F80280B8F10C0F03D000236360032364
S2140074505AE0EDB22846F268B168FEF7C3F848B1C4
S21400746000236360082302380228638034BF0423A5
S2140074700123DFE7234645F4E06543F8045FB2687E
S2140074805A60F2689A60A4F80280A9E740F20321E5
S2140074908D4264D0B5F5017F20D2602D5CD007D830
S2140074A0042D2ED9212D35D0002363600D232BE02B
S2140074B0B5F5007F25D040F202239D42F4D1042387
S2140074C05380B36813B3012BBFD101232C4AA360AA
S2140074D0136040F20223636008233BE0B5F5C06FFB
S2140074E023D00BD840F201339D420AD0B5F5A06FE9
S2140074F0DAD1337A80F8383065602AE0B5F5885FEF
S214007500D2D1002363601523A360E5E71C495560CC
S2140075100B60F9E755603289A0F58E5022816380B2
S2140075203189183827F091FB5AE7F36803A94361BD
S214007530B0683DF0FDFD48B9CDE90000114A039959
S21400754008F1140308F118003FF04BFA4FF4C0633B
S21400755063600423638043E7B368C360CCE7337A91
S21400756055600822003B628018BF01230022A260FB
S21400757080F8413034E700BF00BAFECA00BAEFBE5A
S214007580E43000201DF50200004870473F6B040001
S2140075902DE9F0471D46062386B0137014464A6848
S2140075A00746302A00F08F801CD8042A06D8013AF5
S2140075B0032A45D8DFE802F048764E58202A7CD0C9
S2140075C0A2F5E063FF2B4FF0000300F2B7808DF8C2
S2140075D01020D2B242F4E062626003A80393FDF783
S2140075E0B3FF2BE040F202239A427DD00FD8502AF8
S2140075F06CD0B2F5007F70D0402AE1D1A0F58E5055
S2140076006260183827F06BFCA060082359E040F24F
S21400761001339A426CD0B2F5885F4FF000066BD00B
S214007620A2F58053FF2BCBD88DF81020D2B242F4AF
S2140076308052626003A80396FDF738FF207207E0C9
S21400764000236360A360E0E70123636006232372E0
S214007650052336E0042303220921C4E9012300237D
S214007660C4E9031310232CE00423A04648F8043F83
S214007670FFF78AFF814633F0FCFB461CB6B2802E2D
S21400768028BF80264946324608F1040033F0E4FB62
S2140076900123043666807B74638804332B6006B04F
S2140076A0BDE8F087022308220121636010F8333C0E
S2140076B0628013FB0213A360EEE7626050F8302C82
S2140076C022816380E8E7C36B6260BBE7A0F58E505B
S2140076D06260183827F009FC96E7204640F8042F29
S2140076E0043027F0C6FFBDE7164B62601B68A9E7AB
S2140076F06260FFF76BFA87E73746626004F10709B6
S21400770004F1870A731C6846CDE90077CDE9037754
S2140077108DF804608DF8103002970597FDF7C6FEC9
S214007720804603A8FDF7C2FE48EA001809F8018F54
S2140077300236D145F6B2E5D18423C2E763600D2355
S21400774080E700BFE43000207FB50123A0F58E5609
S214007750183E0093002202233146054626F029FFF4
S2140077602E2804463CD048B90B2128461D4A26F050
S2140077709FFD044628B1284626F033FE204604B076
S21400778070BD02212846174A26F092FD04460028BE
S214007790F1D103212846144A26F08AFD0446002823
S2140077A0E9D12A460421284626F082FD0446002810
S2140077B0E1D103A9304627F098FD0623039EB38146
S2140077C03560346127F029FF08230C22F381039BE0
S2140077D07061B11800932846032326F0CDFFCDE74D
S2140077E01224CBE72973000017F502002DE9F74FA6
S2140077F0032B8046DDE90D798A4616467BD95288EA
S21400780004329A4277D100230C9AA0F58E5BABF136
S214007810180B136049463B605846C9F8003027F0FD
S21400782064FD054608BBD9F800400C9B224642F88A
S2140078300C8B1A6071786173BAF1000F49D13178F8
S214007840022918D0032929D001294FD10423D9F8B9
S2140078500060E381082321733B60284B186827F0FB
S214007860CBFE206128B9264B7360284603B0BDE8DE
S214007870F08F7560F9E77368202B09D0591E03292D
S21400788006D923F01001402902D0B3F5007F18D1A5
S2140078903B4631464046FFF77BFEE6E77368A3F2B9
S2140078A00221012903D9212B01D0602B09D1D9F857
S2140078B0003031460433009340463B46FFF76EFDEA
S2140078C0D3E70D2363610823E3810C2325613B6026
S2140078D0CBE7BAF1010FC8D131780229D8D00329F5
S2140078E0E5D019B904232073E081F0E75846D9F8AB
S2140078F0001027F00FFD2125B7E700BFE430002079
S214007900EFBEADDE002307B50193054B1B683EF0C6
S2140079107CF8019B002BFCD003B05DF804FB00BF95
S214007920387C0020EFF305830F2B84BF034A9B5C53
S2140079304FF0E023D3F80C3D704700BFF0E300E0C3
S21400794038B5084DD5E8AF3F13F0010408D12846F6
S2140079502CF0FFFE20B1044B28461C602CF0FEFEE7
S214007960014838BD7C3C0020803C002070B51348A0
S214007970D0E8AF4F14F0010418D12CF0EAFEA8B1FD
S2140079800F4D2E4646F8044B3019102200211034B5
S21400799033F045FAA02CF7D10B220A4B013A1946D0
S2140079A003F1100304D105482CF0D8FE044870BD3E
S2140079B0286843F8100C2960F0E700BF843C0020DC
S2140079C0883C00208C3C00202DE9F0418846154676
S2140079D01E4627F0D7FE074650B35EB303799907D5
S2140079E048BF86F80080C3F34004037948BF0124EB
S2140079F05A070ED5114B294693F9000029F035FE9B
S214007A00822302B2C2EB0222B2FBF3F232559CB9D9
S214007A1001243B791B0708D582228235C5EB052554
S214007A20B5FBF2F5631C3555DCB22046BDE8F081A7
S214007A300446FAE73446F8E70224F6E7E464002052
S214007A40014B187027F0C2BEE464002070B5049D98
S214007A500C46014600B12DB9C621064B064A07481A
S214007A600FF0DAF90493284613462246BDE8704024
S214007A7000F082BB5B6B04006A6C0400CD6B0400F4
S214007A80131D70B5DBB2144630B940F217110D4B1A
S214007A900D4A0E480FF0C0F9068803F07F0326F45F
S214007AA0FF46068003709B238370B823C370EA23C7
S214007AB003710023437111B1063033F0CDF9A01DD8
S214007AC0C0B270BDCE6C0400DF6C0400CD6B040049
S214007AD0004870476881040037B54FF6FF720C4DBA
S214007AE004462B88934200D1FEE753B904210DEBE0
S214007AF001002CF058F800B1FEE70199054828F07F
S214007B0023F820462B8801332B8003B030BD00BFFE
S214007B100A6200202C3D0020034B1B8803B9FEE7B9
S214007B20024828F01BB800BF0A6200202C3D002047
S214007B3070B505460C468E18B44201D1284670BD75
S214007B40284614F8012B024928F0ADF8F4E700BFE8
S214007B502C6D040003688160024A014603F10800A8
S214007B6028F01EB9B881040010B5044639F04FFB62
S214007B7030B104F108000349BDE8104028F03FB9D1
S214007B8010BD00BFB881040003688160024A014648
S214007B9003F1100028F004B9AC8104000146006827
S214007BA0014A103028F0D6B8AC81040010B504465F
S214007BB039F02DFB30B104F110000349BDE8104048
S214007BC028F01DB910BD00BFAC81040038B50160B7
S214007BD004460D4601F05EF900220146A260064A00
S214007BE0606004F10C00A061E560226101F1804153
S214007BF0FFF7B0FF204638BD77FE020070B50129BA
S214007C0005461446C2B005D11268174928F096FBFF
S214007C10002002E0022902D0072042B070BD1349BE
S214007C20106827F0F4FF0028F6D001AE31466068F1
S214007C3029F0EBFD0028F0D1019A0A24FF2A28BF7C
S214007C40FF2202A90192904205D1002302AA1354F2
S214007C5005492846DAE7B0FBF4F304FB1303303398
S214007C6001F8013B0130EEE7326F0400316D04008D
S214007C702DE9F041074615460C4671B901F0FAF9B0
S214007C802B4B2C4A2C49002808BF1A46384628F0A9
S214007C9055FB00263046BDE8F0812849106827F0DD
S214007CA0B6FF28B1013C14F0FF0405F10405E5D049
S214007CB001F0E0F958B14FF00B08214EB8F1010879
S214007CC011D12A462146386801F09AF923E01D4969
S214007CD0286827F09CFF0028EDD138461A4928F07E
S214007CE02DFB0D26D6E73168286827F090FFE8B10F
S214007CF0D6E90132511007EB6200D20748BF7A5826
S214007D0004F1FF3148BFD358012C08BF0022C9B286
S214007D1018BF2A1D984723280646BBD1012CB9D088
S214007D2038462A68094928F009FBB3E70C36C5E748
S214007D303C6D0400346D0400496D0400456D04007C
S214007D40C4810400F4710400626D0400816D0400B7
S214007D5070B50C460023E2B005464FF4807120460D
S214007D608DF8073027F017FFFF280DF1070619D802
S214007D70214622A833F068F83246284602AB22A9EC
S214007D8028F0C1FA032804460CD0072810D0A0B962
S214007D9028469DF8071002AAFFF76AFF0446204609
S214007DA062B070BD2846064928F0C8FA0324F6E7F4
S214007DB00449284628F0C2FAF1E70349F9E700BF6C
S214007DC0A66D0400C86D0400FD6D04000229F7B519
S214007DD007460E4615461BD13949106827F017FF8F
S214007DE0002836D0686801A929F00FFD044660B95E
S214007DF001980DF103012BF083FE044628B938469E
S214007E009DF803202F4928F099FA204603B0F0BDCC
S214007E1003291AD12C49106827F0F9FEC8B1686802
S214007E2001A929F0F2FC04460028EED1A8680DF15D
S214007E30030129F0EEFC04460028E6D19DF8031065
S214007E4001982BF040FE0446DFE7012901D80724FD
S214007E50DBE71E49286827F0DAFE0028F7D06868B6
S214007E6001A929F0D2FC04460028CED1022E12D158
S214007E7001980DF103012BF078FE0028E3D19DF860
S214007E80033023B91249384628F058FABDE7012BCB
S214007E90BBD11049F7E7032EB7D10F49A86827F0E2
S214007EA0B6FE38B90D49A86827F0B1FE0028ACD058
S214007EB0012100E0214601982BF037FEC3E700BF02
S214007EC01E6E0400226E0400FA7304002D7D04006A
S214007ED0276E04002C6E0400678004007080040087
S214007EE070B50546144690B0B9B9694628F03AFA16
S214007EF0044678B9212207A905A827F0ACFE6946F2
S214007F00BDF8102005A8FFF713FE2846164907AA55
S214007F1028F014FA204610B070BD1449106827F0F7
S214007F2076FE064628B10121286828F024FA044681
S214007F30F0E70F49206827F06AFE08B13146F3E7FC
S214007F40102320686A460DEB0301ADF8103029F0C7
S214007F502CFC04460028DDD16946BDF810202868B0
S214007F6028F0FCF9E3E700BF326F0400326E04002D
S214007F70396E040070B50446164609B9072070BD70
S214007F800949106827F043FE054620B10121206804
S214007F9001F076F8F3E70549306827F038FE002848
S214007FA0ECD02946F3E700BFF4710400DF7104004B
S214007FB070B50446164609B9072070BD0949106811
S214007FC027F025FE054620B10121206801F06EF855
S214007FD0F3E70549306827F01AFE0028ECD029465A
S214007FE0F3E700BFF4710400DF7104002DE9F047E9
S214007FF006460C469CB000295AD1484928F09EF9FE
S21400800025460B211B298DF8131004D90024204681
S2140080101CB0BDE8F0877CD0304605AA28F0AFF942
S21400802007468DB3BDF92C80BDF91430BDF92E90EE
S21400803043450FD1BDF916304B450BD1BDF828305E
S214008040BDF840209A4205D10CA906A832F0BEFE23
S21400805000B95FB39DF813500DF14C0A212251462A
S21400806011A827F0F8FD013DBDF840200CA911A885
S214008070FFF75EFD2B4622463046CDE9019A284999
S214008080CDF8008028F05AF92FB100259DF813107E
S2140080900131C9B2B6E70BAD05AF0FCF0FC59DF8DE
S2140080A0134097E8030045F8040B29800125EDE707
S2140080B0012901D00724AAE710680DF1130129F061
S2140080C030FB04460028A2D19DF81310A1F10B0343
S2140080D00F2BEFD8304605AA28F051F904460028A1
S2140080E095D113AD2946BDF91470BDF9168021222D
S2140080F011A827F0B0FDBDF8282006A911A8FFF7A3
S21400810017FD43463A4630460649009528F016F9CC
S2140081107DE7002DB9D0172784E700BF416E040025
S214008120C86E0400ED6E0400F022024B02FB003025
S214008130704700BFA0120020034BC01A1E23C010B9
S214008140B0FBF3F0C0B27047A012002007B5F022D3
S2140081500146424307480129104408D890F8E43005
S2140081602BB9C2F5F07201A9019228F03BF903B0D1
S2140081705DF804FBA01200202DE9F0478EB00C46F7
S214008180054691460021222205A898469DF858608B
S21400819032F045FE002320688DF810308DF803304D
S2140081A08DF8043028F030FA00F44053B3F5005F41
S2140081B040F08580830640F18280204602A928F0A0
S2140081C0CAFA9DF81030002B79D0012B05D14FF656
S2140081D0FF73BDF808209A4271D020460DF12201A7
S2140081E028F03EFB0746002869D19DF82A30002B70
S2140081F065D0D4F800A0504628F008FA00284ED1E2
S214008200504628F001FA024628F0C4FA002858D052
S21400821020460DF1060128F0F3FA00284FD1BDF8EC
S21400822006100BA828F018FEA37920220021AB71B7
S21400823005F1080032F0F3FD2F4B294605939DF813
S214008240033005A88DF832309DF804308DF83330B1
S21400825028F064FB4946284628F0E3F9311E18BF8B
S2140082600121284628F0EEF9204628F052FA014669
S214008270284628F058FA206828F0C8F950B1204659
S2140082800DF1050128F0A0FCC8B928469DF8051098
S21400829028F0AEFC66B3B8F1000F1DD1FEE720460D
S2140082A00DF1030128F047FC48B99DF80330052B73
S2140082B005D1204601A928F04EFC0028A0D00627AC
S2140082C016E0104628F0D9F90028ADD020460DF16A
S2140082D0060128F010FAA0E7284628F02DFD2C68A5
S2140082E032464146204432F0B7FDAB881E44AE808D
S2140082F038460EB0BDE8F0870200002070B5044690
S2140083000160C8690D462CF0BBF92368A080D869C7
S21400831001F018F900262946E06104F1200029F052
S214008320A5F831461022C4E9096604F12C0032F0A3
S21400833076FD3146102204F13C0032F070FD10222A
S214008340314604F14C0032F06AFD054B2046A36628
S21400835004F164036566236728F09BFD204670BD24
S214008360371403000048704700F8FF072DE9F84F60
S21400837000240D4616468346A146DFF8908002F19B
S214008380FF3A5F461BF8010B18B9002305EB84057E
S21400839036E05C2825D19BF80020A2F10903DBB269
S2140083A0172B13D828FA03F3DA0711D41BF8013C6D
S2140083B0002BE6D01CB11BF8023C002BE1D1544543
S2140083C022D0631C45F82470DCB2DAE75C2AEDD1D3
S2140083D0384632F04EFD59460246384632F006FD23
S2140083E0E4E70938C3B2172BE0D828FA03F3DB0713
S2140083F048BF0BF8019CD9E70134E4B245F8043BCA
S214008400B442F9D3BDE8F88F0720BEE7130080001A
S2140084102DE9F3470E460546002846D00378302B54
S21400842018D1437803F0DF03582B13D14FF0010A1D
S214008430023500244FF09938A1461D4F28780DF1DB
S2140084400701BAF1000F08D027F0F1FB50B302B0D5
S214008450BDE8F0874FF0000AEBE727F0E0FB0028C6
S214008460F5D1A04577EB09031FD30A22A4FB0243EC
S21400847002FB093304E04FEA091343EA14732401AC
S2140084809DF807200021121953F1000328BF01218F
S2140084901446994649B915F8010F0028CED1C6E909
S2140084A00023D4E7B9F1805FE5D30720CFE700BF0C
S2140084B099999919012B10B5044608460AD0022B43
S2140084C00FD01BB963681044834200D910BD2289BF
S2140084D0801AF9E72368881A8342F7D9228910445C
S2140084E0FAE79C21024B034A03480EF095FC00BFB6
S2140084F06F6F0400756F0400C86F0400012B08B589
S2140085000DD0022B15D0D3B98A4237BF4368511A13
S2140085105B1A01683CBF521AD11888B208BD8A425D
S21400852089BF4368891A9B1A026884BF891AC918CA
S214008530F3E7C721034B044A04480EF06DFC002104
S214008540EBE700BF6F6F04005F700400C86F0400A5
S214008550F8B5047F0546022C0E4605D1E6210E4BE3
S2140085600E4A0F480EF058FC2346B4FA84F4C76A45
S21400857001223946FFF79EFF6409083455F8243077
S214008580834203D03E70E8620020F8BD284629F0FA
S2140085904DFB0320F9E700BFB9700400D570040056
S2140085A0C86F04002DE9F047044629F08CFA00282D
S2140085B041D1204629F093FA94F834700B2604EB48
S2140085C08709D9F83880D9F820A04546AA4508D0AA
S2140085D03A462946204629F0A8F9030411D5454510
S2140085E00FD0C9F83850204629F0FFFA002384F847
S2140085F035304FF6FF736569E386B5B90020BDE8F0
S214008600F087C0F30D002946821C3B462046FFF744
S21400861051FF013E16F0FF060546D7D140F2453120
S214008620064B074A07480EF0F7FB23463A464146F4
S214008630A069A847E2E71720E1E700BF0871040039
S21400864024710400C86F04004FF6FF732DE9F0474D
S214008650C48E05469C421ED129F035FA0446A8BBB6
S214008660284629F03CFA95F834800B2705EB88035A
S214008670D3F83890D3F820A04E46B24508D04246EC
S2140086803146284629F051F9030407D54E4505D052
S21400869095F83530C3B92046BDE8F087C0F30D0223
S2140086A031461444434628460232FFF703FF013F93
S2140086B017F0FF070646A4B2DFD140F2AE31044BF6
S2140086C0044A05480EF0A8FBEC86E4E70024E2E73F
S2140086D00871040051710400C86F0400002330B50F
S2140086E0174C25688D4224D16568954221D1C3F187
S2140086F02004D0E90225A3F1200105FA04F4DA40AB
S214008700224325FA01F10A4312F0010FC3F12004B7
S214008710A3F120020CD1012121FA04F401FA02F29D
S21400872022439940D0E900430C431343C0E9004379
S21400873030BD0133DBB21F2B04F10C04D1D1F7E7B7
S214008740408204002DE9F04700244FF0010C264635
S2140087501D4D95F808E0BEF1000F22D02B688B4225
S2140087601FD1D0E902A9A4F12003C4F120062CFAF7
S21400877006F60CFA03F333430CFA04F76FEA07081D
S214008780DE43BAB14AEA070749EA0303C0E90273BF
S214008790D0E9007307EA08073340C0E9007331B92F
S2140087A0764601341F2C05F10C05D2D14EB10020BF
S2140087B0BDE8F08708EA0A0306EA0906C0E90236B9
S2140087C0EDE70720F4E700BF40820400F8B5064650
S2140087D00446002546F8141B4FF400620F4600F1CD
S2140087E0E901304629F085F8266604F1640304F1B1
S2140087F08402C3E9005508339342FAD1C4E92255EE
S214008800A4F8845004F1900029F08EFAC823364A62
S2140088100421C4E92C234FF6FF73A4F8B830334B79
S2140088200022C4E93035002384F8E0103049C4E95A
S21400883034230968C4E93623C4F8E41004F51A6141
S21400884084F8A850C4F8AC50C4F8BC70C4F8C8503B
S21400885084F8E85084F8ED5884F8EE58A4F868597F
S214008860A4F86E59A4F87059C4F88059C4F884590D
S214008870C4F88859C4F88C5984F89059C4F89459A7
S21400888041E902232368C4F8A059A4F8A45903B9FF
S214008890FEE7184B2246304617491C6029F039F887
S2140088A07822002104F50F6032F0B9FA4FF0FF335A
S2140088B0C4F87259C4F87A59C4F86A59C4F8E95821
S2140088C02546C4F8763955F8D00B22460B4938F0C1
S2140088D08FFC772200212846FFF700FF04F1BC003A
S2140088E027F0FCF92046F8BD00F8FF072D8A0000A7
S2140088F03C820400303D0020312503002127030080
S214008900F8B516460F4609680446FFF75FFF06B936
S214008910FEE7022E14D800250123656057F82500CF
S21400892004EB830322465860064938F061FC6A1C53
S214008930B2424FF002034FF00105EFDB2046F8BDD0
S214008940FEE700BF21270300014B1868704700BFF1
S214008950303D0020013804289ABF024B185C0020E6
S214008960704700BFB48304002DE9F84FD0E93432D5
S2140089701343044604D1012384F89039BDE8F88FE8
S214008980D03029F021FC002580464FF00109264F03
S214008990EBB24345EFD2D4E93430C5F12001A5F15E
S2140089A02002EB4000FA01F10B4320FA02F21343D7
S2140089B013F0010FC5F1200AA5F1200602D10C37ED
S2140089C00135E5E73A682ABBD7F804B0BBF1770F64
S2140089D006D1206800F032FC082898BF00F1700B22
S2140089E05A468021204629F0B9FC0028C3D1D4E994
S2140089F0343209FA06F629FA0AFA46EA0A0609FAA3
S214008A0005F123EA010322EA0602C4E934321343DD
S214008A10D5D1B0E794F89039002BE8D00123802117
S214008A20204629F0B5FCE0E740820400014B1868B8
S214008A30FFF79ABF303D0020022313B5B0F8982008
S214008A408DF80730B0F8963004469A4206D00DF1FD
S214008A500701903029F080F900B1FEE79DF8073055
S214008A602068022B21D138F02EFC0023FF2194F839
S214008A70712904F16000224482F8761982F86A3976
S214008A8082F8723982F87A39C4F88039C4F88439A1
S214008A90C4F88839C4F88C3929F093FB70228021F9
S214008AA0204629F05BFC58B1FEE7032B03D138F0D3
S214008AB0C4FB02B010BD38F0FBFB0022014B1A606D
S214008AC00020F6E7303D0020002337B505460DF1BF
S214008AD0070190308DF8073029F03EF9044618BBA0
S214008AE09DF8073003B3022B21D1286838F077FCB5
S214008AF0D0B195F871392B4493F97629013218D103
S214008B00D5F8B010B9B14A1E0A4214D1B1FA81F1B3
S214008B10C1F11F0183F87619B5F8B420074B286811
S214008B20C9B238F068FC0446204603B030BD0C24B9
S214008B30FAE70D24F8E70724F6E700BFD18C00001B
S214008B4073B504460E4690300DF1070129F004F97E
S214008B50054698BB9DF80730022B20D003D9DA1EB5
S214008B60012A88BF032384F8E03000230C2284F80F
S214008B70E83031460123204629F00AFC94F8E0301C
S214008B80042B18D068B904F1140028F09AFF0123CA
S214008B90C4F8E40084F8A830284602B070BD01236B
S214008BA0E1E70B4B1B68C4F8E430012384F8A830D7
S214008BB084F8E860F0E70028EED0F9E729F01DFB1E
S214008BC031460246204629F0C9FB0546E4E700BFC9
S214008BD03C82040010B50446006838F0DBFB90B118
S214008BE00A280AD84FF4FA62094910FB021104F168
S214008BF06000BDE8104029F0B6B9192805D841F242
S214008C0088320449F1E70449F1E70021EFE700BFA5
S214008C1040CB0D00B0DB2300CC3F0D0010B5044662
S214008C200B462D2202492AF0E0FA204610BD00BF6E
S214008C306085040010B504460B461D2202492AF042
S214008C40D4FA204610BD00BF0484040010B50446C4
S214008C500B46032202492AF0C8FA204610BD00BF80
S214008C60E083040010B504460B46032202492AF0AE
S214008C70BCFA204610BD00BFBC830400084B70B58C
S214008C801E680C4601463046154629F0A3FA2B46C8
S214008C90014622463046BDE870402AF056BB00BF6B
S214008CA0303D0020F7B51E46084B0C461F680146AF
S214008CB03846154629F08EFA2B4601462246384697
S214008CC000962AF05FFB03B0F0BD00BF303D0020E9
S214008CD038B5074B0C461D680146284629F07AFA37
S214008CE0224601462846BDE838402AF0BCBB00BFF5
S214008CF0303D0020002313B504460DF107019030E7
S214008D008DF8073029F038F8014630B99DF807305D
S214008D1020682BB938F0DCFB0146084602B010BDCF
S214008D200049F7E77D8C000038B5044600680D461C
S214008D3038F055FBB8B1206838F06AFC0146E8B157
S214008D4020462AF0BDFC034670B90D49206838F06D
S214008D5045FC034640B9C5F30113234405F00F054F
S214008D6083F8725938BD0D23184629F046FA29466D
S214008D7002462046BDE8384029F0F0BA0323F3E760
S214008D80A58C0000094B091A891030B559430246D4
S214008D90002324258B4205FB032004D0046A04B17B
S214008DA030BD0133F6E70020FAE700BF398EE3381E
S214008DB007B50A4600B9FEE7037F03B1FEE7074B97
S214008DC001900093416801234FF0FF3038F046FDD4
S214008DD000B1FEE703B05DF804FB00BFC562040007
S214008DE030B5044685B0084604B9FEE7237F03B1D4
S214008DF0FEE703A965683CF09BF948B90123064ADB
S214008E00CDE900030399234628463DF0EAFD00B16C
S214008E10FEE705B030BD00BFCB620400184910B5B0
S214008E20A1F14800FFF7AEFFA0B11549A1F1480037
S214008E30FFF7A8FF0446A8B91249A1F14800FFF7BA
S214008E40A1FF044668B120460F492AF07FFD204660
S214008E500C49F4E70B49A1F14800FFF793FF0028FF
S214008E60E3D110BD00F006F9084B0949002808BFF9
S214008E70194620462AF06AFD20460149D8E700BF79
S214008E80CC3D0020843D0020AD7B0000697B0000C7
S214008E9003030300014B1B69184700BF843D0020F5
S214008EA02DE9F8430C46154680462BF0CCFB2423D0
S214008EB04343104AD1589F1809B942F8038000234B
S214008EC014EB0509404643EB03062BF0BCFB0A4BAC
S214008ED003EBC00243F8309056603DF093FA064626
S214008EE02A46384621462AF077FD3046BDE8F84344
S214008EF03DF083BA843D00208014002038B5054636
S214008F003DF080FA044628462BF09DFB2422054BB4
S214008F1002FB00302AF033FD2046BDE838403DF025
S214008F206CBA00BF843D0020014B1B69184700BF88
S214008F303C3D002070B53DF058FA05464FF0FF3036
S214008F4039F096F8044608490B6808608342074BD8
S214008F50284682BF1A6801321A601E683DF040FA41
S214008F602046314670BD00BF383D0020343D00200D
S214008F70F8B50D46164604462BF065FB24234343FE
S214008F80084AD1589F1801B9D4503DF03BFA044620
S214008F903246384629462AF01FFD2046BDE8F840EE
S214008FA03DF02BBA3C3D002038B505463DF02AFA88
S214008FB0044628462BF047FB2422054B02FB0030D4
S214008FC02AF0DDFC2046BDE838403DF016BA00BF6A
S214008FD03C3D00200FB407B5064B05A91B68019160
S214008FE01BB1054A05481268984703B05DF804EBC4
S214008FF004B07047403E00203C3E002082710400D2
S2140090002DE9F041176806460D4638460E491446C7
S21400901031F010FF034628B138460C4931F00AFFFC
S21400902078B901230A4A012D02EBC30305F1FF318B
S21400903030468CBF221D0022BDE8F0415B68C9B2F5
S21400904018472320BDE8F08197710400A271040040
S2140090507C870400024B1960024B1A60704700BF01
S214009060403E00203C3E0020014B1870704700BF79
S214009070E5640020014B1878704700BFE5640020C7
S21400908008B549B1074826F0ECFC00202AF0F1FCB0
S214009090003818BF012008BD034826F0E2FC2AF07D
S2140090A0F7FCF5E7AB710400C871040008B549B1D8
S2140090B0074826F0D6FC01202AF0DBFC003818BF53
S2140090C0012008BD034826F0CCFC2AF0E1FCF5E7B9
S2140090D0E4710400FA710400084B10B5041E084938
S2140090E0084818BF194626F0BCFC84F0010000F0C2
S2140090F097FF003818BF012010BD00BF326E040075
S214009100396E04000B7204000F4B10B51B78CBB100
S214009110B1B114680D49204631F08CFE50B90120DB
S214009120FFF7DAFF044618B121460948FFF752FF59
S214009130204610BD2046074931F07CFE0028EFD0BF
S2140091400724F1E70D24EFE7E5640020326E040003
S21400915082710400396E040010B5074B041E0749DF
S214009160074818BF194626F07CFC84F0010001F081
S21400917029F8002010BD00BF326E0400396E0400CE
S214009180217204000F4B10B51B78A3B189B1146887
S2140091900D49204631F04EFE28B90120FFF7DCFFCE
S2140091A00024204610BD2046084931F043FE002822
S2140091B0F4D0072400E00D2421460548FFF70AFFF7
S2140091C0EFE700BFE5640020326E0400396E04004D
S2140091D0827104001FB50023CDE901330393FF23FA
S2140091E08DF80430074B044693F9001000F0A6FEF5
S2140091F000B1FEE7204601A901F004F800B1FEE741
S21400920004B010BDE664002010B5044600EB8000F4
S214009210400000F033FF00B1FEE7014B1C7010BDAC
S214009220E664002008B504F0C1FE034B1860BDE8F4
S21400923008402CF07ABB00BF443E00200E4B1B6853
S214009240D9070FD45A060FD413F0180F0ED199076A
S2140092500ED49A060ED440F28472134214BF06202F
S214009260072070470020704702207047082070478C
S2140092700120704703207047443E002038B504465E
S21400928001F00AFA094D2875204601F00FFA294622
S21400929028610122204601F08DFA054B294620461A
S2140092A01A78BDE8384028F07EB900BF481500207F
S2140092B00A66002001483BF033B800BF40000100BA
S2140092C010B53DF09FF804462AF08AFE30B1094BEF
S2140092D01B78012B07D9012000F074FF2046BDE85B
S2140092E010403DF08AB81BB12EF0E0F9C305F2D469
S2140092F00020F1E7F9640020002101483AF0FCBFA5
S2140093000A000100002101483AF0F6BF60000100A3
S21400931000200021014BC3E9000170479014002093
S2140093202DE9F04F144C9B46D4E9006585EA030707
S21400933086EA020808EA00080F4058EA0703824651
S214009340894685B014D0039200F0FCFC80B1039AE5
S2140093504B46CDE9002B524638F01BFC014610B1B7
S214009360064826F07BFB86EA08067D40C4E90065D1
S21400937005B0BDE8F08F00BF9014002032720400E4
S21400938070B506460C462BF060F905462BF0F2FB4E
S214009390A0B12A4621460A4826F063FB21463046FD
S2140093A001F0F2FA2946204600F022FE00B1FEE760
S2140093B029462046BDE8704000F09CBC70BD00BF4A
S2140093C06372040070B586B00E462BF03EF9054673
S2140093D02BF0D0FB08B3124B06F1080403EBC503D1
S2140093E014F8012DB44203F8012BF9D10595237822
S2140093F00C48049363780393A3780293E37801936D
S21400940023790093E1796379A27926F02AFB29462D
S214009410204600F0F5FD00B1FEE706B070BD00BFC7
S214009420FA6400207572040038B50C462BF00DF96E
S21400943005462BF09FFB50B1214605482A4626F0EC
S21400944010FB2946204600F0E3FD00B1FEE738BDDC
S2140094509772040008B52BF011F910B9024826F0EF
S21400946000FB002008BD00BFAD72040010B5044626
S2140094702BF080FB40B120462BF000F930B10448B9
S21400948026F0EFFA002010BD2520FCE70D20FAE7B5
S214009490C872040038B504460D462BF06BFB20B3AB
S2140094A02AF080FD10B10D24204638BD204600F07D
S2140094B021FB0028F7D12946204600F027FA20464F
S2140094C000F062FF0146284600F038FD04460028FA
S2140094D0EAD1284600F04AFC044640B92AF074FD5A
S2140094E0044B9D71044B9D71DEE72524DCE70124C7
S2140094F0DAE700BF481500201815002038B50C46DE
S21400950000F042FF0546FFF7D5FE88B92BF032FB88
S21400951080B12946204600F011FD50B901202AF0FE
S21400952053FD40F29441044B044A05480DF074FC88
S214009530012038BD2520FCE7047E0400E672040006
S2140095401B73040010B504462BF014FB30B1204604
S21400955037F097FE3022024B02FB003010BD00BFF2
S214009560B8140020084A08B50346107850B90121FF
S214009570102B117000D0FEE72AF049FDBDE8084028
S214009580FAF7F6BF08BD00BFF86400202DE9F041E9
S21400959006460C4600F0F8FE804630462BF053F8A0
S2140095A005462BF0E7FA002800F0918001F088F8D5
S2140095B003280BD000222146304601F0FBF828B1E4
S2140095C0304601F0D5F80020BDE8F081012D00D925
S2140095D0FEE7404F6B4203F030033B449C4200D012
S2140095E0FEE73D4AC5EBC513134422689A4200D0F5
S2140095F0FEE73022237F02FB057213F0020F0AD12A
S214009600642382F82C302AF0D0FCB0B121463046D4
S21400961000F07EFBD7E792F82C30022B06D83023DA
S214009620502203FB057383F82C20ECE7023BDBB2E9
S2140096304F2B82F82C30F2D9E5E74146A07900F0AE
S2140096407DFC0028C0D12AF0ADFC804600B1FEE7C4
S2140096502AF0EEFC302303FB0577207F1F4DC0F376
S21400966080002C60BE622AF0D2FC217F3046C1F317
S214009670C0012AF09DFE2868816A00F027FF3CF0B2
S214009680C1FE054601202AF0B4FC2AF08BFC00B986
S214009690FEE7134B2120134983F800803CF02FFE91
S2140096A068B9FAF765FF28463CF0A7FE2AF0E0FC0A
S2140096B0002888D02146304627F08DFF83E7022811
S2140096C0F1D14FF4805140463CF03DFEEBE72520BB
S2140096D07AE700BFB81400200C6500204C3E00203E
S2140096E0F86400206595000000212DE9F843064641
S2140096F008463CF004FE544F54482DF0E8FE98B35C
S2140097004FF4F8503AF00CFE38B32AF096FC504F5F
S214009710054600287ED03B6800201B684D4D1B7810
S214009720002413F0200F08BF00252AF08AFC4FF013
S21400973000093B68C3E904993CF064FE804648464D
S21400974000F0D2FA40463CF058FE396823462A46D6
S214009750886A27F04FFF2BF00AFA304600F048FAE6
S214009760BDE8F84300F09ABA387038482DF094FEF9
S214009770044600B9FEE7384D037BEA7DC3F3800359
S21400978063F34102EA75037B03F0FB030373EA7D90
S214009790DB0963F30002EA75037B03F07F030373C0
S2140097A04378AB71034613F80C2BAA802B6090F914
S2140097B003302A4A6B7513708378294AAB75137089
S2140097C04368D0F80880AB62FFF7B4FB8045A86A10
S2140097D028BF01F1FF31C5E9028190B92AF037FFB1
S2140097E0054628B137F013FD10B12846FFF746FDB1
S2140097F001202AF02CFF054628B137F008FD10B1ED
S2140098002846FFF73BFD214616482DF072FC2BF04C
S214009810AEF971E72AF01AFC044648B128462AF049
S21400982019FC0F242146104826F01EF900257EE775
S2140098302AF015FC20B120462AF015FC0E24F1E78C
S2140098402AF01AFC0B24EDE70A660020603E002092
S2140098504C3E002018150020481500200A65002000
S2140098600B650020503E0020B973040038B505464D
S2140098702AF098FB044678B9012D09D0022D0BD1A9
S214009880064B987900F072FA003818BF012038BDF0
S2140098903CF046FD2046FAE70120F8E74815002090
S2140098A0064A1389FF2B06D09079FF2803D0C01AEA
S2140098B018BF012070470020704700BF6C41002091
S2140098C0034638B1044A03CA1860596010689860A5
S2140098D000207047072070476C410020054BDA884F
S2140098E0824205D01B89834214BFFF2001207047A7
S2140098F0002070476C41002008B52AF0A6FE024BF7
S21400990003EB4003987908BD6C41002010B50C4667
S2140099102AF09BFE012800D9FEE7024B03EB40032A
S214009920DC8010BD6C410020034B044A1A60044AD8
S2140099305A60FF221A8170476C410020AC3E00201E
S214009940C002FF00004870476C410020182200212A
S214009950014831F064BA00BF78410020084608B5D7
S21400996029B14C22034931F077FA002008BD0720C0
S214009970FCE700BF7815002068220021014831F07E
S2140099804EBA00BF7815002038B50D462BF0F2F819
S21400999098B128462DF09BFE04463DB12DF099FE69
S2140099A020B9074826F05DF8012038BD284600F0AB
S2140099B0D5FC201E18BF0120F7E72520F5E700BFDD
S2140099C0D673040008B52AF03EFE012800D9FEE74B
S2140099D0024B404200F00C00184408BD0C62002008
S2140099E008B500F019FA30B1044BB3FBF0F083B2BF
S2140099F00BB1184608BD0120FCE700BF40420F002F
S214009A0013B50446064800F01DFAFFF7E9FF0122E9
S214009A10C100044B0094024800F004FA02B010BDE6
S214009A2098410020A5440300036810B5012B0446A6
S214009A3002D1024800F006FA204610BD98410020E8
S214009A4070B50446E8B10368022B1AD143790D4D70
S214009A5005EB830583797BB12AF0DFFC0646247983
S214009A60284664B22AF0CBFC2146304627F0BAFDE1
S214009A70BDE870402BF07BB82846BDE870402AF061
S214009A80BEBC70BD9041002008B5182200210648D3
S214009A9031F0C5F905482AF0B2FC044B181DBDE8A4
S214009AA008402AF0ACBC00BF98410020904100203E
S214009AB008B52AF0C8FD012800D9FEE7034B03EBE2
S214009AC08000BDE808402AF09ABC00BF9041002004
S214009AD0074A136813B9506820B9704718680128F8
S214009AE0F9D170470068431E58425841704700BF7E
S214009AF09041002008B52AF0A6FD012800D9FEE70F
S214009B00044B53F8200018B10068431E58425841D1
S214009B1008BD00BF904100202DE9F74F07460D46CF
S214009B20924698462AF08FFD0128064600D9FEE7A1
S214009B30B8F1000F25D0DFF8589059F820B0BBF1E7
S214009B40000F23D118202DF0ADFA04462A465346BE
S214009B503946CDF800B02AF031FC20462AF060FCE9
S214009B60054678B949F826402368012BFCD02379AE
S214009B70204688F80030FFF763FF284603B0BDE8AC
S214009B80F08F22253846FFF793FFF6E70425F9E71E
S214009B90904100202DE9F74306460C4690462AF0F1
S214009BA052FD0128054600D9FEE7DFF8409059F837
S214009BB02030ABB918202DF075FA0123074622464F
S214009BC03146009343462AF0F9FB38462AF028FC33
S214009BD0044630B949F82570204603B0BDE8F08346
S214009BE004243046FFF764FFF6E700BF90410020EC
S214009BF008B52AF028FD012800D9FEE7054B53F8E2
S214009C00200030B10368022B03D1BDE80840FFF7FF
S214009C1017BF08BD9041002006280FD171B1084B30
S214009C2000201A680A605A684A609A688A60DA6889
S214009C30CA601A690A615B694B6170470720704702
S214009C4078410020C10713D40A4B1A7802EA0003B1
S214009C5003F00F0302EA101213439A0706D45B07B9
S214009C6006D502200138C0B237F0F3BA0120F9E772
S214009C7000207047D77D002008B5022105482DF04A
S214009C80BFFB00B9FEE7044902482DF0CBFB00B944
S214009C90FEE708BDB04100204546030010B5114858
S214009CA02DF015FCE0B92AF080F9C8B90D482DF062
S214009CB0F3FB044600B9FEE7037913B1012B09D084
S214009CC0FEE781680068FFF761FC2046BDE81040AB
S214009CD03CF067BE4289017A0068FFF75BFFF4E755
S214009CE010BD00BFB0410020014B1870704700BF88
S214009CF08A6600204FF6FF73984206D00123034A77
S214009D0001318B4011780B4313707047D77D0020CC
S214009D1070B506460C200D462DF02FF8044600B907
S214009D20FEE70023014606600371856004482DF0B7
S214009D307EFB20B92046BDE870403CF032BE70BDC8
S214009D40B0410020014B1868704700BFAC420020AD
S214009D50014B1868704700BFA842002000487047B3
S214009D600442002000487047FC4100207FB5FF23D6
S214009D708DF8043000230446CDE90233FFF790FD4A
S214009D800246C8B12046FFF7A9FDFF2800D1FEE72E
S214009D90174D3CF0C5FA2E68FFF7D4FD0146304655
S214009DA038F08AFA00B1FEE74FF480622868114660
S214009DB037F087FF40B1FEE70D4B4FF4806118681F
S214009DC037F07FFF00B1FEE7094B2146186801AA6D
S214009DD037F0C6FD044648B901460B202AF051F973
S214009DE0044825F03EFE204604B070BD0120FBE787
S214009DF0AC420020FE730400024B0A460146186877
S214009E0037F05FBFAC420020024B4142186819F0A1
S214009E106BBF00BFAC420020014B186837F0F9BE9C
S214009E20AC42002013B5049CCDE9003413460A4624
S214009E3001460348006837F011FD02B010BD00BFB0
S214009E40AC420020024B0146186837F012BD00BF36
S214009E50AC420020024605480179914204D8417977
S214009E60914238BF0020704700207047FC41002018
S214009E70F8B504461C4E23680F463068FBB19721A0
S214009E8038F04DF9024600B1FEE7216830681AF056
S214009E90DBFA00B1FEE72168306837F095FE2179DD
S214009EA0814200D0FEE730681AF0D0FC00B1FEE731
S214009EB001223068114638F0B2F928B1FEE70CF0FE
S214009EC0DBF9054608B1FEE7012503223068114696
S214009ED038F08DF97F2F03D0394628462AF002FC49
S214009EE0024B1C60F8BD00BFAC420020A842002018
S214009EF00022034B1A6041F60B229A80704700BF7F
S214009F00FC410020024B0146186838F0C5B900BF76
S214009F10AC420020014B1860704700BFA8420020EA
S214009F20014B93F900007047D97D0020024B0122B7
S214009F300021186819F08CBEAC42002038B50D46DA
S214009F40FFF788FF044678B1084B1B68834204D1AC
S214009F5028462AF0BEFB002038BDFFF7E7FF29465B
S214009F602046FFF785FFF6E70720F5E7A842002022
S214009F70014B186837F0D4BCAC420020014B18687F
S214009F8019F00EBEAC42002013460A4601460248AF
S214009F90006837F071BC00BFAC42002007B50093E4
S214009FA013460A4601460348006837F07BFC03B0B8
S214009FB05DF804FBAC42002013B5049CCDE90034E8
S214009FC013460A4601460348006837F076FC02B09E
S214009FD010BD00BFAC42002008B513460A46014635
S214009FE00248006837F0BAFF08BD00BFAC42002048
S214009FF0024B0A460146186838F0A1B8AC42002069
S21400A000024B0A460146186838F0C5B8AC42002034
S21400A010024B0A460146186838F0A7B8AC42002042
S21400A020024B0146186838F0CCB800BFAC4200209E
S21400A030024B0A46014618681AF066BDAC4200207C
S21400A040024B0A460146186837F0D5BFAC420020DE
S21400A050024B0A46014618681AF076BDAC4200204C
S21400A060014B186837F0E3BDAC420020024B0146B6
S21400A070186819F055BE00BFAC420020024B0146DE
S21400A08018681AF053BC00BFAC420020014B186899
S21400A09037F082BEAC420020014B18681AF066BC4E
S21400A0A0AC420020024B014618682DF02DBB00BFC5
S21400A0B0AC420020024B0146186837F0C6BD00BF10
S21400A0C0AC420020024B0146186837F05DBF00BF67
S21400A0D0AC4200204FF0FF3307B50193214B0146F9
S21400A0E01B8800220382204B1B6883611F4B1B8842
S21400A0F043821F4B1B68C3618023838200F12403C5
S21400A100036201A819F0C0FC00B1FEE719490198E6
S21400A1101AF0F0FC00B1FEE70221019837F069FD65
S21400A12000B1FEE7144901981AF01AFF00B1FEE7E5
S21400A1300121019838F075F800B1FEE70121019879
S21400A14038F085F800B1FEE700F0ACF9012101987F
S21400A15037F07FFB0198094B186000B9FEE703B0A3
S21400A1605DF804FB7AA2040080A2040078A2040032
S21400A1707CA204000700110098870400AC4200206F
S21400A18008B5054B186819F00BFD00F00300C31E58
S21400A1905842584108BD00BFAC420020014B186829
S21400A1A037F0CEBEAC420020024B0146186837F0AE
S21400A1B0FEBE00BFAC420020014B18680CF05CB835
S21400A1C0AC420020024B0146186837F0A9BE00BF1B
S21400A1D0AC420020024B0146186837F036BD00BF7F
S21400A1E0AC42002013460A4601460248006819F0B1
S21400A1F0EFBC00BFAC420020014B186837F068BBCC
S21400A200AC420020024B0A460146186837F0A8BB4D
S21400A210AC42002030B50C46154A85B0106851682F
S21400A22002AB002C03C304F1FF350DD103F03AFF57
S21400A2302B46CDE9000102AA073412F8011D03F8E7
S21400A240011FA342F9D110E02A460A4B0A4913F827
S21400A25001098B4202F8010FF9D1082220460DEBC6
S21400A260020130F0B3FD0028E0D005B030BD00BFDD
S21400A2702F7E04000900E00F0100E00F08B5FFF78D
S21400A2807DFE052896BF024BFF20185C08BD00BF68
S21400A2908F87040010B529F0AAFE044638B9054891
S21400A2A025F0DFFB204629F08FFE3CF039F8002031
S21400A2B010BD00BFAD720400014B1878704700BF98
S21400A2C08C66002010B50C462AF054FC30B1044BC6
S21400A2D020461C70FFF7A4FE00B1FEE710BD00BFCD
S21400A2E08C66002010B50C462AF044FC08B1014BE1
S21400A2F01C7010BD8B66002021B1034B00201B781C
S21400A3000B70704707207047D97D002010B50C46AB
S21400A3102AF030FC18B10020024B1C7010BD25201E
S21400A320FCE700BFD97D0020024B187808B12DF05D
S21400A330D0B97047D87D0020014B1878704700BF11
S21400A3408C660020014B1878704700BF8B66002093
S21400A350014B1878704700BFD87D0020014B18705D
S21400A360704700BFD87D0020202208B57F21044812
S21400A37030F055FD47F67F72024B1A8008BD00BFCD
S21400A3808F6600208D660020F0B585B00DF10200C6
S21400A390FFF790FEBDF80260FFF782FA294D2A4CBF
S21400A3A0D8B9A6F10B02A118A05691F9102095F97C
S21400A3B000309042A8BF104695F901207F2A04D0AD
S21400A3C07F2B3DD09342B8BF1346984203DB7F2BCA
S21400A3D014BF1846002005B0F0BD01A82AF03CF9CD
S21400A3E07F230026184695F9001095F9015002AF14
S21400A3F037F8022F7F29A2F10B0214F902C004D00D
S21400A4007F2B19D08B42B8BF0B46224492F91020FE
S21400A4106245A8BF62468242A8BF02467F2D50B260
S21400A42004D07F2B0AD0AB42B8BF2B46721C022A40
S21400A4304FF00106DCD1C8E70B46E6E72B46F5E70A
S21400A4401346C2E78D6600208F66002070B50C4666
S21400A450054616462AF0F7F8A4F10B030F2B0CD886
S21400A460074B03EB00131919284601F80B6CFFF78E
S21400A4708BFF2AF02EF9002070BD0720FCE700BFF6
S21400A4808F66002038B50D4604462AF0DCF8044BEB
S21400A4901D542046FFF778FF2AF01BF9002038BD30
S21400A4A08D660020802208B50021074830F0B7FCF2
S21400A4B04FF6FF73044A938782F83E30A2F87C304A
S21400A4C082F87E3008BD00BFB04200202DE9F04182
S21400A4D0054608462AF0B7F80646284625F0DFF96E
S21400A4E0002850D0284625F0E1F900284BD02B7FD5
S21400A4F0DA06C3F3001446D4284625F07DF9A0B149
S21400A500284625F0E4F90746002840D0214B03EB07
S21400A51086135B785A1E90420DD0834209D00133D1
S21400A520984232D00820BDE8F0811A4B03EB861320
S21400A5305F78012300E0234603EB8603154C1B01DE
S21400A5400C332344AB602B7FDB0716D4284625F05C
S21400A55053F94FEA861828B104EB08035A6804F842
S21400A56008709A6039462846444425F0BDF961686B
S21400A57028464B1C636025F0B9F90749284601EBCD
S21400A580C60129F097FC0020CDE70223D4E701207E
S21400A590C9E700BFB0420020FA64002038B50C4678
S21400A5A02AF051F805462AF0E5FA48B13BF02AFFB2
S21400A5B0044B03EB85135C60BDE838403BF01DBFE1
S21400A5C038BD00BFB04200202DE9F8430746DDE95C
S21400A5D0086591461C462AF036F880462AF0CAFAE4
S21400A5E000283CD00CB106B105B9FEE7384600217C
S21400A5F0FFF7D4FF23461B4F4FEA881C0CF10C02D2
S21400A60007EB881888F801903A4404F1100E1446B7
S21400A61018685968083303C473452246F7D10CF10D
S21400A6201C0233463A4410361446186859680833F4
S21400A63003C4B3422246F7D10CF12C022B463A440F
S21400A6401035144618685968083303C4AB422246CE
S21400A650F7D14FF6FF736744BB8787F83E30BDE8F7
S21400A660F88300BFB042002038B50C4629F0EBFF57
S21400A67005462AF07FFA60B13BF0C4FE054B03EBBB
S21400A68085135A68A24238BF5C60BDE838403BF08C
S21400A690B4BE38BDB042002008B529F0D4FF024B46
S21400A6A08001185C08BD00BFB042002008B529F044
S21400A6B0CAFF024B03EB8013986808BDB042002027
S21400A6C0014B1878704700BFAF66002070B5234C6A
S21400A6D02278022AD3B227D0032B08D0002B3CD1F5
S21400A6E001231F482370BDE8704025F0BDB9FEF772
S21400A6F021FC1C4BD3E90023904299412DD31A4DDF
S21400A700286800B9FEE7FEF71DFF0026037F014616
S21400A71023F00403037706762868FEF737FF012345
S21400A720124823702E60DEE7FEF704FC0D4BD3E9DB
S21400A73000239042994110D30B4E356805B9FEE7C9
S21400A7402846FEF7FFFE0B2301460022284626F089
S21400A75051FF012323700023336070BDAF660020D5
S21400A7601B740400E01500203043002038740400F9
S21400A77038B50446FEF7DEFB094D421941F10003E9
S21400A7800849C1E900230222074B1A7004B9FEE704
S21400A790064B07481C60BDE8384025F065B900BF89
S21400A7A0404B4C00E0150020AF66002030430020F0
S21400A7B0587404002DE9F04F89B007460C4616463B
S21400A7C0FEF758FC002843D1204629F0D1FB054669
S21400A7D000283DD0DFF8ACA1614B90F80090002E29
S21400A7E018BF53469B462268CDF80490A388821A69
S21400A7F000935946A3795B4825F036F9204629F0A0
S21400A8008AFF804620B35946574809F0C30925F009
S21400A8102BF9B9F1010F2DD15946544825F024F9EA
S21400A8206B78E32B1AD19EB1514B1A78022A0FD1BE
S21400A830D4E90204032245F208211A700A184D4989
S21400A84044F10003C1E900234B48514625F00CF9BA
S21400A8504FF00008404609B0BDE8F08FF32BF7D163
S21400A860002EF5D13E49454825F0FEF8444825F02F
S21400A870FBF8EFE7B9F1800FEAD1A3880D2BE7D9F3
S21400A8806B7803F0F80256B9802AE1D113F007037B
S21400A89030D1AB79F02B04D1002ED9D1E6E7402A8F
S21400A8A0F3E7E02B08D003F11C02D2B20B2A03D93F
S21400A8B05033DBB20F2BCBD8002EC9D02C4E3378BA
S21400A8C0022BC5D13846FEF73DFE01680422093149
S21400A8D0A81C30F07BFA0028BAD10323337045F267
S21400A8E00821D4E902040A18224944F10003C1E908
S21400A8F00023ADE7022BABD1EB78F02BCCD0E02BCE
S21400A90008D003F11C02D2B20B2A03D95033DBB2B3
S21400A9100F2B9DD8002E9BD0DFF8548098F800307F
S21400A920022B95D13846FEF70DFE05A9064624F003
S21400A9308BFF02A9204624F067FF082205A80DEB2E
S21400A940020130F043FA002882D13368AA78DB7B14
S21400A9509A427FF47DAF032388F80030BFE700BF3C
S21400A9607374040076740400B9740400E774040079
S21400A970AF660020E015002012750400697504001B
S21400A980AB7504007074040010B50C4629F05DFE2B
S21400A990044B014623F810402246BDE8104002480A
S21400A9A025F05FB824630020CB75040010B50C4674
S21400A9B029F04BFE0B4B33F810301C440A4BA4B264
S21400A9C003EB801000230288A24201D182783AB9B4
S21400A9D00133102B00F10400F5D14FF0FF3010BD0D
S21400A9E018B2FCE724630020A46200202DE9F041A1
S21400A9F006460D46FFF7DAFF80B20F2829D9304603
S21400AA0029F023FE0021174F830102333B4413F83D
S21400AA1021200AB301311029F9D14FF0FF34A046A6
S21400AA202A46214610481FFA88F825F01DF8B8F186
S21400AA300F0F15D8304629F008FE0C4B04EB001417
S21400AA4033F810301D44012327F8245007EB840701
S21400AA50BB700020BDE8F0810C460FFA81F8DFE7F6
S21400AA600320F7E7A4620020E975040024630020B1
S21400AA7070B50E460546FFF799FF04460146324676
S21400AA800A4824F0F1FFA3B20F2B0CD8284629F071
S21400AA90DCFD04EB00140020054B03EB84029070F1
S21400AAA023F8240070BD0A20FCE700BF0E760400E1
S21400AAB0A462002010B529F0C8FD0446054824F01D
S21400AAC0D3FF0548402200EB84100021BDE810406B
S21400AAD030F0A5B935760400A462002010B50C4607
S21400AAE029F0B3FD0F4B618833F8102023880B4400
S21400AAF0A1881944E3880B441A440B4B92B203EB2B
S21400AB00801000230188914201D1817839B9013340
S21400AB10102B00F10400F5D14FF0FF3010BD18B235
S21400AB20FCE700BF24630020246200202DE9F041EA
S21400AB3006460D46FFF7D2FF80B20F2830D93046C2
S21400AB4029F083FD00211B4F830102333B4413F899
S21400AB50212042B301311029F9D14FF0FF34A0462D
S21400AB602A46214614481FFA88F824F07DFFB8F1DB
S21400AB700F0F1CD8304629F068FD69882A880F4BCD
S21400AB800A44A98833F810301144EA8804EB00140C
S21400AB900A44134427F82430012307EB8407BB70CC
S21400ABA00020BDE8F0810C460FFA81F8D8E70320B4
S21400ABB0F7E700BF246200204D76040024630020DF
S21400ABC038B50546FFF78AFF044601460A4824F0D2
S21400ABD04BFFA3B20F2B0CD8284629F036FD04EB0A
S21400ABE000140020054B03EB8402907023F8240029
S21400ABF038BD0A20FCE700BF6C7604002462002003
S21400AC0010B529F022FD0446054824F02DFF05481E
S21400AC10402200EB84100021BDE8104030F0FFB861
S21400AC20847604002462002038B50C460546FDF7FD
S21400AC3067FE0022216805F58053C3F8B411094960
S21400AC402846C3E96E122168A3F8A621C3F8C011EE
S21400AC500549C3E971122168C3F8CC110349C3E959
S21400AC60741238BD1D4A0300934A0300EF490300DF
S21400AC7030B503290C4685B000D9FEE701B9FEE7DA
S21400AC8000B9FEE703687BB1094D8A00014601A8BA
S21400AC9030F0E2F8224601A92846FFF7C5FFFDF787
S21400ACA053FE854201D0FEE7FEE705B030BD00BF8B
S21400ACB0E815002038B500F58D5408340546012304
S21400ACC000220C21204623F072FC2E2829D00428CE
S21400ACD008D1FDF739FEBDE8384000F58E500C303F
S21400ACE024F0FCBF00B1FEE7022120460D4A23F007
S21400ACF0DFFA014600B1FEE720460B4A23F0D8FAF9
S21400AD0000B1FEE703212046084A23F0D1FA00B13D
S21400AD10FEE72A4605F114000549BDE8384026F04E
S21400AD20F5BD38BD694A0300EB490300D949030065
S21400AD30194A03002DE9F74300F5805797F8A63126
S21400AD40064600F11405ABB397F8A73193BB284627
S21400AD5026F0B9FE70BB304627F085FA08B129F018
S21400AD6018F901234FF0000887F8A73106F6A61950
S21400AD70284626F0A8FE60B9284626F0EEFE2846AD
S21400AD80FDF762FC08F102028318B3F5006F044673
S21400AD9019D3002406F58D504946234642460094B2
S21400ADA0083023F0E9FC014620B1124887F8A74195
S21400ADB024F054FE97F8A631CBB9284603B0BDE878
S21400ADC0F043FDF7EFBB09EB0803010A09F808108A
S21400ADD0014658701FFA82F828464A4426F0F2FECA
S21400ADE0444428461FFA84F8FDF7DCFBC0E703B0AE
S21400ADF0BDE8F0839A760400034B1A7A1043187263
S21400AE0058683AF053BD00BFC827002070B54FF40D
S21400AE1090502BF0B2FF114C0025206058202BF0EC
S21400AE20ACFF23680E4A0F4C0F4E22604FF4905230
S21400AE30C4E904325823E360182329460B4AA0606D
S21400AE400120A361656035723AF0B3FC224670605B
S21400AE50294607483AF08AFB306070BDC0270020BC
S21400AE60B676040038430020C8270020D4870400A4
S21400AE70ADAE000008B504483AF0F1FB034B18608D
S21400AE80BDE808402FF0FFBEC4870400344300200E
S21400AE90024B4FF0FF3118683AF018BC34430020DC
S21400AEA0014B18683AF037BC344300202DE9F74FC1
S21400AEB000F0ECFA002036F0CCF900908046012035
S21400AEC036F0C7F907460190FEF734F805460E46F9
S21400AED029F052FC044660B1404636F0DEF93846AA
S21400AEE036F0DBF9224B186803B0BDE8F04F3AF0B5
S21400AEF09CBBFFF7CDFFEB46A2465BF8049B48469B
S21400AF0036F085F950B1484629F038FC484636F008
S21400AF10B1FB1CB9484636F0A1FB04460AF1010312
S21400AF20022B4FF0010AE8D1FFF7BAFF002CCFD171
S21400AF30FEF700F80E4CD4E904325B1B62EB060207
S21400AF401B1842EB0102C4E90432237A03EA0A031F
S21400AF5023B1237A03F0FE032372B5E74FF0FF31E7
S21400AF6060683AF075FC237A03F00103F0E700BF4F
S21400AF70C827002000F00CB800F00AB800F008B8A7
S21400AF8000F006B800F004B800F002B800F000B810
S21400AF9072B61EF0080F09D01EF0040F0DD0DFF8B1
S21400AFA050E0AEE8FF1F6FF002000CE0DFF840E074
S21400AFB0AEE8FF1F6FF00E0005E0DFF834E0AEE805
S21400AFC0FF1F6FF006006946EFF309828EE8070060
S21400AFD086460848084C854501D3A54501D384F329
S21400AFE0088800F07FFA84F3088829F0C5FD000081
S21400AFF0A467002048000020C80A002008B500F01A
S21400B000CDF9084A536A43F470235362EFF308837A
S21400B0104FF0CD31044A043B934200D208BD43F8BA
S21400B0200419F9E700ED00E0080000202DE9F047DC
S21400B0300025C2B002AE4FF48072002130462FF0D9
S21400B040EEFE2F46DFF870A0DFF87080DFF8709015
S21400B0509AF800303BB91DB13146144824F0FBFC89
S21400B06042B0BDE8F087124B07F00302032A18BF70
S21400B0704B46019358F8043B4FF4807100930D4AF9
S21400B080534670190BF0C8FF1AF8013B002BFBD192
S21400B0907A1C12F00304D7B203D02844C4B2254663
S21400B0A0D6E73146014824F0D6FCF8E71E720400C5
S21400B0B0B47F0400E476040088890400A4670020B6
S21400B0C0E176040040F60522F8B55D4B1B889342F6
S21400B0D00ED8B3F5206F0CD840F20252934216D029
S21400B0E040F2017293421CD040F20152934209D0C2
S21400B0F0F8BDA3F60223534C032B1AD8DFE803F05F
S21400B1003056839B5048BDE8F84024F0A4BC4F4816
S21400B11024F0A1FC4B4B196C4D48BDE8F84024F0D8
S21400B1209ABC484B4B48D3E92412BDE8F84024F0BB
S21400B13092BC494824F08FFC94F868309E0702D5EC
S21400B140464824F088FC94F86B305D0602D54448E7
S21400B15024F081FC94F96B30002BC9DA4148D2E721
S21400B160414824F078FC94F86430980703D0216CAA
S21400B170374824F070FC94F96430002B03DA216F12
S21400B1803A4824F068FC00250126394F626E06FA1C
S21400B19005F3134206D057F825100B7813B135483F
S21400B1A024F059FC0135082DF0D1A1E7324824F0EF
S21400B1B052FC216C264824F04EFC94F86530590762
S21400B1C002D52E4824F047FC94F96530002B03DAAC
S21400B1D0216F264824F03FFC0825254E636EEB4081
S21400B1E0DA0706D556F825100B7813B1214824F057
S21400B1F032FC0135102DF1D194F86430002B7FF429
S21400B20077AF1F487FE71F4824F025FC216C1048C5
S21400B21024F021FC1025164E636EEB40DB0706D5A6
S21400B22056F825100B7813B1124824F014FC01359B
S21400B2301A2DF1D15CE7144824F00DFC216C6BE765
S21400B24028630020A4670020F3760400307704000B
S21400B250607704007A77040095770400AD770400E1
S21400B260E77704001A780400567804007B78040018
S21400B270548A040098780400A0780400B778040084
S21400B280FD7804002D790400467904002DE9F74F77
S21400B290364CD4E90D32580748BF0026D4E9121BB5
S21400B2A04EBFB046D4F850808B46D4F83CA05DBF65
S21400B2B02F4E9246DFF8DC90DFF8DC9013F0080F94
S21400B2C02C4B2D4918BF1946B6EB08071FBF642341
S21400B2D07D0803FB0B55B5FBF7F50CBF3D46ADB23D
S21400B2E043464A462548CDE9006ABFB224F0B3FB80
S21400B2F04B462A46224800971FFA8BF124F0ABFBF8
S21400B300B24501D8C24503D249461E4824F0A3FBE5
S21400B310D4E91732134322D01B4824F09CFB0025A7
S21400B3200126E26D06FA05F3134203D029461748B4
S21400B33024F091FB0135202DF3D100250126226E45
S21400B34006FA05F3134204D0104805F1200124F054
S21400B35082FB0135202DF2D103B0BDE8F08F0C48FA
S21400B36003B0BDE8F04F24F076BB00BFA467002012
S21400B370C80A0020747904007B79040083790400ED
S21400B380B4790400ED7904000B7A040053720400CB
S21400B3903A7A04006F7904006779040037B502F042
S21400B3A005FE05462AF0C1FAEB072DD401231946FF
S21400B3B01A4601FA02F42C4003F1010326D0214B71
S21400B3C033F81240F9F7D2FC062C83B21E4A4FEA35
S21400B3D0104021D14FF20F0188421AD1B3F5406FC9
S21400B3E028BF4FF4C0634CF23C3113804FF000523C
S21400B3F0518040F20172934201BF144B144AD2E9C5
S21400B4000001C3E9000117E00022D8E7102BCFD1D6
S21400B410D8E74FF4C063E6E740F207218C420DD12F
S21400B4204FF20F01884206D1A34202BF4FF00053ED
S21400B4304CF23C315980148003B030BD2346148052
S21400B440D7E700BF68890400286300205C4300201B
S21400B45034680020044B05481B881A0AB3F5406F71
S21400B46038BF00EB8200704728630020388904004C
S21400B470044B1888044B020A53F82230C0B203EB80
S21400B48080007047286300200889040010B5FFF785
S21400B490E1FF114C024621881048090A24F0DBFA25
S21400B4A0FFF7E6FF218802460D4824F0D4FA012370
S21400B4B02288120A934040F2A17213420AD000205A
S21400B4C0FFF7E4FE0020FFF7FDFDBDE8104000207A
S21400B4D0FFF7ACBD10BD00BF286300204F7A040004
S21400B4E0657A04006F4A2DE9F0416F4B56686F4C41
S21400B4F05E65516A99656E49D1F80002D865D1F843
S21400B50004121966916A5966D16A9966116BD966F2
S21400B510516B1967596BD26B11F004005A67654A74
S21400B5205ED00820D96B1A6501F12005D8648869B9
S21400B530C6F308061864CF69062E5F6460D15E4EB7
S21400B540B0425DD35D4EB0425AD206884DF6426098
S21400B550864255D11868C3F890005868C3F894001E
S21400B56040F20170A242164604D237680432B7F1A0
S21400B570CD3FF7D00022C3E91E22C3E92022C3E94B
S21400B5802222A41BDFF830C1DFF830E19C648D4234
S21400B59039D8D3E91EC7D3E92065D3E922414FF055
S21400B5A0000E013AD2B2FF2A48D1BEF1000F05D0F4
S21400B5B0C3E91EC7C3E92065C3E92241B3F8543086
S21400B5C0C3F308030C2B47D8022B60D9DA1E092ACE
S21400B5D05DD8DFE802F03D634C4F5C5C5C5C5C5918
S21400B5E0996BC3E91302914205D301F12000A042F2
S21400B5F001D825469BE700212C4DC3E910112D49A3
S21400B6004FF42060AEE755F8044D6445BFD374454B
S21400B610BDD2E607BBD50026294F57F8048FA045B4
S21400B620B5D00136062EF8D132B1013AD2B202F1C7
S21400B6301E0643F82640AAE70522F8E7E0464FF044
S21400B640010EBC4637462E4625460C464146A8E720
S21400B65040F60120BDE8F0813B2B18D1194B9B69C1
S21400B66013F0020F40F2025318BF1846F2E740F6F6
S21400B6700320EFE740F6042240F20173B0F5206F96
S21400B6800CBF10461846E5E740F60520E2E740F610
S21400B6900722013B4B2B98BF1046DBE740F6022003
S21400B6A0D8E700BF00ED00E0A4670020C80A00202D
S21400B6B000E100E008000020E0420000A06A04006C
S21400B6C0186800200080015A07B5082029F0F3FA10
S21400B6D00222064B6846CDE9002329F05DFA0820D1
S21400B6E003B05DF804EB29F0F1BA00BF006A181049
S21400B6F0BFF34F8F0549064BCA6802F4E062134356
S21400B700CB60BFF34F8F00BFFDE700BF00ED00E04A
S21400B7100400FA050348044A0449121A921029F054
S21400B720BDBA00BF40410000E04200004068002073
S21400B73008B5154B83F30A8800F030F8FFF7EAFFE8
S21400B740124B13498B4212D30020124B12498B42E4
S21400B75018D3F9F739F8186850F82240586840F8B6
S21400B7602240013298688242F5D30C33EAE7002281
S21400B770F8E71C6844F8220001325C68A242F8D35D
S21400B7800833E4E70022F8E70800002044BF04007E
S21400B79050BF040050BF040050BF0400124B134AB1
S21400B7A070B59A60D3F88820114D42F47002C3F841
S21400B7B088206FF0010205F50054226641F2FF7200
S21400B7C062660222C3F8D020BFF34F8FBFF36F8F9D
S21400B7D04FF44036032006F023FB0320E66006F015
S21400B7E003FB2E6170BD00BF00ED00E000400000CE
S21400B7F000800044014B1860704700BF587C002052
S21400B800054B1860054B1B6F03F00703032B01D194
S21400B81039F070B8704700BF607C00200080005090
S21400B820002307B5294801933AF0AEFF4FF4407362
S21400B830012204216846ADF8003029F053FA0122AF
S21400B840234B0520C3F8442401A93AF098FF0028AA
S21400B85039D1204BD3F8F02042F00102C3F8F02093
S21400B860D3F8FC2042F08072C3F8FC201A4AA3F5F5
S21400B8705D431A60019B194A03F5D52303F2FC4386
S21400B880B3FBF2F3164A013B13610223C2F8F03011
S21400B8904FF48073C2F804334FF06043114AC3F884
S21400B8A0B02F114AC3F8802ED3F8002E42F48072CF
S21400B8B0C3F8002EFF2283F82020D3F8002E22F4AF
S21400B8C08072C3F8002E03B05DF804FB208C0400E1
S21400B8D000D0035000ED00E0FF030040F8590D00D3
S21400B8E0000004E055CEACC5090001004FF06043EF
S21400B8F0D3F8802E30B5D20715D501240B4D8440E1
S21400B900D5F8FC2042F08072C5F8FC20D3F8002E53
S21400B9102243C3F8002E53F82020002AF0D003F864
S21400B9202010002030BD1120FCE700BF00ED00E035
S21400B93070B5044601260C4D04B970BD94FAA4F007
S21400B940B0FA80F006FA00F224EA0204C200AA580E
S21400B9500F2805EBC001C8BF1038002AECD0496894
S21400B960C0B29047E8E700BF6443002008B50C4823
S21400B9703AF00AFF192006F045FA28B1192006F019
S21400B9804FFA192006F030FA1A2006F03BFA28B1D2
S21400B9901A2006F045FA1A2006F026FA002008BDFE
S21400B9A0208C04002DE9F0410D4690461F460446C3
S21400B9B0002836D0002934D03AF024FD23780646F5
S21400B9C0FF2B05D042462046296802F0DDFB2860A2
S21400B9D02868421C0BD12378FF2B1CD1124B6078B1
S21400B9E0D3F8241429F0CCFF431C286013D00F4949
S21400B9F0069B41F8307001EBC0014B602378FF2BAB
S21400BA0004D001230A4A8340C2F8243430463AF070
S21400BA10F4FC002003E030463AF0EFFC2D20BDE8B1
S21400BA20F0812220FBE700BF00C0035064430020E3
S21400BA3000D003500F2838B5054613D83AF0E2FC7C
S21400BA4001230024084AAB40C2F82034C2F824344C
S21400BA50064B43F8354003EBC5035C603AF0CDFC7B
S21400BA60204638BD2120FCE700E003506443002058
S21400BA7008B502F027FB044B00F05530C3F820044D
S21400BA80BDE80840FFF754BF00E0035008B502F0D9
S21400BA9019FB044B00F0AA30C3F82004BDE80840A8
S21400BAA0FFF746BF00E0035038B5104B05461B783D
S21400BAB0ABB1B0B10020294628602AF0FFFF04464B
S21400BAC088B93AF09FFC2B680125094A190102EB58
S21400BAD003131D7354503AF090FC204638BD054CB5
S21400BAE0FBE7054CF9E7054CF7E700BFB06600201A
S21400BAF068440020028000F0018000F0048000F01E
S21400BB0010B53AF07FFC144B1C781CB13AF075FC6B
S21400BB10124810BD01221A703AF06FFC104B114803
S21400BB201C731C7783F82C4083F83C4083F84C4009
S21400BB3083F85C4083F86C4083F87C403AF024FE3F
S21400BB4009483AF021FE082115202AF0E2FF0748AE
S21400BB5006F05CF82046DCE7B0660020038000F0C4
S21400BB60684400201C8C0400188C040064440020E8
S21400BB702DE9F04F144606460F4689B00393C36B73
S21400BB8001225B6904A960689847F36B01225B6930
S21400BB9005A93846984704A829F08CFD054650B1FB
S21400BBA00023A37563754FF0FF33A3600025284676
S21400BBB009B0BDE8F08F05A829F089FD0123A3751B
S21400BBC0237E04EBC303DF611D846368BB420ED192
S21400BBD0206005A829F09CFD4FF0FF332075A36078
S21400BBE0237D043B022B26D80023A375DEE72368BB
S21400BBF01A1A53425341A37505A829F089FD237DDF
S21400BC00834218BFA57505A829F065FD804604A8DF
S21400BC1029F061FD804518BF002305A818BFA3754D
S21400BC2029F060FD804604A829F05CFD80451CBF15
S21400BC300023A375D4E705A829F04DFD80B1F36B6A
S21400BC40022238465B6906A9984706A829F051FDE6
S21400BC500346207D032839D8DFE800F03838040989
S21400BC6005A8F3E7CC22237E04EBC3031A8401F075
S21400BC70ADFA129B187005A894F8188029F01FFDDD
S21400BC8004EBC80888F82200237E05A804EBC3034B
S21400BC90B3F820A093F8228029F01DFD814605A860
S21400BCA029F020FD8346B9F1000F14D0F36B022271
S21400BCB038465B6906A9984706A829F0E0FC607537
S21400BCC068B90023A3754FF000093CE0227E04EB20
S21400BCD0C2021384CBE705A829F0BCFCEFE794F872
S21400BCE01690B9F1000FEED0BAF1000F0DD1B8F1F1
S21400BCF0000F1DD00123E375637E002B3FD1B8F102
S21400BD00010F30D184F8198014E0736C07EB0B0137
S21400BD105A4287EA010010421CBF0022A2755A1E32
S21400BD200A409B1A9A45CCD8A37D002BDFD1CAE7E0
S21400BD30E37D43B94FF0000953465A46394630462C
S21400BD4029F0FFF9A060A37D13B122695244226155
S21400BD501F49227E097891421AD901322276039A27
S21400BD60CAB91D4623E796F834307BB9F36A013327
S21400BD70E2D1B8F1030FDFD10123A376DAE7B8F1F9
S21400BD80010FE0D0B8F1030FD4D1F5E79946D3E719
S21400BD900023A3750BE7002B3FF409AFE57D002DCC
S21400BDA0DFD0B9F1000F11D1B8F1030F3FF4FFAEA9
S21400BDB0A1684B1C3FF4FBAE129B22460093304614
S21400BDC00123FFF7D5FE0546A075F0E64D46EEE6E4
S21400BDD0DC8A04002DE9F04F0E46984600238BB00F
S21400BDE004464FF0FF31104617468DF8133001F029
S21400BDF0D7F9B6F5801F20D2314605AA04F108000F
S21400BE0029F0A6FB451C014603D1237CBBB92D2097
S21400BE1010E0384601F0C4F90122394620460DF1FB
S21400BE20130329F0E0F90028EFD09DF8133088F8C6
S21400BE30003000200BB0BDE8F08FB01CE5D1E56AFD
S21400BE40691C36D12046616A29F0C1F80546B31C44
S21400BE5018BF0123DFF8CC900193636A626C0293EB
S21400BE60236805A902FB053AE36B05225B69504689
S21400BE70984705A829F0B8FC29F0DBFC504629F0C5
S21400BE80E3FC4FF0000B824601464B1C05D0636C6A
S21400BE9081EA0A025B42134211D02946204629F065
S21400BEA096F8029BAB422CD0BBF1000F2CD1054676
S21400BEB0D3E72368ED1A636CB5FBF3F5C7E748468E
S21400BEC001F06EF90DF1130349462046019A29F058
S21400BED08AF9034690B1B21C03D0D9F80020B242CA
S21400BEE00CD19DF8132003930D4B88F8002049468B
S21400BEF01A6838462EF0B0FF039B9B46D9F8081008
S21400BF00C3E7BBF1000F82D0B6F5801F91D2314651
S21400BF1098F800307A6804F1080001F06FF888E7B6
S21400BF20D88A04005C4B00202DE9F34104461746EE
S21400BF3098460E46184D816AE36A8B4201D04B1C28
S21400BF4002D102B0BDE8F081284601F029F90122AD
S21400BF50294620460DF1070329F045F938B1434636
S21400BF60294620469DF80720B8470028E9D0A9684A
S21400BF704A1C04D16968204629F0B6F80146012E0D
S21400BF80DAD16B6881EA0302636C5B421A4218BF1F
S21400BF904FF0FF31D0E700BF304B00202DE9F047CF
S21400BFA04FF0FF334FF6FF720025044600F10807F6
S21400BFB08AB0C0E90923C36205620563384688462D
S21400BFC029F097FA204628F082FF60BB20464146BB
S21400BFD029F04DF8204628F07AFF60BB5E200AB0B4
S21400BFE0BDE8F0872368E26B606C566900FB05309D
S21400BFF0052205A9B04705A829F0F6FB0128064644
S21400C0000CD12946204629F003F8012E024600D11D
S21400C01001322946204628F079FF03E029F00EFC7D
S21400C0200028EED10135E3699D42DBD3204628F097
S21400C0304EFF0028CAD0204628F079FF4FF6FF7240
S21400C040636A934200F0A680E26B666C20686946DD
S21400C05006FB030055690522A847684629F09BFBA6
S21400C060626A2368606C4C4D00FB023029F0ECFBE2
S21400C0704FF0FF33A062E3622A466FF001012046CC
S21400C08005ABFFF7A7FE002846D1AD682946204637
S21400C090E56228F0F8FE206320B92046E16A29F020
S21400C0A023F8E0622946204629F01EF80546A36AD2
S21400C0B09D4233D1204628F0A4FE00268046B14695
S21400C0C0E36999453CD3B04559D92046616A28F0C2
S21400C0D07EFF0027054604F1400AB74212D3626C81
S21400C0E02368694602FB0539E36B05225B6948460F
S21400C0F09847684629F04FFB534602464946E06B90
S21400C10029F0A4FB2946204628F061FF0137B845F0
S21400C1100546E2D1642062E7A56AB7E729462046CD
S21400C12028F0B1FE236B29460344064623632046C7
S21400C13028F0DAFF0546002EB9D1C4E90B06B6E7AB
S21400C140636C2568052203FB0955E36B05A95B694B
S21400C1502846984705A829F047FB29F06AFB58B1FE
S21400C160284629F071FB0146204628F08CFE636CB9
S21400C170143B984208BF013609F10109A0E738468A
S21400C18029F0B7F9002320461946044AFFF7CCFEEB
S21400C190002024E7672022E7884B0020D5510300C3
S21400C1A02DE9F041036B9046826B90B09A4288BFAF
S21400C1B08363426C436A07680E4602FB0377C36BD1
S21400C1C001A905225B6904463846984701A829F06C
S21400C1D00BFB01280146307057D0656CE26B236874
S21400C1E0606AD2F814C005FB0030052206A9E047B5
S21400C1F006A829F0F9FA01284FF0000523D0D4E963
S21400C2000A3201219342CDE90B458DF834800E9514
S21400C2108DF83C102AD11946204628F065FF236B7E
S21400C220626C14339B1AE06223630C9B53B99DF82F
S21400C2303C303BB1626A616C2368E06B01FB023103
S21400C24029F08AFA0C9DE36B05225B6901A9384642
S21400C250984701A829F0C8FA30702846236BA26BCD
S21400C2609A4288BFA36310B0BDE8F081237C33B93F
S21400C2701C490BAA04F1080000F00EFFD5E7204683
S21400C280194A0BABFFF750FECFE7237C23BB2246B1
S21400C290164904F1080000F0FFFE616A204628F007
S21400C2A0B7FE616A421C204628F030FE054620B9DB
S21400C2B0236B626C1344143B23632046A16A28F068
S21400C2C013FF2368A062C01A636CB0FBF3F06062D1
S21400C2D0204628F04CFFB6E700232046044AFFF726
S21400C2E023FEDAE715CA000091C900006F5203006A
S21400C2F00B52030073B50D46D11E4A421C461B7EE8
S21400C3004A419A4226D129682368994222D3636813
S21400C31099421FD8114E0DF107033246FFF75AFD1A
S21400C320C0B972686B689A4214D19DF80730DA1E5D
S21400C33053425341227E93420CD1636901336361B9
S21400C340D4E90323934205D22968A26842F8231051
S21400C35001332361012002B070BD00BF884B00206E
S21400C3602DE9F04F9A468BB09DF85030DFF850B16B
S21400C3700293DBF81030804653450D461646C0F053
S21400C3809880D146DBF804300193B9F1000F00F035
S21400C3908C80D8F83C3001225B6907A90198984741
S21400C3A007A829F094F9DBF80030984240F0848022
S21400C3B007A829F097F90428074614D107A829F0FA
S21400C3C098F9019B029A04463B44002A3ED18642D5
S21400C3D012D91446361A4046019928F085FEA9EB74
S21400C3E004090190D1E7D8F83C3002225B69019835
S21400C3F008A9984708A8E2E7841B544528BF544676
S21400C400032C03EB0607AAEB040A1DD9D8F83C3028
S21400C410294638465B69A208984724F0030304F0CF
S21400C42003061F441D44002ED5D0D8F83C30012208
S21400C4305B6908A9384698473246284608A9354415
S21400C4402EF00AFD0026C6E72646ECE7074600F073
S21400C4500302039203442A1804920593049BDD1BEF
S21400C460059BD81B039B9F420FD1002FB3D0D8F853
S21400C4703C30012208A95B6998473A46284608A935
S21400C4802EF0A4FC78B93D44A5E7D8F83C3001224C
S21400C49008A95B6998470422284608A92EF096FC4E
S21400C4A008B9043FDAE74FF0360948460BB0BDE856
S21400C4B0F08F4FF06309F8E74FF06F09F5E700BF1C
S21400C4C0B44B00202DE9F0410F4616469846044628
S21400C4D088B060B390F83450FDB1012128F0ECFC30
S21400C4E000210E9BCDE90511CDE902379DF83C30C1
S21400C4F0CDF804808DF81C30237C04968BB90D494A
S21400C50001AA04F1080000F0C7FDDDE90553E06B61
S21400C510002E08BF1D4628F0B8FE284608B0BDE825
S21400C520F0812046044A01ABFFF7FEFCEDE7054626
S21400C530F3E700BF39520300F5C200002DE9F04FC3
S21400C54099B0CDE90B230E460A69416CD31D143908
S21400C550B3FBF1F3013302EBC302036B04469342D1
S21400C560C0F00F820023DFF820940993E36A484660
S21400C5701946079300F014FED6E9033705930C9B83
S21400C580022B1CD1CC2F40F074810B9B8BB1314613
S21400C590204628F0D8FE656C14900B9B63B1E36BC5
S21400C5A001225B69706816A9984716A829F093F8C7
S21400C5B00CE0059B1B68149308230E930DE0782F60
S21400C5C0656CEAD80B9B002BE9D1F07D00280CBFE8
S21400C5D004230823782F0E9328D9012300250893D7
S21400C5E008230393336808990C98C9F80030C9F8F3
S21400C5F0107029F091F800230F930D9306930A9379
S21400C600039BDDF81CA09B0889F814001193616C4D
S21400C61003984A1E0AEA02028B1AEFB10544AB429F
S21400C6201CD8236B5B1A1344236386E0079A6B1EA1
S21400C6301340EB1A3A1D934207D257B1082BCCD8B9
S21400C6400023042508930395CCE7002504230895CA
S21400C650C7E704250897F6E78342E2D3039AB8466D
S21400C6609B1A9F4228BF984652449F42049278D90C
S21400C6700123D9F8102089F81730974276D1C9F8E7
S21400C68004A0069399F81730002B71D099F818205B
S21400C6900699D31C09EBC3030132C3F804A0A3F820
S21400C6A00880997289F81820B8F1000F14D00C9BF6
S21400C6B0022B60D10F9B7BB90D9B4344032B0BD9F8
S21400C6C0E36B01229B69049814A998470546002845
S21400C6D040F0D58001230F93069B16A80193089B74
S21400C6E0009399F814204346316800F00FFDE36B81
S21400C6F050469B69119A16A99847051E099B18BFB4
S21400C7005346039A099351464346204628F019FD9E
S21400C710236B039AC9F808009B1A08F1030222F05B
S21400C72003029B1A2363002D40F0A9800D9BDDF8C1
S21400C73010A04344A7EB08070D935146204628F067
S21400C740D3FC00258246002F7FF461AF8E4A316805
S21400C750936804F10800E36252680C9B00F04EFCFC
S21400C76089E0069B002B18BF03238AE7022388E78D
S21400C770C9F804A098E70B9B002B30D1059BB8F1B5
S21400C780030F03EB080B27D9DDE90401E36B4FEA3F
S21400C79098029B6998470546002864D118F0030262
S21400C7A05ED0059B28F003052B440593049B1D448F
S21400C7B04FF0FF33059915A815932EF04DFBE36B4C
S21400C7C0284601229B6915A998470546CDF814B05E
S21400C7D0002D81D0049B94E74246049DE8E706F1CD
S21400C7E02003DDF810B01093F37D70689BB1002332
S21400C7F0357E0A9AD9B2A94211D2109903F1010CDA
S21400C80031F83310914225D90E9906EBC303D86947
S21400C8100A44104403E00E9B0A9A13441844E36B40
S21400C82001225B6915A99847159B012213930A9B61
S21400C830584604330A93E36B13A99B699847049BF5
S21400C84005464344A3EB0B03042B06D970B90BF142
S21400C850040BC9E76346521ACCE7CDF810B0B7E729
S21400C860CDF814B038E7CDF814B0B3E7CDF810B073
S21400C870B0E770252F46384619B0BDE8F08F3D2D3D
S21400C880F8D104F1080303932368079A606CD71A5B
S21400C890B7FBF0F700FB073028F0D6FFE16A8246C8
S21400C8A0204628F021FCA16AD4F830E08142626C70
S21400C8B059D0D9F8083002F1FF3CAEEB020103EA8A
S21400C8C00C030B44236309992368E062CB1AB3FB7D
S21400C8D0F2F847453BD1079BB3EB0A0711D0E36B51
S21400C8E0BA0851469B6998478346E36A079A3B44D1
S21400C8F0E362236B03989B1A5344236328F0F9FDE5
S21400C9005F462368616CE06B01FB083128F011FF7D
S21400C910204628F0DCFA204628F009FB626A2368E5
S21400C920606C00FB023028F08FFFA062204628F0E3
S21400C9301EFC20636FB13269616CD31D1439B3FBE2
S21400C940F1F3013302EBC30290429DD292E7002737
S21400C950D7E704F1080028F0CCFD3B4639462046D0
S21400C9600A4AFFF7E1FA3269616CD31D1439B3FB4A
S21400C970F1F3013302EBC302236B9342BFF4F6AD2F
S21400C98078E71C2777E700BF5C4B0020D5510300F3
S21400C990032A2DE9F34106460D4617461C4606D1E6
S21400C9A0237A012B23D0012002B0BDE8F081DFF806
S21400C9B06080096842460DF10703FFF70BFA6060D6
S21400C9C00028EDD19DF80730032BE9D0D8F80420D5
S21400C9D06B689A42E4D1237A2969012BD4F80CC0FB
S21400C9E007D172690CEB0103934202D92074207CB4
S21400C9F0DAE708316144E1603B46012229463046C9
S21400CA00FFF79CFD60600028CAD00020CCE700BF7E
S21400CA10884B00202DE9F341032A1746089C06D1CF
S21400CA20237A012B25D0012002B0BDE8F0812668CC
S21400CA30DFF89080304642460DF10703FFF7CAF94B
S21400CA4060600028ECD12568D8F80400A96A6A6CF2
S21400CA504840534210EA030CE2D1237A012B0AD154
S21400CA60E068D8F8103003447069834203D984F82C
S21400CA7010C0207CD8E72868EB6A1B1A081AB3FB9C
S21400CA80F2F3B0FBF2F083420BD1706CF36A421EF5
S21400CA901340326B121A13442846336328F024FBE3
S21400CAA0E862D8F81020E36808321344E3600122F5
S21400CAB03B4604492068FFF741FD60600028AFD080
S21400CAC00020B1E7884B00202DE9F0410025604B9F
S21400CAD00E46D3F8008004461D6018B92125284666
S21400CAE0BDE8F08190F8347007B30A6803689A428C
S21400CAF040F0A4804A6843689A4240F09F808A6863
S21400CB0083689A4240F09A80CA68C3689A4240F0A6
S21400CB1095800A6943699A4240F090808A69C36B9F
S21400CB209A4240F08B804B698361D8E76822394689
S21400CB30856B2EF074F9D6E90212336804F108000A
S21400CB4023607368A5636360336963617369A36177
S21400CB5028F0E1FCB36904F14000E3639B68984762
S21400CB6020B9676C17B16368B3FBF7F794F84330E6
S21400CB70E761002BB2D00023656C2366002D65D0DC
S21400CB80002F63D02368B3FBF5F205FB1233002BAE
S21400CB9056D16668B6FBF5F305FB1363002B4FD141
S21400CBA0204628F060F9A369043303449E4249D323
S21400CBB040F634726369CC3B934245D8B5F5805F46
S21400CBC044D30321204628F077F9D4E90001E36B2B
S21400CBD01B6898470546E36B0220DB689847D5B983
S21400CBE041462046FFF7DAF96428054604D1414657
S21400CBF02046FFF7D3F905466DB9636C226A143BED
S21400CC00204602FB03F628F02EF9A36904330344FA
S21400CC109E4238BF5A25002D0CBF0123002384F8FE
S21400CC20343007D1D4E900010A4A1368013313608F
S21400CC3028F00BFDE06B28F028FB50E75D254EE75B
S21400CC4059254CE75A254AE75F2548E75B2546E71E
S21400CC50EC440020E84400202DE9FF410C4616462F
S21400CC601F46054688B390F8343083B3B1F5801F6D
S21400CC702FD2DFF86480012128F01EF942462146B3
S21400CC8028460DF10F03FFF7A5F80246C8B99DF830
S21400CC900F30012B10D1D8F81030BB4213D10090C2
S21400CCA031462846FFF75CFB0446E86B28F0EDFAB1
S21400CCB0204604B0BDE8F081022B0CBF60242D2472
S21400CCC0F3E72D24F1E76324EFE72124F0E71124AE
S21400CCD0EEE72924ECE700BFB44B00202DE9F04333
S21400CCE085B00E4617461C460546DDF83080A0B3D4
S21400CCF090F834309BB3B1F5801F32D2DFF86890DD
S21400CD00012128F0D9F84A46314628460DF10F038E
S21400CD10FFF760F8E8B99DF80F30012B14D1D9F869
S21400CD20102004EB08039A4215D32246009043468F
S21400CD3039462846FFF714FB0446E86B28F0A5FAA8
S21400CD40204605B0BDE8F083022B0CBF60242D24DE
S21400CD50F3E72D24F1E76324EFE72124F0E711241D
S21400CD60EEE72924ECE700BFB44B00202DE9F341A1
S21400CD701E4600230C4617460546336050B390F80F
S21400CD8034304BB3B1F5801F28D2DFF85480012130
S21400CD9028F092F82146424628460DF10703FFF791
S21400CDA019F80446A0B99DF80730032B10D0022BC3
S21400CDB003BF01233B600423D8F8103018BF386047
S21400CDC03360E86B28F061FA204602B0BDE8F081D7
S21400CDD02D24F6E72124F7E71124F5E72924F3E7C5
S21400CDE0B44B002073B50446416928F021F8626E02
S21400CDF0236B024493422CBF00220122834294BF3D
S21400CE0000231B1A207C84F85020636584F85800A1
S21400CE10A8B100230B4E1A4619462046009628F065
S21400CE2056FB002305461A4619462046009628F06B
S21400CE3057FBE3682844984294BF0020C01AE06578
S21400CE4002B070BDFFFF0F002DE9F3471E46436991
S21400CE500446B342884617469DF828904FD30025CF
S21400CE608DF807502046616927F0E2FFD4F830A01D
S21400CE7082450AD2236AB5EB430F06D2002220462B
S21400CE800DF10701FFF78CF9B8B39DF80730012BB9
S21400CE9005D1002220460DF10701FFF781F9B9F10F
S21400CEA0030F06D03146204627F0C2FF256B854289
S21400CEB027D3154D4FF0FF31284600F071F94B4649
S21400CEC0294600222046C5E90376C5F80080FFF70C
S21400CED035FB236E054663B12046FFF783FF94F8C3
S21400CEE0503013B994F858301BB1236E04F150003B
S21400CEF09847284602B0BDE8F0870135B2E76225BC
S21400CF00F7E71C25F5E700BF884B00202DE9FF4119
S21400CF100F4690461E46054698B390F8343093B3B5
S21400CF20B1F5801F31D21A4C022127F0C5FF2246E8
S21400CF30394628460DF10F03FEF74CFF024678B13E
S21400CF40012342460093394633462846FFF77CFFC6
S21400CF500446E86B28F099F9204604B0BDE8F08155
S21400CF609DF80F30012BEBD12169B142E8D1009337
S21400CF70414633462846FFF7F3F904460028DFD13A
S21400CF80E7E72124E8E71124E6E72924E4E700BFE1
S21400CF90B44B002030B50C46054685B028B390F853
S21400CFA0343023B3B1F5801F23D2022127F084FF4B
S21400CFB00DF10F03214628460F4AFEF70BFF0346E6
S21400CFC088B99DF80F20032A0DD00322214600922F
S21400CFD002462846FFF738FF0446E86B28F055F966
S21400CFE0204605B030BD2D24F7E72124F8E71124AC
S21400CFF0F6E72924F4E700BFB44B00202DE9F04300
S21400D000466886B3056898464FF0000CA946AE46BB
S21400D01055F83C400CF1010CC4F31307013401D061
S21400D020B94217D0B4450EF1080EF1D12F460024B0
S21400D03003E0B44207F1080712D055F83430013443
S21400D0400133F6D1C1F3130141EA0851C7E90012D2
S21400D050BDE8F08341EA0851CEE90012BDE8F0834E
S21400D060B8F1030F03D101230372BDE8F083002358
S21400D07003E0B34209F10809F5D055F8334001330F
S21400D080C4F30754032CF4D1C1F3130343EA085343
S21400D090C9E90032BDE8F0832DE9F0410646406854
S21400D0A082B0B8B10F4690460024336853F8345027
S21400D0B003EBC403C5F30752C5F31301013506D0CD
S21400D0C05B683046CDF80080B84718B17068013408
S21400D0D08442EAD302B0BDE8F08100BF024B196873
S21400D0E0024B1868FFF7F0BC647C0020847C0020AC
S21400D0F008B539F07AF9014B186008BDE04B0020FE
S21400D100014B186839F06CB9E04B002073B5044643
S21400D1102248012A00EAC1119DF8185023F07C40ED
S21400D12007D9961E012E28D9073303F07F0319432B
S21400D13008E09DF81C300A43DB0603F0C053134397
S21400D14043F060410023C4E900108DF80730B5B104
S21400D150202221460DF1070028F092FB1A220DF13D
S21400D1600700211D28F08CFB082063689DF8072027
S21400D17043EA8263636002B070BD1143E2E71B229C
S21400D1800DF10700214628F07BFB23689DF8072059
S21400D190042043EAC2632360EDE700BF80FFFF0779
S21400D1A038B5094B0D461A68002104462DF037FEA7
S21400D1B000234FF0FF322383C4E900252361A260D9
S21400D1C0E382A37638BD00BFD88A04000138C0B217
S21400D1D005289ABF014B185C01207047DD8A0400C1
S21400D1E02DE9F0410746154600240E46596888B0DA
S21400D1F0490A012922464FEA510104F10104F8D8F0
S21400D200DC78997824031B88C90201F4006104F4D1
S21400D21080540C43C3F30A035203234492B24FF0E4
S21400D22000089C18274B6FEA0444039325F07843C4
S21400D230ED4302A90DF107001B2202938DF807802B
S21400D24028F01EFB9DF80720029B02A943EAC26352
S21400D2500DF107001B2225F07845049302958DF802
S21400D260078028F00DFB9DF80720029B6FEA144408
S21400D27043EAC26305934FF0FF330794069307A96A
S21400D280BB69012206F110009847BB6905A9044650
S21400D290012206F108009847BB69404518BF0446BE
S21400D2A004A90122301D98470122404518BF0446B4
S21400D2B0BB69304603A99847404508BF204608B0DA
S21400D2C0BDE8F08101009AB2034B5A6812B19A6A1F
S21400D2D0002AFAD1704700BF00400650024A936AFF
S21400D2E00342FCD1704700BF00400650436870B54B
S21400D2F0B3FA83F3104DC3F11F046B6801460BB1FC
S21400D300FFF7E2FF01260D4B20205E60FFF7E6FFE9
S21400D3100A7A4B7843EA420343EA04134A7AAB603C
S21400D3208B7A43EA42036B62054B5E600B7813B15F
S21400D330FFF7CAFFEE6070BD004006500060065062
S21400D3400050065008B51020FFF7C8FF024B1963BF
S21400D350BDE80840FFF7C2BF0040065038B5104B86
S21400D3600546D3F800310C4603F00303022B0BD01E
S21400D370032B0DD0012B0FD137F0D6FA032305B1BE
S21400D380286004B1236038BD37F01CFB0723F6E79E
S21400D39037F0D0FA0623F2E701230020EFE700BFBC
S21400D3A00080005038B5134B0546D3F820010C46D4
S21400D3B000F0070004281AD8DFE800F003090D1172
S21400D3C01500012305B1286004B1236038BD37F08D
S21400D3D06BFA0423F6E737F0A7FA0323F2E737F0F1
S21400D3E0ADFA0523EEE737F09BFA0223EAE70023BF
S21400D3F01846E7E70080005038B5104B0546D3F8CE
S21400D40040310C4603F00303022B0BD0032B0DD048
S21400D410012B0FD139F009F8082305B1286004B1B3
S21400D420236038BD37F0CEFA0723F6E739F000F868
S21400D4300923F2E701230020EFE700BF0080005039
S21400D44038B5104B0546D3F860310C4603F003039D
S21400D450022B0BD0032B0DD0012B0FD138F0E5FF9C
S21400D460082305B1286004B1236038BD37F0AAFA56
S21400D4700723F6E738F0DCFF0923F2E70123002054
S21400D480EFE700BF0080005041F6713210B5104C37
S21400D490104BA04294BF00240124D969DA639A682D
S21400D4A001F4803122F4401242EA04529A600A4A99
S21400D4B090420A4AD2F818028CBF40F0020020F0D0
S21400D4C00200C2F8180209B10022DA6310BD00BFDC
S21400D4D0005A62020000035080F0FA0200C00750B3
S21400D4E02E4B98424AD022D82D4B984240D014D882
S21400D4F02C4B984239D00AD82B4B984232D02B4B23
S21400D50098422FD02A4B98422CD000207047294BA7
S21400D5109842FAD1284B186F7047284B98422AD069
S21400D520274B9842F1D1244BD3F880007047254B07
S21400D53098422BD009D8244B984223D0234B9842AC
S21400D540E3D11D4BD3F88C007047214B984221D075
S21400D55003F5740303F510539842D6D1164BD3F84F
S21400D56098007047144B986D7047134B586E704771
S21400D570114B586F7047104B986F70470E4BD3F88F
S21400D580840070470C4BD3F8880070470A4BD3F8DA
S21400D59090007047084BD3F8940070470048E801A5
S21400D5A00024F400C0CF6A0080841E0000093D00FD
S21400D5B040420F00405DC6000080E00FC0EA210137
S21400D5C080BA8C01007E560380D54302006CDC02D4
S21400D5D00090D00337B50C460021114B0191D3F8CB
S21400D5E08031054603F00303022B0ED0032B11D027
S21400D5F0012B03D101A8FFF7D5FE0D210DB1019B2C
S21400D6002B6004B1216003B030BD37F097F90521D7
S21400D6100190F3E737F084F902210190EEE700BFAE
S21400D6200080005038B5104B0546D3F840320C4603
S21400D63003F00303022B0BD0032B0DD0012B0FD1CD
S21400D64038F0F3FE082305B1286004B1236038BD26
S21400D65037F0B8F90723F6E738F0EAFE0923F2E7D1
S21400D66000231846EFE700BF0080005038B5144B83
S21400D6700546D3F800020C4600F0070004281BD825
S21400D680DFE800F003090D111500012305B128603D
S21400D69004B1236038BD38F0C8FE0823F6E737F03B
S21400D6A091F90723F2E738F0C3FE0923EEE737F0D7
S21400D6B021F90C23800AE9E700231846E6E700BFB5
S21400D6C00080005038B5144B0546D3F808020C46C7
S21400D6D000F0070004281BD8DFE800F003090D114E
S21400D6E01500012305B1286004B1236038BD38F069
S21400D6F09CFE0823F6E737F065F90723F2E738F0D3
S21400D70097FE0923EEE737F0F5F80C23800AE9E7E1
S21400D71000231846E6E700BF00800050032814D018
S21400D72005D8012805D0022809D0002005E00F28DA
S21400D730FBD1084B186FC0F3013001307047054B22
S21400D740D3F89000C0F30460F7E7024B186FC0F3FD
S21400D7508020F2E7008000501FB5002301932528A3
S21400D76017D8DFE800F0131A1D272C363B51565BFE
S21400D77060656A78161A401616561A272C27361A27
S21400D7805127783B3B3B3B2727275B6037F092F8D7
S21400D7900190019805B05DF804FB37F0ABF8F7E7A9
S21400D7A037F088F802460220FFF7B8FFB2FBF0F227
S21400D7B00192EEE737F09EF802460320F4E737F0D2
S21400D7C099F802460320FFF7A9FFB2FBF0F25208D1
S21400D7D0EEE7002101A8FFF7FDFEDAE7002101A829
S21400D7E0FFF7E0FDD5E702934FF0E0231B695B07E8
S21400D7F005D537F07FF80290029B0193C9E703A98D
S21400D80002A8FFF7F9FDF7E7002101A8FFF7F4FDEE
S21400D810BFE7002101A8FFF713FEBAE7002101A821
S21400D820FFF724FFB5E7002101A8FFF74BFFB0E79D
S21400D830002101A8FFF792FDABE7094BD3F8803033
S21400D84003F00303022BA8D0032B01D000209FE790
S21400D85037F074F89CE7002101A8FFF7E3FE98E78D
S21400D8600080005008B50120FFF776FFBDE80840AD
S21400D8700349884294BF01210221032000F002B828
S21400D88080F0FA02032810B50C4627D004D80128E9
S21400D89004D0022817D010BD0F28FCD128F00EF8AF
S21400D8A028F014F8124A013C136F23F4405343EA5D
S21400D8B00433136737F01EF80021FFF7E5FDBDE8D7
S21400D8C01040FFF7CFBF0A4A4C1ED2F8903023F024
S21400D8D0F85343EA0463C2F89030DCE7044A4C1E6F
S21400D8E0136F23F4806343EA84231367D3E700BFF0
S21400D8F0008000501FB500230193252821D8DFE8BB
S21400D90000F013202020202A2F454A4F54595E71DC
S21400D91020203420204A202020202A204520712F35
S21400D9202F2F2F2020204F54314B1B6F03F007035F
S21400D930013B032B05D8DFE803F00C02080A04239A
S21400D9400193019805B05DF804FB0323F8E706236E
S21400D950F6E70223F4E7002001A9FFF73BFEF0E715
S21400D960002001A9FFF71EFDEBE702934FF0E0232E
S21400D9701B695B0705D536F0BDFF0B230393039B9E
S21400D980DEE703A902A8FFF737FDF8E7002001A9A4
S21400D990FFF732FDD5E7002001A9FFF751FDD0E7DC
S21400D9A0002001A9FFF762FECBE7002001A9FFF7E0
S21400D9B089FEC6E7002001A9FFF7D0FCC1E70C4BA3
S21400D9C0D3F8803003F00303022B03D0032B05D0DB
S21400D9D00023B5E736F08EFF0B23B1E736F0AEFF37
S21400D9E00523ADE7002001A9FFF71CFEA9E700BF4D
S21400D9F00080005008B50320FFF790FE034B187018
S21400DA0027F05CFFBDE8084027F060BFB166002045
S21400DA1010B5044636F06EFF0021FFF735FD1CB149
S21400DA20BDE81040FFF71EBF034B0320BDE81040C3
S21400DA301978FFF727BF00BFB1660020024A536A75
S21400DA4023F001035362704700C0075008B5FFF784
S21400DA5051FF07280ABF024B4FF6FF70188808BD13
S21400DA60B87D002008B5FFF745FF03280ABF024B24
S21400DA704FF6FF70188808BDB67D002038B50546FD
S21400DA80FFF72EFD204B04465A68012A04D11F4991
S21400DA904A609A699207FCD10020FFF72BFF042802
S21400DAA003D127F00BFF27F011FF194A24F040732B
S21400DAB095421FD0174A95421FD0174AD16811F0D9
S21400DAC0060FFBD19068936091684B4013F4F81FE3
S21400DAD016D12846FDF78EFE0020FFF70BFF042820
S21400DAE010D136F007FF0021FFF7CEFCBDE8384026
S21400DAF0FFF7B8BE43F00073DFE743F08073DCE760
S21400DB009060E9E738BD00BF00C0015000E001505A
S21400DB1040420F0080841E000000015070B504468D
S21400DB200020FFF7E7FE03287CD045F60E0302210F
S21400DB30414AC2F88030414B9962012103F5805377
S21400DB409962936DD903FCD4D4E900131B0543EA0C
S21400DB500163E17B94F823500B43217B43EA0143A6
S21400DB60617B43EA0133A17B43EA81131361916928
S21400DB70D4E904031B0643EA806301F000410B432B
S21400DB80A17EE07E0B43217E43EA0143617E43EAA9
S21400DB9001239361E169136A002923F00D0343EA28
S21400DBA0010314BF0121002143EA800343EAC103B5
S21400DBB0136294F8203094F82200916A4FEA4313D7
S21400DBC031D194F8216021F0330143EA06130B4368
S21400DBD043F0010393621A49174A936D31EA03032F
S21400DBE0FBD10221154B9962936D5B00FCD413693F
S21400DBF0A16823F4700343EA015313614FF0004217
S21400DC000E4B9A6118B9022203F580539A6215B931
S21400DC1001220C4B9A6294F824301BB1064B0A4A38
S21400DC20C3F8802070BD21F0330129430B4343EA3B
S21400DC3040039362EFE700BF00C0005000D00050E2
S21400DC400300014000E00050F1A7FFFF014B93F9ED
S21400DC5000007047B26600204FF4D15110B5022480
S21400DC60174A4378516217494F2B4C604FF0010416
S21400DC7028BF4F2301F580514C601169C903FCD4BD
S21400DC80017843EA01235361D0E901131B0143EAFB
S21400DC900123417B0B43017B43EA41039360C37B33
S21400DCA0817B1B0143EA4113417C0B43017C43EA21
S21400DCB041035360837C13B16FF4D153536210BD9C
S21400DCC00000025000100250014B1880704700BF41
S21400DCD0B87D0020014B1880704700BFB67D00203D
S21400DCE0274B984240D01DD8A3F5B703A3F5586339
S21400DCF098422FD00CD8234B984220D0224B9842E3
S21400DD001DD0224B98421AD00023214A93607047B8
S21400DD10204B984224D000231A4A9042F5D143F073
S21400DD208073F2E71C4B984222D01C4B984223D0BB
S21400DD301B4B9842EFD11B4BD3F8C8300DE0194B64
S21400DD40124AD3F8A030904223F04073E4D143F057
S21400DD500073DAE7134BD3F8B83023F04073D4E7F8
S21400DD60104BD3F8BC30F8E70E4BD3F8C030F4E7CE
S21400DD700C4BD3F8CC30F0E70A4BD3F8D030ECE7B6
S21400DD80C0EA210180841E0000093D0040420F00C9
S21400DD900040015A0024F4000048E801005A6202DC
S21400DDA080BA8C010080E00F034A0179D36E23F01D
S21400DDB030030B43D36670470040005008B54AF660
S21400DDC0E853104CE56EE66E236627F083FD25F0DB
S21400DDD0030527F080FD0C4B0C4A45F0020546F083
S21400DDE00306C3F82024E566E666E566E666E566AD
S21400DDF0E666E566E666E566BFF34F8FBFF36F8FB0
S21400DE0030BFFEE70040005000E003500000FFFF78
S21400DE10F8B50125C3B21E4FD1F800C09D408E7ADA
S21400DE20CB7A0C46097B3D6507F5005747F820C0BE
S21400DE304FF0300C0CFB00F01B05677B00F1A04098
S21400DE4043EA064300F5802043EA415322F00302EA
S21400DE500766C365026738F0D5FA0E4B227A5D6511
S21400DE6002B11D64627A02B19D632279A37943EA06
S21400DE700243074A93616179E37943EA014305491E
S21400DE808B61054B55639D64BDE8F84038F0B5BA24
S21400DE9000200450001004500000045010B5012467
S21400DEA0C0B2844038F0AEFA044B5A6D22EA04023F
S21400DEB05A659C62BDE8104038F09FBA00000450D6
S21400DEC010B50124C0B2844038F09CFA074BDA6AD9
S21400DED0224208D15B6B9C430CBF0124002438F01F
S21400DEE08CFA204610BD0024F9E700BF000004505D
S21400DEF041F67132034BDA63012203F50053DA6010
S21400DF00704700BF0000035041F671320121044BF8
S21400DF10DA6303F50052D1600022DA63704700BF6F
S21400DF2000000350013825289ABF024B185C0020D9
S21400DF30704700BFE38A0400021E30B54FF00000B1
S21400DF4014BF04250C2547F60774084952B9831DEB
S21400DF5051F82330234023B101308542F6D14FF0EB
S21400DF60FF3030BD00F11203F2E700BF008003501F
S21400DF7038B5C2F30625044602F0070241B942EA64
S21400DF80052242F440220634074B43F8242038BDCD
S21400DF901146284627F0A0FC02462846FFF7C2FF97
S21400DFA0123442EA0022EFE700800350044B186860
S21400DFB0421C02BF034AD2F894001860704700BFA4
S21400DFC0887C002000400050CB784A7810B55B0172
S21400DFD00C7843EA82030A79234343EA02130C22AD
S21400DFE0424302F1B0421363012C02BF8A78024B0F
S21400DFF043F8202010BD00BFD080035008B54FF076
S21400E000B0435A6802B960B15B680BB127F093FC65
S21400E0104FF0B04130B10120074B586027F08BFC21
S21400E020C86008BD27F087FC0223CB6027F083FC7E
S21400E0300122024B5A60F4E70010005800200058F6
S21400E0404FF0B0414B6810B50BB127F074FC0122BD
S21400E0500B4BC4785A608378934043EA8403447831
S21400E0602343047943EA0413447943EAC4038B60E8
S21400E070044B5A600378C3F10203CB6010BD00BFA7
S21400E0800020005800100058054B5B69C3F385124A
S21400E090827003F03F021B0B42700370704700BF94
S21400E0A000C00750014B986CD96C70470080E00F99
S21400E0B00120034B9B680A3303F01F039840704708
S21400E0C00080E00F034BD3F82424D3F8200410403C
S21400E0D0704700BF00C003502DE9F8431E4B0546AD
S21400E0E0D3F810334B1E0E2B0E46174690F80080C2
S21400E0F044781BD9F9B14FF000092846C7B138F06B
S21400E1009AF93023072C03FB08F316D80F21A40036
S21400E110124809FA04F2A140184427F014FCC6B9C4
S21400E120284697B1BDE8F84338F085B98946E4E754
S21400E13027F018FCE5E78946E3E70F21083CA40032
S21400E140074809FA04F2A140E6E7BDE8F84327F0DD
S21400E15009BCBDE8F88300BF00C0035004C00350EC
S21400E1600CC00350437801783020064A072B00FB8A
S21400E17001228ABF083B5068D0689B00D84000F058
S21400E1800F00704700C00350214B2DE9F0411646A2
S21400E190D3F810234A1C05460C4605D1D3F82414A0
S21400E1A0407827F0EDFB0446002C2EDB072C14DC11
S21400E1B003274FEA84082A7807FA08F739461548ED
S21400E1C002FA08F227F0BFFB6A78394602F003022B
S21400E1D0114802FA08F227F0B6FB012316F0050FE5
S21400E1E00E4A18BF0E4903FA04F30CBFC2F81034E7
S21400E1F0C1F8103416F0060F18BF094AC2F81434D6
S21400E2000123064AA340C2F820342046BDE8F08128
S21400E21000C0035000C4035008C4035000E003507D
S21400E22000D003502DE9F041144601270E4605465E
S21400E23098468F4038F0E6F82268184B43F82620B8
S21400E240302202FB0656637B3366E27AA37A120517
S21400E25042EA0342237B42EA435228F00303F26574
S21400E26033672279A37943EA024305F500529361A6
S21400E2706379E27942EA034205F580539A61227A8D
S21400E28002B11F64627A02B19F6305F5005534350A
S21400E2902F60BDE8F04138F0B0B800BF0040045031
S21400E2A0064B5B691A0B027003F03F0242704FF692
S21400E2B0FF72C3F3851342808380704700C0075007
S21400E2C007B56846FFF7ECFF9DF80130012B15D126
S21400E2D0184B9A6DD20311D45A6B6FF3162242F480
S21400E2E0BC1242F4A0625A631A6B22F4704242F4E3
S21400E2F040421A631A6B42F4E0621A63BDF80030BB
S21400E300B3F5807F0CD14FF000531B680A4B1B6897
S21400E3100A4B1B680A4B1B680A4B1B680A4B1B6898
S21400E3200A4AD2F8803043F00303C2F8803003B0C4
S21400E3305DF804FB00C00050004000200080002074
S21400E34000C0002000000120004001200080005096
S21400E3502DE9F843234B1B6834F094FF012806464A
S21400E36005D937F0CBF8051E02DA012419E000259E
S21400E3701D4F3B7803F0FF088BBB4FF050091B4C3A
S21400E38004EB0900A465C4F85C9037F068F92066D1
S21400E39050B90124012E04D9284637F0C5F844EABE
S21400E3A0D0742046BDE8F883114C414604F11003B2
S21400E3B022460120C4F80080C4F80480A360C4F894
S21400E3C00C9037F0F6F920660028E2D003210120F1
S21400E3D028F09FFB012003F007FD01233B7000247B
S21400E3E0D8E700BF8C7C0020B3660020484C002095
S21400E3F0E44B002008B54FF098435B6CD90208D573
S21400E40034F040FF0238012803D8094B186E37F065
S21400E4104DFA4FF098435A6CD202FCD55B6D054A14
S21400E42003F4702313600120BDE8084003F0F8BC35
S21400E430E44B00208C7C00202DE9F04393B0894605
S21400E440DDE91A871D460446002858D0002956D014
S21400E450B8F1000F53D0002F51D013F00F034ED158
S21400E460284829490FAE002A08BF0146A360C4E920
S21400E470001348463146236227F052FD00283BD160
S21400E48020460F9938F02EF82946204638F02AF80C
S21400E4906946484627F0D9FD70BB6946204627F0F6
S21400E4A055FE484603A927F0DBFD28BB204603A9F6
S21400E4B027F04CFECDF830804FF0010845F00055AF
S21400E4C0CDF8348006AB0E950CAA07CA83E8070081
S21400E4D01946204627F03AFE0F9709ABCDF8408044
S21400E4E0119596E8070083E807002046194638F09D
S21400E4F01FF8204636F07AFA13B0BDE8F0832120E4
S21400E500FAE700BF00010004000101042DE9F04F06
S21400E5109FB08A46DDE928791D460446DDF8A880C6
S21400E52000287DD000297BD0B9F1000F78D0B8F153
S21400E530000F75D0002F73D013F00F0370D1394839
S21400E54039491BAE002A08BF0146A360C4E9001380
S21400E55050463146236227F0E3FC00285DD1204672
S21400E5601B9937F0BFFF2946204637F0BBFF6946A8
S21400E570504627F06AFD00284FD16946204627F00E
S21400E580E5FD504603A927F06BFD002845D14FF066
S21400E590010ADFF898B0204603A927F0D7FD45F01A
S21400E5A00055129706ABCDF84CA012AACDF850B085
S21400E5B007CA83E80700CDF8549015AACDF858A0EE
S21400E5C00DF12409179507CA89E807001946204661
S21400E5D027F0BCFD4946204627F0B8FDCDF8608000
S21400E5E00CABCDF864A018AA1A9507CA0FAD83E83D
S21400E5F007001B97CDF870A0CDF874B096E807001A
S21400E60085E807001946204637F092FF204629463F
S21400E61037F08EFF204636F0E9F91FB0BDE8F08FE0
S21400E6202120FAE703020004030201041000002080
S21400E6302DE9F04F8B4690461F460546A5B00028AC
S21400E64000F0DB80002900F0D8803AB1309B002B28
S21400E65000F0D380319B002B00F0CF802E9B002B48
S21400E66000F0CB802F9B002B00F0C7803FB13C68AA
S21400E6700026464505D307B13C60002096E03C46A0
S21400E680F6E75CB1309B2F9A9B5D125D01345340D8
S21400E690319A04F00F0493550136EAE7A8EB060911
S21400E6A0B9F10F0F0BD8309B03EB0609319B1E44C4
S21400E6B0309B03EB080AD1457BD14646D9E7504B41
S21400E6C05846C5E90034AC602C6205A927F028FC42
S21400E6D000286BD12846059929F00F0937F002FF6C
S21400E6E04946284637F0FEFE584606A927F0ADFCF8
S21400E6F000285BD1284606A927F028FD584609A918
S21400E70027F0AEFC002851D14FF0010A284609A98F
S21400E71027F01CFD2E9B0DF1300C1893394BCDF8CD
S21400E72064A01A9318AB93E807008CE807003099AA
S21400E7300DF13C0E8B191B9349F00053CDF870A0D9
S21400E7401BAA1D9307CA8EE8070061462846039356
S21400E75027F0FCFC28460FA927F0F8FC3199039B0C
S21400E7608A191E92CDF87CA01EAA209312AB07CA67
S21400E77083E807002E99234A2191CDF888A023929A
S21400E7800DF1540A24AA12E907008AE80700194680
S21400E790284637F0CDFE5146284637F0C9FE2846B3
S21400E7A036F024F94E4400283FF47DAF25B0BDE88E
S21400E7B0F08FBCB92F9B224601932E9B594600939F
S21400E7C028461023FFF738FE0028EFD12E9B03F1D2
S21400E7D0100212F8013D0133DBB2137013B92E9B01
S21400E7E09A42F6D12F9A19F8013B125D0134534034
S21400E7F006F8013B04F00F045DE72120D6E700BFD2
S21400E80003030004100000202DE9F04FA7B00F46C8
S21400E81015460446DDF8C8A0369E0093002800F092
S21400E820D580002900F0D280359B002B00F0CE80EA
S21400E830009B002B00F0CA80BAF1000F03D0319B7A
S21400E840002B00F0C3803DB1339B002B00F0BE8050
S21400E850349B002B00F0BA80309BC3F10F03DBB271
S21400E860032B06D80122DB0002FA03F3AB4240F288
S21400E870AD80022E00F0AA80731E0F2B00F2A68039
S21400E88016F0010840F0A280309B073B062B00F2F2
S21400E8909D80349B5A194F4B9A4200F297804E4BFC
S21400E8A00DF18C0B59463846C4E90038C4F8088088
S21400E8B0C4F8208027F034FB8146002840F0828090
S21400E8C02046239937F00EFE309B204646EA034149
S21400E8D037F008FE5146204637F004FE294620460B
S21400E8E037F000FE384602A927F0AFFB8146002825
S21400E8F068D1204602A927F029FC384605A927F04A
S21400E900AFFB814600285DD10127204605A927F0E8
S21400E9101DFC339B0DF12009179345F00053189703
S21400E92001931993319B17AA07CA89E807001A931F
S21400E9304AF00052009B1B970DF12C0A1C921AAA53
S21400E94007CA8AE807001D93309B0DF1380C43F088
S21400E95000521E971F921DAA07CA8CE80700614640
S21400E960204627F0F3FB5146204627F0EFFB4946AA
S21400E970204627F0EBFB349B20AA2093019B21978F
S21400E980229311AB07CA83E807001946204637F0E2
S21400E990CFFD359B46F000562393249714AB25965F
S21400E9A09BE8070083E807001946204627F0CEFBC1
S21400E9B0204636F01BF8814620B12A464146349858
S21400E9C02CF02DFA484627B0BDE8F08F4FF021090D
S21400E9D0F8E700BF00800120000006042DE9F04F94
S21400E9E04FF00008044693B01F46DDE91C561E9BF8
S21400E9F08A46C3F800804146934606A810222CF0AB
S21400EA000EFA102241460AA82CF009FA10224146B6
S21400EA100EA82CF004FA24B92123184613B0BDE83A
S21400EA20F08FBAF1000FF7D0BBF1000FF4D0002F33
S21400EA303DD02368FA182CBF01230023ECD261686E
S21400EA408A42E9D8002DE7D0002EE5D0624AF119B7
S21400EA509142E1D8B5420AD2EA19964207D229462F
S21400EA6035463A46304604932CF0C0F9049B94F899
S21400EA704E0000EB070949EA07020F2A00F2A480BD
S21400EA80226861683A448A4200F09E801028C3D803
S21400EA9004F13E033A46184429462CF0DDF994F872
S21400EAA04E301E9A3B4484F84E30002313600023F9
S21400EAB0B3E79146B9F1100F4FF010024FF0000186
S21400EAC03846C84628BF4FF010082CF0A8F994F82E
S21400EAD04E30002B62D0102B9ED81A4604F13E0111
S21400EAE0384604932CF0B8F9049B2946C3F110026B
S21400EAF0F81804922CF0B0F94FF00003049A84F84A
S21400EB004E301544227F002A4FD00AAB019304F101
S21400EB101D0342460093594600235046CDE902762F
S21400EB20FFF786FD227F0346012A19D11022002115
S21400EB3038462CF074F94246314638462CF08CF9AB
S21400EB4006ABCDE9017304F12E03009300221023D7
S21400EB5059465046FFF7DAFC034600287FF45DAFBF
S21400EB6021681E9808EB010222601E9A464412682D
S21400EB7042440260A9EB08020F2A9AD8606849440A
S21400EB80814227D0294604F13E00CDE904232CF02B
S21400EB9063F9049A059B84F84E203EE729464246D0
S21400EBA038462CF059F94544ACE706ABCDE901737D
S21400EBB004F12E030093594610235046FFF7A6FC97
S21400EBC003460028A1D028E70EAFB9F1000F7FF466
S21400EBD071AF22E79146F8E7008001202DE9F04F5B
S21400EBE0CDB00D46DDE9599B17461E460446DDF8B6
S21400EBF06C81002800F05F81002900F05C81569B44
S21400EC00002B00F058815D9B002B00F05481B9F179
S21400EC10000F03D0589B002B00F04D813EB1BBF196
S21400EC20000F00F04881B8F1000F00F044815C9BB3
S21400EC30043B0C2B00F23F81579B0C2B40F03B8192
S21400EC402B68103B102B00F236819C4A22FA03F305
S21400EC50D90740F13081012F40F097805C9A984B9D
S21400EC60284643EA02232360002348A9C4E9013367
S21400EC70236227F055F98246002840F0128120468C
S21400EC80489937F02FFC4946204637F02BFC314692
S21400EC90204637F027FC6946284627F0D6F98246F4
S21400ECA0002840F0FE806946204627F04FFA2846A6
S21400ECB003A927F0D5F98246002840F0F2802046C6
S21400ECC003A927F043FA569B2AAA2A937D4B2B9733
S21400ECD02C9306AB07CA83E807001946204627F0A0
S21400ECE035FA589B2DAA2D9349F000532E972F9353
S21400ECF009AB07CA83E807001946204627F026FA1C
S21400ED00CDF8C0B046F0005B31970CABCDF8C8B07C
S21400ED1030AA07CA83E807001946204627F016FAE5
S21400ED205D9B33AA33935C9B349743F00053359333
S21400ED300FAB07CA83E807001946204627F006FAF5
S21400ED40CDF8D88012AB379736AACDF8E0B007CA10
S21400ED5083E80700B8F1000F03D1149A42F080420E
S21400ED6014921946204637F0E3FB204635F03EFE67
S21400ED708246002800F099802C2800F096803246C3
S21400ED80002140462CF04BF88BE04746D84600233F
S21400ED904D4A0DF5907B59462846C4E90023A360EA
S21400EDA0236227F0BDF8824600287AD1204648998B
S21400EDB037F098FB4946204637F094FB314620460C
S21400EDC037F090FB284615A927F03FF98246002821
S21400EDD067D1204615A927F0B9F9284618A927F0C3
S21400EDE03FF9824600285CD10125204618A927F065
S21400EDF0ADF9569B39AA3993324B3A953B931BABE8
S21400EE0007CA83E807001946204627F09FF9589B53
S21400EE103CAA3C9349F000533D953E931EAB07CA6F
S21400EE2083E807001946204627F090F9CDF8FC80C5
S21400EE3046F00058409521ABCDF804813FAA07CA9A
S21400EE4083E807001946204627F080F9429724AB4E
S21400EE50439542AACDF8108107CA83E807001FB978
S21400EE60269A42F0804226921946204637F060FBEA
S21400EE700123CDF814B14693144B45AA479327AB0C
S21400EE8007CA83E807001946204637F051FB20469C
S21400EE9035F0ACFD824650B959465C9A5D982BF029
S21400EEA0DBFF50464DB0BDE8F08F00276FE73246D7
S21400EEB00021384666E74FF0210AF2E7010101001B
S21400EEC0000003040C0000200000020410000020D4
S21400EED02DE9F04FA7B00D46DDE9349716469B4660
S21400EEE00446DDF8C880002800F0C280002900F043
S21400EEF0BF80002B00F0BC80369B002B00F0B88053
S21400EF00B8F1000F03D0319B002B00F0B1803EB16A
S21400EF10339B002B00F0AC80B9F1000F00F0A88006
S21400EF203B1F0C2B00F2A480309B0C2B40F0A080E3
S21400EF302B68103B102B00F29B804E4A22FA03F3FC
S21400EF40DB0740F195804C4B0DF18C0A43EA072312
S21400EF50236000235146C4E901332362284626F085
S21400EF60DFFF034600287FD12046239937F0BAFA00
S21400EF704146204637F0B6FA3146204637F0B2FA18
S21400EF80284602A927F061F8034600286CD12046DF
S21400EF9002A927F0DBF8284605A927F061F8034602
S21400EFA0002861D10125204605A927F0CFF8334B6C
S21400EFB0CDF85CB017AA1895199308AB07CA83E872
S21400EFC007001946204627F0C1F8319B1AAA1A9363
S21400EFD048F000531B951C930BAB07CA83E8070049
S21400EFE01946204627F0B2F8339B46F000581D938A
S21400EFF01DAA1E950EABCDF87C8007CA83E80700D5
S21400F0001946204627F0A2F8369B47F00057209373
S21400F01020AA219511AB229707CA83E80700194654
S21400F020204627F093F8CDF88C9014AB2495CDF8B5
S21400F03094809AE8070083E80700B9F1000F03D12F
S21400F040169A42F0804216921946204637F070FA19
S21400F050204635F0CBFC034630B101903246002105
S21400F06048462BF0DCFE019B184627B0BDE8F08F23
S21400F0702123F9E701010100000003040C00002031
S21400F0802DE9F04FA1B00D46DDE92C4816461F4687
S21400F0908246DDF8A890002800F0C080002900F025
S21400F0A0BD80002A00F0BA80B9F1000F00F0B680EB
S21400F0B0B8F1000F02D0002C00F0B0802B9A0C2A7A
S21400F0C040F0AC807822002150462BF0A8FE8AF84B
S21400F0D07170CAF808800027B8F1000F00F08E8023
S21400F0E0CDF850904FF001094D4ACDF854900DF1EF
S21400F0F0080B169214AA07CA8BE8070048F00052BD
S21400F100179405ABCDF86090199217AA07CA83E842
S21400F1100700444A0AF110031A930193CDF86C9045
S21400F12008AB1C921AAA07CA83E807003E4A304674
S21400F130C5E90027AF602F621DA926F0F1FE044640
S21400F140A8BB28461D9937F0CDF94146284637F02A
S21400F150C9F92146284637F0C5F930460BA926F0EE
S21400F16074FF044618BB28460BA926F0EFFF30466E
S21400F1700EA926F075FF0446C8B928460EA926F043
S21400F180E5FF5946284626F0E1FF284605A926F061
S21400F190DDFF284608A937F0CBF9284635F026FCCF
S21400F1A0044640B11022394601982BF038FE20461E
S21400F1B021B0BDE8F08F1D4A0AF140061D9611AC3D
S21400F1C0CDF878901DAB1F9293E8070084E80700FF
S21400F1D09AF871001649174AAC60012808BF0A461B
S21400F1E028462A6035F002FC044618B1202239462B
S21400F1F03046DAE78AF872000024D8E7D9F800200B
S21400F200CAF84020D9F80420CAF84420D9F80820C3
S21400F210CAF8482001228AF87220EDE72124C6E7C2
S21400F2200C00002010000020000002042000002037
S21400F23001000304010002042DE9F04FDFB004468C
S21400F2409B460D46689E019229B94FF0210A50460A
S21400F2505FB0BDE8F08F019B002BF6D00028F4D0FD
S21400F260BBF1000F00F0FF80002EEED0699B002B54
S21400F270EBD06A9B002BE8D000221A60D0E9003160
S21400F28013EB0B0351F1000128BF0122002ADCD149
S21400F2906FF01F029A424FF00F038B41D5D3699B44
S21400F2A09E420AD2699A06EB0B039A4205D2314671
S21400F2B05A4669982BF09AFD699E94F8707017F07C
S21400F2C0EF0300F0A18107EB0B030F2B04F160089E
S21400F2D00CD85A46314608EB07002BF0BDFD94F8D3
S21400F2E070305B4484F870300023CFE0102B09D1D7
S21400F2F004F1400304F1200253F8041B434542F88E
S21400F300041BF9D1C7F11003DBB21A46314608EBED
S21400F310070002932BF0A0FD94F872C0DFF808E314
S21400F320BE4A04F140033A93BCF1000F08BF724690
S21400F330039301230DF110093B933C923AAA07CAA6
S21400F34089E80700DFF8E492CDF8F4800DF11C0A96
S21400F3503E933DAACDF8FC9007CA8AE80700699A52
S21400F3604092419340AACDF808910DF1280907CAAA
S21400F37089E8070004F140024392449343ABCDF87A
S21400F38014E193E807000DAB83E8070094F87110CA
S21400F390A34AA44B4FF00009012908BF1346BCF14D
S21400F3A0000F0CBF032201221343C5E901990198FF
S21400F3B02B60C5F820905BA926F0B2FD8246002897
S21400F3C07FF445AF28465B9937F08CF851462846BF
S21400F3D037F088F81021284637F084F8019810A9ED
S21400F3E026F033FE824600287FF431AF284610A967
S21400F3F026F0ACFE019813A926F032FE82460028BD
S21400F4007FF425AF284613A926F0A0FE284604A9B7
S21400F41026F09CFE284607A926F098FE28460AA94C
S21400F42037F086F828460DA937F082F8284635F0DA
S21400F430DDFA824628B12022494603982BF0EFFCDD
S21400F44005E7D4E90021103241F10001C4E90021AA
S21400F45094F8702084F872005A44102A06D16A9BE9
S21400F46084F870201A604FF0000AF0E6029BABEBBF
S21400F47003020F2A0DD81946404631442BF0ECFC07
S21400F480ABF110031F44102384F870706A9A13605F
S21400F490E9E79346699B84F87000103369936A9B8A
S21400F4A06A991B6810330B60029B1BF00F023344F3
S21400F4B004F1600000F0BC80BBF1100F5FFA8BF720
S21400F4C040F2A480029B2BF00F0B0BEB03013144A0
S21400F4D007F00F072BF0C0FC84F87070D4E90032F8
S21400F4E013EB0B0342F1000294F872C0C4E9003239
S21400F4F04D4F4A4A0123BCF1000F08BF3A4604F1BB
S21400F5004008CDF848810DF1A00E5393549252AAAC
S21400F51007CA8EE80700029A0DF1AC091644559604
S21400F5204BF00056569355AA579607CA89E8070027
S21400F530699A5892599358AA5A962EAE07CA86E8E0
S21400F5400700CDF86C815C935D975EAB31AF13E935
S21400F5500700344B87E8070094F87110304A0026FD
S21400F560012908BF1346BCF1000F0CBF032201227D
S21400F5701343C5E9016601982B602E6237A926F071
S21400F580CFFC824600287FF462AE2846379936F0D4
S21400F590A9FF5146284636F0A5FF5946284636F0BC
S21400F5A0A1FF019834A926F050FD824600287FF47A
S21400F5B04EAE284634A926F0C9FD019837A926F094
S21400F5C04FFD824600287FF442AE284637A926F033
S21400F5D0BDFD284628A926F0B9FD4946284626F04E
S21400F5E0B5FD28462EA936F0A3FF3946284636F044
S21400F5F09FFF284635F0FAF98246002800F0F5808D
S21400F60020223146404619E702934DE75A461946EE
S21400F6102BF022FC84F8707066E600BF0C00002019
S21400F6200000030400000204200000201000002058
S21400F630BBF1100F00F0C380029AABF110084244F1
S21400F640324402F1100152F8047B8A4240F8047BEF
S21400F650F9D1102294F872E0DFF8A89184F87020AF
S21400F660654A4FF0010CBEF1000F08BF4A4604F190
S21400F670400746970DF1580ACDF81CC1489246AA95
S21400F68007CA8AE80700499348F00053CDF828C116
S21400F6900DF1640A4B9349AA07CA8AE80700699ADB
S21400F6A04C92CDF834C14E934CAB93E807001CAB9C
S21400F6B083E807004FAB4F97CDF840C1CDF8449193
S21400F6C093E807001FAB83E8070094F871104B4AD5
S21400F6D04B4B4FF00009614508BF1346BEF1000FC3
S21400F6E00CBF032262461343C5E9019901982B60BB
S21400F6F0C5F820905BA926F013FC824600287FF40C
S21400F700A6AD28465B9936F0EDFE5146284636F003
S21400F710E9FE4146284636F0E5FE019822A926F085
S21400F72094FC824600287FF492AD284622A926F053
S21400F7300DFD019825A926F093FC824600287FF44B
S21400F74086AD284625A926F001FD284616A926F0EE
S21400F750FDFC284619A926F0F9FC28461CA936F017
S21400F760E7FE28461FA936F0E3FE284635F03EF9A8
S21400F770824618B12022494638465FE6699B84F8DF
S21400F780720043446993D4E9003213EB080342F154
S21400F7900002C4E900326A9B6A9A1B684644103B22
S21400F7A05B44136004F1200304F1600257F8041B65
S21400F7B0974243F8041BF9D14FF0100B8EE604F184
S21400F7C0400204F1200152F8047B824241F8047B97
S21400F7D0F9D103F1100153F8040B8B4242F8040BE5
S21400F7E0F9D1102384F8703078E66A9B1A685A4478
S21400F7F01A6084F8720036E60C000020000003044D
S21400F80000000204200000202DE9F04FB1B01F4692
S21400F810044693460D469DF8E8803B9B002900F081
S21400F8206381002A00F06081002800F05D81002FCF
S21400F83000F05A81A8F104020C2A00F2558190F8D3
S21400F8407060102E04D09DF8F020964200F24C8195
S21400F850D4E9001016F00F0914BF324600225218E1
S21400F86040F10000D4E9021E51EA0E0CC4E9002063
S21400F87094F871A01BD052EA000C18D1BAF1010F0F
S21400F8804246384604F110010CD126F0BFF858B1B4
S21400F890002138462BF0C3FA4FF02C0A504631B000
S21400F8A0BDE8F08F2BF0D8FA4FF0000AF6E794F890
S21400F8B072C0BCF1000F07D151EA0E0C3FD1A2F185
S21400F8C0100C5CEA000C3AD104F140016034BAF145
S21400F8D0000F1DD10F2E88BF2CAB0022CDE90443AC
S21400F8E00C232846CDE90013CDE906873346594652
S21400F8F0CDE90222FFF772F98246002800F0EE807A
S21400F90000213D9B4246384619702BF088FAC5E721
S21400F9100F2E88BF2CABCDE903430023CDE901337E
S21400F9200C233246009328460B46CDE905875946F8
S21400F930FFF7CEFAE0E700233D9A1370B4E74FEAEC
S21400F940517CC90009BA2D91510FD20012BA2F92DC
S21400F95004F160021D9201224CEACE0C9CFA8CFC4B
S21400F96041EAC00146F0005E1E9209BACDF87CE07E
S21400F970CDF8B0C01DAA0DF1200C2E9107CA8CE858
S21400F9800700B9F1000F02D1002E40F0A48004F168
S21400F99040024FF0010C2092554ACDF884C00DF17C
S21400F9A02C09229220AA07CA89E807002CAA2392CB
S21400F9B0504ACDF890C00DF13809259223AA07CAFF
S21400F9C0102E89E80700269326AACDF89CC011AB16
S21400F9D0CDF8A0E007CA83E8070005D100231193FD
S21400F9E0139B43F080431393012329972A9348F0EF
S21400F9F000532B930DF1500929AB93E807003E4BBB
S21400FA0089E807003D4A5846BAF1010F08BF134679
S21400FA1043EA082343F002032B6000231AA9C5E932
S21400FA2001332B6226F07CFA824600287FF436AF3C
S21400FA3028461A9936F056FD5146284636F052FDAD
S21400FA403146284636F04EFD584617A926F0FDFAF0
S21400FA50824600287FF422AF284617A926F076FBB8
S21400FA6058461AA926F0FCFA824600287FF416AFFC
S21400FA7028461AA926F06AFB28460BA926F066FB3C
S21400FA80284608A926F062FB28460EA926F05EFB4B
S21400FA9094F87130012B03D14946284626F056FBD0
S21400FAA0284611A936F044FD94F871301BB9494632
S21400FAB0284636F03DFD284634F098FF824668B169
S21400FAC094F8711019B9424638462BF0A8F900226E
S21400FAD03D9B1A70E2E604F120025AE70F2E3FF62D
S21400FAE02AAF3D9B1E70DFE64FF0210AD6E600BF28
S21400FAF02000002010000020000002040000030484
S21400FB0000232DE9F0478EB00E46174604460193B3
S21400FB10002867D00AB1002964D037F0030807F040
S21400FB20030A27D04FF000094FF0E063C4E900391C
S21400FB3001230896099348F000530A9308AA02ABDB
S21400FB4007CAC4F8089083E80700C4F8209019464E
S21400FB50204636F0EDFC4146204636F0C3FC2046F3
S21400FB6034F044FF054628B14246494630462BF05D
S21400FB7056F903E0BAF1000F04D1002528460EB06E
S21400FB80BDE8F0874FF000094FF0E063C4E90039A4
S21400FB9001AB0B9301230C93134B0EAA0D9305ABED
S21400FBA012E90700C4F8089083E80700C4F820901C
S21400FBB01946204636F0BCFC0421204636F092FC5E
S21400FBC0204634F013FF054608B13A46CDE7019AC1
S21400FBD04644EB00013522FA03F3AA4506F8013B3A
S21400FBE0F7D1CAE72125C9E7040000202DE9F04136
S21400FBF0904602780C46022A92B046D0032A49D094
S21400FC00012A4CD11427274A00F10C052260002255
S21400FC109E0131462046C4E90122226236F062FC8B
S21400FC204FF0010C46F00056CDF8248009ABCDF815
S21400FC3028C047F000570B9693E8070003AB8DE803
S21400FC4007000C950CAACDF834C00E9707CA83E8B7
S21400FC5007000F9512AACDF840C006AD119712E91D
S21400FC60070085E807001946204626F06FFA694621
S21400FC70204626F06BFA2046294636F059FC2046E8
S21400FC8034F0B4FE12B0BDE8F0812027064A00F139
S21400FC900C05BBE72027054A00F10C05B6E7212036
S21400FCA0F0E700BF000201030003010300040103A4
S21400FCB010B591B188B10023C0E90133084B00F1BB
S21400FCC00C0203F1200153F8044B8B4242F8044B1C
S21400FCD0F9D103230370002010BD2120FCE700BFEC
S21400FCE0067E04002DE9F04389461546804685B019
S21400FCF0002858D0002956D0002A54D00278022A6C
S21400FD0047D0032A4AD0012A4DD1142600F10C0709
S21400FD10021D9E4247D813685268D9008DF8071016
S21400FD2059098DF80610590B8DF80510590D8DF8E8
S21400FD300410D10001EB53718DF8031003F03F035C
S21400FD405109372B8DF802104FEA52314FEA5252C2
S21400FD508DF801108DF8002049464046134A94BF9E
S21400FD60C3F13803C3F1780325F0D5FF044660B924
S21400FD7008236A464946404625F0CDFF044620B98A
S21400FD803246394628462BF067F8204605B0BDE8CF
S21400FD90F0831C2600F10C07021DBAE7202600F1AE
S21400FDA00C07021DB5E72124EFE700BF0C8B04000B
S21400FDB02DE9F0438DB00D4691461E460446149F2D
S21400FDC0002840D0002F3ED00AB9002B3BD16B1E36
S21400FDD0DBB2022B37D81D4A12F80380159B9845D4
S21400FDE031D800232802012500F1407000F580700C
S21400FDF03146C4E901332362206046F000562046AF
S21400FE0036F070FBCDF8189006AA0795089607CA34
S21400FE108DE8070048F0005209970A950B9203AD4B
S21400FE200CAA12E9070085E807006946204626F076
S21400FE308DF92046294636F07BFB204634F0D6FD69
S21400FE400DB0BDE8F0832120FAE700BF098B04005F
S21400FE50F0B50F4616461D46044693B010B921204D
S21400FE6013B0F0BD0029FAD0002AF8D0002BF6D047
S21400FE70002331461A46384625F0F1FF0028EFD118
S21400FE80304602A925F097FF0028E9D138683449A2
S21400FE90029A88426B695ED19342E0D32B68002BAE
S21400FEA0DDD14FF060623846C4E90023A3602362C8
S21400FEB001A926F035F80028D2D10199204621F470
S21400FEC0F061019136F00EFB6946284626F028F8C8
S21400FED00028C5D12046009936F004FB384609A90B
S21400FEE026F0B3F80028BBD1204609A926F02EF943
S21400FEF038460CA926F0B4F80028B1D120460CA943
S21400FF0026F024F9EB684BB1284606A926F09DF8A2
S21400FF100028A5D1204606A926F018F9304603A9E0
S21400FF2026F09EF800289BD1204603A926F00EF95D
S21400FF3028460FA926F094F8002891D120460FA94C
S21400FF4036F0F6FA0325204634F050FD012887D116
S21400FF50013DF8D184E7B3EB420F9FD27FE700BFA5
S21400FF60200000B0F0B50E46154604468FB0E8B146
S21400FF70E1B1DAB1012329461A46304625F06FFF73
S21400FF80A0B9B36813F4C04F10D0AB6803F4C043F5
S21400FF90B3F5005F0AD1294B0BAFC4E90030A0606F
S21400FFA020623946304625F0BBFF10B121200FB045
S21400FFB0F0BD20460B9936F095FA012303934FF0D7
S21400FFC00053204602A9049326F0C0F8304605A93F
S21400FFD026F046F80028EAD1204605A926F0B6F80D
S21400FFE0EB68002BE2D1AB6803F4C043B3F5005FC7
S21400FFF0DCD1284601A925F000FF0028D6D1019BB8
S2140100006A699A4218D32A6943F000530B92012277
S2140100100C920D9308AB97E8070083E80700194692
S214010020204636F085FA0325204634F0DFFC012809
S214010030BDD1013DF8D1BAE71D20B8E700000102A5
S21401004010F1860F12D010F1850F0ADA10F1950F14
S2140100500FD010F1930F0CBF6FF06F004FF0FF3011
S2140100607047003818BF0120404270476FF071009A
S21401007070470148704700BF00B2FFFF2DE9F0410D
S2140100800446AEB01DAD0F46164600214122284655
S21401009098462AF0C4FE402200210DA82AF0BFFE91
S2140100A01822002107A82AF0BAFE2378013B082B64
S2140100B058D8DFE803F005574F51535757575500A7
S2140100C0384B00200793FFF7BBFF044600283DD1BD
S2140100D04FF480430993BDF81C30BDF81E4003F46D
S2140100E04F420734B2F5824F4FEAD4043DD1DBB21A
S2140100F0412B3AD122460DA94046069427F0A9FC89
S21401010022462946304627F0A4FC06AB0493412339
S214010110CDE90253069B2448CDE900530DAA234698
S21401012007A926F07FFCFFF78BFF044670B9BDF8E0
S2140101301C30384603F44F41B1F5824F069A2946E2
S2140101402CD1DBB2412B29D127F053FC20462EB00F
S214010150BDE8F081154BB4E7154BB2E7154BB0E798
S214010160154BAEE76FF07100ADE763002246013331
S2140101700DA94046069327F072FC042322460DF192
S214010180750130468DF8743027F069FC611C2246F3
S214010190294406F1080027F062FCB6E727F041FC87
S2140101A0D4E700BF1271C0000000020912710001FD
S2140101B012718001127109024171FF00012908B50F
S2140101C00BDC074B074A002918BF1A46114601F0F7
S2140101D07FFBBDE8084025F0C3BF6FF0730008BD84
S2140101E008000002090000022DE9F0410129054638
S2140101F00E4690461F4692B04AD8046824F0400343
S214010200802B02D0B4F5807F45D1202200210AA898
S2140102102AF005FE234A244B0121012E08BF13466E
S21401022009932B1D0093E408204B44F000540191E0
S21401023009A80294CDF80C800491059306970791BE
S2140102406946089325F082FF03A909A825F07EFFD9
S21401025006A909A836F06CF9296809A8C90836F074
S21401026041F9102109A836F03DF934F0B1FBA8B9DF
S21401027009A836F040F94FF098435A6CD202FCD5E3
S2140102805C6D34F0ADFB04F4702012B0BDE8F08173
S2140102906FF02000F9E76FF07100F6E74FF0FF30DE
S2140102A0F3E700BF00010004000101041000002074
S2140102B02DE9F04101290646884615461F4698B0A5
S2140102C05ED811075FD1046824F04003802B02D06A
S2140102D0B4F5807F5AD12022002110A82AF09FFD74
S2140102E02D4A2E4BE408B8F1010F08BF1346012230
S2140102F00F93331D00932A4B44F00054019202944D
S2140103000397049205930697079208931E9B1F99DD
S214010310099345F000530A920FA80B930C91694676
S2140103200D920E9325F012FF03A90FA825F00EFFDC
S21401033009A90FA825F00AFF0CA90FA836F0F8F8AE
S21401034006A90FA836F0F4F831680FA8C90836F0E8
S214010350C9F829460FA836F0C5F834F039FBC0B9FC
S2140103600FA836F0C8F84FF098435A6CD202FCD565
S2140103705C6D34F035FB04F4702018B0BDE8F081F4
S2140103806FF02000F9E76FF02100F6E76FF01F002D
S214010390F3E74FF0FF30F0E7030200040302010425
S2140103A01000002038B5134DFDF7D2FF124B134A4B
S2140103B01349144805F0BAFE2B7803F0FF04BBB9C5
S2140103C032F060FF012802D935F098F804462B7800
S2140103D02BB90D4B0D481B68984701232B7032F043
S2140103E051FF012804D92046BDE8384035F09CB8B5
S2140103F038BD00BFB46600204362030025620300D7
S2140104005D62030067620300C07C00201C50002070
S214010410F8B5154F3B7803F0FF0503BB32F032FF0A
S2140104200128064603D935F069F8051E19DB3B7825
S21401043053B950230D4CE018A465E36535F00FF968
S2140104402066012408B13C700024012E05D92846F7
S21401045035F06AF80028B8BF02242046F8BD00240B
S214010460FBE70D24F9E700BFB5660020B04C00207D
S21401047000F01F02A0F50620A0F55060812810D8D4
S214010480012309494009934051F820201A4341F8B5
S2140104902020064951F8202022EA030241F82020B4
S2140104A070474FF0FF307047284D0020144D002054
S2140104B000F01F03A0F50620A0F55060812810B5B6
S2140104C019D801210D4A4009994052F820300B43B2
S2140104D00B4942F82030D1E9003423448C68234488
S2140104E0CC68096923445B1804D1C2E90033C2E928
S2140104F00233136110BD4FF0FF30FBE7144D0020AF
S214010500284D00202DE9F04FA7B003921D46044662
S2140105100822CDE90401414021FA02F34B40980735
S21401052002F1080218BF9B00202A1C44F4D1812343
S214010530B4FBF3F303EBC313E41A784B04F5062478
S2140105401B7804F55064002B39D1FCF7C7FD06462D
S21401055000286ED10146402206A82AF060FC3146EA
S214010560402216A82AF05BFC6D4E6E4FB046103640
S214010570B74228BF37466C48013F009743461022D2
S214010580006806A924F0A3FF4FF0000B81460DF189
S214010590180AD94540D1644800974346102200689E
S2140105A016A924F09DFF4FF00008834616AFC345F9
S2140105B045D15E4B9E42D8D10122584B1A708127F5
S2140105C00026DFF878A1DFF878B16309A3F5864342
S2140105D0683B5AF8232004F01F01CA40D20744D4CE
S2140105E05BF82330CB40DB0732D5002E08BF26460A
S2140105F08123A4F50624A4F6FF44B4FBF3F303EB2E
S214010600C313E41A04F50624013F04F55064DCD153
S214010610039BFBB12EBB1DE05AF8040BFFF728FF26
S214010620013009D100223D4B1A703C4B1B78002B40
S214010630C5D16FF091000FE00BF1010BA9E757F858
S214010640040BFFF735FF0130EFD008F10108AEE7E4
S214010650039B23B96FF08B0027B0BDE8F08F06B976
S2140106602646329B00201E60F6E7309B13B100231E
S214010670309A1360319B13B10023319A13604FF007
S2140106801009DFF8A480CDF8009000232A46214601
S214010690D8F80000FCF722FB002836D1309B0BB1BE
S2140106A0C3F800902A68224B9A4217D02146D8F800
S2140106B00000FCF76FFC0028CCD1D5E90223DDE968
S2140106C00410834208BF8A4292D1039B002BC7D0F5
S2140106D06B68012BC4D16FF08400BDE7309B002B03
S2140106E0EBD0319B002BE8D02146D8F8000016AAA3
S2140106F0FCF73CFB48B9319B309A1B681268934261
S21401070097D39B1A319A1360D7E70A4B9842CDD0FC
S2140107106328CBD0084B9842CFD08AE7B666002034
S214010720006D0800816D0800847C0020906D080033
S214010730105D175EFFDF00F0FEDF00F0284D0020A1
S214010740144D002070B5124D2B7803F0FF04CBB981
S21401075032F098FD012802D934F0D0FE04462B78F9
S2140107604BB90C48436D43F0010343650A4B1B68C4
S214010770984701232B7032F085FD012802D92046C7
S21401078034F0D2FEBDE87040044B02481B6818479F
S214010790B76600203C4D0020C07C0020B87C0020BD
S2140107A0034B1B781BB1034B03481B681847704764
S2140107B0B7660020B47C00203C4D00202DE9F04FA8
S2140107C087B08246894698461646DDF840B02AB17B
S2140107D0002B57D040F26C739A4256D8BBF1010FEA
S2140107E056D8002406F1100739460120059426F054
S2140107F0F6FA054600284ED021463A462AF00FFB67
S214010800FFF7A0FF05ABCDE9014300942B4601227B
S21401081050464946FFF776FE044690B110F18C0F1C
S21401082008BF6FF08D043A46002128462AF0F7FAF1
S214010830284636F0B6F8FFF7B3FF204607B0BDE806
S214010840F08F164BC5E902A92B60C5F804B02EB18E
S2140108503246414605F110002AF0FEFA059E104880
S2140108603B462A4631460068FCF750FB38B930460D
S214010870FFF7FEFD013008BF6FF08604D3E76FF087
S2140108809104D0E76FF08604D7E76FF09104D4E7C0
S2140108906FF08504D1E76FF08C04CEE7105D175E2C
S2140108A0847C00202DE9F0478CB08146DDE9147880
S2140108B00C4616461D465BB1B8F1000F47D0B7F19E
S2140108C0005F44D3C3F1005303F5C0339F423ED8C3
S2140108D04FF0000A1022002108A82AF0A0FACDE95C
S2140108E005AAFFF72FFF07AB029305AB019306ABF3
S2140108F0214600935246484608ABFFF703FE0446DE
S214010900D0B9059B3DB1B3421CD853EA060504D0C5
S2140109106FF0860410E0B342FAD3069B0D48C8F880
S214010920005000953A46079900683344FCF7D6F91B
S214010930002818BF6FF09104FFF732FF20460CB075
S214010940BDE8F0879B1B9D4228BF1D46E5E76FF07B
S2140109508604F3E7847C002070B500260C46054625
S2140109608CB01022002108A82AF059FACDE90566B4
S214010970FFF7E8FE07AB029305AB019306AB2146F2
S21401098000933246284608ABFFF7BCFD044608BB79
S214010990099B012B23D0079D144B29461868FCF7A9
S2140109A0F9FAF8B9A5F50623A3F55063812B05F0EE
S2140109B01F020DD801210E485B09914050F82320F3
S2140109C04A4040F823202846FFF772FD013001D146
S2140109D06FF08604FFF7E4FE20460CB070BD6FF0A2
S2140109E08404F7E76FF09104F4E700BF847C0020ED
S2140109F0284D00202DE9F04198B006AD00F13006F3
S214010A000446884617460FCE0FC596E80F0085E8C0
S214010A100F00282200210EA82AF001FA0EA835F0B0
S214010A2057FD034604F1300023B16FF0920018B071
S214010A30BDE8F0812368184923F47E128A4218D152
S214010A40C3F30543CDE904730D9BCDF80C800293E7
S214010A5009AB0193089B221D00930EA99DF818303F
S214010A6024F0E3FF0028E0D1636A00203B44636280
S214010A70DDE70A4B9A420CD10D9BCDE90287019323
S214010A8009AB0093221D9DF818300EA9FEF7F8FA5F
S214010A90E8E76FF08500CAE700014005000240055F
S214010AA030B5048804F4E043B3F5005F20D104F4C4
S214010AB0E063B3F5806F1BD181F0AA6383F4807382
S214010AC033F47E1306D081F0AA6383F4007333F403
S214010AD07E1316D1C1F30543224D21F47E11A9429E
S214010AE011D005F58075A94224D06FF0850030BD80
S214010AF042F204039C4204D181F0052383F480135F
S214010B00E5E70023E8E7B4F5105F28D1418821F036
S214010B104000802802D0B1F5807F20D1191F0C2912
S214010B201DD8DB071BD4073A062A8CBF6FF0860058
S214010B300020DCE7B4F5105F11D1418821F04000B8
S214010B40802802D0B1F5807F09D1043B0C2B06D852
S214010B502AB10C2A14BF6FF085000020C7E76FF09A
S214010B608600C4E7000140052DE9F04F9DB08B4695
S214010B70DDE92A6598468146DDF89CA02E9F0992FC
S214010B8028B96FF0860420461DB0BDE8F08F002915
S214010B90F7D0269B002BF4D0289B13B9299B002B5A
S214010BA0EFD10EB9002DECD117B92F9B002BE8D150
S214010BB0309B002BE5D02C9B002BE2D052464146C1
S214010BC04846FFF76DFF04460028DCD1014628227F
S214010BD012A82AF024F9202221460AA82AF01FF991
S214010BE012A835F075FC10B16FF09204CBE75946A8
S214010BF04846099A0AAB25F025FC04460028C2D1CE
S214010C002F9B9D4248D8BE4208D273199F4205D2F7
S214010C1031462A4638462AF0E9F83E46214B28F462
S214010C207E18984506D003F5807398451FD06FF05F
S214010C308804A8E72D9B2A4606932C9B0396CDE9AC
S214010C400473299B0AA90293289B12A8CDE900A345
S214010C50269BFDF7D9FD212893D02C2802D16FF0D1
S214010C60940490E70028BFD1309B1D608BE7BAF152
S214010C700C0F14D12C9B2A4606932D9B0396CDE987
S214010C800473299B0AA90293289B12A8CDE900A305
S214010C90269BFEF71DF9DEE76FF0890473E76FF018
S214010CA0850470E7000140052DE9F3470A9E0C46CE
S214010CB091469A460546DDF8308000284DD0002939
S214010CC04BD0002A49D04B880733BAEBD30F44D315
S214010CD00B88B3F5105F1FD186F0AA6383F4807387
S214010CE033F47E1306D086F0AA6383F4007333F4DC
S214010CF07E1303D1C6F30543102B2ED8A82200215C
S214010D0028462AF08CF8204A26F47E13934209D00E
S214010D1002F58072934205D06FF08504204602B03A
S214010D20BDE8F0872F4647F8046B20463B465246FF
S214010D30494625F087FB04460028EFD1019001A91A
S214010D40384625F038F8D8B9019AA2F110011029D1
S214010D5003D80E4BCB40DB0702D46FF08604DDE7E9
S214010D600E9B1A440D9B9A42F7D8404669692AF0B1
S214010D7073F89DF82C30C5F8148085F83030CDE72F
S214010D806FF09204CAE700BF0001400501010100AF
S214010D9038B515460446D0B1C9B1C36CA3B90368CA
S214010DA00C4A23F47E13934204D10C2D04D06FF029
S214010DB0850008E0102D0AD82A4604F13C002AF0E6
S214010DC04BF80020E56438BD6FF08800FBE76FF054
S214010DD08600F8E70002400530B50446F0B1036826
S214010DE0104D23F47E10A84206D005F58075A84262
S214010DF004D06FF0880010E0D8030FD413F4701FEE
S214010E000CD0C3F30543102B08D8636A002BF0D12E
S214010E10A06A0028EDD1C4E90D1230BD6FF086003E
S214010E20FBE700BF000140052DE9F0438FB0044603
S214010E3016460021282204A81D46169FDDF860806C
S214010E4029F0EDFF04A835F043FB20B16FF09200C6
S214010E500FB0BDE8F083002C48D02368254A23F460
S214010E607E1393422ED194F87E00DFF88C90179B68
S214010E702844984237D806B10FB9002D36D1B8F1BB
S214010E80000F33D0E5B1636A3BB9A26A2AB91146AD
S214010E902046FFF7AFFD0028DAD1174BCDE90178E0
S214010EA0994500962B4604F1040204F1300004A98A
S214010EB013D0FEF7C1F90028C8D1A36A2B44A36258
S214010EC00020C5E70D4A93420AD194F8A030DFF816
S214010ED03090102B18BF1846C9E7FDF77FFDEAE7EB
S214010EE06FF08500B4E76FF08900B1E76FF0860018
S214010EF0AEE700BF000140050001500500024005B5
S214010F00000250052DE9F04F05468FB09146DDE908
S214010F1018AB2822002104A81E46DDF86C8029F0B3
S214010F207EFF002D00F086802B681A9AC3F30547D2
S214010F3097427CD8FF2E7DD8BAF1000F7AD0BBF14C
S214010F40000F77D0B8F1000F74D00022CAF8002045
S214010F50002B72D06B6A6BB12B68394A23F47E136F
S214010F60934215D1374C04A835F0B2FAD8B16FF0D8
S214010F70920409E0AA6A002AEED111462846FFF734
S214010F8039FD04460028E7D020460FB0BDE8F08FB3
S214010F902D4A934205D0B3F1052F2C4C18BF0024DF
S214010FA0E1E72B4CDFE7274B9C4221D003F580730A
S214010FB09C4239D195F8A1303BB16FF0860404A864
S214010FC024F01FFD0028DFD0D1E7FBB2F6B2009374
S214010FD0CDE901965B46CDF80CA02A1D04A905F1C2
S214010FE03000FEF711FCB8B90446C8F80070E6E711
S214010FF095F84C30002BE0D1FFB2F6B200975B4675
S214011000CDE90196CDF80CA02A1D04A905F1300002
S21401101024F01DFEAF6CE6E700232128C8F8003057
S214011020CBD06FF09204CAE76FF08504C7E76FF084
S2140110308904A9E76FF08604A6E76FF08804A3E7A2
S214011040000140050001500500024005000510059D
S21401105000025005094B20F480629A4202D0084BE8
S214011060984207D10B88B3F5105F14BF6FF0850067
S214011070002070476FF08500704700BF00404004B5
S2140110800013C0041038102808D8064BC34013F0CC
S214011090010F0CBF6FF08600002070476FF08600CE
S2140110A0704700BF010101002DE9F04F8A46A5B047
S2140110B00021DDE93074DDE932580490934606A834
S2140110C010221E46DDF8D09029F0A9FE102200213C
S2140110D00AA829F0A4FEBAF1000F05D16FF0860A1E
S2140110E0504625B0BDE8F08FBBF1000FF6D00FB922
S2140110F0002CF3D12E9B13B92F9B002BEED115B9E3
S214011100B8F1000FEAD1B9F1000FE7D004993046E3
S214011110FFF7A0FF0146002839D1282205901AA81A
S21401112029F07DFE2022059912A829F078FE1AA83A
S21401113035F0CEF910B16FF0920AD1E751465A4612
S214011140049812AB25F07EF982460028C8D1129881
S214011150FFF798FF82460028C0D114B9C9F80000ED
S214011160BEE7AF4222D23B199D421FD24445B5D8B5
S21401117022463946284629F039FE994B9E4200F010
S214011180C48007D8A3F580739E4200F0B5806FF047
S214011190850AA5E7934B9E4279D003F540739E429C
S2140111A075D0914B9E42F2D12F465FE08E4B9E4208
S2140111B059D00DD8A3F580639E4200F09E8003F5BA
S2140111C080739E42E3D124F00F031033434598E029
S2140111D0844B9E4203D003F540739E42D7D1102222
S2140111E000210EA829F01BFE44453FF677AF7F4B42
S2140111F09E422F9B4DD10D2B7FF470AF01238DF8AE
S21401120038302E9B0DF1390203F10C0153F8040B13
S2140112108B4242F8040BF9D11B78137001238DF829
S214011220473014F00F0624F00F0B42D106AB0193A2
S2140112300EABCDE9027500935A46002312A91AA8EF
S214011240FDF7F6F90746002853D042460021284606
S21401125029F0E5FD0023012FC9F800307FF46BAFBC
S2140112606FF08B0A3CE744453FF638AF14F00F02A7
S2140112707FF434AF2346CDE9007512A91AA8FDF70D
S214011280DBF807460028E0D1C9F8004028E72F46DA
S214011290A5E7102B7FF422AF2E9B0EAA03F1100CAC
S2140112A0164618685968083303C663453246F7D1AF
S2140112B0B7E707EB0B030DF1280C03F1100E62469E
S2140112C018685968083303C273459446F7D10F2C42
S2140112D0ACD805EB0B0303930AAB029306AB019361
S2140112E00EAB00933246002312A91AA8FDF7A0F907
S2140112F0C7E7002EC8D0ECE72F4623077FF4EEAEF3
S214011300444504D96FF0890AEAE62F465BE72F9B2E
S214011310102B7FF4E3AE06AA93462E9B03F1100E24
S2140113209446186859680833ACE80300734562466A
S214011330F6D12B4B9E4207D124F00F0104F00F0289
S21401134039440AA829F088FD0F2C39D8244B9E422F
S2140113509AD104F00F00C0F110020AAE11463044D3
S21401136029F05DFD0F2C0ED924F00F022A44A2F1BC
S21401137010030DF1180C674618685968083303C73F
S2140113809342BC46F7D110230022CDE90166CDF881
S21401139000B012A91AA8FDF7B9F8074600287FF48D
S2140113A054AF24F00F0425440EAA334603CB9342D0
S2140113B0286069601E4605F10805F6D1103463E71A
S2140113C0CDE901750022CDF800B024F00F0312A973
S2140113D01AA8FDF79BF807460028B7D035E700BFE7
S2140113E0004140040010C004004440040013C0043F
S2140113F02DE9F04F0D46B5B00021DDE93EA40646C5
S214011400904602A82022994629F009FD20220021B3
S2140114100AA829F004FD2022002112A829F0FFFCC9
S214011420282200211AA829F0FAFC4022002124A82B
S21401143029F0F5FC4DB1B8F1000F06D0BAF1000F56
S21401144003D0409B0BB1429B2BB96FF08605284613
S21401145035B0BDE8F08F2F88B5F802B007F4E04349
S214011460B3F5804FF1D0454B4549334043F0106307
S2140114708B4227D10BF10703B9EBD30F4FEAD30603
S214011480E3D3419B9E4275D81AA835F021F810B1D6
S2140114906FF09205DBE7002301A91AA8019333F048
S2140114A0EFFA0028F4D1019B364923F07F438B42A3
S2140114B0019307D947F212139F4206D047F2411310
S2140114C09F4235D06FF08505C1E7BBF5807FF9D126
S2140114D040231A4602342C480AF1010A24F0030478
S2140114E024A90A9000201793CDE91501CDE90D0A2C
S2140114F0139228464A46414602AB0F9424F0A2FFB7
S21401150005460028A3D10C9B129043F400531AA859
S2140115100C9334F0DDFF0028BAD112AB0AAA02A957
S2140115201AA8FEF795FC044690B148288DD1C9E764
S214011530A6428AD8BBF1FF0FC4D1419B03340333C3
S21401154020224099114824F0030423F00303C8E73E
S21401155047F212139F420AD13246409824A929F035
S2140115607BFC234624AA13550134402CFAD1429B16
S2140115701E606CE76FF0890569E700BF0000FFF6A3
S214011580000002090102010020000080200000B0D6
S214011590F8B5134642880C460732072A4FEAD201AD
S2140115A001D0A14253D1D0E901670588202218460F
S2140115B0002129F034FC360A0346002E4AD1002CBD
S2140115C045D041F20102954205D0B5F5885F02D0BB
S2140115D0B5F5905F02D15C60002011E0B5F5105FB3
S2140115E007D1182C03D0202C01D0102C2FD11C6031
S2140115F0F1E705F44F42B2F5824F02D06FF0850055
S214011600F8BDEAB2122A03D1202CF7D1134A04E01E
S214011610412AF3D1202CF1D1114A25F0FF05B5F569
S214011620E24F1A600CD0B5F5824F10D14FF400523C
S21401163017F4705F09D017F4864F04D09A60DDE77F
S2140116404FF48042F4E742F480629A60C4E76FF098
S2140116508600D5E76FF08B00D2E700BF2000008040
S214011660200000B02DE9F04F99460388144603F494
S2140116704F42B5B0B2F5824F80460F46409E02D02B
S2140116806FF0850065E011B96FF0860061E0002C0F
S214011690FAD0002EF8D0DAB2122A0DD0413A012A39
S2140116A0EED83368002B00F0BC80DA1DB4EBD20F05
S2140116B0EAD1FF2B23D0B6E023F0FF03B3F5E24FC8
S2140116C035D1438833606BBBE3003360B3F5807F6D
S2140116D0D6D1002318465D493D19214415F8012D40
S2140116E011F801CD1043B2EB0C0218BF0023AF4234
S2140116F043EA0203F2D10028C6D0002BC4DA3E9B8F
S2140117009C4200F2A08022463946484629F0A4FBB6
S214011710B8F800004946326824F07FFE3F9B00205F
S2140117201C6016E0DA1DB4EBD20FCFD0ACE7B3F5F0
S214011730824F40F085800B78042BA5D1282200210A
S21401174019A829F06CFB19A834F0C2FE20B16FF07D
S214011750920035B0BDE8F08F0090694619A833F0C5
S2140117608FF90028F3D1009B394A23F07F43934237
S21401177086D94FF0420B23AD5A460021284629F060
S2140117804EFB01232022002101A88DF88C3004F1A4
S214011790FF3A29F044FB7B1C2022002109A805936F
S2140117A0CDF818A029F03BFB2022002111A8CDE995
S2140117B00D5B29F034FB4FEACA035B08B3F5807F63
S2140117C0CDE9155B33600BD003D8E02B3FF458AF5F
S2140117D05AE7B3F5C07F3FF453AFB3F5047FF5E79F
S2140117E01C4B01AA019309934FF4005303934FF442
S2140117F080430B93402309A9129319A811ABFEF756
S21401180027FB33680733DB085A0043B900283FF447
S21401181076AF39E705F8013B013AFBD2F6E700233C
S214011820FAE7E3003360B3F5807F7FF429AFB8F8B9
S2140118300230B3F5807F3FF423AFFF2333605EE7CA
S2140118406FF0960085E76FF0890082E7588B0400F9
S21401185001020100200000802DE9F0438DB01746FB
S214011860DDE9149498460E4601B94ABBB8F1000F5B
S21401187002D1B9F1000F23D114B3144B984222D1EF
S2140118802023B9F11F0F236006D800236FF08900CB
S21401189023600DB0BDE8F08302A834F019FE0546BA
S2140118A010B16FF09200F4E73B4632460321CDE9D2
S2140118B0008902A8FEF77CFA0028EAD02560F0E746
S2140118C06FF08600E5E76FF08500E2E709000002A9
S2140118D030B50D4604468BB0A0B1031D6C22002125
S2140118E0184629F09CFA0A4A95420ED10322694607
S2140118F02270FEF7DDF9002814BF6FF09200002079
S2140119000BB030BD6FF08600FAE76FF08500F7E7A1
S2140119100900000230B58BB06C46694D0FCD0FC47F
S2140119202B68684A2360FF238DF80130D2F84C31CA
S21401193013F4802340F0B780D2F850218DF801309F
S2140119409DF801306C46FF2B08BF4F2368465E4D5D
S2140119508DF80130FCF780F93220FCF7B5F90FCD90
S2140119600FC40FCD0FC495E8030084E80300554B60
S214011970D3F84C21120300F19080D3F85041E4B221
S2140119808DF81940FCF762F9044484F308044F48C3
S2140119908DF81840F9F734FF6846FCF7BFF8322097
S2140119A0FCF798F94A48FCF769F84A4C4A48FCF7AC
S2140119B097F94A4834F0E8FEFCF71CF8236F00203C
S2140119C023F0070343F002032367FCF721F8236F94
S2140119D0434923F4505343F480632367D1F8FC2032
S2140119E012F080721EBFD1F8FC3023F08073C1F86C
S2140119F0FC30D4F8803023F0030343F00203C4F82C
S214011A00803032B1364AD2F8FC3043F08073C2F8E7
S214011A10FC30304BD3F8202122F0070242F00102BD
S214011A20C3F82021D3F8802122F0030242F00102FC
S214011A30C3F88021D3F8402122F0030242F00202CB
S214011A40C3F84021D3F8602122F0030242F00202DB
S214011A50C3F86021D3F8402222F0030242F00202CA
S214011A60C3F84022D3F8002222F0070242F0020215
S214011A70C3F80022D3F8082222F0070242F002023D
S214011A80C3F80822FBF7DAFF4FF0E02200201369C3
S214011A9043F0040313610BB030BD124B1C88FF2CBE
S214011AA088BF81246CE74FF07E6393F89C2093F9FE
S214011AB09C30002BFFF644AF8DF8012040E700BFB5
S214011AC0788B04000080E00F8C8B040000F0490244
S214011AD000B4C40400800050C0EA2101148C040044
S214011AE000ED00E00001E00F13B50024064A684649
S214011AF0536F43F00103536700948DF80440FCF7DD
S214011B0053F9204602B010BD004000502DE9F047C1
S214011B1005460E4621B900F005F9064600286DD0A7
S214011B20337D1F2B6CD834F06DFC0746354B1B6894
S214011B30183B13F1180F0FD1DFF8CC80D8F80090BE
S214011B40ADBB424629461C2000F0A0F90446C0B1B0
S214011B50384634F052FC05E0AB4206D1384634F044
S214011B604CFC12242046BDE8F0871A68B24201D028
S214011B709B69DDE73846002DF1D034F03EFC232486
S214011B80F0E74FF0010AD8F8005000220421307D1A
S214011B9005F1100300F082F9044680B1BAF1000F96
S214011BA002D0284634F0F9FEC8F80090D0E7B9F123
S214011BB0000F01D1C8F800504FF0000AE5E70246D1
S214011BC00421307D05F1140300F068F9044618B1CC
S214011BD0286934F0E2FEE1E7294668602873A860C8
S214011BE041F8186B074823F006F8304624F06AFFE0
S214011BF008213046297324F080FFA9E72D24B1E798
S214011C000F24AFE7A84D0020A44D0020024B1B680F
S214011C1003600020704700BFA44D00202DE9F04767
S214011C200F469046054608B9314B1D6834F0EAFB6D
S214011C3001232E68696896F814E06FEA010C03FA2E
S214011C400EF3013B23EA010494FAA4F4B4FA84F4F3
S214011C50A64504D834F0D1FB1A20BDE8F0877A07F0
S214011C6007D54FF00109326909FA04F919EA020F9A
S214011C70F0D03A0710D50122F668A2403242E9D0E8
S214011C80BA070BD40123A3400B436B6088F80040CE
S214011C9034F0B3FB0020E0E7002FF1D12A7B964514
S214011CA0F0D0AEEB020A0AF1FF395FFA89F9A145D5
S214011CB0E8D301269640013EBF0706FA0AF609D583
S214011CC042B10CEA060292FAA2F2B2FA82F2964502
S214011CD088BF14464C45D5D223EA060313EA0C0303
S214011CE014BFB3FA83F32023C3F11F03DCB2C9E7A1
S214011CF0A44D002070B50D461646044608B9084B9B
S214011D001C6823681B7DAB4208D934F07BFB236932
S214011D1043F8256034F071FB002070BD2120FCE7FC
S214011D20A44D002000487047B48B0400F8B5134D4D
S214011D306B6D2A6D1340124A002B13659EB202DBAF
S214011D4001276EB9F8BD0123E9680E4AC1F30421E3
S214011D508B40284642F82130BDE8F84033F07CB885
S214011D60B6FA86F4C4F11F04E4B22146284607FAFF
S214011D7004F433F071F826EA0406E2E700000450A2
S214011D8000200450AC4D00200028ACBF00F160409C
S214011D90064B4FEA0111C9B2ABBF00F5614000F036
S214011DA00F0080F800131954704700BF14ED00E0CF
S214011DB008B534F027FB0B4B1A7872B901221A705A
S214011DC034F01BFB6FF0040210460132052152B2BB
S214011DD0FFF7DAFF3D2AF7D108BDBDE8084034F029
S214011DE00CBB00BFB9660020002807DB01234109B0
S214011DF0034A00F01F00834042F82130704700BFBD
S214011E0000E100E0054B421153F8223000F01F00BC
S214011E1023FA00F0C04300F00100704700E100E043
S214011E20002808DB01224309034900F01F00824015
S214011E30603341F82320704700E100E013B50A4CF7
S214011E4023787BB900F05CF8684600F051F8DDE9CC
S214011E5000010222054B25F060FA08B90123237020
S214011E6002B010BD1220FBE7BA660020CC4D002060
S214011E7007B5009313460A460146034824F09AFE26
S214011E8003B05DF804FB00BFCC4D002013460A46A4
S214011E900146014824F07DBFCC4D002007B50093D4
S214011EA013460A460146034824F07DFF03B05DF859
S214011EB004FB00BFCC4D002013460A4601460148EC
S214011EC024F097BFCC4D002007B54FF0FF330092AA
S214011ED00A460146024825F043F903B05DF804FBC3
S214011EE0CC4D00200146014825F069B9CC4D0020B3
S214011EF0024AD2E90021C0E900217047F44D0020D2
S214011F000349044B044A5B1A11605360704700BFD3
S214011F10007E002000800120F44D0020BFF35F8F7B
S214011F20074B5A6A22F480325A62D3F8942022F080
S214011F300102C3F89420BFF34F8FBFF36F8F704732
S214011F4000ED00E070B5FFF7E9FF234A234CD2F815
S214011F50C030234D23F0FF0343F0A003AC422149D8
S214011F60C2F8C03028D025F01F03203BB3F1005F34
S214011F7023D21D4B0A68184823F01F0343F00303BE
S214011F80C0F89820C0F89C30184B0132C0F8A03039
S214011F900A60BFF35F8F05220F4BC3F894205A6A7D
S214011FA042F480325A62BFF34F8FBFF36F8FBFF395
S214011FB04F8FBFF36F8F70BD0D4B08680D4EC2F883
S214011FC0980043F001030130AC42C2F89C60C2F8AD
S214011FD0A0300860DDD0CCE700ED00E0E06900202D
S214011FE040680020FC4D0020FF690020E17F0120B1
S214011FF000800120030000202DE9F0410E46114625
S214012000DFF8D480D8F80040FF2C8CBF1A270027B1
S214012010FFF784FF1F292AD90021C2061CBF20F022
S2140120201F0020302B4DF30618BF26F01F06CBB23B
S2140120309C4231D8D5F8C03040F0030423F47F43E6
S21401204043F48073C5F8C03034F0DCF9D8F80030BA
S21401205046F00306C5F89830C5F89C40C5F8A06060
S21401206034F0CBF9D8F800300133C8F80030BFF3AC
S2140120705F8F0522174BC3F894205A6A42F48032C8
S2140120805A62BFF34F8FBFF36F8FBFF34F8FBFF30C
S2140120906F8F3846BDE8F081C5F89830D5F89C308A
S2140120A0D5F8A02023F01F03984222F01F0201D189
S2140120B096420BD0904201D89E4209D2D5F898306C
S2140120C0013123F0FF03C5F89830B0E70027CEE7CB
S2140120D02827CCE700ED00E0FC4D002008B528F0ED
S2140120E0D9FD034B1868BDE8084033F09EBA00BF1F
S2140120F0004E002030B5094D8BB001AC0FCD0FC49A
S2140121000FCD0FC42B68002101AA0548236033F0C8
S2140121102DFA044B18600BB030BD00BF248C0400B0
S214012120DD200100004E002070B534F06BF9144E2E
S21401213005463478FCB9134B1C60134B1C60134BDB
S2140121401C6000F031F8012033F03AF933F02CF935
S2140121500F4B0246186020B9284634F04EF923206A
S21401216070BD234640F2E7310A4804F095FC0A4B5D
S214012170186001233370284634F03FF90020EFE75A
S214012180BD6600200C4E0020084E0020144E002094
S214012190104E002018FCFFFF044E0020014B18686B
S2140121A0704700BF044E002030B50024194B85B09F
S2140121B018689A880290D3F806009B7A0090164811
S2140121C0ADF80C208DF8043034F0DEFA02A88DF854
S2140121D008408DF80C40FBF733FF694601208DF867
S2140121E00040FBF7F1FE1F220C4B9A615A614FF03B
S2140121F0B042936A13F00803FBD113620120FBF788
S214012200FDFE0A20FFF70CFE0A20FFF7EDFD05B0E4
S21401221030BD00BF488C04000C8C04000020005820
S21401222010B534F0EFF84FF0B04304465B691A0777
S214012230074A03F0010003F00D0348BF40F0020017
S214012240536132F0E7FF2046BDE8104034F0D5B8C0
S2140122500020005873B5114D04462B78C3B10021F8
S2140122600F4B1E680F4B10481A6800F083F82B7846
S214012270324683F001032B70002301930B4B21465A
S21401228000934FF0FF3001232FF0E8FA02B070BD43
S214012290074B1978074B1E68E4E700BFC1660020AC
S2140122A0184E0020204E00203C4E002055220100F2
S2140122B0BE6600201C4E0020642A70B50D461446EA
S2140122C036D81C4E7270B37030700BB102B158B96B
S2140122D019494FF0FF302FF0CCFA2A460021174853
S2140122E000F048F8012070BD642A07D112494FF06A
S2140122F0FF302FF0BEFA2A463178F0E7104A11482F
S2140123001160002210490A7014FB03F1C4F1640441
S21401231014FB03F409B20D4B01EB810124B20160F9
S21401232004EB8404114604481C60FFF793FFD9E7C9
S2140123300020D8E7BE660020244E00203C4E002038
S214012340204E00201C4E0020C1660020184E0020A2
S214012350014B1860704700BF644E0020014B1860A7
S214012360704700BF5C4E0020014B1860704700BFED
S214012370604E00201FB503460848006840B153B1BF
S2140123808DF8081001A90193039225F074F9012034
S21401239005B05DF804FB1846FAE700BF684E00205A
S2140123A00F4A10B593689060434003F4806413F4B9
S2140123B0007311D00B4A106818B124B10A4A10688C
S2140123C000B910BD1BB1074B1B68984714B1064BEB
S2140123D01B6898470120F4E7002CEFD1FAE700BF0D
S2140123E0504E0020484E00204C4E0020014B98686D
S2140123F0704700BF504E002040B1C268531C05D044
S2140124000123934019B1034AC2F820347047024AA7
S214012410FAE700BF00D0035000E003500F4A104B0C
S214012420117821B90F49096C198001211170B3F98E
S21401243000201888002AB8BF80F06200B3F90210A5
S21401244042001A805A880029BCBF82F4805282F06A
S2140124500B02510059805040704700BFC3660020F0
S2140124602A6300200080E00F0D4B10B51A78AAB938
S21401247001240C481C70FFF76BFF25F047F8F9F7AD
S21401248075FA21464FF0FF302FF0E3F90648FFF7C3
S21401249065FFBDE810400548FFF766BF10BD00BFE9
S2140124A0C2660020548C04005F760300E5610100DB
S2140124B0044B1A7E1044C0B253F82020013243F870
S2140124C0202070476C4E0020034B5B7E13B1042026
S2140124D0FFF7EEBF704700BF6C4E0020064B70B58D
S2140124E006460D46144600215822184628F097FC49
S2140124F0C0E90965C46270BD884E002070B51E46ED
S2140125005306154615D5114A1479937814F002042A
S21401251004D054799C4234BF0024012492799A4213
S21401252012D3002C0CBF0121032100220848FFF71B
S21401253021FF084B1D4204D0002205481146FFF733
S21401254019FF2846314670BD0021EEE7884E00206F
S214012550C84E00200950010038B50C46C105054695
S21401256007D5FFF743FFC4F3002340EA8320FFF7B4
S21401257017FFAA0508D5FFF739FF04F4007220F407
S21401258000701043FFF70CFF6B0506D5274BC4F30D
S2140125908021DA7861F30002DA70280506D5234B2C
S2140125A0C4F3C0211A7961F341021A71E90406D510
S2140125B01E4BC4F300311A7961F300021A71AA04A2
S2140125C006D51A4BC4F34031DA7861F30412DA7097
S2140125D06B0419D5154AC4F38031D37861F3C3036C
S2140125E013F00800D37018BF13794FF000011EBF17
S2140125F05B0003F0020343F08000D379127A5B009C
S21401260003F0FE03FFF758FEEBB213B1074B83F856
S2140126103240B5F5803F28BF044A4FF0010022BF83
S214012620138E03EB1443138038BD00BF884E002081
S21401263070B5064625F031F80D4D80F001010446CF
S214012640C9B2686A2FF0E9FB86B17CB9686A11F0F5
S214012650A7FA052801D1FFF737FFAB6A9847BDE80F
S2140126607040002203481146FFF784BE70BD00BFCC
S214012670884E0020C84E0020084B10B55A6A044602
S21401268052B1820504D5D87800F00100FFF7D0FFDB
S214012690A30601D524F0FCFF10BD00BF884E002024
S2140126A037B50546104CC3882386FFF7DDFEEA885A
S2140126B0AB884FF6FF7013442380AF23637142F259
S2140126C0FF73E380142323722968FFF745FF4FF455
S2140126D00070FFF7D1FF40220023CDE90023606A96
S2140126E02FF057FA03B030BD884E002007B5F9F732
S2140126F007FA094B984200D050B9002101A8F9F712
S214012700D3F928B94FF0FF309DF804102FF0C3F924
S21401271003B05DF804FB00BF038000F038B508463F
S2140127200C462FF075FB034620B994E80700024DCE
S21401273085E80700184638BDE44E002070B5042928
S21401274015461C46049E01D9212070BD02D12FF0EA
S21401275031FB01460B4B9A7A8A42F5D918680C234D
S21401276003FB010115B1B1F904302B8014B1B1F9A5
S214012770063023800EB90020E7E7B1F90830338030
S214012780F9E700BFE44E00202DE9F0432A48DDF8C2
S2140127901C80847A94424BD90C246243D0F800E022
S2140127A01EEB020446D06089002843D0B4F90450D9
S2140127B0B4F906608D42B4F908701DDCB142A8BFB9
S2140127C03146002F36D000F1FF3C1FFA8CFC07FB88
S2140127D00C594C1B94FBF7F44E45D8BF6046A4B287
S2140127E0A04202D3B14218BF20465EF802C05CF890
S2140127F020200CEB800403E02946E2E7013880B292
S21401280018B154F804ED7245F8D0B1421EBF17FB5B
S21401281000F1491909B2994203DD10B1013880B2BD
S214012820E5E70020C8F80020A8F80410BDE8F0830A
S2140128300E20FBE70220F9E7E44E002008B5064922
S2140128404FF0FF30FFF76AFFBDE8084001214FF067
S214012850FF302FF0DFBA00BF309D040000487047FC
S2140128600080FFFF7FB50222084B0949CDE901230D
S2140128704FF00073CDE90313052301A94FF0FF3094
S21401288005932FF0D4FB07B05DF804FB006A18002F
S21401289000020400044B1B68584043085B42404258
S2140128A01843C017704700BFF04E0020054B01319A
S2140128B01B680132434022EA030208400243501ECD
S2140128C000B27047F04E00202DE9F04F99B0CDE9E7
S2140128D00210002118460192059325F065F900289B
S2140128E000F0E7814FF001098E4B0599149301988A
S2140128F015ABADF83090ADF83890CDF84090CDF8E6
S2140129004890139325F0D9F801301ED1039B33B9B3
S214012910029B9BB90023184619B0BDE8F08F002131
S214012920039824F0F4FF0028F2D00024A046A24623
S2140129302746264600946FF00F03D5E0DDE9011027
S21401294024F0AFFF0028F0D1E4E7002501990BA899
S2140129500B95ADF8325024F0A4FF0B9E0446BDF84B
S2140129603270002840F09E810D90ADF83A0005992E
S2140129700DA824F096FFDDF834A00546BDF83A8090
S214012980002840F09481019B0F90D9880FA802314E
S214012990ADF83890ADF8309024F0ECFE044618B14E
S2140129A00F9B2C460093C6E701460FA824F0AFFF05
S2140129B00F9B00930028BED1019B1190D98811A8C6
S2140129C0023124F0D7FE119C83460028B3D10DA80E
S2140129D025F005F800F01F001F2870D0C0F11F0376
S2140129E019460BA8049325F040F80B9EBDF83270EB
S2140129F00028A0D104990DA825F037F8DDF834A0F9
S214012A00BDF83A80002896D1C1463D46A7EB080B93
S214012A104FEA4B1319460DA8CDF834A0ADF83A800D
S214012A20079325F022F8DDF834A0BDF83A80002897
S214012A3081D1009B03EB8B0B0DA90BA80B96ADF870
S214012A403270CDF834A0ADF83A8025F065F800284C
S214012A503ADA09F1FF3307990DA8069325F024F811
S214012A6009F1FF330AEB8303079309F18043023B25
S214012A700AEB830305F1FF3B05F180450893013D11
S214012A80009BA5EB090503EB8505069B9B454BD8EB
S214012A90039B73B118460FA924F003FF00287FF4A7
S214012AA04AAF019B059A9B88928813FB02F3039A0F
S214012AB09380029B002B40F0D880002314E0C1468F
S214012AC03D46CDF810B0A1E7DBF800300BA9013385
S214012AD0CBF8003008460DAA25F055F90B9E0346A3
S214012AE0BDF832700028A7D00BA801930B96ADF85D
S214012AF0327024F031FE0DA8CDF834A0ADF83A803E
S214012B0024F02AFE009B0FA80F9324F025FE11A89F
S214012B10119424F021FE0C2115A801F041FE019B21
S214012B20F9E600BF01000300079B56F82B101A6850
S214012B304FEA8B09A9F104003318914209934AD24E
S214012B400023305803F0A8FF002914BF4FF0FF33CD
S214012B500346BBF1010F2B600EBF0023B14459F8A9
S214012B60083C1593099B1B68169306EB8B031B68A1
S214012B7017932B6801332B602B680021013B2B60D8
S214012B8011A8119424F0C3FE119C00287FF4D3AE43
S214012B90069B1BB3089B1B682360079B11A91B6838
S214012BA0084663602A6825F08FF9119C00287FF497
S214012BB0C2AE13A911A824F0AFFF0028DCDC2A68F6
S214012BC00DA911A8CDF834A0ADF83A8025F07CF90E
S214012BD030B1119CAFE64FF0FF33BAE7069BDBE757
S214012BE06FF00709009B11A809FB03F909EBC5095A
S214012BF0494624F03AFF119C00287FF49CAE0BA9AD
S214012C00084611AA0B96ADF8327025F0BCF80B9E5B
S214012C100346BDF8327000287FF466AF01460BA864
S214012C2024F0C2FF00281CDA0DA911A824F039FEF1
S214012C300028CED1494611A824F017FF119C002880
S214012C407FF479AE0BA9084611AA25F099F80B9ED8
S214012C500346BDF8327000287FF446AF2B68013B6F
S214012C602B600BF1FF3B043D0FE704990BA80B9675
S214012C70ADF8327024F018FF019B0BA99B880298CF
S214012C80ADF8303024F00DFE014600287FF453AE37
S214012C90029824F089FF00287FF40FAF0123029ADF
S214012CA093800AE72C46A846AA46009543E6009478
S214012CB041E66FF00B032EE6044B1B6858404308B1
S214012CC05B4240421843C017704700BFF04E0020D9
S214012CD010B50B4C226823684240594081EA020035
S214012CE0C00FFFF7E9FF2368521A434022EA0302A6
S214012CF008401043C00FBDE81040FFF7DDBF00BF1E
S214012D00F04E0020F8B50D46014628681746FFF735
S214012D10DFFF0124C143074B1E68BC4202D346EACB
S214012D200100F8BD55F82400FFF7C6FF013406433D
S214012D30F3E700BFF04E00202DE9F04707460F4BA2
S214012D4088461E6819681D68541E631C02D13046E9
S214012D50BDE8F08758F824A057F824905046494615
S214012D60FFF7B6FF514605434846FFF7B1FF20EA95
S214012D7005031E430543013CE7E700BFF04E002074
S214012D808842F0B504D00025084F0438AA4200D185
S214012D90F0BD3E6850F8044F5E4024EA060451F840
S214012DA0256001351E4034430460EFE7F04E0020F5
S214012DB08842F0B505D00D4E043900EB82029042F0
S214012DC000D1F0BD3468056851F8047F5C4025EAFF
S214012DD004041F403C4340F8044B37680C685F40CE
S214012DE024EA07041D402C430C60E8E7F04E00205F
S214012DF02DE9F04F1C4685B0DFF884900391064616
S214012E0021461046D9F80030D9F8003025F01EFBCF
S214012E10C51D282D904634BF4FF0FA0A4FF01E0A02
S214012E20EB0825F0070502932D1A0F9B2146009308
S214012E3030460E9B029A25F05CFD0746C0B92A462D
S214012E402146304625F0D2FBBAF1010A14D02246BB
S214012E5031460398FFF756FF2246834641463046E1
S214012E60FFF76AFFD9F800200BEA00039A42DCD08C
S214012E70384605B0BDE8F08F6FF00D07F8E700BFE4
S214012E80F04E00200239C9B2042938B504460BD9E0
S214012E9000230370002322786370012A13D104F102
S214012EA0080023F090F90CE0084B5D5C012D0570DD
S214012EB0F0D14FF41050064901F01EFF0028E9D06A
S214012EC06570002038BD03482370FBE7E09D0400D1
S214012ED000444004009FFFFFF0B543780546012BF0
S214012EE00E461446077887B02FD11422002101A878
S214012EF027F095FF012F14BF00234FF410534FF610
S214012F00F872ADF800304FF6FF73944298BF23462F
S214012F10ADF802304FF48073114A3146CDE90232E2
S214012F20E21D68462B1DD20801F094FF044640B10D
S214012F3004220C4B0C4927F010FE0446204607B02D
S214012F40F0BD684627F02FFBF8E7012F05D10830C2
S214012F5007B0BDE8F04023F040B9044CEEE700BFEF
S214012F600044400421AB03007EA00400809CFFFFC8
S214012F7010B543780C46012B86B014D105AB0293ED
S214012F801023CDE900230A4640680D4901F0CCFF25
S214012F90034628B10B4B04220B4927F0DEFD0346FE
S214012FA0184606B010BD0178012907D113462246FE
S214012FB0083006B0BDE81040FDF716B9034BEFE741
S214012FC00044400421AB03007EA00400809CFFFF68
S214012FD018B112B10020116070470148704700BF58
S214012FE0009FFFFFF0B504460B4B0C4E586800B926
S214012FF0F0BDC579C5F3840556F825502D78A54250
S21401300008D1457905F00F07B1EB871F02D1B2EB66
S214013010151FEDD00833E9E7F89D0400E89D04008C
S21401302038B5044638B390F84430012B11D1C56B3E
S2140130304DB12B7A012B02D1686801F0C1FE0C213B
S214013040284626F0BFFC2046BDE83840482101F05E
S214013050A7BB006C10B15C2126F0B4FCE06B002825
S214013060F1D02368044ADB79C3F3840352F8233092
S2140130709B699847E7E738BDE89D040038B50546E3
S2140130800C46A9B14822002127F0C9FEE379094A76
S214013090C3F3840352F823305B6913B900202C6014
S2140130A038BD9847E8630028F8D1A0F5C340F7E794
S2140130B00148F5E7E89D0400009FFFFF2DE9F04376
S2140130C01E46DBB2012B04468846154687B06ED8ED
S2140130D0D0F80090B9F1000F69D090F84430012B78
S2140130E039D1C76B18220021684627F098FE6B0776
S2140130F05DD13B7A002B5AD199F80620102A08D8C0
S2140131000D2A08D8023A052A05D92A4807B0BDE88B
S214013110F083263AF7E74FF41053ADF800304FF43A
S214013120407302933B4653F8042B41460392EA1D33
S2140131306846D20801F08EFE10F1860FE5D028B160
S2140131408D301D4818BF6FF06F00DFE701233B721B
S21401315065602672DAE799F8073003F00303012B5E
S21401316006D899F8053003F00F03B2EB831F1ED182
S214013170267299F80730114AC3F38403012EE06BD7
S21401318052F82320656009D099F8053003F0F00164
S214013190302903D003F0E003402B06D1D3682A463A
S2140131A0414607B0BDE8F04318471369F7E70448FE
S2140131B0ACE700BF809FFFFF809EFFFFE89D0400F5
S2140131C0009FFFFF03682DE9F04104460F461546B0
S2140131D013B91E48BDE8F08190F84420012A33D087
S2140131E0102D31D8DA79D20720D41A795209B5EBE5
S2140131F0820F4FEA8206ECD35B7903F0F003902B43
S21401320018D10023E06B1A46194625F0A1FC0028C8
S214013210E0D194F908305BB1012BDAD103212B46BA
S2140132203A46E06BBDE8F04125F05DBC2E46E3E78B
S2140132300221F4E736B13246394604F1280027F078
S2140132400BFEA6630020C5E70148C3E7009FFFFF0A
S214013250809FFFFF2DE9F04F076885B0044688463A
S21401326015469A46DDF838901FB9614805B0BDE8A5
S214013270F08F90F84400012801D15E48F6E700205F
S2140132803E79C9F8000016F01F0600F0AD80787987
S21401329000F0F000102814D1B24240F0A780C9F81F
S2140132A00020FA795449C2F3840251F82220E06BD7
S2140132B055684246AC4694F9081005B0BDE8F04F93
S2140132C06047902805D1CDE90029E06B25F0CCFCBC
S2140132D0CCE7994208D1636A002BC6D1B2FBF6F35C
S2140132E006FB1323002BC0D12028C6D1626A94F9AD
S2140132F0083003928BB9039BE268F31A8AB1AB429A
S21401330011D303982A4614304146204427F0A4FDE1
S214013310636A2B4463620020A8E7012B03D1039B59
S214013320F31AAB42EDD8039B4BB3A6EB030B03F1A9
S21401333014005A464146204427F08EFD234653F892
S214013340142B2D49D279CDE9003AC2F3840251F803
S2140133502220E06B936894F908101F46324604F168
S2140133602803B847002881D1D9F80030039F334499
S2140133702F44C9F80030B2446062D844BD1B002D0A
S214013380C9D0B5FBF6F706FB175737B994F90830DD
S2140133901BB9E368002B18BF3746ED1B3A4608EB0E
S2140133A0050104F1140027F057FD636A3B4463628C
S2140133B0002DB0D02368104ADB79CDE9008AC3F32B
S2140133C0840352F8233094F908109E682A46E06B6D
S2140133D004F12803B04700287FF448AFD9F800303D
S2140133E02B44C9F8003041E704483FE704483DE76D
S2140133F0009FFFFF809FFFFFE89D0400809CFFFF6A
S214013400809DFFFFF7B5076804460E46154617B9B7
S2140134103A4803B0F0BD90F84430012B01D138484A
S214013420F7E7002313607A7902F0F003202B0CD122
S2140134300269002AECD0BA794C3A012A13D9102B2A
S21401344013D1636A7BB12F48E3E702F0B00130295C
S21401345009D002F0E002402A05D0602B03D0902B61
S21401346001D0A02BE7D10020D3E7202BD7D194F9A8
S2140134700830626A012B32D1E36813B9002AF2D010
S214013480E1E7A16B04F1140011B939794909890002
S2140134909847234653F8281B1B480A79C979019691
S2140134A0C1F3840150F8211004F1140000908F68D4
S2140134B0E06B94F9081002F01F02B8470028A8D163
S2140134C094F9083021689BB9236911B1097901F093
S2140134D01F012A46304603B0BDE8F04018473B7945
S2140134E003F01F039A42D4D0E368002BC6D0AAE7A4
S2140134F011B1097901F01F012960B4E7009FFFFFB0
S214013500809FFFFF809DFFFFE89D040003689BB13D
S2140135105B7903F0F003202B0ED190F84430012B99
S21401352003D104290AD100207047042906D10023BB
S214013530C360034B0361F6E70248704702487047D1
S214013540D12F0100009FFFFF809FFFFF002370B572
S2140135500370012304460D46061D837041703046F4
S21401356025F095FF04F1640024F0F1F804F16C00F5
S21401357025F07FFF04F1840025F07BFF04F19C0019
S21401358024F0E5F82946304601F06EF8024B002893
S21401359018BF184670BD00BF80B1FFFF012A70B585
S2140135A004460D46164601D9134870BD437809787E
S2140135B07BB9FFF7CBFFE8B9A378012BF4D1012E35
S2140135C005F1680108D104F18400BDE8704025F0DA
S2140135D0D1BF9942F0D0E7E704F16C0025F0CAFFAD
S2140135E00028E2D105F1600104F16400BDE87040F5
S2140135F024F057B90148D8E780B0FFFF80B1FFFF3C
S2140136002DE9F7430F468178164601299946DDE9EB
S2140136100A32044603D01B4803B0BDE8F083016CB0
S21401362000F104080029F6D000F19C05CDE900322E
S214013630294600F1640300F184024046FCF71EFDB2
S2140136400028E9D1284624F0CEF98145E3D3226C3F
S214013650404612F0070318BF012303EBD2033B6079
S21401366025F0FEFE0228314628463A6804D103B00A
S214013670BDE8F04324F0EDB903B0BDE8F04324F013
S214013680EEB900BF80B0FFFF70B50C460646114686
S21401369020461A4624F0ABFB0546A0B9B36C33B9F5
S2140136A021462046321DBDE8704024F03FBCB4F9E7
S2140136B00430002B09DB204624F091F9F36BB0EBC4
S2140136C0430F09D9184D284670BD0146204624F0FF
S2140136D06BFA0028EFD0F5E72046B36C984705460D
S2140136E00028F0D10436B4F90430002B04DA0021A6
S2140136F0204624F059FA68B93146204624F00CFADF
S2140137000028E0DB32462146204624F0B2FA0028A3
S214013710F2D006E032462146204624F031FB00284E
S214013720E1D00546CFE700BF80B0FFFFF0B51446F5
S2140137301F46064685B002A80D4624F008F8234623
S21401374002210097321D02A824F0B8FC044678B97D
S2140137502A462946304602ABFFF796FF044638B99B
S21401376005F110021146304602ABFFF78DFF044605
S21401377002A823F0F1FF034814F10E0F18BF2046EC
S21401378005B0F0BD00B3FFFFF0B514461F46054671
S21401379085B002A80E4623F0DAFF234602210097E1
S2140137A02A1D02A824F08AFC044648BB06F1100232
S2140137B01146284602ABFFF767FF044600BB06F139
S2140137C008073A463946284602ABFFF75DFF04462E
S2140137D0B0B902AB1A4619462846FFF755FF04460C
S2140137E070B932463146284602ABFFF74DFF044614
S2140137F030B93A463946284602ABFFF745FF04463C
S21401380002A823F0A9FF034814F10E0F18BF2046A3
S21401381005B0F0BD00B3FFFF2DE9F14F9A461B69D5
S21401382004460E4691460A9D1BB9724801B0BDE892
S214013830F08F02F110070021384624F0B5F930B9AF
S2140138405146304601B0BDE8F04F25F093BE0AF16F
S21401385010080021404624F0A7F908B94946F0E7C8
S2140138600121404624F0A0F90028DED13B463A4625
S21401387029462046FFF708FF0028D7D105F108089A
S2140138803B462A4641462046FFF7FEFE0028CDD19C
S21401389053462A4629462046FFF7F6FE0028C5D19C
S2140138A04246414620460AF10803FFF7EDFE00288E
S2140138B0BCD14B462A462946204625F03EFC002828
S2140138C0B4D109F1080B5B4642464146204625F035
S2140138D034FC0028AAD10021284624F065F90146C7
S2140138E090B9404624F060F940B92B464A46314625
S2140138F0204601B0BDE8F04F25F0ACBC304601B023
S214013900BDE8F04F25F04CBE2B463A46204606F160
S2140139101001FFF7B9FE002888D105F110072B46E4
S2140139202A4639462046FFF7AFFE00287FF47EAFD1
S21401393005F1180A2B463A4651462046FFF7A4FEE3
S21401394000287FF473AF4B463A4639462046FFF7C8
S2140139509BFE00287FF46AAF3946284623F0A1FF74
S21401396000287FF463AF2946204625F064FC002832
S2140139707FF45CAF4346424631462046FFF784FE5D
S21401398000287FF453AF2B4632463146204625F0B9
S214013990D4FB00287FF44AAF5346324631462046D0
S2140139A025F0CBFB00287FF441AF33463A46394633
S2140139B0204625F0C2FB00287FF438AF43463A463E
S2140139C039462046FFF760FE00287FF42FAF5B469E
S2140139D0524651462046FFF757FE00287FF426AF91
S2140139E053463A46204606F1080101B0BDE8F04FBD
S2140139F025F0A3BB80B0FFFF2DE9F84F012A8346CF
S214013A00DDE90A690F46924698465CD8043023F0F1
S214013A10EAFF0546584625F023FD022823D14D45E9
S214013A20C8F8005003D9294C2046BDE8F88F2A462D
S214013A303146384624F00DF804460028F4D158469D
S214013A4025F00EFD01288346EED1002107F1100076
S214013A5024F0AAF8044640B9B9F1000FE3D030705B
S214013A60C8F800B0E0E71A4CE9E7BAF1000F19D13F
S214013A706B0001334B45C8F80030D4D831460423D7
S214013A802A46384601F8013B23F0E9FF04460028A0
S214013A90CAD12A46691C314407F10800BDE8F84F2F
S214013AA023F0DDBF6B1C4B45C8F80030BBD80021A6
S214013AB007F1080023F047FF3146023001F8010BF9
S214013AC02A463846EAE7034CAEE700BF00B1FFFFDF
S214013AD080B1FFFF80B0FFFF2DE9F04781460D461C
S214013AE017461E461BB9334C2046BDE8F087043006
S214013AF023F079FF8046484625F0B2FC022832D1F1
S214013B004645F0D132463946284623F072FF044630
S214013B100028E9D105F1080023F01EFE99F80030CF
S214013B20092B16D0012105F1100023F0F0FE044602
S214013B300028D9D1484625F093FC01288246D3D1E6
S214013B403B7893B9012ECED12846BDE8F04725F043
S214013B5027BDF10022462846013923F004FF04461A
S214013B600028DFD0C0E7144CE4E708F10109B145AD
S214013B70B9D842462846791C23F053FF044600284C
S214013B80B2D1514605F1100023F0C1FE04460028CB
S214013B90AAD13B78042BA6D14FEA48030133B3429E
S214013BA0A1D1424607EB090105F10800BDE8F0473F
S214013BB023F037BF80B0FFFF80B1FFFF2DE9FF4143
S214013BC00E460546012106F1100023F0EDFF0446DE
S214013BD020B1694C204604B0BDE8F081284625F0A6
S214013BE03FFC022850D1304623F0FDFE2B6C0733F4
S214013BF0B0EBD30FEDD82146304623F0D5FF002891
S214013C00E7DB02A82F7823F0A2FD314602A823F0B5
S214013C1048FE0446B0B90435294602A823F07CFFC5
S214013C20002807DA012102A823F0BEFF00280DDCD8
S214013C30514C07E002A92A46084624F0A4F8044697
S214013C400028E9D002A823F087FDC3E7092F0ED08C
S214013C5002A90122084624F09AF804460028F1D168
S214013C60294602A823F058FF0028EBD1E0E7434994
S214013C7002A823F051FF0028DAD0414902A823F018
S214013C804BFF0028E4D1D3E7012872D12146304604
S214013C9023F08AFF00289CDB06F1080821464046EF
S214013CA023F082FF002894DB2F1D3946304623F08F
S214013CB033FF00288DDA3946404623F02DFF0028D1
S214013CC087DA684623F043FD02A823F040FD434609
S214013CD0424669462846FFF7D7FC0446002844D1E9
S214013CE033463246284602A9FFF7CEFC0446002892
S214013CF03BD1EB687BBB02A90322084624F05FF8A0
S214013D00044690BBBDF90C30002B04DA002102A852
S214013D1023F04AFFC8B902AA334611462846FFF7E0
S214013D20B3FC044608BB02AA1146284605F1140353
S214013D3025F0E7F90446C0B9684602A923F0ECFE6F
S214013D400D4B041E18BF1C460FE002A93A46084652
S214013D5024F016F8D4E702AA1146284605F10C030A
S214013D6025F0CFF904460028D5D0684623F0F4FCA8
S214013D7068E7044C2EE700BF80B3FFFF4C9F0400AA
S214013D80449F040080B0FFFF70B5064625F068FB2F
S214013D9002280C4605461DD10021204623F0D3FDFE
S214013DA008B1154870BD0121204623F0CCFD00283E
S214013DB0F7D1204623F013FE336C5A1C9042F0D103
S214013DC0FE2B05D12946204623F0BDFD0028E8D16B
S214013DD00020E7E701280DD10146204623F0E4FE46
S214013DE00028DEDB204606F1340123F095FE00288C
S214013DF0EEDBD6E70148D5E780B3FFFF80B0FFFFD3
S214013E002DE9F04F0E46B7B0114605469B46039284
S214013E10FFF7BAFF0446C8B959462846FFF7CEFE53
S214013E20044698B9284625F01BFB022840F0AA81D3
S214013E300DA825F01EFB07A823F089FC042115A870
S214013E4025F0E1F8409B2BB9A4F59F44204637B0F6
S214013E50BDE8F08F594607A823F023FD0446002845
S214013E6055D159460DA825F085FB044600284ED1AC
S214013E700121304623F04BFD0446002847D106F1C8
S214013E8010070146384623F042FD044600283ED17D
S214013E9006F1080023F060FC05F1040A51460DA85E
S214013EA023F03AFE00282ADA2846DDE940230DA948
S214013EB0FFF73CFC044650BBD5F84090B9F1FF3FF4
S214013EC040F081803146DDE940232846FFF72EFC8D
S214013ED00446E0B952463946384624F010F90446FD
S214013EE0A8B93B46324631462846FFF7CDFB044685
S214013EF068B90121384623F00AFD044607E00DA9FA
S214013F005246084623F0B5FE04460028C6D00DA842
S214013F1025F045F907A823F01FFC042115A825F074
S214013F207DF8002C92D1284625F09AFA01280490B3
S214013F308CD12B6C1821013302204FEA530822F052
S214013F404EFF0746002800F0478207F1180A25F0C1
S214013F5090FA0DF15409504625F08BFA0421484693
S214013F6025F051F85946384625F004FB044600284A
S214013F7040F01D818346D84540F0068151462846CB
S214013F8025F057F80446002840F0118153463A467A
S214013F9051462846CDF80090FFF73EFC044600281F
S214013FA040F005815146284625F043F8044600288E
S214013FB040F0FD8007F1100023F0CEFB07F128004A
S214013FC023F0CAFBF3E04946039823F0BCFC5FFAF2
S214013FD080F8424630460DA923F019FC0446002815
S214013FE095D14246384611A923F011FC0446002813
S214013FF08DD13B463246284615A925F082F804465F
S214014000002884D13B463246284617A925F095F864
S214014010044600287FF47BAF284611AB0DAA19A9E8
S21401402025F06FF8044600287FF471AF284611ABDF
S2140140300DAA1BA925F081F8044600287FF467AF76
S2140140401BAA1146284615ABFFF71EFB044600289F
S2140140507FF45DAF19AA1146284617ABFFF714FB8C
S214014060044600287FF453AF15AB1A461946284676
S214014070FFF70AFB044600287FF449AF17AB1A4640
S21401408019462846FFF700FB044600287FF43FAF99
S2140140903146284617AB15AAFFF7F6FA044600285C
S2140140A07FF435AF15AA1146284617AB25F045F81B
S2140140B0044600287FF42BAF3946284615AB05F198
S2140140C00C02FFF7E1FA044600287FF420AF3B46D6
S2140140D03946284617AA25F014F8044600287FF426
S2140140E016AF284619AB1BAA0DA925F00AF80446F7
S2140140F000287FF40CAF0DAB1A4619462846FFF789
S214014100C3FA044600287FF402AF284619AB1BAA5F
S21401411011A925F012F8044600287FF4F8AE11AB79
S2140141201A4619462846FFF7AFFA044600287FF4D8
S214014130EEAE11AB1946284607AAFFF7A5FA0446C4
S21401414000287FF4E4AE3B463946284615AAFFF719
S2140141509BFA044600287FF4DAAE424630460DA9A3
S21401416023F055FB044600287FF4D1AE424638467C
S21401417011A923F04CFB09F1FF39044600283FF44E
S2140141809DAEC4E6954CCEE6BBFBF8F3049A02FA64
S21401419003F1182208FB13B3C9B202FB017283B301
S2140141A04B461146284625F055F80446B0B304217F
S2140141B0484624F033FF7CB907A823F0C8FA05F176
S2140141C0340B0DA823F0C3FA2146584623F0BBFB57
S2140141D0012826D0A4F59F44AB6D9F420AD04FB16B
S2140141E0384625F083F907F1180025F07FF938469F
S2140141F032F0D7FB002C3FF429AE304625F076F995
S21401420024E618234908104603FB0171059225F0A0
S214014210B1F9059A04460028C2D0C8E70BF1010B94
S214014220A9E62146039823F08EFB0399B0FA80FA9B
S21401423007A823F036FB4FEA5A1A0446002854D141
S2140142405946039A0DA823F09EFD044600284CD13A
S21401425052460DA907A823F0B1FA0446002844D116
S214014260014608F10102484626F0D9FDA3464A4612
S214014270D845039264D0594607A823F064FB039AF5
S21401428008EB0B01137804920343DBB207A80393F0
S21401429023F059FB039B049A43EA400302F8013BCF
S2140142A00BF1010BE4E799F8013099F800E083EA95
S2140142B002010393CB4303F00100049043F3000390
S2140142C003980EEA0303104001EA0302594009F875
S2140142D0011F19F8013C0499024343EAC11309F886
S2140142E0013C0CF1010CE345DDD20DF134094846E1
S2140142F023F032FA07A823F02FFA002C7FF46CAFD4
S21401430007A825F0B6F80421484624F07CFE08F1FB
S214014310D8036B443A463146284613F8843C24F0C9
S2140143204CFF044680BB409B002B48D0DDE9402370
S21401433031462846FFF728FA002840D0044623E0F5
S21401434000224FF0010CCEE74B4632463146284656
S21401435008F1FF3824F07EFF0028EFD13A462846C0
S2140143601BF8083007A924F028FF0028E6D13246BA
S21401437031462846CDF8009007ABFFF74DFA0028E6
S214014380DCD1B8F1000FDFD107A824F008FF042123
S2140143900DA824F043FE002C7FF41EAF5246314692
S2140143A0284624F08AFE044600287FF415AF409B79
S2140143B043B93146284624F03CFE04460CE70DF18D
S2140143C0540BDEE73146DDE940232846FFF7DCF9EA
S2140143D004460028EDD0FFE6014CFDE680B0FFFF65
S2140143E080B2FFFF30B4DDE9024524B1CDE90245D4
S2140143F030BCFFF705BD014830BC704780B0FFFFF9
S214014400F7B506460C46194625F02AF80228054651
S2140144102DD1366C0B46F70801373946204623F076
S21401442032FE024698BBC6EBC7012046013923F08F
S2140144303BFB024658BB01223146204623F093FA45
S214014440024620BB0146204623F08DFA0246F0B90B
S2140144500121204623F087FA0246C0B9FE2E16D166
S2140144602946204603B0BDE8F04023F07CBA012877
S21401447010D11346009106F134020146204623F07E
S2140144801DFE054B10F10E0F14BF02461A461046CC
S21401449003B0F0BD014AFAE700B3FFFF80B0FFFFAB
S2140144A02DE9F7430C4680460146204617461E4630
S2140144B000F0DAF80546002879D1204624F0D0FF2E
S2140144C00228814654D1B8F1090F30D1202E70D17F
S2140144D004F1600832463946404623F08AFA02461D
S2140144E0F0B90146404623F03EFA0246C0B9012122
S2140144F0404623F038FA024690B94946404623F032
S21401450032FA024660B9FF21404623F02CFA0246F1
S21401451030B90122FE21404623F025FA024640B377
S21401452004F16000019223F017F9019A37E0B8F11F
S2140145300D0F1DD1382E3CD104F1600832463946A4
S214014540404623F056FA02460028E9D10146404685
S21401455023F009FA02460028E2D10121404623F061
S21401456002FA02460028DBD1012240F2BF11D2E74F
S214014570114D204624F074FF012804F1600812D181
S21401458032463946404623F04CFA02460028C7D147
S21401459041462046FFF7F8FB02460028C0D11046E8
S2140145A003B0BDE8F083002DF2D0034AB8E7024617
S2140145B0F5E7024AF3E700BF80B1FFFF80B3FFFFD4
S2140145C070B5066C0D460736B3EBD60F114604469A
S2140145D04FEAD60203D200230E482B6070BDB0F816
S2140145E066302A608BB124F03BFF022805D104F126
S2140145F06000BDE8704023F02CBA012807D104F111
S2140146006000BDE8704023F02ABA0348E6E76FF081
S2140146106D00E3E700B1FFFF80B0FFFFF0B5C4888F
S2140146200546082C8BB017D9083C082C17D8066805
S214014630A70020363A46314602A826F00DFC3A4637
S2140146400021304626F0EBFB262300930921234662
S214014650286802AA24F06BF800200BB0F0BD0148D0
S214014660FBE700BF80B0FFFFF8B504460E4624F016
S21401467041FF204624F00BFF032E267005D0092E9D
S2140146802BD000233A4D237025E03A4B3A4AA364D7
S2140146903A4B6260A360A361A3632362A362384BB3
S2140146A0384A63624FF001136261374A23636263DB
S2140146B0364B374AE362E261201D23F090F9E0634E
S2140146C004F1340023F08BF9012363640023C4E969
S2140146D01633206400252846F8BD2E4B2E49A364C8
S2140146E004F10C0023F013F90546E0BB271D012158
S2140146F0384623F00CF90546A8BBFF21384623F0BF
S214014700B4F9054678BB13223946384623F057FBE1
S214014710054640BB384623F062F904F13407E063EE
S214014720102238461D4923F07CF90546D8B90122E6
S214014730FC21384623F017F90546A0B9314604F1A5
S2140147401C0023F0E4F8054668B9012104F12C00A9
S21401475023F0DDF8054630B904F1240022F0FCFF11
S214014760FE232364B6E7204624F0C4FEB3E700BF69
S21401477080B1FFFFF195030024A0040001000800AA
S214014780C49F040004A00400A49F040044A00400E5
S214014790E49F04001D46010042DB0100949F0400D3
S2140147A010B50A46044619B1024B00211B6898470A
S2140147B010BD00BF48A00400F8B50D4E0D4C0E4DBF
S2140147C033680E48984767782B680C4898473368D3
S2140147D00B489847022F08D12478E31F5C425C41BE
S2140147E02B68074898472046F8BD0024F8E700BF25
S2140147F0B87C0020F44E0020B47C0020544F0020EA
S214014800B84F00200E4B0340B3F1607F06D1B1F5DF
S214014810885F0CBF00206FF086007047B3F1707F91
S2140148200BD101F4E043B3F5005F06D111F4E06F5C
S21401483014BF00206FF0860070476FF08600704747
S2140148400000C07F8A42F8B506460D4600F0CD80CE
S2140148506A4B22F4FF7121F00101994210D0684998
S21401486022F0FF038B420BD022F47F7020F003006E
S214014870A1F57061884203D001F5A0618B4227D172
S2140148805E4B25F4FF7121F00101994210D05C497D
S21401489025F0FF038B420BD025F47F7020F0030038
S2140148A0A1F57061884203D001F5A0618B420FD15A
S2140148B015F0FF000BD0534B40F00070984240F0CB
S2140148C0968082EA0500FF288CBF00200120F8BDF3
S2140148D005F0FE43B3F1A06F11D102F0FE43B3F130
S2140148E0A06F72D182EA050333F47E136DD12804DA
S2140148F06BD5C5F30540C2F305429042E4E7B3F138
S214014900407F62D102F0FE43B3F1407F5DD182EA7F
S214014910050030F47E1458D131462846FFF772FF61
S214014920002864D1384912F47C1701EA020116D036
S214014930B1F1607FC2F3054336D1D1B241F00071C7
S21401494001F17E410339102901D83048445C15F441
S2140149507C1F2FD19C4214BF00200120B7E7B1F184
S214014960607F0AD1D3B243F0007303F17E43033B69
S214014970102B40D82649CB5CDFE7B1F1707F17D109
S21401498006F4E043B3F5005F33D10123C6F30221F9
S2140149908B4006F4E041B1F5005FD8D10120C6F3A3
S2140149A0022600FA06F4D2E7B1F1707FCFD1F0E724
S2140149B03B46CCE71FB9C5F30541A14215D02904F2
S2140149C003D5C5F3054098427EE725F47F03B3F18E
S2140149D0106F0CD102F0FE43B3F1106F07D10D48F2
S2140149E0104040F01060A842B5E701206FE70020B4
S2140149F06DE73B46CDE73B469FE700BF000200065A
S214014A0000130006FF0000020000C07F4CA0040057
S214014A104CA004000000FFF60B4B20F47E109842D9
S214014A2006D10739072934BF00206FF0860070478A
S214014A30064B984205D1002914BF00206FF086006E
S214014A4070476FF085007047000140050002400581
S214014A5000F0FE43B3F1A06F2AD1174B20F4FF728A
S214014A6022F001029A4210D0144A20F0FF0393422A
S214014A700BD020F47F7121F00301A2F57062914200
S214014A8003D002F5A06293420BD110F0FF0011D0C3
S214014A900B4B40F0007098420CBF6FF08600002070
S214014AA0704710F4004F14BF6FF086000020704767
S214014AB06FF08600704700BF000200060013000674
S214014AC0FF00000237B505460C46FFF775FE78B1C4
S214014AD00023224601932946074801AB21F002FC38
S214014AE020B9019BA34218BF6FF0930003B030BDFD
S214014AF06FF08800FAE700BFF84E00202DE9F84372
S214014B00884617461C4601F019FA0546002844D186
S214014B10D8F80060B6F8009009F4E043B3F5804F8A
S214014B20B36808BF27F0010737EA03032DD1A4B302
S214014B30244B24F4FF7222F001029A4210D0224A3A
S214014B4024F0FF0393420BD024F47F7121F003017C
S214014B50A2F57062914203D002F5A06293421FD182
S214014B6014F0FF0304D0194A43F0007393421ED099
S214014B7022464846F168FFF765FE074668B92246B1
S214014B8048463169FFF75EFED0B96FF08405002311
S214014B903046C8F8003001F049FA2846BDE8F883E7
S214014BA004F0FE43B3F1407F04D12304E0D56FF057
S214014BB08605ECE7B3F1A06FF7D0044B9C42D6E72D
S214014BC03D46EAE70002000600130006FF00000269
S214014BD0154B70B51B68054614480E46984718B124
S214014BE06FF08F04204670BD2B794BB96B6900249A
S214014BF033602B7E012B14D034606FF0960407E0EF
S214014C002846D5E9081225F0E7FE04460028EDD02F
S214014C10074B06481B6898470028E3D0002CE1D1D3
S214014C20DEE702232B76F3E7B87C00201C50002039
S214014C30B47C002000232DE9F3414768D0F81480A6
S214014C4005460E4638461146136025F096FE044684
S214014C5088B9384625F093FE044660B9FFB277B9A5
S214014C60B8F1000F05D1AB6823F47F4323F00303AB
S214014C7063B16FF08604204602B0BDE8F0810146BC
S214014C80686925F054FE0028EDD1F2E74FF6F87377
S214014C906A889A4227D8154B15481B682F7998477A
S214014CA010B16FF08F04E6E707B901A8314601F0AD
S214014CB0FBF8104B04461B680D48984710B1002CB2
S214014CC0D9D1EEE7002CD6D10FCDD6F800C0664676
S214014CD00FC695E8030086E80300002FCBD1019BA1
S214014CE0CCF81430C7E76FF08504C4E7B87C002021
S214014CF01C500020B47C0020074B10B51B680748E9
S214014D009847074B05481C78064B04F001041B68BE
S214014D109847204610BD00BFB87C0020B84F002041
S214014D20F44E0020B47C00202DE9F04F456885B094
S214014D302D0A0446DDE90E67894692469B46DDF854
S214014D40408007D0114CA54218D06FF0860005B000
S214014D50BDE8F08FCDE901780096FCF783FC10F1F1
S214014D60860FF4D15B46524649462046CDE90F7878
S214014D700E9605B0BDE8F04F24F0D6BFCDE90F780A
S214014D800E9605B0BDE8F04FFCF76CBC0200800043
S214014D9010B5044660B1074B07481B689847204684
S214014DA025F014F8BDE81040044B03481B6818476B
S214014DB010BD00BFB87C00201C500020B47C002031
S214014DC037B5044620B301A901F0B8F80446F8B98E
S214014DD01D4B1E481B6898471D4D58B1002401986D
S214014DE025F0B6FD2B68002818BF044617489847DB
S214014DF070B10AE00198037E032B11D125F0A8FDBE
S214014E002B6804461148984728B10CB96FF08F04F7
S214014E10204603B030BD002C08BF6FF08704F7E7CB
S214014E20022B0BD1032303760379FF2B09D0002B2A
S214014E30D4D0406925F0B5FD0446D0E76FF096045E
S214014E40CDE76FF08404CAE7B87C00201C50002030
S214014E50B47C00202DE9F0411F46002388B00646A9
S214014E6088461546CDE905333B60002A53D0B2F19A
S214014E70005F53D206AA05A9FFF7DCFE044698B9DF
S214014E800598436AA3B105982A4643884146079385
S214014E9007AB029300F124030193436A0093036A6C
S214014EA0FFF742FF044698B10598FFF771FF28E027
S214014EB073681B0A05D01B4A934202D06FF0860422
S214014EC0F2E7294624F00DFF04460028DBD0EBE785
S214014ED00598079B4288C2B943804FF6F872934201
S214014EE016D8338813B102889A42E7D1738813B172
S214014EF042889A42E2D13946FFF76AFE0446002804
S214014F00D2D1204608B0BDE8F0819A42D6D1E4E776
S214014F106FF08504C8E76FF08604F2E76FF085044A
S214014F20EFE700BF020080002DE9F04F00249A460B
S214014F3001F0FE4393B0B3F1806F0D46DDE91C68C6
S214014F40DDF8789009920D9440F0A1800B464FF45D
S214014F5080720DA9FFF7D2FD0346002840F0998024
S214014F600D9B1B8803F4E042B2F5005F1CD113F4DD
S214014F70E06F19D04B4925F480728A420AD001F5B8
S214014F8000718D4206D048498D4203D0A1F53F41BC
S214014F908A4209D10124C3F302239C40102C0ED966
S214014FA000266FF083034DE042F20402934202D1E1
S214014FB03E4B9D420DD03E4B9D420CD10D24A0454B
S214014FC069D321460EA8FFF77DFD034620B10026D2
S214014FD038E00C24F3E700240D9FD7E9081266B1E8
S214014FE006EB040B7B68A8EB04081B0A07D03148C4
S214014FF083423ED06FF0860324E0B346F2E7099B76
S2140150003846CDE901430EAB0093CDE905892B4621
S214015010CDE903ABCDE90A1221F0A9FCDDE90A12BC
S21401502010F1860F03460DD1099B3846CDE90143A1
S2140150300EAB0093CDE905892B46CDE903AB25F0F0
S21401504064FA03460D98099300F0F0FF099B0546A4
S2140150502BBB28BB24B1224630460EA925F0FCFE08
S214015060D9F800301C442846C9F8004013B0BDE802
S214015070F08F099B3846CDE901430EAB0093CDE98D
S21401508005892B46CDE903AB21F071FCD9E726460D
S214015090B0E72646D6E700266FF08903D2E71D461D
S2140150A00024E0E70010C00400FF40040001800473
S2140150B00013C004020080002DE9F04F1F460023B4
S2140150C08FB00446DDE91D8A0846CAF800300D4651
S2140150D09146FFF7BDFC002871D120462B464FF4C0
S2140150E000720DA9FFF70AFD044600284ED1394685
S2140150F02846FFF791FC0446002844D10D9E7368AC
S214015100D6E908B21B0A0DD02E498B4242D06FF069
S2140151108604B8F1000F36D0424600211C9825F0CF
S2140151207EFE30E01C9B594606931B9B304605933A
S2140151301A9BCDE9078A0493199BCDF80090039337
S214015140189B0B92CDE901732B4621F07CFB10F1E5
S214015150860F04460B9A14D11C9B594606931B9B3B
S214015160304605931A9BCDE9078A0493199BCDF81F
S21401517000900393189BCDE901732B4600F06AFB60
S2140151800446002CC5D10D9800F050FF20460FB004
S214015190BDE8F08F1C9B594606931B9B3046059332
S2140151A01A9BCDE9078A0493199BCDF800900393C7
S2140151B0189BCDE901732B4621F045FBE0E76FF024
S2140151C08604E3E7020080002DE9F04F1D46002328
S2140151D085B006462846884614460393FFF738FCF2
S2140151E008B36FF08604039800F020FF002C40F00F
S2140151F0B8805E4B25F47E159D4200F0AE8003F527
S21401520080739D4200F0AB80B5F1052F584B18BF57
S214015210002304467360337D68F304133375204618
S21401522005B0BDE8F08F3368002B40F09380317DE8
S21401523011F00F0140F08E8006F11809D022484681
S21401524025F0EDFDB8F1000F20462B460CBF4FF4BC
S21401525000724FF4807203A9FFF750FC0446002841
S214015260C1D1424825F47E128242C5F30741C5F3F7
S214015270054305D03F498A421DD06FF08504B2E749
S214015280043B0C2BADD8CA07ABD4039F7B68D7E988
S21401529008AB1B0AB8F1000F36D0BBB1364A9342B1
S2140152A09FD104235246336039465B4648460095F3
S2140152B021F0CBFA20E0043BDBB20C2B91D841F66F
S2140152C0117222FA03F3DB078BD5DEE7042352467D
S2140152D0336039465B464846009521F0B6FA10F130
S2140152E0860F044609D101235246336039465B4690
S2140152F04846009525F08AF80446039B002C7FF467
S21401530072AF1B8833816EE76BB11B4A93427FF401
S21401531068AF04235246336039465B4648460095DB
S21401532021F0B2FAE8E704235246336039465B4679
S2140153304846009521F0A8FA10F1860F0446DCD104
S21401534001235246336039465B464846009525F0B0
S21401535068F8D1E76FF0880445E7084B59E7084B32
S21401536057E7304624F038FE59E700BF00014005F4
S21401537000051005000240050200800000015005EE
S21401538000025005F8B5036804460E46174643B3B7
S214015390027D12F00E0F24D14168154A914202D1C6
S2140153A0B6F57F4F03D8012B04D0042B12D06FF033
S2140153B0860518E03A46314604F1180000F0D4F9A3
S2140153C0054680B9237DC4E9036743F002032375CC
S2140153D02846F8BD3A46314604F1180021F07BFA1A
S2140153E0EEE76FF08805204624F0F6FDF0E700BFF3
S2140153F00001500538B50546006808B32B7D03F05B
S2140154000904012C1CD132B900242B7D43F004037E
S2140154102B75204638BD9B070ED5EB68934205D306
S2140154209B1AEB6001280ED0042814D06FF0860476
S214015430284624F0D1FDECE76C68094B9C42F1D17B
S2140154406FF08804F4E705F1180000F09FF90446B0
S2140154500028D9D0ECE705F1180021F043FAF6E769
S21401546000015005F7B50446DDE908C500202860AF
S2140154702668CEB1207DC70716D5800710D5E0680F
S21401548040B92069904205D3801A2061012E0ED0C2
S214015490042E1CD06FF08605204624F09DFD13E0F7
S2140154A00E4867688742F1D16FF08805F4E7CDE9C9
S2140154B000C504F1180000F07BF905460028EBD181
S2140154C0237D43F008032375284603B0F0BDCDE9DC
S2140154D000C504F1180021F015FAEEE700015005A9
S2140154E0F0B5DFF82CE0DDF824C07345DDE90545AD
S2140154F0DDE9076708D1CDE9087CCDE906560594B4
S214015500BDE8F04000F05EBB6FF08500F0BD00BF67
S21401551000000209002307B51A460091024924F04B
S2140155209DFE03B05DF804FB60A0040070B51B4E41
S2140155301B4C33681B4898472378580744BF03F031
S214015540FB032370990705D500F096FC237823F01A
S21401555002032370144D13482B6898473368134889
S214015560984763781BB10023114A63605360002398
S21401557008210F486370FFF713F92B680B4898470B
S21401558033680848984723780648DA0744BF23F06B
S214015590010323702B68BDE870401847B87C0020D3
S2140155A0F44E0020B84F0020B47C0020544F002059
S2140155B0F84E00202DE9F041FFF7FEF818B100245F
S2140155C02046BDE8F081344F34483B68984704468E
S2140155D020B16FF08F04FFF7A9FFF1E7304D2B786C
S2140155E0D80706D420F075FE04462B7843F0010355
S2140155F02B702C4E29483368984710B1002CE8D000
S214015600E9E7002CE7D13B68244898470446002880
S214015610DFD12B78990706D400F026FC04462B78B8
S21401562043F002032B7033681C4898470028E5D1E5
S214015630002CD0D13B68194898470028C9D1336857
S214015640164895F8008098470028C2D13B6816484E
S21401565098470028BDD16B783BB918F0010F04D0EC
S214015660124B6C605C6002236B7033680E4898477F
S2140156700028AED13B68094898470028A9D12B7865
S21401568006485A075CBF43F004032B7033689847FB
S214015690002894D09DE700BFB87C0020B84F0020BA
S2140156A0F44E0020B47C0020544F0020F84E002019
S2140156B02DE9FF411C464B88054603930DF10A036D
S2140156C000930E461746204609880DF10B0303AAE0
S2140156D000F010F930BB184B24F47E129A4224D104
S2140156E003F580132B60338803F4E042B2F5005FC4
S2140156F01ED103F4E063B3F5806F19D105F10808F4
S214015700404623F0C6F93A46039B9DF80A104046E8
S21401571023F0C3F924F0ABF920B93388C4F3054468
S214015720AB80EC7104B0BDE8F0816FF08500F9E75D
S2140157306FF08600F6E700BF00014005134610B57E
S214015740084A046894420AD184790A46083004F06B
S214015750010123F0C8F9BDE8104024F088B96FF0C4
S214015760850010BD0001500510B5074B04689C422A
S21401577007D1C379083023F0EBF9BDE8104024F0D7
S21401578076B9002010BD00BF0001500510B5074BCB
S21401579004689C4206D1083023F0F4F9BDE81040B5
S2140157A024F065B96FF0850010BD00BF00015005FB
S2140157B0F0B507680D4E85B0B7420A9D03920FD12A
S2140157C0AA4210D803ACCDE90054083023F04CFAB5
S2140157D024F04DF910B90B9B039A1A6005B0F0BD81
S2140157E06FF08500FAE76FF08900F7E700015005D2
S2140157F038B51D46C279059B04469A420FD8016802
S2140158000A4B99420ED10499083023F0FEFA24F08F
S2140158102EF918B92860E279069B1A6038BD6FF038
S2140158208900FBE76FF08500F8E700BF000150052F
S2140158300268074B10B59A42044602D1083023F09D
S21401584045F9A379002023F00103A37110BD00BF21
S214015850000150052DE9F043044688469946A3B059
S2140158607022DDE92E75002106A8329E25F0D7FAB2
S21401587021464B46424606A8FFF71AFF044610BBD0
S2140158809DF81F30AB422AD8319AE91A8A4229D3A9
S2140158901748069C7A18844227D1CDE90423309B09
S2140158A008A8CDE902732D9B01932C9B0093DDE99B
S2140158B02A2323F01DFB24F0DAF8044618B99DF8D4
S2140158C01F30EB1A336006A8FFF7B2FF1CB99DF82C
S2140158D01F30ED1A3560204623B0BDE8F0836FF027
S2140158E08604F0E76FF08904EDE76FF08504EAE7D8
S2140158F00001500500F0FE42B2F1A06F08BF20F48F
S2140159007E1000F0FC4210B5B2F1806F029C08D107
S2140159100D4A90420AD00D4A90420FD06FF0850092
S2140159200BE00B4A9042F9D1012200E00222B1F5C8
S214015930105F1A70F2D11CB9002010BD0822F6E7DC
S21401594002232370F8E700BF004040040001400531
S2140159500002C0032DE9F84F0D461C46074600F12C
S2140159600808404691460E889DF928B023F0E4FACF
S214015970B5F802A031460023524620463C6024F08A
S2140159805BFD0146002864D04046FDF777FB0546DF
S214015990002840D15B46524649464046FDF78EFBFD
S2140159A00546C0BB2D4B9C420AD003F580739C4232
S2140159B036D004F0FF43B3F1906F07D101230BE01B
S2140159C004214046FDF7A2FD002840D106F4E0433D
S2140159D0B3F5005F26D000237B7106F4E043B3F5F0
S2140159E0005F25D116F4E06F22D01D4A24F480739F
S2140159F093420AD002F50072944206D0194A9442A4
S214015A0003D0A2F53F42934212D10124C6F30226E7
S214015A10B440E4B23C712846BDE8F84F24F027B8FC
S214015A200146CEE70123C6F302229340DBB2D3E759
S214015A3042F204039E4202D10B4B9C4205D00B4B13
S214015A409C420CBF0D240024E4E70C24E2E7054643
S214015A50E1E76FF08500BDE8F88F00BF0040400425
S214015A600010C00400FF4004000180040013C004BD
S214015A70F0B51D46C36A0E46174685B02BB10368BE
S214015A80114A23F48063934217D02A4669460830A8
S214015A90FDF7B8FC23F0EBFF044638B92A682AB1B3
S214015AA0BA420DD86946304625F0D6F96846102127
S214015AB0FEF776FE204605B0F0BD6FF08604F5E7EA
S214015AC06FF08904F2E700BF004040042DE9F74378
S214015AD000F4E040B0F5804F0D4616461F46DDF84F
S214015AE028902CD101F16808404623F06DFD88B955
S214015AF04B46002241462846CDE90067FDF77CFF6C
S214015B0023F0B5FF0446B0B13A460021304625F0F1
S214015B1086F910E0002301930D4B4146009305F1F1
S214015B20600205F11C03284623F057FD23F09FFF72
S214015B3004460028DCD0204603B0BDE8F083494681
S214015B402846FEF73DFD03B0BDE8F04323F08FBFC6
S214015B50BFAB0300F0B51D460388174603F44F425A
S214015B60B2F5824F18BF00230E46A1B04188D8B2C5
S214015B7025F014F80446F8B1684623F0A9FC21463E
S214015B806846FEF771FD044670B903460C4A68463E
S214015B9018A9FEF735FC044630B93B46324629467D
S214015BA06846FEF70DFD0446684623F0D3FC204602
S214015BB023F05DFF21B0F0BD6FF08500FAE700BF6E
S214015BC0BFAB03002DE9F04305460088AFB020F0D7
S214015BD0FF04B4F5E24FDDF8E890DDE9387869D1E5
S214015BE0364C1C40364B44F010649C4262D1002374
S214015BF0029302AB009313460A46698824F055FDCA
S214015C000446002852D1CDE90300029D04A9287854
S214015C1024F0B5FF044605A823F0D4F944F48240E5
S214015C2003AB0093049980B2DDE9362324F03DFDF1
S214015C30039E044638BB0122314605A8FDF7AEFC9B
S214015C4023F015FF0446F0B90246294605A8FDF7DC
S214015C50A5FC23F00CFF0446A8B91A4B3A46494660
S214015C600190009305A84346FDF7CAFC23F0FFFE0A
S214015C70044640B9049BD9F800200733B2EBD30F92
S214015C8005D06FF0960441463846FEF789FD05A813
S214015C9023F09CF9304623F05DFC304630F081FE5F
S214015CA0284623F057FC284630F07BFE20462FB0CE
S214015CB0BDE8F0836FF08604F8E700BF0000FFF64A
S214015CC000000209BFAB0300036810B504462BB100
S214015CD0054A934205D1043020F060FA0020206086
S214015CE010BD6FF08800FBE709000002F8B50768F1
S214015CF005460C4607BB124B994213D1061D30468A
S214015D0020F04AFA30463946FAF758FA064628B9D4
S214015D102C603046BDE8F84023F0A9BE2846FFF7C0
S214015D20D3FFF6E701F0FE44B4F1007F14BF6FF035
S214015D3086006FF08500F8BD6FF08800FBE700BFB6
S214015D400900000210B5074B04689C4206D10430D6
S214015D5020F026FABDE8104023F089BE6FF08800D7
S214015D6010BD00BF090000022DE9F0411F4604786E
S214015D70064644F0007404F17E44033C102C98BFA0
S214015D80104B884615468CBF00241C5D3A601AB13C
S214015D902121404625F043F8AC420DD832680A4B23
S214015DA09A420CD14146301D20F001FA23F05FFEE5
S214015DB000B93C60BDE8F0816FF08900FAE76FF04A
S214015DC08800F7E764A0040009000002064B10B53E
S214015DD01B6806489847064B044893F85040054B05
S214015DE01B689847204610BDB87C0020B84F00209D
S214015DF0004F0020B47C002000F14043012B70B519
S214015E0005460E460CD82822154C02FB0344237E79
S214015E10022B02D16369834215D06FF08B0017E025
S214015E20012124F084FDA0B10D4C237E022B02D16A
S214015E3063699D4207D094F84030022BEDD1E36BA5
S214015E409D42EAD1074C204624F064FD20B9346017
S214015E5070BD6FF08700FBE76FF09600F8E700BFB4
S214015E60004F0020284F00200122024B002083F81B
S214015E7050207047004F00200A4B70B51E46012582
S214015E8003241846DD611C7623F0A0FF06F12800E6
S214015E90756486F8404023F099FF002386F8503059
S214015EA070BD00BF004F0020F8B505460E46FFF74F
S214015EB08DFF70B31F4C237EC3B1022B14D1E3694F
S214015EC093B92379002B14BF2746002794F8403056
S214015ED0EBB137BB022B04D1636C13B994F82C30A9
S214015EE0F3B96FF08C0016E00027EFE727463B7EFC
S214015EF09BB901233B763DB13C1BE41003F1CC3347
S214015F005C4304F180442C6000203760F8BD0A4FE2
S214015F10EDE76FF088000027F7E76FF09600FAE7E5
S214015F20054F384624F0F6FC384623F04FFF00288C
S214015F30DDD0F0E7004F0020284F002000232DE998
S214015F40F3410B6007460D46FFF740FF002864D07B
S214015F50334B34481B689847064628B16FF08F04C8
S214015F60204602B0BDE8F08129463846FFF744FFD7
S214015F7010F18C0F0446DFF8B08008D0D8F8003056
S214015F80284898470028EBD0002CE9D1E6E72946B7
S214015F903046FFF789FF044620B1D8F80030214883
S214015FA09847DDE701232E68CDE9000069463046B3
S214015FB07761736001AA24F061FD044628B9DDE922
S214015FC00012304623F0A0FE0446DDE9000124F06D
S214015FD053FD28684CB123F0F9FE14F18C0F08BF6D
S214015FE06FF0870400232B60C8E78368D90444BF99
S214015FF043F4806383609A0444BF43F40063836080
S214016000037E012B04BF0223037624F083FC04469F
S2140160100028B3D06FF09604E4E76FF088049FE79A
S214016020B87C00201C500020B47C00200B4B10B51F
S2140160301B6804460A48984718B16FF08F0420463B
S21401604010BD204624F084FC064B04461B68044819
S21401605098470028F3D0002CF1D1EEE7B87C002059
S2140160601C500020B47C002030B40D4D2C681C6000
S2140160706C685C6000249C605468DC6014881C8238
S21401608054885C8294685C61D4689C61126930BCF7
S214016090DA6119620A46014603F1240024F0DCBEE7
S2140160A075A004002DE9F843232904460F469146BE
S2140160B09846089E04D86FF098052846BDE8F883F0
S2140160C00822194924F082FE05460028F3D1A36868
S2140160D0002BF0D1216A243F8F42C8F80010EAD382
S2140160E0B1F5005FE7D271B9C9F80000E3687360E3
S2140160F0238A3380638A73806369B360A369F3601C
S214016100E3693361D9E7012020F069FEC9F8000090
S21401611030B1D8F8002004F1240124F09DFEE5E713
S2140161206FF08C05C9E700BF75A0040070B5094D76
S2140161300446286008480160084909480A60094A77
S2140161401360A0472B68084898472B680748BDE8A6
S21401615070401847C07C0020BC7C0020B87C002022
S2140161601C500020B47C0020B84F0020544F002063
S21401617010B500202BF079F80B4C206060B101209F
S2140161802BF073F8606038B12368084A13604BB986
S2140161906A21074B074A02E05821074B054A074880
S2140161A000F03AFE10BD00BF845000208050002051
S2140161B0187F04008EA00400047F0400127F0400F0
S2140161C002210148F4F754BD8450002010B5044C58
S2140161D020682BF04FFA2068BDE810401EF0CEBABA
S2140161E08050002010B504460A4B1868204001D0A4
S2140161F0FCF742FA084B1868204001D021F071FAEA
S214016200064B1868204003D0BDE8104021F079BA4B
S21401621010BD00BF907C0020947C0020E04E002042
S21401622001490248FBF772BCB48B04008C50002075
S2140162300C4B0246996829B1596832EA010104D12A
S21401624008487047D9680029F6D1996929B15B6970
S21401625005489A4318BF00207047D8690028F6D130
S214016260704700BFC87C0020D87C0020014B1878FE
S214016270704700BFC666002038B5054621F042FAD1
S214016280FFF7D6FF0446A8B1836833B9E36863B95C
S2140162902278094B00201A7006E002781968284611
S2140162A00EF096FE0028F1D038BD28469847002803
S2140162B0EED0F9E70220F7E7C666002081F000413C
S2140162C002E000BF83F0004330B54FEA41044FEAD5
S2140162D0430594EA050F08BF90EA020F1FBF54EA70
S2140162E0000C55EA020C7FEA645C7FEA655C00F00C
S2140162F0E2804FEA5454D4EB5555B8BF6D420CDDDD
S2140163002C4480EA020281EA030382EA000083EA5F
S214016310010180EA020281EA0303362D88BF30BDFF
S21401632011F0004F4FEA01314FF4801C4CEA113155
S21401633002D0404261EB410113F0004F4FEA0333B4
S2140163404CEA133302D0524263EB430394EA050F3F
S21401635000F0A780A4F10104D5F1200E0DDB02FAAE
S2140163600EFC22FA05F2801841F1000103FA0EF242
S214016370801843FA05F359410EE0A5F120050EF108
S214016380200E012A03FA0EFC28BF4CF0020C43FA39
S21401639005F3C01851EBE37101F0004507D54FF046
S2140163A0000EDCF1000C7EEB00006EEB0101B1F596
S2140163B0801F1BD3B1F5001F0CD349085FEA3000DC
S2140163C04FEA3C0C04F101044FEA445212F5800FE7
S2140163D080F09A80BCF1004F08BF5FEA500C50F184
S2140163E0000041EB045141EA050130BD5FEA4C0C67
S2140163F0404141EB0101013C28BFB1F5801FE9D2C4
S21401640091F0000F04BF01460020B1FA81F308BFE6
S2140164102033A3F10B03B3F120020CDA0C3208DDB2
S21401642002F1140CC2F10C0201FA0CF021FA02F18D
S2140164300CE002F11402D8BFC2F1200C01FA02F1FD
S21401644020FA0CFCDCBF41EA0C019040E41AA2BF22
S21401645001EB0451294330BD6FEA04041F3C1CDAEA
S2140164600C340EDC04F11404C4F1200220FA04F00A
S21401647001FA02F340EA030021FA04F345EA0301B4
S21401648030BDC4F10C04C4F1200220FA02F001FA76
S21401649004F340EA0300294630BD21FA04F02946F8
S2140164A030BD94F0000F83F4801306BF81F4801191
S2140164B00134013D4EE77FEA645C18BF7FEA655C04
S2140164C029D094EA050F08BF90EA020F05D054EAD6
S2140164D0000C04BF1946104630BD91EA030F1EBFDB
S2140164E00021002030BD5FEA545C05D140004941DF
S2140164F028BF41F0004130BD14F580043CBF01F5D2
S214016500801130BD01F0004545F0FE4141F47001B7
S2140165104FF0000030BD7FEA645C1ABF1946104692
S2140165207FEA655C1CBF0B46024650EA013406BF93
S21401653052EA033591EA030F41F4002130BD00BF52
S21401654090F0000F04BF0021704730B54FF480640F
S21401655004F132044FF000054FF0000150E700BF90
S21401656090F0000F04BF0021704730B54FF48064EF
S21401657004F1320410F0004548BF40424FF00001DC
S2140165803EE700BF42004FEAE2014FEA31014FEA1F
S21401659002701FBF12F07F4393F07F4F81F060516E
S2140165A0704732F07F4208BF704793F07F4F04BFB9
S2140165B041F40021704730B54FF4607401F0004596
S2140165C021F000411CE700BF50EA010208BF7047F6
S2140165D030B54FF000050AE050EA010208BF7047E7
S2140165E030B511F0004502D5404261EB41014FF450
S2140165F0806404F132045FEA915C3FF4D8AE4FF058
S21401660003025FEADC0C18BF03325FEADC0C18BF3A
S214016610033202EBDC02C2F1200300FA03FC20FA8B
S21401662002F001FA03FE40EA0E0021FA02F11444D8
S214016630BDE600BF70B54FF0FF0C4CF4E06C1CEAF1
S21401664011541DBF1CEA135594EA0C0F95EA0C0F62
S21401665000F0DEF82C4481EA030621EA4C5123EAD5
S2140166604C5350EA013518BF52EA033541F4801104
S21401667043F4801338D0A0FB02CE4FF00005E1FBB7
S21401668002E506F00042E0FB03E54FF00006E1FB01
S21401669003569CF0000F18BF4EF0010EA4F1FF0444
S2140166A0B6F5007F64F5407404D25FEA4E0E6D4184
S2140166B046EB060642EAC62141EA55514FEAC52095
S2140166C040EA5E504FEACE2EB4F1FD0C88BFBCF511
S2140166D0E06F1ED8BEF1004F08BF5FEA500E50F1C2
S2140166E0000041EB045170BD06F0004646EA010188
S2140166F040EA020081EA0301B4EB5C04C2BFD4EBBA
S2140167000C0541EA045170BD41F480114FF0000EB2
S214016710013C00F3AB8014F1360FDEBF002001F020
S214016720004170BDC4F10004203C35DA0C341BDC9A
S21401673004F11404C4F1200500FA05F320FA04F06C
S21401674001FA05F240EA020001F0004221F00041A0
S21401675010EBD37021FA04F642EB06015EEA430E13
S21401676008BF20EAD37070BDC4F10C04C4F1200543
S21401677000FA04F320FA05F001FA04F240EA0200F6
S21401678001F0004110EBD37041F100015EEA430EC7
S21401679008BF20EAD37070BDC4F1200500FA05F2E7
S2140167A04EEA020E20FA04F301FA05F243EA020366
S2140167B021FA04F001F0004121FA04F220EA020075
S2140167C000EBD3705EEA430E08BF20EAD37070BDBB
S2140167D094F0000F0FD101F00046400041EB01019B
S2140167E011F4801F08BF013CF7D041EA060195F07D
S2140167F0000F18BF704703F00046520043EB030337
S21401680013F4801F08BF013DF7D043EA0603704723
S21401681094EA0C0F0CEA135518BF95EA0C0F0CD02E
S21401682050EA410618BF52EA4306D1D181EA030174
S21401683001F000414FF0000070BD50EA410606BF6E
S2140168401046194652EA430619D094EA0C0F02D1B3
S21401685050EA013613D195EA0C0F05D152EA0336F8
S2140168601CBF104619460AD181EA030101F0004116
S21401687041F0FE4141F470014FF0000070BD41F05F
S214016880FE4141F4780170BD70B54FF0FF0C4CF439
S214016890E06C1CEA11541DBF1CEA135594EA0C0F58
S2140168A095EA0C0F00F0A7F8A4EB050481EA030EA5
S2140168B052EA03354FEA013100F088804FEA03338C
S2140168C04FF0805545EA131343EA12634FEA02225A
S2140168D045EA111545EA10654FEA00260EF000411B
S2140168E09D4208BF964244F1FD0404F5407402D26D
S2140168F05B084FEA3202B61A65EB03055B084FEAFE
S21401690032024FF480104FF4002CB6EB020E75EBFA
S214016910030E22BFB61A754640EA0C005B084FEA22
S2140169203202B6EB020E75EB030E22BFB61A75469F
S21401693040EA5C005B084FEA3202B6EB020E75EBEA
S214016940030E22BFB61A754640EA9C005B084FEA62
S2140169503202B6EB020E75EB030E22BFB61A75466F
S21401696040EADC0055EA060E18D04FEA051545EA5E
S21401697016754FEA06164FEAC30343EA52734FEA07
S214016980C2025FEA1C1CC0D111F4801F0BD141EA80
S21401699000014FF000004FF0004CB6E711F4801FE5
S2140169A004BF01430020B4F1FD0C88BFBCF5E06FC5
S2140169B03FF6AFAEB5EB030C04BFB6EB020C5FEAD5
S2140169C0500C50F1000041EB045170BD0EF0004E2A
S2140169D04EEA113114EB5C04C2BFD4EB0C0541EA5C
S2140169E0045170BD41F480114FF0000E013C90E659
S2140169F045EA060E8DE60CEA135594EA0C0F08BF1D
S214016A0095EA0C0F3FF43BAF94EA0C0F0AD150EA1B
S214016A1001347FF434AF95EA0C0F7FF425AF1046AE
S214016A2019462CE795EA0C0F06D152EA03353FF4D6
S214016A30FDAE1046194622E750EA410618BF52EA53
S214016A4043067FF4C5AE50EA41047FF40DAF52EA27
S214016A5043057FF4EBAE12E74A0011D212F500129D
S214016A6011D20DD56FF47873B3EB62520ED44FEAA0
S214016A70C12343F0004343EA505323FA02F0704720
S214016A804FF00000704750EA013002D14FF0FF305E
S214016A9070474FF00000704753B94AB9002908BF44
S214016AA000281CBF4FF0FF314FF0FF3000F0B2B9A5
S214016AB0ADF1080C6DE904CE00F006F8DDF804E04F
S214016AC0DDE9022304B070472DE9F04F8C46099E9C
S214016AD004460F46002B48D18A4215465ED9B2FAC3
S214016AE082F33BB1C3F120029F409D409C4020FAB7
S214016AF002F217434FEA154E1FFA85FC220CB7FB2C
S214016B00FEF10EFB117701FB0CF042EA07429042C0
S214016B1007D9AA1801F1FF3702D2904200F2588134
S214016B203946121AA4B2B2FBFEF00EFB102200FB8D
S214016B300CFC44EA0244A4450BD92C1900F1FF329F
S214016B402CBF01270027A44502D9002F00F043815E
S214016B50104640EA0140A4EB0C0400211EB1DC40C3
S214016B600023C6E90043BDE8F08F8B4206D90EB17B
S214016B70C6E9000100210846BDE8F08FB3FA83F1AB
S214016B80002951D16345C0F01681824240F213813B
S214016B900846002EE7D0C6E90047E4E7002A00F0E1
S214016BA0AF80B2FA82F3002B40F0C2808A1A4FEA15
S214016BB0154EAFB20121200CB2FBFEFC0EFB1C22CF
S214016BC040EA024207FB0CF090420ED9AA180CF1DB
S214016BD0FF382CBF4FF001094FF00009904203D94E
S214016BE0B9F1000F00F0F080C446121AA4B2B2FB4D
S214016BF0FEF00EFB102200FB07F744EA0244A74210
S214016C000ED92C1900F1FF322CBF4FF0010E4FF0B8
S214016C10000EA74203D9BEF1000F00F0D280104645
S214016C20E41B40EA0C4099E7C1F120058B400CFAC1
S214016C3001F400FA01F922FA05F72CFA05FC8A405C
S214016C401F4320FA05F3380C23431FFA87FE1C0C5A
S214016C50BCFBF0F800FB18CC44EA0C4408FB0EFC25
S214016C60A4450ED93C1908F1FF3A2CBF4FF0010B91
S214016C704FF0000BA44503D9BBF1000F00F0B8801C
S214016C80D046A4EB0C041FFA83FCB4FBF0F300FB24
S214016C90134403FB0EFE4CEA0444A6450ED93C19E8
S214016CA003F1FF302CBF4FF0010C4FF0000CA6454E
S214016CB003D9BCF1000F00F09F80034643EA084069
S214016CC0A4EB0E04A0FB02EC64457346E04602D337
S214016CD007D1F14505D2BEEB02036CEB070C013878
S214016CE0E0465EB1B9EB030264EB080404FA05F56D
S214016CF022FA01F3CC401D43C6E90054002132E7D5
S214016D0042082F464B08AC4642EAC172AE46C4075B
S214016D10110C92B241EA034142EA0142B1FBF5F19C
S214016D20B3FBF5F01F23A2EB0C0241EA004142E758
S214016D309D40C3F1200299409C402CFA02FC4FEA88
S214016D40154E20FA02F2AFB2BCFBFEF80A430EFB68
S214016D5018CC110C41EA0C4108FB07FC8C4550D9B4
S214016D60691808F1FF302CBF4FF001094FF00009F8
S214016D708C4502D9B9F1000F30D0A1EB0C01B1FB63
S214016D80FEF808FB07FC0EFB181192B242EA01421C
S214016D90624534D2AA1808F1FF312CBF4FF0010921
S214016DA04FF000096245BED2B9F1000FBBD1A8F180
S214016DB002012A44B7E7841A6CEB03020120174646
S214016DC0E7E62C4402382BE7ACF1020C2A440CE728
S214016DD002392A44A5E62C440238BAE6A5EB0C0C87
S214016DE0A8F102006144B1FBFEF808FB07FCCAE704
S214016DF0A8F102083C4444E7023B3C445EE74146B6
S214016E0091E7A1EB0C014046B1FBFEF808FB07FC3D
S214016E10B9E700BF704700BF1FB514461A46094BB5
S214016E2005461B68D8684CB1074B00910749CDE968
S214016E3001342B4600F0DEF824F023F8044B1C4600
S214016E40F3E700BFF47C0020227F04002F7F0400BC
S214016E50B47F0400024B0A460146186820F0BAB90E
S214016E60F47C002008B5064B044613B10021AFF3AD
S214016E700080044B1B6803B1984720461DF0FBFEBB
S214016E8000000000E4510020024B0146186820F083
S214016E909BB900BFF47C0020024B0146186820F025
S214016EA096B900BFF47C0020002310B50446836029
S214016EB0818119464366C28108228361C0E9003395
S214016EC0C0E904335C3023F0AAFF0D4B24626362F1
S214016ED00C4BA3620C4BE3620C4B23630C4B9C42A2
S214016EE006D003F16802944202D0D0339C4205D109
S214016EF004F15800BDE8104023F099BF10BD00BF53
S214016F00E9AC03000BAD030043AD030069AD03001C
S214016F10AC500020024A0349034823F0C7BE00BF15
S214016F20E87C002087B00300F87C002041680C4B09
S214016F30994210B5044601D024F0A5F8A168094B82
S214016F40994202D0204624F09EF8E168064B994209
S214016F5004D02046BDE8104024F095B810BD00BF0F
S214016F60AC500020145100207C5100200C4B042111
S214016F700C4A0D4810B51A600022FFF795FF0A4B20
S214016F80012209211C4603F16800FFF78DFF02224A
S214016F9004F1D0001221BDE81040FFF785BF00BF05
S214016FA0E4510020156F0100AC500020014823F089
S214016FB03FBF00BFC7660020014823F03ABF00BFAD
S214016FC0C766002010B50446FFF7F0FF236A1BB121
S214016FD0BDE81040FFF7F0BF044B2362044B1B686B
S214016FE0002BF5D1FFF7C2FFF2E700BF2D6F0100BE
S214016FF0E45100200EB403B503AB0146054853F82F
S214017000042B0068019300F0B1F902B05DF804EBBF
S21401701003B07047F47C00200CB4194B30B50C1E3D
S2140170209DB01D6808DA8B234FF0FF302B601DB032
S214017030BDE8304002B070474FF4027302900690EC
S21401704002A9ADF814304FF00003209A28461B938E
S21401705014BF04F1FF332346049307934FF6FF73DF
S214017060ADF8163021AB019300F084F8431CBCBF89
S2140170708B232B60002CDAD0029B00221A70D6E7F5
S214017080F47C002007B5009313460A4601460348E0
S214017090006823F06DFE03B05DF804FBF47C00206D
S2140170A038B50023054D044608462B601DF0E0FD6B
S2140170B0431C02D12B6803B1236038BDE851002080
S2140170C038B50446064D0846114600222A601A467F
S2140170D01DF0DBFD431C02D12B6803B1236038BDD4
S2140170E0E851002038B50446064D084611460022F0
S2140170F02A601A461DF0CBFD431C02D12B6803B152
S214017100236038BDE851002038B50446064D0846D0
S214017110114600222A601A461DF0BBFD431C02D10F
S2140171202B6803B1236038BDE851002070B50D4BC4
S21401713000260D4D5B1B9C10A64209D10B4D2FF06E
S214017140AFFC0B4B00265B1B9C10A64205D170BD05
S21401715055F8043B01369847EEE755F8043B0136EF
S2140171609847F2E7F47D0020F07D0020F47D0020B2
S214017170F87D00202DE9F04F98468B899DB0074693
S2140171801B060D46144610D50B6973B9402120F035
S2140171901BF82860286130B90C233B604FF0FF30A4
S2140171A01DB0BDE8F08F40236B610023CDF80C8045
S2140171B04FF00109DFF8A081099320238DF82930CB
S2140171C030238DF82A3023469A4613F8012B0AB14C
S2140171D0252AF9D1BAEB040B0BD05B462246294689
S2140171E0384623F055FE013000F0A780099A5A442C
S2140171F009929AF80030002B00F09F8000234FF090
S214017200FF320AF1010A049307938DF853301A935B
S214017210CDE90523544605224F4814F8011B23F0F7
S214017220C2FF049AD8B9D00644BF20238DF8533044
S214017230110744BF2B238DF853309AF800302A2BC0
S21401724015D0079A544600204FF00A0C214611F833
S214017250013B303B092B4BD9B0B1079214E0A0EBB0
S2140172600803A24609FA03F313430493D2E7039BE8
S214017270191D1B68002B0391BBBF5B4242F0020243
S21401728007930793B8BF049223782E2B0AD163780D
S2140172902A2B32D1039B02341A1D1B6843EAE3737F
S2140172A003920593DFF8C0A003222178504623F00D
S2140172B07AFF38B1A0EB0A004022049B01348240D9
S2140172C01343049314F8011B062224488DF8281052
S2140172D023F069FF002836D0214B1BBB039B0733E5
S2140172E023F0070308330393099B334409936AE7A2
S2140172F00CFB02320C460120A8E7002301344FF0B4
S2140173000A0C19460593204610F8012B303A092A33
S21401731003D9002BC6D00591C4E70CFB0121044616
S2140173200123F0E703AB2A4604A9384600930D4B28
S214017330AFF30080421C0646D6D1AB895B063FF50B
S2140173402DAF09982CE703AB2A4604A938460093CB
S214017350044B00F023F9EDE75E7F0400687F04002C
S2140173600000000091AE0300647F04002DE9F04F99
S2140173700D469DB014469846064618B1036A0BB9E9
S214017380FFF720FE6B6ED90705D4AB899A0502D4A8
S214017390A86D23F04DFDAB891B0701D52B699BB961
S2140173A02946304600F09AFA70B16B6EDC0704D5B8
S2140173B04FF0FF301DB0BDE8F08FAB899805F7D4CC
S2140173C0A86D23F036FDF3E70023CDF80C804FF0CF
S2140173D00109DFF8B481099320238DF82930302381
S2140173E08DF82A3023469A4613F8012B0AB1252A2E
S2140173F0F9D1BAEB040B0BD05B4622462946304640
S21401740023F0BDFD013000F0A780099A5A44099285
S2140174109AF80030002B00F09F8000234FF0FF32D7
S2140174200AF1010A049307938DF853301A93CDE9B4
S214017430052354460522544814F8011B23F0B3FED5
S214017440049AD8B9D10644BF20238DF853301307C8
S21401745044BF2B238DF853309AF800302A2B15D0D1
S214017460079A544600204FF00A0C214611F8013BBA
S214017470303B092B4BD9B0B1079214E0A0EB0803BF
S214017480A24609FA03F313430493D2E7039B191D9B
S2140174901B68002B0391BBBF5B4242F002020793BD
S2140174A00793B8BF049223782E2B0AD163782A2B30
S2140174B032D1039B02341A1D1B6843EAE37303921D
S2140174C00593DFF8D4A003222178504623F06BFE03
S2140174D038B1A0EB0A004022049B013482401343DA
S2140174E0049314F8011B062228488DF8281023F06F
S2140174F05AFE00283FD0264B1BBB039B073323F0C5
S214017500070308330393099B3B4409936AE70CFB83
S21401751002320C460120A8E7002301344FF00A0C82
S21401752019460593204610F8012B303A092A03D94B
S214017530002BC6D00591C4E70CFB012104460123AC
S214017540F0E703AB2A4604A930460093114BAFF38C
S21401755000800746781CD6D16B6ED90705D4AB8957
S2140175609A0502D4A86D23F064FCAB895B063FF54F
S2140175701FAF09981EE703AB2A4604A930460093BD
S214017580044B00F00BF8E4E75E7F0400687F04001C
S214017590000000007FAF0300647F04002DE9FF4771
S2140175A00F7E914680460C46782F9A460C9E01F136
S2140175B0430207D8622F0AD8002F00F0D280582F36
S2140175C000F0B78004F1420684F842703AE0A7F171
S2140175D06303152BF6D801A151F823F03576010087
S2140175E049760100C5750100C5750100C575010024
S2140175F0C575010049760100C5750100C575010014
S214017600C5750100C5750100497701007376010053
S214017610FF760100C5750100C57501006B77010095
S214017620C575010073760100C5750100C5750100B9
S2140176300777010033681A1D1B68326004F14206A1
S21401764084F8423001239DE033682068191D3160BB
S214017650060601D51D6803E04506FBD5B3F90050C3
S214017660002D03DA2D236D4284F8433059480A234E
S21401767010E021683368080653F8045B02D4490613
S21401768048BFADB26F2F5348336059D1082300214C
S21401769084F843106668002EA66005DB21682E4339
S2140176A021F0040121604DD01646B5FBF3F103FB32
S2140176B01157C75D06F8017D2F460D46BB42F4D92A
S2140176C0082B0BD12368DF0708D523696168994227
S2140176D0DEBF302306F8013C06F1FF36921B22611D
S2140176E04B4603AA21464046CDF800A023F059FC9C
S2140176F001304CD14FF0FF3004B0BDE8F08723686D
S21401770043F02003236078273348236884F84570C4
S2140177101F06316851F8045B02D45F0648BFADB25C
S2140177203160D90744BF43F0200323601DB1102305
S214017730ADE72848E9E7236823F020032360F6E74E
S2140177400A23A4E71646BBE733682568181D616956
S21401775030602E061B6801D5196002E06806FBD56D
S2140177601980002316462361BAE7336800211A1DE3
S21401777032601E686268304623F015FD08B1801B32
S214017780606063682361002384F84330A8E72369B7
S214017790324649464046D0470130ABD023689B0766
S2140177A013D4E068039B9842B8BF1846A4E70123A8
S2140177B0324649464046D04701309BD00135E36802
S2140177C003995B1AAB42F2DCEBE7002504F11906DC
S2140177D0F5E700BF6F7F0400807F0400B1F90C203D
S2140177E02DE9F041160705460C4651D44B68002B8F
S2140177F002DC0B6C002B49DDE66A002E46D0002326
S21401780012F480522F682B6031D0626DA38959071C
S21401781005D56368D21A636B0BB1236CD21A0023A9
S214017820E66A216A2846B047421CB4F90C3006D1F4
S21401783029681D2945D8284ACA40D60741D50022BD
S214017840D90462602269226004D5421C01D12B68EA
S21401785003B96065616B2F60C1B104F144039942BD
S21401786002D028461FF0B3FC002363630EE0012319
S214017870216A2846B0470246501CC7D12B68002B08
S214017880C4D01D2B01D0162B19D12F6000201DE06E
S2140178900F69002FFAD093070E680F600CBF4B6973
S2140178A00023A6EB07088B60B8F1000FEEDD434618
S2140178B03A46216A2846A66AB047002808DCB4F989
S2140178C00C3043F040034FF0FF30A381BDE8F08158
S2140178D00744A8EB0008E7E70100402038B5284B2D
S2140178E005460C46186818B1036A0BB9FFF76AFB20
S2140178F0B4F90C301A0721D4D80607D409222A6015
S21401790043F040034FF0FF30A38130E0590712D512
S214017910616B41B104F14403994202D028461FF03D
S21401792056FC002363630022B4F90C30626023F036
S21401793024032269226043F00803A38122693AB92D
S2140179409A0501D5180603D52146284623F05DFC85
S214017950B4F90C3013F001020AD00022A260626969
S2140179605242A261226942B913F08000C8D138BDE3
S214017970990758BF6269A260F4E70020F7E700BFE5
S214017980F47C0020024B0146186823F0E2BB00BFDE
S214017990F47C002038B50023064D044608461146FF
S2140179A02B601DF06FF9431C02D12B6803B12360D5
S2140179B038BD00BFE851002038B50023064D044607
S2140179C0084611462B601DF057F9431C02D12B685F
S2140179D003B1236038BD00BFE851002038B500234D
S2140179E0054D044608462B601DF04AF9431C02D19A
S2140179F02B6803B1236038BDE8510020F0B5477B02
S214017A00057B7B1CB7EB951F89B004464FF000063B
S214017A10437306D38673312009B0BDE8F04009F000
S214017A2011BD1D4809F0A8FC7F001C491C4B3D41B7
S214017A30CDE9041305F00305E37A253504A88DF88E
S214017A401830CDF81A60ADF81E608DF8195000F0A8
S214017A50D7FDA37ACDE901668DF80930238903960F
S214017A60C3F3402252008DF80A20627B012A01D816
S214017A70DA070DD523F00103238101238DF80830A1
S214017A8001A823F058FE206926F01EFF09B0F0BDBC
S214017A9023680193F4E700BFDD7A0100D6BE898E24
S214017AA055555500222810B50C460DD0562812D132
S214017AB000F0AAFC084809F05FFC0123A3733120FB
S214017AC0BDE8104009F0BEBC00F09EFCBDE81040C9
S214017AD0014809F051BC10BD7DB20300512808B51C
S214017AE010D10A89920508D50120897A00F0E0FABA
S214017AF0BDE80840054809F03FBC0846BDE8084017
S214017B00FFF77CBFBDE80840FFF7CCBF117B010043
S214017B102DE9F04F53280C4685B007D0552800F0C4
S214017B20A28005B0BDE8F04FFFF7BCBF00F07EFBBA
S214017B3083680646DD0740F1948043210DF10F026C
S214017B4009F0B0FB43780546252B00F28A8090F8B1
S214017B50008008F00F08B8F1030F02D0B8F1050F46
S214017B607FD1206926F0ABFE22890146C2F340028E
S214017B70284626F0C1FE002873D1AB4627891BF89C
S214017B8002AB23F09DFB07F4C07980F00103B9F145
S214017B900002CAF3801A594618BF01225046DBB2CA
S214017BA026F0BCFF0146002863D123F092FB002893
S214017BB057D1B9F1000F5CD0FF43B8F1030FBFB244
S214017BC020D138064DD521892846C1F3800126F0FB
S214017BD0AAFE0328054628D123899A0627D42848D1
S214017BE009F0CAFBA17A002000F04CFA606926F081
S214017BF06BFE23899B0640D5304605B0BDE8F04FA5
S214017C0026F091BDF9052CD5218904F118030193BD
S214017C10C1F380130093C1F30012C1F34003284659
S214017C20C1F3C00126F088FED3E7052819D13046F6
S214017C3001F0CCF8A8B1032DD1D000253046A573AC
S214017C4000F02EFB304626F06EFD00F0DDFB0D4801
S214017C5009F092FB3120A57305B0BDE8F04F09F09D
S214017C60F1BB00F0D1FB204605B0BDE8F04FFFF7B1
S214017C70C5BEB8F1030FC7D1A5E705B0BDE8F08FC3
S214017C808BB203007DB203000120014909F062BBFB
S214017C907DB2030021281FB50C4634D11C4809F0DB
S214017CA06BFB04F1100000F0ABFC94F8240026F006
S214017CB082FC94F82030626813F0010394F82210D5
S214017CC012D00023CDE90233A3686846134401931A
S214017CD0012300928DF80A308DF80B108DF80C30C8
S214017CE000F008FA04B010BDCDE90133022368465E
S214017CF000928DF805108DF8063023F01CFD204605
S214017D0023F069FBEEE704B0BDE8104023F0E6BAC5
S214017D1043B403000320014909F01CBB957C010014
S214017D2037B5174D0446EB6993F87D2012B900204C
S214017D3003B030BD01281AD002280CBF022201224E
S214017D408DF8042001228DF805209A6F286922F00B
S214017D5044029A6701A929F0E8FE0028E8D1012C1F
S214017D6007D1EA69936F43F040039367DFE7042284
S214017D70E6E7022CDBD1EA69936F43F00403F4E7EC
S214017D804828002037B5184D0446EA6992F87D3038
S214017D9013B9002003B030BD01281CD002280CBF47
S214017DA0022301238DF8043001238DF80530936FEB
S214017DB0286923F4805323F00203936701A929F06D
S214017DC0D8FE0028E6D1012C07D1EA69936F43F06B
S214017DD002039367DDE70423E4E7022CD9D1EA69BD
S214017DE0936F43F48053F4E7482800200422F0B54B
S214017DF01D4E0546F36985B083F87C20407900F076
S214017E0089FE2C79074694B1A879FFF789FF0446C5
S214017E1038BB01466A7901201FF03EFC3B462246EC
S214017E207179306905B0BDE8F04029F025BD2B68B1
S214017E3068790394029300F06DFE009022467179F2
S214017E40306902AB29F023FD044650B9A879FFF743
S214017E5067FF044628B9024601216B7928681FF09E
S214017E601AFC204605B0F0BD48280020014B1869D1
S214017E702AF033B948280020014B18692AF02FB997
S214017E8048280020F8B52EF0BDFA0646164FFB69C5
S214017E9093F86F4093F86E300434E41AE4B20CB9E8
S214017EA0042507E001202BF02DF8014688B9C4F11E
S214017EB00405EDB230462EF0A0FA44B1FA694FF04F
S214017EC00060936F43F01003936709F0D7FB2846D1
S214017ED0F8BD06482AF05DFFFA69013C92F86E305B
S214017EE0013382F86E30D9E7482800205C2800204C
S214017EF02DE9F843DFF86C800546D8F81C3093F876
S214017F006E4093F86F30E41AE4B298B12EF07AFA24
S214017F102E460746306820B1042C0ED130462AF092
S214017F20C9FE29680E482AF02AFF38462EF065FA5F
S214017F3000232B602046BDE8F883D0F800902AF095
S214017F40D7FF3368D8F81C20C3F8009092F86E303B
S214017F50013401333668E4B282F86E30DAE700BFE6
S214017F605C280020482800202DE9F0414FF0000849
S214017F7082B00546CDF8048038B3154F01AC0AE04F
S214017F8023601B687B612368C3F800802668453D33
S214017F90002D344610DD7B69002BF1D101202AF03B
S214017FA0B1FF064620600028F1D101A8FFF7A0FF27
S214017FB0304602B0BDE8F081019E3046737943F049
S214017FC00103737102B0BDE8F0810646F5E700BF14
S214017FD04828002038B52EF015FA00240546094B2E
S214017FE0DA695B69A2F86E40621C3BB906482AF062
S214017FF061FE28462EF001FAE0B238BD14461B6831
S214018000F2E700BF482800205C28002008B509F0E8
S21401801067FD024B1030D86108BD00BF482800201C
S21401802038B504460A4DFFF7F1FFEB692A689A67EF
S21401803064B1A08809F012F909F02CF90122EB6964
S21401804083F87C20FFF71EFF002038BD0120F3E7F0
S21401805048280020014BD869703070474828002016
S2140180600022024BDB691A675A67704748280020CE
S214018070034BDA69936F43F480339367704700BF0D
S21401808048280020042238B5084B0D46DB6983F8E2
S2140180907C20FFF745FE044608B100F069FC2A463D
S2140180A0002101201FF0F8FA204638BD482800209C
S2140180B0022238B5094B0D46DB6983F87C20FFF7B1
S2140180C061FE044608B100F053FC2A460021012057
S2140180D01FF0E2FA23F018FB204638BD482800209E
S2140180E0034A136823F40043136000F063BE00BF25
S2140180F0482800207FB52D4E0446F569102295F8D4
S2140181007C300021022B14BF02230823684685F821
S2140181107C3022F084FE237A002B3DD001238DF89B
S214018120043063680293A37A53B195F87D0009F091
S2140181307FF8029B02881344029301238DF80D30C9
S214018140637A207B8DF80E30FFF71CFE0546C0B91A
S214018150E07A00F0DFFC6A4603467179306929F05F
S21401816003FC054668B9F369227AB3F87A10E37A14
S21401817001F001019AB11A4601201FF08DFA23F091
S214018180C3FAF269936F23F48033936715B12846D7
S21401819000F0EEFB04B070BD23680093C1E70A4609
S2140181A0206801211FF077FAE9E700BF4828002080
S2140181B0082270B51C4D86B0EB690E4683F87C200C
S2140181C0017A04464B1ED9B2437A0529184628BFC0
S2140181D000212B7123F049FAADF8103000236871A5
S2140181E0024660688DF812300290ADF814302068AF
S2140181F002AB00933368039028692AF085F8EB698F
S214018200227A83F87D2018B100F0B2FB06B070BD6B
S214018210307BFFF7B7FD0028F6D1EA69936F43F488
S21401822080739367F2E700BF48280020F0B51B4B28
S21401823087B0DD6995F86C4004EBC404A600AF591D
S21401824005EB840417B1204607B0F0BD1A79A77371
S2140182506273032101AA1869A7600CF055FCA851A6
S2140182602046039A049B1036AA513544BDF80820CF
S2140182709DF804106B60BDF806300729A3EB0203D6
S214018280638308BFA368228308BF43F00103A78363
S214018290276208BFA36007B0F0BD00BF48280020D2
S2140182A083689B0700D5704730B5154D87B00446E7
S2140182B001686A4628690CF047FC50B9238B628B2B
S2140182C06946134403332869ADF8043029F05FFE8C
S2140182D008B107B030BD009B9DF90E00636000F049
S2140182E059FD2073EB699DF8111093F87D0008F095
S2140182F093FFA368A07343F00203A36007B030BDE9
S21401830048280020F8B54FF6FF741E46A142038B9D
S214018310B0F81AC008BF818B9C4418BF81836145A1
S214018320054636DA4FF6FF708242ACEB010C02D0FE
S2140183309445A8BF94468B421FFA8CF407D80027B1
S214018340A74216D3AB8B38463B44AB83F8BD5B1ACA
S214018350A342A8BF23462A69304611449AB217465B
S2140183602AF005FF80B2B84218D1298BA7420B46E6
S214018370E8D23046C91AE61B6B69B6B2324613FA22
S21401838081F12AF0F4FE80B2361AB6B226B9274633
S214018390D8E700273846F8BD384480B20746AB8B8D
S2140183A01844A8833846F8BDF8B524260F4FFC6953
S2140183B094F86D3006FB0344214623F0C5F90546C3
S2140183C02EF020F80022F969226291F86D305E43A2
S2140183D08A5103220133B3FBF2F202EB42029B1AEB
S2140183E081F86D302EF009F82846F8BD482800209F
S2140183F02421044BDB6993F86C2001FB023123F046
S214018400A3B900BF4828002010B5144CE36993F8BF
S2140184107C30012B08D00022114610461FF03CF993
S2140184200122E36983F87C200122032120690BF0F5
S2140184300FFC00220121206929F0C9FD002023F04C
S21401844067F923F067F9002023F066F9E269936F74
S21401845023F4847343F4C043936710BD4828002077
S21401846010B52DF0CFFF0446FFF7CEFF074B562081
S214018470DA69B2F876300133A2F8763009F02AF8D4
S2140184802046BDE810402DF0B8BF00BF48280020A8
S21401849010B5114CE269936F190704D523F0080350
S2140184A09367FFF7DDFFE269936FD80604D523F0E3
S2140184B010039367FFF7E6FCE269936F990609D507
S2140184C023F02003936709F01DFB18B1BDE81040A7
S2140184D0FFF7C6BF10BD00BF4828002008B5FFF74C
S2140184E093FF00F067FC094A1368D16923F400433F
S2140184F0136053690022501C23B981F86E2081F85D
S2140185006F3008BD02461B68F5E700BF482800200B
S21401851073B5114D04462B7883421BD00F4E88B19C
S214018520012006F01BF8002301930D4B4FF000428B
S21401853000930C490123306929F090F901202C7031
S21401854002B070BD0749306929F093F9204606F05C
S21401855005F8F3E70020F3E7C86600204828002066
S21401856061B60300EC510020014B186929F080BD6B
S21401857048280020002208B5104611461FF08CF846
S214018580034B186929F0CCF923F0C1F808BD00BFE8
S21401859048280020024B5878C0F38000704700BF7F
S2140185A04828002038B5154C0546E36993F87D3018
S2140185B083420ED0431E042B08D8DFE803F0030BDA
S2140185C00F14160020690CF033FD10B9E36983F827
S2140185D07D5038BD206923F0A1F8F6E70021206917
S2140185E023F09EF8F1E70221F9E7FFF7D3FF002811
S2140185F0ECD0206923F096F8E7E700BF4828002072
S2140186007FB50446114E407A0025307123F02DF8CF
S2140186107071207AFFF7C6FF636869460093236886
S21401862030690193637A8DF80A50ADF80830ADF8D9
S2140186300C5029F053FE2A462946284623F063F8B3
S214018640206823F066F804B070BD00BF48280020FB
S21401865038B50B4C05462368206923F480632360F4
S21401866029F03FFD38B10DB9002038BD236843F429
S21401867080632360F8E7002DF6D00C20F5E700BFF5
S21401868048280020F0B53B4C0746216889B011F018
S214018690010165D12022204622F0C1FB364829F08F
S2140186A0F3F9064610B1102009B0F0BD334D344B36
S2140186B001A82B6009F018FA029B2046AB82019BA9
S2140186C032462B622F4B29461B886B822E4B1B682A
S2140186D0EB612E4B1B882B822D4B1B68AB614FF039
S2140186E0FF3340F8103F0BF0CFF90028DBD1BB6811
S2140186F0DB0237D4012000F093FB0028D3D10222FD
S2140187004FF0FF31206929F0DCFA0028CBD1012097
S214018710FFF79EFF20690CF073FC0028C3D11D4EA5
S21401872001AD0FCE0FC596E8070085E80700206962
S21401873001A90BF0ADFE0028B5D10121206929F071
S21401874088F80028AFD1144A14492069F9F7C6FE03
S21401875000F09AFA0028A6D1236843F001032360AB
S2140187600020A1E70E4920690BF0DAFA0028C1D0F3
S21401877099E700BF48280020690345EC0452002011
S2140187809989010078A204007CA204007AA2040060
S21401879080A20400A8A0040067B6030095B60300F3
S2140187A0A5A0040070B505460E4614460AB122F08F
S2140187B0ACFF0448234632462946BDE870400069AE
S2140187C029F0CCBB48280020F8B505460E46FFF731
S2140187D02DFD2F680446CFB9638B008B18440A30F1
S2140187E080B2FFF7C1FB0346286000B382790C32E2
S2140187F01344A2681A71618B228BDF710A441A81B5
S2140188000D4A0A2112799A712AF02BFA4FF6FF7156
S2140188102B68B2B22046FFF775FD074A5369D16946
S2140188200022501C23B981F86E2081F86F30F8BD04
S21401883002461B68F5E700BF48280020242238B509
S21401884005460B4BDC6994F86C3002FB034420466A
S214018850FFF726FDAA790C32AB18197941F002010F
S21401886019716168A950227B5A71A27BDA7138BDF1
S21401887048280020024BDB6993F87D00704700BF53
S21401888048280020044BDA69936F034393674FF03F
S214018890006025F0C0BF00BF4828002038B505F0AD
S2140188A07BFE324C28B3857D25BBE36993F87C209B
S2140188B0022A10D1B3F8722053200132A3F8722095
S2140188C008F008FE012022F027FF2421E26992F831
S2140188D06C304B43D550E26992F86E3092F86F20B7
S2140188E09B1ADBB2032B40D8BDE838401020FFF7B7
S2140188F0C9BFFF25284608F035FD002831D0E369B9
S21401890093F87C20022AE6D1B3F872205320013274
S214018910A3F8722008F0DEFD012022F0FDFE236898
S2140189201D0407D5E36993F87C30012B02D0522051
S21401893008F0D0FD2422E16991F86C305A4388187A
S2140189408068C0F38005400741BF03220133B3FBB3
S214018950F2F202EB420246BF9B1A81F86C308D5050
S214018960B9E7322008F0B6FDB5E738BD4828002043
S21401897038B505462DF039FD0446064B0820DB695F
S21401898083F87E50FFF77EFF2046BDE838402DF085
S21401899027BD00BF48280020F8B515461C460646E8
S2140189A01946104600F0D2F82A4623463046F9F713
S2140189B0A5FD4E4ED6E9022300EA020401EA0305AC
S2140189C00D2C75F100034DD20D2C75F1000318D353
S2140189D0474B23402BB124F0011323F4A0432B4330
S2140189E076D004F17F432B4365D0610152D5F369FC
S2140189F0996FCA054ED521F4807193F87C2099674A
S214018A0026E00C2CE4D801A353F824F0638A010075
S214018A10D1890100D1890100D1890100B18A010003
S214018A20D1890100D1890100D1890100478A01005D
S214018A30D1890100D1890100D1890100418A010053
S214018A40002022F069FEFFF729FFF36993F87C20E6
S214018A50082A04BF022283F87C20204629461EF0FD
S214018A6024FEF8BDA4F58043083B2B43B0D1FFF7A5
S214018A7015FFF36993F87C20022AE9D140F602013A
S214018A80986F814318BF0122552083F87C2008F097
S214018A9021FDDAE72DF0A9FC64220746F3690820D8
S214018AA083F87E20FFF7EEFE38462DF099FCCCE7E2
S214018AB022F033FEC9E7F2695120B2F87030013373
S214018AC0A2F8703008F006FD012022F025FEBCE772
S214018AD0F36993F87C20012ABFD040F60202996F11
S214018AE08A4314BF01220222CEE700BF4828002095
S214018AF00150010007B54FF480730022CDE9002331
S214018B000349086929F045F803B05DF804FB00BF86
S214018B104828002038B5044605F03EFDFF21094BE4
S214018B2005461A68537A127A6343B3FBF1F3064C8F
S214018B301344237005F0E0FBEB686060A3602046F9
S214018B4038BD00BF5C58002028520020CB0507B571
S214018B500CD5084B002218690DF1070128F006FF15
S214018B6010B99DF807300BB1FFF702FF03B05DF8AF
S214018B7004FB00BF4828002030B50C4600210546FE
S214018B8085B009480091006903AB0DF10E02F9F7B3
S214018B90D5FD15B1BDF80E302B8014B1BDF80C30E3
S214018BA0238005B030BD00BF4828002013B5044619
S214018BB00DF106010020FFF7DFFFBDF90600074BA8
S214018BC0C828A8BFC820A042A8BF2046B3F90420E1
S214018BD09042B8BF1046588002B010BD2E630020E8
S214018BE070B586B0ADF80C20ADF80E304FF0C81257
S214018BF04FF08213ADF80800ADF80A1000200DF111
S214018C000601CDE90423FFF7B7FF02A804220346B5
S214018C10BDF9066004ACB0F9001034F9025BB1424C
S214018C20A8BF3146A942A8BF2946013A12F0FF0261
S214018C3020F8021BEFD103CB034AC2F80600C2F8A4
S214018C400A1006B070BD00BF2E63002013B504469F
S214018C5000210DF10600FFF78FFFBDF90600084A57
S214018C60084B9042B8BF1046A042B8BF2046B3F9A1
S214018C7002209042A8BF1046988002B010BD00BFE7
S214018C80D4FEFFFF2E63002038B5144B002118696F
S214018C901EF03AFD0446E8B947F6FF7310498D1EEB
S214018CA0086048608860881C21F8023CFFF764FF72
S214018CB0B5F90420B5F902309A420DDCC820FFF759
S214018CC075FF0848FFF7C2FF64231A46194618467F
S214018CD0FFF786FF204638BD1024FBE74828002012
S214018CE030630020D4FEFFFF084B10B5B3F90240F5
S214018CF030B903EB4103B3F904309C42A8BF1C46CC
S214018D00A242A8BF2246104610BD00BF2E63002017
S214018D100346044AB2F904001BB1034B1B8BC01A6D
S214018D2000B270472E63002048280020034BB3F999
S214018D3002309842A8BF1846704700BF2E63002035
S214018D40C82838B50EDC084B084D1A8B801AB5F9C1
S214018D50002004B2A24205D0214618690BF0E6FDB8
S214018D6000B92C8038BD00BF482800202E630020A3
S214018D708BB200294FF00A01B4BF053B05339BB205
S214018D801BB293FBF1F3024A10835383704700BF73
S214018D9048280020024B5B8BC01A40B2704700BFC8
S214018DA048280020024B1B8BC01A00B2704700BF38
S214018DB0482800200022044BDB691A605A629A6434
S214018DC0A3F86C20704700BF482800200A4B418B4F
S214018DD0DA6992F86E3092F86F209B1A5BB203EB59
S214018DE0031203EB8203028B50180A30834234BF0E
S214018DF000200120704700BF48280020074B418B08
S214018E00DA69038B0B4445214E33B3FBF1F392F839
S214018E106F100B4482F86F30704700BF482800205F
S214018E2007B50A490A4AD1E90203024343F020037F
S214018E30C1E90223CDE900234FF0FF324FF0FF33A3
S214018E40086928F0A6FE03B05DF804FB4828002058
S214018E500DD5015507B5019001A829F02BFF084B48
S214018E601A680AB95A683AB1D3F870349B0703D422
S214018E704FF4806025F0CFFC03B05DF804FB00BF23
S214018E80345200200022014B1A707047CA66002037
S214018E90024A1378013B1370704700BFCA66002070
S214018EA0024B1A7810441870704700BFCA6600203B
S214018EB0044B1878044B1B78984234BF00200120DD
S214018EC0704700BFCA660020DB7D0020F8B5054666
S214018ED022F0A6FC044608B90020F8BD194FAE7B67
S214018EE0387806F02006012820D0032821D018B1B2
S214018EF00024AEB93E7013E03EB9FFF7D9FFE0B1EA
S214018F002846FFF7A7FF0120E7E701223A70FFF79F
S214018F10CFFF044630B1032328463B70FFF79AFF84
S214018F202046DAE71046FFF7BBFFF9E7FFF7B8FF81
S214018F30DEE72846FFF78EFFDBE70120FFF7B0FFED
S214018F40CAE700BFC9660020014B1870704700BF12
S214018F50DB7D0020002313B5074C0193D4F80804E9
S214018F6001A92AF058F920B10198C27983799A4269
S214018F70F4D102B010BD00BF3452002070B50024F9
S214018F802DF040FA144BD3F80834621C43B9E4B20E
S214018F90B4FA84F62DF031FA76091A2C03D970BD8D
S214018FA014461B68F1E7002022F096FC05460028CF
S214018FB0F5D01EB1437943F0010343712DF022FA37
S214018FC006462946054829F0DAFE013430462DF0DA
S214018FD014FA0026E4B2E0E7345200203C560020A2
S214018FE084B06B460E4A1068516803C303C30D4B29
S214018FF003F2544282E8030003F25C4204A911E939
S214019000030082E80300084AC3F8642440F272624F
S214019010A3F86824002283F86C2404B0704700BFCC
S2140190202F7E0400345200201B00480110B507486B
S21401903029F040FE054B1C46181D29F03BFE04F5A1
S2140190408160BDE8104029F035BE00BF34520020D3
S21401905010B583790C33C15CC4184B1EDBB23F2BB1
S2140190601BD80F4A02EBD30090F8540403F0070311
S214019070D84010F001000FD03E290ED1A378013B55
S214019080DBB23F2B09D802EBD30292F85C0403F063
S2140190900703D84000F0010010BD0120FCE700BF27
S2140190A03452002010B52DF0ADF90446084829F0D9
S2140190B001FE074B181D29F0FDFDFFF791FF002269
S2140190C0044B20461A70BDE810402DF096B900BF3B
S2140190D034520020CA6600202DE9F0410646006899
S2140190E0294D437913F0020F14BF0427022722F0FB
S2140190F01DFC002818BF05272DF084F995F86D345E
S214019100013385F86D342DF078F9306822F0DBFBF9
S214019110306829F029FE002380464FF480623168CA
S21401912005F1090029F0BCFD04468045304609BF1B
S2140191302F7205270027013429F0BCFD0023336078
S21401914097B12DF05FF9D5F87034052723F00203A7
S214019150C5F8703495F86D34013B85F86D342DF003
S2140191604CF93846BDE8F081012024B222F0DDFB3F
S2140191702146064822F0A0FB2146044814F0F5FBE0
S2140191800028EED0DDE700BF345200203C5200201C
S2140191902DE9F047814692461FFA81F805F01AFB41
S2140191A02DF030F90746042022F088FBB9F1000FB4
S2140191B000F0BA8040F2017208F1FF339BB293428D
S2140191C000F2B2805A4ED6F80C44002C40F094803F
S2140191D0FFF7C0FE0446002865D0C6F80C04637984
S2140191E043F008036371E579C5F1450515F0FF0500
S2140191F00BD1637923F0080363712468002C5BD0DC
S2140192004525637943F008036371454528BF454604
S21401921049462A46204629F030FD85424CD1A944CC
S214019220A8EB05051FFA85F8B8F1000FDBD1D6F8D3
S2140192300C84BAF1000F73D098F80650404608EB3C
S214019240050393F80C900135EDB288F80650C8F87E
S214019250089029F089FD0C35B9F1020F45444FD02D
S214019260B9F1050F55D0B9F1010F5DD1AB780338CF
S214019270834259D198F8053043F0020388F8053047
S214019280637923F00803637123681BB15A7942F0AE
S21401929001025A7100234FF48060C6F80C3425F0A1
S2140192A0BAFA00240AE0FFF769FEFFF753FE044608
S2140192B0C6F80C04002892D14FF0FF3438462DF042
S2140192C09CF89CB11A48D0F80C247AB113460025B4
S2140192D05979DD8021F00B0159711B68002BF7D1FC
S2140192E0517941F001015171C0F80C342046BDE8B6
S2140192F0F0872468002CDFD063791B07F9D572E765
S2140193006B88043883420FD198F8053003F0FD03CB
S214019310B4E7EA78AB7802F03F0243EA0223F0E7CB
S214019320404629F021FDBCE76FF00104C6E700BF07
S2140193303452002008B52DF065F8054AD2F870348D
S21401934023F00203C2F87034BDE808402DF055B88A
S2140193503452002070B506462DF054F8114C0546DF
S21401936094F86D34013B84F86D34D4F87034DB0620
S21401937001D514F0FDFA23680BB9606878B14FF493
S214019380806025F048FA2EB9D4F8703423F0020331
S214019390C4F870342846BDE870402DF02EB822F08F
S2140193A0C4FAF0E73452002010B52DF02BF80A4B22
S2140193B00446D3F8702422F00202C3F870241A6817
S2140193C00AB95B681BB14FF4806025F024FA204689
S2140193D0BDE810402DF011B83452002070B5044697
S2140193E02DF010F805462046FFF770FD20B12846FF
S2140193F0BDE870402DF001B8084E2146304629F0F0
S214019400BEFC204622F059FAD6F870349B07EED4FB
S2140194104FF4806025F0FFF9E9E700BF34520020E1
S214019420002337B501932CF0EDFF184C0546D4F810
S21401943070349B0724D4201D29F046FC0190A0B16E
S214019440D4F8703443F00203C4F87034012428467B
S2140194502CF0D3FF019830B1A4B101A8FFF73CFE70
S21401946008B1FFF7A1FF03B030BD204629F02CFC60
S214019470019028B1D4F8703443F00203C4F8703474
S2140194800024E4E700F0BAFAEAE700BF345200200D
S21401949037B5154CD4F808343BB1D4F80C249342B4
S2140194A003D0DA799B799A4204D103B0BDE8304003
S2140194B0FFF764BD2CF0A6FF05460C4829F004FC16
S2140194C0019028462CF099FF019843799B0702D416
S2140194D001F0B0FDDEE701A800F024FB01980028AA
S2140194E0D8D022F037FAD5E7345200203C56002077
S2140194F008B500F065FC40F274420021054821F0F1
S2140195008EFC22F0F4F9FFF76BFDBDE80840FFF78B
S214019510B9BC00BF345200200949024691F85B34B9
S21401952013F020000AD0531EC3F3C402114491F86D
S2140195305C0403F00703D84000F00100704700BF49
S2140195403452002000222DE9F04F4FF0010A8046E8
S214019550006889B08379CDE903220C3305924A78F5
S214019560DFF8A491034413448D799F78D9F87034B9
S2140195708E780AFA05F51D400C46029007EA060B9E
S21401958013D002A829F096FB23795B4508D0A3796E
S2140195900AFA03FAD9F8703423EA0A03C9F87034D0
S2140195A00525284609B0BDE8F08F91F800A029F0FE
S2140195B0DBFB2178CAF1FF0A023101EB0A0398426C
S2140195C0EFD902A829F01FFD27EA06070690002812
S2140195D060D0FF26029B13BB039A0393C8F80020B2
S2140195E00425D8F8002093790C33D118D35C3E2B90
S2140195F005D18B780D2B02D13046FFF751FC06A81A
S21401960029F058FB02A829F055FB03A829F052FBC4
S21401961004A829F04FFB05A829F04CFBC1E75146E9
S21401962002A829F0F0FC0490002833D00221069805
S21401963029F00DFD059068B3029A43791ABB43F0F1
S21401964009034371049B0360837904950C33034437
S214019650019329F089FB019B0238C0B25870E27869
S21401966021781A44401A9070029A8AB12279617858
S2140196703A430B449A70059903A8013629F07FFBFB
S214019680F6B20595A6E723F0080343F00103D8E7F1
S2140196905A46ECE70122A179D9F870348A40134280
S2140196A02ED121790698594504BF1343C9F8703461
S2140196B00790002310BB02980293079029F054FBF1
S2140196C023780026C11A023907A829F098FB0798C3
S2140196D085790C35054429F047FB0238C0B268701D
S2140196E0E37822782B44801A987063781D44637956
S2140196F01F43079BAF70C8F8003071E70693DDE79C
S214019700002605256DE700BF3452002037B5837962
S21401971001900C33C4180123E370A388103B0B2B74
S2140197206ED8DFE803F0066D75736D366D6D6D6D81
S2140197306B6B032563780E3B637002230199A3705C
S2140197408879CA79344B121A0C300144D2B21846C1
S21401975021F082FB25718279A0F214456271D0F85E
S214019760072000F11C01C4F80620B0F80B20628126
S214019770C27E04F10D00227321F06EFB95F82F34A2
S2140197801C4495F825346373019AD3790E3BD37143
S21401979032E003F001F800283CD0019C1E4DA1796F
S2140197A0E2792846521A0C31D2B2214421F054FBF8
S2140197B01221A2790C32A31859703E21A1540B2212
S2140197C09A700122DA701A71AA795A71D5F80720AF
S2140197D0C3F80620B5F80B205A812A7D1A73D5F8EE
S2140197E01520C3F80D20B5F81920A3F811206A7CBE
S2140197F0DA74E379083BE371002005E0042599E774
S21401980001A829F057FA052003B030BD002591E7DD
S21401981002258FE701258DE74856002070B50568BB
S2140198200646AB790C33EC18EB5C0C2B26D03E2BA2
S21401983036D0012B16D142F23002B4F803309342EF
S21401984013D042F2420293420CD1694AD2F8103444
S214019850990507D523F40073C2F810340C23E3707E
S214019860202323710024204670BD237A03F00303CE
S2140198702372637A03F003036372F3E75C4ED6F850
S2140198801034DA050AD4284613F074FE0124D6F8FB
S214019890103423F48073C6F81034E4E70024F6E7A6
S2140198A0A378292BDED8232B0FD80D2B3ED01FD81B
S2140198B0042B2BD00C2BD5D1A37903F00303A37172
S2140198C0E37903F00303E371CCE7243B052BC9D806
S2140198D001A252F823F000BFD59901009799010023
S2140198E0B999010065980100659801005199010038
S2140198F0142BB7D1AB68012BB4D13D4B93F86C4414
S214019900012CAFD1284613F035FEACE7384ED6F819
S21401991010341B0608D4284613F02CFE0124D6F872
S214019920103423F08003B6E70024F8E70123304A19
S2140199300B7092F86C249A4204D12846BDE8704018
S214019940FFF7E4BE2B49E370BDE87040FFF7FABDB0
S2140199502920FFF7E1FD002884D10A20FFF7DCFD6E
S214019960EA796378033AD2B2EA7120B1033B6370B5
S2140199700A23A37076E7D4F81A200F3BC4F80E200A
S214019980E28B628294F820202275EA790C3AEA7119
S21401999063700123EDE72520FFF7BEFD48B9284691
S2140199A021F0F2FF0822144B1A7006225A70072281
S2140199B0DA7030461049C7E72620FFF7ADFD0028CC
S2140199C07FF450AFEB79043BEB716378043B637033
S2140199D01823CEE72420FFF79FFD00287FF442AF2F
S2140199E0EB79043BEB716378043B63700E23C0E7AD
S2140199F034520020C4A00400DC7D00207FB5002383
S214019A0042798DF80F3092070346019005D421F074
S214019A1077FF0446204604B070BD82790C32811867
S214019A20805CFF2807D188780D2804D13E249C54F9
S214019A3001228870CA70184621F0C0FF012826D07E
S214019A400DF10F0101A8FFF7E9FE044608B104284D
S214019A5021D10198FFF7FCFAC8B1042C019D25D14C
S214019A600021284629F0FCF92CF0CCFC29460646B4
S214019A700F4829F093F90E4829F026F90446304696
S214019A802CF0BBFC204621F03BFF044603E001A876
S214019A9029F010F901249DF80F30002BBAD004F0FC
S214019AA0FB03012BB6D1FFF7F3F9B3E72846EAE744
S214019AB03452002038B51A4A044692F86C341BB961
S214019AC082F86C14012017E08B42FBD083790C33AB
S214019AD0C15AC21842F20D03994208D0A1F50153AA
S214019AE0033B012B03D942F28503994205D10C228F
S214019AF0204622F036F9002038BD42F2860399420C
S214019B0008D1D57801230C2221F064FFA3791C44E7
S214019B10A574F0E700230C2221F05CFFEBE700BF01
S214019B203452002038B504460F4B1D688DB92068A5
S214019B302B46817901220144898921F04BFF206857
S214019B4080B1FFF785FA68B92046BDE8384029F0AC
S214019B50B1B820466B6898470028F0D1002CEED0AB
S214019B602D68E3E738BD00BFA856002008B50A49AE
S214019B700A4800F01DF9EBF70DF8012807D102207D
S214019B8021F0AAFE002240F6034122F0FBF8BDE8D0
S214019B900840EBF71BB800BFA19B0100AC560020A4
S214019BA070B504680546A37988B00C33E618E35A05
S214019BB0A3F57C43073B332B00F2C180DFE803F0BB
S214019BC05667BFBFBFBFBFBFBF3759641A2B5CAA5A
S214019BD0A433BFBF2FBFBFBFBF3B4144474A5F6AE5
S214019BE0959B989EBF4DBF5053A1A7ADB0B3B9BCCE
S214019BF0BFBFBFB6F57845B91122002529462046D4
S214019C0021F095FF012008B070BD21F08CFE0028E0
S214019C10F2D00022F2E7204621F095FFF2E7204637
S214019C2021F0B4FFEEE7204621F0CCFFEAE720461C
S214019C3021F07FFEE7E700224249204621F0DCFEC4
S214019C40E0E700224049F8E700224049F5E7002214
S214019C503F49F2E700223F49EFE700223E49ECE7A1
S214019C6000223E49E9E700223D49E6E700223D4958
S214019C70E3E700223C49E0E700223C49DDE729F022
S214019C8019F813F05CFEBDE700223949D5E700223A
S214019C903849D2E701A8009423F07CF9D6F80330BE
S214019CA06846019329F006F813F049FE01A813F05F
S214019CB01CFE00284FF001000CBF00241F2429F0D1
S214019CC021F9009070B1224604234FF6264122F076
S214019CD023F8009C0020A2790C32144413F0E4FB14
S214019CE0C4F80600009B2B608CE700222249A4E7FB
S214019CF000222249A1E7002221499EE700222149AC
S214019D009BE70022204998E70022204995E7002298
S214019D101F4992E700221F498FE700221E498CE760
S214019D2000221E4989E700221D4986E700221D49B7
S214019D3083E700221C4980E700221C497DE70020BA
S214019D4061E700BF09B8010031B8010059B8010048
S214019D5081B80100A9B80100FFBA03009DC4030041
S214019D6093B8030049B4010089B301008BB803001E
S214019D70D1B3010025B40100D1B8010075B20100CC
S214019D80F9B801006BFF0300E7FF0300ADB7010060
S214019D90A9FF030091B80300BBC7030059B901002E
S214019DA0F9C703001FC8030021B9010025BB030042
S214019DB0024B1A68C0E9002118607047A8560020B7
S214019DC00021054A13680BB913607047186859607B
S214019DD019600346F7E700BFA8560020F0B50468EF
S214019DE085B0A37923449B89B3F5015F3AD842F243
S214019DF034029342A3F5005305D8063B9AB2042ACF
S214019E0020D900205EE0353B0B2BFAD801A252F890
S214019E1023F000BF6FA101001FA1010033A10100C3
S214019E2047A101005BA10100039E01009DA1010065
S214019E30C99E0100AF9E0100899E010089A1010013
S214019E4075A10100042BDCD801A252F823F000BF53
S214019E50ED9E0100039E010039A00100ADA00100A6
S214019E60DB9F01004FF60A4293423CD014D84FF6CE
S214019E700942934234D042F27F02934200F04F816E
S214019E8042F286029342BCD102212046FFF712FE1F
S214019E90B8B10022CC4911E04FF6194293421CD0CA
S214019EA04FF61A429342ACD10022C84906E002217D
S214019EB02046FFF7FFFD20B10022C549204621F0CC
S214019EC09BFD012005B0F0BD02212046FFF7F2FD03
S214019ED00028F6D00022BF49F0E70022BE49EDE790
S214019EE00022BE49EAE70922BD49E7E701212046EB
S214019EF0FFF7E0FD0028E4D0A779BA4A0C37E51948
S214019F0005F1030C634605F10B0E164618685968F1
S214019F10083303C673453246F7D11868B24A306033
S214019F2099889B791068B1805168B37101AB03C3FE
S214019F30128900261A8036231922E3552027604607
S214019F403146AA706F7020F06AFFFE23EB70A74BB4
S214019F5004A9B3F814242E72AA71120AEA71B3F88E
S214019F601624EE726A72120AAA7293F81824204610
S214019F7001EB420232F80C2C2946AA80A3F86A2487
S214019F8093F819246A7393F81A24AA73D3F81B2436
S214019F90C5F80F20B3F81F24A5F8132093F8212441
S214019FA02A7393F82234EE766B757F23AB75012303
S214019FB0EB7521F005FD324620468D4921F01CFD4A
S214019FC00622A3790C332344DA705A781F71013ABA
S214019FD05A70E379013BE37173E701212046FFF7ED
S214019FE069FD00283FF46DAF3922A37900250C33B3
S214019FF0E118E25401230B717C4B2026B3F86A3436
S21401A0002046A3F11D0253425341DB01FE228B7110
S21401A01007234A718B704E70CD710D724D7221F00F
S21401A020CFFC2A462046734921F0E6FC0A22A37992
S21401A0302344DA731E7444E701212046FFF73AFDF4
S21401A04000283FF43EAF0021204628F009FFA17901
S21401A050E3790C312144CD781F3B2B442A46E3712A
S21401A0600431604820F0F8FE372222732A1DA273BD
S21401A070FE220023E27320260322E38063745949FB
S21401A080227466732A46A57404F1130020F0E4FED8
S21401A090204604F10C0121F093FC07222046564984
S21401A0A021F0AAFCA37908222344C2E70121204615
S21401A0B0FFF700FD00283FF404AF0021204628F0FA
S21401A0C0CFFEA179E3790C312144CD781F3B2B4497
S21401A0D02A46E3710431434820F0BEFE0023E380A4
S21401A0E0382323732B1DA373FE232026E373032338
S21401A0F02A4623743B496673A57404F1130020F0C5
S21401A100ABFE204604F10C0121F05AFC0722204642
S21401A1103A4921F071FCA3790922234489E70221F7
S21401A1202046FFF7C7FC00283FF4CBAE002230499B
S21401A130C4E602212046FFF7BDFC00283FF4C1AE6D
S21401A14007222D49BAE602212046FFF7B3FC002874
S21401A1503FF4B7AE07222949B0E602212046FFF7B1
S21401A160A9FC00283FF4ADAE00222249A6E6002253
S21401A1702349A3E602212046FFF79CFC00283FF472
S21401A180A0AE00221F4999E602212046FFF792FC65
S21401A19000283FF496AE06221B498FE60221204690
S21401A1A0FFF788FC00283FF48CAE204601230022EE
S21401A1B042F23B0121F00EFCA3790C331C4404F05F
S21401A1C07FFBA0717DE600BF13C20300E3C103005D
S21401A1D05BC0030077C00300B3C10300C5C303001F
S21401A1E00FC5030048560020CCA0040034520020BE
S21401A1F05DBA01003BC10300A3C00300EFC003002A
S21401A20023C0030035C3030083C30300014902488A
S21401A210FFF7CEBDDD9D0100B45600201FB542F20A
S21401A22024020468A3790C33E018E35A93424BD80E
S21401A23042F20C0293420FD840F21D42934200F0C4
S21401A240B38041F20542934200F0B88040F20642E4
S21401A25093426CD0002062E0A3F500530D3B172B10
S21401A260F8D801A252F823F04DA3010047A301003C
S21401A27055A2010055A2010055A2010055A20100F8
S21401A28041A3010055A2010015A4010095A30100F8
S21401A290C3A30100F9A3010013A3010029A3010030
S21401A2A023A3010055A2010055A2010055A20100F9
S21401A2B055A2010055A2010055A201006FA301009D
S21401A2C055A2010075A301004FF60442934231D016
S21401A2D014D842F27A02934200F09F8042F285023D
S21401A2E093423CD042F243029342B3D1022120462C
S21401A2F0FFF7E0FB90B10D2249490CE04FF605420D
S21401A30093421AD04FF606429342A3D10022454902
S21401A31001E000224449204621F06EFB012004B0F2
S21401A32010BD00224149F6E700224149F3E7002229
S21401A3304049F0E700224049EDE700223F49EAE7BD
S21401A34000223F49E7E700223E49E4E70121204693
S21401A350FFF7B0FB0028E1D000223B49DBE70221F2
S21401A3602046FFF7A7FB0028D8D00F22C4E700221B
S21401A3703649D0E70179C378354A43EA0123A2F882
S21401A38064348179437943EA0123A2F8663431497A
S21401A3900022C0E72E4A3049D2F8103443F0800339
S21401A3A0C2F810340022B6E7294A2C49D2F81034F4
S21401A3B043F48073C2F810340022ACE70022284927
S21401A3C0A9E7C21C6946133021F0AFFB1023002217
S21401A3D042F21701204621F0FDFA6A46E37923444A
S21401A3E0043B144603CC596004A98C4218602246EB
S21401A3F003F10803F5D191E720460823002242F233
S21401A400180121F0E7FAA07908212044123001F062
S21401A41001FE83E7002213497DE7002212497AE70D
S21401A42089FC0300B3FA030029F9030081F903004C
S21401A430BDF9030003FA030039FA03007BFA0300AF
S21401A440EBFA03005FFB03008FFB03003FFE0300F4
S21401A4503452002097FE0300C5FE0300F5FE0300FC
S21401A46025FF030039030400C9030400014902481B
S21401A470FFF79EBC1DA20100BC560020014B1870C0
S21401A480704700BFCB66002001490248FFF790BC29
S21401A490F9A40100C4560020002210B5154904464F
S21401A4A021F0AAFA40F201130721E380204628F0A2
S21401A4B0D8FB0E21A3790C33E154E21805230A21B7
S21401A4C05370637943F00303637192F90730002BED
S21401A4D0B8BF5B429BB2B3FBF1F303EB83035B00B4
S21401A4E093710723D37020231371012393700023E4
S21401A4F0537110BD39B7010042F28401F0B504680A
S21401A5000646A279B3B00C32A35AA5188B4214D8CA
S21401A510B3F5005F13D841F2090293420DD8B3F5A3
S21401A520805F00F21D8140F60142934200F04A81AD
S21401A53040F60342934200F02F8100203CE1A3F550
S21401A5400053013B832BF8D801A151F823F000BF3B
S21401A55031A8010047A80100D3A901003BA50100CD
S21401A560A1A901003BA50100B5A901003BA5010079
S21401A5703BA501003BA5010043AA01006BAA01000F
S21401A5803BA501003BA50100FDAB010003AC0100AA
S21401A59009AC01000FAC01003BA50100B5AD0100FF
S21401A5A03BA501003BA501003BA501003BA5010021
S21401A5B03BA501003BA501003BA50100ADA901009B
S21401A5C015AC01004BAC010045AB01003BA50100F9
S21401A5D03BA501003BA5010013AD01003BA5010011
S21401A5E03BA501003BA501003BA501003BA50100E1
S21401A5F03BA501003BA501003BA501003BA50100D1
S21401A6003BA501003BA50100CBA901003BA501002C
S21401A6103BA501003BA501007DAC0100AFAC0100EC
S21401A6203BA501003BA501003BA501003BA50100A0
S21401A6303BA5010037AD01003BA501003BA501008C
S21401A6403BA501003BA501003BA501003BA5010080
S21401A65057AA010031AB01003BA501005FAB010029
S21401A66073AB010087AB01009BAB0100AFAB0100F0
S21401A670C3AB0100D7AB0100EBAB0100F1AB0100AE
S21401A680F7AB01003BA5010031AA0100E1AC0100D6
S21401A69061AD010073AD01008BAD010067AD010036
S21401A6A06DAD010079AD01007FAD010085AD010002
S21401A6B04BAB01003BA501003BA501003BA50100FA
S21401A6C03BA501003BA501003BA501003BA5010000
S21401A6D03BA501003BA501003BA501003BA50100F0
S21401A6E03BA501003BA501003BA501003BA50100E0
S21401A6F03BA501003BA501003BA501003BA50100D0
S21401A7003BA501003BA501003BA501003BA50100BF
S21401A7103BA501003BA501003BA5010091AD010051
S21401A7203BA5010097AD01009DAD01003BA50100D1
S21401A7303BA501003BA5010037AA01003BA501008E
S21401A7403BA501003BA501003BA501003BA501007F
S21401A7503BA50100A3AD0100A9AD0100AFAD01000D
S21401A760A3F58053013B082B3FF6E7AE01A252F852
S21401A77023F000BFFFA901006DA801007DA901001B
S21401A7803BA501003BA501003BA501003BA501003F
S21401A7903BA501003DAA01000120EAF7F3F921F0EB
S21401A7A065FA58B10022C249306821F025F9FEF752
S21401A7B079FCEAF70BFA012033B0F0BD304628F0F9
S21401A7C079FAF8E71FAA1646BA4B03F1080C1746A2
S21401A7D018685968083303C763453A46F7D11868BD
S21401A7E099889B793860B980BB71D5F80300D5F894
S21401A7F00710B14A012703C231460020A2F25C428B
S21401A80011F8013B013002EBD30595F8546403F0CF
S21401A810070307FA03F333430F2885F85434EFD1BF
S21401A820002340F601411A46204621F0D3F8C2E73C
S21401A830D5F80710A14BD5F8030003C3002342F255
S21401A84001011A46F0E70323002242F202012046E4
S21401A85021F0C0F86FF00402A3790C3323449A71F7
S21401A8600022DA71964A12781A72A4E702AA1546ED
S21401A870944B019403F1300614461868596808335E
S21401A88003C4B3422246F7D118688F4B2060209349
S21401A8908E4B402221938E4B002122938D4B0FA885
S21401A8A023938D4B1FAC24938C4B1F9525938C4B78
S21401A8B0254626938B4B4FF6FF7727938A4B289393
S21401A8C08A4B29938A4B2A938A4B2B938A4B2C9338
S21401A8D08A4B2D938A4B2E938A4B2F938A4B309318
S21401A8E08A4B319320F09BFA00224FF0010C002096
S21401A8F054F8046B0DE0C3F3C701C831694411F87D
S21401A9008CEC03F007030CFA03F343EA0E0301F899
S21401A9108C3CC3B236F813300130BB42EBD1013266
S21401A920D2B2132AE3D1012028F0ECFA04460198AA
S21401A93024B92346072241F2020176E7402300228A
S21401A94041F2020121F046F84021204628F089F91B
S21401A950A3790FAA23440C33164603CEAE421860E1
S21401A9605960324603F10803F6D1019A2146D3799C
S21401A97001A8403BD37128F002FA1CE70823002205
S21401A98041F20301204621F025F80022A3790C3379
S21401A9902344C3F80A20C3F8062060229A720AE705
S21401A9A000225B49204621F027F804E7204621F0E3
S21401A9B00FF900E701212046FFF77CF800283FF455
S21401A9C0FAAE2046FFF768FDF5E6204621F022F9AB
S21401A9D0F1E620460823002242F2030120F0FAFFA6
S21401A9E0A3790C331C440023C4F80630C4F80A309B
S21401A9F006F034FFC4F80600C4F80A10DBE60823A4
S21401AA00002241F20101204620F0E4FF0622A3794C
S21401AA100F200C3323441A725A734FF0FF32602111
S21401AA209A7202229871D97158721973DA72C2E653
S21401AA3000223849B6E700223749B3E700223749F2
S21401AA40B0E701212046FFF735F800283FF4B3AE02
S21401AA5000223349A6E702212046FFF72BF80028FB
S21401AA603FF4A9AE00222F499CE701212046FFF7BB
S21401AA7021F800283FF49FAE4222A37900250C332B
S21401AA80E118E25420234B7006234D718B708D71B3
S21401AA90CD710D72204620F093FF234A2349D2F848
S21401AAA0103443F40073C2F810342A467AE700BF24
S21401AAB051AF0100937F0400885600209056002075
S21401AAC0CB660020EEA00400F4A104005CA1040003
S21401AAD0ECA00400EAA0040084A10400E8A004009D
S21401AAE0E6A00400E4A0040046A104004CA1040072
S21401AAF0E2A00400E0A00400DEA00400DCA0040044
S21401AB00DAA00400D8A004003EA10400D6A00400E8
S21401AB1079B0010061C503003DBC010015B101001B
S21401AB205DB60100F5B501003452002001B7010001
S21401AB3002212046FEF7BEFF00283FF43CAE00226D
S21401AB409E492FE700229E492CE702212046FEF768
S21401AB50B1FF00283FF42FAE00229A4922E70221D6
S21401AB602046FEF7A7FF00283FF425AE00229649AF
S21401AB7018E702212046FEF79DFF00283FF41BAE92
S21401AB80002292490EE702212046FEF793FF002895
S21401AB903FF411AE00228E4904E702212046FEF75B
S21401ABA089FF00283FF407AE00228A49FAE602210F
S21401ABB02046FEF77FFF00283FF4FDAD00228649C0
S21401ABC0F0E602212046FEF775FF00283FF4F3ADBC
S21401ABD000228249E6E602212046FEF76BFF0028A6
S21401ABE03FF4E9AD00227E49DCE600227D49D9E644
S21401ABF000227D49D6E600227C49D3E600227C4924
S21401AC00D0E600227B49CDE600227B49CAE6002237
S21401AC107A49C7E64F232026A354794906222046BF
S21401AC206E7028F02AF8AB7829460633AB702046BA
S21401AC3020F0C6FE00222046724920F0DDFE1D22CD
S21401AC40A3792344DA731E74B5E57B232026A35427
S21401AC506D49052220466E7028F00FF8AB7829461C
S21401AC600533AB70204620F0ABFE00222046674934
S21401AC7020F0C2FEA3791E222344E3E74F232026B9
S21401AC80A3546349042220466E7027F0F6FFAB7882
S21401AC9029460433AB70204620F092FE002220465F
S21401ACA0584920F0A9FEA37933222344CAE77B231F
S21401ACB02026A3545749042220466E7027F0DDFF54
S21401ACC0AB7829460433AB70204620F079FE00228B
S21401ACD020464E4920F090FEA37934222344B1E762
S21401ACE07B232026A3544C49012220466E7027F070
S21401ACF0C4FFAB7829460133AB70204620F060FED6
S21401AD0000222046414920F077FEA37950222344B1
S21401AD1098E70423002242F22301204620F05AFE3F
S21401AD20A3793E4A0C33B2F86414B2F8662423447D
S21401AD30D9801A813FE502212046FEF7BBFE002896
S21401AD403FF439AD0223002242F23A01204620F0B8
S21401AD5041FE324AA379B2F8682423445A822AE58E
S21401AD6000222F491EE600222E491BE600222E490C
S21401AD7018E600222D4915E600222D4912E600228A
S21401AD802C490FE600222C490CE600222B4909E645
S21401AD9000222B4906E600222A4903E600222A4918
S21401ADA000E605222949FDE505222949FAE508229A
S21401ADB02849F7E500222849F4E500BFC5B6010099
S21401ADC0EDC50300B1B10100F5B1010055B20100B6
S21401ADD061B30100C1B20100EDB2010019B3010077
S21401ADE039B3010039B701003DB1010081B101005D
S21401ADF041BF030063BF030085BF0300C1BF03005B
S21401AE0022A1040061C5030029A104003DBC010084
S21401AE102FA1040034A10400917F040034520020C5
S21401AE207FB8030081B8030083B8030085B8030028
S21401AE3087B8030089B803008DB803008FB80300F4
S21401AE4081B701002B040400AB040400C3C4030053
S21401AE500FBF030013BF0300C5B9010042F2310260
S21401AE6008B50068837903449B8993420DD042F26A
S21401AE70320293420CD042F2300293420BD10022AE
S21401AE80064920F0B9FD012008BD00220449F8E773
S21401AE9000220449F5E70020F6E700BF55BD010092
S21401AEA04BC60300FFC6030001490248FEF780BFF8
S21401AEB05DAE0100CC560020054A08B59268824274
S21401AEC005D0427942F00302427120F043FD08BDED
S21401AED0D456002010B5074A002394688279811859
S21401AEE089892046012220F017FF2046BDE8104040
S21401AEF0FFF7E2BFD456002010B5074827F0DAFE68
S21401AF00054B1C46181D27F0D5FE04F10800BDE8C8
S21401AF10104027F0CFBE00BFD456002010B5022047
S21401AF2027F0F0FF034C6060022027F0EBFFA060E3
S21401AF3010BD00BFD456002008B5FFF7DDFF002284
S21401AF40024BDA60BDE80840FFF7E8BFD4560020A0
S21401AF5010B506F09DFCBDE81040002303481A46D4
S21401AF6040F60341806820F0D7BE00BFD4560020CB
S21401AF7037B500250C4C2046E56027F09BFE63683C
S21401AF8068461A681D60009227F094FE636801A85F
S21401AF90DD80A3681A681D60019227F08BFEA36806
S21401AFA0DD8003B030BD00BFD4560020014B586889
S21401AFB0704700BFD4560020014B9868704700BF09
S21401AFC0D456002038B5104DEB681BB1EB68984796
S21401AFD00023EB602B688BB10B4827F075FE044607
S21401AFE060B12B681BB14FF0004023F014FC2046E3
S21401AFF020F09CFC18B1204620F09AFC38BD204673
S21401B00025F0C2F9FAE700BFD456002010B5084C67
S21401B010E0604FF0004023F0FEFB00BF00BF00BF22
S21401B02000BFE3681BB1E36898470023E36010BDE7
S21401B030D456002038B5827943790244527B0446BF
S21401B04012F0300F06BF23F0020343F0010303F0B2
S21401B050FC0343712BF0D6F905462146054827F037
S21401B0608EFE4FF0004023F0D6FB2846BDE8384060
S21401B0702BF0C3B9D45600202DE9F041244E00210F
S21401B0807468FE20A57903F04DFD074601F0CCF863
S21401B09050B141F20C00C2B20023B06842F2050181
S21401B0A0BDE8F04120F038BE01F0E4F80028F0D108
S21401B0B00C352C44237AE51C9B09022BE9D0012B85
S21401B0C018D9237AA11C03F03F02073443F0C003CA
S21401B0D011F8010F8C4242EA000203EA0003F7D19D
S21401B0E0002AD6D0FF2BD4D057B9284623F034FBFC
S21401B0F00020D0E7294623F042FB0028E1D0C8E72C
S21401B1002946384622F029F90028EED0C3E700BFC9
S21401B110D4560020084B10B59C6800222046062312
S21401B12041F2090120F0F8FDE3790633E018BDE8A5
S21401B130104023F034BB00BFD456002038B50F4B67
S21401B14000229D6842F24C0104232846AC7920F087
S21401B150E3FD0020FDF726FE0C342C44E0800020A1
S21401B160FDF718FEC0EB4033C0EB830040002081A2
S21401B1702846BDE83840FFF79FBE00BFD4560020E2
S21401B18010B50A4C63689A790C321344B3F905106A
S21401B190B3F90300FDF7ECFD0023A0681A46BDE8ED
S21401B1A0104042F24D0120F0B7BD00BFD45600203A
S21401B1B010B50F4C63689A790C3213445979880795
S21401B1C001D5CA070ED503290FD8B3F8030020F01E
S21401B1D070FDC2B20023A06842F25901BDE81040DA
S21401B1E020F09ABD41F21200F3E741F21100F0E7B8
S21401B1F0D4560020F0B5164C85B063689A790C32A7
S21401B2001344D87807281FD89D89B5F5FA7F1DD233
S21401B21043F6F671DE89A6F10A0292B28A4215D881
S21401B2201F7C1F2F12D85A791979CDE9016700952D
S21401B230063320F032FD024642F24401A06805B012
S21401B240BDE8F04020F08DBD0C22F5E71222F3E7B1
S21401B250D456002010B520F022FDBDE8104002466D
S21401B2600348002342F24501806820F055BD00BF27
S21401B270D456002070B5114C63689A790C32134489
S21401B280B3F80510B1F5FA7F15D243F6F675B3F8A3
S21401B2900720A2F10A0080B2A8420CD8B3F8030036
S21401B2A020F0FFFC0246A0680023BDE870404FF680
S21401B2B0294120F031BD1222F5E700BFD456002007
S21401B2C010B5094C63689A790C3213449A7A191DA1
S21401B2D0D87820F0F1FC0023024642F24701A0682C
S21401B2E0BDE8104020F018BDD456002010B5094C1A
S21401B2F063689A790C3213449A7A191DD87820F02B
S21401B300DDFC0023024642F24801A068BDE8104079
S21401B31020F002BDD456002010B520F0D3FCBDE8C5
S21401B320104002460348002342F24901806820F09B
S21401B330F3BC00BFD4560020084B10B59C68002211
S21401B3402046012342F24A0120F0E6FCA3790C33A1
S21401B3501C4420F0B5FCA07110BD00BFD4560020DF
S21401B36010B5084C63689A791344B3F80F0020F0BF
S21401B3709AFC0023024642F24601A068BDE810404E
S21401B38020F0CABCD456002070B5104E7468A3795C
S21401B3900C331C44D4F8030008B106F07FF9D4F846
S21401B3A0070008B106F086F9D4F80B0006F08EF90E
S21401B3B00546B4680423204600224FF6114120F0CA
S21401B3C0ABFCA3791C44C4F8125070BDD4560020BF
S21401B3D0F8B5134A53689468997900220B442046BD
S21401B3E04FF61241DF7B082320F096FCA3790C333D
S21401B3F01C44FCF72FFE05462BF004F82B88064666
S21401B400E3806B882381AB886381EB88A3810FB1CE
S21401B410FCF726FE3046BDE8F8402AF0EEBF00BF36
S21401B420D4560020074B10B59C68112201232046F4
S21401B4304FF6084120F070FCE3791C440023E372C8
S21401B44010BD00BFD45600207FB5684C63689A795A
S21401B4500C321344DA78013A132A12D8DFE802F0E4
S21401B4600A13262A32113A3E535C6D757D111195E9
S21401B4709DA6AFB85879003818BF0120FDF748F8E7
S21401B48048B9122008E05A4AB3F80510126811723A
S21401B490B3F8073053720020024600234FF60741E7
S21401B4A0A06804B0BDE8704020F036BC587901F0C1
S21401B4B043F9F0E71A79042AE3D1D3F8050006F038
S21401B4C0EDF8E8E71A79042ADBD1D3F8050006F08F
S21401B4D0F1F8E0E7587923F078FDDCE71A79022ADB
S21401B4E0CFD1B3F805600021F0B203F01BFB05468F
S21401B4F022F013F8002876D0284622F00EF8310AFA
S21401B50020F0B6F9C7E71A79112ABAD8591D384B6F
S21401B51018681FF0A1FCBEE7587930B90346024609
S21401B5200146009020F058F9B6E7DA79997902F1E8
S21401B53008051D4400950833F4E758790128A0D87A
S21401B54000F00100FDF784F8A6E71A79042A98D1DD
S21401B550D3F8050023F03AFD9EE71A79082A90D120
S21401B560D3F80500D3F8091002AA03C2BDF90E30BC
S21401B570BDF90C20BDF90A10BDF9080021F0E2F969
S21401B580002814BF1F20002086E71A79082A7FF4B6
S21401B59078AF581D06F0AEFE7EE71A79022A7FF4D0
S21401B5A070AFB3F8050000F007FF75E71A79012AB6
S21401B5B07FF467AF93F9050023F02FFD6CE71A7946
S21401B5C0022A7FF45EAFB3F9050023F028FD63E796
S21401B5D01A79012A7FF455AF5879003818BF01202F
S21401B5E001F0BAF858E7422056E700BFD4560020CB
S21401B5F05C580020F0B5184E85B07568AB790C33F1
S21401B6001D4406F031F9B5F80920B5F807108A424D
S21401B6101FD8032A1DD903291BD96F79CFB1C0437F
S21401B62060F0050010EA070413D1EB78A879CDE99C
S21401B63001742C79009400F097FD00280CBF0C22B1
S21401B640002242F24101B06805B0BDE8F04020F0AA
S21401B65099BB1122F5E700BFD4560020F0B5184D6E
S21401B66085B06C68A3790C331C44E288A1888A42B1
S21401B67024D843F6FC70131F9BB283421ED80B1FBF
S21401B6809BB283421AD894F903300127002BB4BF2A
S21401B69004260126E078237ACDE90167647A0094CE
S21401B6A000F062FD00280CBF0C22002242F20B01C2
S21401B6B0A86805B0BDE8F04020F064BB1122F5E7AC
S21401B6C0D456002010B50D4C626893790C331A4499
S21401B6D01179D078003918BF01210038B2F8073047
S21401B6E018BF0120B2F8052000F0CCFD42F242015D
S21401B6F00246A068BDE8104020F044BBD4560020A6
S21401B70010B50C4C63689A790C3213441979D878C1
S21401B7100023C91A18BF0121C01A1A4618BF0120F2
S21401B72000F0B0FD42F20C010246A068BDE81040F0
S21401B73020F028BBD456002038B523F042FCC8229E
S21401B7400221FDF7D1FAFDF72DFB0C4B05469C684F
S21401B75000222046022342F24B0120F0DDFAA379B3
S21401B76001200C331C44FDF7D3FA0A2390FBF3F0B7
S21401B77095FBF3F5A071E57138BD00BFD4560020E6
S21401B78010B5094C63689A790C3213441979D87844
S21401B79006F030F80023024642F27401A068BDE8C4
S21401B7A0104020F0B9BA00BFD4560020154B37B56B
S21401B7B09D6800220A2328464FF6174120F0ACFA6E
S21401B7C0AC790DF1060101A8FDF7D6F90C34BDF8E8
S21401B7D004302C44E380BDF8063000202381FDF7B9
S21401B7E097FA608123F0EDFBC8220221FDF77CFA6F
S21401B7F0A0810020FDF7D6FAE0812846FFF75CFB22
S21401B80003B030BDD456002010B5084C63689A7951
S21401B8101344D87B04F020FB002302464FF6204158
S21401B820A068BDE8104020F077BA00BFD4560020CB
S21401B83010B5084C63689A791344D87B03F0DCF999
S21401B8400023C2B24FF62141A068BDE8104020F0A7
S21401B85063BA00BFD456002010B5084C63689A79C5
S21401B8601344D87B06F01EFB002302464FF6224106
S21401B870A068BDE8104020F04FBA00BFD4560020A3
S21401B88010B5084C63689A791344D87B1FF0DFFF24
S21401B890002302464FF62341A068BDE8104020F081
S21401B8A03BBA00BFD456002010B5084C63689A799D
S21401B8B01344D87B20F0EDF9002302464FF62441CD
S21401B8C0A068BDE8104020F027BA00BFD45600207B
S21401B8D010B5084C63689A791344D87B01F066F872
S21401B8E0002302464FF62741A068BDE8104020F02D
S21401B8F013BA00BFD456002010B5084C606883798F
S21401B90018440F3005F00EFE0023A0681A46BDE865
S21401B91010404FF6284120F0FFB900BFD456002052
S21401B92038B50C4B4FF63541D3E901349A792046A8
S21401B9301344DD7B0022282320F0EEF9A3790C3393
S21401B9401C4425B9A01D23F06CFB607138BD122084
S21401B950FBE700BFD4560020164B13B59C680023A6
S21401B9606846CDE90033E9F751F90C28024607D1BC
S21401B97008234FF63341204620F0CEF902B010BD21
S21401B98001A8E9F745F80C28024603D101A820F0E2
S21401B99098FA0246082320464FF6334120F0BCF9B8
S21401B9A0A3790C331C44009BC4F80A30019BC4F8ED
S21401B9B00630E3E7D4560020014B5868FFF78ABAF1
S21401B9C0D456002070B5154D6B689A790C32134425
S21401B9D0DA79DC1C02F01F022046DA7123F00BFB39
S21401B9E0C8B1204623F0F4FA04F06EFF20F04EF9B9
S21401B9F010B9204620F04CF920F07FF9024610B924
S21401BA001FF03BFF0246A8680023BDE8704042F2E3
S21401BA10140120F081B91222F5E700BFD4560020A8
S21401BA20242816D80F2805D802280CD8B0FA80F09A
S21401BA3040097047084B103880B2C34003F0010339
S21401BA4083F0010070470538012894BF00200120CB
S21401BA5070470120704700BF2D2011002DE9F04FDF
S21401BA6095B0FFF7A3FA42F23603867905460C36FF
S21401BA7030F80680841998450ED1FFF797FA02210F
S21401BA8027F0EFF87F22A3780233A370AA5500238C
S21401BA9020222377627063770121E07803F042F871
S21401BAA000230546ADF84630002800F0C280CDE9F7
S21401BAB01233237AE2888DF84A30E37AADF84820CB
S21401BAC08DF84E30E378B4F80920FE2BA388ADF844
S21401BAD04C2003F01C014FF6FF7208BF4FF4804262
S21401BAE01C2922D0DDE91201884201D81F281AD864
S21401BAF041F21105FFF760FA0446EAB20123414616
S21401BB0020F00AF9A3791C44BDF94630002BACBFDE
S21401BB1005226FF0040213440A2293FBF2F3A37486
S21401BB2015B0BDE8F08F9142E2D813F01003E67D20
S21401BB30677E04D0012E0AD041F21205DAE706F03C
S21401BB40FD02012AD4D17A1ED2B2022AD0D8227B93
S21401BB50013A062ACCD87BB905F086FE032E08BF2B
S21401BB6004260640F6B2002EC2D0032F08BF0427D3
S21401BB703840C0B20028BBD0E07821F04FFC20B19D
S21401BB80A088FFF74DFF0028D6D02B4A237F1278D6
S21401BB90002A47D0042BCFD8677F042FCCD8E07D6E
S21401BBA094F91620032808BF04207F2A08BFC8225C
S21401BBB0667B1CBF02EB820252000E96A67B18BF64
S21401BBC092B2B4F804C0E18894F80C9094F815A0E9
S21401BBD094F818B00F96ADF84620667EB4F80920A2
S21401BBE0CDE90B37E37E032E08BF0426003B18BFC2
S21401BBF001230A93A37E04F10F0ECDE908630DF12C
S21401BC004603CDE904A30F9BCDE9060B01930E9BDA
S21401BC10284600935FFA8CF3CDE902E921F0CCF9CE
S21401BC20054667E7002B7FF463AF677F002FB6D02A
S21401BC305EE741F207055DE7CC6600202DE9F0419D
S21401BC4088B0FFF7B3F900238579CDE906330C35C3
S21401BC500446054427F088F8411E204626F0F3FFE7
S21401BC6090F900307E2B1DD07F2B1DD003EB830374
S21401BC705E006B7AD3B10A21204607AB06AA1FF0F5
S21401BC803BFD98B140F4805406A827F013F8FFF75F
S21401BC9093F9002342F27B01E2B220F03DF808B0AE
S21401BCA0BDE8F081164EE4E7C826E2E7EB78272BDD
S21401BCB020D8A87922F0B5FDF8B105F073F904464D
S21401BCC00028E1D1A879EC782F7995F8058022F043
S21401BCD020FF079A049603926A7A034602922A7A0A
S21401BCE020460192EA7939460092424605F066F905
S21401BCF00446C9E741F21204C6E741F21104C3E75C
S21401BD000CFEFFFFF8B507460D4616461C4623B93E
S21401BD10012027F0F7F80446C8B106220C21204678
S21401BD2020F015F8691EC9B2032988BF0022A3793D
S21401BD3098BF074A03F10C0398BF525C2344204680
S21401BD409F80DE70DA719A71FFF7B6F80120F8BDB0
S21401BD5039A10400F8B5FFF729F983791844B0F83A
S21401BD600F60B0B203F0D8FE0446C0B122F06AF903
S21401BD700138C0B2032814D800270B4B1C5CFFF710
S21401BD801BF9054604233A4642F230011FF0C4FF70
S21401BD90AB790C33E818C68004724472F8BD0227EA
S21401BDA0EDE700242746EAE739A104002DE9F04132
S21401BDB01D46134307460C461646BDF8188006D1A5
S21401BDC02046BDE8F0411A46194620F0F8BD414626
S21401BDD0204624F065FC78B12146384621F072FEF3
S21401BDE040238674C5742146069338464346BDE80B
S21401BDF0F041024A24F07ABCBDE8F0819BCA0300F8
S21401BE00F7B504460D4622F01AF9064620212046CB
S21401BE1021F069FE204620F0A3FD337803EA1313D0
S21401BE20184020F094FD0646204624F0FEFC074606
S21401BE30A8B936B1204622F005F905F0E3F9B0427B
S21401BE400FD1204622F0FEF805F0DCF92B4601461C
S21401BE503A46204620F0B3FD002003B0F0BD23276C
S21401BE60EFE73946204621F04BFF1621284624F0FD
S21401BE70F3FB284624F0E1FB2946467086702046EF
S21401BE8024F0D0FB0321204621F073FE4022034616
S21401BE90009221460120024A24F028FCDCE700BF7C
S21401BEA04FCA030010B50446002027F02BF80146C0
S21401BEB010B90723184610BD204606F0B9FF034601
S21401BEC00028F7D127F01EF801460028F1D02046B9
S21401BED0BDE81040014A24F0EDBC00BF01BE0100E0
S21401BEE0F7B50E46054622F0AAF8B37900780C336A
S21401BEF033445F789B7800EA10101F40384020F0EA
S21401BF0026FD044668B9284620F02AFD384020F070
S21401BF101EFD044628B9284622F094F805F072F969
S21401BF2004462846002121F0EBFE1721304624F076
S21401BF3093FB304624F081FB3146447084702846DA
S21401BF4024F070FB0321284621F013FE402203460D
S21401BF50009229460020024A24F0C8FB03B0F0BD37
S21401BF604FCA0300F0B507460E46144685B00C4B83
S21401BF706946384603F1100205F0FAFE0028F6D0AD
S21401BF80102C254628BF102530462A4669461EF045
S21401BF9063FF641B2F442E44E9D105B0F0BD00BFFA
S21401BFA0CD66002030B589B020226946FFF7DAFF5A
S21401BFB06A460C4D04AB144603CC9C42286069606B
S21401BFC0224605F10805F6D1074C1A4603CA6160F8
S21401BFD008A98A422060134604F10804F5D109B085
S21401BFE030BD00BFCD660020DD66002010B588B0EC
S21401BFF06946202011F05CFC044630B96846FFF71C
S21401C000D1FF0122024B83F82020204608B010BD44
S21401C010CD66002070B5124B054693F820300C46CD
S21401C0208CB00BB9FFF7E2FF1022002168461EF024
S21401C030F6FE4CB92022214604A81EF0F0FE04A804
S21401C040FFF7B0FF0CB070BD102C264628BF102697
S21401C050294632466846FFF785FF3544A41BE8E7C4
S21401C060CD66002008B581B2074823F046FC0120C2
S21401C07002F038F930B9054A137D59075CBF43F021
S21401C0800203137508BD00BFEC560020E4560020DD
S21401C0904FF0101370B51F4C0025A3644FF4E063F6
S21401C0A020460126A4F84C301B4B43F6FF71E3658E
S21401C0B01A4B656240F8583F84F860601FF092FBA7
S21401C0C005F0D2FB4FF48073A4F85230144B84F879
S21401C0D05600A361134BA4F84E601A6884F85150B9
S21401C0E0A4F8B86084F8B5502575137852782946B7
S21401C0F01344334104F108006375A4F8C050A4F852
S21401C100B65023F0FAFB294604F19400BDE87040CE
S21401C11023F0F3BBE456002055555500D6BE898E54
S21401C12021CD03005C58002010B50B4CA06A18B155
S21401C13003F0AEFF0023A362084826F0BBFD0848C3
S21401C14026F0B8FD074826F0B5FD0023C4F8A43054
S21401C150BDE81040FFF79CBFE456002004570020BE
S21401C16010570020145700202DE9F8432D4C99460E
S21401C170636A0F46D90715469DF824609DF8288006
S21401C1804DD400283AD004F1240353E8003F43F08D
S21401C190020304F1240141E80032002AF3D1626A65
S21401C1A09DF8203022F4C07242EAC312052E626264
S21401C1B084F8546007D1FCF7EDF968B96D00ADB2AB
S21401C1C0BD4228BF3D4694F854309A0722D413F056
S21401C1D0040F14BF03260126636A84F86060A4F87E
S21401C1E04870A4F84A5084F84C90B8F1000F13D068
S21401C1F043F4801301206362BDE8F88304F124034D
S21401C20053E8002F194622F0020241E80023002BD2
S21401C210F4D1C4E70226DFE723F48013EAE700201F
S21401C220EAE700BFE4560020024B93F82400C0F36F
S21401C23080007047E456002008B5FFF7F5FFB0B15F
S21401C2400B4B586A20F0040210F001005A6203D129
S21401C250BDE8084001F0EEBB01F0C2FC00F0DCFBDB
S21401C26001F074F9BDE80840002001F007BC08BDE4
S21401C270E4560020024B586A00F00100704700BFE8
S21401C280E456002070B54A4C1646636A03F0010274
S21401C29088B972B12AF0B6F80546606A20F0010244
S21401C2A010F00400626201D101F0C4FB28462AF0B6
S21401C2B0A4F8002070BD002AFBD19B0704D5236B90
S21401C2C003B3012001F020FA94F84C3003F0FD038B
S21401C2D0012B1FD02AF096F805460EB304F124036D
S21401C2E053E8003F43F4804304F1240141E800325F
S21401C2F0002AF3D1FCF738F942F2107303FB06006B
S21401C300606319E0022026F0FDFD20630028D8D1E5
S21401C3100720CFE722F04CFA0028DBD11220C9E72C
S21401C32004F1240353E8003F23F4804304F124017D
S21401C33041E80032002AF3D104F1240353E8003F18
S21401C34043F0010304F1240141E80032002AF3D14D
S21401C350636A13F00403A9D140F27122E363B4F8CF
S21401C3604A30E260023B534323611FF07CF903230A
S21401C370B0FBF3F303EB4303C31A253384F86130B0
S21401C38001F0F0F8FCF7F0F860602064B4F8C00043
S21401C390002808BFF520FFF765FE064B04481A681B
S21401C3A01378527813445B10637520F0BAFD7DE76D
S21401C3B0E45600205C58002028B1A0F11003F02BB1
S21401C3C003D9122070474FF48070024BA3F8520035
S21401C3D000207047E4560020F0B5244C87B0A06AD0
S21401C3E000B3E76ABE7903F0AFFB0C36BA5DBD1940
S21401C3F00223FF26CDE9043695F8233000215B0998
S21401C4000393AB8BD20902936B8B80B201932B8B78
S21401C410009305F1080323F02AFEA06A03F038FE14
S21401C4200023A362E06A11F0A5F80023E362636AC1
S21401C43023F00402D907626208D594F85450052DFA
S21401C44006D1FCF7A7F818B184F8605007B0F0BD24
S21401C45094F854309A0707D413F0040F14BF03233B
S21401C460012384F86030F1E70223FAE7E45600205E
S21401C47013B5154C29F0C6FF236A019300232362E6
S21401C48029F0BBFF019BA3B9636A1A0406D51FF006
S21401C490A2FCA0B1636A23F400436362636A1B03D0
S21401C4A005D5FFF799FF636A23F40023636202B0A0
S21401C4B010BD01A826F008FC1FF005FDE2E74FF0CD
S21401C4C0804022F0A8F9E9E7E4560020044B586AB8
S21401C4D000F08100A0F1810358425841704700BF27
S21401C4E0E4560020024B93F82400C0F380107047F6
S21401C4F0E456002037B5054608461146254A526AD5
S21401C50002F41072B2F5107F04D1022B40D0032B37
S21401C51008BF01230193162300F001020093284669
S21401C520052320F03EFCAC7923F0FFFF0C342C44AD
S21401C5300321C4F80E0004F11200FFF76BFDBDF8ED
S21401C540203004F11E002383BDF82430E382022349
S21401C5506375BDF818306383BDF81C30A38305F0FE
S21401C560B9FD0C22A37CB3FBF2F102FB113394F864
S21401C5702320053363F3040284F8232004F082FEAB
S21401C58094F8233060F3471384F8233003B030BDAA
S21401C5900023BFE7E45600202DE9F041054686B0AA
S21401C5A000208846174626F0ADFC0646002800F017
S21401C5B0BA805E4CC4F82880687810F0010000F05C
S21401C5C0998004F1240353E8003F43F0400304F14B
S21401C5D0240141E80032002AF3D12A79636A023A3B
S21401C5E0012A00F2948043F40073636280F0010034
S21401C5F04FF000081EF070FE05AB029304AB0193EA
S21401C600EB89CDE904880093AB89EA8AA98AA06AF6
S21401C61004F0BCFB40F2E242059BCDF80C80B3FB74
S21401C620F2F39BB202936B8A304601932B8A6A1D02
S21401C6300093A9782B79FFF75DFFB379049A334409
S21401C6401A63E66229F0DEFE0646404601F05CF813
S21401C650636A43F004036362354B1A689379D279AF
S21401C66013445B106375EB7803F00505052D84F81C
S21401C670553051D1FBF78EFF00B90325636A84F864
S21401C680605013F001022ED1E263002F48D043F42C
S21401C6908013B4F8C0006362002808BFF520FFF7D6
S21401C6A0E1FC40F27122B4F84A30E2605343A3F54C
S21401C6B0E17323611EF0D7FF0323B0FBF3F303EB13
S21401C6C04303C31A253343F6FF711A4884F86130D1
S21401C6D01FF088F800F046FFFBF746FF6060206415
S21401C6E0124820F01EFC304629F087FE002006B0D6
S21401C6F0BDE8F08104F1240353E8003F23F0400332
S21401C70004F1240141E80032002AF3D165E723F45D
S21401C7100073002063626BE75B07AED40125ADE7CB
S21401C72023F48013B5E70720E1E700BFE4560020B5
S21401C7305C5800203C57002010B500F00704204646
S21401C74026F0F7F9002808BF0724024B83F84D406E
S21401C75010BD00BFE45600200E4A68B102F1240362
S21401C76053E8003F43F4802302F1240040E80031FF
S21401C7700029F3D10020704702F1240353E8003F5B
S21401C78023F4802302F1240040E800310029F3D18C
S21401C790F0E700BFE4560020024B93F8250000F0B6
S21401C7A001007047E456002038B505464FF4802056
S21401C7B00C4604F08BFF48B140F22E432046C4E9F4
S21401C7C00333BDE83840104901F008BF0F4B9C42C7
S21401C7D017D1042D14BF28460320FF2122F08FF91C
S21401C7E042F20F7300F5AF70984298BF42F2107391
S21401C7F0A4F18C04C4F898008CBFC4F89C00C4F85B
S21401C8009C30012038BD00BF8096980070570020EC
S21401C81038B500230125104CB4F8B61004F1940085
S21401C820994208BFF521C4F8A43084F8A05023F03B
S21401C83064F8284601F056FD38B994F8A0305A0736
S21401C8405CBF43F0020384F8A0300120BDE8384005
S21401C8500249FFF7A9BF00BFE45600207057002029
S21401C860F0B5274C85B00646FBF7CEFD04F158031C
S21401C8700FCB8DE80F0094F8AC3094F8B42000216B
S21401C880C8208DF808308DF8092022F095FB014666
S21401C89068461EF0A7FF684622F0ADF81EF020FF9E
S21401C8A00022014604201EF02EFF7568FBF75CFE91
S21401C8B0636A2D1A13F4003F4FF480200CBF102733
S21401C8C0112704F003FF28B101F0F4FCA0F52F7046
S21401C8D01EF021FFD4F8BC3070688C2D00EB93015C
S21401C8E094F8A13006DC1A46384622F0E9F8012011
S21401C8F005B0F0BD0A460146384622F0A7F8F6E72D
S21401C900E456002073B54379019023F00103437187
S21401C91001221C2101A826F018FB48B1144A01A8DF
S21401C920536A43F40063536226F0C4F902B070BD43
S21401C930019A104C537904F1180643F00103537120
S21401C940937913440C33254603CDB54218605960DC
S21401C9502C4603F10803F6D12868114618600648EC
S21401C96026F00DFA4FF0804021F055FFDEE700BFBC
S21401C970E45600204C5700200457002010B50A4CFE
S21401C980D4F8A40020B194F88B30012B01D00020FC
S21401C99010BDFBF7E9FDD4F8B030181AB0F57A7F70
S21401C9A094BF0020012010BDE456002010B50446B7
S21401C9B004F05AFF34EA00000ABF024B122083F843
S21401C9C0564010BDE456002010B5124C636A1B0594
S21401C9D01FD5012026F096FA28B9BDE810404FF081
S21401C9E0804021F018BFB4F86C3023F0600343F0A8
S21401C9F04003A4F86C30FFF785FF04F1240353E8E5
S21401CA00003F23F4006304F1240141E80032002AC8
S21401CA10F3D110BDE456002010B50A4CD4F8A4306A
S21401CA205BB1012104F18C0020F087FA04F1940037
S21401CA3005F0F8FC0023C4F8A430BDE81040FFF769
S21401CA40C3BF00BFE456002010B5044601F0A4FDA4
S21401CA50844201D1FBF7D8FC084BB3F8B62032B9B3
S21401CA60D3F8942012F4601F08BFA3F8B620FFF78E
S21401CA70D3FFBDE81040012001F000B8E4560020C5
S21401CA802DE9F3415F4C984605460E461746FBF7DF
S21401CA906BFD94F88B30022B05D0D4F88410091A5C
S21401CAA0B1F5FA7F49D2A54201D100F091FDAE6100
S21401CAB0294694F87600FFF777FE06464FF4802065
S21401CAC004F004FEA8B1B6B101F0F4FBA0F52F7096
S21401CAD01EF021FE4C4B4D4A3846CDE90032D4F8C3
S21401CAE0843094F8882094F8761021F0CDFF06461D
S21401CAF001E0002EEED11EF0F3FD002201460420D7
S21401CB001EF001FE002004F013FCA54209D1D4F862
S21401CB10A43033B1002104F18C0020F00EFAFFF7A7
S21401CB207BFFD4F88430C4F8B03094F8883084F8A9
S21401CB30B430304602B0BDE8F081A54216D1D5F832
S21401CB40A4309BB1D5F8B0301B1A994207D300F038
S21401CB503FFD0121284620F0F0F90126E9E70021F2
S21401CB6005F18C0020F0E9F9FFF756FFD4F8843080
S21401CB70A542C4F8B03094F8883084F8B43001D1B6
S21401CB8000F026FD0121284620F0D7F92049D4F8E7
S21401CB908430A1F13000C4F89030C4F8A46023F0CA
S21401CBA0B4FCD4F8B0201A49D8F80030A1F130000E
S21401CBB0D31A94F8BA2005F093FC15494FF416736E
S21401CBC00122A1F1300023F0A6FC637D84F8A13098
S21401CBD0FFF72AFB0F4B1B6890B1DB7994F8A12075
S21401CBE00D4993423CBF02F1FF32D3B294F876006E
S21401CBF084F8A130FFF7D8FD074820F092F9ACE79A
S21401CC005B78EBE7E456002055555500D6BE898E75
S21401CC10A05700205C580020705700202DE9F04FE7
S21401CC208E798DB00C360E44F37A09910590002B5F
S21401CC3000F00C819346357B8846C5F38112069237
S21401CC40AA0915F03F0518BF757B0392BBF1010FCA
S21401CC5006F10E02049200F0D08100F2EB80039AF6
S21401CC60033A18BF01220492002A00F0EF80327BBB
S21401CC7002F03F029A4280F2E980BE4C636A23F4D6
S21401CC8000336362337BC3F38113013BDBB2012BB9
S21401CC9040F2E5804046FBF7D1FDDDF8248005F043
S21401CCA0020198F8062089460C3205F0010308EBCC
S21401CCB0020ABBF1000F00F07081BBF1040F00F017
S21401CCC0CF81002B40F0E68106F10E07002940F0E7
S21401CCD0EB81690700F1A5812A0705D57B78023724
S21401CCE0C3F3031384F87730BBF1010F09D19AF827
S21401CCF00C3003F0C003402B00F0C580802B00F001
S21401CD00C2809D4ADAF800300192363A00923946DE
S21401CD102A4694F8560022F05CF8B4F86C1094F8A1
S21401CD208A3021F06001D4F8249007EB000889B21C
S21401CD30002B00F0E48194F8893041F02001A4F83A
S21401CD406C1084F8763084F8AC3015F0200A1FBFDA
S21401CD5098F8023098F80320474643EA02230EBFAC
S21401CD605746A4F87A3008F11208BBF1010F00F01B
S21401CD70A1801EF0A5FAEB0640F16381BBF1020F1C
S21401CD8000F26B82039B626A022B00F0AC8294F87D
S21401CD908B30002B40F0A1829946BAF1000F19D0D2
S21401CDA00023049394F87720744994F86E00D6F81B
S21401CDB000A01EF07AFF002840F0C082049B4BB111
S21401CDC0676A1EF07DFAEB0640F1D681BBF1010FD2
S21401CDD000F0D281680644BF98F8003084F87830B5
S21401CDE0337B03F03F07099B0B93636AD90740F136
S21401CDF00F81BBF1000F40F0D881EA0600F10881EF
S21401CE004FF0FF310BA8FBF7DFFC0B98FBF716FD85
S21401CE10B3790BA884F86B30737907F10D0184F8A8
S21401CE20793025F0C5FF0B98002800F07382A0F832
S21401CE3006B0D1E1ABF10302012A07D8039AB2FA90
S21401CE4082F252090492002A7FF411AF09A8FBF777
S21401CE504FF84FF0000948460DB0BDE8F08FBBF122
S21401CE60010F7FF417AFEF0700F11181A80700F15A
S21401CE703F826907B24600F1D2802A0706F10E0703
S21401CE803FF52CAF33E70023A4F88A30636A23F416
S21401CE900039B4F86C30C4F8249023F06003A4F889
S21401CEA06C30EB0600F1AE8115F0200A40F00482EA
S21401CEB0B846574619F0040F1ED0039BD8071BD55A
S21401CEC0099B079394F87620C9F300330092012159
S21401CED000202A4A00F04EFF81460798FBF7AEFC79
S21401CEE0B9F1000F03D00020079900F02BFFBAF12B
S21401CEF0000F3FF463AF55E71EF0E2F9E90680F054
S21401CF000103C9F3C019DBB240F1A0804A461B49B0
S21401CF1094F86E0021F002FE78B9B9F1000F2FD116
S21401CF20494648461EF0D5F950BBBBF1020F00F248
S21401CF309481BBF1000F3FF425AFD4F82490099BF0
S21401CF4019F0040F079340F0ED81039B012B04D9E0
S21401CF5009F00303032B00F00E8294F88B30039341
S21401CF60002B40F0FC810798FBF768FC039B994671
S21401CF7013E700BFE45600209E57002053570020B9
S21401CF80BAF1000F40F051814FF0000909A8FAF7F5
S21401CF90AFFF48460DB0BDE8F08F4FF07F0C327BF7
S21401CFA09AF807704FF0FF0E84F878C04FF6007CB1
S21401CFB094F8600092090528A4F86C20A4F87AB0C9
S21401CFC084F86EE0A4F876C003D1042F384608BF73
S21401CFD0032084F87500002A40F0AF80002B40F053
S21401CFE07681B9F1000F40F0B7816A0717D42B0795
S21401CFF000F1A18106F10E0783E6BF4A0399B2F854
S21401D0006C2002F00302521AB2FA82F252092AE6A0
S21401D0100BA825F04FFE48460DB0BDE8F08F06F18F
S21401D0200E071EF05DFB4FF6FF73CDF804800093EC
S21401D0300146B24B042094F86E201EF043FB0137E4
S21401D0404AE680F00100C9F3C019C3B24A46AB49AB
S21401D05094F86E0021F062FD00287FF466AF5CE76D
S21401D0600A20B4F86C20A4F86C00500744BF0E22C6
S21401D070A4F86C2073B90029B7D006F10E076B0728
S21401D08007F10607CDD428073FF528AE39E6B246A4
S21401D09005F0020194F86E30FF2B00F0188106F1BE
S21401D0A0140700293FF415AEABF10203022BE6D9B3
S21401D0B094F84C30B27AB3FA83F04009B0EBD21F41
S21401D0C000F0D880181E18BF0120394621F057FB02
S21401D0D00790B07A3946C0091EF0F4F881460890E8
S21401D0E01EF0E1F8DDE90713626A02F48072002996
S21401D0F000F0C98033B12AB1C0B9FE2305E0A4F817
S21401D1006C1022E690B9B37ADB0984F87C303B6870
S21401D1100637C4F87D30B4F86C3037F8022C43F08B
S21401D1200403A4F86C30764B9A80D2E594F84C3020
S21401D130002B40F0CE800223E7E7626A42F4003219
S21401D1406262002B3FF44DAFD6F80E30C4F86F3054
S21401D150708A6A4B9880B37A13F040031BBF012391
S21401D16042F4805222F48052626212BF84F86E301A
S21401D17084F86E30626292E780F00100C3B2C7F3B2
S21401D180C0125E4994F86E0007F0800721F0C6FCD5
S21401D19000287FF41FAE002F7FF4F8AE39461EF04C
S21401D1A098F800283FF416AEF0E64FF0FF310BA8D2
S21401D1B0FBF70AFB0B98FBF741FBB3790BA884F846
S21401D1C06B30737907F10D0184F8793025F0F0FDA5
S21401D1D00B98002800F09E80B4F86C20636A02F079
S21401D1E06002202A0CBF43F4006323F400636362E9
S21401D1F0437923F001034371FFF784FB48460DB0E2
S21401D200BDE8F08F15F0200A07F103083FF451AE90
S21401D2107B79BA794FF0200A43EA0223A4F87A30E0
S21401D22007F115034746984644E694F877203349B4
S21401D23094F86E0035681EF038FD00283FF4A4AE61
S21401D24006F10C0094F876401EF063FD3A4603465C
S21401D250294620461EF02BFD96E694F88B30002BCF
S21401D2603FF49AAD3346002205982649FFF708FC9D
S21401D270814692E539461EF025F881461EF013F8E0
S21401D280626A02F48072B9F1000F05D0002A7FF4B9
S21401D29033AF00287FF44AAFD4F8A4304BB1012154
S21401D2A019481FF04AFE194805F0BCF80023C4F8D7
S21401D2B0A430FFF789FBC9E5BB78FA784FF0200A5E
S21401D2C043EA0223A4F87A3007F11208F2E5626A0B
S21401D2D03AE7012B08BF032317E7334605980C49A5
S21401D2E0C2F34042C2E712F002093FF456AD4EE5E2
S21401D2F0B24606F10E07DBE6E4560020535700203F
S21401D30061570020B3CC03007057002078570020E7
S21401D310B5D30100012025F0F5FD0B9000283FF460
S21401D3209AAD59E7069BDA073CD40798FBF786FACD
S21401D3304FF0000931E506F10E07CFE494F8763098
S21401D34006F10C0003931EF0E4FC3A4603465146F0
S21401D35003981EF0ACFC31E506F10E07A8E6C9F30A
S21401D3604042334605981149FFF78AFB81460798E4
S21401D370FBF764FA11E507981FF0FFFD10B9D4F822
S21401D3802490EAE5B17A06F10E00C1F3801100F0AF
S21401D3909BFC81460798B9F1000FC7D0044B059A4C
S21401D3A09361E5E7002304938CE500BFB3CC03004B
S21401D3B0D7CC0300532810B50C4610D006D85128F8
S21401D3C017D02146BDE810401FF03DBCA0F1550323
S21401D3D0012BF6D82046BDE81040FFF735BB0022EA
S21401D3E0064B0120A3F88A201FF048FC0028F1D044
S21401D3F010BDBDE8104000F08DBC00BFE456002013
S21401D40053282DE9F74F0C4615D007D8512878D068
S21401D410214603B0BDE8F04F1FF015BCA0F155033F
S21401D420012BF5D8A0F1560358424FF000015841A0
S21401D43000F08AF92FE04FF0000901A84FF0FF3104
S21401D440CDF80490FBF7C0F90198DFF8D88048B111
S21401D450FBF7F4F9019800F085FA082821D001A815
S21401D460FAF746FD01F098F8844201D1FAF7CCFFAD
S21401D470002120461FF061FDFFF7CEFAD8F82430D0
S21401D4805A0703D50021084600F05EF9D8F8243083
S21401D49013F0050F40D0204603B0BDE8F04FFFF76C
S21401D4A0D3BA019DD8F82C70AB79BE790C331D44E4
S21401D4B01DF0F5FEE8B11DF0EFFE002819DB0C3675
S21401D4C0B85D07EB060B0BF1080A4A465146C00940
S21401D4D01DF0FAFE68B1D5F80E30CBF808306B8A2D
S21401D4E0ABF80C30AB7ABA5DC3F3801363F3C712A3
S21401D4F0BA55002295F9051098F8760000F0FCFA66
S21401D500ADE7074B11201B685978FAF7D1FD054A9C
S21401D510536A43F02003536203B0BDE8F08F00BFA7
S21401D5205C580020E456002001238340DB43064973
S21401D53001F1240252E8002F1A4001F1240C4CE8B4
S21401D54000200028F4D17047E4560020044A4FF02A
S21401D5508040536A43F40023536221F05CB900BF54
S21401D560E456002038B5FEF785FE184D044608B18E
S21401D57095F85440FEF758FE10B195F855301C4307
S21401D58004F00504052C0DD1FBF704F850B995F805
S21401D5906030012B03D1032385F8603038BD0123A9
S21401D5A085F8603095F8613095F84D10253BDBB273
S21401D5B00133DBB2032B28BF002341FA03F2D20763
S21401D5C0F6D5253385F86130E8E700BFE45600203C
S21401D5D008B5FAF7C9FF054A516C50640B1A002BBF
S21401D5E0BFBFD36B5B1A1B18D36308BDE45600207C
S21401D5F040F271232DE9F041414C0E46E36018B12B
S21401D600237D43F00803237540F27125FAF7ACFF3A
S21401D610B4F84870216C7D436B181B1AA3F59672FB
S21401D620A7B1AA4212DD8D4210D86FF49672134448
S21401D630B3FBF5F3B1FBF5F2934228BF134605FBA6
S21401D6401311A5F59672121A21640A4440F2712C40
S21401D650B4F84A30D4F83C801F1F0CFB03F3E16892
S21401D6602089984508440CFB07F72CBF0021A3EB43
S21401D670080116B10E1E18BF0126B84500D316B113
S21401D680904200DAF1B9227DA3F5E17322F0080297
S21401D69023612275FFF766FF236CB8451D444FF0E2
S21401D6A0000365602564E363164D18D2FEF7BCFDE2
S21401D6B02B6810B3DA79197B637D5B1A934218DA0B
S21401D6C0627507E0237D9142D4BF2161226143F058
S21401D6D0080323750A48BDE8F0411FF022BCFEF797
S21401D6E0A3FD2B6838B19A791B7B617D0B4493426D
S21401D6F0E6DC6375EEE71A78F6E75A78DBE700BFF3
S21401D700E45600205C58002038B505460D4C80B123
S21401D7100320FFF709FF002384F851300123A4F802
S21401D7204E300420FFF700FFBDE838401020FFF719
S21401D730FBBE0520FFF7F8FE012384F8B550A4F8D8
S21401D740B830EEE7E4560020324B70B55A6A0D4603
S21401D75031B316075CD503F1510603F14E0498B3B5
S21401D760D10624D52288012A21D9520804202280F4
S21401D770FFF7DAFE1020FFF7D7FE23880BB9012347
S21401D78023801DF070FF2388B0FBF3F202FB130029
S21401D7903070002D3AD00320BDE87040FFF7C4BEBC
S21401D7A0940635D503F1B50603F1B804D7E703F1BE
S21401D7B0240252E8002F42F0100203F1240040E850
S21401D7C000210029F3D1D5E7D20312D52288B3F878
S21401D7D0521091420DD9520092B22280B3F85230C3
S21401D7E01020934228BF13462380FFF79DFE042096
S21401D7F0C1E703F1240252E8002F42F4803203F11C
S21401D800240040E800210029F3D1F0E70520C3E712
S21401D81070BD00BFE456002070B58AB005466B4661
S21401D8204D4AAC7910685168127A03C30C3408204B
S21401D8301A702C4403F04AFF20B101222846A11D8C
S21401D84025F01BFA0021A3790DF121008DF80F3088
S21401D850A37ACDF8211003F00F0303F128026A44DE
S21401D86012F8282C8180ADF810208DF82010062B98
S21401D87012D8DFE803F00459111168115500374A30
S21401D88002F1240353E8003F43F4005302F124005D
S21401D89040E800310029F3D1A37A0DF11301C3F357
S21401D8A080138DF81230E3680DF11200CDF81330B5
S21401D8B0238A09AEADF8173000231A461DF0F1FC95
S21401D8C0E3791C218DF819304FF47F43ADF81A30F7
S21401D8D07F238DF81C30637928468DF81D30002390
S21401D8E0ADF81E30AB7903AC1233AB7125F010FAEC
S21401D8F0AB792B440C33224603CAB24218605960F6
S21401D900144603F10803F6D1106829461860144836
S21401D91025F035FA4FF0804020F07DFF0AB070BD4B
S21401D9200D20FFF701FEB7E7D4F81230CDF821300D
S21401D930E38A8380EB79063BEB71A37AC3F3C013CA
S21401D9408DF82030A8E7054B5B6A9B0444BF42F084
S21401D9500102ADF810209FE7A37F0400E4560020E3
S21401D9600457002070B583790C33C4182379DA077D
S21401D97002D44FF0FF3070BDA37A03F00F05082DD7
S21401D980F7D8062D01D92846F5E7E27A911F1F2917
S21401D990EFD8012D1FD10C2AEBD1244E736A13F058
S21401D9A0060F01D1DB05EED41DF08AFC20B91DF06F
S21401D9B07EFC0028E7D1DCE7A37A96F84C20C3F377
S21401D9C0C010B2EBD31FD4D104F1120100F0010054
S21401D9D020F0D5FEEDE7042DD5D11449144A486A46
S21401D9E00240002AC5D0096B0029CCD08A79C3F33E
S21401D9F080130C3288188A5CB3EBD21F13D104F162
S21401DA000C01062208301DF0E1F9B0FA80F4640931
S21401DA101DF056FC0028B6D1002CB4D11DF03CFCFC
S21401DA200028B0DBA5E70024F2E700BFE45600209B
S21401DA300800040038B50E4D044600F0D1F8286BF6
S21401DA4018B10FF097FD00232B63FEF7E5FF094899
S21401DA5004F0E8FCEB6A0BB1FFF778FD044884F0AC
S21401DA6001011FF06AFABDE83840034825F022B9E3
S21401DA70E4560020EC5600200457002038B51C4C14
S21401DA800546237D23F00803237500F0A9F8B4F8B2
S21401DA90C0302BB9A36813F4601F08BFA4F8C030C8
S21401DAA0134800211FF049FA124B606AA361430430
S21401DAB006D485F001000021BDE83840FFF798BD87
S21401DAC0626B6168521A002AF3DA20F0010242F40E
S21401DAD0004210F00400626201D1FFF7ABFF4FF085
S21401DAE0804020F098FEFEF79FFB0028E1D138BD6C
S21401DAF0E456002021CD03002DE9F04F4FF0000B36
S21401DB00304C89B0E66AA36AB779C4E90ABB0C3718
S21401DB10F51901936B6A9046824689460393FAF794
S21401DB2073FCF35D05F108073946C3F3C01306A875
S21401DB308DF818301DF0CFFBFF238DF8193094F8BF
S21401DB40253001A8C3F380030E358DF81A30CDE9D0
S21401DB5004578DF808B08DF81BA08DF81C908DF831
S21401DB601D8002F007FB30460FF004FD636A23F0C8
S21401DB702402D907626205D40120FFF75BFF09B0D2
S21401DB80BDE8F08F104B94F854501A68052D1378A1
S21401DB90527813444FEA6303637502D1FAF7FAFC2D
S21401DBA040B994F854309A070AD413F0040F14BFFE
S21401DBB003250125012084F86050FFF75FFFDEE7AB
S21401DBC00225F7E7E45600205C580020034B5B6A09
S21401DBD013F0060F0CBFE220F1207047E456002038
S21401DBE008B500F0D9FC054B834206D1FAF70CFCC8
S21401DBF0BDE80840002003F09BBB08BDE4560020AA
S21401DC0070B51E4C1E4803F093FB94F8603094F8F0
S21401DC1061200021C82021F0CFF9014604F1580007
S21401DC201DF0E0FD04F1580020F0E5FE002211464B
S21401DC3010461DF068FD66686664FAF795FC0246B4
S21401DC40FFF7C4FFB61AB6F5FA6F05460BDC00F00F
S21401DC5031FB627DA0F5E171284620F031FFBDE879
S21401DC6070401DF0BBBD666800F024FB3146A0F590
S21401DC70E172637D284620F0E9FEF0E7E4560020D5
S21401DC80CDDF010010B5FAF7BFFB00F019FB40F23B
S21401DC90EE2398420FDDFFF799FF044600F00AFBDA
S21401DCA0084BA0F5E1715A7D204620F009FFBDE83A
S21401DCB010401DF093BDFFF78BFCBDE8104000201F
S21401DCC01FF03CB8E4560020F7B5104C064694F811
S21401DCD051500F462DB10020013D84F8515003B03C
S21401DCE0F0BD0B4B02201B685978FAF7CBF994F874
S21401DCF04C303A46CDE9005331460323206B1FF0E2
S21401DD0050F8206B03F018FF0120E8E7E4560020E6
S21401DD105C580020094A02F1240353E8003F43F00F
S21401DD20080302F1240040E800310029F3D1044B36
S21401DD3001201B685978FAF7BBB900BFE4560020EA
S21401DD405C58002070B50A4C636A5B070DD58B7969
S21401DD500C33CD1850B9E879CE58298920F0CFFE7A
S21401DD600644A6636B7984F8503070BD0120F3E752
S21401DD70E45600202DE9F04F174698468F4B8BB09E
S21401DD80DD6A0491AC795B6A0C342A5D014061F36B
S21401DD9045122A55394603F040020646404602928D
S21401DDA0C3F3801A1DF08EFA05EB040B0590285D6F
S21401DDB00BF108031946C00903931DF083FA029B71
S21401DDC08146002B45D1002845D11DF079FA80F017
S21401DDD00103DBB252463946404603F0010320F008
S21401DDE09DFE0390002800F08580029B002B34D115
S21401DDF0B9F1000F6CD1059B002B69D01DF04FFACD
S21401DE00002865D0012208A90DF11F001DF05EFA59
S21401DE1000286FD09DF81F302A5D591E4B424B419A
S21401DE20B3EBD21F66D1062208A90BF108001CF03D
S21401DE30CDFF00285ED13B68CBF80830BB88ABF835
S21401DE400C302B5D68F3C7132B554FF0000AD146F3
S21401DE501AE00123BEE7029BBCE7584B5B6A9805B4
S21401DE601CD44FF0000915F804A048461DF034FAFA
S21401DE703B68CAF3801ACBF80830BB88ABF80C3085
S21401DE802B5D68F3C7132B554C4F002E38D197F8EE
S21401DE90B530ABB3013B87F8B5302BE01DF0FCF98C
S21401DEA00028DEDB0022114610461DF007FA15F8A1
S21401DEB004A081460028D8D0002302211A460BEB85
S21401DEC001001EF044FF2B5D60F386132B55CCE753
S21401DED008F1FF32D2F100082B5D48EB0208B8EBDF
S21401DEE0D31F07D1062239460BF108001CF06EFF3E
S21401DEF00028AAD00023039303980BB0BDE8F08F47
S21401DF00FAF732FBFB6A00F196019A790BF10E00E3
S21401DF1013441A6B9DF8503000961EF07AFF284B7A
S21401DF2007461B68002E3DD102205978DFF88C8009
S21401DF30FAF7A8F8D8F82C0003F0FEFDD8F82C3034
S21401DF409A7913441F6386B31E4803F0F1F9049AC5
S21401DF50D8F8243072B343F48063C8F82430029BA7
S21401DF608BB986B92B5D3246C3F3C0130BF108019A
S21401DF7008A88DF820301DF0A9F92B5D9DF820200A
S21401DF8062F3C7132B55B9F1000FB5D000235146E4
S21401DF901A460BF102001EF0DAFE2B5D60F38613C3
S21401DFA02B55A9E70020D979C0E700F0F5FA064B12
S21401DFB08361CCE723F48063CFE700BFE4560020FB
S21401DFC05C58002091E1010001D4010053282DE99D
S21401DFD0FF4718D005D8512800F0CE8004B0BDE820
S21401DFE0F087A0F15503012BF8D8553818BF01204A
S21401DFF00121FFF7A9FBFFF7EBFA002004B0BDE80B
S21401E000F0471EF09BBE002402A84FF0FF31029499
S21401E010FAF7DAFB02985C4D68B1FFF7A3FC082813
S21401E020064605D8594B13F8009019F0080F09D188
S21401E03002A8F9F75DFF6B6A13F0060F1FD0FFF712
S21401E04021FE1CE0072821D16A6A12F48012EFD162
S21401E05028460299FEF7E2FD0028ECD0FEF78EFC7A
S21401E06068B1FFF7B5FA40F27122B5F84A3053436A
S21401E070EA6B9A4203D201210846FFF7B9FA012159
S21401E080084604B0BDE8F047FFF75EBB029B03936A
S21401E09000F016F96B6A074613F004035ED019F018
S21401E0A002035BD0A0F56E73002B0EDD0120039AF0
S21401E0B093790C331A44917A0090C1F380130C3291
S21401E0C0C1F34011FFF756FE04460398FAF7B6FB74
S21401E0D003990120FFF736FE6A6AD10748D50399EE
S21401E0E002F080088B790C3301EB030A1DF0E8F887
S21401E0F080F001039AF80A00DBB24FEAD8120AF15F
S21401E1000C01C0F3801020F009FD48B3C4B96B6A56
S21401E1109A0736D519F0010F17D003981EF02DFF78
S21401E12070B1A7F21657002F0ADD039883790C33D6
S21401E1301844817A0C30C1F38011FFF7C5FD0446FF
S21401E140042E02D16B6A9B0712D519F0040F0FD06B
S21401E1500398FFF761FB002C91D16CE71C46B4E7EE
S21401E160B8F1000F04D141461DF0B3F80028CDD018
S21401E17003A8F9F7BDFEEEE704B0BDE8F047FFF7E8
S21401E180C9BD042EE1D1F3E7E456002052A10400F4
S21401E190512808B50BD1084803F0CAF80122074BED
S21401E1A0104693F95010BDE80840FFF7A5BCBDE83E
S21401E1B00840FFF70BBF00BFCDDF0100E45600208B
S21401E1C010B5074C2368DA0607D523F01003236041
S21401E1D018B90220A1681DF068FA0023A36010BDDB
S21401E1E0A8570020F8B50023027D04469507036072
S21401E1F00CD550F8081FC90C01F4FC7141F005015B
S21401E20021F081FB227D02F0FD022275A0681EF03E
S21401E2105BFE0546100703D5FAF7A6F928446060A9
S21401E220194F62683E4656F8041FAD1A79B9216047
S21401E2303460BB68E3B1607D597D884219D2217D87
S21401E24009070FD5BDE8F8400020FFF7B9BF886879
S21401E2501EF03AFE4B682B441B1A002BE7DA0E46DB
S21401E2600968E3E759681B690B449B1A002BE9DA36
S21401E270F8BDD3E901101EF027FEE3681A44521ACE
S21401E280C242F5D5DEE700BFA8570020014610B50B
S21401E290044603201DF009FA054B1B68D90305D473
S21401E2A0237D5A075CBF43F00203237510BD00BFF0
S21401E2B0A8570020014BD868DC387047A8570020C3
S21401E2C0034B10B5DC68FAF74FF9DC3C201A10BD99
S21401E2D0A85700201822002101481CF0A0BD00BF4D
S21401E2E0A8570020034B1B6803EA0040003818BFFC
S21401E2F001207047A8570020064A9368197DC90770
S21401E3005FBFD0685A68DC38DB685ABF801AC01A0B
S21401E31000207047A857002030B5B8B14468ACB1AA
S21401E320104D2B691A4692B943B19A688A1A41BFB1
S21401E3305242B2FBF4F202FB044409190A4C816012
S21401E3404BB9036020602B7D01332B7530BD8242B3
S21401E350FCD01268E7E79A68521A002AF1DA1C46DE
S21401E3601B68EDE7A8570020B857002040B1436866
S21401E37033B1084B1A7D013A1A7553F8102F02B9BA
S21401E38070471A68904202D102681A6070471346B5
S21401E3901268F4E7A857002038B50446094D084628
S21401E3A0AB68A34201D1FFF70BFF6A68064B22B1A7
S21401E3B01A68A24202D122681A6038BD1346126852
S21401E3C0F5E700BFA8570020AC5700202DE9F3471A
S21401E3D05C4E33685A0700F1B280B368002B40F0F8
S21401E3E0AE8056E8003F43F0040346E80032002AB8
S21401E3F0F7D17468B4B1FAF7B7F801AA074601462F
S21401E400204625691EF068FD08B9204621E0019BDB
S21401E410A5EB03082568ADB9636808F1DC08434439
S21401E420C6E9024356E8003F23F0040346E80032FB
S21401E430002AF7D1B468002C4DD102B0BDE8F047F0
S21401E440FAF798B83946284601AA1EF045FD18B9CC
S21401E4502846FFF71BFFCCE7D5E901A01EF034FDE7
S21401E4602B7DAAEB0000DB0705D4019A2B699B1ACA
S21401E470EA689B1A1844626802EB08031B1A002B11
S21401E48025DD984504D9E368801ADC3383421DD91B
S21401E49094F8149019F0010F0DD1A0681EF014FD28
S21401E4A02369E9681A44A2EB0A02E368521A121AAF
S21401E4B0DC339A420DDC6A7D637D9A4207D219F0FD
S21401E4C0080FA2D0D5F80C802C4600E080462D68B7
S21401E4D0A1E78846F8E7A36813F4601FC3F3C245B3
S21401E4E026D100253368214643F01003012033600E
S21401E4F01DF0DBF81DB3A36804F1080513F4601FD3
S21401E5004FEAD341C3F3C24407D0013CE4B201F45D
S21401E510FC712846214321F0F6F90321284603F031
S21401E5209BFF64B9284602B0BDE8F04703F07ABF06
S21401E53004F1080003F02EFF0028D2D1D2E702B082
S21401E540BDE8F087A857002008B5034B996809B1C4
S21401E5501DF0ABF808BD00BFA85700200D4B50B109
S21401E56053E8002F42F0040243E800210029F7D1C6
S21401E5700220FFF7E9BF53E8002F22F0040243E828
S21401E58000210029F7D1986808B1FFF77FBEFFF791
S21401E5901DBF00BFA8570020014B9868704700BFF9
S21401E5A0A85700200C4B70B59C68844212D12146B6
S21401E5B002201DF07AF8D4E901601EF085FC0546BC
S21401E5C0F9F7D2FF801BE84221464CBF0120032009
S21401E5D01DF06BF870BD00BFA857002002462DE95C
S21401E5E0F84F002855D02C4FD0F80C80BD6806692E
S21401E5F0854208EB01090E440CD12C68F4B995420A
S21401E600C2E9039603D16B68DC333344FB60012017
S21401E610BDE8F88F6FF0DB0A7C68002CEFD0A068AD
S21401E6201EF052FC844653686068AAEB0303034459
S21401E630A3EB0C03002B01DA2468EEE76FF0DB0B8B
S21401E640D2F804A0ABEB0A0BA0681EF03DFC636891
S21401E6505B44181A814515D394F815C0537D9C4523
S21401E66002D92468002CEFD10C4B994211D1804578
S21401E6700FD89542C2E90300C9D10AF1DC0A504419
S21401E680F860C4E7C2F80C908642D4BF16611061E8
S21401E690BDE70020BCE700BFA85700208096980081
S21401E6A0114B70B59D682C692E6816B968682044B0
S21401E6B070BD727D6B7D9A420FD8B0681EF004FC67
S21401E6C06FF0DB036A6871689B1A0B4429691B1A91
S21401E6D08B42D4BFD0185018EAE730461EF049FCEA
S21401E6E00028EAD13668E0E7A8570020884270B5CE
S21401E6F005460E46144621D0164B1B690BB35B68C4
S21401E700B3FBF2F302FB03F085420CD8814215D22B
S21401E710B0FBF5F5B0FBF5F0B04228BF3046B0FBD4
S21401E720F4F060430AE0B5FBF0F3DBB200FB03F262
S21401E730954204D89642304628BF104670BD013334
S21401E740F3E71DF04DF8731BB0FBF3F202FB130069
S21401E7502844E1E7A857002010B50024094B1C7097
S21401E76003F096F803F0E2FD22462146204620F00B
S21401E77036F81CF0D9FFFCF7BFFB1DF003F9204665
S21401E78010BD00BFEE660020014B1878704700BF31
S21401E790EE660020437D0E4A1B01DBB282F81F3372
S21401E7A082F8203382F8223382F8213382F8233329
S21401E7B082F8243382F8253382F8263382F8283308
S21401E7C0037E23B9037D1B01DBB282F8223C70472E
S21401E7D000E100E0024B1B780BB90FF099B87047C7
S21401E7E0EE66002037B5054602F082FF044698B96A
S21401E7F02846FFF7CFFF2B8A0DF10601ADF804304E
S21401E8006B8A01A8ADF806301EF0D0FB0122034B3F
S21401E8101A70204603B030BD0224FAE7EE660020E7
S21401E820902238B50546164B00211C682D0202FBC6
S21401E830004420461CF0F3FA124B45F001051B6814
S21401E84004F10800DB7800216375E58221F055F8B4
S21401E8504FF00823E3641323A4F850304FF60773F0
S21401E860A4F85830FF23084A84F85A30074B20464C
S21401E870C4E91B32C4E91F32BDE838401FF000B8B6
S21401E880C05700205C58002055555500D6BE898ECD
S21401E89000220A4B18791B68D1B2884201D80020A1
S21401E8A07047996921B1196A01F06001602902D0A7
S21401E8B001329033F0E70120704700BFC0570020B7
S21401E8C0014B1879704700BFC0570020034B1B68E7
S21401E8D0C01A034B00115843C0B27047C0570020FE
S21401E8E0398EE3382DE9F0411E46836904460F460A
S21401E8F015468BB169B927F085FD05463946A06CEA
S21401E9001DF0EBF9204639461EF04BFF284627F04E
S21401E91074FD0020BDE8F0810029FAD0B0F850302F
S21401E920DA0675D5B4F85030DF077BD420461EF0E2
S21401E93057FF0028EED1B4F85030D9067ED4D4E97A
S21401E9400A12204600F07EFE012E11D040F27123FD
S21401E950B4F84C205A4390420AD9B4F84E205A4390
S21401E960904278D800F51C70B0FBF3F0A4F84C0088
S21401E9703A4BE26884F856602261B4F85020A361ED
S21401E98012F0100F4FF000030CBF4FF48C768C265C
S21401E99084F8573006F26316236A002D50D123F40B
S21401E9A0807343F4006323622D4B04F108081B684F
S21401E9B0DB78637527F026FD237D074643F00803C1
S21401E9C040463146237520F098FF0120FFF78AFC68
S21401E9D028B9237D5A075CBF43F002032375A1685B
S21401E9E04046C1F3C84141F0900120F08CFF25B1AB
S21401E9F0F9F7BAFD636A0344636220461EF091FA92
S21401EA00384627F0FAFC0121A06C1DF066F980E774
S21401EA10980787D5E06A24F0A7F9002882D141F249
S21401EA200C0077E7E36B002B80D101F0E5FAE06399
S21401EA3000287FF47BAF41F209006BE7094B98E7AA
S21401EA4040F27121B4F84E2043F48073C2EB0512F4
S21401EA504A436262A5E741F245005BE74BD70300F4
S21401EA605C580020D1F6010070B500249026094DAF
S21401EA702B79A34200DC70BD286806FB040090F8E1
S21401EA805930FF2B04D000231A461946FFF72AFFF8
S21401EA900134EDE7C057002038B50446002839D0C8
S21401EAA0083003F0BFFC0025FF2304F1280084F89A
S21401EAB05930A56124F0FEF804F12C0024F0FAF890
S21401EAC004F1300024F0F6F804F1340024F0F2F8F2
S21401EAD004F1400024F0EEF8104B1868104B201A91
S21401EAE000115843C0B21CF0FDFD014628461CF03B
S21401EAF0F2FDE06B10B101F0CBFAE563606C18B182
S21401EB001CF0B9FE00236364A06C1DF0FEF8002023
S21401EB10A06438BD41F24200FBE700BFC0570020A9
S21401EB20398EE338F0B5104B02461E6893F804C0E0
S21401EB3035464FF0FF3400239C4508DC91B1631C39
S21401EB4010D0902303FB046080F85920F0BD95F89F
S21401EB50597028469742F9D0FF2F08BF1C469035BA
S21401EB600133E9E70020F1E7C0570020014B986820
S21401EB70704700BFC057002070B500249026064D90
S21401EB802B79A34201DC002070BD286806FB040037
S21401EB90FFF782FF0134F3E7C057002038B50A4D6E
S21401EBA0FFF7EAFFAB6813B100221A60DA801DF0A6
S21401EBB037FA00242B79A34200DC38BD2046FFF744
S21401EBC02FFE0134F6E700BFC0570020F8B5054612
S21401EBD000249027074E3279E3B29A4201D80020EA
S21401EBE0F8BD3068297807FB03001EF0E2FB01340C
S21401EBF0F1E700BFC057002070B5314C0646A0684B
S21401EC0018B10EF0B7FC0023A360E06818B10EF04F
S21401EC10B1FC0023E360FFF7C1FF00201CF06AFD92
S21401EC206EB9002503202671256065830EF0EEFB84
S21401EC30AE4221DC20791CF05DFD28B970BD0220B2
S21401EC4024F060F9A06080B90025A06825712560D0
S21401EC5088BBE06818B10EF08DFC0023E36000204D
S21401EC601CF048FD41F20700E8E7022024F04AF9CB
S21401EC70E0600028D5D1E7E706EBC60109012B467F
S21401EC800122032089B20EF07DFB05460028DBD168
S21401EC9003200EF0E5FB20600028D5D090222946FF
S21401ECA072431CF0BCF82379AB42C3DD2846FFF75C
S21401ECB0B7FD0135F7E70EF05DFCA560C9E700BFBB
S21401ECC0C05700202DE9F04300268BB0DFF8E08026
S21401ECD008AF98F80430B34202DC0BB0BDE8F0830D
S21401ECE09023D8F8004003FB064494F85930FF2BD4
S21401ECF00DD0236A980306D504F14009484624F04E
S21401ED002BF8054628B9226A12F4A02F1DD1013628
S21401ED10DFE7AB7939460C332B44D8689A7A1B8ADD
S21401ED20C2F38012BB8000238DF81F2038601A467C
S21401ED300DF11F001CF0B5FA3B4628469DF81F2032
S21401ED4094F859101DF054F8D8E7B4F8503003F091
S21401ED501D031D2B17D13C23FF210020CDE90431D3
S21401ED60CDE902000121CDE9000004F16203C2F3FE
S21401ED70800221F07CF9A8B94FF080500BB0BDE8B5
S21401ED80F04302F07BBC12F4803F08BF3C214FF0F9
S21401ED90000218BF432194F8573094F859001DF02B
S21401EDA05BFBE8E7236A23F4A0232362AFE700BFF7
S21401EDB0C057002070B5002490260C4D2B79A34235
S21401EDC000DC70BD2B6806FB043393F85920FF2A3C
S21401EDD003D0986C18B11CF099FF0134EEE7586C1B
S21401EDE00028FAD01CF032FDF7E700BFC05700201C
S21401EDF070B505460C4CB0F85260237E216906F5C5
S21401EE00FA7606FB1311A06803F022F9217E6B68DF
S21401EE10002006FB01316A7D1FF004FEA068BDE8F4
S21401EE20704002F089BE00BFC057002038B50446C6
S21401EE30104B0D461B68627DD87AA9B19B781044A9
S21401EE40984200DCC3B22046A16A63751EF07EFBC1
S21401EE5020B1002194F8850020F0ADF8294620461F
S21401EE60BDE838401EF05BBDDB78121A9A42A8BF97
S21401EE70D3B2E8E75C5800202DE9F74F16468846DE
S21401EE809A460546FFF772FE04462846FFF71EFD22
S21401EE901CF028FC0190304698F8007023F064FFBF
S21401EEA0DFF838B10021BBF91430C61A384603F032
S21401EEB0B1F87B0748BF073026EAE6763318FF2B02
S21401EEC013DD47F01007C0F1FC061CF0CCFB252330
S21401EED0B0FBF3F101FB13010020C9B203F04AF9BC
S21401EEE04FF0100985F8850002E017F01009ECD103
S21401EEF0BAF1000F01D095F850A0002352463946CA
S21401EF0020461FF059FE294620461FF0C5FF294618
S21401EF1020461FF086FE204601991FF0ABFE2046D4
S21401EF2005F18C011FF0EBFEB9F1000F4AD095F800
S21401EF30842095F88510204603F042F8294620469D
S21401EF401FF0ECFE90B1DBF810306968E2791944E5
S21401EF50A379A86CD21A0C3353FA82F22244B0B3C6
S21401EF601CF0BCFE0146204623F07BFEB9F1000FE3
S21401EF7031D0B5F9881020461FF0D3FE20460199FE
S21401EF801FF0A4FE294620461FF0C8FE20B1A86C3B
S21401EF9010B121461CF0A4FE314620461FF0D5FED6
S21401EFA0B9F1000F08D0FF2195F884001FF009FF82
S21401EFB00146204603F04CF8304688F8007003B04E
S21401EFC0BDE8F08F95F8742095F87510B3E7686C76
S21401EFD01CF041FCC6E7B5F97810CCE7C057002015
S21401EFE02DE9F34704468DF807101646002190F8E0
S21401EFF08520984690F88430B0F954001FF0DCFF65
S21401F00004F17C05014628461CF0ECFB28461FF05F
S21401F010F2FC0022114610461CF075FB9DF80750C5
S21401F0206B0709D52046FFF751FC1CF05BFB00215E
S21401F030024604201CF067FBFFF798FD25F010053B
S21401F0408146324620469DF828300DF107018DF89D
S21401F0500750FFF711FFDFF858A00746AAF8160079
S21401F060B8F1000F17D19DF8075015F0100015D113
S21401F0700C4B6168A361DAF81030627D19441FF009
S21401F080D1FC3B4631464846BAF9142002F072FDDF
S21401F09002B0BDE8F0870220034BEAE74046034B87
S21401F0A0E7E700BF39D7030059D7030095F20100FF
S21401F0B0C057002073B5044690F861101EF07FFA21
S21401F0C0B4F8502094F86130910703F0EF0505D1AC
S21401F0D0960601D4C10701D503F0EE05606C48BB66
S21401F0E0A06C002831D1204645F00806FFF7EEFB5C
S21401F0F01CF0F8FA48B1C3799B0606D5636C23B9B0
S21401F100838845F00C06013383800022B4F8500052
S21401F110104B9A8210F0030318BF012381074FF0AA
S21401F120010158BFA26A204600913146FFF758FFF9
S21401F13002B070BD1CF095FB0028D1D0B4F8503059
S21401F1409A07D0D145F02005CDE71CF0C1FD002877
S21401F150F4D1C8E7C057002038B51D4904460B7ED8
S21401F1604A7E0133DBB2B3EB921F0B7603D3032344
S21401F17000200B7638BD5B001A4102F003022532EF
S21401F18080F87520B4F8505090F8743015F01001DE
S21401F190B0F9540016D11FF00FFF04F16C050146BB
S21401F1A028461CF01FFB28461FF025FC00221146AE
S21401F1B010461CF0A8FA94F8750000211FF0FBFE1B
S21401F1C00120D7E7024619460020F9F78DFDE4E74E
S21401F1D0C057002010B5037D044623F008030375CD
S21401F1E00C4B8361FFF7B8FF20B12046BDE8104005
S21401F1F0FFF7FEBD2046A16A1EF0A8F920B1204601
S21401F200BDE81040FFF756BF2046BDE8104001217B
S21401F210FFF70CBE4BD7030037B504461EF04DFB77
S21401F22028B12046A16A1EF0B3F984F86100174D93
S21401F23094F858001DF0BEFEB4F852306A7E03F50D
S21401F240FA7392095343204603F596732B61FFF731
S21401F25083FF0F4B94F86110A361237D204643F092
S21401F260010323751EF0ABF901238DF80700002278
S21401F27020460DF10701FFF7FFFD00222046AB688F
S21401F2801A6003B0BDE83040FFF7B2BDC05700209A
S21401F2904BD70300512837B50C4620D1124DFF211C
S21401F2A0AB8AEA8A94F884001344AB821FF089FD86
S21401F2B02B6994F8611003442B61B4F85030D4E9FB
S21401F2C00A0213F0020F4FF0000308BF0246009334
S21401F2D0204601F04801FFF783FE03B030BD03B0BE
S21401F2E0BDE830401EF0FEB9C057002000232DE9CE
S21401F2F0F04387B004464FF0FF3105A80593F9F7B0
S21401F30063FA059D002D4BD0AB790C331D442B7948
S21401F310D90742D5EB7A252B3FD86F4E94F850206B
S21401F320B168C2F300128B7905F10A0882F0010276
S21401F3300C33404602F0010219441FF0DDFA60BBAF
S21401F340236A95F80A9003F060071BF0B9FFC9F32A
S21401F350801980F001033A1E05F10C0118BF012245
S21401F3604846DBB21FF0DAFB0146D8B91BF0B1FF05
S21401F37098B987F06003AA7A02F00F02032A13D124
S21401F3809A060AD5B4F850104046C1F340011FF062
S21401F390CAFA032823D0052870D005A8F8F7A8FDD7
S21401F3A0012064E06023E6E7052AF6D19B09F4D044
S21401F3B004F16202B4F850100192226AC1F30013FC
S21401F3C0C2F3800283F0010300924046C1F380023B
S21401F3D003F0010301F001011FF0AEFAD9E7FFF7D0
S21401F3E0C5FB09230546617D00208DF81330F8F72B
S21401F3F049FE0123E26A0DF113012046FFF73CFDA9
S21401F400AA7903461544AA7BE16A22F0C002AA73D0
S21401F4100022F082B068B28202F0ACFB9DF8133095
S21401F4202E4A13F0100F2E4B18BF13460598A361F2
S21401F430F9F704FA059A93790C33D0180189C07943
S21401F440D5581FF05CFB6368C3F196032B44034455
S21401F4503361236ADB060DD5059904F1400023F0DC
S21401F4608EFC4FF4003120461EF052FA002007B001
S21401F470BDE8F08305A8F8F73BFDF7E7059F617D3A
S21401F480BB7900200C331F44F8F7FCFD154BB06820
S21401F490A361B97A07F10C038779256A07443F7B94
S21401F4A0C5F3400CC5F3C00215F4005518BF04F1AE
S21401F4B05B05C7F38017CDE901C5C1F3801100973D
S21401F4C01FF007FD0023B068036002F035FB0598C6
S21401F4D0A063F9F7B3F9C9E7C057002095F2010018
S21401F4E039D7030045D503002DE9F04304468F794B
S21401F4F08BB00C370DF10409CD1901220E460DF122
S21401F500030049461BF0E2FEE36B804603930023AB
S21401F510E363B4F85030E879C3F300138DF825306F
S21401F5202989F7591FF0EBFA204B07441B6805970A
S21401F5305B7905F118026375012306928DF8103088
S21401F54005F10C03B8F1000F25D09DF80330CDF876
S21401F5501C908DF820309DF8252094F859308DF8B0
S21401F56021300123E2B1AA7AC2F340128DF822209B
S21401F5708DF823306B7903A88DF8243000F0FAFD5E
S21401F580012120461EF00DF930460DF0F3FF012053
S21401F5900BB0BDE8F0830793AB7AC3F38013D8E7CB
S21401F5A08DF8223094F88430E2E700BF5C580020E2
S21401F5B0F7B504461CF057F8C0F30F23542B3CD97B
S21401F5C0A92B8CBF02230123C0B27E288CBF022246
S21401F5D0012203218DF804301344B3FBF1F000EB54
S21401F5E040001B1A8DF805301344B3FBF1F20021DD
S21401F5F002EB42029B1A8DF8063008460B460A4675
S21401F60001AE16F8015B44FA05F7FF0706D551006F
S21401F6108D4001212B430132DBB2D2B20130C0B2A0
S21401F6200328EED1002908BF0023054943EA8213C7
S21401F6304B76FF230B7603B0F0BD0023C4E700BF73
S21401F640C0570020F7B505466B461646174A0C46C6
S21401F6501068516803C395F8583008336B4413F8A3
S21401F660087CB5F85030DA0609D4334622463946C6
S21401F67028461DF0CEFF00F5FA7003B0F0BD204617
S21401F68023F072FBB5F8503000F10A049B074FEAED
S21401F690C40405D0304623F067FB04F50C7404441B
S21401F6A0E823781E584304FB0700E4E77CA1040026
S21401F6B0064B1B68D97ADA78437D5B1A9342A8BF5A
S21401F6C0DAB2002142751EF02AB900BF5C5800204C
S21401F6D02DE9F04F03280C4685B000F04D8107D880
S21401F6E0012820D0022800F0358105B0BDE8F08F52
S21401F6F0312800F036813228F7D1002303A803937E
S21401F700F8F752FE0028F0D103998B790B449B7DC4
S21401F71003F00F03032B00F04A81052BE5D12046A9
S21401F720FFF7E2FEE1E7B1F85020A64BD1071E68CD
S21401F730C2F340034FEA830348BF43F00803338113
S21401F7405707226A44BF43F010033381D50644BFEE
S21401F75043F020033381500744BF43F04003338115
S21401F760910644BF43F080033381570644BF43F4F8
S21401F770807333815D0701D4180702D543F4007303
S21401F78033814FF0000BD4F862308F4FB361B4F879
S21401F79066302046B3831EF090F81FF08FF8BB68E2
S21401F7A004F1620AA3F806B0A06A23F0DDFA062285
S21401F7B0BD6880462B7BA5F806B003F04F032B737C
S21401F7C0B4F850305FFA80F9103B6A730D2B31D8CC
S21401F7D0DFE803F0BD30B907300C30303030303060
S21401F7E0300C2B7B23F00F032B7323E001232A7BA2
S21401F7F0206A63F303022A730C2210F0080F6A735F
S21401F80005F114020DD001924FF0FF3251460092DD
S21401F810C0F380001A461BF04FFD2B7B43F080039C
S21401F820E2E7D4F862306B61BAF804309380236A59
S21401F8305907F2D4B4F850202B7B05F10E0162F380
S21401F84045132B7320461FF0FEFA2B7B697B60F372
S21401F850861302312B732846C9B223F002FAB4F894
S21401F860503003F01403142B05D0B9F1000F02D069
S21401F8706B7B43446B7300234A46A16AB86823F046
S21401F88017FCB8681FF01FF8338930615A072ED568
S21401F8904FF00009FB68A3F80690E06A23F064FACB
S21401F8A0FD68804608212846A5F8069023F0D9F978
S21401F8B00623297B6B7301F0400141F00401297393
S21401F8C0204605F10E011FF0BEFA2B7BE16A60F3BC
S21401F8D086132B7308F106036B735FFA88F24B46A7
S21401F8E0F86823F0E5FBF8681EF0EDFF706140F262
S21401F8F07121B4F84C30B4F84E2094F85800D21A5E
S21401F900E36803F59C53083301FB02332361FFF7D9
S21401F9104FFE7B7E33730023737394F87430F37257
S21401F9206368B4F978003360F9F70AFA2120237D79
S21401F9301B0742BF338943F00103338105B0BDE89D
S21401F940F04F01F07FBD2B7B62F303034CE70222ED
S21401F9502B7BF9E7FEF720FE84427FF4C6AE222019
S21401F960ECE70B7D23F008030B75164B1B689B7B9E
S21401F97043B1012B7FF4B9AE204605B0BDE8F04F88
S21401F980FFF796BE114B497D1A68D37A92780B44DD
S21401F9909342D8BFDAB2A3696275002B3FF4A5AED5
S21401F9A00121204605B0BDE8F04F1DF0B8BF04F1B7
S21401F9B0400023F0E4F94FF4003120461DF0A8FF83
S21401F9C093E600BFA0580020C05700205C580020D6
S21401F9D038B50446D0F8A400D0B194F8305123F0DD
S21401F9E088F981B2063128461FF089F883B240F2C1
S21401F9F071200849B4F87C20098C424341438A426D
S21401FA00B8BF0A4603F548709042B8BF104638BDE5
S21401FA100346ECE7DC57002030B5174B826A1B68BB
S21401FA20D206597926D5828F1C79836B1203B2FBD5
S21401FA30F3F2631AB2FBF3F2B0F8A03003B1013B64
S21401FA40D0F8A45005B15B101B02B3FBF2F35B18B0
S21401FA500CD090F899200F2A08D91209B3EB820F1F
S21401FA60B8BF00234FEA8201A8BF5B1A9C42A8BF19
S21401FA701C46E1B2417530BD5C58002010B5044605
S21401FA80FEF78AFDA0420AD1054B1B6893F8203089
S21401FA9080F83430BDE81040222001F0D3BC10BD00
S21401FAA0A05800202DE9F0411A4C06462368A3B958
S21401FAB02EB100254FF4A478EFB2B74211DB002037
S21401FAC0BDE8F0812068013507FB03001BF0F4FD5B
S21401FAD0A27BEBB29A42F5D8EAE700254FF4A47769
S21401FAE0F6E72068013508FB07001BF0E3FD002858
S21401FAF0E2D000254FF4A476EBB2BB4202D341F22A
S21401FB000700DDE7206806FB05001BF0D5FD013583
S21401FB10F2E700BFDC5700200A4B9A7B82420ED9DF
S21401FB204FF4A4721B6802FB0030836A5B0707D49C
S21401FB3090F8383113F0100F08BF002070470020EE
S21401FB40704700BFDC570020084A09491368C31AEA
S21401FB50D810002B01FB00F005DB937B8342D8BF56
S21401FB604FF0FF3070474FF0FF307047DC570020F2
S21401FB70199C8FC170B504460E4626F043FC054617
S21401FB8004F1300252E8003F334342E800310029D5
S21401FB90F8D12046FFF7D8FF01230B4A03FA00F0FD
S21401FBA002F11C0353E8003F034302F11C0444E83E
S21401FBB000310029F4D14FF480701EF02CFE284647
S21401FBC0BDE8704026F019BCDC57002070B505462C
S21401FBD00C46C2B9012620461DF031FFB5F840108B
S21401FBE0441C284620F02EFE14FB06F40028A4B27E
S21401FBF007DD844205DB84B2012C1CBF04F1FF340F
S21401FC00A4B2204670BD836ADE07E3D5C28F002A00
S21401FC10E0D0D906DED5DA05DCD4D0F8A430002B46
S21401FC20D8D10C4B1B6893F8213013F00C0FD1D1AF
S21401FC3003F01202122ACDD15B06CBD5FFF784FF63
S21401FC4080B21DF0FEFE0028C4D1EE8F0136B6B29A
S21401FC50C1E700BFA05800202DE9F04789466A4950
S21401FC600446CB8A63B9826812F4601F4FEAD24316
S21401FC7001BFC3F3C40303EB830302EB8302CA820F
S21401FC80B9F1000F02D120461DF01AFFB4F8A050BA
S21401FC90002D40F0AC80A36A082113F0100F0CBFB2
S21401FCA03E230823204684F87B3002F007FD2046D9
S21401FCB0FFF7B2FEFFF748FF86B2074630461DF053
S21401FCC0C8FE824630461DF0C2FE30B130461DF0F9
S21401FCD0B4FE002130461DF0B9FE236B580409D549
S21401FCE04FF4804104F130001DF06AFE00212046E9
S21401FCF0FFF740FFFFB24A4639462046B4F8408037
S21401FD00FFF764FFB4F84030A4F880001844A4F864
S21401FD1040005DB120461BF0B8FF20461BF0CEFC2C
S21401FD202046B4F8401020F042FC054630461DF04F
S21401FD3090FE504510D0A36AD9070DD44A463946DD
S21401FD402046A4F84080FFF741FFB4F84030A4F8FD
S21401FD5080001844A4F84000B4F84030434502D26D
S21401FD6030461DF072FE30461DF068FEB4F8803055
S21401FD70B4F8A02094F87410D21AA4F8A02094F82D
S21401FD80732003FB01222521B2FBF1F001FB1022B7
S21401FD9084F873206DB3A26AD20712D5A26B2046EF
S21401FDA0534340F2712204F14401534394F8422034
S21401FDB002F096FB606C85082046FFF709FE284492
S21401FDC0E06040F27125A16B2046013969431DF0C0
S21401FDD000FEA36BB4F8802020465A4363680121D5
S21401FDE005FB02336360BDE8F0471DF0B7B8012597
S21401FDF05DE720460221FFF7BDFE29462046BDE805
S21401FE00F0471DF09AB800BFDC57002008B501F096
S21401FE102BFDFB220F4B10F0020FDA7344F29022F7
S21401FE201A820CBF012203224107197B48BF42F008
S21401FE30040262F303011973197B62F307110322AB
S21401FE4019731A760421002219755A82DA61DA8248
S21401FE5008BD00BFDC5700202DE9F843564C054687
S21401FE60A06818B10DF086FB0023A360EEB2304601
S21401FE701FF0EBF98046002841D130461DF0F4FD15
S21401FE8000283CD1FFF70EFE074602200DF0BEFA11
S21401FE9075B105EB850105EBC101C9004346012299
S21401FEA0022089B20DF06EFA074638B141F2070713
S21401FEB00023C4E90033A373EFB120E002204FF41E
S21401FEC0A479A6730DF0CCFA394609FB05F2206039
S21401FED01AF0A5FF2368681EF9B2814209FB01F2F8
S21401FEE007F101072DDB0021284699506360FFF7D3
S21401FEF0D9FD0028DAD130461DF09BFD30B3002530
S21401FF0000201FF0A2F900201DF0AEFD0020FFF733
S21401FF10C9FD02200DF07AFA2846C4E90055A573FA
S21401FF201DF087FD28461BF0AEFE28461DF07EFD1F
S21401FF3028461BF0DDFB02200DF068FA4FF007089B
S21401FF4037E002F5A47119449950C5E730461BF015
S21401FF509AFE0028D3D128461BF0CAFB0028CED132
S21401FF6030461DF063FD0028C9D130461DF074FDF2
S21401FF7006460028C3D1002D1BDD022022F0C2FF59
S21401FF800221A060C68022F06CFEA068314683790B
S21401FF90C279D21A0C33D2B218441AF040FF0121AA
S21401FFA0A3689A7913441A7B61F301021A73FFF767
S21401FFB02DFF4046BDE8F883DC570020014B987BB7
S21401FFC0704700BFDC57002030B50A4B4FF4A475CC
S21401FFD01A689C7B002318462832D9B28C4200D876
S21401FFE030BD05FB03F151580133C1F340110844FC
S21401FFF0C0B2F2E7DC570020F8B526F003FA234D2D
S21402000006466C685CB123684FF4A4720021204651
S214020010E7696B601AF003FF2023E761A3623046AC
S21402002026F0EBF984B30123237584F83031A3F16B
S2140200300113E367EB7BAA8984F842312B8A0021FD
S214020040A4F84031072384F889304FF4A473A4F847
S2140200508A3003F1A473C4F88C3003F1CE5303F54F
S2140200609813C4F8903041F61B33A4F894301B233F
S21402007004F10800A4F8442184F896301FF03DFCF1
S2140200801021204602F01AFB2046F8BDDC5700205D
S21402009070B504461DF093FD04F1080002F0C2F9A3
S2140200A026F0B0F94FF4A472054600212046E66910
S2140200B01AF0B5FE064BE66153F8042F2AB9284615
S2140200C01C60BDE8704026F098B91B681A68F5E710
S2140200D0DC5700202DE9F04106464FF480400F46DB
S2140200E001F0F4FA044630B90E4B1D6893F80E8000
S2140200F07535A04502D80020BDE8F08155F84D3C84
S2140201005A0709D5C3F34003BB4205D10622294646
S21402011030461AF05BFE18B1013405F5A475E8E71F
S2140201200B20E9E7DC57002010B5044610B9084B4F
S214020130198410BDA0F87C10A0F87E20FFF748FCBA
S2140201402169E0602046BDE810401DF042BC00BFB9
S214020150DC570020014BD87319827047DC57002009
S214020160014BD87B704700BFDC5700200048704721
S214020170E85700202DE9F04FD0E9029590F91810C3
S21402018087B0027D0291417E019204680779036975
S214020190427D90F816A090F81780002940F0FD8066
S2140201A0A8F10301012994BF032602260393B5F89A
S2140201B008B084F89F202A4652F8101BBAF10000B5
S2140201C018BF0120C4F8281104F1480101F08EFF7F
S2140201D0204620F020FA20461DF048FC1EF0F1FED4
S2140201E04146024620461FF03FF8C8220DF116018E
S2140201F02046ADF816201DF031FC43F6FF7104F5DB
S21402020094701BF0EFFAAA88039BA4F82C21AA7913
S21402021084F82E211A68C4F875209B88A4F87930D1
S214020220019B1BB1A36A43F00203A362BAF1000F5B
S21402023003D0A36A43F40073A3624FF4607001F024
S21402024045FAC0F3C01AC3054FEA8A1A48BF4AF0F5
S214020250800A810548BF4AF4807A26F0D3F8A36A5A
S21402026043F00403A362E36A43EA0A03E36226F066
S214020270C4F894F8343043F0100384F83430BB1ECC
S214020280012B00F28C80A36A43F48043A36201210F
S2140202902046FFF76FFC0421204602F00FFA6B7D22
S2140202A02046C3F3040384F874306A8907F0FD0716
S2140202B05200A263697B2A7B42EA0122E287E97B3B
S2140202C0AA7B42EA0122A2876A7D84F87330C2F3CF
S2140202D0421284F8422000220523A4F8402001227C
S2140202E0A4F8A030A4F8802002991DF0C4FB01F007
S2140202F0B5FA20F40060C4E908012046FFF78CFB3B
S214020300414BB3F816A0BAF1000F05D1002F40F208
S214020310C71A18BF4FF4D77A2046FFF715FCC0B2AB
S2140203203A4B000240F00300E082C4F80490A36156
S214020330002F3AD12046FFF74BFBB8F1010FE060E1
S21402034005D04146204684F830811DF0D9FC04F1E0
S2140203500806304651461FF0D0FA0120FDF7C2FFCC
S21402036028B9237D5A075CBF43F002032375A168B0
S2140203703046C1F3C84141F088011FF0C4FA40F28A
S21402038071216B892046013B59431DF022FB204612
S2140203901CF0C7FD07B0BDE8F08F012606E7012F67
S2140203A07FF475AF40F2014172E740F271277600A2
S2140203B006EB4B067E4309EB06036360A36A04F171
S2140203C0440943F00103A36294F83430494643F0EB
S2140203D00103204684F8343020F097F83346494625
S2140203E0204694F8422002F07BF8EB7901225B006B
S2140203F0494620467B4320F08EF8636C20469E08D2
S214020400FFF7E6FA304498E7DC5700202509020099
S21402041010B4C46A14F0080F11D144F0080423F48F
S2140204201053C46223F01003064C1B0414401B0C2A
S214020430C0E9084340215DF8044BFFF79BBB5DF81B
S214020440044B70472FCF87F700232DE9F341ADF811
S21402045004304B799DF804209E074EBF032303F019
S2140204600103013363F30102054608468DF80420B2
S2140204700C461BF024F9064616F01F0318BF01238C
S2140204809DF8042018BF4FF0030863F34512EB6A89
S21402049008BF4FF0020898058DF8042004D52146BF
S2140204A02846019A1EF047FE204622F05DFC0746CB
S2140204B04146204622F02CFCA3798DF80570BDF843
S2140204C004100C33E152E2189DF80430990648BF36
S2140204D09670637943F00103637125F093FF21461A
S2140204E0074605F1A40022F04AFC95F8463101338E
S2140204F085F84631AB6ADA070ED52846FFF724FBA5
S21402050080B21DF098FA30B34388B5F880209A423C
S21402051002D928461DF099FDFEF73EF8854214D111
S2140205200E4B20461E681EF0CEF92C36014630468B
S2140205301EF0BAF8AB6ADB0707D430461EF0ADF8F9
S214020540022802D8232000F07DFF384602B0BDE81C
S214020550F04125F052BF0123D7E700BFA058002084
S2140205602DE9F04F85B004460191084661B34B79F8
S2140205709A071AD422F0F8FB019A60B9537901A8B7
S214020580DB0742BFA36A43F40063A36222F092FB36
S21402059005B0BDE8F08FA36A1F0506D523F40063F5
S2140205A0A362537943F001035371019E25F02AFF9B
S2140205B0737931469E0705461ED504F1AC0022F03B
S2140205C0EDFB284625F019FFDFF89C9125F01AFF6F
S2140205D0A36A80465D0614D5D4F8AC3043B19A7946
S2140205E013441B7B3A2B03D829FA03F3D80711D4FA
S2140205F0404625F002FFCBE704F1A80022F0BFFB3D
S214020600DFE794F94631022BF2DCD4E92A6376B9A5
S214020610002BEDD004F1AC0022F056FB0546404616
S21402062025F0EBFE29462046FFF70EFFCEE7002B0D
S214020630F0D194F89670039304F1A80B96F807A0ED
S214020640B379AAEB030A5FFA8AFABA4527DC584658
S21402065022F082FB0546A7EB0A076B79294623F0B0
S21402066008036B7103A822F08AFBD4F8A86036B19F
S2140206707379DA0703D49B0701D4002FDED1039BDC
S214020680002BB5D09B79022B46D8002022F03AFCEC
S214020690039980BB04F1A80022F080FBA8E70020A3
S2140206A022F030FC054630B9039904F1A80022F086
S2140206B075FB03959CE78079B1790C300C313A468C
S2140206C03144FFB228441AF0C7FB3946284622F0C6
S2140206D0C8FAB37972791F44B7716B79D1074CBFE8
S2140206E043F0010303F0FE036B717379002723F0D6
S2140206F001037371B1E74A794379D5074CBF43F0DA
S214020700010303F0FE0343714B7923F001034B719F
S214020710014603A822F03DFBE36A9A0513D5039827
S214020720034600680028FBD1DB79C3F14503DBB240
S214020730032B08D822F0E6FB014608B90399A9E77D
S21402074003A822F01CFBD4F8A83013B15B79DB07B0
S21402075004D5039A537943F008035371404625F0B3
S2140207604CFE03995FE700BF7C2C020000232DE9B4
S214020770F0411B4E06F11C0252E8007F42E80034AC
S214020780002CF7D14FF001088FB934B306F11C03E1
S21402079053E8003F234306F11C0141E80032002AD9
S2140207A0F4D1BDE8F0414FF4807000F067BF97FACD
S2140207B0A7F080B1B0FA80F308FA03F5184627EAE4
S2140207C00507FFF7A9F90028DED01DF079FC0028FE
S2140207D0DAD12C43D8E72023EEE7BDE8F08100BF4C
S2140207E0DC5700202DE9F74F04460190002867D019
S2140207F04FF00009C5794E460C35054425F002FE39
S2140208004F46DFF8C080009098F80E205FFA89FA0B
S21402081052451AD94FF4A47303FB0AFBD8F800100A
S2140208205944886A430748D5B1F89810C1F30B01BA
S214020830002942D0E179C1F14501C9B2032916D88F
S214020840022022F05FFB044648B900230098A8F86D
S214020850123025F0D2FD304603B0BDE8F08F0027F7
S214020860014601A822F08BFAE5790C3525440123CE
S214020870002039B203EB810305F821A0E854D8F82A
S214020880003005EB810C5B44B3F8983001378CF8E6
S2140208900230032303EB8103E854D8F80030042126
S2140208A05B44B3F89820013660F30B02A3F8982055
S2140208B0204622F0D6F9FFB2F6B209F10109A3E703
S2140208C00646C8E7DC570020F7B5684601F002FC8A
S2140208D000254FF4A477124EB37BAB4201DC03B083
S2140208E0F0BD346807FB0544A36A03F00503042B36
S2140208F013D10522694604F149001AF067FA60B17D
S2140209000121204620F047F838B9012022F0FAFAF1
S214020910014610B1204602F085FA0135DCE700BF39
S214020920DC5700202DE9F04F31280C4685B000F048
S21402093091810AD8022800F0E280032800F0E580C0
S214020940012847D005B0BDE8F08F322800F0ED80D0
S2140209503328F7D101F1A40022F0B6F994F8463113
S2140209600390013B84F8463143799D0722D4180749
S21402097020D5B4F8983004205A1C62F30B03A4F86E
S214020980983000F0A3FEA8B12046FFF7DDF880B24B
S2140209901DF051F8002800F055814188AA4A937C40
S2140209A00B44DBB29374127D9A4203D84FF08060F8
S2140209B01DF031FF03A822F07DF9D4F8A8301BB948
S2140209C0D4F8AC30002BBDD04FF480512046FFF750
S2140209D0D1F8B7E791F89930084623F0F00381F88A
S2140209E099301DF012F884F8310120461EF094FC6E
S2140209F0B4F93401F8F7A4F9944B20461D68FFF7C2
S214020A00A3F885F8240094F834304FF4003085F8C3
S214020A102030002385F8213085F8233063686B6028
S214020A20A36ADA0742BF636C9B08AB6000F04EFE17
S214020A30002859D0FDF734FED4F82831E8602B613F
S214020A4094F83131804E6B76D4F82C3105F12C07B0
S214020A506B6194F830312B76637D85F8223094F8FA
S214020A60953085F82530E26A02F4C062B2F5C06FAE
S214020A7004BF043385F825301DF020FF38461DF0EC
S214020A8009FEB0681DF01FFF0023A8620393D4F886
S214020A90A40003A922F0BFFB48BB212000F0D2FC31
S214020AA0D4F8A83013B9D4F8AC3023B14FF480513F
S214020AB02046FFF75FF8042000F008FE00283FF407
S214020AC041AFB37C002B3FF43DAFF37C327E013363
S214020AD0DBB29A42F3743FF635AF4FF0806005B052
S214020AE0BDE8F04F1DF097BEFDF7E4FBA4E70398C0
S214020AF01DF0E9FE014638461DF0D6FDC7E708465A
S214020B0005B0BDE8F04FFEF7B9BF91F89930C3F3D0
S214020B100312013262F3071381F89930002120464E
S214020B2005B0BDE8F04FFFF797B8002603A8039676
S214020B30F7F73AFC2046FFF707F8C0B21AF0CCFDEA
S214020B4005462046FFF700F8039B29460193B4F8B2
S214020B50403082B20093022033461AF0B3FD039966
S214020B608B7903F10C050D44AA7A0A3312F0200F92
S214020B7014BF0322022213448B71E36A5B050FD56E
S214020B80AB7AEA7A204643EA02221EF0EDFA38B938
S214020B9003A822F08FF83D2120461DF089FCD1E6FD
S214020BA0A26AAB7A1706039903F0030312D5032B46
S214020BB0EED18B790B441A7B3A2AE9D8244BD340E0
S214020BC0DE07E5D54B79204643F002034B7101F070
S214020BD043FEB7E6032B4A79F4D022F002034B71A8
S214020BE0084695F8068095F9059095F80AB022F021
S214020BF0BBF806210646039822F08AF82046FEF73E
S214020C00A3FF039D0BF0030B95F806A0C0F3032386
S214020C100AF10C0A05EB0A0743EA0B13FB702B4694
S214020C20F6B2B870BE8005F80A9087F801805A7945
S214020C3022F002025A711B68002BF8D128461BF0DC
S214020C4012F97FE60121A9E6DC570020A058002011
S214020C507C2C0200344B8E8F1D68360195F82030AE
S214020C6081F834308B6BE08FB6FBF3F6B1F8A01048
S214020C70B3B21B1A994295F821204CDCD1064CBF20
S214020C800021022194F831011EF095F995F82130E1
S214020C90DB071BD5A36ADF0706D52B6820466360F1
S214020CA004F144011FF031FC95F82130D80602D435
S214020CB0A36AD90606D4A4F8A060204695F92710A0
S214020CC01CF0D9FEA36A43F01003A36295F8202015
S214020CD0E36A92064CBF43F0010323F00103E3628A
S214020CE095F821309B0606D52046FEF72DFF0121FA
S214020CF080B21CF0ABFE95F82130204603F01203BA
S214020D00122B0ED11CF0DDFE95F8261020461CF0A4
S214020D10D6FE012103E79207B8D5032194F83101E4
S214020D20B2E71CF0CDFEEFE7A0580020F8B500248D
S214020D304FF4A4770E4DAB7BA34203DCBDE8F8402C
S214020D40FFF764B807FB04F6296831448B6A5B0731
S214020D500BD501201FF039FD2968002031441FF011
S214020D6034FD28683044FFF793F90134E3E700BF07
S214020D70DC570020012838BF0120012938BF012195
S214020D80014B187519767047DC570020F0B587B00E
S214020D901D4604460E9FFFF7C7F940F2E242BDF831
S214020DA0301002FB05F05143FDF7A0FC1A4B3860E9
S214020DB0DE8A40F28A23002E08BF1E46F7F7D4FBCF
S214020DC03B68019000EB4302CDE90223E368054647
S214020DD001A8CDE904361AF06AFC9DF8043053B92E
S214020DE01AF041FC4FF4FA63B0FBF3F202FB130075
S214020DF015FA80F002900299E36861603A68E06949
S214020E001AF05BFC6168E069FDF786FA62680D9B82
S214020E101A6007B0F0BD00BFDC57002010B525F001
S214020E20F1FA0021044607481CF087F8F7F79CFB06
S214020E30044B586018461CF074F82046BDE8104073
S214020E4025F0DBBA0058002038B51D4C012808BF33
S214020E50A3844FF0000363754FF0040394F8285000
S214020E60E382184B0CBF45F0300545F05005164896
S214020E7084F826104FF47A710CBF84F8285084F850
S214020E802850C4E9033384F827201EF036FD0120DB
S214020E90FDF728FA28B9237D5A075CBF43F0020300
S214020EA02375A1680848C1F3C84141F0F0011EF05D
S214020EB02AFD064BA361237D43F00903237538BD43
S214020EC00058002000CA9A3B08580020D10E0200A3
S214020ED00328F8B50CD004D801280DD0022852D029
S214020EE0F8BD3128FCD12D4B1B685B7D012BF7D159
S214020EF0BDE8F840FFF792BF294F284E7B7D356844
S214020F002B75FB8C6B8200232B8297F82830990670
S214020F1034D5A8751DF0D2FC386A1DF0D4FC3468AE
S214020F20E860E0681DF0CBFC4178A07C1DF0E5FB94
S214020F3004461AF0DBFB38B1C3799A0642BF8379BE
S214020F4003F01F0304EBC30440F2712304F2693476
S214020F5094FBF3F45C43B7F92400AC60F7F7E6FEC3
S214020F60F7F7EEFE34687B682360FDF7A3F960604E
S214020F70212000F067FA1AF0CAFBB1E70220A87532
S214020F801AF0D6FBEEE7064B93F82830DB06A7D519
S214020F90BDE8F840222000F055BA00BFA058002055
S214020FA000580020044B41F20C0093F8283013F04E
S214020FB0100F08BF00207047005800202DE9F04FA0
S214020FC089B00E4617469DF848509DF84CB09DF8DD
S214020FD05090029003931AF089FB044630B995B3F9
S214020FE041F21104204609B0BDE8F08F002D14BF6F
S214020FF001220022C37962F34513C37123D05946F6
S21402100028461AF07BFB0028EAD1A9F10203402BFE
S214021010E6D8A37905F01F0848EA8B1803F02003E8
S21402102048EA030849462046159A84F806801AF0CC
S21402103050FB10B140F48054D4E71AF045FB10B1CF
S21402104040F48054CEE71AF051FB054640B390F8C0
S214021050079019F0200925D14FF0020B012021F04C
S21402106051FF404C2062002879D0837907F00F02A6
S2140210700C33C118C2544E70B9F1000F05D0C25CD1
S21402108042F02002C254AB798B70594621F0E9FD3A
S214021090072F2FD8DFE807F0261A0B6020231D172C
S2140210A08146D9E74FF001094FF0030BD6E73246E7
S2140210B0AA21206A1DF08DFAE0B141F207042A48FF
S2140210C021F0F8FD8EE732465521F2E73246F0214E
S2140210D0EFE732460F21ECE73246FF21E9E73246D8
S2140210E00021E6E74FF000094FF0FF3B236A019329
S2140210F04E450AD80120DDE90221BDF95830FFF736
S214021100A3FE0024FFF78AFE6CE7BA4600240DF120
S21402111010080BF48875284621F00BFD00F001003C
S21402112040EA4B0B280AC0010134630740EA5A0A18
S21402113008BF08F801AB08AB9845EAD1102201981F
S2140211400DEB020122F013F880B21028B5D109F196
S21402115010091FFA89F9CBE741F21104AFE741F211
S21402116007043FE70058002020580020F8B51C4B23
S2140211701E689EB31B4D95F8284014F010042BD021
S214021180222000F05FF925F03DF995F82830074651
S2140211909B06348A06D54FF4803000F097FA002872
S2140211A008BF002400260F48314685F828601BF049
S2140211B0C4FE0D4821F07EFD2E621AF095FA054611
S2140211C01AF094FA014628461AF085FA074801F002
S2140211D029F9384625F011F92046F8BD3446FBE7D2
S2140211E0A058002000580020205800200858002050
S2140211F0034B93F828300BB1FFF7B8BF704700BF18
S214021200005800200138C0B203289ABF014B185C70
S21402121000207047B3A10400431E012B05D9022902
S21402122002D8024B585C704700207047B0A10400F9
S214021230431E042B054A07D8052808BF03200621AB
S214021240431E01FB0320704710467047DCA10400D2
S214021250014B53F820007047B8A1040010B560B1E6
S2140212600022074CD3B2013354F8231013468142AE
S21402127002F10102F6D2D8B210BD0120FCE700BF8F
S214021280B8A10400024BDB6993F87F00704700BFE9
S21402129048280020024BDB6983F87F00704700BFB6
S2140212A04828002070B51646028B04468A420D4630
S2140212B01DD2438B23B90EB1D5B23570206970BDED
S2140212C00C4B2169184619F0C7FD0346208B61694D
S2140212D02D1A1844638B9D42A8BF1D46EAB219F028
S2140212E0BBFD16B1238B1D443570024870BD002E1F
S2140212F0E3D1E3E7EF6600200022024BC3E90022B7
S214021300704700BF5058002010B52422002106481E
S21402131019F085FD0623044C2384044BE36100F098
S214021320DFFB9430206010BD2C58002091E80300AB
S21402133010B5044625F059F80022044B5C60044BB5
S214021340BDE81040DA6125F04BB800BF50580020C7
S2140213502C580020024B03EB80035960704700BFF5
S2140213602C580020034B03EB80035868003818BF44
S214021370012070472C58002010B5044625F035F899
S2140213800022044BDC61044BBDE810405A6025F095
S21402139027B800BF2C5800205058002070B5C6B29F
S2140213A0212E0446144D10D1F6F79AFE230CC4F3F0
S2140213B0074405EB84042B846368EB61EB69CBB1CD
S2140213C030462968BDE870401847222EF6D125F02F
S2140213D019F8EB69044633B10020FFF7CDFFFF236F
S2140213E02B84F7F77BF800F0AFFA2046BDE8704092
S2140213F025F003B870BD00BF2C58002038B5104B3E
S21402140004461A7812B100221A7038BDC5B2FDF72A
S214021410C3F868B1C38AB3EB144F0BD1312D02D196
S21402142001201AF0FCF92846BDE83840FDF78CB8D2
S214021430FF23F0E72846BDE838401DF008BA00BF93
S2140214405058002038B5A0F121030E2B044612D8BE
S214021450FDF7A2F868B3C58AFF2D2AD0212C02D147
S21402146000201AF0DCF9222C44EA054025D1BDE81A
S21402147038401DF0FFB9A0F131031E2B0ED8134BD6
S214021480188C44EA004000F0FDFA312C11D10020FD
S214021490FFF772FFBDE838401AF04CB9A0F111030D
S2140214A00E2B06D8132C40F4C02003D009D9142CD6
S2140214B003D038BD0122064B1A70BDE8384000F052
S2140214C0C5BABDE8384000F0DDBA00BF2C5800208F
S2140214D0505800200B4A10B5D36904461BB1116858
S2140214E0BDE810401847084B5B6813B1BDE81040D2
S2140214F01847FDF751F8014618B183690BB120462B
S214021500EEE710BD2C5800205058002008B500F019
S214021510E7FA034B1A6802609B88838008BD00BF07
S2140215203267002037B5054600F0DAFA044600F0C6
S214021530DFF90D4B002808BF1C462DB12B6823602F
S214021540AB88A38003B030BD1AF0F0F80322CDE9D1
S21402155000010DF105010DEB020019F047FC0098A1
S214021560BDF804302060ECE732670020024B1869B1
S21402157008B1E3F783BB7047682800200D4B37B5E8
S2140215801C6804B10C340C4B68461D6800232B60A3
S21402159000F0AAFA009B20466B60F6F741FDFFF7C3
S2140215A0B5FF044821F086FB0122044B83F8202075
S2140215B003B030BD58580020A058002068280020EC
S2140215C0002310B52C4A02F1100151E8001F02F167
S2140215D0100C4CE80034002CF5D140EA0104A002BD
S2140215E001D5FCF7F3FE210101D5F6F751FFE20320
S2140215F001D500F0DFF9002C01DAF9F7E3FC63000D
S21402160001D5FAF735FFE00001D5FDF75BFB610176
S21402161001D51CF0EBFEA20107D51DF0CBFCFFF7AF
S21402162053F91AF06AFB1AF028F9E30101D51AF009
S2140216303FFB600201D5FDF7BDFB210201D51AF082
S21402164045F8E20201D51CF0F3F9A30501D501F035
S214021650A7F8E00501D5FFF789F8610503D5F7F786
S214021660DFFEF7F715FF220501D51BF0A3F8A3034B
S21402167001D51AF058FA10BD68280020064A02F171
S214021680100353E8003F034302F1100C4CE800310C
S2140216900029F4D1704700BF68280020044A52E8A7
S2140216A0003F034342E800310029F8D1704700BFEB
S2140216B068280020C043044A52E8003F034042E83C
S2140216C000310029F8D1704768280020014B1B68BA
S2140216D0184070476828002010B5044BD3E906422C
S2140216E004430A43C3E9064210BD00BF682800202F
S2140216F038B50546FCF7EEFD00212822334819F0DE
S2140217008EFB4CF20C000021FFF7E6FFCDB1AB6872
S2140217102E4A00201360E98A4FF6FF72FEF704FD98
S214021720022021F0EFFB2A4B186000284BD02B46F4
S2140217300C3005F11C0253F8041B934240F8041BBC
S214021740F9D1224A234B101D9360002313730BF02A
S21402175045FF00F0FBFD2846F6F794FF044668BBFB
S214021760F6F784FB20B14FF480700021FFF7B4FF38
S214021770F6F782FB20B14FF400600021FFF7ACFFC2
S2140217802DB1B5F90E10B5F90C00F7F7F1FA1DF008
S21402179024FC0020FFF7C6FE00F07CFBFAF726FCCE
S2140217A0044658B9F9F7C8FBFFF7A6FD00F0EAF8B9
S2140217B030B900F0EDF804461DF080F8204638BD3A
S2140217C0FFF7DCFEF8E70124F8E700BF68280020F0
S2140217D0585800206D15020010B5054BD3E9064295
S2140217E024EA000422EA0102C3E9064210BD00BF51
S2140217F06828002070B505460E46FEF7E5FB04464F
S21402180028BB154B2F2DD3E9062313D113F4804F93
S2140218101FD00120A5F12003C5F1200200FA03F330
S21402182020FA02F243EA0201A8406EB1FFF754FF23
S214021830204670BD262D02D113F0200FE8E7202D9A
S21402184007D112F0405FE3E7FFF7C6FFF0E70C248C
S214021850EEE71124ECE700BF68280020014BD3E92D
S2140218600601704768280020054B9B69DA054CBFC5
S214021870032001201B0548BF40F00400704700BF4C
S21402188068280020014B1860704700BF5C58002093
S21402189010B524F0B7FD04460220FCF755FEF6F715
S2140218A069FEFCF717FD204624F0A7FDF9F760FB5A
S2140218B0FAF73AFCFDF772F91AF02DFAFFF736FA44
S2140218C01DF077FB00F076FB1CF082FFFFF790FC22
S2140218D019F0FEFC1AF028F9BDE810400022024B6F
S2140218E002481A6121F0E6B96828002058580020FC
S2140218F0014B93F820007047682800202022034BF3
S214021900C3E900229A6000221A76704784580020A3
S21402191010B50024094B1C2221460948C3E900449D
S21402192019F07DFAFFF7EAFF3023054AC2E90333CE
S214021930536154760122034B1A7010BD6058002082
S21402194084580020E37D002008B524F05BFDFFF7F5
S214021950D5FF3023084A0949D36013615361CB602F
S2140219600B614B610023537601224B76044B1A70AF
S214021970BDE8084024F041BD685800208458002085
S214021980E37D0020014B1878704700BF38670020BF
S21402199010B5044C23781BB91CF06EFF012323708C
S2140219A0002010BD38670020014B1868704700BF42
S2140219B0605800202DE9F04124F024FDDFF88880ED
S2140219C0074698F8003043B94FF480301CF023FFE6
S2140219D03846BDE8F04124F010BD184E184C354686
S2140219E00FCD0FC495E8070084E80700FFF786FFCF
S2140219F03023C6E90333736100233846737688F8CA
S214021A000030032524F0F9FC0E4E103CE068302826
S214021A1004D07368C6E90030FFF7F0FC54F8040BF4
S214021A20202801D0FFF7BAFC013D15F0FF05EDD1E5
S214021A30012388F80030BDE8F08100BF84580020FA
S214021A406858002060580020E37D002038B50C4C12
S214021A500546237E022B12D854F82330202B0ED1B3
S214021A6024F0D0FC237E44F823500133237624F05E
S214021A70C4FCBDE838404FF480301CF0CCBE38BD04
S214021A808458002038B50D4C0546637E022B14D8C8
S214021A9004EB8303DB68302B0FD124F0B3FC637EA8
S214021AA004EB83020133D560637624F0A6FCBDE81E
S214021AB038404FF480301CF0AEBE38BD845800204B
S214021AC04FF482720021014819F0A9B9A4580020E7
S214021AD0014B024A1A607047A0580020385900206D
S214021AE000487047A4580020024A02604FF4007271
S214021AF042607047A8590020014B186E80B27047AA
S214021B0000C001B80B4BD86800F07060B0F1106FDF
S214021B100ED008D8B0F1E06F18BFB0F1006F0CBF5E
S214021B2001200020704700F1744358425841704724
S214021B3001207047000002B838B5044680790C4D83
S214021B400C30204419F0E1FD0123A179E279521A02
S214021B500C3121442869D2B220F000FA246804B974
S214021B6038BDA179E2790023521A0C31F1E700BFA1
S214021B70482800202DE9F041054680790C460C30B5
S214021B80284416461F4619F0C0FDA979EA79DFF8FF
S214021B905C80521A0C310123D8F81000D2B22944C4
S214021BA020F0DCF944B1E379A2799B1ADBB2B342A6
S214021BB004D30CB1002F04DCBDE8F0812468F61AC9
S214021BC0F0E7A179E57900236D1AEDB2AD1BBD42AF
S214021BD0A8BF3D460C3131442144D8F81000AAB2C1
S214021BE020F0BCF9002624687F1BE2E74828002084
S214021BF02DE9F04F89B0074691469A46ADF8141083
S214021C0021F0B2F8051E46DD24F0FCFB9DF814B068
S214021C1003900BF023030493002F3FD03C464FF073
S214021C200008254EA079E27900F10C01121A5FFA3B
S214021C3082FB214406EB08005A4619F00DF9246887
S214021C40D844002CEED1049B1C480093C0F80890A0
S214021C500DF11C0953462A461749CDF80490A246B0
S214021C6024F026FD3C46A379E57903F10C00ED1A33
S214021C70EDB206EB0A0120442A4619F0EDF8246874
S214021C80AA44002CEFD1039824F0B7FB042249465D
S214021C90384621F06CFA09B0BDE8F08F0748009389
S214021CA0C0F808900DF11C0953462A460249CDF8A1
S214021CB0049024F0FDFCE6E7A85B0020447D0020AB
S214021CC02DE9F04784B0904699460390ADF8081087
S214021CD021F04AF8071F002F25DD039D002D40D076
S214021CE04FF0000A204EAB79EC7903F10C01E41AAE
S214021CF0E4B2294406EB0A00224619F0ADF82D6834
S214021D00A244002DEFD11948F119C0F808800191BC
S214021D109DF808104B4601F0230100913A461249FD
S214021D2024F0BAFC18B1002004B0BDE8F087039D89
S214021D307DB10746AB79EC7903F10C00E41AE4B204
S214021D40F1192844224619F087F82D682744002DF9
S214021D50F0D103A8042121F052F8012004B0BDE816
S214021D60F087014ECFE700BFA85B0020447D00202D
S214021D7030B514460D460246064883B001958021CA
S214021D8083602346009424F09FFCB0FA80F040095A
S214021D9003B030BD447D0020002370B50D46D168E7
S214021DA08AB009BA0291C17890F800C061F30703BD
S214021DB0817802AE61F30F23417806AC61F31743D4
S214021DC06CF31F630993936851681BBA0393836885
S214021DD009BA1BBA0793136842681BBA05930F4BDE
S214021DE012BA9E60C36804911BBA089206932346F1
S214021DF0802201200949009424F069FC0028F6D1CB
S214021E00DDE90810DDE9063200BA09BA12BA1BBAD1
S214021E1028606960AA60EB600AB070BD447D00204D
S214021E202DE9F84FDFF868808246D8F800B00F46F2
S214021E301646BBF1000F28D0002498F804904C45B3
S214021E4007D1347098F80400A04214BF0120022083
S214021E5017E004EB09056910C1EBC1015944887902
S214021E60C5F3470500F00100381A03D10622504692
S214021E7018F0ACFF002806DB02D06C1CE4B2DEE7EA
S214021E803570BDE8F88FA946D9E70320F9E700BF09
S214021E90B85C00200022024B1A711AF03CB800BF50
S214021EA0B85C0020F8B5054624F0ACFA104C85F371
S214021EB0070563790646AB4205D10024304624F076
S214021EC09CFA2046F8BD002720686571277110B17C
S214021ED021F0BFF927606379002BEED0C5EBC50071
S214021EE00BF0B6FC20600028E7D160710724E5E716
S214021EF0B85C0020014B5879704700BFB85C0020E0
S214021F00F7B5061E0D4618BF0126284631460DF1C6
S214021F100702FFF785FF00B3032821D0114C227970
S214021F20637993421CD99DF8071020684B1CC3EBBB
S214021F30C303DF1F521AC2EBC202C119184418F0BB
S214021F4055FF29682368D951DA19AB88938023682C
S214021F503B449E71237901332371012003B0F0BD07
S214021F600020FBE7B85C00200B4637B5011E18BF01
S214021F70012118460DF10702FFF752FF10B10020AB
S214021F8003B030BD0A4C9DF807302279C3EBC3007C
S214021F902568D21AC11D013AC2EBC202294428445E
S214021FA018F024FF23790120013B2371E8E700BFE4
S214021FB0B85C00200022014B1A717047B85C002002
S214021FC07FB50E461021054614461CF0E8FDE8B122
S214021FD00F4B01A918681B7902908DF80C3000236C
S214021FE0ADF8043066F305038DF8043004F11003EF
S214021FF00DEB03044FF0000314F8082C284662F396
S214022000471303228DF8063020F037FE04B070BD69
S214022010FEA10400034637B50C4C6A462068A58824
S2140220200090A079ADF804508DF8060013B9481C4C
S21402203003B030BD0220D90748BF117802F1010271
S21402204048BF40185B08F6D1F2E700BFAD7F040038
S21402205038B583790C460C33C518C35C03F00F03FE
S214022060072B25D1AB789A0622D0E878C3061FD56F
S214022070012100F00F00FFF7CDFF0E4B02359C4208
S21402208095BF1E234FF496730021012194BFB4FB23
S214022090F3F4B4FBF3F42B5C2A1861F3C7132B5446
S2140220A09378547023F01F03C4F3042423439370DD
S2140220B038BD00BFC3BF03004840704700EB0010A6
S2140220C0084480B2704700BF90FAA0F000BA80B20F
S2140220D0704700BF044BD3F8012002605B7903F01F
S2140220E01F030371704700BF39670020204BF0B50D
S2140220F0002914BF0C461C460025064617461368E0
S2140221008BB0C4F80130137925706371EAB21146B8
S21402211038461CF043FF38B1237803F1280169449E
S214022120013301F8282C23700135252DEED12278B3
S2140221302EB16946A01D18F08FFE0BB0F0BD002A26
S214022140FBD00534F5B2294638461CF027FF40B9C5
S214022150B5FBF2F302FB13550AAB53FA85F515F8F5
S214022160285C0136252E04F8015FEBD1E5E700BFB7
S21402217039670020034B002818BF03460B449879A2
S214022180704700BF3967002070B50E4682EA1242D9
S21402219094B2214603463046FFF78EFFFFF794FFC0
S2140221A0FFF78CFFFFF790FFFFF788FFFFF78CFF24
S2140221B0FFF784FF174D002B14BF1E462E4605461A
S2140221C0FFF77AFF0246144B701CA3FB0213D11AC8
S2140221D003EB51035B0903EBC30103EB8103D21A42
S2140221E0D2B211461CF0DAFE40B933786C40A4B283
S2140221F004FB03F306EB1346B07970BD731D2A3653
S21402220001E09E4204D013F8010F8242F9D1F4E7AE
S214022210104670BD396700204D91CFBA70B504469E
S21402222024F0F0F80B4E0546306818B121F011F88C
S214022230002333602CB12220604321F008F830B12D
S21402224030600024284624F0D8F8204670BD1A24B0
S214022250F8E700BFC05C002008B5FDF775FC431C1C
S2140222601BBF2222034B00201B6818BF02FB003054
S21402227008BD00BFC05C00202DE9F0410F4616469F
S2140222801BF03DFC002239464FFA80F804461748F8
S2140222901CF082FF05460122394614481CF07CFFDA
S2140222A0454501DB804512DA054405EBD575C4EBDE
S2140222B0650040B20E4A92F90030834209DAC01A2B
S2140222C000EBD07003EB600358B2BDE8F08100204B
S2140222D0F0E792F901308342F7DDB2F90230B342F9
S2140222E0DCBF00EBD07040F34700EEE764670020E7
S2140222F03C63002010B50446FDF766FE48B920464A
S2140223001CF06FFF38B92368044A13606368536091
S21402231010BD0C20FCE71220FAE700BF646700201D
S214022320014B1878704700BF6D67002038B500254E
S214022330044C054B20681D7010B120F08AFF256002
S21402234038BD00BFC05C00206D670020104B1A78B5
S21402235042F0F0021A701A7C42F0F0021A7493F8F5
S214022360202042F0F00283F8202093F8302042F03A
S214022370F00283F8302093F8402042F0F00283F80F
S214022380402093F8502042F0F00283F85020704725
S214022390C45C00204288F8B502F00702072A054608
S2140223A01E4F2AD124F02EF8002211017B5C07EB87
S2140223B0021C1B090F2B0AD00132062AF5D1184A35
S2140223C013880133138024F018F81920F8BD2B68FF
S2140223D01446ACF8023011237B5496B224F00DF862
S2140223E0F6F7C2F807EB0413D8602B68002023F434
S2140223F0E02343EA06432B60E8E71301F95C144640
S214022400C1F30312013202F00F02052A28BF00228E
S21402241062F307112646F954E2E700BFC45C0020C7
S2140224204063002038B54488054604F00704072CAC
S2140224300FD023F0E7FF074A2401135D43F0F003B1
S21402244013552B6843F4E0232B60BDE8384023F095
S214022450D4BF38BDC45C00202DE9F047B0F8028036
S214022460074608F00708B8F1070F894632D01A4D1A
S2140224704FEA08142E5DF6F777F805EB081ADAF835
S2140224800C30360906EBC806C01A05EB4606708005
S2140224902B5D03F00F02042A9EBF013262F3030390
S2140224A02B55B9F1030F12D1295D0234281901F018
S2140224B00F011EF089FD044623F0A4FF3A68074B7D
S2140224C0134023433B60BDE8F04723F096BF4FF628
S2140224D0FF74F1E7BDE8F087C45C00200000FF7FD0
S2140224E02DE9F0411D4690460E460746FEF7CAFE07
S2140224F0FEF7AEFE04464046FEF7AAFE194B04441B
S2140225009D4225D9184B9D4215D9184B013D93FB88
S214022510F4F3002BB8BF03339A1005EBA305B5FB03
S214022520F2F379683268A1EB930102EB4302796019
S2140225303260BDE8F0810E4B0E4AA3FB05535B09E1
S21402254004FB03F303F6C313A2FB0323DB0AE8E749
S21402255004FB05F3084A03F574338F33A2FB032307
S2140225601B0CDEE74C6210001366660640420F0044
S2140225701F85EB515917B7D183DE1B43034601462D
S214022580002230B501F03F003F2844D000283FD05B
S21402259001321B2A4FEA5101F4D1002201241146CE
S2140225A02748584004FA01F5054201F1010118BF17
S2140225B0013220292DD0022AF4D1DAB2C3F3072140
S2140225C091422AD000211C46084604F00305013D2C
S2140225D0012D00F1010098BF01311F284FEA540473
S2140225E023D1182917DC052000219B0E03F00304D3
S2140225F0013C012C98BF013101384FEA5303F5D153
S214022600012905DD1346ABB90228D4BF00200120FC
S21402261030BD022AD1D00020FAE7C3F30741914227
S214022620D0D1B2EB136FCDD1F5E71028CDD10B295F
S214022630CBDDF0E703F0010210445B08E3E700BFDE
S214022640D6BE898E3A289ABF014B185CFF20704787
S21402265003A20400024B1A6818600260704700BFAB
S214022660285D00200022024B1A601A71704700BFD4
S214022670285D002070B5064615460C4623F0C2FEBD
S214022680337B23EA050344EA030131730A4C1DB97E
S21402269023791943217106E0002319462268237123
S2140226A02AB9002BF6D1BDE8704023F0A6BE137BF4
S2140226B0126819430123F3E7285D002070B50E4B1C
S2140226C006461B7901EA0304994313D194B123F019
S2140226D099FE054630461BF00FFA30B103781C43CC
S2140226E004704FF400701CF096F82846BDE870405F
S2140226F023F083BE70BD00BF285D00202DE9F047A1
S21402270007461BF0F9F9044600283DD045784DB936
S21402271023F078FE237825706370204B1B68636075
S21402272023F06BFE4FF00108DFF87090667836B93A
S21402273023784BB34FF400701CF06DF824E096FA41
S214022740A6F5B5FA85F508FA05F55FFA85FA63681F
S21402275033B9D9F8003026EA050565706360E5E707
S2140227609A68A2B11B7B3AEA030310D1BAF1000FB2
S2140227700DD051463846904748B102280BD0012862
S21402278005D163681B6863600120BDE8F087636853
S2140227901B686360DBE70020F7E700BF285D0020C8
S2140227A070B500250E4EFDF709FCA84200D870BD94
S2140227B03068FDF7B1F940B1FFF7A0FF28B94FF432
S2140227C00070BDE87040FEF759BF3468FDF7F6FBAF
S2140227D00134B4FBF0F303FB104401353460E2E746
S2140227E0245D0020F8B506460C4617461D461BF02B
S2140227F078F910F0080003D0022130461BF00CFED8
S2140228004FF0290C134BC5F12001A5F12002EB4035
S2140228100CFA01F10B432CFA02F21343DB0700D445
S21402282070B1112120461DF017FF20461DF005FF4E
S2140228304570877021463046BDE8F8401DF0F2BE6E
S2140228400D2120461DF008FF20461DF0F6FE4770BB
S214022850F0E700BF000040842DE9F34105460C4630
S21402286000911BF038F9030705D5684620F022FAD6
S21402287002B0BDE8F081009F97F8068008F10C08C8
S21402288017F80800FFF7DEFEFF2806460ED10021E5
S214022890009B01A81A681960019220F00BFA2846DC
S2140228A017F8082000991DF0E9FEE1E7384620F007
S2140228B05BFA0138B042EAD10B4B1E684EB921468C
S2140228C02846A37923441A7B02B0BDE8F0411DF0E6
S2140228D0D5BE73680BB93668F0E721462846984796
S2140228E00028F8D0C4E700BF285D002037B50446AC
S2140228F00D460821FFF7E2FE204608211BF0EDF800
S214022900294620461BF032F9214601201DF05DFFC4
S214022910214600201DF059FF012000232146034ACC
S21402292000901DF0E3FE03B030BD00BF9D0504001D
S21402293037B504461EF0C6F8032120461BF019F9E7
S2140229400025034621460120034A00951DF0CEFECF
S214022950284603B030BD00BFAB0904002DE9F74F8F
S21402296080460F461BF0BDF810F4801450D10220AA
S21402297020F0C8FA064600284CD0BB7921460C3314
S2140229803B44B3F80490B3F806B0B3F808A01DF0C1
S21402299063FE30461DF051FE0221054640461BF0FE
S2140229A0E8F8A5F804906881A5F806B0A5F808A08E
S2140229B018F059FE09F10109B0FBF9F303FB1900FF
S2140229C0022368806B70B3793146BB71FB71F27972
S2140229D03846D21AD2B2234620F06AFB414601207C
S2140229E01BF070F81022C7606B89414601200092E6
S2140229F0094A1DF07BFE4FF4803140461BF073F807
S214022A00404631461DF00EFE204603B0BDE8F08F6C
S214022A102320FAE70720F8E7010B04002DE9F3412B
S214022A2004460D46014601201BF04CF801210746DC
S214022A3028461DF011FE28461DF0FFFD064600F151
S214022A4001084046FFF746FBD6F801300221C7F8D8
S214022A50123073792046BB751BF08BF82946074661
S214022A60F08020461DF0DEFD202321460093012043
S214022A703B46034A1DF03AFE002002B0BDE8F08154
S214022A80910A04007FB504460D461BF024F8C207DF
S214022A903BD520461BF025F8430715D500232046D4
S214022AA01A460DF10F011BF081FA9DF80F30062B26
S214022AB00AD828460AF05EFD012200232046FDF7CA
S214022AC0A7FC002004B070BD0E2128461DF0C4FDF0
S214022AD028461DF0B2FD0646FEF7C0FEC6F80510F3
S214022AE0FEF7BCFE2946C6F8010020461DF09AFDF8
S214022AF0032120461BF03DF80022034600922146A1
S214022B000120034A1DF0F2FDDBE70821DDE700BFE6
S214022B10AF09040008B5074A074908481DF035FF03
S214022B200648FFF797FDBDE8084000220421034847
S214022B30FFF7A0BDB10B0400A52C0200305D0020FB
S214022B402DE9F04191F806800F4686B008F10C0890
S214022B500391044601EB0806014601201AF0B2FF73
S214022B6017F808300546023B0F2B00F29280DFE88A
S214022B7003F00890909090679071909031609090DA
S214022B80905123F03FFC7178054620461AF0EEFF7E
S214022B90082120461AF0A1FF214601201DF015FE4D
S214022BA0214600201DF011FE0123009300233A4A1D
S214022BB0184621461DF09AFD08212046FFF77EFDA5
S214022BC003A820F077F8284623F017FC012006B069
S214022BD0BDE8F081B3882046728871781BF0D1F97F
S214022BE020461AF07EFF830708D4204603991DF07C
S214022BF069FF01212046FFF761FDE7E7AA68274B38
S214022C009A4203D1214601201DF0AFFD03A820F011
S214022C1051F8EEE7836843B103AA0492B27803211F
S214022C208DF8142004AA2046984703A820F042F8FC
S214022C30CCE78368002BF8D003AA04927278EEE7FA
S214022C408368002BF1D00022059203AA0492042185
S214022C5004AAE8E7039D21460120AE791AF032FF66
S214022C600F4B82689A4203D028460AF083FCADE7EF
S214022C70AB19D3F80D202046D3F81130FDF7C8FB68
S214022C8028460AF077FC214601201DF06EFD02213F
S214022C90B0E700209BE700BFB90A0400AB090400B6
S214022CA0AF090400F7B50D4604461AF014FFAB79D7
S214022CB00C33EF5CEE18C3076DD5012F48D0082FF2
S214022CC041D0002F5AD1718920461DF0FDFCB188F3
S214022CD0727809290B4638BF0923013B9BB29A42F8
S214022CE009D873888B428CBF00230123002A08BFB1
S214022CF0002300EA03072046FCF726FF80B21AF0FC
S214022D009AFE70B14088B188F388328900900846EE
S214022D101DF01AFC38B928460AF02CFC012003B034
S214022D20F0BD0120EFE7002FF5D0214600201AF073
S214022D30C9FE1022C560738900921A4A21460020F5
S214022D401DF0D4FCEAE7294620461DF053FEE5E7CF
S214022D502046F1881DF0B8FC0746701C1CF04BF9A3
S214022D600028D8D0002FD6D0214600201AF0AAFE7E
S214022D702022C560F38800920B4ADFE729462046E8
S214022D8019F04FFF0028C9D12946204603B0BDE8F6
S214022D90F040FFF7D5BE0E2FD5D02946204619F0B3
S214022DA02FFFEFE7010B0400490A040038B504467A
S214022DB00D461AF096FE42070FD420461AF091FEF0
S214022DC083070AD4204602211AF08DFE29462046A1
S214022DD0BDE83840034A1DF06DBD28460AF0CAFB1E
S214022DE0002038BD3129020038B504460D461AF0D7
S214022DF072FE00F0050004280CD120461AF071FE7F
S214022E0010F4C02F06D129462046BDE83840044AB1
S214022E101DF050BD28460AF0ADFB0C2038BD00BFA1
S214022E205D290200014A1DF045BD00BF1D2A0200B1
S214022E3070B505460C46014601201AF043FE0646CA
S214022E4028461AF04EFE010704D520460AF092FBE9
S214022E50002070BD33685A05F7D428461AF03BFEA8
S214022E60C30708D521462846FFF7A0FF18B920F069
S214022E7049F8044670B156E8003F43F4806346E8DA
S214022E800032002AF7D121462846BDE87040024AA1
S214022E901DF010BD0720DCE7852A020073B5044644
S214022EA00E461AF018FE00F00C0004284FF002003E
S214022EB035D120F027F8054698B34379022143F02E
S214022EC0020343711DF0C8FB28461DF0B6FB2946D7
S214022ED0467020461DF0A6FB162120461AF046FE36
S214022EE0082120461AF0F9FD214601201DF06DFC4E
S214022EF0214600201DF069FC20461DF010FD012130
S214022F0020461AF036FE034601202146064A009065
S214022F101DF0ECFB20460821FFF7D0FB002002B094
S214022F2070BD0720FBE700BFD90904002DE9F04376
S214022F3087B004460E461AF0D4FD00F4C060B0F521
S214022F40C06F06D102201FF0DDFF054610B907202C
S214022F5053E00025214601201AF0B4FD814696F87A
S214022F60068000F1120208F10C08B04408F10F03C3
S214022F7008F11F0153F8040B8B4242F8040BF9D1F7
S214022F80032130461DF068FB30461DF056FB0A2230
S214022F90074608F10501013017F028FF0C210DEB5A
S214022FA00100F9F737F803AB03CBC7F80B00C7F8F5
S214022FB00F10059B07F10B02C7F8133005B30A2161
S214022FC028461DF049FB28461DF037FB29462046B9
S214022FD01DF028FB40212046C9F80C601AF07DFD42
S214022FE0032120461AF0C5FD00250346214601208E
S214022FF00B4A00951DF07AFB284607B0BDE8F08321
S214023000204607F1130301211CF00EF82046314634
S2140230101DF008FB2046C9F80C501CF021F8DFE72B
S2140230201B0C0400F0B50D4689B004461AF053FD99
S214023030AB7910F0010003F10C0305EB0302EB5C25
S21402304000F09E80033B082B00F23181DFE813F08C
S21402305009002F012F0182002F012F012F015C0092
S2140230607C00D2F80100D2F8051003ABB2F8097062
S21402307003C302F1130301210B3220461BF0D4FFD7
S214023080042128461DF0E8FA28461DF0D6FA064620
S2140230900C2105A8F8F7BEFF05AB03CB3346C6F8EE
S2140230A00100C6F80510079A002143F8092F2046AA
S2140230B0721C1BF0B9FF214600201AF003FD0346DE
S2140230C003AA478303CAC3F81200C3F816102046A1
S2140230D00821FCF74FFD802120461AF0FEFC204610
S2140230E01BF0BEFF294620461DF09CFA032120460F
S2140230F01AF03FFD0346002021466E4A00901DF05E
S214023100F5FA012009B0F0BD0B2128461DF0A4FAFD
S21402311028461DF092FA294620461DF083FA23F02F
S21402312071F90546C02120461AF0D7FC4FF48051AB
S21402313020461AF0D8FC284623F05FF94FF4806147
S21402314020461AF0D4FCDCE728460AF013FA4FF4BD
S2140231500071F5E7062128461DF07EFA28461DF086
S2140231606CFA20461AF066FF294620461DF05AFAE7
S21402317020461BF09AFF214600201DF0F6FAC0E713
S214023180043B072BBED801A252F823F0AD31020051
S214023190D13102003332020005310200053102004D
S2140231A00531020005310200493202002046802124
S2140231B01AF093FCAA7920460C322A4402F109033B
S2140231C0002101321BF030FF28460AF0D3F998E7B7
S2140231D04FF48060FEF77AFAB0B100274FF4006130
S2140231E020461AF080FC2046CDE90577FCF7ACFCB9
S2140231F0064620461AF06DFC39460346009505AA97
S214023200B0B21DF01EF87CE7214601201AF05AFCE7
S21402321000F1120120461BF05DFF062128461DF034
S2140232201BFA28461DF009FA294620461DF0FAF92F
S21402323067E728460AF09EF9214601201DF0C5FAE6
S21402324020461BF032FF5CE723F0DCF806468021BE
S21402325020461AF042FC4FF4805120461AF043FCF6
S214023260304623F0CAF84FF4C06120461AF03FFCFD
S214023270294620461DF0D6F9214601201AF022FCE6
S214023280C268054682B1937901210C331A4402F1D1
S214023290130320460B321BF0C7FE20461BF0E0FE4F
S2140232A02046E9681DF0BEF90023EB6029E70020FE
S2140232B028E700BF1B0C040008B507490022074890
S2140232C01DF063FB0548FFF7C5F9BDE8084001207D
S2140232D00021FEF701BA00BF25300200405D002043
S2140232E038B505460C461AF0F6FB00F00500042831
S2140232F006D121462846BDE83840044A1DF0DABA0F
S21402330020460AF037F90C2038BD00BF2D2F0200E8
S21402331038B50C468B7905460C331944E35C142BFE
S21402332003D0152B0FD0002038BD01311DF04BFD08
S2140233301521284622461DF090FD214628461DF0FE
S21402334071F90120F0E7014601201AF0BBFB0B4B96
S21402335082689A4203D020460AF00CF9F1E7A17976
S214023360284621440D311DF02EFD20460AF002F9B2
S214023370294601201DF0F9F9E3E700BFAF0E04006D
S21402338037B504460D460A4614211DF066FD294649
S21402339020461DF047F9032120461AF0EAFB3022A8
S2140233A00346009221460120024A1DF09FF90020A2
S2140233B003B030BDAF0E040008B5094A09490A48F1
S2140233C01DF0E3FA0848FFF745F9022106480022F5
S2140233D0FFF750F9BDE8084020200021FEF77CB92F
S2140233E0B30E040011330200505D002073B51E4672
S2140233F0ADF800208DF80230009B044601A8019328
S2140234000D4611461DF0C9FC9DF80630B34203D1A5
S214023410BDF804308B4205D028460AF0ABF81220DD
S21402342002B070BD20461AF069FC9DF80230827A1E
S2140234309A4209D18288BDF800309A4204D12846C1
S2140234400AF098F80020EBE7694620461BF059F888
S21402345029462046014A1DF02DFAE1E78133020093
S21402346037B504461DF0DEF8032120461AF081FB2C
S2140234700025034621460120034A00951DF036F931
S214023480284603B030BD00BF0D0F04002DE9F047FB
S214023490884621210446174699461AF0BDFF88B38E
S2140234A020461AF01EFB10F4103F2ED102201FF009
S2140234B029FD054658B34FF00A0A23211DF0CCF821
S2140234C028461DF0BAF8012397FBFAF708F1FF32F7
S2140234D093404370064687704846F5F763FC90FBB8
S2140234E0FAF04FF48041F07020461AF0FCFA41469A
S2140234F020461BF0C0FF29462046BDE8F047054A95
S2140235001DF0D8B91120BDE8F0872320FBE707207D
S214023510F9E700BF6134020001481EF0B5BA00BFE9
S214023520690345EC02464FF6FF71002010B5094BC1
S2140235301B6813B902B1117010BD93F8FE412CB18D
S21402354093F8FF418C423CBF21461846D3F8F83127
S214023550EFE700BF645D002038B5074D04462868D3
S21402356018B1002240231EF090F820462C60BDE8D9
S214023570384000F057BF00BF685D00202DE9F041DB
S2140235800646DFF8CC8022F030FFD8F80040B4427E
S2140235900BBF0024012525462B4B18BF1D7022F0B9
S2140235A01FFF5DB1A4B93046FFF7D6FF304603F0E1
S2140235B0BDFF0022802330461EF067F822F015FF7A
S2140235C015B10022204B1A70BDE8F04122F008BF68
S2140235D0032006F0D5FB94F8552268BB032A18BFD1
S2140235E0052A0CBF01270027132A98BF174B20462F
S2140235F09EBFD34003F001031F4303F0B9FE00232E
S2140236000022C8F80030204640231EF03EF894F808
S2140236105532032B12D0052B14D0002FC3D094F8AA
S214023620551206224908090141F00201204601F01E
S214023630F2011EF03EF8B6E70027D5E7022384F82B
S2140236405532EAE70423FAE76E670020800A08008C
S214023650685D002030B50D46CC6989B004281AD8BA
S214023660DFE810F005000500FE00E5000D0120462B
S214023670FFF784FF284603A91EF0CBF994F85522DB
S21402368058B15108090141F005010622204601F011
S214023690F5011EF00EF809B030BD2B7DC3F3C00352
S2140236A083F00103DBB2142A00F2C180DFE802F0E5
S2140236B0D1BF81BF0BBF2EBF39BF46BF53BF6ABF44
S2140236C09ABFA7BFB100039A8DF81430049294F8FB
S2140236D0133220468DF815300523D4F8082284F8D4
S2140236E05532B4F8FC1104AB1EF0C6FE002800F0FA
S2140236F09E8094F8551202464908090141F00401D9
S214023700204601F0F4011DF0D4FF90E00723204686
S214023710D4F80822B4F8FC1184F855321EF0A2FE42
S214023720E4E70923204684F85532D4F80822D4F870
S2140237300032B4F8FC1102F073FAD7E70B232046E6
S21402374084F85532D4F80822D4F80032B4F8FC11C2
S2140237501EF0A0FECAE7039A8DF81430049294F87D
S214023760133220468DF815300D2384F85532D4F8DE
S2140237700432B4F8FC11D4F80822009304AB02F029
S214023780C5FDB3E7039A8DF81430049294F8133209
S21402379020468DF815300F2384F85532D4F80432BB
S2140237A0B4F8FC11D4F80822009304AB1EF0F6FE1F
S2140237B09CE7039A8DF814300492D4F80C2294F8FD
S2140237C012320692B4F810228DF81E300323ADF89A
S2140237D01C202046B4F8FC1184F8553204AA1EF0C8
S2140237E095FA83E71123204684F8553294F854223A
S2140237F0D4F80832B4F8FC111EF09FFA76E71323C9
S21402380084F8553220462A69B4F8FC1101F098FE75
S2140238106CE71F4B01215B6800209847152384F84C
S214023820553294F8603143F0040384F8603194F81A
S214023830FE31002B3FF42FAF164B1B68A3427FF4DA
S2140238402AAF2046B4F8FC1109B0BDE830401EF09D
S2140238504ABA40F6E8022821002001F0ADF9E6E770
S2140238600622204694F855124908090141F0030140
S21402387001F0F30109B0BDE830401DF01ABF002187
S2140238800846034B5B6809B0BDE83040184700BFE6
S214023890987D0020685D002070B500F0FD05012DC2
S2140238A018D10020FFF73EFE044670B1FFF766FE11
S2140238B02046B4F8FC111EF016FA58B929462846D6
S2140238C0054B5B68BDE870401847034B01465B68D2
S2140238D02846F7E770BD00BF987D002073B5064600
S2140238E00DF107000D46FFF71DFE30B90121104805
S2140238F01EF07DF8002002B070BD0D4C204600F090
S21402390001FD9DF8071050B1237E8B4202D020465F
S21402391000F0C2FC002EEDD101232B70EAE7204610
S214023920217600F069FC0EB901232B700120E2E734
S214023930587D00202DE9F04F9146002287B00446BC
S2140239400D469B468DF8172022F04FFD2946074666
S214023950204600F0D3FD064638B1384622F040FD38
S2140239602126304607B0BDE8F08F04F50B784046B6
S21402397000F0C8FC0190BBF1000F44D09BF800A0F9
S214023980DBF80410DBF80820D4F84032A4F8FC5127
S21402399023F00803C4F84032B9F1000F58D099F862
S2140239A00430D9F800509BBBD4F84032C4F83052E9
S2140239B043F00803C4F840322944C4F83412484697
S2140239C029461DF044FF022384F844A284F85532A7
S2140239D0D9F80830C4F83C02C4F80C3299F80C3016
S2140239E0404684F8103299F80D3084F8113299F86E
S2140239F00E3084F81232019B3BB31DF0E2FF002822
S214023A00ABD105462EE0324631464FF0FF0ABBE701
S214023A10039202911EF0C1FF41F2873302990544D8
S214023A209942039AC4F83052C6D899F80C304BB96A
S214023A306FF04041D9F80830A3F59C53083B5B1B56
S214023A408B428AD241F28831B6E700F0D5FBD6E740
S214023A500125484684F8FE5184F8FFA10DF11701AE
S214023A60FFF73CFF384622F0BBFC9DF8173013B137
S214023A70044800F02DFC002D3FF473AF404600F0E2
S214023A8027FC6EE7587D00202DE9F843904607464E
S214023A9000286BD005686B1C68D1002966D00846E2
S214023AA000F04EFC044618B90E252846BDE8F883F9
S214023AB022F09BFCD4F8483206461BB1304622F070
S214023AC08FFCF1E72A4B1B78002BF7D104F5057023
S214023AD001F04CF90028F1D1264B274AC4F84C32A3
S214023AE0264B1268D3F8009084F85502A4F8FC011D
S214023AF0C4F8080284F8FF51C4F83822C4F8400219
S214023B00C4F84842C4F85052B9F1000F02D1204618
S214023B10FFF722FD02F054FB20461DF0BFFF0546CC
S214023B2060B1B9F1000F02D14846FFF715FD2046F5
S214023B301DF0ACFF304622F053FCB6E7104B1A6875
S214023B401C60C4F8F8213C60B9F1000F08D100F0FF
S214023B500DFB00F01FFB0022802320461DF095FD82
S214023B60B8F1000FE6D02046C047E3E721259CE7E0
S214023B706E670020553602007C7D0020685D0020BE
S214023B80645D0020044B1B681BB9044B1878C0B256
S214023B9070470120704700BF685D00206E670020F6
S214023BA038B5044622F021FC084B05461B68A342A2
S214023BB007D103F051FE0446284622F011FC2046A7
S214023BC038BD94F8FE410134E4B2F5E7685D0020A2
S214023BD0062A2DE9F04704468A461546994633D802
S214023BE022F003FC04F50B770646384600F08AFB03
S214023BF01023A4F8FCA184F8553284F85452804667
S214023C001EF0CBFE114B00F59C52C4F83C3200234A
S214023C100832C4F83002C4F83422384684F84432F3
S214023C20C4F80892B8F1000F0BD01DF0CAFE30B9E6
S214023C300024304622F0D4FB2046BDE8F08721243B
S214023C40F7E700F0D9FAF2E72124F5E78096980024
S214023C5000232DE9F74304468DF80730884691463F
S214023C6022F0C3FB94F855320646112B05D12046A6
S214023C701DF02EFE072384F854324FF47F430025AE
S214023C80A4F8FE3184F8555200F096FA01200DF1A0
S214023C900701FFF723FE124B07461B68A3421AD101
S214023CA00122494640461DF028FF0546012104F53B
S214023CB00B701DF09CFE00F08DFA17B19DF80730D0
S214023CC013B1084800F004FB304622F089FB284670
S214023CD003B0BDE8F083204601F004FCE6E700BF2F
S214023CE0685D0020587D002070B506460C4622F01E
S214023CF07CFB094B05461B68B34204D022F070FBDE
S214023D00064C204670BD2146184602F0B7FB044614
S214023D10284622F065FBF4E7685D002000FEFFFF00
S214023D20F8B505460C4622F060FB95F8603106466B
S214023D305A06A7781CD4012F05D00024304622F05C
S214023D404FFB2046F8BD204602F082FD04460028BE
S214023D50F4D195F86031384643F0400385F8603177
S214023D6002F086FD0A4A0446136801331360E5E74B
S214023D70012FE2D023F0400385F86031044B186827
S214023D80013818600028D8D102F072FD0446D5E743
S214023D90605D00202DE9F34704460F46904622F068
S214023DA037FBA0B1384B1B68A3422DD100264FF437
S214023DB0881120461EF05FF842463946204604F037
S214023DC0E1FC054696B120461DF0AAFD0EE020F065
S214023DD061FD0028E6D122F008FB2C4B06461B7834
S214023DE003F0FF0533B122F0FBFA0225284602B0A3
S214023DF0BDE8F0870DF10700FFF794FB9DF807304A
S214023E0023B9304622F0ECFA0E25EFE704F50B7ADA
S214023E10504600F077FA94F86031814665F38203E3
S214023E2084F86031142384F855321EF0B6FD00F58E
S214023E309C530833C4F83432154BC4F83002C4F825
S214023E403C3284F84452B9F1000F1BD1504600F0C0
S214023E50D3F90546304622F0C3FA002DD4D194F8A1
S214023E606031C3F380065B07A1D41EF096FDD4F83A
S214023E703032C01AD4F83C329842F0D320461DF0B5
S214023E804FFDC1E70125E5E7685D00206E6700206B
S214023E9080841E0070B56FF040450F4B00F132046F
S214023EA05B680BB9012015E0586910F0040001D0D8
S214023EB01B68F6E78B42FBD01E7E0A7E9642F7D23E
S214023EC0CA680E6922443244DE6832449E68921BF7
S214023ED0AA42EDD270BD00BF6C5D00202DE9F04F06
S214023EE0844C85B0236813F00C0F236805D043F08A
S214023EF00203236005B0BDE8F08F43F0040213F01E
S214023F000103226025D06FF040481EF001F9D4F874
S214023F10089066682368B9F1000F14BF4D4635460F
S214023F20074623F00203294623604FF0000A1DF0DD
S214023F302BFD07F1320B36B1314638461DF024FD13
S214023F40736999070AD46DBBB9F1000F2CD000250E
S214023F5047E0A360236823F00403CAE7317E2A7E83
S214023F60914202D36A69920713D45B0713D431468F
S214023F703846FFF78FFF60B1F368B2685B449B1A5E
S214023F8043450CD36B6903F00603022B1CBF354670
S214023F9082463668CFE735464FF0010AF9E73546DE
S214023FA08246F6E7A94506D16068A268323700283D
S214023FB03DD101254BE0BAF1000F12D12946384611
S214023FC0FFF768FF68B96B695E07BDD46FF031030F
S214023FD0AA68DB1B1344EA689B1A6FF040429342BE
S214023FE0B2D3236823F002032360B9F1000F10D086
S214023FF0D9F8143003F00603022B04D10022012163
S214024000484600F07DF8236898073FF57EAF0DB965
S214024010CAE745B16B6913F0060F04D029460120A2
S2140240202B6AA560984723689907BDD56DE782423B
S21402403041D0456915F004053DD1C36881683B440B
S2140240405B1A434537D20122114600F059F826681A
S21402405016F002067FF459AF002D3FF456AF3746EE
S2140240606FF0310E6168D4F808C031BB224800F008
S21402407017FF81462048002F39D01EF043F808B1BA
S2140240804E450CD000231D4A314600921A481A4665
S2140240900293019300F0B8FEB0FA80F56D0923781A
S2140240A0C3F3400383F00103DB077FF52EAF002D39
S2140240B07FF450AF29E7006879E78C4512D048694B
S2140240C042070FD48B6810F0020F4A6818BF1A46D0
S2140240D0CB68AEEB0303134437B1F21A42453CBF3A
S2140240E00F461E460968C0E70F461E46FAE700F06E
S2140240F069FED4E76C5D0020785D0020AD190400EF
S21402410070B51646044658B3174D2B4653F8042F7F
S21402411042B31868A04211D1A24223D122681A6083
S2140241200023AA682360A24208BFAB6019B12146E9
S2140241300220236A984726B9002070BD034602680B
S214024140E6E7FFF7CBFE63695A07F5D4AB6813B10F
S2140241505B695B07F0D521460420236A9847EBE7A4
S2140241600120EAE70220E8E76C5D002010B522F0A5
S2140241703CF90023044606484360836040F80C3B43
S21402418000F0F4FD2046BDE8104022F029B900BF39
S2140241906C5D002010B522F028F90446054A136823
S2140241A043F001031360FFF799FE2046BDE8104076
S2140241B022F016B96C5D002008B522F016F9044A02
S2140241C0136843F008031360BDE8084022F008B9FC
S2140241D06C5D002010B522F008F90446054A136803
S2140241E023F008031360FFF779FE2046BDE810406F
S2140241F022F0F6B86C5D0020F8B50446002846D0DA
S21402420000230360436923F00203436122F0EDF8C2
S214024210636906465B072BD5636943F00203636155
S2140242201C4D6FF04040294651F8043F7BB162694D
S21402423097070BD45A69920726D46768E268D21B9E
S2140242405F683A44DF68D21B82421DD223600C604C
S214024250FFF744FEAB6813B15B695B0703D52146E3
S2140242600420236A9847304622F0BAF80020F8BDA8
S2140242706768E5681DF04CFF6FF040433235ED1B72
S21402428005449D42C8D3CBE719461B68CEE70120FA
S214024290EDE700BF6C5D002070B505460C4622F0C7
S2140242A0A4F80A4B2A7E9B6806462C7623B1AB42BC
S2140242B007D01B7EA34206D83046BDE8704022F0E7
S2140242C08FB8A242F8D2FFF709FEF5E76C5D002030
S2140242D038B5044688B122F088F8094B0546996835
S2140242E0A14208D103200B6A98470024284622F0F0
S2140242F077F8204638BD0324F8E70124F9E700BF23
S2140243006C5D002038B5054622F06FF8074B5C68F6
S2140243101CB922F065F8204604E0AC4203D122F034
S2140243205FF8012038BD2468F2E700BF6C5D00200C
S214024330024B9B681B1A5842584170476C5D00201E
S214024340F8B5044622F051F8002607460E4B1B68C5
S21402435093B19E68AEB196F82420D20711D43546A2
S2140243600FCC0FC50FCC0FC523682B6096F82430F0
S21402437043F0010386F82430384622F031F83046FE
S214024380F8BD1B68E4E700BF8C7D0020431E0333A4
S21402439006D8044B984228BF1846642838BF6420C3
S2140243A0704700BF40420F0038B51A4B05461B68DF
S2140243B00C4603B1984744B1236833B11B680133F6
S2140243C003D0E3680BB1A36843B91EF0A5FA002038
S2140243D09122412100F0F0FB212038BD204604F056
S2140243E0FDFD00230C4A85F848311268C5E93A43B8
S2140243F0AA4202BF094A13605360636943B1084A7E
S21402440042211068B322C31A5842584100F0D4FB26
S2140244100020E2E7E45F0020685D0020807D002047
S2140244204C60002010B5044618B9054B054A1360C7
S21402443010BD00F0CFFFD4F8F430002BF6D1F4E72D
S214024440C71B0400907D0020F8B5154606460C46AC
S21402445021F0CBFF0B4B0746002D08BF1D460A4B2B
S214024460C6F8F4501B68B34204BF084B1D6024B163
S214024470214630461DF0B4FB0446384621F0B0FF14
S2140244802046F8BDC71B0400685D0020907D002012
S21402449070B50C46064621F0A8FF05462068FFF7D1
S2140244A075FF20606068FFF771FF6060A068FFF725
S2140244B06DFFA060E068FFF769FF2369E060591CA2
S2140244C003D00D4A934228BF1346236163695A1CE0
S2140244D003D0094A934228BF13466361A069FFF7D7
S2140244E055FF2146A061304602F03EF904462846B2
S2140244F021F076FF204670BD40420F00D0F8EC3027
S2140245002DE9F04105460C4613B1C38D8B424ED0C1
S214024510D5F8E830002B4DD09E68002E4AD0D868D9
S214024520002847D0013800B200281DDB002107E032
S214024530128A0CF10101A24219D209B2884213DB97
S2140245400B1803EBD3735B1003EBC30206EB82027A
S214024550B2F80EE01FFA83FCA6450CF1FF3EE7D93F
S2140245600FFA8EF08842EBDA2120BDE8F0814FF692
S214024570FF729445F8D09BB203EBC30306EB8306A7
S2140245802846B6F9122095F83C11D5F8FC8013F0AF
S214024590C7F80746B8F1000F04D000233246284673
S2140245A01946C047EC85C5F8EC6085F845710020D1
S2140245B0BDE8F0810E20BDE8F08100BF834B1B688A
S2140245C0834201D002F030BE2DE9F04F83B004469C
S2140245D00E46154602F078F900287BD17C4F3B68E0
S2140245E0D4F8E8B0D4F8ECA013B15B4500F09080A4
S2140245F04FF00008BE6003F02FF90128814604D070
S2140246000121002208461DF078FA20461EF05DF8C9
S21402461018B194F82530DA076FD43B68DBF800103F
S214024620DAF8002013B1186888427ED020461EF0C1
S2140246301DF8B8F1000F15D0A5B9204602F02CFCE3
S2140246400646D4F89830002B3DD1B9F1010F05D0BB
S21402465026B1604B002103205B689847304603B0C2
S214024660BDE8F08F5C4BC7F800B01A78C7F804A014
S2140246708DF8075092BBD4F8FC60002E64D0114629
S21402468020460DF10703B0472046002D55D102F013
S21402469003FC0646B8F1000FD3D1B6FA86F040F214
S2140246A005423321400900F087FA2946204602F0E7
S2140246B0C7FD4A4B51461B68064620469847D4F823
S2140246C09830002BC1D000224FF40073204600F031
S2140246D091FEBAE700233E4F7B6080E7D4F8EC30C9
S2140246E0B4F9461023B1B3F912309942A8BF19465D
S2140246F02A46204602F01CFBC6E7D4F8A0305B052B
S2140247008BD5374B0122002120461B68984784E749
S2140247107B68002B3FF46CAF53457FF469AFBB68F0
S214024720B3421DD04FF0010864E7796819B10968F1
S21402473091423FF47EAF596878E702F081FE204648
S21402474002F0AAFB0646A8E794F82A1094F8453128
S2140247502A46994228BF1946204602F07FFA93E776
S2140247600DB900267AE7204602F06AFE01231A4AAD
S2140247708DF8073012789AB1D4F8EC30B4F94610B6
S21402478023B1B3F912309942A8BF19460122204636
S21402479002F0CEFA114B514620461B689847E0E7D6
S2140247A0D4F8FC502DB1114620460DF10703A84758
S2140247B0F0E794F82A0094F845111A46814228BF79
S2140247C00146204602F04AFAE4E700BF685D002090
S2140247D0807D0020987D00202C9D0400907D002086
S2140247E0E85F002070B506460D46FFF787FE0446D2
S2140247F008B1204670BD03F00BF822462946304623
S214024800FFF7DCFE04460028F3D130461DF05DFFBC
S2140248100028EED096F8253013F001030DD0D6F816
S214024820A02052050DD5B6F83621AA4205D0B6F814
S21402483038315B1BB3FA83F35B09034A82F8C43050
S214024840D7E72346F9E700BF001E00B070B504465E
S2140248500E4621F0CAFD314605462046FFF7C2FF46
S214024860044620B9044B01465B6803209847284655
S21402487021F0B6FD204670BD987D002037B5D0F8F1
S214024880E830274A04461360D0F8EC309160536053
S21402489000228DF80720234A12786AB3B0F9461030
S2140248A023B1B3F912309942A8BF19460022204616
S2140248B002F03EFA204602F0EFFAB0FA80F040F23A
S2140248C059423321400900F077F90121204602F0CF
S2140248D0B7FC154B05461B682046D4F8EC109847E3
S2140248E0D4F898302BB100224FF40073204600F023
S2140248F081FD284603B030BDD0F8FC5055B990F87B
S2140249002A1090F845312A46994228BF194602F0E5
S214024910A5F9CFE711460DF10703A847CAE700BF7E
S214024920807D00202C9D0400907D0020F8B50E4668
S214024930044621F05AFD054600201DF0F1FF0A4B01
S2140249401B7863B9D4F8FC704FB11A46314620463C
S214024950B8470446284621F043FD2046F8BD3146B6
S21402496020461DF074FEF4E72C9D040037B504467D
S21402497021F03BFD6946054620461DF05EFA0F4BC8
S2140249801B785BB19DF800300D2B07D0B4F94C4074
S214024990284621F025FD204603B030BD20461DF0F6
S2140249A034FDFF28024606D020469DF80010EDF79B
S2140249B055FF0446ECE7024CEAE700BF2C9D0400D4
S2140249C00080FFFF2DE9F34198460E4B04461B7804
S2140249D00E4617469BB121F008FDBDF9203005466C
S2140249E00093204643463A4631461DF033FE0446BF
S2140249F0284621F0F5FC204602B0BDE8F0810E24E0
S214024A00F9E700BF776700202DE9FF4707460E4605
S214024A10144621F0EAFC81460CB9D7F898402146A4
S214024A2038461DF028FA314B1B68BB4204D1E30717
S214024A3002D5384606F008FF03F03AFF2C4B05462F
S214024A400FCBE8468DE80F006EB1FF2D0DBF336821
S214024A5004AB56F8252000930BBF736803EB85035F
S214024A60019343F8102C14F4803425D12A4641468B
S214024A7038461DF0EBFE8246484621F0B1FC2CB1CA
S214024A802A4641463846FFF785F98246BAF1000FB4
S214024A900ED16EB1FF2D0FBF009B04AB03EB850357
S214024AA053F8103C05BF3360019B46F8253073600F
S214024AB0504604B0BDE8F087FF2D0DD1009B0133B0
S214024AC010D0019B01330DD02A464146384603F0EA
S214024AD02FFE00248246CFE704AB03EB850353F890
S214024AE0103CEFE701244FF0000AC5E7685D00209E
S214024AF058A2040008B50B46024919401DF0ADF94C
S214024B00002008BD070011002DE9F04105460F46BA
S214024B10904621F06AFC0B4B06461B68AB4204D05B
S214024B2095F8244014F0080405D042463946284633
S214024B3004F04CF90446304621F052FC2046BDE80B
S214024B40F08100BF685D0020F8B504460E461746A1
S214024B5021F04BFC0A4B05461B68A34203D094F88F
S214024B6024301B070AD520463A46314601F02CF976
S214024B700446284621F034FC2046F8BD0224F8E715
S214024B80685D0020024B1860024B1960FEE700BF0A
S214024B90905F0020947D002038B5044D044C054BF0
S214024BA0286021601A60FFF7EDFF38BD905F002095
S214024BB0947D0020945F002010B550B90548064B3E
S214024BC00160064802601868054B18601868FFF70F
S214024BD0E3FF10BD947D0020685D0020945F0020F6
S214024BE0905F0020054B1B680BB91846704783423E
S214024BF001D01B69F8E70120704700BF9C5F0020C8
S214024C0018B10A4B1A680AB9104670471A688242E7
S214024C1007D1026901201A60054A1368013B136036
S214024C20704702F110031269EDE700BF9C5F002097
S214024C30985F00202DE9F74F064621F0E3FBDFF8E8
S214024C402081012398F800B0DFF818910190BBF19B
S214024C50000F06D089F8003003B0BDE8F04F21F00F
S214024C60CCBB3D4F88F8003089F800B01DF054FAEE
S214024C7008B11DF04FFA3D6838495DB9DFF8E8A083
S214024C80DAF800200024AA423B682ED84FF0FF3103
S214024C90324838E06B7D8BB12B68B34202D09A1B48
S214024CA08A420BD96A6813442B60AB68003A18BF75
S214024CB00122003B18BF01236A75AB752D69DCE73C
S214024CC0907D20B1107D88429CBF01461446126931
S214024CD0002AF5D1002CD9D094E80B00A275411A0F
S214024CE0E268204698470135CAE71A46FF21EFE7F1
S214024CF05A7D3AB11A68B24228D0921B824225D80F
S214024D00914226D21B69002BF2D15CB12046FFF7F6
S214024D1077FF38B13B683C602361DAF80030013334
S214024D20CAF800303B685C7D1CB1186800F0DEF8FB
S214024D3004461DF0EDF90646002C95D199F8003090
S214024D40002B91D1019888F8004085E71C46002187
S214024D50D8E711461C46D5E79C5F0020FCFFFFBF44
S214024D60706700206F670020985F002038B5054600
S214024D7010B31822002116F052F821F043FB024627
S214024D802846FFF72FFF20B1104621F036FB0220FF
S214024D9038BD0A4B1C6854B909491D600B68104699
S214024DA001332C610B6021F028FB2046F0E71968DE
S214024DB00C6901F11003EEE72120E9E79C5F002071
S214024DC0985F002038B50446FFF70CFF21F01AFB67
S214024DD005462046FFF706FF637D23B9284621F0E5
S214024DE00CFB0E2038BD00236375064B1B68A342DE
S214024DF003D11DF08DF9FFF71DFF284621F0FDFABD
S214024E000020EFE79C5F00202DE9F84FDDF82890A0
S214024E10984604460D469246FFF7E4FEDDF830B0AB
S214024E2021F0F0FA07461DF073F906462046FFF712
S214024E30D9FE637D23B12046FFF7C4FF0023A37586
S214024E40BAF1010F21D175B9B8F1000F1FD1B9F12E
S214024E50000F03D05A4631462046C847384621F04E
S214024E60CCFA002017E035440C4BAA1B9A420ED807
S214024E70012363759DF82C30304684E820032375A1
S214024E80C4F80CB0FFF7D6FEE8E7AE42ECD13846DF
S214024E9021F0B3FA2120BDE8F88F00BFFCFFFFBF68
S214024EA02DE9F04107468846FFF79CFE21F0AAFA54
S214024EB03D6806461DF02CF97B7D7BB185420DD000
S214024EC0094B2C1A9C4209D8304621F096FAB8F1C2
S214024ED0010F08BF25462846BDE8F081304621F07E
S214024EE08CFA0025F7E700BFFCFFFFBF0023024A4B
S214024EF0194600F0A3BC00BFEB2004002DE9F041E8
S214024F008AB001AB0C46054624221846134915F012
S214024F10A3FF0027002C08BF0446384604F10C06FF
S214024F2090B95FFA87F84246284621881DF0D0FBE2
S214024F3050B942462846E1881DF0DBFB20B94246BE
S214024F40314628461DF0E8FB0137032F06F1080616
S214024F5004F10204E4D10AB0BDE8F0818CA2040098
S214024F60F0B589B005460E4621F03FFA31460746AF
S214024F7028461DF0E9FB044620BB01AC06F10C0CEA
S214024F80BCE80F000FC49CE8070084E8070001A9EC
S214024F902846FFF77DFA2846311D1CF07EFF0446A0
S214024FA048B92846094901F00DFB044618B92846B7
S214024FB003F0B6F8044628463168FFF79FFF3846E6
S214024FC021F00EFA204609B0F0BD00BF84A204000C
S214024FD0F8B50C460546174621F007FA214606465E
S214024FE03A4628461DF04EFB044610B9034BC5F858
S214024FF08831304621F0F4F92046F8BD1D21040020
S21402500070B5044621F0F1F903210646204600F069
S21402501047FA0546204603F0F7F9044B3046C4F833
S214025020883121F0DDF9284670BD00BF998602005E
S21402503038B5044621F0D9F9064B05460022196810
S21402504020461DF0E1FB0446284621F0C9F9204619
S21402505038BD00BF289D040038B5044621F0C5F9C6
S214025060064B05460122196820461DF0CDFB044674
S214025070284621F0B5F9204638BD00BFF85F00206B
S21402508070B505460C4621F0B0F995F8273006466D
S214025090FF2B19D00D4B012CC5F8883104D9023CE0
S2140250A0012C0DD9212409E00222094B1968284651
S2140250B01DF0AAFB0446304621F092F9204670BD48
S2140250C0044B03221968F2E70224F4E799860200E9
S2140250D0209D04001C9D0400F8B590F82750074652
S2140250E0FF2D0C461ED0023D012D8CBF002501254A
S2140250F049682A4603F0C4F90B4B26681B6896FAE1
S214025100A6F6BB424FEA162609D1304605F010FC39
S214025110A17A2A46208981F0010103F0DDF90020F8
S2140251202660F8BD0220FCE7685D0020024BD868C6
S214025130C0F30360704700BF000002B870B521F0EC
S21402514054F9264B1A68114629B9002A41D1BDE8FE
S214025150704021F045B98B686BB193F82440E5079F
S21402516009D5DD690DB19D693DB993F8244024F057
S214025170080483F824400968E6E744F00804F8E7E0
S21402518093682BB393F8242002F00902092A1FD150
S21402519021468A68CAB192F8245005F00905092DFD
S2140251A013D1DE69D569AE4203D09E699569AE42D7
S2140251B00BD193F8245025F0080583F8245092F872
S2140251C0245025F0080582F8245009680029E0D109
S2140251D022461468002CD3D1B9E700BF8C7D00208C
S2140251E02DE9F8439846184B05461F680C4691462B
S2140251F021F0FBF8AF42064620D1A047044628B16C
S214025200304621F0EDF82046BDE8F88307F0E4FECC
S2140252100E4BD3F8D84E24EA0904AF4244EA0804F7
S21402522008D10422094B3046C3F8D84E084B1A67F9
S21402523021F0D6F8C5F874410024E4E721F0D0F84E
S214025240D5F87441E7E700BF685D0020001000B0A3
S214025250002002B82DE9FF478F7881460F2F0C46B3
S21402526003D9212004B0BDE8F08727B901223D4BBF
S21402527000201A70F6E70E784D78002E3DD1002DEC
S214025280EFD1AE42E088B24638BFAA4604F058FED6
S214025290C30943EA4163C01A61EBD11104F084FEEC
S2140252A0FF288046DDD0A08804F0F2FE2E4B354360
S2140252B001461A884FF60400002D4AD1824208D1D0
S2140252C02A48006E80B290420ABF4FF60502188046
S2140252D01A80B1F5803F254B14D902224FF0080AF6
S2140252E01A66802256464908C3F880204FF6FF7396
S2140252F00139994228BF19460EE0082EB1D8082D6A
S214025300AFD8BEE701224FF0080A1A668022564638
S214025310C3F880200029E9D1002302930123013F2C
S214025320FFB2009332465346019709F5827004F0A5
S21402533031FD1DB94FF480120D4B5A65404694F963
S214025340031004F04DFEA2680A4B1A600222054BB7
S2140253508EE782421EBFDFF814C0CCF860201880A9
S214025360D8E700BF71670020BA7D002000C001B8F0
S21402537000D001B8B85F002010B5054C237823B1E1
S21402538005F060FD0020207010BD0E20FCE700BF77
S2140253907367002008B505F03FFD0122014B00208F
S2140253A01A7008BD7367002000F01803182B0AD085
S2140253B003070AD410F0100F40F2011308BF0023AF
S2140253C0034A136570470023FAE70123F8E700BF94
S2140253D0001F00B038B10368044A002B08BF13460A
S2140253E0034A13607047014BFAE700BF4F230400DD
S2140253F0A87D002010B4D0E9564122400B4052EA64
S214025400030104D003495DF8044B096808475DF8B8
S214025410044B7047A87D0020F7B504461046D4E931
S21402542056C7DDE908268CEA020587EA060105402A
S2140254301940794085EA0C05C4E9565117490968AE
S2140254408C4227D1002523F4004106EA010320F00E
S214025450010043F40073024043F0020301950095F5
S21402546007F0D4FB94F824309A0713D5D4F85C31AD
S2140254709B050FD54FF4881120461DF043FB94F888
S2140254802430024665F3410384F8243020460B4656
S214025490FFF7B0FF002003B0F0BD00BF685D00203C
S2140254A00F2938B504460D4614D80C4B1B688342A8
S2140254B009D102F0D1F901280ED1094AD36B23F0A3
S2140254C00F032B43D363204684F861511DF08DF9F8
S2140254D0002038BD2120FCE70220FAE7685D0020A4
S2140254E0001F00B0D0F87421034B1340C0F874318B
S2140254F00023C0F884317047DF0000FF08B50E4B6A
S2140255001A6F12F0A00F13D15B6F5B0712D40B4B0E
S214025510D3F8D83E23F07F4323F0FF0353B1FFF7BF
S21402552005FE6FF4905343FA00F000F0010008BD48
S2140255300020FCE70120FAE7000002B8001000B0E5
S2140255402DE9F04385B004460D46164602F084F96E
S2140255500128804644D194F82430DFF8B49023F032
S214025560040384F824304FF47E432386264B3046C9
S2140255701B6AC9F8003005F01DF9074640B14FF026
S214025580FF332125C9F80030284605B0BDE8F08370
S21402559001220023019019460090104607F036FBC0
S2140255A04FF40012194B294620461A621CF09BFB48
S2140255B00546B8B1D4F8A01094F8270005F0D4F93F
S2140255C000230022012000210197009707F01EFB0E
S2140255D0D9F8000001F0D2F94FF0FF33C9F80030D5
S2140255E00225D1E7042004F0C7FAD4F80C3106EB02
S2140255F0460664331E4442462B4603A904200396FD
S21402560004F0D8FAC0E700BF00C000B8005001B8E6
S214025610A47D0020F8B51B4F0E4605463B6810B920
S2140256200BB30E2018E0984217D0174BD5F8F000AF
S21402563093F900401CF0F7FF0021C4F11C04231A62
S2140256409B1BC3F11C02002AB8BF5242232A17DC56
S21402565069B10D4B1E700020F8BD02F0FDF801285E
S214025660E3D00220F8E7C1F11C030121E9E73A681A
S21402567085F82860AA42EED158B201F027FAEAE786
S2140256802120E9E7685D00207267002010B5044615
S2140256901DF01BF810B1012002F032FD204601F089
S2140256A023FF20F0A2FE0A4A0121D2F8A0300446C7
S2140256B023F02003C2F8A0300222064B08469A6066
S2140256C0054B5B689847204620F08AFE002010BDF6
S2140256D0001E00B0001002B8987D0020013808B500
S2140256E003282DD8DFE800F0290234324FF0C053E9
S2140256F04FF06051184A43F400131162A2F580522B
S21402570013620423A2F58832C2F88C30936F23F01A
S214025710060343F0040393674FF080520F4BDA6799
S21402572006F0DAFA40B14FF480730D4AC2F8E03060
S214025730A2F58052C2F8EC3008BD4FF06053D7E7AE
S21402574040F61E220B210020FFF736FA0023CFE791
S2140257504FF00053CCE700BF006001B8001002B85B
S21402576000600054002208B50F4BC3F88C204FF09F
S214025770605203F590331A620C4B1B7813B1062263
S2140257800B4B9A674FF080520A4BDA67D0F8A0109C
S21402579090F8270005F0E8F84FF48072064BC3F83D
S2140257A0EC20C3F8E02008BD004000B87467002073
S2140257B0006000B8002002B80060005408B51CF073
S2140257C0C7FD8022024BD864024B1A6108BD00BF97
S2140257D0001F00B0000002B830B4D0F8A0400A4063
S2140257E024EA01041443C0F8A040054C246884420D
S2140257F002D130BC01F09EB9002030BC704700BF19
S214025800685D0020012313B50022002400930023C4
S21402581010461946019407F0F9F9022004F0ACF993
S214025820044B21461C60044B02205B6898472046C6
S21402583002B010BDD45F0020987D00202DE9FF4104
S21402584002290C4615469846039005D1FFF7DAFF63
S214025850002004B0BDE8F08120F0C7FD1E4E0746CA
S214025860336853B1AB4208D00024384620F0B8FD66
S214025870002CEDD121203460EBE7184B0022C3F850
S21402588000803560002301254FF0000810461946B7
S2140258900195009507F0BAF9114B022083F80080B3
S2140258A004F06AF922464346022003A904F082F96C
S2140258B00C4B039A04461A600028D5D0DFF82880DD
S2140258C0D8F8003098472128CFD12946D8F8043096
S2140258D002209847C9E700BFD45F0020D05F0020AF
S2140258E075670020CC5F0020987D002090F8273056
S2140258F0023B022B05D84B7CE3B1012B1CD0022BBA
S2140259001CD0D0F878311B0612D5D0F8A4300D2B57
S21402591003D0A3F10F02022A0AD88A8A1A2A07D9C2
S2140259200F2B08480CD0084A112B18BF1046704798
S2140259301CF043BD0548704705487047014870474C
S214025940704700BF40420F0080841E0020A107005F
S21402595048E801000B78022B14D0A3F1040CDCF10A
S214025960000343EB0C035B004A781B01022A0BD0B0
S214025970111F4A424A41520043EA82130349044A2B
S214025980FFF72EBC0123EFE70122F5E7A17802001C
S214025990F0FFFF000A78022A13D0A2F1040CDCF111
S2140259A0000242EB0C0252004B78022B0BD0191F5E
S2140259B04B424B415B0042EA830304490F22FFF746
S2140259C00FBC0122F0E70123F5E700BFCD78020005
S2140259D0D0F8B43010B5994204460ED0C0F8B410D0
S2140259E003F088FD0649A4F840010123054AD1F8D0
S2140259F0FC1004F5827005F0F7FF002010BD00BF12
S214025A00001F00B0581F00B02DE9F74F04468B4622
S214025A1015461F46FFF772FD18B9022003B0BDE80F
S214025A20F08FA38A002BF8D020461CF0F8FA78B93B
S214025A30002F40F0DA806E4BD3F8D83E03F03002E7
S214025A40102A00F0D28003F0C003402B00F0CD8075
S214025A50684F7B69DB0740F1C880032004F090F9A9
S214025A600028DAD17A6912F0060AD6D1604B4FF4D2
S214025A7000612046D3F8D89ED3F8AC8E07F01AFC05
S214025A8048B14FF4007701215B4E5246084637670D
S214025A901CF033F8376794F82530DF0707D5D4F8BB
S214025AA0A0305E0542BF4FF40022544B1A67594697
S214025AB02046FEF797FE4E4BC3F8D89EC3F8AC8E30
S214025AC00028ABD194F82430980601D4002D4DD08E
S214025AD0C5F3400006F072FA022315F4807F1BBF5E
S214025AE00021464A444A136717BF454A1367516165
S214025AF0136307F071FA4FF4806315F0040F14BFB6
S214025B00404A414A3C4E5362042328463367FFF715
S214025B104BFC20461CF0A2FC38B14FF4807315F003
S214025B20010F16BF354A33671367A90647D54FF6E6
S214025B30FF72B4F8403093420FD0344A3449526E62
S214025B40100CC2F301120132B3FBF2F308802D4AA5
S214025B502D4930481B0448665366003D18BF012590
S214025B6094F8243065F3451384F8243020461CF05C
S214025B70ACFDF0B120461CF071FCD0B14FF4003100
S214025B80204607F097FB431C03229BB201A922483A
S214025B901CF0B9FE9DF804209DF8053002F00701BE
S214025BA0052915D112070DD443F480731B4AC2F897
S214025BB0B830002003B0BDE8F04F1CF0B1BE01F0D3
S214025BC007FECAE713F0040F09D19DF80630EBE78B
S214025BD003F03002202A05D113F0010FF4E74FF448
S214025BE08073E3E79DF80630E0E70E2016E700BF75
S214025BF0001000B000C001B8002002B8001002B8C1
S214025C0000400054005001B8006001B8004001B8DE
S214025C10BC7D00200000FFFF08400054001E00B0BC
S214025C202DE9F3410646884615461F4620F0DDFB61
S214025C300446032004F0A4F838B1204620F0D0FB36
S214025C400E24204602B0BDE8F081042004F098F845
S214025C500028F2D1204620F0C3FB01232A46414603
S214025C603046FFF7D1FE04460028EAD1DFF8BC80B2
S214025C706FB188F8000039463046FFF7EBFA50B9A4
S214025C8098F80030012B08D106F084F8D9E798F886
S214025C900030002BF4D12124D3E720221D4B012013
S214025CA01A671D4BDB6CB3F5817F22BF80221B4B2C
S214025CB01A611CF079FE20F098FB194B06461B6809
S214025CC001938BB904F0B8F815F080051ED10120B7
S214025CD004F01AF915B9284606F046F8114B0121C8
S214025CE05B68002098470DE0042003F045FF002380
S214025CF00122042001A903F05DFF0028E2D106F08C
S214025D0091F92124304620F06BFB9AE70022064BDD
S214025D109A67DCE7001002B8001F00B0000002B865
S214025D20B85F0020987D002000C001B8716700208F
S214025D3038B505460C4619B11CF0C7FC04EB8004C6
S214025D40204604F0A5F9064B40421B68AB4204BF4E
S214025D50044BC3F8C80EC5F87C01002038BD00BF4E
S214025D60685D0020001000B0838E70B59342054631
S214025D700C46164621D3124B006D1B68884208BF9C
S214025D800024AB4213D1FFF7D1F94FF49C53C34022
S214025D90DA0703D50B4B1B6F9B0304D40122314653
S214025DA0204602F055FE0020A5F8666170BD002C64
S214025DB0F9D0214615F050F8F5E72120F6E700BFA6
S214025DC0685D0020000002B82DE9F0470B46074642
S214025DD0164611B92120BDE8F087002AFAD0032919
S214025DE005D8002202F0F2FF03460028F2D01C88F3
S214025DF09978B4F5804F01F0070080F0CC80A0F1CE
S214025E00070C1A7993F805A0DD88DCF1000343EB52
S214025E100C030528337394BF0023C1F30013C1F3A8
S214025E20801C73738B0986F810C003F00203C1F35B
S214025E30C00C43EA0C03C1F340117374B174B5820B
S214025E40002A40F0838097F82A31013BDBB2F374D4
S214025E50D7F8A030DD0600F18280063801287ED809
S214025E600020B7F81280D7F81C9008F1FF384B4B89
S214025E70083C04EA08045B6D19F80430B060802B15
S214025E801CBF323BDBB2B37397F827300134FF2BCB
S214025E9004EA080435D1631D03EA08035A1C02EA21
S214025EA0080219F8022019F8033043EA0223D9043B
S214025EB01DB24DD5D7F8F03013B11B68022B05D8AA
S214025EC041F26B324C210020FEF776FED7F8F03016
S214025ED0C5F30B0093F82430C0000BB1B0FBF3F00F
S214025EE082453AD838B1CAEB0A2ABAFBF0FA6FEA08
S214025EF00A0A5FFA8AF0D7F8F83013B196F90E104C
S214025F009847631CF07303EA080319F80310013379
S214025F1003EA080319F80320013303EA080341EAF7
S214025F20022119F80320013303EA080319F80300D3
S214025F3041EA0241002341EA0061727C384605F0DC
S214025F40FFFD062330600020B37144E7531E7DE751
S214025F5019F804004000C0B2CDE70020CBE70023CA
S214025F60F3730F4B1B68BB4212D10E4B5A69130ACE
S214025F70120403D4DAB2323A53B205E063F0FF02F7
S214025F805BB213F1800FF6D1B37300233360DAE706
S214025F906FF07F03F8E702201DE700BF004000B85D
S214025FA0685D002000C000B82DE9F04180460E462C
S214025FB08F88FFF79BFC194B98F827501B68023D09
S214025FC043450446EDB201D0012D0BD8012D2146E2
S214025FD08CBF0020012005F0DDFD431C05D1022008
S214025FE0BDE8F081D8F88001F7E7FB00012D98BFE5
S214025FF0033318440323B371002CF0D0B0F5803F6E
S214026000EDD84FF22442630902FB00332409B3FBA6
S214026010F4F332680020D21A3260E1E7685D0020AD
S21402602038B50546124B808A1B68AB4210D1114B1D
S2140260309C6AC4F30C0484428CBF0020012041F207
S214026040B8420821FEF7B8FDA88A001B80B238BD08
S214026050B5F86831B5F86A41E41A95F82430A4B266
S214026060DB0902BF00F1FF3303431C40E3E700BF36
S214026070685D0020004000542DE9F04104460F46BA
S214026080154613B301F094F8A08AA84228BF284602
S214026090234B85B21B68A3421AD12A4639462148A9
S2140260A002F082FCB4F86A3194F824202B449BB2A6
S2140260B0D209A4F86A3105D1A28A511E0A431340B6
S2140260C0A4F86A312846BDE8F081FFF7A9FFDCE7AD
S2140260D0A68AB4F86A31B3FBF6F206FB1233F61A56
S2140260E0226AB6B2B54212FA83F814D994F824009A
S2140260F040F2574280F080000821C009FEF75CFD9E
S21402610032463946404614F0A7FE206AAA1BB91941
S21402611014F0A2FEC6E72A4639464046F8E700BF14
S214026120685D002008400054B2F5805F2DE9F0411A
S2140261300546884616461F463BD89A4239D33F2A1A
S21402614031D9B2FA82F40123C4F11F02D2B29340CB
S2140261509BB2B3422CBFC4F11904C4F11A04E2B2D2
S2140261600123911DC9B28B409BB2B34214BF0121D9
S214026170002102D095F80131EBB995F8243061F38D
S214026180C71385F824300D4B1B68AB420DD1394638
S214026190404602F0DDFB0020A5F86A71C5F82080B3
S2140261A0AE82BDE8F0810022DAE70023A5F8683166
S2140261B0F1E72120F5E70E20F3E700BF685D002037
S2140261C0044B054A1A60054B054A1A60054B064AF7
S2140261D01A607047B45F00203D510200B05F002095
S2140261E0F5700200AC5F00203D8B0200F8B5044655
S2140261F00E461546002A3FD013883F2B3CD9B3FAE9
S21402620083F3C3F11901C9B2062901D8192B1AD092
S214026210062928BF062101238A1D184FD2B29340B1
S2140262202B803B68A34202D1304602F0B1FB2B889A
S21402623020466382E66102F033FC114B1B6823B1F1
S21402624098470020F8BD0021E5E70E4B19683B6829
S21402625021B9181B18BF01204000F3E78A684AB12B
S214026260934207D092F82400C00741BFD869D06194
S214026270588A50820968EBE72120E3E7685D002030
S214026280B45F00208C7D002070B5148811F00306E0
S21402629005464FEAC40427D13F2C25D9B4FA84F424
S2140262A0C4F11903DBB2052B01D8192C1AD0052B21
S2140262B028BF052301240633DBB29C40C4F3CF0378
S2140262C013802B82094BA9611B686C8703B1984720
S2140262D0284602F0E5FB064A631E2343C2F8A430B2
S2140262E0304670BD3346E5E72126F9E7B45F002065
S2140262F0001E00B0082310B1024A13677047024A14
S214026300FBE700BF001002B8002002B82DE9F743F1
S214026310DDF828800746894616461D4620F065F8B1
S2140263200446032003F02CFD38B1204620F058F82E
S2140263300E24204603B0BDE8F083484B20465B6936
S21402634013F0060FF2D120F04BF8012332464946ED
S2140263503846FFF759FB04460028EAD1002D6CD0D8
S214026360B8F1000F69D03E4C2368002B05DAE7F738
S214026370E3FD002803462060DADB184604224FF4C9
S2140263803C510FF0C1FAA422002120680FF0C1FA96
S2140263904FF48072314B414638469A65FEF75AFFF3
S2140263A000284AD12F4B1B78012B46D020222E4B99
S2140263B001201A672D4BDB6CB3F5817F22BF80224A
S2140263C02B4B1A611CF0F0FA20F00FF8294A074608
S2140263D01368B3B129682C790B441360019383B117
S2140263E0042003F0C9FB00232246042001A903F07F
S2140263F0E1FB30B905F016FE212438461FF0F0FF07
S21402640097E703F019FD16F0800018D00022134B10
S2140264109A67687901A9431E58425841FFF76AFFF6
S2140264202B68032001932A79082303F0C3FB48B99B
S21402643005F0F8FD38461FF0D3FF212479E705F072
S21402644093FCE6E70C4D2B68984721280446D4D1E6
S214026450012100206B6898470024CEE700C001B8EF
S214026460A07D002071670020001002B8001F00B057
S214026470000002B8B85F0020987D0020054A126826
S2140264801AB190F82A1119B91047084604F036B91D
S21402649001487047A45F002000FEFFFF374B2DE93E
S2140264A0F7431C6801F4007900F00103174653EA2B
S2140264B0090206460D463AD04FF0000863B30023A1
S2140264C0002200210120CDF80480CDF8008006F0DD
S2140264D09DFB042003F050FB41462046FFF7CEFF0B
S2140264E0012241462086DFF8A88010461BF005FBF5
S2140264F0D4F8A01094F8270004F036FAD8F8000072
S21402650000F03CFA4FF0FF33C8F8003094F824301D
S21402651043F0040384F82430B9F1000F07D00121B8
S21402652020461CF0EFFA25F4007506430D432B4671
S21402653032462046FEF75EFFFB070FD51049114A8A
S214026540086800211368116001210F4A117003B117
S21402655098470E4B002102205B68984717F00E0FF3
S21402656008D040F2CB123B21002003B0BDE8F04336
S214026570FEF722BB03B0BDE8F08300BF685D0020D3
S214026580D05F0020D45F002075670020987D002031
S214026590A47D0020094B10B51B680446834204D133
S2140265A048220021064814F03AFC4822002104F54D
S2140265B0C67014F034FC002010BD00BF685D0020D9
S2140265C0DC1E00B038B50C460546FFF7E3FF2CB3D9
S2140265D0A378082B28D8E278082A25D843EA02139B
S2140265E0124ADBB21268AA420CD1CBB16168104AD9
S2140265F0C2F8DC10217882F82011617882F8233103
S21402660082F8211173B16268C5F88C21227885F868
S214026610D021627885F8D33185F8D121002038BDA3
S2140266201946E4E71A46EFE72120F8E7685D0020FE
S214026630001E00B037B53149314C0A7824784FF045
S214026640FF35224378240A70A0F820416421822470
S2140266500D22C0E94441C0E94611C0F80C116FF49E
S2140266607B4180F83C214FF6FF72C1624FF4004135
S214026670A0F8402042860287C2840022A0F8461074
S214026680072180F828201F4AC187146800F15401A8
S21402669001651D498442C0F8B4504585416329D13D
S2140266A005F024FB2046FFF775FF94F928102046D4
S2140266B0FEF7B0FF602340F6FF71144A2046D3640B
S2140266C002F11C42D162D165114A2946D3644022A6
S2140266D0104B1A67D4F8A020FFF77EF80E2300228C
S2140266E00193009340F202231046194606F08EFAF2
S2140266F002F0BAFD002003B030BD00BF776700206D
S2140267002C9D0400685D00204000FFFF004000B89A
S214026710005000B8002002B8012A30B51DD8032B5D
S2140267201BD803EB820201230D4C93402568DBB293
S21402673085420ABF0B4C90F8D24194F8224149B1E7
S2140267402343854204BF074A82F8223180F8D231B9
S214026750002030BD24EA0303F3E72120F9E700BF57
S214026760685D0020001E00B00A68F8B5551C08BF18
S214026770D0F80C21D1F804C0B0F8403108BF0A6046
S214026780BCF1FF3F08BFD0F818C18D6808BFC1F83A
S21402679004C06C1C47D1D0F81441CE688C60771CBC
S2140267A047D1D0F810510F69D1F818E07E1C08BF07
S2140267B0D0F804714E6908BF0F61B6F1FF3F08BFFB
S2140267C0D0F80861CD6008BF4E61BEF1FF3F08BF3A
S2140267D0D0F81CE1BEF1000F31D05A33734538BFF2
S2140267E073468B6112B15A2A38BF5A22C0F81C313E
S2140267F0144BC0F80C211B68C0F810519842C0F820
S2140268001441C0F818C1C0F80471C0F8086108D174
S2140268100D4907230D4AD1F8FC1000F5827005F0E9
S214026820E3F80020F8BD03F15A04AC4238BF2C4608
S214026830B3E703F17805B54238BF3546B3E76423BC
S214026840CFE700BF685D0020001F00B0581F00B0F1
S21402685038B5054C054B417800782568236004F06E
S2140268608BFA00B1256038BDD85F0020B8A20400BC
S214026870074B1B684BB10028064B08BF0023064A8D
S2140268801360064B1870002070470220704700BF46
S214026890D85F0020B0A20400DC5F002076670020EC
S2140268A008B5034693F86021084661F3000283F8B0
S2140268B06021044A12689A4201D104F01BF80020B3
S2140268C008BD00BF685D00204FF40022034B186F1E
S2140268D003F500531A67C0F3C0407047000002B8C1
S2140268E038B5104B04469B68DA050FD41CF055F8F1
S2140268F0054603F03DFD03F0A7F803F01DF91CF072
S2140269004CF8431B9C4208D92C44241A054B5B695D
S214026910DB0704D520461CF047F8002038BD0220CD
S214026920FCE700BF00C001B8024B586900F0010046
S214026930704700BF00C001B870B50C4616461D462B
S2140269401AB113680BB15B688BB91FF04EFD1FF0CE
S21402695047FD0123AB71B389049AE11A7368B068E4
S21402696089B2134400FB0133A9802B6070BD1A68FC
S214026970032AEAD99B6A5B0EECE700BF431C07D0EA
S2140269806FF0FF02034B10401A62A3F580531862A1
S214026990704700BF00E000B8044B1B68834206BF86
S2140269A0034B186CD0F8A400704700BF685D002047
S2140269B0001F00B0054BC0F8A4101B68834208BF36
S2140269C0034B4FF0000008BF19647047685D002053
S2140269D0001F00B003282DE9F3470F46904661D802
S2140269E0314B1D5C314B13F80090314B13F800A06D
S2140269F006F0BEFA064640B1002300220193009339
S214026A0001200023002106F001F906F0B9FA48B188
S214026A100023002201930093002000234FF400413C
S214026A2006F0F4F8002D37D0224BDC6C04F0080494
S214026A30214BDC6405EB090323335344D8B202F03E
S214026A40CBFF4946284606F0DFFA52464946284614
S214026A5006F046FB194BDC6476B1194B1B68D3F87B
S214026A60A01093F8270003F07FFF16490868FFF787
S214026A7085FF4FF0FF330B60B8F1000F04D0124BC6
S214026A80002103205B68984700F0E6FE012805D146
S214026A90002002B0BDE8F0872C46C9E7002FF3D1EC
S214026AA00520F6E72120F4E7D0A20400CCA20400D9
S214026AB0C8A20400004000B8006000B8005000B849
S214026AC0685D0020A47D0020987D0020034AD369DB
S214026AD060F3D223D3610020704700BF00C000B825
S214026AE038B5104D04462B6898420FD10E4B586AA3
S214026AF0830214D42B689C420CD10B4BD3F8800033
S214026B0000F47060003818BF012038BD07491BF03A
S214026B106FFFEDE7204606491BF06AFFF0E701200B
S214026B20F3E700BF685D0020004001B8244001B8CA
S214026B30804001B8F8B514460E4601F00B0323EA6E
S214026B4002013F4A2340D164A2F58052D364720701
S214026B50054610D50121FFF7C3FF60B106F03CFAE7
S214026B604FF4007314F0040F14BF364A364A5362C9
S214026B700422364B1A67F30606D514F0100F14BF1C
S214026B8000221B22324B5A65370618D5200611D52D
S214026B904FF400122B4B1A621FF027FC0E210746F9
S214026BA0032003F08BFD40F20122294B3846DA62BD
S214026BB01FF016FC214695F8270003F0D5FEF105D6
S214026BC003D5E20525D503F083FEB30503D5A70555
S214026BD022D503F089FE16F48C6F18D014F4806266
S214026BE01FD095F82530DC070CD5EA8DB5F836317E
S214026BF0934214D0B5F83831981A43424341154AA5
S214026C0082F8C4302846D5F8F010FEF7D7FD0020EB
S214026C10F8BD03F057FED8E703F060FEDBE701237A
S214026C20EDE77105EED595F82530DB07EAD5094B79
S214026C30114683F8C420084B28461B689847E1E7AC
S214026C40006000B8005001B8006001B8002002B829
S214026C50004000B8001E00B0E85F0020F8B5054608
S214026C6090F83C010C460D2816462CD0FF292CD055
S214026C701AB14FF0FF32164B1A601BF079FE074628
S214026C8095F83C0102F034FB844228BF0446E4B285
S214026C90BC4238BF3C460F4BE0B21B6885F82B005F
S214026CA0AB4206D0002416B9284602F035FB204631
S214026CB0F8BD02F0C1FB084B1B78002BF2D1FF286F
S214026CC0F0D12124EFE70224F1E72124EFE700BF09
S214026CD0AC7D0020685D00202C9D04000429F8B5D8
S214026CE005460C460AD10026F7B2384602F0A0FA4C
S214026CF008B13C4602E00136042EF5D1204602F0E9
S214026D0097FA88B195F83C31A34201D10020F8BD2C
S214026D10064B85F83C411B689D42F7D105F59E70EF
S214026D20BDE8F84002F0BCB92120F0E7685D00201B
S214026D307FB5204B04461B780E46154643B3D0F863
S214026D40EC3000229BB34FF0FF36029602AEB3F948
S214026D50123000960392EBF717FDB8B902994B1C56
S214026D6014D02046C1F38131FFF7B8FF70B9BDF9E0
S214026D700C30029902460093C1F30D0103462046E9
S214026D80FDF720FE294620461BF0FEFD04B070BD2E
S214026D9002A91BF052F832469DF80810204610F061
S214026DA0BFFC2A4601462046FFF758FFEEE7184684
S214026DB0ECE700BF2C9D0400F8B50D4690F83C1198
S214026DC004460D29174603D12E4B1B78002B50D0B4
S214026DD02A462046A4F8465010F0A2FCD4F8EC301E
S214026DE084F82A00002B40D0274A1678D4F8FC20D4
S214026DF04EB1002A3FD1B4F94600B3F912108842C8
S214026E0006DC002607E0B2BB94F84521824202D295
S214026E100126B3F9125000222946204684F82D7026
S214026E20FFF786FF00BB76B1C4F8EC0020461AF0E6
S214026E3046FF4FF6FF739842014614D02046BDE83F
S214026E40F840FDF7CFBC114B1B78022B0BD820461F
S214026E5002F050FB0E4901230E4AD1F8FC1004F54D
S214026E60827004F0C1FD0020F8BDFF2384F82B30A9
S214026E70F9E70220F8E7B4F94210B3F9122091427A
S214026E80BEE700BF2C9D040077670020BE7D002071
S214026E90001F00B0581F00B0D0F8A830012B09D050
S214026EA070B55F4B04461B688CB0984204D0002035
S214026EB00CB070BD002070475A491BF099FDD4F8FB
S214026EC0EC600146E58DC4F8F00026B1336813B1D4
S214026ED05B68002B59D11FF088FA1FF081FA012354
S214026EE0D4F8F0108DF80630B389B0687268EB1AE1
S214026EF09BB200FB03224C48ADF8043003680092B4
S214026F008B4202D02046FEF759FC484D00F0A4FC06
S214026F100128FBD1AB689E06F8D420469DF80620D1
S214026F20009906AB04F026FA68BB00F095FC01282F
S214026F30FBD13E4A136FD801FCD493689906F9D464
S214026F40684606A904F0FEFB0546E0B9E28D384B1A
S214026F505A6494F8243060F3410384F8243001F034
S214026F60A7FC0246D4F8EC104B691E685868531EFC
S214026F70DBB2FD2B029603900DD9F31C12D8FF2A22
S214026F8038D0002209E0022092E71A68032AA2D922
S214026F909B6A5B0EA6E7012A19D0204602A901F0D9
S214026FA0C7FB84E7FF2A2FD0013680D1D4F8EC1035
S214026FB0204B4A689A4210D8D4F85C319B0513D409
S214026FC094F8243043F0020384F824306FE7C51C9B
S214026FD0E3D901307FF46BAFEAE7204601F004FC08
S214026FE000283FF464AFE7E720464FF480311BF0F9
S214026FF089FD5CE7C61CD0D90130C2D12A4620469C
S21402700002A901F095FBD1E7C31C05D80122204650
S21402701002A901F08DFBC7E70130C5D1C8E700BF62
S214027020685D0020FC1F00B0A85F0020000002B8C8
S214027030008001B800CA9A3B38B590F84831044639
S2140270406BB31F22164D013B6A621340154A536208
S214027050D0F84C21144B9A66D0F85021DA66D3F851
S2140270600031DB071BD51BF06AFA4FF0FF3318B16D
S214027070C0F120008340DB43C5F80431D4F8AC20CD
S2140270801340084AC2F804314FF0F043C5F81031F5
S21402709094F82930DB0603F0F043C2F8103138BD0D
S2140270A0006001B8005001B8004001B80B7810B576
S2140270B00C467BB9FEF756FB63787BB940F6FF7247
S2140270C0094BDA656022094BDA6403F5E83340229D
S2140270D01A6710BD1846FEF701FBEDE76022044B67
S2140270E0DA6403F5D833F2E700400054005000B8E3
S2140270F0006000B82DE9F843C68F184A072E0546E9
S214027100D2F88C3024D9536F878F438FF419591EC7
S2140271100B43073C1C40A4B2A4F108030B40816950
S21402712023F0070331F80380536CC8F30C081FFAE8
S21402713083F901221146104605F0D2FFA5F86C919C
S214027140A5F86E81AF87A5F87041EE87BDE8F88393
S21402715000242746A046A146EBE700BF00400054A5
S21402716010B5042301240A4A0A49D1F8EC00C2F8F1
S214027170EC30C2F8E0300C634FF40051D1624107A4
S21402718042BFC2F8E030A2F58052C2F8EC3010BD21
S21402719000600054004000544B7823B940F6FF725A
S2140271A0024BDA627047FFF7DBBF00BF00400054B5
S2140271B038B5074B04461B680025834204D1FFF707
S2140271C0CFFFA4F86A5138BDA0F86851F9E700BFAE
S2140271D0685D0020104B70B51B68834217D14FF4D0
S2140271E080640E4B0E4DD3F8EC600020C5F8EC40E0
S2140271F0C5F8E04005F04CFF4FF40053EB6573050D
S21402720004D5084BC5F8E040C3F8EC4070BDBDE8B5
S214027210704001F045BC00BF685D0020004000548D
S214027220006000540050005410B5044904461BF098
S214027230DFFBC4F8F000002010BD00BFFC1F00B04A
S214027240F8B504460D46D0F8F07019B990F8243017
S214027250590652D44FF6FF73618E994204D0394BC9
S2140272601B680BB120469847374E3368BB4260D046
S214027270364B1B683BB11FB13A68002A5BD0BF6829
S2140272803946204698470727204602F033F9002D54
S21402729045D0002106252E4B94F9282093F900307C
S2140272A02C48C3F11C039B1AC26963F3D222D4F89A
S2140272B0F030C2613360284B08469D6704F06AFCD2
S2140272C001460122254B2046C4F880111A701BF095
S2140272D08CFA94F86031224A23F0300384F8603145
S2140272E0136F5A0203D4D4F8A0301B0603D54FF40A
S2140272F000121C4B1A620020F8BD4FF6FF72124EA7
S21402730065F3861380F82430336842869F4214D091
S2140273100E4B1B68002BAED102F0ECF80727124981
S2140273203B46124AD1F8FC1004F5827004F05CFB6E
S214027330AFE70127A8E71746A2E702F0DBF8012726
S214027340EDE700BFC85F0020A85F0020BC5F0020FA
S2140273507267002000C000B8006000B874670020A2
S214027360000002B8005001B8001F00B0581F00B05D
S2140273702B4910B5CB680446C3F30363092BD0F838
S21402738074213BD14B6F59073AD4264BD3F8D83EDB
S2140273909A4235D14FF4F162234BDA64234B1B68D1
S2140273A01BB101220021204698470121084605F01C
S2140273B02BFE00211E4B08465A69DB6AA4F8682198
S2140273C094F86021C3F3403363F3410284F86021EA
S2140273D004F0E0FB1749C4F880010868FFF7CEFA0C
S2140273E04FF0FF330B60144B1B6873B194F82420E4
S2140273F012070AD52046BDE8104018470C2BC4D108
S2140274000E4B1340C4F87431C4E7012211461046ED
S21402741005F066FE0023C4F86C31A4F8703110BD86
S214027420000002B8001000B0006000B8E85F00205C
S21402743000400054A47D0020B05F0020DF0000FF63
S214027440F0B50446002794F8243083B043F02003B6
S21402745084F82430214ED4F87431214DC6F8D83E33
S214027460D4F8843104F5C671C5F8AC30D4F87C3152
S2140274704822C6F8C83ED4F8783105F1DC00C5F8D3
S214027480A03013F0E9FCD4F8A420164B05F1B40C96
S2140274901A6404F1B802C6F8C02F94F8612104F504
S2140274A0EA75DA63D4E9566323F402440FCDACE8F6
S2140274B00F0024F00204296844F40073CCF800108C
S2140274C04FF0FF304FF0FF3126F0010243F0020387
S2140274D00197009705F09AFB03B0F0BD001000B0CC
S2140274E0001E00B0001F00B010B50446D0F82421DC
S2140274F00B4B4FF40061C3F8A82090F82420D20169
S21402750002F4006205F0BCFE94F8243013F0100F6B
S2140275104FF4007314BF034A034A136710BD00BF3B
S214027520001E00B0001002B8002002B82DE9F0419B
S214027530044600F59E7001F0B3FD0122E18D20465F
S21402754094F86051FDF73AF89449954AD1F8FC1040
S214027550072304F5827004F047FA924BC5F300162F
S21402756093F9000094F92830C0F11C00C01A40B20A
S214027570FFF7ACFA94F9640103F0C8F9204604F563
S2140275808071FFF709FE204604F58171FFF78EFD34
S21402759094F8621194F8632120461BF0F3F9B4F8CC
S2140275A07231814AC3F30E03936494F86001C5F303
S2140275B0401500F0010003F09DF994F82700FF380B
S2140275C018BF012002F014FA2046FFF78DFF20466E
S2140275D0FFF732FDD4F888310BB120469847216A6E
S2140275E04FF6FF73E28E7148002900F0C9809A4276
S2140275F018BF94F86031B4F86AE11CBF1B0303F4A9
S2140276000053B4F868C118BF02F1FF32A78A18BF48
S2140276101343C0F810E00CBF40F6FF739BB2C0F8ED
S21402762014C0002F40F097808760604AE645D1601C
S2140276304FF00C01D3625E4BC3F8E01001D0022378
S21402764013635C4B1B680BB1204698474FF6FF73DB
S214027650228F9A4208BF40F6FF72544B1EBFD96D66
S2140276606FF30B010A43DA650122C3F8C020A38E2A
S2140276704E4AB3FA83F3C3F11903DBB2C2F8983069
S214027680236DC2F89C30B4F86631C2F8A030002BE5
S21402769000F0828006232046C2F8C0301BF015F8A0
S2140276A008B394F82530DB0711D4D4F8303173B11F
S2140276B0414B20461B6804F598719847B0FA80F053
S2140276C094F82530400960F3000384F8253094F8D6
S2140276D025303A4A13F001031CBF94F8A130C3F3D5
S2140276E0800382F8C4304FF0FF312046D4F8A02041
S2140276F0FFF720FA94F82730FF2B13D120461AF012
S214027700E4FF78B936B12E4B1B681BB12046D4F87D
S214027710E811984735B12B4B1B681BB12046B4F8CD
S214027720F4119847F023284AC2F8883094F8613159
S21402773043F48073C2F88830244B196891F85532A6
S21402774091F8FE11C3F3430343EA0113DBB2C2F816
S2140277508830BDE8F0813F2F10D9B7FA87F20120B2
S214027760C2F11902D2B202F1060800FA08F080B29B
S214027770874200D901320D48826056E70022FAE7B6
S2140277809A420BBF40F6FF73C36AC3626FF30B03E2
S2140277901CBF1A43C26254E704237CE7001F00B0F2
S2140277A0581F00B072670020008001B800400054E5
S2140277B000600054AC5F0020E05F0020001E00B0B6
S2140277C0C45F0020C05F0020004000B8685D002053
S2140277D038B51EF00AFE4FF6FF710A4A13888B422E
S2140277E003D11EF0FDFD0E2038BD074C074D1B04CD
S2140277F06566A4F58054636611801EF0F1FD0020D4
S214027800F2E700BFBC7D0020006001B80000FFFF69
S21402781008B50D4BD3F84C21531C13D012F08042FE
S21402782010D10A4B1B681BB111460320FFF7D2F892
S2140278304FF080624FF40071054BDA67054AD16259
S21402784001225A6108BD00BF0080E00F685D00207B
S214027850001002B8004000B80F4BDB68C3F30363A6
S214027860013B0B2B0FD8DFE803F006060C060606D4
S21402787006080A08080802207047042070470520F8
S214027880704703207047054B5B6913F0060F14BF61
S21402789004200120704700BF000002B800C001B8F3
S2140278A0094AD368C3F303630B2B08D06FF49050D6
S2140278B0184100F0010080F0010040007047106F90
S2140278C010F48030EDD17047000002B80C4AD3683D
S2140278D0C3F30363062B07D8042BD8B20BD8C31EF8
S2140278E05842584140007047072B06D1D2F8300163
S2140278F00028ECD17047022070470020704700BF76
S214027900000002B8084BDA68C2F30362931E012B2A
S2140279108CBF00230123037040F62203D34003F0FA
S21402792001030B70704700BF000002B8084BDA680C
S21402793002F03062B2F1407F08D15A6FD20605D407
S214027940986FC0F3C00080F00100704700207047B7
S214027950000002B82DE9F84F4FF00108264F08FA4A
S21402796001F8BB69064613EA080F0C4632D01BF034
S21402797014F84FF03009824609FB0679DFF894B016
S214027980D9F8645005F00305012D25D11034BB69E2
S21402799005FA04F444EA080423EA0403BB61304609
S2140279A0E6F77CFA154BB5405D631549154BCA6A76
S2140279B0DB6C22F4706203F4706313434FF47A5262
S2140279C0CB62114BC3F83021104B1B681340104A90
S2140279D0C2F83031BDE8F88F1AF0DFFFA0EB0A00DC
S2140279E0584540F2F7624FF051018CBF002001204B
S2140279F0FDF7E2F8C4E700BF000004500020045080
S214027A00004001B8001F00B0002002B8EC5F002062
S214027A10001002B83F420F002DE9F04FADF5257D6C
S214027A2004460E4602F074FC4FF42472804600218F
S214027A30684613F0F4F94FF0010E132202210346B2
S214027A400EFA06F6F6B280F800E006724672C260D9
S214027A5080F810E04676C26180F82010A948E52535
S214027A6058624FF432705865A748A84FC3E91A0205
S214027A700830C3E91E021838DFF8B4C2C3E922028E
S214027A80DFF8B0A2DFF8B0B25D635F64A04DA14F2D
S214027A90A0F57D500838C3E90AA2C3E90EC2C3E9BD
S214027AA012B2C3E9167283F8301083F8401083F8D6
S214027AB050101D661D67C3F88050C3F89050C3E986
S214027AC026022030C3E92A029348DFF87092C3F8F0
S214027AD0B40000F56050C3F8C400A520C3F8D40073
S214027AE08E48C3E92E72C3F8E4000420C3F8F400FB
S214027AF0302000FB08F88A48C144C3F80801032076
S214027B0083F80C01C820C3E93272C3E936C2C3E95E
S214027B103AB2C3E93E92C3E94672C3F8A05083F86C
S214027B20B01083F8C01083F8D01083F8E01083F802
S214027B30F010C3F8005183F81011C3F8140183F84B
S214027B40201183F859616F4E7648C3F86461E526C2
S214027B50C3F874616D4EC3F82401C3F884614FF014
S214027B6000404FF432764FF08048C3F83401C3F831
S214027B7094616D48644EC3E94E02C3E95202C3E9FA
S214027B804AA2C3E95AA2C3E95EC2C3E962B2C3E922
S214027B90667283F8301183F84011C3F85C2183F8CB
S214027BA0601183F8701183F8801183F89011C3F87E
S214027BB0A051C3F8448183F850E1C3E96A620836EB
S214027BC0C3E96E62183EC3E97262A6F57D56083EA8
S214027BD0C3E976622036C3E97A624F4EC3E97E7203
S214027BE0C3F8F46106F56056C3F80462A526C3F826
S214027BF014624A4EC3E98272C3F824620426C3E9B9
S214027C0086C2C3E98AB2C3E98E92C3F8B051C3F8FA
S214027C10C051C3F8D051C3F8E05183F8F01183F88D
S214027C20001283F8101283F8201283F83012C3F879
S214027C303462C3F840523A4DC3E99E02C3F8485232
S214027C40032583F84C52C825C3F85452354DC3E970
S214027C509672C3F864524FF00045C3E99AA283F8BD
S214027C605012A42283F8601283F8701283F88012EE
S214027C70C3F8880283F88C1204F130001946C3F860
S214027C807452C3F8848202F0CDFAD4F8BC2204F10E
S214027C9040039B0863F39F0225462346C4F8BC2292
S214027CA004F11402C3F8945005F118010435954204
S214027CB0C3F8D41103F11003F4D11920E5F74CFDF3
S214027CC000F59200194B00F578508000B0FBF3F0F7
S214027CD094F83231C4F8240143F0400384F8323178
S214027CE094F87232C4F8345143F0400384F8723286
S214027CF004F12C03C4F86402C4F874320DF5257D31
S214027D00BDE8F08F296E0600448001B803000040EB
S214027D1008002008548001B8C80A04000300008046
S214027D20284000B8096E0600100002B800F04902AA
S214027D302C8001B83C0102B8108001B860000450E3
S214027D402DE9F84F04460E4617461AF0BEFC0028E8
S214027D506BD094F82530DB0767D5354BD3F800B0E7
S214027D60A34562D102F0D4FA9BF9269005463EB9A5
S214027D704946FFF7EFFD002F4ED10020BDE8F88FF1
S214027D800124DFF8BCA004FA09F6DAF81830334208
S214027D90F1D14FF47062274B04FA00F8DA624FF41E
S214027DA02062A3F58053DA624FF42C5122464846ED
S214027DB00DF0AAFD302303FB05A54FF4803340F6F1
S214027DC0A202EB65DBF83031303323F003032B6776
S214027DD0194BCAF82880C3F83480184BDB68C3F303
S214027DE0036304FA03F1114211D1022B1DD1144B85
S214027DF009F110095C60DA6904FA09F42243DA61CF
S214027E009A69164326439E61C3F84880B3E70B4B34
S214027E10DB68C3F30363E4E74FF40012094BDA614D
S214027E204022094BC3F88421A7E70220A6E700BF39
S214027E30685D0020006001B800200450000002B80F
S214027E4000000450002002B800E100E038B5044605
S214027E501AF03BFC48B394F82530DB0725D50025FD
S214027E6002F056FA94F92610FFF774FD94F82530BE
S214027E70C4F8305123F0010384F825300C4B2A460F
S214027E8083F8C4500B4B29461D600B4B20461D60E1
S214027E901AF0C7FB094B0A4A1D6092F8493003F0F4
S214027EA0010363F0730382F84930002038BD00BF37
S214027EB0001E00B0E85F0020E45F0020E05F0020C4
S214027EC0001F00B02DE9F04FDFF830820446D8F8E4
S214027ED000300D468DB02BB14FF00E0B58460DB04C
S214027EE0BDE8F08F794B7A4A1A601AF0EEFB10B9A9
S214027EF04FF0020BF2E775B194F82530DB0706D592
S214027F000C22294604F5987012F060FF30B1EA8818
S214027F102B899A4205D12046FFF798FF4FF0000BB7
S214027F20DCE76C4B1B68A34250D1FFF795FC012897
S214027F30DED12F68002FCFD017F00307CCD1AB8845
S214027F40B3F5307FC8D302F0E3F9FF28C4D094F922
S214027F502660002E08DA3846E5F7EEFF46B2002E17
S214027F60C0F2B08084F82660002294F825301146CC
S214027F7023F0010384F8253020461AF052FB4FF412
S214027F800022554B1A67554B554A1A60554B564AAE
S214027F901A6002F0BDF93146FFF7DCFCD8F8003073
S214027FA00BB3A84658F8049B05F108034F46B4F8ED
S214027FB02EA00393204638F8021FFCF79FFA83464A
S214027FC0D8B151462046FCF799FA87E794F825304F
S214027FD023F0010384F8253004F5987495E8070029
S214027FE084E807009AE7414B0E22204619681AF0E9
S214027FF049FB83460028D4D070E70090D4F8EC20E2
S2140280002046E18D04ABFEF797FC20469DF816202D
S214028010049906AB03F0AEF983460028D1D1344961
S214028020089BD1F8EC20183722F07F6222F47F22D8
S21402803022F40F6222F00F021A43D1F80C3107998C
S2140280406FF313030B43E18D47F8181C069947F8A4
S214028050083CBDF8143047F8101C47F8043C039B54
S21402806047F80C2C9845A5D151462046FCF746FA0F
S214028070834600287FF432AF31464846FFF7CCFCF1
S2140280805A46012120461AF0CCFA1A4A04F5987686
S214028090C2F8C090C4F8E09182F8C5B095E807002F
S2140280A086E80700144991F8492002F0010242F0DE
S2140280B0200281F8492094F8252042F0010284F833
S2140280C025200BE74FF0210B08E700BFE05F0020FA
S2140280D0C57E0200685D0020001002B8E85F00203E
S2140280E0417D0200E45F00204D7E0200109D0400E8
S2140280F0004001B8001E00B0001F00B0F05F002074
S214028100024B1B6803B11847704700BFF45F00209C
S214028110024B1B6803B11847704700BFF05F002090
S21402812010B5FF224FF6FF7104461AF0D1FA68B96D
S214028130FF224FF6FF7120461AF0DBFA30B92046CE
S214028140BDE81040FF2202491AF0E6BA10BD00BF91
S214028150D4A204002DE9F0411C46184B05461E68C1
S2140281600F46904646B1306802F0D2F9F3681BB16A
S214028170B368186802F0CCF9114B1B682BB1DA68A9
S2140281801AB19B68186802F0C3F99DF818306407A4
S21402819044EA08425B0503F0BC6342EAC7621A433C
S2140281A02846084942F4C87205F06AF800222846B2
S2140281B01146FDF7D9FD0020BDE8F081149D0400AC
S2140281C0189D04009007E12D08B5FFF7AFFB88B1B4
S2140281D0094BDA6912030DD5186F10F4003009D175
S2140281E09B6F13F0100F4FF010030CBF034A044AA4
S2140281F0936708BD0220FCE7000002B8001002B830
S214028200002002B838B50446E8B1114BDA69120309
S2140282101BD55D6FC5F38115032D12D0022D14D127
S2140282202A460C4B2146D3F8B4300B489B1A9BB215
S2140282301AF069FB0020064B25729B6F1B0A6372BD
S21402824038BD0822EDE72120FAE70220F8E700BF52
S214028250000002B8001E00B03840005438B505468B
S214028260FFF764FB98B10B4B1C6F14F400340ED16D
S2140282700220094B094A1B681B6D90672246AB42D7
S21402828014BF2846002000F0E3FB204638BD022437
S214028290FBE700BF000002B8685D0020001002B8CD
S2140282A0F0B5CF072ED5002A0CBF5525AA250E46B7
S2140282B01E24164F01F0030383F001033B449B7810
S2140282C006F0070C17F80CC0013C63444FEA56064A
S2140282D0F6D10F4E73436FF481769B0C33449AB9F2
S2140282E091FAA1F195FAA5F54A082D0F490042EA3E
S2140282F0C57201F00204C0F8B030C0F8AC2080F8B5
S2140283002940F0BDAA25D2E7024AF4E7DCA204001F
S21402831036FC1000B756351213B5019147F6FE71BA
S214028320194BC3F83012D0F8B04001EA4401174C9A
S214028330C4F830120F2159660199C90722D50ABB23
S214028340012161664FF0FF31C3F80411D0F8AC404A
S2140283500E49C1F804414FF0F044C3F8104190F8BA
S2140283602930DB062340C1F810314AB10422006DE1
S2140283700DEB020112F070FD0222054BC3F8C0207D
S21402838002B010BD0221DCE7006001B8005001B85F
S21402839000400054F7B50446184F90F82710FEF731
S2140283A009FB3B68A3420BD1012001F021FB4FF4ED
S2140283B0F062134BDA644FF40072A3F58053DA646A
S2140283C0002594F827600195023EF6B2012E9BBF67
S2140283D004250C4B28469B6E9CBF0DEB05000193B3
S2140283E03B68A34204D11DB10122042100F030FBF8
S2140283F0012E98BFA4F8665103B0F0BD685D002058
S214028400006000B8004001B838B5184B05461C6835
S21402841044B1E36833B1206802F07AF8A3681868BA
S21402842002F076F8124B134A1B6813602BB1DA6817
S2140284301AB19B68186802F06BF80F4B1B682BB1D9
S214028440DA681AB19B68186802F062F80B4B1B6870
S2140284502BB1DA681AB19B68186802F059F82146FF
S2140284602846BDE8384000221AF0CEB9289D0400FE
S214028470249D0400F85F0020209D04001C9D04003B
S214028480F8B5D0F84C3104468B420D461646114FCD
S21402849003D190F84831202B11D032462946204687
S2140284A0FFF7FEFE202384F848310023C4F850313B
S2140284B03B68C4F84C51A3420BD1FEF7BDFD3B68A6
S2140284C0A34206D1324629462046BDE8F840FFF7C9
S2140284D023BFF8BD685D0020072330B5144CE36364
S2140284E0144BB9B14425144940F040004D638863EB
S2140284F00121D9634FF4804112B9C4F8B41001E0E7
S214028500C3F8B4100A4BC3F8B810C3F8BC10C3F8CB
S214028510C01030BD4FF480424FF48041C3F8B4100F
S214028520C3F8B820C3F8BC20C3F8C020F1E700BFE8
S214028530006000B8005000B8004000B82DE9F84FBF
S2140285400E46054617469A4603F0B6FD032E00F27F
S2140285508680DFE806F00261676D424BDFF82C8109
S214028560D3F8009095F827B085F82760B9F1000F88
S21402857075D0D5F8E8304B4507D0484600F02EFDBA
S2140285800023C5F8E890C5F8EC3039462846FBF7D4
S214028590B5FF044603F0AAFDB34507D0D5F8EC3084
S2140285A028461A68D9F804101AF060F8AAF15A0098
S2140285B001F06EFDB0F57F4F3FBF2B4B9B6B013337
S2140285C0C0182A4BA0F57F40C3F8B400404603F01B
S2140285D09DF90022254BC3F8B800C3F8BC20C4B9E5
S2140285E039462846FCF74AF9044690B90522204B3C
S2140285F04FF00208C3F82421012239461A6728469A
S214028600C3F80880FDF742F8044698B1194BC3F840
S21402861008802046BDE8F88F174BDFF87480D3F841
S21402862000909FE7154BD3F80090DFF8688099E733
S214028630134BF8E731462846FEF7BCF928460A9956
S214028640FCF74AFD04460028E3D10E4907230E4AEA
S214028650D1F8FC1005F5827003F0C6F9D9E721249B
S214028660D7E700BF289D040000C001B8001E00B076
S214028670001002B8002002B8F85F0020209D040017
S2140286801C9D0400001F00B0581F00B0D0FB010064
S21402869050BD0100501C07004FF4F06238B5124B73
S2140286A00446DA644FF40072A3F58053DA64D0F815
S2140286B0E80102F03DF994F827500C4B023D012DDB
S2140286C08CBF0025012520462A46996EFFF724FE18
S2140286D094F8F2112A46B4F8F00181F00101BDE8DF
S2140286E03840FFF7F9BE00BF006000B8004001B88E
S2140286F0431EDBB2FD2B12D9FF280B6812D013F0F3
S214028700802F1EBF42F20102084BC3F8282251F8FE
S2140287102020064BC3F85022C3F854227047012883
S214028720F5D100234A681343E9E700BF004001B8C9
S21402873038B50546124B0C461B681046AB4201D1B3
S214028740FFF7D6FFC5B1D5F8EC30ABB15A699AB18E
S214028750431EDBB2FD2B11D923685D1C04BF6FF0EC
S214028760010323601360FF2806D16368591C02D1F7
S2140287706FF0010363605360002038BD0128F3E701
S214028780685D0020F0B5164B85B007460E461446C7
S2140287900FCB8DE80F00134A6D46D2F84832D2F856
S2140287A04C22591C08BF0023501C15D0002B08BFB2
S2140287B013463EB1611EC9B2FD290FD93360FF2CA4
S2140287C000D17260CDE90032294622463846FFF7CC
S2140287D0AFFF002005B0F0BD1A46EAE7012CEFE72E
S2140287E0ECA204000080E00FF0B51C4B85B0D0F878
S2140287F0E8700FCB8DE80F00194B6E46D3F848424F
S214028800D3F84C52631C08BF00246A1C12D0002CFA
S21402881008BF2C463146FF20CDE90045FFF768FF2A
S21402882000224FF0240CF9680E4E914204D100202B
S21402883005B0F0BD2546EDE7BB680CFB0233586871
S214028840B04209D95B693BB118680130586808BF65
S2140288501C60013008BF5D600132E6E7ECA204004E
S2140288600080E00F00CA9A3B30B50C4B85B0054637
S2140288701870082378B90A4AC2F8FC3349B9094B7A
S2140288800FCB8DE80F00084B2A4669461868FFF79B
S21402889079FF05B030BD054AEEE700BFE47D002053
S2140288A0001002B8FCA20400685D0020002002B896
S2140288B0014B1878704700BFE47D0020124BD3F8B6
S2140288C0E020D2031ED54FF480321049C1F8E020D2
S2140288D0A1F58051C1F8EC201A6CD1B2C2F307227E
S2140288E0C3F88010C3F880200422C3F88020002238
S2140288F0C3F88020C3F88020C3F88020C3F8802005
S214028900C3F88020704700BF004000540060005447
S214028910F0220D4B016D9A64A022A3F580539A644F
S214028920838E0120B3FA83F3084AC3F11903DBB23C
S214028930C2F8C000C2F898304FF40053C2F89C1038
S214028940C2F8BC30704700BF006000B80040005458
S214028950F8B50D46174606461DF047FD01230421CD
S214028960084C094A2363A760E6602561C2F8E01056
S214028970064AC2F884311DF033FD0DB1022323638B
S214028980F8BD00BF004000540060005400E100E063
S2140289900122044B1A6640F6FF729963D863DA65C1
S2140289A0704700BF004000542DE9F04F042A0546E8
S2140289B00B4683B037D901260978141F81615A788D
S2140289C003F1040982619A788261DB788361036825
S2140289D0D0F808B003F0070306339E4006F1FF3ACC
S2140289E047680AEA0B08A6EB080247F000579442CB
S2140289F007EB08000CD84946224612F02DFA46EA42
S214028A000A0604EB0B023240AA6003B0BDE8F08F00
S214028A104946019212F020FA019A384609EB020101
S214028A20A21B4244E9E7013A032AEED8DFE802F045
S214028A300B08050213F8012B826113F8012BAA61B9
S214028A4013F8012BAA611B78AB6103B0BDE8F08F67
S214028A5038B50C46154601460F4B60B101220F4849
S214028A60C3F8C0202246FFF79FFF1DB104220A4B1F
S214028A70C3F8C02038BD64B1D3F8A420A24284BF94
S214028A800122C3F8C0200222C3F8A040C3F8C020C7
S214028A90EBE70122FAE700BF00400054984000547A
S214028AA038B504461DF0A1FC1F4B05461B68A342C1
S214028AB034D101211D4A638F11663BB3B3FA83F3A7
S214028AC0C3F11903DBB2A069C2F8901093660723BC
S214028AD0D066C2F88C304FF4A02302F50052C2F8DA
S214028AE0E030A2F58052C2F8EC300022104B1A6039
S214028AF0104B1B6F5B0209D54FF480020E4B1A67B0
S214028B00D4F8A01094F8270001F02EFF4FF4E023CB
S214028B102846E363BDE838401DF062BC0023C4F873
S214028B206C31A4F87031F1E7685D00200040005413
S214028B30FC5F0020000002B8002002B838B50446E8
S214028B40618AC06921B1B1FA81F1C1F11901C9B2D4
S214028B50FFF71EFFB4F86E21184B1A6404221A6639
S214028B60B4F86C215A644FF4006203F50053C3F85C
S214028B70E020238A2BB1638FB3FA83F3C3F1190380
S214028B80DBB201250D4AA069E18FC2F890509366C8
S214028B90B4F87031D066C2F88C1013670423C2F89A
S214028BA09030A38F53674FF40022054BC3F8E020A2
S214028BB04FF48022C3F8E02038BD00BF00400054C6
S214028BC0006000542DE9F04705460C46A9B1D0F8DE
S214028BD01880478F1DF009FCB5F83CE007F1FF3C12
S214028BE00CEA0E0323F00702032C0646424465D124
S214028BF03C490C6824B91DF0F3FB0E20BDE8F08753
S214028C0024F0010438490868A8425CD1DFF8D49001
S214028C10D9F8001021F00101A14254D10023C9F86D
S214028C200030238894426FEA43436FEA534323801B
S214028C303FD1EB8F08EB070A1946083989B202F1D1
S214028C400804544528BF4446082904D9B4F80090BD
S214028C50B9F5804F41D273445B1A47EA0C07148871
S214028C603B409BB2A842E987AB87C4F30C0436D1DB
S214028C7095781E4A05F0070554645367C2F88C10AF
S214028C804FF480221A4BC3F8E0200122194BC3F896
S214028C908421FFF713FE042D0BD14FF48002164BEE
S214028CA01B6F164B1A67D0F8A01090F8270001F039
S214028CB05BFE30461DF094FB00209FE7611E0129F3
S214028CC098BF14469EE7E98F4344E31A48BFDB1970
S214028CD008399942A5DC30468DE72246ADE7A5F86D
S214028CE06C41E6E7FC5F0020685D0020004000540F
S214028CF00060005400E100E0000002B8002002B864
S214028D00144B10B51968CA8F8B8F488F13440138DD
S214028D10073B8C69034023F007031C4402F1080357
S214028D200D4A9BB2CB87C2F88C304FF480220B4B95
S214028D30C3F8E02001220A4BC3F88421A07800F091
S214028D400700042803D1074AD3681B03FCD4064B4A
S214028D501C6010BD685D0020004000540060005496
S214028D6000E100E0000002B8FC5F002010B5064CEF
S214028D70216839B1CB0703D4044B1868FFF722FFEA
S214028D800023236010BD00BFFC5F0020685D00204A
S214028D904FF480320B4B0C49C3F8EC20A3F500537A
S214028DA0C1F8E020D3F888109A6E012302F0070279
S214028DB006329340C1F30C01083B994201D8FFF7F3
S214028DC07DBD704700600054005000542DE9F84302
S214028DD006460C46B0F83A80154687691DF005FB34
S214028DE0B6F83CC008F1FF320CEA020323F0070192
S214028DF0032CB6F83EE039441CD15C4C2468B442DD
S214028E0002D15B4C246894B90CEB0E04073C144068
S214028E1024F007043C443B44E31A48BF43447345EA
S214028E2010DB1DF0DDFA00242046BDE8F88324F0AE
S214028E300104F0E7012C03D0022CECD1AEF1080EAF
S214028E400C46E8E7002D74D0DFF820E18C42DEF80D
S214028E5000E02ED176450ABF4649B6F86C714F6CD3
S214028E607645718A31D1DFF80CC1DCF88820C2F36E
S214028E700C02934233DBDCF840204B1ED21B0B4322
S214028E801340DFF8F8C01BB2002BDCF80C2066DCBF
S214028E9002F0706202F17D4EDEF1000242EB0E023B
S214028EA0D2002A70DCF87820C2F307222A746B807C
S214028EB02EE0A4F108018F4284BF4FEAD80701EBE7
S214028EC0C7010F88C7F30C07CAE7B6F8709148EADD
S214028ED00208A9EB0C0C0CEA0802934241DA23883A
S214028EE0B3F5804F9DD2A278C3F30C0302F00702BB
S214028EF001F1FF3CDB1B4CEA010C052A2A7003EA4F
S214028F000C0319D81BB223EAE3726A80E2782A7449
S214028F10F6694A1E3A40B718AF609FB212FA83F358
S214028F2099422FBF0023891AA980EE6024BFAF8022
S214028F30EB601DF055FA77E7764507D10E4A526D7B
S214028F40003A18BF0122D2009B1ADBE796F8A0204F
S214028F50C2F3001282F00102D20012B2F4E7082233
S214028F609FE7002213462A70A0E700BF685D002034
S214028F70FC5F002000400054004000B8000002B829
S214028F80134B70B51E68134B748A9D6C621E1B6C65
S214028F90ADB292B242EA04015B1B0B40191E18BF27
S214028FA00121C90001700C492A40896F4380090AD1
S214028FB00174F169D618A64201EB0205D2BF002160
S214028FC0A31A9BB285608380C160002070BD00BF7B
S214028FD0685D002000400054000002B8054BA8223D
S214028FE0D3F84C013121431C0CBF0120C0F3807022
S214028FF0FBF7E2BD0080E00F38B5094D044628684D
S21402900040F6C202003818BF01202B21FBF7D4FD20
S214029010FA235C432B680A20B4FBF3F4604338BDA2
S21402902030600020164B30B51A68431C154B1FD013
S214029030B2F1407F1CD3144CD4F80021154661F3DC
S214029040050260F30505C3F8D020C3F8C850D4F86B
S21402905004310E4A1A400E4B03EA500003EA51014D
S21402906010431143074BC3F8CC00C3F8D41030BDED
S21402907000200146C3F8C800C3F8D000F2E700BFDC
S2140290800080E00F001F00B0000002B81FF087E16A
S214029090E0FFFF7F014B588000207047BE7D002016
S2140290A073B5564E0446317819B91C22544811F04D
S2140290B0B6FE2378534A544C13704FF0FC62C4F841
S2140290C0FC204FF47F02FF21C4F808214F4A022BEE
S2140290D04F4D117033D1042307224E49C4F8FC23A6
S2140290E0C5F8FC33C4F800114FF4C071C5F800117E
S2140290F0C4F8FC234FF48052C5F8FC33C5F870213F
S2140291004FF40052C4F87021C4F808314FF4FF132C
S214029110C4F8FC304FF4BB13C5F8FC308023C4F807
S214029120703148F2C8023C4BC3F8D8203B4B3C4A4D
S2140291300020C3F8C02F0123337002B070BD394A35
S214029140012BC4F80021384B27D14FF4C072C5F862
S2140291500021D3F83802D3F83C12FFF763FF072347
S214029160C4F8FC330223C5F8FC334FF48053C5F829
S21402917070314FF40053C4F870310423C4F8083138
S2140291800DEB0300E4F780FF9DF80530023B012B50
S2140291909CBF8023C5F87031C3E7244AC5F8002176
S2140291A0D3F83002D3F83412FFF73CFF0723C4F893
S2140291B0FC330123C5F8FC338023C4F870314FF426
S2140291C0805301A8C4F87031E4F75EFF9DF80530BD
S2140291D0012B05D19DF8043053B948F25D1309E01E
S2140291E0FBD9023B012B9CBF4FF40053C5F87031EC
S2140291F048F25813084AC2F8D83097E77867002032
S214029200C41F00B0BE7D0020002002B8E87D00200A
S214029210001002B8C0F10F00001F00B0001000B02E
S21402922004600020C0F70F000080E00FC0F60F00B9
S21402923010B5044601F09CF80A4BD3F8F83724B967
S21402924083F40023C3F3C04010BD012C05D103F400
S214029250C023B3FA83F04009F6E7A31E58425841EA
S214029260F2E700BF000002B86FF07F42154BD3F85A
S214029270FC37934208D0144A03F03F031370F123DD
S214029280124A1370124A13701249134B09781A685D
S214029290A9B1B2F1A06F12D3D3F850120F4A104BF5
S2140292A0B1F1FF3F18BF13460E4A136041F66A0239
S2140292B00D4B1B68B3FBF2F30C4A13607047084B66
S2140292C0F2E700BF000002B8E97D0020EA7D002038
S2140292D0EB7D0020E77D00200080E00F5082E00F4B
S2140292E020A30400006000204C60002030600020B4
S2140292F0012807D0022802D030B100207047034B65
S21402930018787047024BFBE7024BF9E7E97D00202D
S214029310EA7D0020EB7D0020F0B5054685B001AC65
S2140293200B220021204611F07AFD95F83C110846E2
S214029330FFF7DEFF95F82B30421ED2B2934228BFCB
S214029340134600293AD0012936D1194604204FF097
S2140293500F0C374EB1FBFCF7F75D0138C91BC9B2DB
S2140293608A4238BF002121540028F3D105200F2756
S2140293708DF80830B3FBF7F1715C0B44DBB2934215
S21402938028BF1346235401300B28F3D10F2605F1CC
S214029390B401E03514F8013BB3FBF6F2501CC2EB05
S2140293A002129B1A0133DBB2C0B21B0443EA00531B
S2140293B041F8043F8D42EDD105B0F0BD19460420B8
S2140293C04FF00F0C1B4FB1FBFCF6F6B2BE5D013838
S2140293D0891BC9B28A4238BF002121540028F2D123
S2140293E005200F268DF80830B3FBF6F1795C0B44A6
S2140293F0DBB2934228BF1346235401300B28F3D125
S2140294000F2605F1B401E03514F8013BB3FBF6F282
S214029410501CC2EB02129B1A0133DBB2C0B21B0411
S21402942043EA005341F8043F8D42EDD1C4E700BF42
S21402943019A304000CA3040038B5284B05461A7875
S21402944027490D2A02D1FF20087038BD104619F0B0
S2140294508FFA04461046FFF74BFFA84228BF28465D
S214029460C0B2A04238BF20460B78C0B28342ECD0CE
S214029470087088B1431EDBB2022A1A490ED14FF099
S214029480FC62C1F8FC20A1F50051D1F8FC2042EAAA
S2140294904353C1F8FC30D8E70346EDE7124A134CB3
S2140294A01268B832C4F8C02F4FF47F02C1F8082100
S2140294B00F49CA6FD202C8D40F22B3FBF2F2551C70
S2140294C0C2EB02129B1A0133D1F808411B0443EA8D
S2140294D005532343C1F80831B7E700BFBE7D00201D
S2140294E0E87D0020002002B8685D0020001000B071
S2140294F0000002B82DE9F04F90F83C710546D0F80E
S214029500B46087B04FBB1F2E38BF1F26093EDFF858
S2140295106C82D8F800309D4224D18A4B186A4C23BC
S214029520894CC0F38210C340206803F00102B042A7
S214029530134695F82B101AD184480078904216D11B
S21402954083480078B84212D18248007888420ED109
S214029550814B988807B0BDE8F08F032E38BF0326EC
S214029560023ED4E728467D4919F042FAD7E7D8F8F2
S2140295700000A84202BF754826600370FF2940F02B
S2140295808580384619F0F4F90446002A00F08B80EC
S214029590D5F8F0402CB12368082B40F28C8094F862
S2140295A0384040F271216E4B1B68B3FBF1FA192367
S2140295B006FB0AFABAFBF3FA002F40F0A480CDF8B5
S2140295C008A02604002A40F09380664BA4F14001CE
S2140295D0A3FB0A2303A83A46039319F0A5F9039CB2
S2140295E0614BAAEB040AA3FB0A2381463A463021C2
S2140295F004A8049319F098F9DDF810B00190AAEBCC
S2140296000B0205921021012205A819F08DF9019B83
S2140296104FEA092949EA0319059B49EA000946F473
S214029620804604EB0B0046F010061844FFF7E4FCF5
S21402963000F50C542834D8F80030AB4221D140F65D
S214029640FF724A4B2046C3F8C020A3F58053C3F8E6
S214029650C090A3F58053C3F8C460454E346002F050
S21402966055F94FF47A72434B404298653368B3FB20
S214029670F2F3394A9380364B95F82B201F70354B00
S2140296801A704FF47A73B4FBF3F063E7324B187830
S214029690FFF72EFE441E8C4228BF0C46012C38BF14
S2140296A00124E4B271E795F83C31012B05D0022B78
S2140296B03FF477AF8BB1002473E70F23B4FBF3F3C9
S2140296C0591CC3EB0313E41A0134E4B2C9B22404EE
S2140296D044EA0154C4F3074463E70F23B4FBF3F4EC
S2140296E0254B01341B6853FA84F414F8014C58E7EE
S2140296F03A46214602A819F017F94FEA002949F01E
S2140297001109029892E72146012204EB042605A8D5
S214029710CDF814A004EB062619F006F96400032C13
S21402972038BF03244FEA002949EA0019033C49EAF4
S214029730000900F01F0004FA00F0FFF75DFC00F5D8
S214029740FA6478E7004001B8AC7D00207967002013
S214029750E67D0020E57D0020BE7D0020204001B889
S2140297604C60002069C2F568911E856B006001B8E6
S21402977034600020001F00B000600020685D0020FA
S214029780014B1870704700BFE77D002010B50446F5
S214029790FAF7F8F978B1174B1B786BB964B1164B28
S2140297A01B784BB1154B1B78013B012B04D84FF4A9
S2140297B00042134BDA6710BD124BDB6F1B04FAD460
S2140297C01CF013FE4FF400420F4B0446DA67A3F573
S2140297D0A0435B682BB1FDF7A7F810B1022019F081
S2140297E0E3F80222094B2046BDE81040C3F8842461
S2140297F01CF0F6BD7A6700207B67002038600020E8
S214029800002002B8000002B8001002B800D00350D0
S2140298100122024B00201A70FFF7B8BF7A670020B9
S2140298200022024B01201A70FFF7B0BF7A670020B1
S21402983037B50446354D00F09BFD354B00201C70B5
S2140298402B78002B0CBF002404F00104FFF79EFFC8
S2140298502B78013B012B08D8EB7B01A88DF804304E
S2140298602B7C8DF805300BF086FA0022294BC3F8C4
S2140298708424002C42D06A68002A35D0264B1B6806
S21402988003EB5203B3FBF2F3013B1B0243F0F80374
S2140298902A78022A2AD0032A2CD0012A31D107227A
S2140298A043F002034FF6FF701C49C1F88400A1F58D
S2140298B08051C1F88430174BC3F8842493070BD524
S2140298C0EB7B01A88DF804302B7C8DF805300BF06D
S2140298D040FA0120FFF75AFF4FF080439CB1104A2E
S2140298E00020D36703B030BDF823D1E7062243F049
S2140298F00103D7E7042243F00503D3E72246F82301
S214029900D0E70022CEE7074AEAE700BF3860002029
S2140299107B67002000C003504C600020006000B847
S214029920001002B8002002B8F0B5284F06463D46A1
S21402993004460FCE85B00FC533682B6000F018FDC5
S2140299400022234BC3F88424A17A627A42EA0142B7
S214029950C3F89024217CE27B42EA0142C3F88C24BD
S214029960217B627B41EA0240C3F888043B78032BE2
S21402997029D8DFE803F022020C178DF80410042120
S2140299808DF805200DEB010000220BF0ABF9E37B0E
S21402999000228DF80830237C042102A88DF80930B5
S2140299A00BF0A0F9637A01228DF80C30A37A042119
S2140299B003A88DF80D300BF095F9064B1878FFF7D3
S2140299C037FF002000E0212005B0F0BD38600020FF
S2140299D000C003507B670020034BDB6F002BBCBF2D
S2140299E0024BC3F888007047000002B8004000B877
S2140299F04FF0006338B1064AD367064B4FF4003285
S214029A00C3F884207047044AD367044BF6E700BFC6
S214029A10001002B8005000B8002002B8006000B87B
S214029A20084B1A6C0A2A81BF5A6D4FF0FF3302F0B8
S214029A300F02934083BF9843B0FA80F0400901209A
S214029A40704700BF00C001B82DE9F04719F00FF8C3
S214029A504FF47A752F4BB0FBF5F518604FF4FA7396
S214029A606B4307462C48190E1B0218182B4A4FF058
S214029A70000341F10001EDF70FF8294BA0F58071C4
S214029A8082460246196330B94FF0010A4A222B2158
S214029A90FBF792F852464FF47A735A432902002390
S214029AA05008ECF7F9FF1E4B1E4AB7F57A7F9A600C
S214029AB01D4B4FEA0A6619601C4BA94688460446A7
S214029AC018604FEA1A2A06D201259D222B21002071
S214029AD0FBF772F8A9464FF47A73A6FB030103FB61
S214029AE00A116D0840194FF0000341F100014A4681
S214029AF0ECF7D2FF0E4B023419600E4B48F1000809
S214029B00A408186044EA8874054B013C9C63BDE8CF
S214029B10F08700BF4C60002020A1070040420F00E3
S214029B2000C001B8021101005C60002058600020ED
S214029B3054600020506000201022044BC3F8842199
S214029B405A600122024BDA60704700BF00E100E073
S214029B5000C001B810B50446A242A2EB0000A3EB77
S214029B60010104D2034B01399B6B0133184401F007
S214029B70030110BD00C001B838B501250A4B020129
S214029B809D504FF480730446084A834053661CF087
S214029B902CFC074AA540137823EA05031370BDE898
S214029BA038401CF01DBC00BF00E101B800E001B85F
S214029BB0856700202DE9F84F164604468A461F465A
S214029BC01CF013FC022E00F0928080461CF01AFC59
S214029BD0604B614AD3F82090157D5A6EEDB252075B
S214029BE044BFD3F82090013505F003051CF005FCB0
S214029BF04846294600F038FA8446DAF80000012E74
S214029C0004BF01306044ACEB000C08BFCAF8000089
S214029C10BCF1804F7ED300F03BFA8145A1EB0501F3
S214029C2088BF4C4BDFF854E188BF01F1FF3101F0E9
S214029C30030188BF9B6BA0EB090C0EF80410A1B1C0
S214029C40F90742BF41F61F72444B5A67BA0742BF32
S214029C50424B434A5A677B0742BF00223D4B9A67F4
S214029C603D0742BF00223B4B9A6511254FF0010A81
S214029C70384B04F11002120103EB041BCBF80C0163
S214029C8038499D501A6A0AFA04F5586E0B78A2EB08
S214029C900902EDB22B4362450B704FEA041925D335
S214029CA04FF48073A340034220D11EF80420002AFA
S214029CB04BD10EB32C4AF807536607D541F61F71EF
S214029CC040F20110254B596750675967B90706D508
S214029CD0224B234A244925485A6748675A677A0717
S214029CE042BF0122224B1A613B0719D440461CF0A0
S214029CF077FB0120BDE8F88F1E4A42F809A042F819
S214029D009C3C1CF072FB17490B7823EA05030B7088
S214029D101CF066FB40461CF063FB0020BDE8F88F93
S214029D202120FFF759FE4FF480310A4A124BD160C8
S214029D301A78002ADAD000222D201A70FFF74CFE7D
S214029D401022094B40465A66D1E7074A40465366F8
S214029D50CDE700BF00C001B8F460002000E001B803
S214029D6000001F1F8567002000D001B80000010117
S214029D70000002B800E101B87C6700207D67002081
S214029D80034B10300001185800F00100704700BF66
S214029D9000C001B82DE9F0419DF818800D46B8F1D3
S214029DA0000F08BF0022214EB5F5803FB168074676
S214029DB021F4700141F4A001B1609DF820409DF8A5
S214029DC01C104FEA042444EA016444EA031444EAF9
S214029DD0084444EA02044FF018014FF436722CBFCE
S214029DE0002001207465FAF7E7FE3564B8F1000F2B
S214029DF01AD00F4BBC68D3F888305A2C38BF5A2476
S214029E005B0606D500F06CFC18B10A4BB3FBF0F308
S214029E101C44204600F03CF90130854238BF00223F
S214029E20024B34BF5A645864BDE8F08100C001B8E2
S214029E3000C000B800093D00F7B52B4F3D6E01F09B
S214029E4043FF04462846FFF7EBFD7B6C06460BB144
S214029E5000283AD010272020FFF7BEFD234B9F6034
S214029E606CB1002200200821FCF718FB8022204B50
S214029E705F66A3F580531F6703F540531A6102F02D
S214029E80C5FD20221B4BC3F8842101231A4A8DF8F4
S214029E900730D36813F0706FFBD09DF807306BB9AC
S214029EA01CB116B10122154B1A700F4B144A1D66CF
S214029EB05A6741F201429A6703B0F0BD0DF10701FD
S214029EC00DF10600FDF71EFDE7E7002CEDD00D4B69
S214029ED0074A5366A2F5805213672846FFF7A0FD8D
S214029EE00028E2D03D6EF8E700C001B8001002B8C4
S214029EF000E001B800E100E0000002B87C67002044
S214029F00011B01181000002010B504462120FFF79F
S214029F1063FD1CB14FF48032064BDA60064B1A78AA
S214029F203AB100222D201A70FFF756FD1022034B7D
S214029F305A6610BD00C001B87C67002000D001B888
S214029F40F8B5184D04462B6A1B0426D500F014FCFF
S214029F502B6AA0FB044613F0787F4FEA9367C3F39D
S214029F604450C3F3044505D140F239422B21FAF797
S214029F7023FE0120AD01B5FBF0F010EB871005D1F2
S214029F8040F23E422B21FAF717FE0120024600233A
S214029F9020463146ECF780FDF8BD00F0A1FBA0FBA1
S214029FA00401F9E700C000B80246012030B50B4CA8
S214029FB0A0F12003C0F1200524FA05F504FA03F304
S214029FC02B4304FA00F595428B4100D330BD0F288F
S214029FD001D00130ECE7FF20F8E700BF40420F0057
S214029FE000220B4B40F010001A700F22094BC3F8E8
S214029FF08820A3F58053C3F88800A3F580531B6A14
S21402A000DBB2802B02D0084600F080BC704700BF4F
S21402A0107C67002000E000B838B51CF0F3F9084B66
S21402A020084A1D6A147D5A6EE4B2520744BF1D6A7E
S21402A03001341CF0E2F9284604F0030138BD00BFE3
S21402A04000C001B8F46000200346064A103302EB53
S21402A05000111B01D1F80C01D158C1F3400118F0D0
S21402A060AEBC00BF00C001B8074B084A1B6810B55B
S21402A0704343146803EB817300224FF00041E4FB74
S21402A0800012981810BD00BF5460002050600020D7
S21402A0900C4A20F04043014610B5002014684FF0E9
S21402A0A00042E4FB0320084A890F126802FB030001
S21402A0B0064B9B6B984204D901330131C01A01F05A
S21402A0C0030110BD586000205C60002000C001B88B
S21402A0D0044B01F0F071103041F0030100011950F9
S21402A0E0704700BF00C001B808B52220FFF774FC15
S21402A0F04FF48022014BDA6008BD00BF00C001B8F1
S21402A10008B5064B4FF030401A680549920010F029
S21402A110A3FEBDE8084001F065BD00BF54A30400DD
S21402A12058A3040070B50C68651C15D0C4F302660B
S21402A1309E42C4F3074530D1A4B294422DD804EB14
S21402A1408506B24229D2141BA50824F003040E5930
S21402A150340F04D0012C08D00022212402E06B1C0C
S21402A16051F82320C0E9002470BD0E4C34F8133099
S21402A17042EA03431A686B1C51F8234001EB830141
S21402A1804B6822405E4036F0704404D11B0F032B0E
S21402A19004BF8B681A430024E4E7013501EB85010E
S21402A1A0C1E700BF34A3040007B501A8E3F76CFFBC
S21402A1B04822164B5A65164AD2F8D43023F4FC339A
S21402A1C0C2F8D430134B1B689DF80530023B012BB6
S21402A1D019D84022104BC3F8FC23104BD3F85C323C
S21402A1E0DBB2FF2B00D10623094A1B03D2F8FC136D
S21402A1F09BB20B43C2F8FC33D2F83021084B1A60EC
S21402A20003B05DF804FB01F0FFFAECE7008001B84A
S21402A210000002B8002000B0001002B80080E00F74
S21402A220EC5F00202DE9F047074688461646204C8C
S21402A230204DDFF8849088B01EB9304608B0BDE8DD
S21402A240F087B6F5006F4FF010024FF00001684637
S21402A250B24628BF4FF4006A10F0E1FD08238DF8DD
S21402A26000300AF1FF339BB2009A1B0143F00363EE
S21402A2702A4023401343102200210DEB0200CDE9B1
S21402A2800038029710F0CBFD6A4699F8000004A940
S21402A290E3F7BEFDA6EB0A0608EB8A0807EB8A0779
S21402A2A099F80000E3F70CFE0028F9D0C4E700BFD7
S21402A2B0F07F300C0F80CFF3EC7D002008B5054B05
S21402A2C04FF030401A680449FFF7ACFFBDE808407B
S21402A2D001F088BC54A3040058A3040010B5044639
S21402A2E01CF083F8064B074A1C70074BFF2C08BF6E
S21402A2F01346064A13601CF073F8002010BD00BF18
S21402A300EC7D002001A10200BDA20200B07D00206B
S21402A310014B1878704700BFEC7D002000224FF4F6
S21402A32000710F4B10B51A675A679A670D4AD162C9
S21402A330012102F5E8325161DA6812F0706FFBD142
S21402A3404FF0304201245A6602F5FC5208329C66EF
S21402A350DA64054B1B689847044B5C6110BD00BF6E
S21402A360000002B8004000B8B07D0020002002B80D
S21402A37001230F4A0F49C2F880328A6A22F002028B
S21402A3808A620D4A53600D4A53600D4A5360A2F525
S21402A39080425360A2F54042536002F5C0325360D9
S21402A3A002F580425360A2F500425360704700BF38
S21402A3B00080005000C0005000D000B8005000548A
S21402A3C0005001B808B5FFF7D3FF0D4B0D4ADA6708
S21402A3D001F012FAFFF7E8FE03220B4BC3F8E02067
S21402A3E000F070FA4FF46072084B5A614FF4007234
S21402A3F0DA67FEF75DFABDE808400021FEF734BAD8
S21402A400000002B80048F000005001B8001002B880
S21402A4102DE9F04F804687B002900D4655F8044B62
S21402A420631C08D1029BC8F80040A8EB030080100A
S21402A43007B0BDE8F08F5FEA147B18BF0122324BEB
S21402A440C4F3016A33F81A1008BFC4F307424FEA8E
S21402A450C209A4B22D4B44EA014409F10401414465
S21402A460994241D398453FD80020E1E7059B23BB9C
S21402A470072017F0420F20FA0AF000F001002BD155
S21402A48017F0280F20D100222244BBF1010F46F814
S21402A490082C4FF0FF3218BF0022019B043453F8F9
S21402A4A0041B08364A4046F80C2C0193049B9C4237
S21402A4B0DCD10399C8442944AFE74FF40F62322136
S21402A4C00020FAF779FBDEE740F6F4023221FAF7CB
S21402A4D073FB4FF48052D7E740F6F9023221FAF7BF
S21402A4E06BFB4FF40052CFE79300039304EB820317
S21402A4F00493012303FA0BF707F0940308F1080606
S21402A50001950593D2E700BF34A30400003000B0E3
S21402A510F8B50546F0B10026154B34461F461549D8
S21402A52053F8042BBAB9A00000F13040294600F5D2
S21402A5300150FFF76DFF30B940F6A5223621BDE87F
S21402A540F840FAF739BB0C4B0134044447F826505E
S21402A55023F81640F8BDAA42FCD001360C2E02D0D3
S21402A56031F81640DCE740F6BF2236210020E6E747
S21402A57060600020406300204263002070B5C0B1D6
S21402A58000296ED0002213463749384C51F8045B36
S21402A59085420FD136498A689206FCD49B00354A1A
S21402A5A003F1304303F50153C2F8B0302022324B98
S21402A5B09A6070BD01320C2A53D034F81230E5E7A7
S21402A5C01FD142680830C3E900120268531CF0D05B
S21402A5D0C2F3016334F8131012F47E0F93B243EA07
S21402A5E0014313D00430C2F30742022A0168E7D9B6
S21402A5F046688568033AC3E900169D600C300C3342
S21402A600F3E7012AE1D104301960DEE7120F00F108
S21402A61008054068072A09D8DFE802F007040A0E90
S21402A6201114191EC04303F5005318602846CCE7E0
S21402A6301A6842401A60F9E703F58053F5E718F006
S21402A640B3F9F3E7012203F580538240F2E70122D1
S21402A65003F500538240EDE71A6830EA0202FBD1A6
S21402A660E4E7064CB1E700BF6060002040630020CC
S21402A670000002B8001E00B0001002B834A30400A6
S21402A6800B4B1B68D3F8F03023B11A68022A01D9A3
S21402A690186A7047074B9A6D90B238B1064BC2F3F0
S21402A6A007421B68DB085343B3FBF0F0704700BF5A
S21402A6B0685D0020004001B84C600020064BDB6855
S21402A6C0C3F30363984206D1044AD36B23F0F00324
S21402A6D043EA0111D1637047000002B8001F00B0C0
S21402A6E0054B1B68D3F8F03013B11A680A2A01D852
S21402A6F0FFF7C6BF186C7047685D00202DE9F34768
S21402A700054618F04AF900278046194EDFF864A07D
S21402A7101BF06BFE0DF1070181460DF10600FDF7F9
S21402A720F1F89DF806300BB3DAF80C3013F4603FFC
S21402A7301CD0DAF8100018F09CF904466B1C03D003
S21402A74018F02BF9A0EB080748461BF049FE14F553
S21402A750007F07D19DF8063013B99DF807300BB17C
S21402A760AF42D5D3204602B0BDE8F0873446E5E7CF
S21402A77000FEFFFF00C000B80B4A10B5136E0B4C6C
S21402A780116E03F00703E35CC1F3CD0101FB033353
S21402A790126E0748C2F3454202FB0333006880018B
S21402A7A0B0FBF3F010BD00BF004001B82CA30400BC
S21402A7B04C6000202DE9F0418046FFF7DDFF04469D
S21402A7C028B940F6B9522B21FAF7F6F901242246A7
S21402A7D000234FF0384047F62901ECF75DF9804533
S21402A7E061D2A4FB0884314B984574F100034ED322
S21402A7F00023404621462D4AECF74EF9002914BFA5
S21402A8004FF0FF360646B6FA86F6C6F11F060F2E3C
S21402A81028BF0F26012E38BF01264FF40043244FCF
S21402A820244D3B624FF470632B6233022146224A68
S21402A8303B6240460023ECF72FF9C6F1200201FAEC
S21402A84002F220FA06F4A6F1200321FA03F31443D7
S21402A8501C43204600236422F140ECF71DF900EB6E
S21402A860800303EB8303A4EB8304E4B25F2C18D8C3
S21402A870022C0ED90323B4FBF3F4104B24042B62F0
S21402A88044EA80640A4B44F078741C6206E00126AF
S21402A890C3E70B4B2B624FF404133B620020BDE868
S21402A8A0F0811F24E9E72120F9E700BF0090D003DA
S21402A8B000D000B800E000B800C409000000FFFFA6
S21402A8C00000FF030122014BDA677047001002B84E
S21402A8D00122014BDA677047002002B84022014B82
S21402A8E0DA677047002002B84022014BDA677047E9
S21402A8F0001002B84FF0807310B1024AD367704757
S21402A900014AFBE7001002B8002002B810F1800FDF
S21402A91004D04D28CEBF7F20323040B2FF22034BF8
S21402A920C0B21A62A3F580531862704700E000B8FE
S21402A9300122024B98611A61704700BF000001B8FD
S21402A940084910B5D1F89C3040B11C46CA68D1F807
S21402A9509C309C42F9D1C2F30362027003F00F00EE
S21402A96010BD00BF000002B8064B01F080011B6F4D
S21402A97003F480030B4302BF4FF40012024B1A6229
S21402A980704700BF000002B8006001B8124B197889
S21402A99009BB124A106A5860D2F88800D860526E14
S21402A9A01A610F4AD0689861D06BD861D2F8B400A9
S21402A9B01862D2F8B8005862106B9862506BD86270
S21402A9C0926B1A6301221A70064B074AD3F8A0004C
S21402A9D01060C3F8A010704794600020004001B8D1
S21402A9E0004000B8001E00B090600020164B1A7897
S21402A9F04AB35968154A1162D968C2F888101969AB
S21402AA0051669969A2F58032D160D969D163196A13
S21402AA10C2F8B410596AC2F8B810996A1163D96AB2
S21402AA205163196B9163012102F500529164102162
S21402AA30A2F58052C2F8841000221A70044B1A68DB
S21402AA40044BC3F8A020704794600020004001B871
S21402AA5090600020001E00B0194A38B5136A03F44D
S21402AA60E071C02921D003F0C003802B23D1154BFF
S21402AA70154A01255A66302203F580535A66052286
S21402AA80A3F59033DA6003F580539D641BF0ADFCAA
S21402AA9004460E4B29461D610D4B00205B68984705
S21402AAA02046BDE838401BF09BBC23F4E07343F01D
S21402AAB080031362DBE70023C2F88830D7E700BFC3
S21402AAC0004001B8005001B80F00FFFF000002B8B6
S21402AAD0987D0020012838B501D0042831D11E4BBC
S21402AAE0D3F8B42022F48042C3F8B420D3F8B820B6
S21402AAF022F48042C3F8B8200122DA6324221A63C1
S21402AB004FF480725A634FF49C729A63102203F5D4
S21402AB100053C3F88420052201250F4BDA6003F5A3
S21402AB2080539D641BF061FC04460C4B29461D6154
S21402AB300B4B00205B6898472046BDE838401BF068
S21402AB404FBC3F22074B06285A660CBF064A074AE6
S21402AB50A3F580535A66DEE7004000B8000002B84C
S21402AB60987D0020006001B83800FFFF1200FFFF4A
S21402AB704FF604014FF60502044B01201B6C9BB2F4
S21402AB808B4208BF1346024A136670470080E00FE6
S21402AB9000C001B82DE9F8431BF027FC0C224FF049
S21402ABA0B04700212B4C2C4D637C06465A433A4450
S21402ABB01163D5F870802967D5F8000194F810C0A3
S21402ABC0E06026480233C0F88CC00320C5F80001B6
S21402ABD0012000FA03F3224843614FF48070214BB0
S21402ABE0586602203B6A0133A36053631063013345
S21402ABF03A6A00BF00BF00BF00BF00BF00BF00BF71
S21402AC0000BF686E10F4807915D19342F0D139B145
S21402AC1030461BF0E5FBCD221A214846F9F7CCFF59
S21402AC200C21627CA3684A43023302F1B042A3605D
S21402AC3001215363DBE74FF480720A4B30465A66B3
S21402AC400122C5F87080C3F80021BDE8F8431BF066
S21402AC50C7BB00BFF460002000C001B800800350EC
S21402AC600020005800E001B82DE9F74F81460E4655
S21402AC704FF0FF34FFF7D0F9002501908A46A04630
S21402AC802846DFF8D0B005F110031B015BF803700D
S21402AC9007F00307012F15D12846FFF7D5F902461C
S21402ACA00B4601985146FEF755FFDBF8643005F176
S21402ACB00802D340DB0736D5002E3DD00024A0463E
S21402ACC0356038460135082DDDD148B300221146DD
S21402ACD0204DAF68AB6B0133E8FB034107F440330A
S21402ACE0B3F5003F30D16B6B07F44057013342F1A6
S21402ACF00006B7F5805F22D12D6B15F5807505FB32
S21402AD0006F642F1000203FB0266A5FB033232445A
S21402AD10594304FB0212A3FB04342244C9E900325D
S21402AD2003B0BDE8F08FA04271EB0803C9D206B1AA
S21402AD30356004468846C4E73446B046C1E7320268
S21402AD4042EA13621B02E3E72B6B13F5807342F1B0
S21402AD500002DDE700C001B808B517F0B9FE044BE3
S21402AD605A7C012302329340024A536108BD00BF57
S21402AD70F460002000200058FF2870B53ED0FF295E
S21402AD8038D00B2834D8022932D81F4C1F4B617496
S21402AD9041F44021207441F44071063043F82010FB
S21402ADA01B4B1D6817F081FE6E08ED070246002356
S21402ADB028463146EBF770FE090241EA1061C0F3FD
S21402ADC0C05040EA4100134B2060186B10F58070AB
S21402ADD005D14FF4D7722B21F9F7EEFE0220024678
S21402ADE0002300200121EBF757FE6060002070BDB3
S21402ADF02120FCE70B28FBD80021C6E7FF294FF0ED
S21402AE000700C0D1F8E700BFF460002000800350BE
S21402AE104C60002000C001B810B51BF0E6FA0446EC
S21402AE20FFF7B8FE0222054B2046BDE81040DA6066
S21402AE300122034B1A701BF0D3BA00BF00C001B840
S21402AE40866700200C490B78ABB10C4B5A7C012369
S21402AE50023293400A4A936153614FF48062094B6F
S21402AE60C3F8802100230B70074BD3F80C01D3F8EC
S21402AE70041100F0ABB8704786670020F46000202B
S21402AE800020005800E100E000C001B810B50446FA
S21402AE9017F00BFE6043044B00F5F42000F59070AB
S21402AEA0B0FBF3F010BD00BF40420F002DE9F74F94
S21402AEB0FFF7ECFF04461BF098FA00213C4D0646CD
S21402AEC068462970FFF7D0FE4FF0B0431F6A394B31
S21402AED0DB6813F0706F1ED1374B5B6913F0060AFE
S21402AEE019D1F0B1DFF8DC80611DD8F80000A1FBB3
S21402AEF000B917F0DAFD5346024649465846EBF7C4
S21402AF00CBFDDDE9009A090241EA106100024845DC
S21402AF1071EB0A010DD3304603B0BDE8F04F1BF0CB
S21402AF205FBAFFF737FE0222234BDA6001232B704B
S21402AF30F1E7FFF72FFE17F0B8FD4FEA192141EAB5
S21402AF400A61A0FB01B9D8F800204FEA1A2A00FBD2
S21402AF500A9912B917F08BFD024600235846494655
S21402AF60EBF79AFD4FF00C0E0122DFF85CC00134BD
S21402AF709CF811303F1B991C0EFB03F38A400F49C5
S21402AF80074403F1B0434A615F630D4F241ABA6166
S21402AF904FF0B0473F6A5B6BFB1AA342C3D2DCF8A2
S21402AFA00C00054BC3F800018A614A61B3E700BF93
S21402AFB086670020000002B800C001B800200058D2
S21402AFC0001000584C600020F46000202DE9F74F76
S21402AFD00C228D4C0191637C8C4E5343002203F16C
S21402AFE0B0431A63217C8A4B0546C3F8AC104FF473
S21402AFF00031884B904619610223F3604FF0B0434C
S21402B0001B6A5F1EDB1B002B40F3E88008F1010879
S21402B010B8F1020F69D9EC220D210020F9F7CCFD18
S21402B0204FF080527C4B794E5A66E2684FF0000829
S21402B030C6F800214FF400321A61754BC3F8AC8093
S21402B0400C23627C5A4302F1B042C2F830801BF0F5
S21402B050CCF9434641464FF4807E376AD6F864C040
S21402B06003F110021201B25802F00302012A10D1B3
S21402B0700EFA03F212EA0C0F0BD106EB0314BD42D2
S21402B080D4F80C4100F2BA80A54202D2A74280F060
S21402B090B8800133082BE3D1604C2268012A08D815
S21402B0A05F4D2B78142B02BF00235E4E33700133A4
S21402B0B02B70A9B1544D012A6B8A43EA01036B82B5
S21402B0C0544B59660CD857490B780133DBB2022B26
S21402B0D00B7005D1002301322260514A0B701370A7
S21402B0E003B0BDE8F04F1BF07BB94FF00C0A4FF0EF
S21402B0F00009637C0AFB03F303F1B043C3F8309004
S21402B1001BF073F94FF08053434A53664FF0B04337
S21402B11094F811E01F6A0AFB0EF3013703F1B043FD
S21402B1205F63316BB368DB034ED5A2682368BA1A35
S21402B130A2FB03A2D4F804B0AAFB0BC3CC46E2FBE4
S21402B1400B3C01F58079A9FB031B09FB0CBBBAEB90
S21402B150010162EB0B02090A41EA0261019A1144FB
S21402B160B1EB192F4FEA192203D301334CF1000C2D
S21402B170891A043A8A4228BF0A46EB18B261227D2F
S21402B1804CF10001D6F820C0D2B26545D6F838C0D8
S21402B19084BF02F1FF32D2B2BCF1FF3F0ED04FF0B5
S21402B1A0000A0CF101099C457AEB010B08D2013228
S21402B1B0B3EB0903D2B261F10001F4E70A44D2B25A
S21402B1C002F00302227533620C2303FB0EFE0223F7
S21402B1D00EF1B04ECEF830301BF002F94FF0B0430D
S21402B1E01B6A00BF00BF00BF00BF00BF00BF00BF9A
S21402B1F000BF726ED2007FF505AF11E7A542BFF41D
S21402B20045AF0A4391B244E7F460002000C001B89B
S21402B2100080035000D001B800E001B8A05F002013
S21402B220886700208767002037B50446FFF7A0F836
S21402B230E17822791B4841EA0243C0F8CC34E5792A
S21402B240A37943EA0543C0F8D03423784BB18DF88E
S21402B250041004218DF805200DEB0100002209F0F0
S21402B26041FD63785BB10421A37900228DF8043096
S21402B270E3790DEB01008DF8053009F033FD2278F5
S21402B28001235AB1084AC2F8C834627802233AB196
S21402B290054A0020C2F8C83403B030BD034AF2E7BC
S21402B2A0024AF6E700C0035000D0035000E0035005
S21402B2B070B52B4B0D461A7812B92A4A926D1A703F
S21402B2C0294AD26F520549D51C78284B04F00F063E
S21402B2D0B0FBF3F040434FEA141405D140F2896202
S21402B2E02B21F9F769FC0120214A0A217243B2FB9D
S21402B2F0F0F34843B3FBF1F602EB5002B2FBF0F276
S21402B30001FB1633042BD2B21BD8C3EB8311C3EB5B
S21402B31081035BB2002B14BF6FF0040105210B44BE
S21402B3200A2193FBF1F31C44E3B264B20F2C0FDD47
S21402B330013AD2B2053B5CB2002042EA04122A600D
S21402B34070BDC3F10A0303EB83030521DBB2E6E714
S21402B350002CF1DA0132D2B20533ECE70220EFE735
S21402B36089670020008001B8000002B8403B250033
S21402B370809698004FF0000C2DE9F84FA2FB017959
S21402B380C84EDFF868E3BE19984669F10003B64571
S21402B3907CEB030308D240F243220E216046F9F703
S21402B3A00BFC0220BDE8F88FD0F8F0600C4615467C
S21402B3B08246002E00F014813368032B40F210817F
S21402B3C0042BD6F828A00AD11AF0807F14BF4FF4B7
S21402B3D040030AF0E0732AF0E07A4AEA030A19F018
S21402B3E0A3FA012D8346DCD10028DAD0AE4B984270
S21402B3F000F0318103F5122303F5F863984200F05A
S21402B4002E81AA4B984200F07C810246002300203F
S21402B4104FF00071EBF740FB0130A7FB007200FB18
S21402B4200922CAF31303A3FB0B3B20329209C8F886
S21402B4300020DB0C9E4A43EA4B331AF4801F14604A
S21402B44008BF5B429B4A9C4DC8F814401C441360DC
S21402B4502C60002E00F0C180984A83EAE370A0EBCD
S21402B460E370CAF38153D75C4FEAE07E47F340119C
S21402B47000FB01F1BF0607FB0E11A0FB07071AF03F
S21402B480807F18BF64084FEA540C10EB0C004FF094
S21402B490000341EB07012246EBF7FEFA33680E2B58
S21402B4A008D9874B874A926BD969D3F80C31C906FB
S21402B4B000F11E811AF4001F14BFC42140F20711C6
S21402B4C0C0F31300C8F804007F48B269A0FB0470FA
S21402B4D0400901FB00F04FF4FA73B0FBF2F000FBF8
S21402B4E003F3FA33A4FB0117A3FB02328B42BA41E1
S21402B4F038BF0130C0B240F4006CC8F808C000285B
S21402B50000F0AB80F769A0FB073224B1B4FA84F1ED
S21402B5100E2940F3B180E103002A40F0AA80B1FB75
S21402B520F3F14B0003FB0003A3FB07624FEA044E52
S21402B530B6454FEA144474EB020209D340000344B2
S21402B540A7FB0362B64574EB020201F10101F6D2D3
S21402B550C1F30E014CEA013C4CF00063C8F8083017
S21402B56019F0E2F92C68002C00F0DC80B4FA84F3BF
S21402B570D3F1020358BFDC40544B9C4288BF640898
S21402B580002800F0C080B4FBF0F3642100FB1342F5
S21402B59001FB02F25D1E90424FEA550500F2C8809A
S21402B5A05B08013B2D0245EA0315C8F80C5019F05A
S21402B5B081F9002855D0B4FBF0F3642100FB134454
S21402B5C001FB04F4A04252D85A1E52085B08013B03
S21402B5D0120242EA0313C8F810300020BDE8F88FC2
S21402B5E03B4A3C4BD2F8FC601A68924525D050463E
S21402B5F0394917F0FDF9374BC0F3140B1A68924518
S21402B6001FD05046354917F0F3F9324B42001B68FB
S21402B61048BF4BF4001B9A451AD05046304917F0E3
S21402B620E7F943074EBF4FF44000800500F0E07094
S21402B6304BEA456A4AEA000AD1E6224B9B6BC3F301
S21402B640140B1F4BD3F8EC30590001D54BF4001BFA
S21402B6501B4B186EE5E72348DFE62120A2E62248C8
S21402B660DBE640F2F2422B21F9F7A6FA2346013B2B
S21402B670AAE70346002157E7C1F10F0601F1110EB2
S21402B68002FA0EFEF34043EA0E03A6F1200E22FA59
S21402B6900EFE43EA0E03F240013304FA01F142F1D0
S21402B6A0000239E7006CCA8800F04902005A6202BA
S21402B6B0D0600020CC600020C86000203CA30400BC
S21402B6C0004001B8008001B8D34D62103FBE40254D
S21402B6D0001F00B0685D0020388001B8EC4001B859
S21402B6E0604001B80A3BB2DF313641DC807C814AD9
S21402B6F002F4801203F400131A4308BFC0F5801048
S21402B700D8E60F4889E6631EA51E5B086D08013B56
S21402B7102D0245EA031540F2CF422B210020F9F70D
S21402B7204BFA42E76FF01F0500287FF43EAFF2E7C0
S21402B730023B013D5B082D0145EA032535E700BFC4
S21402B740D694BFD610B50B46044686B039B9827970
S21402B750016821486B460068FFF70CFE6B461F4ADD
S21402B760196851631E4AD2F8FC2062B35A6842B185
S21402B7701C4A1D49C2F80C115968A2F58052C2F83B
S21402B7800C119A6842B1174A1849C2F8EC10996827
S21402B790A2F58052C2F8EC101549D868D1F8642197
S21402B7A022F4EE620243C1F86421D1F85C211869E2
S21402B7B022F4EE620243C1F85C21A1F5FF4158690A
S21402B7C02839FFF775FD0020A2880A4B9A6203F516
S21402B7D0A033186406B010BD685D0020008001B872
S21402B7E0001F00B0006001B8FFFF0F00FFF8FF0F58
S21402B7F0000002B8004000B84FF48062014BDA67DE
S21402B800704700BF001002B84FF48062034BDA673D
S21402B810034B1B780BB1034A93657047002002B8AE
S21402B82089670020008001B80523064AA2F84A303C
S21402B83092F8493003F0010363F0730382F849304B
S21402B840704700BF001F00B070B51D4E0546F36876
S21402B85003F07063B3F1007F30D11AF0C6FDF368CF
S21402B860044603F07063B3F1007F22D1284616F037
S21402B8702CFF30B1134B93F8C42012B1002283F888
S21402B880C5200F4B1B6F9B0510D50E4B0E49D3F8E8
S21402B890A83009691A789B6843F80C1C32B94FF431
S21402B8A000320A4BCF20DA61FEF796F88022044B6C
S21402B8B01A6120461AF094FD002070BD0220FCE7B3
S21402B8C0000002B8001E00B000C000B8001002B8A7
S21402B8D010B590B10468012C0FD902696AB11168DB
S21402B8E0094B102C196051685960916888BFD2685C
S21402B8F0996094BFD960DA6010BD10220021024818
S21402B9000FF08DFAF8E700BFD8600020084BC11789
S21402B9101A68A2FB000302FB013310F1807043F1A8
S21402B9200003400E40EAC310803820EAE0707047F9
S21402B930E86000200722164B70B5DA66154B164AE9
S21402B9401E68164BF408E005C0184FEA163141F19E
S21402B95000010023EBF7A0F8114B124D18604EF6CB
S21402B9606020FFF7D3FF4042C5F884000E48FEF77A
S21402B9708FFB024658B1E301500818184FEA1671B9
S21402B9804FF0000341F10001EBF786F8E86570BD61
S21402B990000002B84C60002065CD1D00B2E60E0025
S21402B9A0E8600020001F00B040420F0010B50446B9
S21402B9B098B10B4BD3F8FC00FFF78AFF4FF47A736B
S21402B9C003FB04F0074BA0F6AC50DA689B68104401
S21402B9D0C01ABDE81040FFF799BF4EF66020F8E7A0
S21402B9E0001F00B0D86000202DE9F843054608463F
S21402B9F014461E46FFF76CFF002D00F0868016F0F8
S21402BA00040754D02869002800F081804FF47A7326
S21402BA105843464BA0F6AC509B68C01AFFF776FF19
S21402BA20E061A88B002875D04FF47A7358433F4BD9
S21402BA30A0F6AC509B68C01AFFF768FF20613C4B2B
S21402BA40E968D3F80080002967D04FF47A73594327
S21402BA50364BA1F6AC519A685B68891AC91A354BFF
S21402BA60C8171A68DFF8D490A2FB011302FB003352
S21402BA7011F1807143F10003490E41EAC311803986
S21402BA802D4B6161DB6EA361D9F8003053B140469D
S21402BA9016F01BFE30B12246D9F800302349D8F8FA
S21402BAA0E40098470021A869FFF780FFA062B30769
S21402BAB011D5284600F086F860626B6983B31B4A8C
S21402BAC0D0684FF47A7202FB0300A0F503501038D8
S21402BAD0FFF71CFF2062C7B1A86820B34FF47A7341
S21402BAE05843A0F503501038FFF710FFA0602868EF
S21402BAF040B14FF47A720D4B1B6803F51C5310339A
S21402BB0002FB0030FFF702FFE060BDE8F8834EF666
S21402BB10602083E74EF660208EE74EF660219EE7B1
S21402BB2047F23050D4E747F23050DDE7D8600020C5
S21402BB30685D0020E8600020001F00B0D46000208E
S21402BB4070B5064608461C4616F04AFF0546D6F865
S21402BB50F00000F011F84368054A002BA8BF4FF426
S21402BB60FA721A44034B601992FBF3F2104470BD4A
S21402BB700CFEFFFF18FCFFFF40B10368012B05D93E
S21402BB800069034B002808BF1846704700487047F4
S21402BB9044A3040028B1094881420CBF2F20BC20D0
S21402BBA07047074A536E506AC3F301111B0C01FB20
S21402BBB0033300F01F0001301844704748E80100C4
S21402BBC0004001B8406840B14FF47A72044B1B68DB
S21402BBD003F51C53103302FB0030FFF797BE00BF7D
S21402BBE0D860002070B5124C88B001AD0FCC0FC5DE
S21402BBF094E8070085E807008C2200210D480FF024
S21402BC000EF9D42200210C480FF009F90B4B0C4A0E
S21402BC105A63FFF709FE0B4B1B783BB1044E01AD8E
S21402BC200FCD0FC695E8070084E8070008B070BD80
S21402BC30C41F00B0A01E00B02C1F00B0001F00B032
S21402BC401011111178670020064BD3F8D80E064B58
S21402BC505B6F1A0103D4054B9B6E1B0401D500F5DE
S21402BC6080707047001000B0000002B8004000B8B4
S21402BC7010B51AF0BAFB0E2104460320FEF71EFD8D
S21402BC8040F20122034B2046BDE81040DA621AF069
S21402BC90A7BB00BF004000B8012370B5074C237055
S21402BCA0074B1E68074B3240D3E900531940284021
S21402BCB0FAF7F4FB0023237070BD00BF91670020E3
S21402BCC0F0600020C02D0020024B1879C0F3C0009F
S21402BCD0704700BFC02D0020034B1B6813F4C06FD3
S21402BCE014BF012000207047C02D002010B5044666
S21402BCF0FEF768FB00F024FF2046FCF709FEFEF77D
S21402BD000DFBFDF7A1FEFDF717FFFFF713FE134924
S21402BD100723134AD1F8FC1004F58270FFF764FE7D
S21402BD204FF080710020FEF7D3F94FF000720D4BF2
S21402BD304FF400110120C3F80021FEF7C9F9FEF7FF
S21402BD4017FF20B94FF48F721421F8F735FF16F05B
S21402BD50C8FEBDE810400120FDF76ABD001F00B016
S21402BD60581F00B000D001B88023074A1367082383
S21402BD7040B11367054AD2F8A03023F02003C2F878
S21402BD80A0307047024AF4E7001002B8001E00B066
S21402BD90002002B8012110B50020FFF7E5FFBDE83C
S21402BDA01040024B1961024B5B681847000002B84C
S21402BDB0987D002070B582B005461446FAF7B4FDA9
S21402BDC0002800F08E80504B5B6913F0060340F0AB
S21402BDD0888022790093022A41D1237B022B32D01B
S21402BDE00320FDF7CDFF18B9484BDB685B0478D516
S21402BDF0A37B267B003B18BF0123A2684449012E81
S21402BE000B70019273D000F08DFE0420FDF7B4FE95
S21402BE1004203D4D0223696F324621F0F85121F489
S21402BE20F81141F0506141F4803169670DEB000171
S21402BE30FDF7C0FE044600284CD0012030223549CA
S21402BE40354B0870DA67354C23689847212849D164
S21402BE500121636800209847002002B070BD0320CD
S21402BE60FDF78EFF00283CD12179D5F80C31012947
S21402BE70226839D0D01A0026234B294A00905A67E6
S21402BE809E67637B274823F04006002EC3F3801389
S21402BE9003700CBF012300232349244A0B70D2F8F7
S21402BEA0A030224A0CBF43F0200323F02003C2F83E
S21402BEB0A0300320FDF760FE134A1D490123516797
S21402BEC0032069462279FDF775FED8B10122194B87
S21402BED01A7082E70320FDF74FFE114A154B6A6778
S21402BEE01C700E2002B070BD9342C4D8C2E72379FC
S21402BEF0022B88D0009BD5F80C1100260B44134465
S21402BF00019380E72120EDE700C001B8000002B8E7
S21402BF109067002093670020001002B8987D0020EA
S21402BF20000001018E6700208F670020001E00B00F
S21402BF30010C01008D670020F7B500241A4B064657
S21402BF4020461A4F1C70FFF70FFF194B0D467B67F2
S21402BF50BC674879431E58425841FAF7CBF940F677
S21402BF600143BB672A792968012AD6F8143101D120
S21402BF70994200D3CC1A042303200DEB030101944B
S21402BF80FDF718FE28B9882221200A4B1A6703B04B
S21402BF90F0BD094C236898472128F8D101210020DA
S21402BFA0636898470020F2E78D67002000C001B85A
S21402BFB000000101002002B8987D002038B5164C1A
S21402BFC00546207840F27D22B0FA80F03E214009F4
S21402BFD0F8F7F2FD55B14FF44062104BD3F8B43087
S21402BFE0C3F3812323700E4BC3F8B420607840F26B
S21402BFF07D22B0FA80F03E214009F8F7DDFD55B10A
S21402C0004FF44062054BD3F8B830C3F38123637014
S21402C010034BC3F8B82038BD8A670020004000B83A
S21402C020006000B8A82238B51B4B1D6F03F50053FD
S21402C0301A6710229A60A3F5804302F100521A672B
S21402C0405A6600F0A3FF154B1B7813B90320FDF7C1
S21402C05093FD0024124B9C6700F0BEFF114A124B60
S21402C060D2F8D81E0B40C2F8D83E04220F4B1A67ED
S21402C0700F4BAA06C3F8AC4008D503F58073DB6CF9
S21402C080B3F5817F22BF8022034B1A61FBF7A0FB28
S21402C0900022084B1A7038BD000002B88D670020D7
S21402C0A000C001B8001000B0DF0000FF002002B898
S21402C0B0001E00B08C67002008B5FFF7D9FD00F01F
S21402C0C08BFF4FF40072084BDA62012203F5E83365
S21402C0D05A61042203F580531A674FF4C062A3F52F
S21402C0E04043DA6208BD00BF004000B838B5174AC0
S21402C0F0174B184C256F5A6700F06EFFFF22164B3F
S21402C10015F0A00F9A604FF4807222614FF004027D
S21402C1101A6701D000F054FF6369D90714D5E068A6
S21402C12010F07060FBD10D4AD36B23F0F003D3639B
S21402C13000F0AEFF0A4BD3F84C315A1C01D05B001C
S21402C14002D50122044B5A6138BD00BF000001012E
S21402C15000C001B8000002B8002002B8001F00B0FC
S21402C1600080E00F034B187818B9034BD868C0F369
S21402C170803070478C670020000002B8994B2DE98A
S21402C180F04F9A6EDB6E87B002EA0308964BC3F84E
S21402C1906880964BD3F8E070D3F8EC301F40944B8F
S21402C1A0C3F8E070934BD3F80822D3F80C3202EAB5
S21402C1B0030A914BC3F808A203F52043DA691B6A07
S21402C1C002EA03098D4B09F47702DA618C4BD3F845
S21402C1D00422D00605D4D3F8046116F0100600F047
S21402C1E0DD801AF002F9874B5A695E6E02F0060B82
S21402C1F0BBF1000218BF01221B6F01921E40824A49
S21402C20026F0007323F400637107536604D57F4A51
S21402C210137D0133DBB213751AF0E2F8B8F1000FA2
S21402C22000F0DD8018F4004427D01AF0DEF801464C
S21402C230FFF70AFD0446764B1D682A682B689A4269
S21402C240FCD02A689A42FCD0FFF7FEFCA04240F0DF
S21402C250A78008461AF0C4F86E4B1C606E4B1D6F22
S21402C26015F4E05B40F09E8024F07F4424F0DF0467
S21402C2700CB9FFF7D7FE4FF08074002518F0020FB6
S21402C28012D0654B5D491B6F03F460420A67002AB1
S21402C29000F09C801A0400F19C809D0440F19C8072
S21402C2A04FF0006300251C43C8F340384FEA4808A5
S21402C2B05A4B3B40002B4AD017F4206F0AD04FF45B
S21402C2C0B96206210020F8F777FC002000F0E0FEB5
S21402C2D027F48027F80506D5FF22484B44F4C064AD
S21402C2E09A60FFF7C5FC17F0090F0AD040F2DD523C
S21402C2F008210020F8F760FC00F0BEFE01223B4B4E
S21402C3001A6317F0106F0CD040F2E6520921002093
S21402C310F8F752FC00F0B0FE002211461046FCF779
S21402C32097FB17F4202F0AD040F2EE520721002086
S21402C330F8F742FC002000F0ABFE27F48027F90352
S21402C34001D5FCF725FD002FB8BF48F008087A078C
S21402C3500DD5264BDB6A13F4005F4FF4005317BF6C
S21402C360234A2F4AD36244F4000408BFD3627B05F3
S21402C37048BF44F0040417F48023029300F0B5800B
S21402C380FCF7BEFC013806284CD8DFE810F068013E
S21402C3906B0168016E0171017401740101963DE73B
S21402C3A004464AE7FFF73EFE144BC3F870B015F496
S21402C3B0805305D115F4806505D04FF080645CE7A4
S21402C3C04FF0804459E74FF0805457E74FF0007320
S21402C3D068E74FF0004365E74FF0005362E74446D4
S21402C3E0454665E7004000B8006000B800400054CB
S21402C3F000600054004001B8006001B8002002B896
S21402C40000E100E000C001B800E001B8F4600020DE
S21402C410C4A20400EC600020000002B8090B0B89DD
S21402C4200050005440F21F6203210020F8F7C4FBBC
S21402C43001219B4A936ED2F8880003F00703063365
S21402C44001FA03F3C0F30C001B1A9BB2072B12D996
S21402C450944B1B6F58020ED49348936B926D406DAB
S21402C46058B103F0070306339940C2F30C03C91A06
S21402C47089B2072901D844F400748C4B1B78002B30
S21402C48033D0874BD3F8E03013F4A02F2DD1884B4E
S21402C490DFF85CB21B7883B9F2040ED49BF8003046
S21402C4A05BB18449C4F3C003D1F8D81E83F00103FC
S21402C4B05B0021FA03F39B0717D10420FDF75CFB10
S21402C4C07D4B7E49596700F02DFB9BF8003043B93F
S21402C4D07B4B1B782BB17B4B7B4A1B68234013425A
S21402C4E001D144F4804426F48056BAF1000F1DD0E0
S21402C4F01AF4805F18BF44F480241AF4807F18BFB1
S21402C50044F400241AF4005F18BF44F010041AF42E
S21402C510007F18BF44F020041AF4806F18BF44F05E
S21402C52040041AF4006F18BF44F08004B9F1000FFB
S21402C53047D019F4001F0AD0644B1B683BB1594A16
S21402C5406348116F00680022C1F3C061984719F46E
S21402C550802F18BF45F4007519F4803F18BF44F4C5
S21402C560805419F4801F18BF44F4003419F4800F65
S21402C57018BF44F0020419F4003F18BF44F48014B4
S21402C58019F4000F18BF45F0100519F4002F18D043
S21402C590504BD3F8A03013F0C00F12D0414BDA68DC
S21402C5A002F03062B2F1407F05D15A6FD00602D453
S21402C5B09B6F190762D54FF40022474B29F40029D6
S21402C5C0DA61002E00F0468132051ED54349DFF8B7
S21402C5D0E8B091F803A0424ABAF1000F00F08A8050
S21402C5E04FF400600AF1FF3A50665FFA8AF2CA70A8
S21402C5F03AB93C4A1278002A43D040F601423A4BF6
S21402C6005A670022134614431D43B30009D52E2051
S21402C610FDF7E2F94FF00052314B45F008051A6774
S21402C6205A66F00608D52B20FDF7D6F910222C4BB9
S21402C63045F400151A675A6616F0306F40F0A0806F
S21402C640F10440F1FB80019B002B40F0DD80274B7C
S21402C6501B68013300F0548144F00104EEE044F418
S21402C6608034E5E644F40064E2E644F48064DFE6FF
S21402C67044F48074DCE644F00804D9E644F400147A
S21402C6809FE7DBF8782012F4A05F15BF4FF48072A4
S21402C69040F60142CBF85820CBF87820B1E700BF2D
S21402C6A000400054000002B8004000B89367002023
S21402C6B092670020001000B000C001B8000001011F
S21402C6C08E670020C02D0020088D0100E85F002044
S21402C6D0685D0020001E00B0002002B87D670020C2
S21402C6E000E001B88D67002000D001B8A47D0020CC
S21402C6F08F6700200320FDF73FFA4FF40061AA4A35
S21402C7005166DBF8141011F0060124D05046FDF7EE
S21402C710FBFBDBF86410DBF87030A34A0B4013F027
S21402C720100F1DD010232D2013675366FDF754F902
S21402C7304FF4001A9D499E4A4B8A13F4006F1BD091
S21402C74023F400634B82137803F0FF025BB14FF4CD
S21402C7500042534657E741F61F705067CBF87810F1
S21402C7604FF0000AE6E70392FDF7BEFCFFF75AFC1D
S21402C770039A4AF0200346E713784FF40052E8E79C
S21402C78032011BD52920FDF727F98A4B5B6C13B1C2
S21402C7901022894B9A60894B8949DB6803F48042F0
S21402C7A0C3F380330B70FFF78FFA28B1854B7E49AF
S21402C7B085484B660367D2B945F00405B30123D515
S21402C7C00420FDF7D9F92720FDF706F9FFF72AFC22
S21402C7D04FF00072744B5A667C4BD3F8D83E59061B
S21402C7E076D40222744B9A6045F0020523E00B676A
S21402C7F020204B66FDF7F0F845F400152D2045F095
S21402C8000C05FDF7E9F8D9E716F0807FDFF8A4A15A
S21402C81049D00420FDF7B0F92820FDF7DDF8DAF854
S21402C8207830002B3BD1FFF7FDFB5F4B654A45F0A6
S21402C83001051A675A6600225E4B9A65720509D58B
S21402C840634A9378002B00F0A980013B9370002383
S21402C85048EA03085F4BD3F8A0301B0603D52046F0
S21402C8602946FBF755FC424620462946FFF714FAAE
S21402C870029B0BB1FCF77AFA0122574B07F00437FA
S21402C880C3F8E070554B19F4002FC3F884211EBF7D
S21402C8904FF40022484BDA6107B0BDE8F08F002360
S21402C8A0CAF87830C1E7F004C5D50420FDF764F96C
S21402C8B04B4BCAF87430FDF717FCDAF8643013F005
S21402C8C0407FB8D12A20FDF787F8FFF7ABFB83E756
S21402C8D0404BD3F8A020920686D40221414A9160AA
S21402C8E0414A126892F82520D0077FF57DAF93F86B
S21402C8F0C430002B3FF478AF8022304B1A6173E7C6
S21402C900334A13794BB1013BDBB2137113B92E4B89
S21402C910364A5A6700231C4390E70420FDF72CF999
S21402C9200320FDF729F9234B2D4A5A6719F05DFDBE
S21402C93082460DF11700FEF703F82D4B83461B784F
S21402C9400BB1FFF795F9BBF1030F0ED1DFF86CB010
S21402C9500020FDF7F5FF032807D1DBF87430D90372
S21402C960F6D4DBF85C300C2BF2D99DF81730032B8B
S21402C97006D101221F4B50461A7019F031FDC9E745
S21402C9801D4BD3F8E03013F4A02FF2D100F0CAF812
S21402C990504619F025FD4FF48043BCE70220FDF710
S21402C9A0EBF8012354E700BF00E001B8F460002072
S21402C9B08D67002000C001B8002002B8000002B84F
S21402C9C08C6700201000002000D001B8001000B0D4
S21402C9D07D670020001E00B00060005400E100E009
S21402C9E000000101001002B8685D00200000010D81
S21402C9F09067002092670020004000540122024BFC
S21402CA001A62DA61704700BF002002B80D4B10B5FB
S21402CA10DC691A6A14400C4A24F47F01D161E207E9
S21402CA2006D5D9684FF0FF30C1F3036116F063F8FC
S21402CA30630706D5BDE81040042200200021FFF758
S21402CA402BB910BD000002B8002002B80C4A08B587
S21402CA50936B526C13400B4A9363DB070FD50A4B5A
S21402CA6040F679021878122100F00100F8F7A4F8CF
S21402CA70BDE80840002201200021FFF70DB908BDDD
S21402CA8000C000B800E000B8C02D0020054AD2F869
S21402CA908430DB07FBD4936FD2F884201340024A1B
S21402CAA093677047008001B800A001B808B519F076
S21402CAB09CFC0E4B1A78A2B90D4A126812F4843FF7
S21402CAC00FD10C4A1021D1671B7863B9084B1B683B
S21402CAD0DB0508D4074B2022DA67BDE8084019F0C8
S21402CAE07FBC054AEEE7044BF5E700BF93670020DC
S21402CAF0C02D0020002002B8001002B810B519F0B0
S21402CB0074FC0E2104460320FDF7D8FD40F20122F4
S21402CB10034B2046BDE81040DA6219F061BC00BF44
S21402CB20004000B80022044B1A70044B197811B169
S21402CB301A70FFF7BBBF704792670020936700200A
S21402CB4008B519F052FC4FF00042224BC3F8802081
S21402CB50BFF34F8FBFF36F8F0122C3F88420BFF35A
S21402CB604F8FBFF36F8F0222C3F88420BFF34F8F1D
S21402CB70BFF36F8F0422C3F88420BFF34F8FBFF337
S21402CB806F8F0822C3F88420BFF34F8FBFF36F8FD7
S21402CB901022C3F88420BFF34F8FBFF36F8F20227B
S21402CBA0C3F88420BFF34F8FBFF36F8F4022C3F8C2
S21402CBB08420BFF34F8FBFF36F8F4FF48072C3F89A
S21402CBC08420BFF34F8FBFF36F8FBDE8084019F084
S21402CBD007BC00BF00E100E008B519F006FC4FF004
S21402CBE00042094B1A6001225A6004225A60082247
S21402CBF05A6010225A6020225A6040225A60BDE8CB
S21402CC00084019F0EDBB00BF00E100E02DE9F04757
S21402CC10DDF820A003EA0108099B06460C4602EA54
S21402CC20000703EA0A09BAF1000F40F04E81031F1B
S21402CC300B4300F00E81052871F1000380F0E480BA
S21402CC4050EA010300F06081431E0B4300F024818A
S21402CC50FFF776FFAD4AD2E9005323EA040325EA3A
S21402CC6006053D4343EA0807A94BC2E900571E687A
S21402CC70DFF8F48226EA0A0646EA09061E60FFF78D
S21402CC8015FF15F02A4F0CBF4FF4004348F202037B
S21402CC90A04AB007D26EA04848BF43F4005383EAC6
S21402CCA0020122EA0302C2669C4A0B408166D366F0
S21402CCB0C5F380421203290348BF42F48072EB0692
S21402CCC048BF42F40052964BAC0648BF42F400728C
S21402CCD06806D3F80C3248BF42F48062290648BF81
S21402CCE042F400628F4882EA030123EA0203C0F894
S21402CCF00C328D4B0A40C7F34024A404C0F8081235
S21402CD00C3F80C22EA0448BF44F48034AB0348BF9D
S21402CD1044F48014A80748BF44F4800415F4001FA6
S21402CD2006D0D8F8000015F002FF08B944F4002433
S21402CD30E90248BF44F40034FA0648BF44F400044B
S21402CD4073077A4B48BF44F004041A6A44F400148A
S21402CD5084EA020323F0010375491A400A621C4062
S21402CD60CB61744B16F0010F1C62734B734A08BFFB
S21402CD701A46734B7C071B6F48BF42F0006271482D
S21402CD8082EA030123EA020303676F4B0A40416605
S21402CD901A676E4A05F00103516CA0F5803081EAED
S21402CDA0030221EA0301416482631A40684B2802A7
S21402CDB05A64D8F8002048BF664B92F8022158BF42
S21402CDC0654B690748BF43F4806322B115F4C06F10
S21402CDD018BF43F480733207604A48BF43F00043EB
S21402CDE0D2F8EC105E4883EA010222F4A022114037
S21402CDF0C0F8EC101340C0F8E0205A4ABDE8F047ED
S21402CE00C2F8EC30FFF7E8BEA0F580630B4306D00D
S21402CE1020F48063A3F500730B437FF419AF19F077
S21402CE20E4FA3A49D1E9003223EA060322EA040286
S21402CE3042EA08023B43C1E900324B4A126892F8C2
S21402CE400211474A09B313F4C06F1ED04FF4807321
S21402CE5011E019F0CAFA2D4AD2E9003123F0040390
S21402CE603B4341EA080157EA0807C2E900314FF49A
S21402CE7080633B4A0BD0C2F8E030A2F58052C2F87B
S21402CE80EC30BDE8F04719F0ABBA4FF48073C2F845
S21402CE90EC30C2F8E030F4E719F0A7FA1B4AD2E900
S21402CEA0003123F001033B4341EA0801C2E90031A5
S21402CEB001232E4A57EA08071BBF9363A2F5805246
S21402CEC05364536408BF9363DBE750EA01037FF4BD
S21402CED0BFAEBAF1010F7FF4BBAE19F086FA0C4A68
S21402CEE0136823F0010343EA090313604FF48063D7
S21402CEF0144AB9F1000F04D05366A2F580521367A4
S21402CF00BFE713675366BCE7BDE8F087C02D002075
S21402CF10F0600020004000B8006000B8005000B882
S21402CF20004001B8006001B8005001B8000002B825
S21402CF30002002B8001002B804180003041C000304
S21402CF4000C001B800E001B800D001B800C000B8C7
S21402CF5000D000B80D0A0A09090A0A09004000545E
S21402CF600060005400500054685D002000E000B8E5
S21402CF70024B186800F00100704700BFC02D002069
S21402CF80014B5879C0097047C02D00200A4B19780A
S21402CF9001F0FF0229B10021197008499202C1F876
S21402CFA0B420597801F0FF0229B10021597093028A
S21402CFB0024AC2F8B83070478A670020005000B8AC
S21402CFC04FF40062034B1A674FF40042A3F5E033B6
S21402CFD09A667047001002B8F8B5084C084D236FE1
S21402CFE00423084F2B67236F5B0300D4F8BD042687
S21402CFF002203E6715F0D8FC2E67F4E7000002B860
S21402D000001002B8002002B838B5044669B940B12B
S21402D010164BDA6812F0606F04D04FF4C062144BFD
S21402D020DA6238BD9B689A06F7D4FFF767FD0F4DA4
S21402D0300020FDF785FC032801D0092805D16B6F77
S21402D040DB03F5D4EB6D0C2BF2D9FFF7C5FF4FF4DB
S21402D0500072084BDA62012203F5E8335A610422B1
S21402D06003F580531A67002CDBD0D6E7000002B81F
S21402D070006001B8004000B808B503210920FDF79A
S21402D0801DFB2022014B1A6108BD00BF000002B83A
S21402D09038B5054619F0A9F90E4B04461868FBF791
S21402D0A0FFFC35B1FFF73EFD2046BDE8384019F0DB
S21402D0B097B9094B1B78002BF6D0084B1D78002D2C
S21402D0C0F2D1FFF72FFD2A464FF480400021FEF7EB
S21402D0D0E3FDE9E7685D0020926700209167002083
S21402D0E02DE9F74F574B074615461C6F0191002A4C
S21402D0F040F0A58004F0A004003C18BF0124FAF713
S21402D10067FBA0234FF0000A4F4A03201367FCF781
S21402D11033FD0420FCF730FDDFF86081FFF702FDE7
S21402D1204A4B4FF0040BC8F87430C8F878A0FFF7E3
S21402D13053FF474B444AD3F8A010DFF8089141F05A
S21402D1402001C3F8A010FF2191604FF48071C9F846
S21402D150101040494048D1F8D86E3040C1F8D80E79
S21402D160C2F870B0C3F8ACA0D8F8143013F0060FAB
S21402D17004D0FCF7B9FF5846FCF7FEFC0CB1FFF7EB
S21402D1801FFF47B1FFF7BAFCFFF776FF0420FCF754
S21402D190F3FCFFF7FBFED9F81430D90749D5294A24
S21402D1A0D36813F0706FFBD1274B2C4A1A672C4AB0
S21402D1B0D36B23F0F003D363019B13B12846FFF72A
S21402D1C067FF284BD3F84C315A1C01D05B0002D5BE
S21402D1D001221D4B5A6165B3234BDA6E03F50053E9
S21402D1E09A6603F5D0331B6A174A23F00103D3610C
S21402D1F01E4BD3F80C1203F50053C3F8081203F5BE
S21402D2000053D3F8841003F500539967184BD3F8EC
S21402D210EC1003F50053C3F8E010164B596C03F5F7
S21402D22000539963144903F5803359664FF6084351
S21402D2301367002003B0BDE8F04FFAF761BF002481
S21402D2405DE700BF000002B8002002B8000001013E
S21402D250001E00B0001000B0DF0000FF100030001B
S21402D260001F00B00080E00F004000B8004001B888
S21402D2700040005400C000B85000002F00C001B8A3
S21402D28010B5D0F8784184EA02030B406340C0F838
S21402D2907831064B1B68834207D1054BD3F8A000B2
S21402D2A0424011404140C3F8A01010BD685D002006
S21402D2B0001E00B0064B1B6883420ABF054BD0F81F
S21402D2C07831D3F8A03099430CBF01200020704774
S21402D2D0685D0020001E00B02DE9F84317460A4399
S21402D2E0012A054698469DF820909DF824600A9CDF
S21402D2F042D8B14540D2082E3ED8032B3CD8002C4B
S21402D3003AD00A460021F9F707FAFF201B4B09F12B
S21402D3106302D3F800C04FEAC8039840C0434946A8
S21402D32002EBC702DFF858904FEAC70E05EB8202FF
S21402D33004F1FF38CCB2A64202D80020BDE8F8833A
S21402D340AC4503BF0EEB010409EB8404D4F8E0708D
S21402D350576818F8014F0740AC4504FA03F444EA4C
S21402D360070402BF0EEB010709EB8707C7F8E04088
S21402D370013142F8044FDDE72120DFE7685D002037
S21402D380001E00B02DE9F0474FF6FC770025164642
S21402D390DFF8748003311A4B08EB00140F404FEA93
S21402D3A0001A1B686280814628F80A7002FB07F0A2
S21402D3B0E560984717FB06F39BB20246606023813E
S21402D3C0E0B11049204651F8291009F0A7FB29467A
S21402D3D0228960680DF023FD29462B469E4205DC15
S21402D3E00020D044A8F80260BDE8F0876268E068D2
S21402D3F0551850500133E5603944EFE71A20F3E739
S21402D4000C610020FCBE04003861002010B5094CF7
S21402D41004EB001463682BB1204609F081FB6068B8
S21402D42015F017FF2046BDE81040102200210DF02F
S21402D430F6BC00BF38610020034B0201C3E90010AE
S21402D440002102480DF0EBBC0C6100203861002080
S21402D4500022024BC3E90022704700BF0C61002085
S21402D46038B5094B020103EB0014E568204629464D
S21402D4709A5A09F056FB25B12B68E3606388013B94
S21402D4806380284638BD00BF38610020054B03EB99
S21402D4900010C3680B604388C1600133438009F003
S21402D4A041BB00BF38610020044A010102EB0013B1
S21402D4B0505A10B11B89B3FBF0F070473861002058
S21402D4C0054B10B553F8204004B910BD20466368DA
S21402D4D098472468F8E700BF2C6100200020134B11
S21402D4E010B51870124B134CC3E90000124B2060A3
S21402D4F018706060A060FFF7D7FF80B2A0F10E033D
S21402D5006380A0F11403013060810C49201DE38082
S21402D51009F002FB20460A4909F0FEFA04F1080067
S21402D5200849BDE8104009F0F7BA00BF9567002029
S21402D5302C6100205A63002094670020618004005A
S21402D5406A8004007480040010B50848074C09F08D
S21402D550E7FA074809F0E4FA201D09F0E1FA002389
S21402D560221F44F8043C5360636010BD5E630020D3
S21402D5705A63002070B5044648B318F043FF0023F0
S21402D58063712379054613F0100605D01023237124
S21402D590BDE8704018F031BF0D4903F0030331F8BF
S21402D5A023203046013A21F823202146094CFFF772
S21402D5B06DFF23781BB13046FFF782FF2670064BBD
S21402D5C05B6813B10120FFF77BFF2846E0E770BDDA
S21402D5D05A630020956700202C61002038B5044667
S21402D5E0057A18F00FFF054B53F82520226043F802
S21402D5F02540BDE8384018F000BF00BF2C6100206F
S21402D6002DE9F04F04468BB00592420748BF00F062
S21402D610F704029118F0F6FEDFF894A104F0030670
S21402D6200AEB86033AF826205B8880469A4204F084
S21402D630EF094FEA860739D20020FFF711FF0546A9
S21402D640A0B33AF8263001332AF82630404618F0BE
S21402D650D4FE002D40F0828023071DD51F2C1BD937
S21402D66004F0E0035744039318F0CCFE3AF8262061
S21402D670AA467B88DFF838819A422CBF4FF0000B0F
S21402D6804FF0010B464F18F0B8FE08EB86030693E0
S21402D690444B1B789A450ED3C4F3800080F00100F9
S21402D6A0494600F0010000F085F86EE001223E4B8C
S21402D6B000251A70CAE73B78039A1A4204D07B68A0
S21402D6C00193019B1B681BB90AF1010A0837DFE7C1
S21402D6D009935A79D00709D51A79510706D5BBF1AD
S21402D6E0000F0CD189EA0202920708D001931B6848
S21402D6F0002BEED1E5E701212B4A117026E00198B6
S21402D70015F0E2FA90F804B0099009A815F0D2FADA
S21402D7105946002000F04EF818F074FE069B38F8C2
S21402D72026205B8804909A4234BF4FF0010B4FF0DC
S21402D730000B03D20020FFF793FE0990099B002BF3
S21402D740D9D038F82620013228F8262004980793E4
S21402D75018F053FE079B002BB3D01D46284615F043
S21402D760C7FB029B029AAB71059B85F80490134493
S21402D770EB710E4B5B6843B118F044FE0446012081
S21402D780FFF79EFE204618F038FE0948452200EBB9
S21402D7908600294609F0C5F928460BB0BDE8F08F89
S21402D7A01461002094670020956700202C610020F9
S21402D7B05A63002070B505460E46054B1C6804B930
S21402D7C070BD63683146284698472468F7E700BF6D
S21402D7D03461002038B5124D2B78FBB9114B002866
S21402D7E008BF1846046804B91C680D200E49FFF7E6
S21402D7F023FE5423B4FBF3F200235121184692B2BF
S21402D800FFF7C0FD044620B1FFF722FE192420468A
S21402D81038BDFFF763FE01232B70F8E71224F6E704
S21402D82096670020DC80040051D8020010B5074C31
S21402D83023784BB1FFF788FE0020FFF7E7FDFFF7DE
S21402D84007FE0020207010BD1120FCE7966700201E
S21402D850012838BF012038B5C41C24F00304204632
S21402D86009F08BFA054601462246084809F059F99E
S21402D8702DB921460220FFF79DFF284638BD2246D5
S21402D880002128460DF0CBFAF7E700BF30BF0400B0
S21402D89010B5064C237823B9E7F78CFE18B9012396
S21402D8A02370002010BD40F20740FBE79767002078
S21402D8B038B50A4B05461B780C463BB90849094859
S21402D8C0FFF7E6FF10B140F2074038BD2946204672
S21402D8D00CF09EFC0028F8D0F5E700BF9767002002
S21402D8E0EFBEADDEBEBAFECA704710B50446F0F70C
S21402D8F04BFF58B90320ECF7C1FD20460FF03FFB63
S21402D90028B92046BDE81040D6F798BF002010BDC3
S21402D91000B589B001A80FF03DFB4FF4005301A8F3
S21402D9200193FFF7E2FF09B05DF804FB08B5F0F7D4
S21402D9302BFF18B1BDE80840F0F70EBF08BD08B5CA
S21402D940FFF7F4FFBDE808400FF022BB08B5EAF780
S21402D9509BF9BDE80840EAF7DDB91846EBF7FABCD2
S21402D96001207047704701F0D2BB89B2D7F71EB8C4
S21402D970DDF7BEBE0F2070477FB500239E6A0446C1
S21402D980B6F5804F0D460CD201A8D7F7D9F9039BFE
S21402D9905B0506D529462046336C04B0BDE87040C8
S21402D9A0184704B070BD1FB500239A6AB2F5804FBF
S21402D9B004D340F2011005B05DF804FB126BB2F519
S21402D9C0804FF6D2012201A8CDE902338DF8042059
S21402D9D0D7F7B6F9039BDB03EBD5029B1A0EE8D00A
S21402D9E0012A03D1C3F307430A2BE2D900239B6A19
S21402D9F01B6B1B6C9847DEE7007A0B7A98422CBFAB
S21402DA000020012070470246D0F8940068B9937B44
S21402DA1073B9D2F8900050B9D2F88C3043B9537B20
S21402DA20127B9B1A5842584170470020704718468E
S21402DA30704708B50146FFF7E6FF50B1D1F88800F7
S21402DA4040B9D1F8843023B9B1F86800B0FA80F052
S21402DA50400908BD0020FCE710B5044618F0D2FCC9
S21402DA60A368013BA360BDE8104018F0C6BC10B521
S21402DA7004460846214601F015FC2046BDE8104043
S21402DA803321D7F707BB38B5044618F0BBFC05466A
S21402DA90D4F8F40038B117F009FF0124284618F02C
S21402DAA0ACFC204638BD0446F8E738B5044618F004
S21402DAB0A9FC0546D4F80801211D043007F09BF89E
S21402DAC0284618F09AFCD4F8083103F58053D3F8A8
S21402DAD09401BDE8384017F0E9BE2DE9F0410B7C11
S21402DAE004467F2B4FEA93160D46904698BF0026B3
S21402DAF018F088FC07463EB9637B63B904F19000D0
S21402DB00294601F0D6FB19E0032E1CD1A37BD3B91C
S21402DB100123A37301E0013B6373D4F8080129468D
S21402DB20083001F0C6FBB8F1000F07D0D4F8083170
S21402DB3003F58053D3F8940117F0B8FE3846BDE8D3
S21402DB40F04118F05ABC04F19400D9E72DE9F347E6
S21402DB500446884691461E4615F094FB022844D198
S21402DB60F243D4F89C30D4F8080102F0010201A96D
S21402DB7001F0A3FA0746E8B915F084FB022805D19E
S21402DB804FF0FF31D4F8F00017F0A0FD16F00E0F9C
S21402DB90657A06F002022AD0AB070FD415F072FBA4
S21402DBA0022803D1D4F8F00017F0B5FD019801F071
S21402DBB0DAFB2127384602B0BDE8F087E2B916F054
S21402DBC004031BD116F008051BD12B4694F85020EF
S21402DBD0052A18D015F056FB022803D1D4F8F00017
S21402DBE017F099FD019801F0BEFB0227E2E715F057
S21402DBF00105D3D10123E9E70025E6E7042513460C
S21402DC00E4E70E25E2E7DDF804A0CAF80480AAF8E5
S21402DC100C90CAF81440227A8AF811200A9ACAF896
S21402DC20202013B3A27AE17A1301DBB20B43C6F3C8
S21402DC300016013243EAC60302F007028AF81030E1
S21402DC40A2724946404601F013F801220199AAF849
S21402DC500E002046FFF741FF15F014FB0228A9D15B
S21402DC60D4F8F00017F057FDA4E765F03F058AF8F0
S21402DC701050E6E7F7B50F4601A9054616461C46BC
S21402DC8001F0C2FBD0B9019B64F06F049DF820201E
S21402DC901C745E745F615B6801211A70019C606887
S21402DCA000F0E6FFE08118F0ADFB0446019905F1AD
S21402DCB0080001F0FEFA204618F09FFB03B0F0BD04
S21402DCC038B50D46044608B9022038BD18F09AFB4E
S21402DCD0A36813B918F091FBF6E70133A36018F0B6
S21402DCE08CFB25B1236813B100202B60EDE720469C
S21402DCF0FFF7B2FEE8E7F0B587B005460C461646D3
S21402DD00D8F764FF04280FD8DFE800F02E30030BA4
S21402DD100B00287A012894BF00200120C00007B01B
S21402DD20F0BD2B7A012B21D095F804010028F6D0FD
S21402DD3022682846137903F0070723F007031371B6
S21402DD40338805AACDE9013200930522636821686B
S21402DD50D9F78EFA08B9059B33802268137923F027
S21402DD6007031F431771DAE70320D8E70020D6E738
S21402DD70053803288CBF00200120704737B50446BB
S21402DD800522D0F8080101A901F057F998B9019BBC
S21402DD905C61227A5A74E27A62F07F021A7418F090
S21402DDA031FB0546D4F808010199083001F081FAE2
S21402DDB0284618F022FB03B030BD00B97047037A3C
S21402DDC08B4205D190F85030002B08BF00207047D8
S21402DDD00068F2E708B510B117F068FD012008BD2B
S21402DDE02DE9F84306464FF0020900F110083369A0
S21402DDF00BB9BDE8F88318F005FB0746404601F06C
S21402DE003DFA4469054694F8503023B93846BDE8D1
S21402DE10F84318F0F2BAB4F86830002BF6D0013B9B
S21402DE20A4F86830384618F0E8FA2B7C7F2B4FEAC5
S21402DE30931235D9032A07D16869476E27B1AB6AB0
S21402DE402A6A6968007AB84715F01CFA022805D1D2
S21402DE504FF0FF31D4F8F00017F038FC94F8503049
S21402DE60062B20D0082B1ED0032B0BD12046FFF703
S21402DE70E0FD38B1637A84F85090DB0602D520467E
S21402DE80FFF713FE15F0FEF9022803D1D4F8F000CE
S21402DE9017F041FC002328466B6001F064FAA6E7FF
S21402DEA06869876DCAE72046FFF7ADFD0028E9D00E
S21402DEB0D4F80801217A00F58E50183001F099FB4B
S21402DEC030B10923D4F8F80084F85030FFF782FF07
S21402DED094F85030062B04BF072384F85030D1E75D
S21402DEE038B50446D0F8F8000D46FFF773FF40B980
S21402DEF0E36F2BB1207A2A46D4F880109847012087
S21402DF0038BD0020FCE738B590F850300446042BA4
S21402DF100D4624D1002914BF0223052380F8503071
S21402DF20D0F8F800FFF756FFC8B9E36FBBB115F09B
S21402DF30A9F9022803D1D4F8F00017F0ECFB294621
S21402DF402046FFF7CDFF15F09DF9022807D1D4F839
S21402DF50F0004FF0FF31BDE8384017F0B7BB38BDD0
S21402DF60C30603D5012907D0042905D0053902299D
S21402DF708CBF002001207047012070472DE9F04138
S21402DF80044618F03FFA0646D4F808319D6815BBD9
S21402DF9004F1300017F060F8D4F808315D69002DFE
S21402DFA035D1A04658F88C7F002F4CD127742746CF
S21402DFB057F8905F002D5AD1274657F8945F002DE8
S21402DFC05CD1D4F80831DF68002F5ED13046BDE858
S21402DFD0F04118F012BA15F8203CA5F130007F2B5C
S21402DFE04FEA9317436998BF0027A3422D68CED104
S21402DFF0D4F808110831FFF73AFD1FB9637B0133E5
S21402E0006373C4E7032F04BF0023A373BFE715F8A7
S21402E010203CA5F130007F2B4FEA9317436998BF47
S21402E0200027A3422D68BAD1D4F808111431FFF79D
S21402E0301EFD1FB9637B01336373B0E7032F04BF72
S21402E0400023A373ABE73D4655F830794046294690
S21402E05001F028F9AB7C33B9637B332101332846C0
S21402E0606373D7F717F8E37B013BE3739CE7284615
S21402E070394650F83059FFF7FAFC9BE728463946EE
S21402E08050F83059FFF7F3FC99E7384650F83079E4
S21402E0904369A34298D1D4F808110C31FFF7E7FC84
S21402E0A084F8055190E7436F10B5044613B1816FAB
S21402E0B0007A9847D4F8F40008B117F0F7FBD4F8C2
S21402E0C0F800FFF787FE2046BDE81040FFF756BF70
S21402E0D0F8B5044618F096F904F18C070646384659
S21402E0E001F0CCF8054620B93046BDE8F84018F0F5
S21402E0F084B9837C23B10146384601F0E8F8F3E799
S21402E10004F1300016F0A8FF304618F076F9AE6833
S21402E1102EB92968D4F8080101F023F82E6018F009
S21402E12071F90646D4F808012946083001F0CFF8FE
S21402E130237C304601332374E37B013BE37318F000
S21402E1405CF9D4F8083103F58053D3F89401BDE89E
S21402E150F84017F0ABBB2DE9F041064600F1140873
S21402E16073690BB9BDE8F08118F04CF904464046D5
S21402E17001F084F80546204618F03FF96C6915F060
S21402E18081F8022805D14FF0FF31D4F8F00017F0DD
S21402E1909DFA95F824306BB100212846D6F77AFF0F
S21402E1A015F070F80228DBD16B69D3F8F00017F08F
S21402E1B0B2FAD5E7294604F18C0001F088F8237CF0
S21402E1C0092B06D90A23204684F85030FFF76BFF46
S21402E1D0E6E7676941F288307F00676116F096FFCE
S21402E1E0874204D941F2883016F090FF60612046DB
S21402E1F0FFF76EFFD4E7F8B590F85030044618469D
S21402E2000E46FFF7B5FD08B9042B09D1217A39B1BC
S21402E210D4F8080110B100F58E50183001F0E6F976
S21402E220032304F1840584F85030D4F884305BBBB1
S21402E23004F18807D4F888507DBB2046FFF79EFE7F
S21402E2406420658116F062FF002200236061C4E943
S21402E25006232046C4E90823C4E90A23C4E93F5535
S21402E260FFF7E7FB10B3022384F8503016B12046BE
S21402E270FFF71BFC00252046FFF705FCD4F8F80044
S21402E280FFF7A8FD2846F8BD284606F0BFFC014663
S21402E290D4F8080100F0C1FFC7E7384606F0B6FC1E
S21402E2A00146D4F8080100F0B8FFC3E70525E2E707
S21402E2B02DE9F34188461546074600284BD001A9AA
S21402E2C0FFF7FEFC0646002847D1019C14F0DAFF51
S21402E2D0022805D14FF0FF31D4F8F00017F0F6F916
S21402E2E0B8F10D0F35D8DFE808F007171D232527EC
S21402E2F0292C30191B1F3421E56514F0C3FF0228B0
S21402E30003D1D4F8F00017F006FA3846FFF7A4FB5C
S21402E310304602B0BDE8F0812566EEE7E566ECE73A
S21402E3202567EAE7A565E8E76566E6E76565E4E783
S21402E3306567E2E7A567E0E7E567DEE7C4F88050D1
S21402E340DBE72B68C4F89830D7E72B68C4F89C3014
S21402E350D3E72126D1E72226DAE70226D8E773B5E5
S21402E36001A90646FFF7ACFC0446C0BB019D14F0AB
S21402E37089FF022805D14FF0FF31D5F8F00017F0DB
S21402E380A5F9697A11F010010ED014F07BFF02286D
S21402E39003D1D5F8F00017F0BEF93046FFF75CFB64
S21402E3A00F24204602B070BD95F85030022B06D0DE
S21402E3B0032B10D08BB12846FFF71DFF044614F03E
S21402E3C061FF022803D1D5F8F00017F0A4F9304611
S21402E3D0FFF742FBE5E70524F1E70224EFE7022414
S21402E3E0DFE738B5044618F00DF82568034635B160
S21402E3F06A7AD20603D418F000F80F2038BDA26855
S21402E400012A04D9184617F0F8FF0420F6E700227E
S21402E4101846A26017F0F1FFBDB114F033FF0228D0
S21402E42005D14FF0FF31D5F8F00017F04FF9012172
S21402E4302846FFF7E0FE14F025FF022803D1D5F8A0
S21402E440F00017F068F9002323600020D6E72DE9D4
S21402E450F0419AB00E4601A90746FFF731FC054681
S21402E460002840F09880019C227B637B934201D176
S21402E470012B07D03846FFF7EFFA212528461AB0B7
S21402E480BDE8F08114F0FEFE022805D14FF0FF3100
S21402E490D4F8F00017F01AF994F85030013B042B28
S21402E4A077D8DFE803F04A03764A0800237A73B97E
S21402E4B0052384F8503014F0E5FE022803D1D4F880
S21402E4C0F00017F028F93846FFF7C6FAD6E716F036
S21402E4D0010617D0D4F8080138BB01F04EF840B355
S21402E4E0D4F8080110B100F58E501830217A01F0E8
S21402E4F07AF88046E8B11EB9D4F8F80017F0FEF9AB
S21402E5004546D8E706AB049350230593D4F8F83073
S21402E5100BB11925CFE73146012002AA17F049F9B7
S21402E520C4F8F8000028D5D1F3E700F58E5018306D
S21402E530D3E7012384F850300EB10525BBE714F06B
S21402E540A1FE022803D1D4F8F00017F0E4F84FF049
S21402E550FF31D4F8F80017F07BF9064614F092FE65
S21402E560022805D14FF0FF31D4F8F00017F0AEF8CC
S21402E570D4F8F80017F0C2F90023C4F8F8302EB920
S21402E58094F85030052B18BF062594E7022384F82A
S21402E590503002258FE7022570E707B50093134631
S21402E5A00A460021D6F714FF03B05DF804FBFFF716
S21402E5B0F4BF10B49DF8044001945DF8044BD6F7FE
S21402E5C007BF2DE9F04F9A4600239DB006468946BE
S21402E5D090469DF89870039314F054FE022804D0D7
S21402E5E0022528461DB0BDE8F08F304603A9FFF786
S21402E5F067FB05460028F3D1039C14F043FE02286D
S21402E60005D14FF0FF31D4F8F00017F05FF8BB07E2
S21402E6104BBFD4F88830D4F8843004F1880B04F168
S21402E620840B07F001070193002B7DD194F850105C
S21402E630607AFFF795FC019B58B914F023FE022876
S21402E64003D1D4F8F00017F066F83046FFF704FA64
S21402E650C6E767B114F016FE022803D1D4F8F0001C
S21402E66017F059F83046FFF7F7F91B25B9E7D4F843
S21402E670F42062B114F006FE022803D1D4F8F000AA
S21402E68017F049F83046FFF7E7F90B25A9E708AA7D
S21402E6900692502219460792FF2004AA17F089F81C
S21402E6A0C4F8F40060B914F0EDFD022803D1D4F8E2
S21402E6B0F00017F030F83046FFF7CEF9192590E74C
S21402E6C014F0E0FD022803D1D4F8F00017F023F886
S21402E6D0BAF1000F14BF51464FF0FF31D4F8F400E0
S21402E6E017F0B6F8824614F0CDFD022805D14FF099
S21402E6F0FF31D4F8F00016F0E9FF0023D4F8F40056
S21402E700C4F8F43017F0FAF81AF1020F0CD114F02C
S21402E710B9FD022803D1D4F8F00016F0FCFF30460B
S21402E720FFF79AF907255CE7584606F06FFA0146A6
S21402E73088B143464A46D4F8080100F080FD14F03A
S21402E740A1FD022803D1D4F8F00016F0E4FF30460B
S21402E750FFF782F945E7C9F80000A8F80000002F85
S21402E7607FF478AF94F85010607AFFF7F9FB002830
S21402E7700CBF02250625E2E72DE9FF410F4603A955
S21402E780064615469846FFF79BFA50BB5FB365B33D
S21402E7900398D0F8083190F8042103F58053B3F8B3
S21402E7A0B04140F6F773002C08BF1C46C2EB42325B
S21402E7B004EBC204A4B2A54207D93046FFF74CF9CF
S21402E7C02B24204604B0BDE8F0810A9B2A4600931B
S21402E7D039464346FFF7BAF904463046FFF73CF996
S21402E7E0EFE70224EDE72224EBE72124E9E770B500
S21402E7F004460D46164614F045FD022807D104F5D8
S21402E80080534FF0FF31D3F8980116F05FFF294688
S21402E8102068FFF7D2FA02230546337058B914F07F
S21402E82031FD022805D104F58054D4F8980116F07B
S21402E83072FF022427E014F025FD022805D14FF0CE
S21402E840FF31D5F8F00016F041FF14F01BFD022848
S21402E85005D104F58054D4F8980116F05CFF95F8BB
S21402E8605030012B01D0042B0FD1042385F85030F1
S21402E87005230024337014F005FD022803D1D5F8D1
S21402E880F00016F048FF204670BD0224F3E770B58C
S21402E89004460D46164614F0F5FC022807D104F588
S21402E8A080534FF0FF31D3F8980116F00FFF294638
S21402E8B02068FFF782FA054658B914F0E3FC0228EE
S21402E8C026D104F58054D4F89801BDE8704016F0BD
S21402E8D022BF14F0D7FC022805D14FF0FF31D5F83D
S21402E8E0F00016F0F3FE14F0CDFC022805D104F574
S21402E8F08054D4F8980116F00EFF31462846FFF7EA
S21402E90002FB14F0BFFC022802D1D5F8F000DCE7C7
S21402E91070BD38B504460D4614F0B4FC022807D183
S21402E92004F580534FF0FF31D3F8980116F0CEFE6F
S21402E93029462068FFF741FA054658B914F0A2FCAA
S21402E940022831D104F58054D4F89801BDE8384045
S21402E95016F0E1BE14F096FC022805D14FF0FF3106
S21402E960D5F8F00016F0B2FE14F08CFC022805D1A1
S21402E97004F58054D4F8980116F0CDFE95F8503080
S21402E980073B012B9CBF092385F8503014F07AFC14
S21402E990022803D1D5F8F00016F0BDFED5F8F8002F
S21402E9A0BDE83840FFF716BA38BD70B504460D46C6
S21402E9B0164614F067FC022807D104F580534FF080
S21402E9C0FF31D3F8980116F081FE29462068FFF73A
S21402E9D0F4F9054670B914F055FC022805D104F581
S21402E9E08054D4F8980116F096FE09232D2433702D
S21402E9F0204670BD14F046FC022805D14FF0FF31C8
S21402EA00D5F8F00016F062FE14F03CFC022805D1A0
S21402EA1004F58054D4F8980116F07DFE95F850302F
S21402EA20053B032B1DD8DFE803F01102191108235A
S21402EA3085F8503008230524337014F023FC02288E
S21402EA40D6D1D5F8F00016F066FED1E708232846A0
S21402EA5085F85030FEF7D7FF0028EBD009230024B4
S21402EA60EAE709230224E7E770B505460C46164690
S21402EA7014F008FC022807D105F580534FF0FF3149
S21402EA80D3F8980116F022FE21462868FFF795F97A
S21402EA9002230446337058B914F0F4FB02283CD122
S21402EAA005F58055D5F89801BDE8704016F033BEDE
S21402EAB014F0E8FB022805D14FF0FF31D4F8F0003D
S21402EAC016F004FE14F0DEFB022805D105F580558B
S21402EAD0D5F8980116F01FFE94F850301846FFF746
S21402EAE047F930B10A2384F850302046FFF7DBFAA4
S21402EAF00CE0042B0AD109230621204684F8503064
S21402EB00FFF7EEF910B9637ADB06EED414F0BAFB1F
S21402EB10022802D1D4F8F000C6E770BD00F5805096
S21402EB20D0F8940116F0C2BE00F58050D0F89401D9
S21402EB3016F0BCBE012370B500F5805585F8183274
S21402EB40044614F09FFB022805D14FF0FF31D5F89A
S21402EB50980116F0BBFD022624684CB914F092FB0D
S21402EB60022831D1D5F89801BDE8704016F0D3BD21
S21402EB7014F088FB022805D14FF0FF31D4F8F000DC
S21402EB8016F0A4FD94F85030042B16D00BD8012BA7
S21402EB9013D014F077FB022803D1D4F8F00016F055
S21402EBA0BAFD2468D9E7053B032BF2D80A23204690
S21402EBB084F85030FFF777FAEBE70621204684F810
S21402EBC05060FFF78DF9E4E770BD38B5044614F0DF
S21402EBD059FB022807D104F580534FF0FF31D3F8D2
S21402EBE0980116F073FD25680DB9012512E014F0A0
S21402EBF049FB022805D14FF0FF31D5F8F00016F098
S21402EC0065FD95F85030022B15D014F03BFB022818
S21402EC100CD0002514F036FB022805D104F58054EA
S21402EC20D4F8980116F077FD284638BDD5F8F000DE
S21402EC3016F071FDEDE714F025FB022803D1D5F896
S21402EC40F00016F068FD2D68CEE700F58050A0F8BB
S21402EC50B011704740BA80B24140C1F30313594025
S21402EC60080380B24840490101F4FF51484070470A
S21402EC70024610B544180020A24200D110BD12F878
S21402EC80011BFFF7E7FFF7E770B5044646181D4677
S21402EC900020B44203D11544AA4205D170BD14F82F
S21402ECA0011BFFF7D7FFF4E712F8011BFFF7D2FFAD
S21402ECB0F2E738B5044645180020AC4203D1831A61
S21402ECC05842584138BD14F8011BFFF7C3FFF4E75A
S21402ECD00023C0E902130374436070472DE9F04134
S21402ECE004468846174617F08DFB257C064625B156
S21402ECF017F083FB0420BDE8F081A068214640306F
S21402ED00C4F80480E76005F07AFFA268304692F8FD
S21402ED104430013382F844300123237417F06DFB2C
S21402ED20A0680321FFF7FAFE2846E4E738B5044652
S21402ED3017F068FB237C054663B1A0682146403085
S21402ED4005F06CFFA26892F84430013B82F844302A
S21402ED50002323742846BDE8384017F04EBB2DE941
S21402ED60F04790F8447004463E464FF0000800F123
S21402ED70400917F047FB8246484605F047FF05461E
S21402ED80504617F03AFB45B16B68E86885F8108084
S21402ED90013E984716F0FF06EBD117F033FB94F8C6
S21402EDA04430BB4232BF0023DB1BDBB284F8443064
S21402EDB0BDE8F04717F021BB21B1012300200B70FC
S21402EDC0487070472220704700207047704770478F
S21402EDD070B514269DF810508270120A044606700A
S21402EDE04170C27003712DB10521FFF741FF6071BA
S21402EDF0000AA07170BD10B504461830FFF796FFE2
S21402EE0004F12C0004F58054FFF790FFD4F890012B
S21402EE1016F00BFCD4F8940116F070FDD4F89801A5
S21402EE20BDE8104016F0ADBC70B5044605F0E0FE35
S21402EE30201D05F0DDFE04F1080005F0D9FE04F100
S21402EE400C0005F0D5FE04F1100005F0D1FE04F129
S21402EE50400005F0CDFE002304F5805684F84430C9
S21402EE602146A6F8183204F11800FFF731FF2146B2
S21402EE7004F12C00FFF72CFFD6F8A00104F58D5103
S21402EE808368043198470546B0B9D6F8A0010368EE
S21402EE909847054680B9D6F8A001214643689847A8
S21402EEA0054630B904F58E50183000F089FB054649
S21402EEB010B12046FFF79FFF284670BD00F580532D
S21402EEC010B50446D3F8A001C368984730B904F5D4
S21402EED08E501830BDE81040D8F736BC10BD00F58D
S21402EEE08050D0F8A001C369184700F58050D0F8CA
S21402EEF0A001036A1847836A03B11847704708F0EF
S21402EF00F8B810B550F8044C011F04F58053D3F836
S21402EF10C801FFF7F4FF204610BD07B501A908F0A7
S21402EF20CFF808B100230193019803B05DF804FB03
S21402EF307FB500F58A5302930026502300F58054CD
S21402EF40B4F8AE1105466A460846CDE90066039354
S21402EF5016F02FFCC4F89C0100286CD005F58D50E5
S21402EF601C30E2F7BFFFB4F8AC31B4F8AE11D4F8F7
S21402EF70BC2101EB430101393420E2F7A5FF05F578
S21402EF808E50E2F7AFFFB4F8AC31B4F8AE11D4F855
S21402EF90C02101EB430101390720E2F795FF05F591
S21402EFA08E500430E2F79EFFB4F8AC11D4F8C421B8
S21402EFB0490801310120E2F787FF05F58E50083037
S21402EFC0E2F790FFD4F8A801D4F8C821113080B235
S21402EFD0B4F8AC110430E2F777FF05F58E500C302A
S21402EFE0E2F780FFB4F8AC11D4F8CC2101390C203A
S21402EFF0E2F76AFF05F58E501030E2F773FF05213F
S21402F000D4F8D0219420E2F75FFF05F58E50143035
S21402F010E2F768FFD4F8D421B4F8AE110820E2F77C
S21402F02053FF05F58D50143005F0E2FD3046A4F886
S21402F030B86104B070BD1920FBE72DE9F843074616
S21402F04090460E46A9B300F58055D5F8BC01FFF7E9
S21402F05064FF0446F0B1342200210BF0E0FE17F004
S21402F060D1F908F1FF338146042B24D8DFE803F0F8
S21402F070182303180300B5F8AC21B5F8B831013AE5
S21402F08093420ADBD5F8BC012146FFF738FF484613
S21402F09017F0B3F91A20BDE8F8830133A5F8B831A2
S21402F0A0484617F0AAF984F81380A7610020346056
S21402F0B0F1E72220EFE72120EDE7002A38B50446E3
S21402F0C000F580500D46D0F89C0114BF1946002169
S21402F0D016F0BEFB0330012806D929462046BDE8B5
S21402F0E038400422FFF7A9BF1A2038BD10B50C46D7
S21402F0F059B100F58050D0F8C001FFF70EFF002886
S21402F10020600CBF1A20002010BD2220FCE710B59C
S21402F110A8B1FFF7F6FE044600F58D50143005F050
S21402F12075FD04F58054014618B1D4F8CC01FFF7FA
S21402F130E6FED4F8A001FFF7DEFE002010BD222076
S21402F140FCE710B50446084649B104F58054FFF7BB
S21402F150D8FED4F8A001FFF7CEFE002010BD222074
S21402F160FCE708B539B100F58050D0F8C001FFF7CA
S21402F170C6FE002008BD2220FCE700232DE9F74347
S21402F180064690460F46019391B32AB300F5805384
S21402F190D3F8C801FFF7C1FE054658B345F8046B1D
S21402F1A0304601A9FFF7A2FFDDF804900446B9F144
S21402F1B0000F0AD0012269463046FFF73EFF04469A
S21402F1C060B149463046FFF7CCFFB8F1000F0BD0CE
S21402F1D02846FFF796FE07E01546E1E7009BC3E9DF
S21402F1E00095988118773B60204603B0BDE8F0830F
S21402F1F02224F9E71A24F7E710B50C4659B100F5B0
S21402F2008050D0F8CC01FFF788FE002820600CBFA3
S21402F2101A20002010BD2220FCE738B504460D4611
S21402F22061B1496809B1FFF78CFF04F5805429469D
S21402F230D4F8CC01BDE83840FFF761BE38BD38B51A
S21402F2404D6800F58D5015600A8914301A8005F055
S21402F250D2FC002038BD10B50C4651B14FF488716F
S21402F2600120E7F7F7FD002820600CBF1A200020D7
S21402F27010BD2220FCE7084617F093BB08B505F040
S21402F280C5FC20B110F81E3C3038013B837408BD23
S21402F29008B505F0BBFC20B110F81A3C2C38013B2F
S21402F2A0837408BD8B7C3031013B01F81E3C05F0AF
S21402F2B0B5BC8B7C3031013301F81E3C05F09FBC97
S21402F2C08B7C2C31013301F81A3C05F098BC8B7C00
S21402F2D03031013301F81E3C05F08DBC8B7C2C319D
S21402F2E0013301F81A3C05F086BC10B50C4669B12C
S21402F2F000F58050D0F8D001FFF70FFE206038B13D
S21402F3000023036003724360184610BD2220FCE708
S21402F3101A20FAE708B539B100F58050D0F8D001C6
S21402F320FFF7EDFD002008BD2220FCE710B50C46D5
S21402F33059B100F58050D0F8D401FFF7EEFD002851
S21402F34020600CBF1A20002010BD2220FCE708B562
S21402F35039B100F58050D0F8D401FFF7D0FD002077
S21402F36008BD2220FCE7F8B50446002848D0837C76
S21402F370002B47D10168866911B13046FFF7F1FECE
S21402F3803046A168FFF7E3FFE37C06F58055022BC3
S21402F39008D0032B08D0012B08D1616811B1304682
S21402F3A0FFF7CFFE012702E06168D1B9002717F008
S21402F3B029F821460646D5F8BC01FFF7A0FDE37CF6
S21402F3C0042B13D1D5F89C0116F070FA304617F0CC
S21402F3D014F827B1D5F8A001436A03B19847002074
S21402F3E0F8BDD5F8C401FFF78AFDDFE7052B01D08B
S21402F3F0032BEBD1B5F8B831013BA5F8B831E5E7F8
S21402F4002220EDE70420EBE7F7B50F46032201A919
S21402F4100546FFF712FE044660B905F58055D5F895
S21402F420C401019EFFF779FD706030B93046FFF7E0
S21402F4309AFF1A24204603B0F0BD0123B3813E6032
S21402F440F8E72DE9F34116461F460D46D1B1CAB17B
S21402F45001A9FFF7D1FE044680B94FF002080199D0
S21402F4606B6808604B60304681F80A800F8105F0B1
S21402F470C6FB284685F81380FFF775FF204602B0C4
S21402F480BDE8F0812224F9E710B5044618220021CF
S21402F4900BF0C5FC204610BD0368D90444BF43F4F4
S21402F4A0806303609A0444BF43F4006303607047BA
S21402F4B010F1840F12DA10F1950F25DB9530102823
S21402F4C022D8DFE800F01D2121211B21212119135A
S21402F4D0110F151F170923000F207047003818BF99
S21402F4E0012070471D2070472E2070472D20704740
S21402F4F024207047212070471A2070472F2070471B
S21402F5002C2070472520704701207047082070473E
S21402F51000200021704701230B74704738B50D4652
S21402F52017F087FA15F020FE04462D6817F081FAC8
S21402F53015F01AFE031BAB42F8D938BDEFB50646E6
S21402F540A0F58E500D46183803A91746FFF7CDFED4
S21402F55088B90623039909228B8105230D7245F487
S21402F5608055CB810E600D610F75012300913046E8
S21402F5700C31FFF701F904B0E0BD407C70471FB5BF
S21402F580037C04461BB1FEF72CFF0023237494F879
S21402F59038309BB10323204600930DF10A02002364
S21402F5A003A9FFF70EF848B9BDF80A3003981BB155
S21402F5B00278E36B1344E363FFF7A9FD04B010BDC2
S21402F5C038B5002504464561C56380F83850058283
S21402F5D02022294618300BF022FC25606560A560C3
S21402F5E0E560284638BD0122FFF7A8BF0222FFF7D2
S21402F5F0A5BF0922FFF7A2BF1FB548B101280AD14D
S21402F60001A8D5F79DFB9DF80400B0FA80F04009EA
S21402F61005B05DF804FB0120FAE710B5DEF7C6FC7C
S21402F620044606F082F914F0400F14BF73207720C8
S21402F63014F0800F18BF732014F4806F18BF732065
S21402F64014F0010F18BF782014F0020F18BF7820AC
S21402F65014F0080F18BF742014F4004F18BF74205B
S21402F66014F0040F18BF722014F4804F18BF7220D3
S21402F67010BD1FB5044601A8D5F762FB029B636066
S21402F6800023A3609DF80430012B02D103232370CC
S21402F69004E02BB923704FF0FF33636004B010BD53
S21402F6A00423F4E708B54FF20F024FF000535A80D6
S21402F6B028B101280BD04CF23C325A8002E040F2CC
S21402F6C001221A8007F023FA0120E7F7CBFB40F26B
S21402F6D00222F6E770472DE9F041804615460F46AE
S21402F6E000294BD0E8070FD4A9070DD46A070BD41C
S21402F6F02B07C5F3C00607D4D8F722F902681446CA
S21402F70004BB1720BDE8F081D8F71AF90468002C6C
S21402F7102FD1D8F72BF90468002C31D02368102299
S21402F7200360002120460BF07AFBD8F709F903683C
S21402F730236004602571A4F806803B68A3607B689A
S21402F740E3600EE0E188414502D026462468D7E70A
S21402F7504EB90AB113680360D8F708F90368236044
S21402F76004600020CEE73268002AF5D012683260C4
S21402F770F2E7E3884345DDD02468C8E70720C1E7FF
S21402F7800320BFE738B5054610B90024204638BD29
S21402F790037A012B0AD1D8F7D3F82B880468002CF9
S21402F7A0F3D0E2889A42F1D02468F8E7022BECD133
S21402F7B0D8F7C6F80468002CE7D008222946A01815
S21402F7C00BF004FB0028E1D02468F4E710B5D8F764
S21402F7D0B7F800240460D8F7C9F8021D00F1B40196
S21402F7E02346144610328A42036000D110BD42F806
S21402F7F0103CF5E7008870470368187800F00700A9
S21402F800831E5842584170471FB500230C4601A973
S21402F8108DF80C3001F024F8024638B99DF80C3009
S21402F820012B06D0022B09D003B92072104604B071
S21402F83010BD2372BDF804302380F7E7237201ABB4
S21402F84003CB20606160F1E71FB500230C4601A9D7
S21402F8508DF80C3000F07FFF024638B99DF80C3068
S21402F860012B06D0022B09D003B92072104604B031
S21402F87010BD2372BDF804302380F7E7237201AB74
S21402F88003CB20606160F1E708B50068FFF7B2FFBE
S21402F89000F44050A0F500535842584108BD08B540
S21402F8A00068FFF7A7FFC0F3C00008BD07B50DF15B
S21402F8B0070101F050F940B99DF80700A0F10803CE
S21402F8C05842584103B05DF804FB0020FAE70023D3
S21402F8D007B50DF107018DF8073001F075F99DF8AF
S21402F8E0070003B05DF804FB01F082B901F053B9DA
S21402F8F0C830D8F72DBAC83000F01BBDD8F726BCE2
S21402F900012801D8D8F710BC00207047D8F714BCDD
S21402F9100120704700F088BD00F077BD00F077BD8B
S21402F92000F077BD403000F0AABD806C003818BFEA
S21402F93001207047403000F0CEBD403000F0D5BD0B
S21402F940C069DAF7B9BC08B5836C23B1C069DAF7C7
S21402F950B9FC002008BD0D20FCE7836C13B1C0691A
S21402F960DAF798BC0D207047403000F0C8BD006F33
S21402F9707047403000F0D7BD543001F0B6BA403080
S21402F98000F0E7BD08B5836C23B1C069DAF7AAFCBC
S21402F990002008BD0D20FCE7836C13B1C069DBF7BD
S21402F9A025B80D207047836C13B11C3001F0CABD18
S21402F9B00D207047836C13B1C069DBF759B80D2070
S21402F9C07047836C13B11C3001F0C8BD0D20704720
S21402F9D008B5836C23B1C069DBF76CF8002008BD5C
S21402F9E00D20FCE708B5836C23B1C069DBF708F984
S21402F9F0002008BD0D20FCE7403000F0C2BD00220A
S21402FA00403000F0F7BD0122403000F0F3BDD9F7D8
S21402FA1091BA90F844007047403000F04BBDB0F801
S21402FA2046007047403000F038BD623070474030C4
S21402FA3000F047BDB0F85E007047DAF7EBBB08B5DA
S21402FA40836C23B1543001F070FA002008BD0D20FB
S21402FA50FCE7012070470FB404B070470FB404B03F
S21402FA6070470FB404B070470FB404B0704710B5B7
S21402FA70044611F0CCFB20B1201DBDE8104000F07A
S21402FA8035B910BD10B5044611F0C1FB18B1606857
S21402FA90003818BF012010BD002301608380C28099
S21402FAA07047838870B50446C0889E1886421546FD
S21402FAB008D8206818440BF0CFF90020A3881D440C
S21402FAC0A58070BD0320FCE707B501228DF807105C
S21402FAD00DF10701FFF7E5FF03B05DF804FB07B57C
S21402FAE00222ADF806100DF10601FFF7DAFF03B0A9
S21402FAF05DF804FB0A7A10B5012A044603D0022AEE
S21402FB0006D0002010BD0988BDE81040FFF7E7BF09
S21402FB108388E28803F10800904208D82068012210
S21402FB20184401F087F9A3880833A380E9E7032085
S21402FB30E8E703468288C088114481429DBF186860
S21402FB40998080180020704731B16FF000439942C7
S21402FB5008BF0121016070470121FBE748F24E33DE
S21402FB6001460268A2FB032313EB520044BF20F0B7
S21402FB700043581C08607047814238B505460C465B
S21402FB8000D8FEE7D7F7C8FF641BB0FBF4F303FB0D
S21402FB901400284438BD10B540B10023441E98B264
S21402FBA0814203D90133E25C002AF8D110BDA0F1EC
S21402FBB04103192B9CBF2030C0B2704738B50346AC
S21402FBC010469AB1012A19D11A46013911F8015F75
S21402FBD0134612F8010B8DB1FFF7E9FF04462846DB
S21402FBE0FFF7E5FF8442F1D000200FE01A46013904
S21402FBF011F8014F134612F8015B2CB91B78002B43
S21402FC0014BF0120022001E0AC42F1D038BD08B595
S21402FC100022FFF7D3FF831E5842584108BD3038F2
S21402FC20C0B209289ABF0870002007207047A0F1CA
S21402FC304103052B03D83738087000207047A0F11F
S21402FC406103052B01D85738F6E73038C0B20928C9
S21402FC50F2D90720704710B5002401608480C28064
S21402FC600C7010BD70B504460E46E58813468288B1
S21402FC700068AA4234BFA91A002110443246E7F7A8
S21402FC8001FA002800DAFEE7A388E288184480B268
S21402FC90904228BF2368A08022BF9B18002203F848
S21402FCA0012C204670BD0EB417B5044605AA52F8BC
S21402FCB0041B0192FFF7D6FF204603B0BDE81040B2
S21402FCC003B07047036823B901600868896004F0CE
S21402FCD04BBF9A688A6099600160704783680146E4
S21402FCE01BB900680430FFF7EDBF704738B5002532
S21402FCF00468056004B938BDA068844216BF8368EC
S21402FD000024A360436885609847F3E783688968A0
S21402FD10981A8A1A92EA000F58BF581AC00F7047EC
S21402FD20436870B504460D4623B9BDE870404B687B
S21402FD30006818478B689847636801469A68831A72
S21402FD40002BB8BF121A2B682068A8BF0022BDE895
S21402FD507040184738B50C461146E268034694428E
S21402FD6006D04568AC420BD14260FFF7D9FFE4608B
S21402FD7038BD94420DD01146D268002AF9D1F6E772
S21402FD802A460021F9E7CB68002BF0D0DB68CB606F
S21402FD90EDE70029F7D1002DE9D0EA685A60E6E7D8
S21402FDA02DE9F047936805460C46164698473246B4
S21402FDB0814621462846FFF7CDFFD5F804A04FF02E
S21402FDC0000857462FB14A4639462046FFF79EFF9F
S21402FDD058B1B8F1000F0BD1C4F80CA03146284632
S21402FDE06C60BDE8F047FFF79BBFB846FF68E9E7DF
S21402FDF0D8F80C30E360C8F80C40BDE8F08770B560
S21402FE00466804460D467EB18B689847B368C01AAA
S21402FE10002809DB20462A463146FFF79BFF30467C
S21402FE207368BDE87040184729462046BDE8704012
S21402FE30FFF776BF002A00DAFEE71144D7F7A4BE22
S21402FE4038B50D460446D9F76FF82A4601462046CD
S21402FE50BDE83840FFF7EEBF436841690C308B427D
S21402FE6008BF50F8043C01F1804104BF013340F85A
S21402FE70043CD7F76FBE00682430FFF7EDBF1FB50E
S21402FE800446084601A900F0FDFF204601A900F03D
S21402FE9097F904B010BD2DE9F84F13F00108044697
S21402FEA00D4617461E46DDF8289002D1043B0C2B61
S21402FEB06AD9FEE710461B0A421C002BFAD19DF8AF
S21402FEC02CB0C0B2022838BF0220BBF10D0F28BFEB
S21402FED04FF00D0BCBF10F039842B8BFD8B2C0F16A
S21402FEE00F039B45C8BF5FFA83FB2B1E18BF012377
S21402FEF072100138013A9B015FFA80FA43EAC203A4
S21402FF004AEA03035A464946237204F109000AF0F4
S21402FF10A3FF3A460F2304F118019B4537D304F199
S21402FF2008021146204600F051F96DB1B5F57F4F33
S21402FF30227A637AC5F30720E9B22ED24FF002087E
S21402FF4042404B40227263725A46494684F818A0D1
S21402FF5004F119000AF080FF0BF119000021CBF121
S21402FF600F0220440AF05BFF0023C4E90F376364E4
S21402FF70102384F84CB084F84D60A563A4F848803A
S21402FF80A4F84A30BDE8F88F1346404694E7013B92
S21402FF9001F8012DDBB2120ABFE7D24383F0FE035B
S21402FFA06372A37A4FF0060883EA1563A372E37AB4
S21402FFB0227283EA1543E372237B5840637B2073E5
S21402FFC059406173C0E7C36B2DE9F04113441546EF
S21402FFD0826B044693420E4619D801EB050800F1DF
S21402FFE00807B04514D1E36B1D44A36BE5639D423D
S21402FFF00BD1B4F848302BB104F108021146204662
S21403000000F0E4F80023A4F84830BDE8F081FEE7EA
S214030010B4F84830102B05D13A463946204600F04E
S214030020D5F800235A1CA4F84820234416F8010BDD
S2140300301A7A50401872D4E72DE9F04F1D4685B062
S2140300409DF8383091460293436C026C2B449342DE
S2140300500446884628D86B1801936FF018030F469A
S214030060CB461B1A00F1280A0393019B9F421CD11F
S214030070636C1D44236C65649D4268D3B4F84830B2
S2140300802BB104F108021146204600F09FF8002128
S21403009094F84C2002F119002044C2F10F0205B077
S2140300A0BDE8F04F0AF0BBBEFEE7B4F84A20102ABC
S2140300B016D1514694F84C00039B5A18904206DA20
S2140300C011F8012D0132D2B20A70002AF4D052463A
S2140300D0204604F1180100F079F80022A4F84A201B
S2140300E0029B23BB3E78B9F1000F0AD0B4F84A202E
S2140300F0511CA4F84A10224492F8282072408BF828
S2140301000020B4F84820102A06D104F1080211464C
S214030110204600F05BF80022511CA4F84810224445
S214030120117A01374E4016720BF1010B9DE7B4F8B6
S2140301304A209BF80060511CA4F84A10224492F807
S21403014028205640B8F1000FDBD03E70D9E705B043
S214030150BDE8F08F38B5D0E910329A4204460D4612
S21403016000D0FEE700F1280200F1180100F02EF897
S2140301700023E21D94F84D10994200DC38BD12F8B6
S214030180011F92F820004140E9540133F2E710B50D
S21403019004681C604468080E1872080C5872080A33
S2140301A05C609872D9721A7310BD002310B5C0E94B
S2140301B00033044600F018F800B1FEE7204610BDF1
S2140301C008B500F01FF800B1FEE708BD08B500F05B
S2140301D032F800B1FEE708BD10B5044600F03EF85D
S2140301E000B1FEE7204610BD08B538B18388232B3F
S2140301F006D9006805F0E7FF002008BD0720FCE7E6
S2140302000120FAE713B50446684600F035F874B1E2
S214030210A388232B0DD9BDF8042000992068D200AB
S21403022005F0DBFF003818BF012002B010BD072021
S214030230FBE70120F9E708B5134658B18288232A5D
S2140302400AD90A4600680121DFF7CEFF003818BF37
S214030250012008BD0720FCE70120FAE708B538B1FE
S2140302608388232B06D9006805F0B1FF002008BD5C
S2140302700720FCE70120FAE70A6802608A88828082
S2140302807047012913B503D00724204602B010BDDA
S21403029010680DF1070101F044FA04460028F4D172
S2140302A09DF80700A0F10B030F2BEDD8D8F792FFAC
S2140302B0EBE708B50120D8F7D7FE002008BD08B540
S2140302C00020D8F7D1FE002008BD012913B50DD1B3
S2140302D010680DF1070101F059FA044618B99DF9A3
S2140302E00700D8F791FF204602B010BD0724FAE7AF
S2140302F0002201600C21C0E90422C0E901128261D8
S214030300704703F0DFBB70B5A2B00846164601A9D6
S21403031021221D46D8F72AF8044638B901A801F069
S21403032058FA2946307001A801F048FA204622B050
S21403033070BDC0E905120068D8F78CBE0EB403463C
S21403034017B505A951F8040B5C6901910CB19A69BC
S214030350A04703B0BDE8104003B070470C207047B9
S2140303600C20704708B50A461023006822F8103F91
S214030370FFF7F6FF08BD0C2070470C20704713B537
S21403038010241346948202F114040194141D00945D
S21403039002330068FFF7F1FF02B010BD38B5002541
S2140303A00446C0E90150C0E9035045611830D7F749
S2140303B093FB2146C4E9074404F12400D7F706FC5F
S2140303C0214604F1400000F046F8214604F1C80037
S2140303D0FFF78EFF84F8E450D7F79EFBC4F8E800D7
S2140303E0204638BD10B5044621B10B68EB2B04D864
S2140303F0EC230B600024204610BD0028FBD0FFF73B
S214030400CDFF012384F8E430F5E703F0BABD03F02B
S214030410BABD10B504461C3001F048F804F140009C
S214030420BDE8104000F00AB890F8E4302BB1002382
S214030430543080F8903000F09ABD70470023C0E92E
S214030440033383600B2303714FF6FF73143020F8D6
S2140304500E3C00F01EBD0B2310B503714FF6FF7361
S214030460C38000230446C0E90233016003611430ED
S214030470D7F744FF2046FFF7E1FF204610BD38B507
S21403048004460D46143019B100F05BFD10B138BDBB
S21403049000F06DFD0020A560F9E738B583680446D3
S2140304A00D462BB1143000F024FD0020E58038BD46
S2140304B00D20FCE7836813B10171002070470D20FF
S2140304C0704708B5836823B1143000F024FD00207C
S2140304D008BD0D20FCE708B5836823B1143000F08F
S2140304E00CFD002008BD0D20FCE708B5836823B18A
S2140304F0143000F007FD002008BD0D20FCE78368DC
S2140305001BB10179143000F045BD0D20704710B4BF
S21403051084682CB122B9234600685DF8044B18475B
S2140305205DF8044B704738B5836804460D462BB117
S214030530143000F09EFE00B9E56038BD0D20FCE7E0
S21403054038B5C56804461DB10068A8470023E360B4
S21403055038BD38B51D46836804462BB1143000F009
S21403056094FD00B9256138BD0D20FCE7836810B5FE
S21403057004462BB103691BB1006898470023236127
S21403058010BD2DE9F04304468FB00D4616460021F4
S214030590102202A806AF99460DF128080AF03FFC80
S2140305A01022002138460AF03AFC10220021404669
S2140305B00AF035FCA368DBB10022494602A800F026
S2140305C053FC00223846169900F04EFC00224046A3
S2140305D0179900F049FC04F1140032462946CDE988
S2140305E0007802AB00F0AAFD00200FB0BDE8F08350
S2140305F00D20FAE708B5836823B1143000F01FFF17
S214030600002008BD0D20FCE70088704708B5FFF7FB
S214030610FBFFC0F3C00008BD03681970090A5970D0
S214030620704708B503460068FFF7EEFF39B140F0A0
S21403063010011846BDE8084089B2FFF7EDBF20F069
S2140306401001F6E708B503460068FFF7DDFF39B18A
S21403065040F400711846BDE8084089B2FFF7DCBFD6
S21403066020F40071F6E708B50068FFF7CDFF10F435
S214030670807F0CBF0320022008BD00F44052B2F571
S214030680005F034622D148F2400220F44E5020F089
S2140306903F0090421ED010D8B0F5446F1AD007D84A
S2140306A0B0F5046F18BF002814BF01200020704760
S2140306B0B0F5004018BF012070474CF6404203F4E3
S2140306C04C43B3F5404F18BF9042EDE700F4406348
S2140306D0181EEFE70020704708B501460068FFF7CD
S2140306E093FFFFF7CAFF20B1BDE808400846FFF7AF
S2140306F0BABFFF2008BD38B505460C46FFF7ECFF2A
S214030700FF2817BF2B6806201B5A002018BF23801C
S21403071038BD08B503681846FFF776FFC20500D54F
S214030720FEE7987808BD08B503681846FFF76CFF20
S214030730C20500D5FEE7997008BD08B50246FFF767
S21403074092FF01461068FFF75FFFFFF796FF01EB86
S2140307504000C0B208BD38B505460C46FFF7EDFFAE
S2140307602B6801461846FFF74FFFC0F38120022887
S21403077005D0032807D000230020237238BD5B5A18
S21403078023800123F8E719440122204600F052FB98
S2140307900223F1E700F44053B3F5005F04D100F4FD
S2140307A04C43B3F54C4F08D0B0F5804F05D3C0F398
S2140307B0801080F00100C0B270470020704710B56B
S2140307C002460068FFF720FF0446FFF7E3FFA8B1E1
S2140307D01046FFF748FF01462046FFF74EFFC4F3D7
S2140307E0812401EB4001022CC8B202D0032C03D0B3
S2140307F010BD0230C0B2FBE70830FBE7FF20F7E787
S21403080038B505460C46FFF7DAFFFF2817BF2B68F7
S21403081006201B5A002018BF238038BD034610B598
S2140308200068FFF7F1FE04461846FFF71CFF014673
S2140308302046FFF722FFC4F3812301EB4002022B7D
S214030840D2B208D0032B09D02046FFF7A3FF02EB52
S2140308504000C0B210BD0232D2B2F5E70832FBE761
S21403086038B505460C46FFF7D9FF2D6801462846DE
S214030870FFF7CAFEC0F38130022804D0032808D04D
S21403088070B1062038BD6B5A2380012323720020E3
S214030890F8E701222046294400F0CCFA0223F5E7C4
S2140308A02072F4E700F01800102805D0A0F1180312
S2140308B058425841C00070470420704700F00703B1
S2140308C00120984010F0220F09D110F0880F08D1AC
S2140308D000F04400003818BF0120C0007047042011
S2140308E0704710207047037A012B06D0022B0CBFEB
S2140308F003200020884080B270470220FAE708B53C
S2140309004307024608D0FFF7CDFF12F0180F0CBFBF
S21403091005300630C0B208BDFF20FCE72DE9F743DB
S214030920061D0446B0F8009045880F4630460E2153
S214030930FFF7D9FF04EB010849EA050202430A213F
S2140309404046FFF7D0FF92B2A37D104380B25BB15F
S214030950012B04D14FF6FF72E189914204D0B9F11D
S214030960020F18BF40F02000A27F003A18BF0122F2
S214030970B5F5805F40EAC20094F8212003D0B5F5B0
S214030980005F0CD09DB9217B31B12BB1218B638BDA
S214030990994208BF40F04000D50708D5FEE7217B03
S2140309A0002B70D1637F002967D1002B76D102F02C
S2140309B0010240EA022539687F226846FFF76CF891
S2140309C029466846FFF78BF8E90503D401216846F4
S2140309D0FFF7AFF82846FFF750FE18B16846618B5D
S2140309E0FFF77DF841466846FFF784F82846FFF789
S2140309F0D1FE18B16846218BFFF771F83146684679
S214030A00FFF778F8BDF80430A67FBB808EB1E37F8E
S214030A1068461E433146FFF757F83046FFF76FFF29
S214030A20411E89B26846FFF784F83046FFF746FF53
S214030A300646AA050ED52388032B03D094F8213047
S214030A409B070FD402216846FFF773F800227F2125
S214030A5000F0E7F92388032B04D1684694F82010A6
S214030A60FFF732F802366846F1B2FFF762F8BDF8D0
S214030A700430BB8003B0BDE8F083002B97D1237FFF
S214030A80002B94D10AE009B9637FF9E7022901D163
S214030A90022BF9D0218B638B994288D140F040001A
S214030AA085E710B580F480720446C2F30021FFF791
S214030AB0E4FD48B98A1CC4F38123022B06D0032B1A
S214030AC015D02BB1FF2010BD0A1DF4E70232D2B2B7
S214030AD02046FFF75FFEA40B02EB4002022CD0B2C7
S214030AE007D0032C08D0002C18BFFF20EBE70832F2
S214030AF0EDE70230C0B2E6E70830FBE708B58388C7
S214030B00032B06D90068FFF77FFDBDE80840FFF713
S214030B10C8BFFF2008BD08B583880246022B08D944
S214030B200068FFF773FD20B1BDE808401046FFF7E5
S214030B30E5BFFF2008BD38B505460C46FFF7EBFFBB
S214030B40FF2817BF2B6806201B5C00201CBF03F082
S214030B500703237038BD38B505460C46FFF7DBFFA1
S214030B60FF2817BF2B6806201B5C00201CBF03F062
S214030B701803237038BD38B505460C46FFF7CBFF80
S214030B80FF281FBF431C2A68DBB2D35816BF0020BA
S214030B900620236038BD38B505460C46FFF7BBFF75
S214030BA0FF2800D1FEE72A68431CD9B2545452FAF0
S214030BB083F3220A5A70220C240E9A70DC702B7F61
S214030BC043F001032B7738BD70B506460D46FFF795
S214030BD0A2FFFF28044609D03268105CFFF762FEC6
S214030BE022440244002053792B7070BD0620FCE794
S214030BF070B506460D46FFF78EFFFF28044600D164
S214030C00FEE73268105CFFF74DFE2244024455713E
S214030C1070BD10B50446FFF77EFFFF2806D0236895
S214030C20185CFFF74BFE0230C0B210BD0220FCE793
S214030C3010B50446FFF762FFFF28014611D022686D
S214030C401046FFF7E3FC60B1A488A1420BDA505CC0
S214030C50FFF755FEFF2808D00144C9B28C42B8BF3F
S214030C60FF21084610BDFF21FBE70146F9E7F8B56B
S214030C700646FFF7DDFFFF28044632D037683846BE
S214030C80FFF7C2FC830505461CD53046FFF7C1FFB8
S214030C90B188A21C93B210FA82F28A4207EB0406CA
S214030CA020DC3A5D02F07F0213449CB210FA83F311
S214030CB0994217DB328802F4FF42B2F57E5F01D019
S214030CC09942E6DC3B7803F00703032B06D105F4D1
S214030CD04055B5F5005F1CBF0134A4B2FE2C01D805
S214030CE0E0B2F8BDFF20FCE710B50446FFF7BFFFF0
S214030CF0FF2816BF23680020C01810BD10B5044691
S214030D00FFF7F2FF2368C01AC0B210BD70B50546E0
S214030D108688FFF7F3FF04462846FFF77AFF044466
S214030D20301B80B270BD38B504460568FFF771FF07
S214030D30A388181A284438BD08B503460068FFF789
S214030D4063FC820504D51846BDE80840FFF770BF6C
S214030D50FF2008BD2DE9F041002304469CB008A8F7
S214030D600D460393FFF721FA2068FFF74FFC002890
S214030D7051D020460DF10B01FFF7DDFE00284AD1C6
S214030D80204603A9FFF7F7FE0646002843D10DF1D8
S214030D90100843469DF80B2028460399FFF7F7F9FA
S214030DA0A16808A8FFF76BF82046FFF732FF054651
S214030DB02046FFF7A3FF07462046FFF7A7FF0D23AE
S214030DC0023D02463946CDE9008308A8EBB2FFF799
S214030DD062F82046FFF792FF25680246294608A8D0
S214030DE0FFF7F1F82046FFF77FFF05462046FFF79B
S214030DF08DFF2A460346294608A80096FFF71CF9E6
S214030E002046FFF790FF014608A8FFF7A3F9237FC4
S214030E1043F01003237708A8FFF7DEF91CB0BDE8FC
S214030E20F081C90101F4FF4102F07F020A43018009
S214030E300270704712B1012A05D070470B68036031
S214030E404B684360704701F1080313F8012D8B428A
S214030E5000F8012BF9D17047012341804371704795
S214030E601022002109F0DBBF0B46024630B501F124
S214030E701005144618685968083303C4AB42224663
S214030E80F7D130BD102308608B8070470068D8F711
S214030E9001BB38B54FF6FE730025044643818381B4
S214030EA0C38AC58003F0FE0343F4FE4343F0010305
S214030EB0C3820572C0F80E50C0F81250856180F8E0
S214030EC061502C30FFF7CCFF04F13C00FFF7C8FF5E
S214030ED004F14C00FFF7C4FF84F86050E56504F1A5
S214030EE06400BDE83840D6F759BE808840F0340029
S214030EF070470368D869D8F743BA418100681C3045
S214030F0000F0D1BA82898A4204D003688181D86905
S214030F1000F06FBB70470A68C0F80E204A68C0F836
S214030F20122000681C3000F0B2BA837D61F3000320
S214030F3083758388DB0503D50368D86900F094BB03
S214030F407047837910B5044673B90368D869D8F730
S214030F5081FA58B92368D869D9F79CF930B9A379C7
S214030F60012B01D00123A371002010BDFEE710B5AD
S214030F7004466430D6F712FE2368D869D9F78AF98F
S214030F8038B92368D869D8F771FA10B9A37903B1C9
S214030F90A07110BD10B5044600681C30FFF776FF3D
S214030FA020B9A379022B1CBF0223A37110BD38B549
S214030FB00123044603FA01F10020FEF7DDFD4FF49A
S214030FC0A07303FB00F5A37D2068DB070BD5E3695D
S214030FD01C309979FFF75AFF294604F16400BDE8EF
S214030FE03840FEF72DBFC069D9F754F9F4E7837983
S214030FF010B503F0FB03032B044623D18388DB06DB
S21403100014D50423A3712068E1691C3000F0B2FAFA
S2140310100D2809D1E1694B693BB100232068C1E97A
S21403102004331C3000F0A6FA60B1FEE7C36900681B
S21403103099791C30FFF72AFF00B1FEE7A379042B4A
S214031040E1D0DEE710BDC2698379516909B9126937
S2140310502AB1072B01D007238371FFF7C8BF032BE1
S214031060FBD00323F8E7034610B45C6A08462CB1AA
S2140310709A6A012123465DF8044B18475DF8044B32
S21403108070470368D86903F014B8837910B504462B
S2140310908BB1033B042B0ED983889B070DD50368BE
S2140310A0D86903F023F8A379052B01D1002010BDDE
S2140310B00523A371FAE70D20F9E70C20F7E78379F8
S2140310C02030022B1CBF022300F81A3C00F0DAB9CA
S2140310D0838810B59B07044600D5FEE7FFF7D1FFCC
S2140310E07F2806D094F917307F2B01D0984200DD75
S2140310F0E075D7F7CFFEA369C01A002807DAE16EBA
S21403110004F164008022BDE81040FEF793BE20463B
S21403111094F91710BDE81040FFF7D1BF0079C0F36C
S214031120401080F0010000F0010070470079C0F322
S214031130800080F0010000F0010070472DE9FF47B2
S21403114008290446DDE90C890F4692461D4603D05E
S21403115011F0EF0F13D0FEE780F8602000F12C06A5
S2140311600FCB86E80F0004F13C0698E80F0086E8EC
S2140311700F0004F14C0699E80F0086E80F0020469E
S214031180FFF7CCFF50B92468CDE90190CDF8008075
S2140311902B4652463946E06902F0C1FF04B0BDE86B
S2140311A0F08738B590F86030044693420D4607D171
S2140311B0203000F06BF9E36D9D4224BF0135E565F1
S2140311C038BD436A70B505460C4616462BB121B1A9
S2140311D01AB9826A3146204698472846FFF79EFF8B
S2140311E040B93CB1E37D9B0704D52846227D21699F
S2140311F0FFF7D7FF3246214605F12000BDE87040D1
S21403120000F036B937B50446C06903681B881D0766
S2140312102DD5037FD9062AD40DF10701FFF79BFCD2
S21403122028BBE069037FDA0703D494F86010FFF75E
S214031230DFFC2046FFF772FFC8B19DF80730082B86
S21403124015D1E06904F13C038360037FDB0709D40F
S214031250E56D2946FFF79FFC2946204694F8602053
S214031260FFF79FFFE06904F10E01FFF773FD03B07C
S21403127030BD38B583790546052B0BD00024FFF720
S214031280C1FF2846EC712C7285F86140FFF7DBFE40
S214031290204638BD0D20FCE737B505460C46FFF75C
S2140312A03DFF20BB0B681B881A0720D50B7FDB0787
S2140312B01DD520460DF10201FFF74DFC00B1FEE7F8
S2140312C09DF80230082B12D1204601A9FFF753FCE4
S2140312D000B1FEE720460DF10301FFF775FC00B1F0
S2140312E0FEE728469DF803200199FFF75AFF03B04F
S2140312F030BD2DE9F7431E46044664300D4690463E
S214031300D6F74CFC0E2E4DD004D8002E4AD00B2E0A
S2140313100BD0FEE70F2EFCD100212B7F5A0704D5F6
S214031320AA7904F1200000F0A7F829462046FFF723
S214031330B3FF0023E371237A002E35D02046FFF750
S214031340F5FE074620B16F7E9F4294BF0027012714
S21403135004F12009324629464846009700F08DF8E6
S21403136057B3237A0E2E03F1010323722B7F43F028
S21403137002032B771AD1A3792046062B18BF062320
S21403138094F8611018BFA371FFF711FE94F861304B
S2140313900133DBB2052B28BF052384F8613003B085
S2140313A0BDE8F0830121B8E73746D1E7204603B00E
S2140313B0BDE8F043FFF747BEA379A97E022B1CBF07
S2140313C00223A371AB798B4206D0A37DDB0703D53B
S2140313D020681C30FFF75AFD3346424629464846E6
S2140313E003B0BDE8F04300F049B8837910B5033B7A
S2140313F00446042B1ED8DFE803F003071915030081
S214031400BDE81040FFF7F3BDC369006899791C3047
S214031410FFF73CFD2046E1690E23BDE8104000229D
S214031420FFF767BFBDE81040FFF70DBEBDE81040ED
S214031430FFF74EBE10BD00685430FFF7D6BF08B5A1
S214031440034612B1C06D884200D2D9651846FFF72D
S21403145065FE50B91B68D8691AB1BDE8084002F0AA
S21403146068BEBDE8084002F062BE08BD0160704772
S21403147000684030FFF74BB870477047006840304D
S214031480FFF75EB800684030FFF770B8704713B5D3
S214031490044601226846FFF7CDFC69462068D7F765
S2140314A091FF02B010BD0068D7F7BEBF70B5044603
S2140314B08AB006AE10220021304609F0B0FC0021A7
S2140314C02068D8F70FFF2068D9F7F4FA2068D9F711
S2140314D097FB206803F0D2F848B12068D8F7DAFE05
S2140314E000B1FEE72068D7F7C1FF00B1FEE700258D
S2140314F020684FF6FF71D7F743FF204604A9CDE9CE
S2140315000455FFF7C4FF4FF6FE712046FFF7CBFFE7
S2140315103046FFF7A5FCCDE90165009633462A461B
S2140315202946206802F0FBFD2946206802F0FFFDED
S21403153029462068D8F7C6FE0121206800F094F8F3
S2140315400AB070BD13B5044601226846FFF772FC65
S21403155069462068D9F7EAFA02B010BD13B5044607
S21403156001226846FFF766FC69462068D9F728FB20
S21403157002B010BD0068D8F709B800685430FFF70A
S21403158020BE00685430FFF76EBD00685430FFF786
S214031590B0BE00685430FFF792BDFFF7EEBF1346A8
S2140315A00022FFF7F2BF90F8E43070B504460D460C
S2140315B016467BB1D7F75EFD03463246294604F14D
S2140315C020001BB1BDE87040FFF7E7BFBDE87040E1
S2140315D0FFF7D3BF70BD90F8E43013B12030FFF7A8
S2140315E0D0BF704790F8E43013B12030FFF7D1BF77
S2140315F0704770472DE9F0411E4690F8E4300446E4
S2140316000D46174613B3D7F735FDB0B1AF7EAB79AA
S214031610BB420AD02046D6F7A5FEF840C30700D43F
S214031620FEE739462046D7F735FF3246294604F10A
S2140316302000BDE8F041FFF7B2BF33463A462946DD
S21403164004F12000BDE8F041FFF79FBFBDE8F0813D
S21403165008B5D6F787FE08BD0C2070470C207047E8
S2140316600C2070470C20704770470B1AD8B21B0625
S21403167003D47F2908BF00207047002070472DE958
S214031680F743044600680D4616461F46A8B109F000
S214031690F0FB00F101084FEA58085FB1012F0ED0A6
S2140316A04FF0000900F00100C1450CD10020A5F859
S2140316B0009033E02B884345F2D007202EE02B889A
S2140316C04345EDD2F9E7022F02D12B884B4524D0B0
S2140316D008BB23680DF107011878FEF7A8FAE8B9E6
S2140316E02368013323609DF807301B01DBB2337098
S2140316F023680DF107011878FEF799FA70B9236885
S2140317009DF8072001332360337809F10109134359
S21403171006F8013BC8E70023E9E7242003B0BDE849
S214031720F08313B50C466946D6F772FE40B9009BA4
S214031730019AB3F5807F72F100022CBF0720237055
S21403174002B010BD37B50D4610B9072003B030BD43
S21403175003782D2B14D1012401306946D6F758FEA1
S2140317600028F3D1009B04F1004101399942019905
S2140317704FEA40028A41E8D304B15B422B60E5E7B7
S2140317802B2B4FF0000408BF0130E6E713B50C46D9
S21403179001A9FFF7D7FF30B9019B03F18002FF2AA7
S2140317A08CBF0720237002B010BD07B5012301903C
S2140317B001A8FFF764FF03B05DF804FB002310B530
S2140317C0DCB250F82420013302B910BD41F82420BE
S2140317D0F6E70023DAB250F822101A46013300293E
S2140317E0F8D1D0B2704713B50C466946D6F710FE4B
S2140317F048B94FF0FF32009B9A42019A70EB0202FF
S21403180034BF0720236002B010BD08B5FFF7EBFF17
S21403181008BD13B50C4601A9FFF7E5FF20B9019BE8
S214031820003B18BF0123237002B010BD0023F0B5A0
S214031830054618468842C0EBC0070CD005280AD0D8
S2140318402E5C013006F07F04BC4023433406F1D4FB
S21403185002B11360F0BD4FF0FF30FBE77F280BD9D2
S214031860B0F5804F0AD3B0F5001F09D3B0F1805FFF
S2140318702CBF0520042070470120704702207047C4
S2140318800320704738B503461046FFF7E7FF81424B
S21403189009DB1D46441E1C44A542D1B204D1013BBC
S2140318A001F07F01195438BD61F07F0105F8011B73
S2140318B0D209F1E7036810B55A1E114603628B423C
S2140318C011D841620221017700210163A1F580311D
S2140318D0C0E90A33C0E90D13934207D8C0E90F23C2
S2140318E0C0E9113310BD04892144E8E701890A449D
S2140318F0F2E708B501600281114400224160C0E9A5
S2140319000322C0E90522FFF7D5FF08BDC0E903128D
S2140319107047C0E90512704710B51446120A0A70DC
S2140319200122D6F7C7FD047010BD134610B5012279
S2140319300C78D6F7BFFD03782402E01880B210BDFA
S2140319402DE9F041876A90F81C800E4643463946D7
S214031950C26A0446D6F7D2FD0128054614D9424684
S21403196039462046FFF7E1FF023DC5F30D052E433A
S21403197040EA060243463946204692B2FFF7CCFFBA
S214031980E36AA362BDE8F081E762FBE72DE9F0476F
S21403199090F81CA00446BAF1020F0E4617461D46E1
S2140319A025D0836AD1F80490994522D153464946F7
S2140319B0C26AD6F7A3FD3668804653463246494682
S2140319C02046D6F79BFD2844404512DC3D44AF42F3
S2140319D002D10020BDE8F08717F8013B314633708B
S2140319E001222046237FD6F765FD0646EFE70D2046
S2140319F0F0E70720EEE72DE9F047057F0446022DC2
S214031A000E461DD0836AD1F80480984518D1D0F8C5
S214031A102C902B464A464146D6F770FD3668074655
S214031A202B46324641462046D6F768FD874207D9FD
S214031A302B464A4631462046BDE8F047D6F75EBDFC
S214031A400020BDE8F0872DE9F04190F81C8004469D
S214031A50B8F1020F0D4616D0836A4F689F4214D121
S214031A6043463946C26AD6F749FD2D6806464346BD
S214031A702A4639462046D6F741FD864205D9002038
S214031A80E562BDE8F0810D20FBE70720F9E738B5EE
S214031A90037F0446022B12D00021FFF751FF227F5B
S214031AA0A06A04EB8203196A21631862E56815B11C
S214031AB023462069A84702230020237738BD0D203C
S214031AC0FCE7006B7047C26B436A9A4205D1836B8F
S214031AD0006A1B1A5842584170470020704790F816
S214031AE0353033B9C36B426A9B1A18BF012380F89B
S214031AF0343070472DE9F843044690F8346000EB21
S214031B008607D7F82080656C4545256422D0324683
S214031B1029462046FFF709FF030402D5BB6B9D4207
S214031B2018D1C0F30D00821C334629462046D6F74B
S214031B30C1FC334681466064022229462046D6F716
S214031B40B9FC8145A064DED00123002084F835303B
S214031B50BDE8F88303231720F8E708B50146FFF727
S214031B60B2FF68B90846FFF7BAFF91F834300E3370
S214031B7051F82330C1E91033BDE80840FFF7BABF78
S214031B80172008BD90F83500032818BF00280CBF9F
S214031B9001200020704790F8352038B5012A044606
S214031BA00ED1816C90F834300D78D6F783FC636CD5
S214031BB0A064984202D12046FFF79CFF284638BD12
S214031BC00025FBE7F8B505460F4616460024BC423B
S214031BD009D02846FFF7D6FF28B92846FFF7DBFFCC
S214031BE030550134F3E7A0B2F8BD416AD0E90E23BD
S214031BF0994209D1017F012906D0531E02689342F8
S214031C000ED34362C3637047016A914207D1027FD2
S214031C102AB142680133934205D203628363704755
S214031C2001890B44EBE701895B1AF4E7037F022B78
S214031C3006D0083350F82330C0E90A33022303776B
S214031C40FFF7D3BF38B5D0E90A239A42044619D121
S214031C50037F0021083350F82350AB1A5D425D41E1
S214031C60D6F776FCED03014608B1032038BD2046BF
S214031C70D6F76EFC0028F8D12A462046237FA16AB1
S214031C80FFF74AFE0020F1E738B5037F0446022B30
S214031C900D4607D0FFF7D6FF30B9E36A2B60A36A79
S214031CA06B6038BD0D20FCE70320FAE738B5037FE9
S214031CB00446022B0D4608D0FFF7C4FF38B9294661
S214031CC02046BDE83840D6F743BC0D2038BD032078
S214031CD0FCE7F8B5037F0746022B0D46164611D0E0
S214031CE0FFF7B0FF044610B103242046F8BD2E4488
S214031CF0B542FAD0384615F8011BD6F729FC00285A
S214031D00F6D0F1E70D24F0E738B50D460446FFF7A5
S214031D108DFF0DB1012D00D12577237F083354F8AD
S214031D202330C4E90A3338BD0022C0E90022C0E9E3
S214031D300222704700228388C280038182728381D5
S214031D407047002910B5016014BF11460021818039
S214031D50FFF7F0FF818110BDC388028910B55C1CB4
S214031D60944297BF02680620D35C0B709FBFC3885C
S214031D700133C380002010BD13B50C460DF10701D7
S214031D80FFF7EAFF48B99DF8073013B9207002B091
S214031D9010BD012B01D12370F9E70620F7E713B531
S214031DA00C460DF10701FFF7D7FF10B99DF8073072
S214031DB0237002B010BDC388028910B59C1C9442E0
S214031DC00BD80268D4186478D35C43EA04230B80E8
S214031DD0C3880233C380002010BD0620FCE7F0B59D
S214031DE0C4880389251D9D420FD806683219937847
S214031DF05778345D1B04D27843EA0723234343EA28
S214031E0002630B60C5800020F0BD0620FCE7C28895
S214031E100389F0B502F108059D421AD80668B4187E
S214031E20A3786778B25C1B0443EA07231343E2787C
S214031E30667943EA0263227942EA0622A679E479BE
S214031E4042EA064242EA0462C1E90032C580002043
S214031E50F0BD0620FCE737B5C38804460D46018966
S214031E600068C91A184401AAFFF7E0FC0028C9BF96
S214031E70E3880620C018E080C2BF0020019B2B60C9
S214031E8003B030BD10B5C488038922449A42D7BF35
S214031E90036806201B190B60DCBFC280002010BD40
S214031EA0C28838B503890D46511C9942044601D9A8
S214031EB0062038BD00689B1A99B21044FDF76BFEE6
S214031EC0E3882289D21A92B29042F1D222681A4447
S214031ED0013318442A60E0800020EAE710B403893F
S214031EE0C4881B1B9BB213805DF8044B1A46FFF78E
S214031EF0C9BFF7B50E460DF1060105461446FFF7B2
S214031F005AFF10B1062003B0F0BDBDF80670314687
S214031F103A462846FFF7B6FF0028F3D12780F2E7B4
S214031F20C38883810389C381837AC3727047838995
S214031F3082889A4281BFC380C3890381C37A86BFDE
S214031F40837200200D20704738B504460D4600689E
S214031F50C9B2FFF7ABFE28B92068290ABDE83840A6
S214031F60FFF7A4BE38BD38B504460D460068C9B2AF
S214031F70FFF79CFE88B92068C5F30721FFF796FE96
S214031F8058B92068C5F30741FFF790FE28B92068C3
S214031F90290EBDE83840FFF789BE38BD70B5D1B20B
S214031FA00446006816461D46FFF780FE38BB2068C9
S214031FB0C6F30721FFF77AFE08BB2068C6F307417E
S214031FC0FFF774FED8B92068310EFFF76FFEB0B97D
S214031FD02068E9B2FFF76AFE88B92068C5F30721CF
S214031FE0FFF764FE58B92068C5F30741FFF75EFEA6
S214031FF028B92068290EBDE87040FFF757BE70BDAC
S21403200013B50A46044606216846FFF73BFC6946B5
S21403201082B22068FFF75DFE02B010BD70B50D46B4
S21403202011F00F01044618BF0023006816BF0121F4
S21403203084F8241084F824301646FFF765FE2946F4
S2140320402068FFF733FE28B931462046BDE87040C6
S214032050FFF7D6BF70BD70B50E461146054614464B
S214032060FFF772FF30B9224631462868BDE8704054
S214032070FFF72FBE70BD38B5044608460D4608F078
S214032080F8FE4FF6FF73984228BF1846294682B2D9
S2140320902068FFF71EFE014620B92068BDE83840D9
S2140320A0FFF704BE38BD10B590F824100446032984
S2140320B016D800EBC10104310068FFF7E5FD70B9DF
S2140320C001462068FFF7F2FD48B901462068FFF78E
S2140320D0EDFD20B994F82430013384F8243010BD84
S2140320E00D20FCE713B590F82410044611B90D2013
S2140320F002B010BD0139C9B280F8241000EBC1014B
S21403210004310068FFF777FC0128F0D994F824100F
S214032110023804EBC101ADF804000223206801AACB
S2140321200431FFF733FCE3E710B5044694F8243094
S21403213023B92068BDE81040FFF7A9BC2046FFF787
S214032140D1FF0028F2D010BD10B500F128010446D7
S2140321500068FFF799FD18B994F8243084F8253001
S21403216010BD38B504461D46FFF758FF48B920464C
S214032170FFF7EAFF28B929462046BDE83840FFF7AF
S2140321803FBF38BD10B500F1280104460068FFF7CD
S2140321905AFC18B994F8253084F8243010BD38B5A5
S2140321A004460D46FFF7EEFF50B901462046FFF7FB
S2140321B027FF28B929462046BDE83840FFF720BF49
S2140321C038BD0068FFF776BB1F207047FFF76EBD6C
S2140321D0FFF76CBD002350F8042F8A4201D1D8B212
S2140321E070470133042BF6D100207047032900D92A
S2140321F0FEE700EB8100406870471C282ED8DFE816
S21403220000F00F3011132D1517192D2D2D2D1B1D15
S2140322101F212D2D2D272D2D2D25232D2D292B004B
S214032220002070470E2070470B2070470C20704725
S2140322300920704703207047022070470420704728
S21403224011207047122070471320704714207047E0
S21403225016207047172070471820704700F58040F7
S21403226070470120704790F8E030042B1ABF90F8AF
S214032270A80080F00100002070472DE9F8430C46C3
S21403228001F00F0E11F00F0194461A4607D1BCF168
S214032290020F02D1D030D6F721FA00200DE090F8D5
S2140322A0EE7890F8ED88A7EB08030E2B07DDD03009
S2140322B00E220021D6F712FA0320BDE8F883C4F3F2
S2140322C00113C41894F8E9481E468C423BD139469C
S2140322D00E293CD801F58F7443F0400130F83430B2
S2140322E041EA8E010CF0030C23F45F7323F003031F
S2140322F041EA0C21194320F8341000EBC4056B683F
S214032300013762F317036B6080F8EE78C5E70F3C7E
S214032310E4B20E2CFBD804F58F7410F8345015F085
S214032320400F0CD005F003094E4508D1C5F38309C9
S214032330894504D125F0400500F83450C7E708F175
S21403234001085FFA88F84745C1D94446E1E70F39E3
S214032350C9B2BDE713460222FFF78FBF38B511F0A7
S214032360300F00F1600408BFC0F8AC201546002308
S21403237006222046FFF7F5FE48B929462046FFF712
S2140323803FFE20B92046BDE83840FFF7CDBE38BD36
S2140323902DE9F74304460E46684611461546984609
S2140323A0D6F73CFCDDE90079CFB919F0010F16D159
S2140323B0A5F57053B3F5806F2CD204F160072B4656
S2140323C0062231463846FFF7CCFE80BB2946204618
S2140323D002F0A5FB17281DD048BB384615E004F1CC
S2140323E060082B46062231464046FFF7BAFEF0B990
S2140323F019F0010F4FEA690318BFE35804EB6900AD
S21403240018BFDF59B84790B9404603B0BDE8F0435C
S214032410FFF78ABEB8F1000F07D00D2231462046DB
S21403242003B0BDE8F043FFF799BF4246F6E703B0B3
S214032430BDE8F08370B50446002694F8ED5894F88A
S214032440EE38AB4201D1002034E005F58F7514F861
S21403245035305A0616D414F8353023F0400304F802
S214032460353094F8ED380133DBB20F2B84F8ED38B2
S214032470E3D194F8EE3884F8ED680E2B22D884F86E
S214032480EE38DAE7C3F30102C3F3830141EA02112C
S21403249004EBC5025378526803F0030361F07F012F
S2140324A0022BC9B2C2F3170205D12046FFF756FF27
S2140324B00028D0D070BDB3FA83F320465B09FFF73C
S2140324C067FFF5E70F3BDBB2D7E738B590F8A830E0
S2140324D004460D4633B1D0F8E4308B4204BF0023E4
S2140324E080F8A8302046FFF7A5FF00BB2946204604
S2140324F002F014FB94F8E810A1B101230C22204645
S214032500FFF746FF98B994F8E03084F8E800042B08
S21403251008D004F11400FFF7D4FA0123C4F8E4004A
S21403252084F8A8302046BDE83840D6F71DBA38BD33
S214032530FFF7CBBFF8B500F1600504462846069EB4
S214032540BDF81C70FFF70DFE50B93A463146206EB3
S214032550FFF7BFFB20B92846BDE8F840FFF7E4BD08
S214032560F8BD2DE9F04F042B04460D46174687B0F9
S21403257002D0052B18D0FEE74FF00709114604A832
S214032580D6F764FBDDE9048606F0010BB8F1000F0D
S21403259013D1BBF1000F10D10D2229462046FFF7B9
S2140325A0D9FE07B0BDE8F08F114604A8D6F75AFB4C
S2140325B0DDE904864FF00809E6E704F1900A504681
S2140325C0FFF7AEFC0DF10A0203A95046FFF786FC9F
S2140325D05046FFF7ACFC002304EB660084F86F3923
S2140325E07310BBF1000F02D0E35853F80880C047BE
S2140325F00123064684F86F3918B1FFF7FEFD02463D
S214032600CBE7BDF80A304A460193039B294600935D
S21403261020463B46FFF78EFF0028C2D03246BCE773
S21403262008B50022FFF796FE08BD2DE9F0414FF4EA
S214032630807804460D460021C2B002AF01AE424682
S2140326403846316008F0EBFB314604F19000FFF7A3
S21403265027FC70B1FFF7D1FD294602462046FFF757
S2140326607DFE0023C4F8A039A4F8A43942B0BDE81F
S214032670F08131682068C4F8A079A4F8A4890EF024
S214032680A9FD0028EDD104F160064FF46F5306222E
S21403269029463046FFF765FD0028E2D13946304625
S2140326A0FFF7E9FC0028DCD13046FFF73DFDD8E70D
S2140326B010B50446D0F8A0091346C0B00A46A0B128
S2140326C0B4F8A419E4F7DEFC00280CDDB4F8A4394A
S2140326D0D4F8A0299842A8BF184602441B1AC4F887
S2140326E0A029A4F8A43940B010BD4FF48071684601
S2140326F0E4F7C8FC0028F6DB60344FF46F53062279
S21403270080212046FFF72DFD0028ECD169462046A0
S214032710FFF7B1FC0028E6D12046FFF705FDE2E708
S21403272013460A4601461846FFF7C2BF10B50446CD
S21403273000680EF054FE0146206EBDE81040FFF719
S21403274047BD10B5044600680EF024FE0146206E11
S214032750BDE81040FFF73ABD002337B5054601A98B
S21403276090300193FFF777FB0446A0B99DF8041059
S21403277028680EF0BFFD044668B928680EF02FFEE1
S21403278048B195F871392B4493F86A391BB1286818
S2140327900EF043FE0446204603B030BD10B5044693
S2140327A000680EF010FE410001F0FE01206EBDE849
S2140327B01040FFF70BBD002313B504460DF10701C8
S2140327C090308DF80730FFF7C7FA58B99DF80730F1
S2140327D023B1013B012B07D9072003E001462068FC
S2140327E00EF068FE02B010BD0121F8E713B50446EB
S2140327F00DF107019030FFF7BFFA20B99DF80710D7
S21403280020680EF0A1FD02B010BD10B5044654F8C2
S214032810600B0EF0A7FD01462046BDE81040FFF70B
S21403282093BB13B504460DF106019030FFF7C3FAC8
S21403283020B9BDF8061020680EF078FD02B010BD72
S21403284010B5044600680EF049FD08220146206EC6
S214032850BDE81040FFF73DBA13B50822044601A9A8
S2140328609030FFF70FFB18B9019920680EF050FD62
S21403287002B010BD10B5044654F8600B0EF07EFD92
S21403288001462046BDE81040FFF75EBB90F871395D
S214032890034493F86A19006EFFF79ABC002337B512
S2140328A005460DF1070190308DF80730FFF764FAFF
S2140328B0044688B928680EF092FD30B19DF80730BB
S2140328C0286863B10EF0A9FD044695F871391D44D6
S2140328D09DF8073085F86A39204603B030BD0EF000
S2140328E013FEF1E77FB500F19006054602A93046D0
S2140328F0FFF78DFA044628BB304601A9FFF76FFAA7
S2140329000446F8B930460DF10301FFF725FA0446ED
S214032910C0B9286801F0B0FEDDE90223904271EBEE
S214032920030612D2121A63EB01036FF00101914200
S21403293074EB030309D3019B9DF803102868D6F7AD
S214032940DDFD0446204604B070BD0724FAE710B543
S2140329500446006801F0A6FE0146206EBDE810405E
S214032960FFF734BC10B50446006801F0A0FE01462C
S214032970206EBDE81040FFF729BCF8B505460E46A5
S2140329800024012707FA04F3334204D10134202C30
S214032990F8D10020F8BD286EE1B2FFF717FC002837
S2140329A0F4D0F7E7F7B5002304460D46012700F1F8
S2140329B09006B4F896202B60B4F898309A4202D169
S2140329C0002003B0F0BD30460DF10701FFF7C4F950
S2140329D00028F6D19DF807301F2B04D82A6807FA7B
S2140329E003F31343E5E70720EBE7D0F8B010FFF750
S2140329F0C4BF002313B501A904460193FFF7D2FF12
S214032A0010B9019BC4F8B03002B010BDB0F8B410D2
S214032A106030FFF799BA00F1B4019030FFF7CBB9F5
S214032A2010B5044600680EF0DAFC014640B194F88F
S214032A307139234493F97619013118BF01214900EE
S214032A40206EBDE81040FFF7C1BB13B5044601A9CD
S214032A509030FFF700FA28B90122019904F1D0005B
S214032A60D5F770FE02B010BD13B5044601A9903029
S214032A70FFF7F1F928B90246019904F1D000D5F71A
S214032A8061FE02B010BDD0F8AC106030FFF7B8BAE4
S214032A9010B500F1600404212046FFF7B1FA28B907
S214032AA02046BDE810400321FFF7AABA10BD032154
S214032AB06030FFF7A5BA00216030FFF7A1BA10B562
S214032AC000F1600405212046FFF79AFA48BB0C2163
S214032AD02046FFF795FA20BB18212046FFF790FA09
S214032AE0F8B922212046FFF78BFAD0B940F201212C
S214032AF02046FFF785FAA0B940212046FFF780FA63
S214032B0078B941212046FFF77BFA50B94221204687
S214032B10FFF776FA28B92046BDE810404321FFF7B1
S214032B206FBA10BD10B504460EF07DFB014604F1E6
S214032B306000BDE81040FFF79EBA0346002110B4BC
S214032B4000F1100253F8044F0CB10131C9B293429D
S214032B50F8D1006E5DF8044BFFF738BB0021006E1A
S214032B60FFF734BB0421006EFFF730BB0C20704721
S214032B7013B50446694600680EF018FC0822694639
S214032B80206EFFF7A6F802B010BD02216030FFF7F3
S214032B9006BB90F8E010006EFFF718BB712A10B55D
S214032BA01C460CD0B2F56F5F06D00C2A0AD1D5F7B7
S214032BB0C7FF2070012010BDFFF737FDF9E7D6F7F2
S214032BC0B3F8F6E70020F6E7F0B5002785B004462D
S214032BD00E4602A8114615468DF80770D6F72AF852
S214032BE0DDE9023000F0010263B95AB92A463146DC
S214032BF020460DF10703FFF7D1FFD8B19DF8070074
S214032C0005B0F0BD411084F86F7904EB60000AB19B
S214032C106258D358984701238DF8070084F86F3914
S214032C2008BB2B46012231462046FFF726FB8DF8CC
S214032C300700E3E7A5F57053B3F5806F05D30D22C0
S214032C4031462046FFF786FBF1E784F86F092946ED
S214032C50204601F07FFF012317288DF8070084F82C
S214032C606F39DDD1EBE7FFF7C8FA0246E8E7002342
S214032C7073B504460D46903001A916460193FFF737
S214032C80EAF8024640B1FFF7B8FA2946024620465C
S214032C90FFF760FB024604E0032E15D004D8022E8D
S214032CA00CD0104602B070BD331F012BF9D8334643
S214032CB029462046019AFFF754FCEBE729462046AF
S214032CC0019BFFF7DAFAE5E729462046019AFFF764
S214032CD07BFFDFE737B504460D46903001A9FFF7C3
S214032CE0BAF8A0B9019A012A13D00CD9931E032B64
S214032CF014D9A2F57053B3F5806F14D22946204633
S214032D0001F008FF03E029462046FFF789FC03B0DD
S214032D1030BD29462046D5F78FFEF8E729462046DC
S214032D20FFF7A5FFF3E7052229462046FFF712FB28
S214032D30EDE7012373B5002600F19005044680F8FD
S214032D406F3928468DF80760FEF7FBFF04232846F5
S214032D5084F8E03084F8A8600DF10701FEF7FCFF65
S214032D60B8B99DF907309DF80710B34211DAD4F8C5
S214032D7084390133C4F88439C1F3011384F87139F3
S214032D8004EB83035B68236043B906222046FFF700
S214032D90E5FA002384F86F3902B070BD2046FFF7CA
S214032DA099FF38B1FFF729FA9DF807100246204627
S214032DB0FFF7D0FA94F8EE2894F8ED389A4202D04A
S214032DC02046FFF737FB94F871299DF80730224415
S214032DD092F8E91803F00F0331B199421EBFD4F8F5
S214032DE088190131C4F888190F2B0CBF012301334E
S214032DF082F8E938CDE710B50446006801F059F9C2
S214032E00C1B2206EBDE81040FFF7E0B910B5044626
S214032E10006801F044FCC1B2206EBDE81040FFF725
S214032E20D5B913B504460DF107010068D7F764FA60
S214032E3030B99DF80710206EFFF7C8F902B010BD31
S214032E40FFF7DBF9014604F16000FFF7A8F9F5E7A1
S214032E50002313B504460DF1070190308DF80730B3
S214032E60FEF79DFF20B99DF907102068D7F74EFAA5
S214032E7002B010BD13B504460DF10701006801F05A
S214032E8001FC30B99DF80710206EFFF79FF902B0DA
S214032E9010BDFFF7B2F9014604F16000FFF77FF9B2
S214032EA0F5E7002313B504460DF1070190308DF8BE
S214032EB00730FEF774FF20B99DF90710206801F06C
S214032EC011F902B010BD13B504460DF107010068F1
S214032ED0FEF7C2FB30B99DF80710206EFFF776F9B0
S214032EE002B010BDFFF789F9014604F16000FFF751
S214032EF056F9F5E7002313B504460DF107019030A4
S214032F008DF80730FEF74BFF20B99DF907102068B0
S214032F10FEF7A4FB02B010BD37B500F190050446DA
S214032F200DF106012846FEF717FF60B928460DF196
S214032F300701FEF734FF30B99DF907209DF8061008
S214032F40206801F0D1F803B030BD13B504460DF187
S214032F50060154F8600BFEF785FB30B92046BDF832
S214032F600610FEF7F1FF02B010BDFFF746F9014663
S214032F702046FFF714F9F6E713B504460DF10601EC
S214032F809030FEF718FF20B9BDF806102068FEF74C
S214032F9067FB02B010BDFEE7FEE710B50446006807
S214032FA00EF050FBD5F7D6FC0146206EBDE8104068
S214032FB0FFF70CB937B5002300220446CDE90023FA
S214032FC0D5F768FF6946054604F19000FEF71FFF34
S214032FD060B9DDE90032AB4272F1000108D35B1B36
S214032FE062F10002C4F89839C4F89C2903B030BDD6
S214032FF00720FBE700F51A6353E902236030FEF768
S214033000CDBF10B504460068D5F7ACF90146204697
S214033010BDE81040FFF7B1BC10B504460068FEF7E4
S21403302017FB01462046BDE81040FFF7A6BC13B5C4
S21403303004460DF107019030FEF79EFE20B99DF879
S21403304007102068D6F7A0FC02B010BD10B50446E2
S2140330500068D7F769F90146206EBDE81040FFF710
S214033060B7B830B5044695B0054601A954F8600BC9
S214033070D6F774FC38B1FFF7C0F801462046FFF7D1
S2140330808EF815B030BD2046FFF70DF80028F8D1AE
S21403309020460299FEF767FF0028F2D120460399DF
S2140330A0FEF761FF0028ECD120460499FEF75BFF8C
S2140330B00028E6D120460599FEF755FF0028E0D103
S2140330C020460699FEF74FFF0028DAD120460799D7
S2140330D0FEF749FF0028D4D120460899FEF743FFA0
S2140330E00028CED120460999FEF73DFF0028C8D117
S2140330F02046FEF7F7FF0028C3D12046FEF7D3FF8E
S2140331000028BED120460A99FEF72DFF0028B8D125
S21403311020460B99FEF727FF0028B2D120460C99CC
S214033120FEF721FF0028ACD120460D99FEF71BFFC2
S2140331300028A6D120460E99FEF715FF0028A0D139
S21403314020460F99FEF70FFF00289AD120461099C4
S214033150FEF709FF002894D120461199FEF703FFD6
S21403316000288ED120461299FEF7FDFE002888D14E
S2140331702046FEF7B7FF002883D19DF84C10286E33
S214033180FFF726F800287FF47CAF20460199FEF768
S214033190EAFE76E7002337B50C4690300DF10701BB
S2140331A015468DF80730FEF7D7FDD0B99DF80730E2
S2140331B0DA0704D5BDB1227842F0010222709907DE
S2140331C042BF227842F0020222705A0742BF227898
S2140331D042F0040222701B0703D5237843F008034A
S2140331E0237003B030BD0720FBE7F0B504460C267A
S2140331F00020013A90420DD370430A1809588B42B7
S21403320015BF0023D2E90101C4E90033C4E9000174
S2140332102046F0BD85186D0806FB05F7CF599F427B
S2140332202CBF2A46681CE5E7FEF740BD0B2160303D
S214033230FEF7E6BE04216030FEF7E2BE70B5164622
S2140332400C4600F1600541B13AB98A8828460968F8
S214033250FEF701FF48B1012070BD00212846FEF7A6
S21403326073FE0028F7D1002C66D094F91510286851
S214033270C9B2FFF7D9FF0028EDD180212868FFF7F0
S214033280D3FF0028E7D1002C58D0E17D090101F0D7
S21403329030012846FEF758FE0028DCD12846FEF704
S2140332A002FF01460028D6D104B1A1792868FFF7AA
S2140332B0BBFF01460028CED104B1A17D2868FFF7E5
S2140332C0B3FF0028C7D1002C3AD0D4E902232846FE
S2140332D0FEF764FE0028BED12846FEF703FF00284B
S2140332E0B9D12846FEF7DFFE0028B4D1314628467A
S2140332F0FEF786FE0028AED12846FEF7F3FE00282A
S214033300A9D12846FEF7CFFE01460028A3D104B173
S214033310217D2868FFF788FF00289CD19CB121698E
S2140333202846FEF720FE002895D12846FEF7DAFE4B
S214033330003818BF01208FE7214698E72146A8E703
S21403334000220023C3E72146EAE70901F8B561F046
S2140333507F0100F16007044615461E4606227123C8
S214033360384601F0F001FEF7FCFE50B93246294616
S2140333702046FFF763FF20B93846BDE8F840FEF75E
S214033380D3BEF8BD2DE9F3470329044616461F4668
S2140333909DF8288000D9FEE7421892F87259002D4E
S2140333A040D045EA011161F07F01C9B28BB31B68B7
S2140333B0B3F800A0CAF3001A002396F81C9004F191
S2140333C0600582F872392846062209F00109FEF7DD
S2140333D0C8FE38BB4046FEF710FF01462846FEF7F8
S2140333E00FFEF8B95146206EFEF760FCD0B9494689
S2140333F0206EFEF75BFCA8B9B8F1000F0BD033685C
S2140334001B881B0711D4284602B0BDE8F047FEF719
S2140334108BBE9A46D0E7424639462046FFF70EFF54
S2140334200028ECD002B0BDE8F087B9F1000FEAD06F
S21403343030460DF10301FDF7C7FB0028F2D13046F5
S21403344001A9FDF798FB0028ECD19DF80310206E28
S214033450FFF7EAFE0028E5D128460199FEF783FD2B
S2140334600028D0D0DEE703292DE9F04105460C46B7
S214033470174600D9FEE7FF224318240193F97689FD
S21403348064F07F0483F87629FEF7B0FE05F1600644
S214033490E4B20DF0C2FF3923062221463046FEF77A
S2140334A060FEF8B9286E5FFA88F1FFF7BDFEC8B96B
S2140334B0286EF9B2FFF7B8FEA0B93046FEF734FE21
S2140334C080B92146302306223046FEF74AFE0146DF
S2140334D040B9286EFFF7A8FE20B93046BDE8F04194
S2140334E0FEF722BEBDE8F08110B5044654F8600B23
S2140334F00EF082F801462046BDE81040FEF780BD78
S21403350090F87139034493F87A19006EFEF7CEBB30
S21403351010B5044654F8600B0EF086F802460B46C8
S2140335202046BDE81040FEF739BD10B590F8711976
S214033530044601F67A1101449030FEF71DFC48B9A3
S21403354094F871392068234493F87A19BDE810403B
S2140335500EF036B810BD73B5044600680EF016F8C4
S2140335600546B8B904F19006B4F89830B4F8962036
S2140335709B1A9BB2012B0DD930460DF10601FEF7BF
S2140335801AFC30B9BDF8061020680DF0D7FF0028E6
S214033590EAD00546284602B070BD73B504460068F7
S2140335A00DF0DAFF0546B0B904F19006B4F898308A
S2140335B0B4F896209B1A9BB2072B0CD908223046E8
S2140335C001A9FEF75FFC28B9019920680DF0A8FF52
S2140335D00028EBD00546284602B070BD13B5044656
S2140335E00DF106019030FEF7E6FB20B9BDF8061094
S2140335F020680DF0D7FF02B010BD13B508220446AD
S21403360001A99030FEF73EFC18B9019920680DF029
S214033610AFFF02B010BD13B504460DF1060190309E
S214033620FEF7C9FB20B9BDF8061020680DF086FF2B
S21403363002B010BD002313B50822044601A990303A
S2140336400193FEF71FFC18B9019920680DF068FF77
S21403365002B010BD13B504460DF106019030FEF717
S214033660AAFB20B9BDF8061020680DF03FFF02B094
S21403367010BD13B504460DF106019030FEF79BFB13
S21403368020B9BDF8061020680DF0D3FE02B010BDB9
S21403369037B504460DF107019030FEF75DFB58B9C8
S2140336A09DF807102046CD0901F00301FEF79EFDA5
S2140336B020B1294600F0D6FF03B030BD0C20FBE74F
S2140336C07FB500F190050C4628460DF10A0203A9C2
S2140336D0FEF70FFC0646002875D1BDF80A207F2AA0
S2140336E074D8264656F8060B0399A28007F0B4FB57
S2140336F031462846FEF730FB0646002863D1A379F9
S214033700C4E90400A37640F6047323837F23E37699
S214033710237F284623F0170343F00403237704F19B
S2140337201801FEF719FB00284DD1284604F11901AC
S214033730FEF712FB002846D128460DF10601FEF7D8
S2140337401BFB00283FD1237F9DF80620284662F303
S2140337508203237702A9FEF70FFBA0BB237F9DF806
S2140337600820284662F3000323770DF10701FEF7CE
S21403377003FB40BB237F9DF80720284662F34103E3
S21403378023770DF10901FEF7F7FAE0B9237F9DF8D9
S2140337900920284662F30413237704F11401FEF785
S2140337A01EFB80B9284604F11001FEF718FB50B93A
S2140337B0284604F11A01FEF7CFFA20B9284604F189
S2140337C01B01FEF7ECFA304604B070BD0626FAE796
S2140337D030B500F1900487B0054602A92046FEF7EF
S2140337E0BBFA20B99DF80830082B02D0072007B093
S2140337F030BD20460DF10901FEF7AEFA0028F6D1DA
S21403380020460DF10A0203A9FEF773FB0028EED14A
S214033810BDF80A30102BE9D120460DF10A0204A99F
S214033820FEF767FB0028E2D1BDF80A30102BDDD186
S21403383020460DF10A0205A9FEF75BFB0028D6D148
S214033840BDF80A30102BD1D1059B9DF809200193B2
S214033850049B9DF8081000932868039B0DF013FE45
S214033860C5E7002337B500F19005044601A92846AD
S2140338708DF80330FEF7B3FAA0B9B4F89620B4F87F
S21403388098309A4207D19DF80330206801995BB9B6
S2140338900DF0DDFD06E028460DF10301FEF76CFA98
S2140338A00028F0D003B030BD0DF0DFFDFAE713B506
S2140338B0044601A800F0D4FE38B901992046FEF765
S2140338C089FC0146206EFFF7AFFC02B010BD002353
S2140338D037B500F1900504460DF1020128468DF830
S2140338E00030FEF768FA98B90822284601A9FEF7C1
S2140338F0C9FA68B9012269462046FFF74BFC38B976
S214033900019BBDF802209DF80010206800F0D1FE50
S21403391003B030BD00F041BB07B511F0DDFB6A46CE
S21403392011F044FC00B1FEE7009803B05DF804FB19
S2140339304FF0FF3070474FF0FF300EF099BBDEF7C5
S2140339402DBC00B9FEE7406811F086BBF8B5044607
S2140339500E46076812F056FD0023256A236212F00E
S2140339604CFD002D00DCF8BD3846013DB047F8E7B6
S21403397000B9FEE741684FF0FF300DF07ABF10B58F
S214033980044600B9FEE7037F3BB101F0F3F820B12C
S2140339906369204698470023237710BD38B504464D
S2140339A000B9FEE7038B428B9A420CD900220133FF
S2140339B002770383D0E90253984701462046A84777
S2140339C00123237738BD036A01330362FFF7D7FF6A
S2140339D0BDE8384001F0CBB82DE9F8430D46144650
S2140339E0064600B9FEE701F0C5F800283BD030468E
S2140339F0FFF7C5FF3369984700272D1947EB0703E1
S214033A002C1A63F10005012C75F1000309DA336AF9
S214033A10304601333362FFF7B2FFBDE8F84301F0E7
S214033A20A6B8D6E902839847A04277EB05031CD2D3
S214033A30F36898473B46024629462046E3F72CF8A8
S214033A40F368914698473B46024629462046E3F7E5
S214033A5023F84C4683B200227383214630463283D2
S214033A60C04701233377BDE8F8833B46F3E73220AC
S214033A70704713B504460DF10600D6F7ABFB28B91D
S214033A80024621469DF80600D6F7ACFB02B010BDF1
S214033A901FB50023CDE901330393FF238DF80430CC
S214033AA0D6F7AAFB044650B90DF10200D6F792FBEF
S214033AB09DF8020001A9D6F7A5FB00B1FEE7204654
S214033AC004B010BD7047B0F5802F07B54FEA10431A
S214033AD082B20AD20F2A08D88DF804308DF8050072
S214033AE039B901A801F047F906E0072003B05DF8ED
S214033AF004FB01A801F02DF90028F6D10020F5E714
S214033B00B0F5802F07B54FEA104382B209D20F2AC9
S214033B1007D88DF8050001A88DF8043001F057F991
S214033B2000B1072003B05DF804FBB0F5802F07B59E
S214033B304FEA104382B212D20F2A10D8002914BFBC
S214033B40042101218DF80500002201A88DF8043018
S214033B5001F0C8F810F0FF0002D0022803D00720B7
S214033B6003B05DF804FB0D20FAE7B0F5802F13B51C
S214033B704FEA10430C4682B202D3072002B010BDB0
S214033B800F2AFAD88DF8010001A968468DF800308F
S214033B9001F0BCF80028F0D19DF80430013B18BFB3
S214033BA001232370EAE7F7B50D460646A0B10024C5
S214033BB02746A54201D8002009E02A1B002001ABB6
S214033BC092B23119019702F025FB10B1012003B020
S214033BD0F0BD019B1C44ECE70720F8E7008870471C
S214033BE02DE9F74F13F0010804460D4617461E4607
S214033BF0DDF8309002D1043B0C2B6CD9FEE710465F
S214033C001B0A421C002BFAD19DF834A0C0B202282E
S214033C1038BF0220BAF10D0F28BF4FF00D0ACAF1C4
S214033C200F039842B8BFD8B2C0F10F039A45C8BF76
S214033C305FFA83FA2B1E18BF012301385FFA80FB55
S214033C4020467210013A9B0143EAC2034BEA030380
S214033C505246494600F8013B07F0FEF83A460F2362
S214033C6004F110019A4539D300942346802201209B
S214033C70216B12F098FC6DB1B5F57F4F227863780F
S214033C80C5F30720E9B22FD24FF0020842404B405B
S214033C90227063705246494684F810B004F111004E
S214033CA007F0DAF80AF111000021CAF10F022044E6
S214033CB007F0B5F80023C4E90E372364102384F80D
S214033CC048A06563A4F84480A4F8463084F84960A5
S214033CD003B0BDE8F08F1346404692E7013B01F878
S214033CE0012DDBB2120ABDE7D24383F0FE036370F5
S214033CF0A3784FF0060883EA1563A370E37822706F
S214033D0083EA1543E3702379584063792071594059
S214033D106171BFE7836BF7B513441546426B0446E0
S214033D2093420E4617D84F19B74215D1A36B1D44BD
S214033D30636BA5639D420CD1B4F8443033B1009451
S214033D40234680220120216B12F02DFC0023A4F8C9
S214033D50443003B0F0BDFEE7B4F84430102B07D16F
S214033D600094234680220120216B12F01CFC0023C2
S214033D705A1CA4F8442016F8012BE15C4A40E2548E
S214033D80D2E72DE9F74F1D46036C0E46C16B2B4455
S214033D908B42044629D86FF0100B571E06EB050A14
S214033DA000F12009ABEB000B56451FD1236C1D44D5
S214033DB0E36B25649D4258D3B4F8443033B1009482
S214033DC0234680220120216B12F0EDFB94F8482055
S214033DD00E2A4AD8002102F111002044C2F10F0234
S214033DE003B0BDE8F04F07F01AB8FEE7B4F8463064
S214033DF0102B19D14A4694F848100BEB020399424C
S214033E0006DA12F8013D0133DBB21370002BF4D04F
S214033E10CDF8009004F1100380220120216B12F0EC
S214033E20C2FB0023A4F846305A1C16F8018B234421
S214033E30A4F8462093F8203088EA030307F8013FE6
S214033E40B4F84430102B07D1009423468022012077
S214033E50216B12F0A8FB00235A1CA4F84420E25C52
S214033E6088EA020804F803809EE703B0BDE8F08FF3
S214033E7037B5D0E90F329A4204460D4600D0FEE726
S214033E8000F120030093802200F11003016B012050
S214033E9012F089FB0023621E94F849108B4201DB63
S214033EA003B030BD12F8011F92F820004140E954D8
S214033EB00133F1E70023F0B504469DB00068049390
S214033EC0FFF78CFE03070D4650D520460DF10F0174
S214033ED0FCF731FE002849D1204604A9FCF74BFE27
S214033EE0002843D105AF9DF80F2004993B4628468A
S214033EF0FCF74DF92046FCF78CFEA36805462046E2
S214033F001593FCF7FBFE06462046FCF7FFFE0D2343
S214033F10023D02463146CDE9007309A8EBB2FFF72E
S214033F205FFE20462568FCF7E9FE2946024609A8F7
S214033F30FFF7F0FE2046FCF7D7FE05462046FCF7C3
S214033F40D3FE06462046FCF7E1FE324603462946E4
S214033F5009A8FFF716FF2046FCF7E5FE014609A869
S214033F60FFF786FF237F43F0100323771DB0F0BDD2
S214033F70FCF7BABE08B50068FFF730FE00F4405001
S214033F8008BD02F0C4BD08B5D0F7F8FE1B2008BD77
S214033F90704708B5FFF7FCFF08BD08B5D7F776FAF4
S214033FA0002008BD022010F0BBB908B5D5F790FD78
S214033FB040B9FFF7F7FF28B9BDE808404FF4F850BB
S214033FC010F0AEB9012008BD0146202010F094B9C8
S214033FD0202010F0A5B901464FF4004010F08CB92C
S214033FE0012010F09DB90121084610F085B9FFF7AE
S214033FF0D9BF0146022010F07FB9042010F090B913
S2140340000146042010F078B9102010F089B9014653
S214034010102010F071B90146082010F06DB9014662
S214034020402010F069B901464FF4803010F064B9AF
S21403403000214FF4F85010F05FB94FF4807010F081
S2140340406FB901464FF4807010F056B94FF4007004
S21403405010F066B901464FF4007010F04DB94FF4F6
S214034060806010F05DB901464FF4806010F044B9EB
S2140340704FF4805010F054B901464FF4805010F0BE
S2140340803BB912F03CB9830410B5044604D50121AC
S2140340904FF4004010F030F914F4404F08D00021DC
S2140340A048F2200010F028F9BDE8104012F038B9A5
S2140340B010BD7F2313B504468DF8073000F05AFD74
S2140340C060B1FFF76FFF48B92046D5F715FC1022FD
S2140340D001460DF107032046D5F71EFD9DF907009F
S2140340E002B010BDD6F7CEB9D6F7B0B970B5044650
S2140340F00D46164600F03EFD68B100F0AFFA60B913
S2140341004FF47A72294620467243D5F743FDBDE83D
S214034110704000F0E9B9252070BD0520FCE710B417
S2140341209DF80C4003945DF8044BD6F74DBAD6F7CA
S21403413035BAD6F799BA70B50C46C10100F080754A
S21403414004D5BDE87040002010F04CBB04F0020616
S21403415055EA060309D010F0F3F80146262012F0BC
S214034160CEF84FF4007128460DE000F0805555EA6E
S21403417006030CD010F0E4F80146262012F0BFF830
S2140341804FF480513046BDE8704012F0DCB800F0C2
S214034190884151EA050308D010F0D2F801462720DB
S2140341A012F0ADF84FF48051DDE704F008030B433B
S2140341B002D0232012F0A3F8620707D5D5F7C2FD75
S2140341C00DF0B9FD0146242012F099F8E30705D552
S2140341D0BDE870400021252012F091B870BD83041D
S2140341E010B500F400540AD501214FF4803010F0C6
S2140341F083F8BDE810400021402010F07DB801F0A0
S214034200200121430AD02146402010F075F82046AD
S214034210BDE810404FF4006112F095B810BD81015F
S21403422010B5044608D512F05FF80146082012F0D0
S21403423066F8012010F0D6FA14F0084F08D012F0F2
S21403424053F80146072012F05AF80020FFF7D8FE6D
S214034250A20005D512F048F80146062012F04FF8E2
S214034260A30707D5082010F05BF818B1BDE8104087
S21403427010F0EEBA10BD12F0C00F70B50646144625
S2140342801D4605D012F030F80146012012F037F82B
S214034290E80403D500212D2012F031F8A10206D53B
S2140342A030460DF04DFE10B9304610F069F8A20303
S2140342B005D512F019F80146032012F020F820461F
S2140342C02946FFF738FFFFF783FEA8B320462946A3
S2140342D0FFF7D9FE230701D510F05CF9E00505D5F5
S2140342E012F002F80146042012F009F814F4863F8F
S2140342F005D011F0F9FF0146022012F000F8294616
S2140343002046FFF78CFF690603D500210A2011F02B
S214034310F6FFEA0502D5304612F035F8AB0504D5AC
S214034320002230461146F0F76FFB15F0C00F08D198
S214034330BDE8704000F01BBC20462946FFF74FFF40
S214034340C8E770BD38B512F05DF80446D5F70AFD28
S214034350006858B9D5F792FF05460120D5F786FAC7
S21403436020B9D5F729FF2846D5F780FA2046BDE8B9
S214034370384012F042B808B5D5F724FB0023C0F83E
S2140343800230C0F8063043814FF6FE73038008BD43
S21403439008B5002000F05BF908B1FFF7ECFF012039
S2140343A000F055F918B1BDE80840FFF7E4BF08BDB3
S2140343B010B50C46D5F706FB847210BDF8B500277A
S2140343C08026044607608282067108461D4600F072
S2140343D03AF99DF8183001286071A37100D9FEE7F9
S2140343E0A760D5F7FDFAB5EBC00F4FEAC0032CBFA5
S2140343F0B5FBF3F501252674E5602046F8BD38B510
S2140344000568044645B12846D5F70EFB182128460D
S21403441002F054FE0023236038BD407900F017B93C
S21403442038B5044611F07CFF207DD5F713FD05460D
S214034430E0B1D5F78DFC854203D07F212846D5F71A
S21403444017FD80210846D5F7D7FC10B101200023BD
S2140344500AE0207DD5F78AFC0028F7D12046D5F759
S214034460CFFA0028F2D10123236038BD2120EEE7DE
S21403447010B50446C068A3680138C31A58425841A9
S214034480D5F7C2FC10F5007F02D18023237408E021
S214034490031EB8BF033394F9102043F387039A42ED
S2140344A0F4DB10BD10B51446EAB11046FFF7E0FF83
S2140344B0A368E26801339A42A36004D92046BDE8A4
S2140344C01040D5F79DBA94F9103023710223236068
S2140344D0A37913B12046D5F7B3FABDE810400021FF
S2140344E08020D5F789BC10BD04280AD003D800382D
S2140344F018BF01207047213801288CBF01200720F0
S21403450070470520704710B5044620B103F0DDF868
S2140345102070002010BD0720FCE708B503F0CDF897
S214034520003818BF012008BD072810B50C4605D86B
S21403453021B103F0E2F82070002010BD0720FCE74D
S214034540072808B505D803F0DAF8003818BF0120A5
S21403455008BD0720FCE710B5044620B1E1F786FE48
S2140345602070002010BD0720FCE710B5044620B1DC
S21403457003F0C1F82070002010BD0720FCE708B543
S21403458003F0B4F8003818BF012008BD10B5044680
S21403459020B103F08BF82060002010BD0720FCE755
S2140345A008B503F085F8212803D0003818BF01208A
S2140345B008BD0720FCE710B5044620B103F07AF8DF
S2140345C02060002010BD0720FCE710B5044620B18C
S2140345D003F07FF82070002010BD0720FCE708B525
S2140345E003F075F8003818BF012008BD70B50D46F6
S2140345F01446064660B159B152B103F070F848B19B
S2140346000378337043782B7083780020237070BD53
S2140346100720FCE70120FAE708B513460A460021FF
S21403462003F05BF8003818BF012008BD08B5D5F7BE
S2140346308DF9002008BD08B503F056F8003818BFFA
S214034640012008BDFEE70CF01CBE0CF01ABE0CF0F1
S21403465000BE00F001007047D5F732B9FFF7A5BCDE
S2140346602320704723207047D5F74CBC00F031B8A1
S214034670D5F7D2BBD5F7C0BBD4F75CBCFFF7B0BC4D
S214034680FB20704710B50C4639B1D5F705FD0A2354
S21403469090FBF3F02070002010BD0720FCE76FF0BE
S2140346A06300704708B5FFF7E2F9C0B208BDAF2054
S2140346B0704770B50E4614461D4600F05BFA30B1DF
S2140346C0324629462046BDE87040FBF704B825204D
S2140346D070BD00EB800008B54000D5F7CFFC00B1F5
S2140346E0FEE708BD38B505460C46D5F7CFFC0428CB
S2140346F007D104EB840464002846D5F7D3FC20B125
S214034700FEE7D5F7C9FC0446F6E72046D5F7B6FC20
S21403471000B1FEE738BD70B50546FFF729FCA8B122
S2140347200478AE8804F03C030C2B08BFC4F34004A3
S214034730284614BF002484F00104FFF71BFC092E4F
S21403474005D914B1B0FA80F46409204670BD00247C
S214034750FBE70078B0FA80F0400970470123037046
S214034760704708B5EEF7D8FECFF7BAFDCFF730FEA1
S214034770BDE80840D4F756BD0020704710B5044680
S214034780D5F7A4FF00F0BDF92046D4F7ADFF2046C9
S214034790BDE81040D4F742BBF0B589B00D460DF125
S2140347A00501FDF7D9FA0446002840F082809DF8FB
S2140347B00530082B7DD8DFE803F0050E2930373F98
S2140347C043476200002302A88DF80830FFF79BFEDC
S2140347D09DF8081013E00026374602A9F0B28DF8BC
S2140347E00870FFF7A1FE48B99DF8083003F00103EF
S2140347F0B34001361C43082EE4B2EED121462868A6
S214034800FDF754FA0446204609B0F0BD002302A87B
S2140348108DF80830FFF79FFEDAE7002302A88DF82D
S2140348200830FFF7A2FED3E702A8FFF7AFFE28463D
S2140348300299FDF798FBE5E702A8FFF7BCFEF6E74B
S21403484002A8FFF7C2FEC3E702AA0DF107010DF1A6
S2140348500600FFF7CBFE04460028D4D19DF80610C9
S2140348602868FDF723FA04460028CCD19DF80710E4
S2140348702868FDF71BFA04460028C4D1A8E71822C7
S214034880002102A806F0CBFA062002A9D5F7C4F940
S21403489004460028B7D1062402AE284656F8041B61
S2140348A0FDF761FB0028ADD1601E10F0FF04F4D1C4
S2140348B0A9E71724A7E713B50DF101010446FDF791
S2140348C04BFA002840F086809DF80130092B00F251
S2140348D08180DFE803F005137F2C3A7F465471741A
S2140348E00023204601A98DF80430FDF735FA18B9E0
S2140348F09DF80400FFF711FE02B010BD002320460A
S2140349000DF103018DF803308DF80430FDF724FA1A
S2140349100028F1D1204601A9FDF72EFA0028EBD195
S2140349209DF804109DF80300FFF70AFEE4E7002352
S214034930204601A98DF80430FDF70EFA0028DBD1D6
S2140349409DF80400FFF71BFED6E70023204601A9C7
S2140349500193FDF744FA0028CED10198FFF720FE15
S214034960CAE70023204601A98DF80430FDF704FAB0
S2140349700028C1D19DF80400FFF731FEBCE72046AE
S2140349800DF10201FDF7E8F90028B5D120460DF137
S2140349900301FDF7E1F90028AED1204601A9FDF792
S2140349A0DBF90028A8D19DF804209DF803109DF894
S2140349B00200FFF731FE9FE7FFF738FE9CE720462D
S2140349C001A9FDF7D9F9002896D19DF80400FFF751
S2140349D032FE91E717208FE708B5D3F7B5FFBDE89A
S2140349E0084000F58E50FBF779B900F0C0B808B55B
S2140349F0D3F7AAFFBDE80840D6F75CB900F58053A5
S214034A0093F8A6213AB193F8A73123B900F58D5050
S214034A101430FBF763B97047FFF7F0BF08B5D3F759
S214034A2093FFBDE80840D6F785B910B54FF400628A
S214034A300446002100F6A61006F0F1F9002204F55C
S214034A40805383F8A72104F11400FDF73CF850B90E
S214034A50D6F71EFA04F58D501430FBF73FF9BDE880
S214034A601040D6F71DBA10BD08B5D3F76DFFBDE8E5
S214034A700840FFF7DABF10B5044600F58D5008303E
S214034A80F9F7AFFC00B1FEE704F5805484F8A601FD
S214034A9010BD08B5D3F758FFBDE80840FFF7EBBFD6
S214034AA07FB504460126D6F705F904F58D50002395
S214034AB000960DF10A0203A90830F9F782FD04F502
S214034AC0805578B995F8A6310BB985F8A6612046C6
S214034AD0BDF80A200399FEF72CF90398FAF717FB9B
S214034AE000B1FEE795F8A6314BB104F11400FCF7CC
S214034AF0EAFF20B904F58D501430FBF7EFF804B045
S214034B0070BD08B5D3F720FF18B1BDE80840FFF71E
S214034B10C7BF08BD05230222FDF7AFBB704743F6A8
S214034B200143994210B502D01722104610BD00F17A
S214034B30600421469030FFF72FFE02460028F4D08B
S214034B401728F1D0FDF759FB01462046BDE8104073
S214034B50FDF725BB43F60143994202D19030FFF798
S214034B60AABE1720704770470120D6F745B9012023
S214034B70D6F742B90120704710B5044611F039FC48
S214034B804FF000534FF20F021C805A80BFF35F8F23
S214034B90BDE8104001F0BBBF70B5002506462C46A5
S214034BA0052C16D8DFE804F0031E0B0D0F115B214E
S214034BB008200134D6F79AFE112CF1D170BDD1210D
S214034BC0F6E78021F4E70021F2E76B1C2946DDB205
S214034BD0EEE7A4F10E03012B06D9102C06D0B31F63
S214034BE0195DE5E70C21E3E75A21E1E75D21DFE7FD
S214034BF000230360704703680B6001607047036817
S214034C0013B90B60016070471846F8E7034600685F
S214034C1018B102681A60002303607047036803B97B
S214034C2070478B4204D10B68036000230B60704708
S214034C301846F3E72DE9F04106460F4635464FF092
S214034C400008286808B1046824B9B8F1000FF5D144
S214034C50BDE8F0812146B8472B6838B922684FF083
S214034C60010823601A602C602546EAE71D46E8E73C
S214034C704FF0FF307047FEE7002070470120704773
S214034C80012070474FF0FF30704700207047002028
S214034C90704700207047D6F74BBDFEE700239A42C5
S214034CA000D1704710B550F8234041F82340013334
S214034CB09A42F8D110BD4FF060420123D2F8001E8D
S214034CC083400B430020C2F8003E70474FF060411C
S214034CD00122D1F8003E824023EA02030020C1F8F5
S214034CE0003E7047F8B50E461746044660B111F00D
S214034CF089FB05463A4631462046D9F7EDF928465C
S214034D0011F07BFB0020F8BD2220FCE770B50C46B3
S214034D100646E0B1D9B111F075FB05463046D9F722
S214034D2021FA0328207008D8B0FA80F35B092846D6
S214034D30637011F062FB002006E0031F0B2B04D9FF
S214034D40284611F05AFB242070BD0123EFE72220EA
S214034D50FAE770B10122417803788A4030214B4349
S214034D6041F2100103F1A04303F5703300205A50BB
S214034D7070472220704770B10122417803788A4039
S214034D8030214B4342F2100103F1A04303F5703385
S214034D9000205A5070472220704738B50D46044607
S214034DA098B191B111F02EFB30222378534303F1CF
S214034DB0A04303F570331B696278D34003F0010305
S214034DC02B7011F01AFB002038BD2220FCE738B503
S214034DD00D46044698B191B111F014FB30222378A6
S214034DE0534303F1A04303F570335B696278D34002
S214034DF003F001032B7011F000FB002038BD2220C6
S214034E00FCE7416C436910B5DA1CA1F11404B2FB4C
S214034E10F4F203EBC2000330B0FBF4F0B1F5805FAD
S214034E2000F1010002D1012828BF0120013010BD86
S214034E3038B505460C46FFF7E4FF6B6CA3F1140286
S214034E40B3F5805F02FB00F005D140F6E8736969AD
S214034E50994288BFCC30E31DB3FBF2F3013304EB76
S214034E60C304204438BD38B5054644692146FFF7D8
S214034E70DFFF6A6CE31D143AB3FBF2F3013304EB72
S214034E80C304204438BDF7B507460E4600257C6CA0
S214034E90A819644280EA06031C4003D02C46204629
S214034EA003B0F0BDFB6B01225B6901A99847019B28
S214034EB00133F4D10435EAE770B505460C46D8F756
S214034EC017F9EB6B2046BDE87040DB68184770B5F2
S214034ED00025044686B00562E369AB4202D8206A21
S214034EE006B070BD666C2068E36B05225B6901A99A
S214034EF006FB0500984701A800F076FC00F099FC35
S214034F0010B1236A013323620135E5E738B5044659
S214034F10456C006804F1400305FB0101E06B00F0FB
S214034F2095FC05462046FFF7D2FF284638BD2DE9F7
S214034F30F04700254FF0FF384FF6FF730446C1468F
S214034F402F4686B0C0E90853E369BB420DD8A5EBEC
S214034F500805012D06D94FF6FF7300256362E36942
S214034F60AB4226D806B0BDE8F0872368E26B606CD8
S214034F70566900FB0730052201A9B04701A800F0D7
S214034F8033FC824601A800F006FC0646504600F0B5
S214034F9050FC60B1B14588BF6762B04528BFB046D4
S214034FA0B54238BF3546B146236A0133236201371B
S214034FB0CAE7666C2068E36B052206FB05005B699F
S214034FC001A9984701A800F0E6FB0135C7E7F0B54D
S214034FD00546002687B0EC69013CB44203D80C466C
S214034FE0204607B0F0BD01B14C1E6F6C2868EB6B12
S214034FF005225B6901A907FB0400984701A800F096
S214035000F3FB00F016FC0028EAD121460136E2E75E
S214035010F0B504460D46466CE36B006887B0052280
S2140350205B6901A906FB0500984701A800F0DCFBB5
S21403503000F0FFFB20B101A800F0ADFB07B0F0BD08
S21403504029462046FFF7C3FF0646676C2068E36BD6
S21403505005225B6901A907FB0600984701A800F033
S2140350609AFB431CEAD0B54238BF0130E6E72DE988
S214035070F0434FF6FF79D0F8248004460E46C84521
S21403508014BF45460025002787B0E369BB4202D814
S21403509007B0BDE8F083E26B2368606CD2F814C0F7
S2140350A000FB0530052201A9E04701A800F09CFBA0
S2140350B0022806D0C8450CD1721C29462046FFF7A5
S2140350C025FFE3690135B5FBF3F2013703FB125500
S2140350D0DBE729462046FFF79BFFB0F1FF3F14BFEF
S2140350E0024632460132E8E70368F0B5CC1A436C51
S2140350F00646B4FBF3F4002587B0F36937685A1EF7
S2140351009542706C08D3706C336800FB043007B0AC
S214035110BDE8F04000F098BB0134B4FBF3F203FBA8
S2140351201244F36B05225B6901A900FB04709847E0
S21403513001A800F059FB00F07CFB0028E3D1013501
S214035140DBE710B423F0030422449B070A44436CB2
S21403515018BF04325B4281EA0204234203D05DF89F
S214035160044BFFF7C1BF10465DF8044B70472DE9AB
S214035170F041D0E90A369E42044686B028D114226E
S214035180C369456802FB1355284606B0BDE8F0819F
S2140351902068676C331AB3FBF7F3E26B07FB030075
S2140351A0D2F8148001A90522C04701A800F01CFB11
S2140351B0012804D0636C1D44013B3340ED1A31468D
S2140351C02046FFF791FF0646A36AB342E0D1DBE72A
S2140351D00025F9E708B508301346D1E90012D7F7DA
S2140351E00DFF012008BD13B50C4600212176009360
S2140351F0616813462246D6F7BBFC18B1E37D03B1BC
S214035200A07EA075A07D02B010BD73B5164600F152
S21403521008050C46284609680DF1070200F098F9C0
S214035220032E06D16368834203D12846216800F023
S21403523076F9012002B070BDD01E009B4242424167
S214035240187E824211D11A688A420ED85A688A4258
S2140352500BD35A6901325A61D3E9030282423FBF34
S214035260986840F8221001321A610120704710B581
S214035270032A029C07D1A26A5340626C524213422D
S21403528001D100F04CF9012010BD08B5C368002019
S2140352909847BDE80840D7F733BF012814BF04205A
S2140352A0022070B5002442431C70CC7D101D02F012
S2140352B002024CB91AB1012220F003001A7000F161
S2140352C008034868184470BD1AB1012220F0030091
S2140352D01A7000230C7E01F12005DAB2944201D83D
S2140352E00020F0E735F833205E1C824206D901EB36
S2140352F0C30300F10802D8691044E4E73346801A72
S214035300EBE773B5054690F842601C4630460DF150
S2140353100303FFF7C2FFEB6B012E5B690DD1324629
S21403532001A998479DF8033013B1BDF806300193E1
S214035330BDF80430236002B070BD0122214602B0DE
S214035340BDE870401847F0B5054600244868EB6B87
S21403535087B00E4601225B69029402A9083098477B
S214035360274695F84230012B40F0AC80632C00F2C0
S214035370AB80612C08D805AB224631462846FFF79A
S214035380C0FF9DF814305BB3224605AB3146284672
S2140353908DF81070FFF7B5FF95F84220059B012A9C
S2140353A07FD14FF6FF72934256D0082205A904A870
S2140353B000F066FA059B9DF81010C3F3072291428E
S2140353C04AD1DBB2029A1A44029245E0DCD005AB1E
S2140353D0224631462846FFF794FFBDF81430D2E73D
S2140353E095F84230012B39D1612C2ED8224631460E
S2140353F0284603ABFFF785FF3146284604AB621CFD
S214035400FFF77FFF3146284605ABA21CFFF779FF5F
S214035410102208230DEB02010DF107008DF807306B
S21403542000F02EFA102205A90DF1070000F028FA65
S214035430039BDAB24AB99DF80720B2EB132F04D1C7
S214035440DDE9043203EB0243029395F84230012B65
S21403545014BF012302231C44013482E7302CF4D802
S21403546022463146284603ABFFF74BFF3146284614
S21403547004AB621CFFF745FF102320220DEB03014C
S2140354800DF107008DF8073000F0FAF9039B9AB286
S214035490002ADAD19DF80720B2EB134FD5D1049B2F
S2140354A0D2E70133D8D0102205A90DEB020000F095
S2140354B0E7F9059B9DF81010C3F307429142CBD141
S2140354C09BB27FE7312C81D9029807B0F0BD13B5A4
S2140354D000240194049C0094D6F7F4FF02B010BD98
S2140354E013B501240194049C0094D6F7EBFF02B095
S2140354F010BD00234FF0FF3230B544689C4202D102
S2140355000023037230BD016801EBC30541F8332065
S2140355106A600133F2E7C0E90012FFF7EABF00232F
S21403552070B545689D4210D0046854F8332004EBE8
S214035530C306B2F1FF3F09D0C2F31302914205D16D
S2140355404FF0FF3244F83320726070BD0133E9E751
S2140355500023F0B545689D4202D14FF0FF300EE0C0
S2140355600468DE0054F83340671C09D0C4F31307FD
S214035570B94205D1240D1470036833445868F0BD4E
S2140355800133E8E7704770B59400224605460E4699
S21403559011F096FA431C0AD058B9224631462846DB
S2140355A005F014FC002814BF3D20002070BD6E20BB
S2140355B0FCE77120FAE713B5044601A8D8F764FDA3
S2140355C09DF8063023804FF480736380D8F770FD10
S2140355D06060002002B010BDD8F796BC08B5D8F7B7
S2140355E087FC002008BD10B5044644EA010313F007
S2140355F00303084609D1934201D1002010BD54F895
S214035600231040F823100133F5E72146920005F0F6
S21403561023FCF2E710B5044611F04EFA431C10D0F3
S21403562088B9D8F745FD234620F003002044984266
S21403563001D1002010BD53F8042B0132F7D03E20D1
S214035640F8E76E20F6E77120F4E70A4601390144CD
S214035650DCF7D2BC13B50023044601461B220DF12A
S21403566007008DF8073000F00BF922689DF8073025
S214035670B3EBD26F0CBF0120002002B010BD13B5F0
S21403568000230446014620220DF107008DF807305B
S21403569000F0F6F80DF107001A22211D00F0F0F8CD
S2140356A062689DF80730B3EB926F0CBF01200020B1
S2140356B002B010BD0068431C58425841704700684A
S2140356C010F07E0F0CBFC0F3C16000207047006867
S2140356D0C0F3D3107047006800F07E00B0FA80F085
S2140356E040097047036813F07E0F14BF0420082098
S2140356F07047036813F07E0F03D1406820F07C40A8
S214035700704713F078001CBF03F07F03D81F704761
S214035710006800F07F007047032809D0022803D1F1
S214035720C1F10201C8B2704700290CBF0720002050
S214035730704737B5054601F10C04436969460122F3
S21403574020469847BDF80030012201932046AB69F6
S21403575001A9984703B030BD37B501F10C0443697E
S214035760012269460546204698474FF6FF72009B7E
S21403577099B291420DD16FF30F0343F4254343F0DF
S214035780A503019301222046AB6901A9984703B0FC
S21403579030BD0020FBE737B5044600251B22011D5C
S2140357A00DF107008DF8075000F06AF860689DF861
S2140357B00720B2EBD06F03D120F0784003B030BDA2
S2140357C00DF107001B2204F108018DF8075000F0C5
S2140357D057F8A0689DF80730B3EBD06F01D1C043EC
S2140357E0EAE74FF0FF30E9E74BF29A22036810B579
S2140357F0B2EB134F044613D19BB2012B13D1FFF721
S214035800CAFF01300CD04FF6FF72E068B2EB104FC0
S2140358104FEA104309D180B2C01A18BF012010BD49
S2140358202368013303D00420F9E70220F7E70320B7
S214035830F5E701288CBF00200120704703380128B4
S2140358408CBF002001207047143070472DE9F041CB
S21403585005469846036908460E4617469847044683
S21403586038B943463A4631462846D7F7B9FC044684
S21403587018B131462846FFF75CFF2046BDE8F081A5
S2140358801F2A0B689EBF4FF0FF3191408B43590888
S21403589001F055315B1A03F033319B0803F03333C1
S2140358A00B44017803EB13130A444FF0013103F062
S2140358B00F334B43A2EB13620270704708B50FF029
S2140358C02BF8BDE808400021D7F7DEBD02210320F0
S2140358D0D7F7D8BF704770470346012B084612D048
S2140358E0233B032B0FD804290DD8DFE801F005036B
S2140358F0070B0900042070470320704700207047F9
S21403590002207047012070470A4392B20021D8F75D
S2140359102FBB3AB122F0030202F1A04202F5603235
S21403592009B9106070470002FBE74FF050234FF4AD
S21403593000321A6770474FF0B0435A6812B19A6A3A
S214035940002AFAD1704770B5054614460E4610F085
S2140359504CFD2B685C4034405C402C60BDE87040D6
S21403596010F03EBD0122417803788A4030214B4334
S21403597042F2100103F1A04303F570335A50704707
S21403598030B50022044600F0FC05A31803F0030319
S214035990581921FA00F3DB0704D50132042AF4D19F
S2140359A04FF0FF3030BD0B781B0683604A788B7848
S2140359B043EA02438361FF23836200238363036412
S2140359C04FF0FF3300F5005003657047012303FAD9
S2140359D001F1BFF35F8F00F5005300F58050596364
S2140359E081647047800000F1A04000F56030836951
S2140359F023F4FE4323F00703836183690B43836128
S214035A00704708B110F064BD21207047002370B5BD
S214035A101C46934203D1201E18BF012070BDC55CEF
S214035A20CE5C013375402C43F3E72DE9F04F054672
S214035A3099B0CDE90512DDE926641022002108A8F5
S214035A409A46DDF888B005F0EAF9102200210CA882
S214035A5005F0E5F91022002110A805F0E0F9102260
S214035A60002114A805F0DBF9002D00F0EC80059B5F
S214035A70002B00F0E880069B002B00F0E480239BBD
S214035A80002B00F0E0801EB1259B002B00F0DB808E
S214035A90022C00F0D880102C00F2D58014F00109F7
S214035AA040F0D180249B073B062B00F2CC80249B3E
S214035AB05FFA83F8C8F10F07FFB2032F08D8022F47
S214035AC00CBF4FF480334FF080735B4540F2BB80CE
S214035AD050220021284605F0A2F9C8F10E03DBB2D6
S214035AE00793079AA31E5B0842EAC303321E18BF36
S214035AF001220DF1210043EA8213DDE923128DF81A
S214035B00203005F0A9F95B460CAA09F10109B9454D
S214035B1002F8013D4FEA1323F7D3DDE9231285F894
S214035B201CA0C5F804B0AC6185F82D8005F108000B
S214035B300DF1300B0DF120080DF1400A05F08CF93C
S214035B40DDE9050110230022CDF808B0CDF8048066
S214035B50CDF800A0D8F7DAFC044660BB7EBB0DF197
S214035B60400C05F12E0214AE634603CBB34210601D
S214035B7051609C4602F10802F6D1DDE92312079B29
S214035B800DF151008DF8503005F066F9249B3A4626
S214035B90581C0021304405F042F901231D358DF8C9
S214035BA05F30334618AA03CB9342286069601E46CB
S214035BB005F10805F5D1204619B0BDE8F08F01467A
S214035BC00E220DF1220005F02AF90E2EB14628BF4B
S214035BD04FF00E0973BA4A4625990DF12200ADF827
S214035BE0203005F039F9DDE9050110232246CDE919
S214035BF0018BCDF800A0D8F789FC30BB259BA6EB1C
S214035C0009069944002EAAD0102EB24628BF4FF09C
S214035C10100A10220021404605F001F95246494673
S214035C20404605F019F9DDE905010CABCDE9018322
S214035C3010AB009300221023D8F768FC28B9A6EB14
S214035C400A06D144DEE72124B5E70446B3E72DE987
S214035C50F047054690B00DF1100A0C469046002119
S214035C601022504608AF1E4605F0D9F81022002130
S214035C70384605F0D4F8002D4BD0002C49D0B8F1A7
S214035C80000F46D0002E44D0D5F818909DF860300B
S214035C904B453ED395F84E209DF868309A4238D847
S214035CA095F82D2005F10801C2F10E030DF1110040
S214035CB08DF8103005F0D0F80CAB102200211846F2
S214035CC005F0ADF805F12E02CDE9010200232046CA
S214035CD04A4641460397CDF800A0D8F7A9FC0446E8
S214035CE068B92B7F3946012B3046AA690BD1FFF7DB
S214035CF08DFE50B12146304605F091F82C242046FF
S214035D0010B0BDE8F08705F0A7F800221B9B1A70B9
S214035D10F5E72124F3E72DE9F047054688461646BE
S214035D201C46002B3FD0002840D000293ED0002A36
S214035D303CD00378013B022B38D8436800F12C098A
S214035D4003F03F07E318436022BF83680133836091
S214035D5077B3C7F1400A54451FD35246314609EB81
S214035D60070005F079F801234A4641462846D9F745
S214035D703DFFC8B9403C3C443F2C56440BD9324601
S214035D8041462846A309D9F731FF68B924F03F03F3
S214035D901E4404F03F0434B100272246314609EB83
S214035DA0070005F059F80020BDE8F0872120FBE73F
S214035DB03F2CE4D8F1E710B508B9212010BD00291F
S214035DC0FBD0036813F0704205D1C3F30E030B60D8
S214035DD073B10020F2E703F05044B4F1004F05D04E
S214035DE0B2F1304F02D0B2F1404FE6D1DBB2EEE76C
S214035DF04368002BE1D00B60EBE773B50D46064610
S214035E00F0B1E9B1002301A90193FFF7D4FFB8B9B4
S214035E103468019A14F0704402F1030222F003027C
S214035E2002D12A6002B070BDB168B4F1204FC1F34D
S214035E308033C1F340310BD004D8B4F1004F09D0FE
S214035E402120EFE7B4F1304F02D0B4F1404FF7D141
S214035E500B4401E003EB410353432B60E2E72DE9D8
S214035E60F7430D4690461F460646E8B1E1B104687F
S214035E70D1F800904C451BD004F03043B3F1004FEB
S214035E8012D184EA0903B3F1805F3CD2002301A94F
S214035E900193FFF790FF38B9019AC2F30E02144339
S214035EA049EA02039C422ED0212003B0BDE8F083CA
S214035EB014F0704427D4B4F1805F29D000236946D8
S214035EC030460093FFF777FF0028EDD1019001A934
S214035ED02846FFF770FF0028E6D1DDE900239A4243
S214035EE0E3D0E1E70023B8F1000F06D043F4805374
S214035EF0B268A9684A401A42D6D1002FDED0AB68F2
S214035F009B04DBD4D0E7002FECD14FF4C043EAE781
S214035F10002BF4D1B8F1000FD0D04FF4C043E7E71D
S214035F2037B50C460546002800F08D80002900F0A2
S214035F308A8000230B60036803F070430B60C2681B
S214035F4022B1032A7FD143F080630B60AB689A01CA
S214035F503FD403F08073EA680AB9002B73D1226832
S214035F6022F0407213432360EA68032A05D12A69A4
S214035F70F62A68D962F317432360AB681B0442BF53
S214035F80236843F400432360EB68032B1FBF236897
S214035F902A6862F30E0323602A68AB6802F0704235
S214035FA0B2F1805F1DD213F4D84F4CD1002328469C
S214035FB001A90193FFF7FFFE002844D12B6813F0D5
S214035FC0704231D12368019A62F30E03236003B053
S214035FD030BD03F04073B3F1407F18BF4FF000733A
S214035FE0B9E7580403F4005117D461B3226842F4A6
S214035FF0005222601A0542BF226842F40062226001
S2140360002A6802F07042B2F1404FCFD05B0542BF20
S214036010236843F480632360C8E7226842F480421F
S21403602022600029E6D0E1E703F05043B3F1004FC6
S21403603005D0B2F1304F02D0B2F1404F03D1019BED
S214036040013B2370C3E72120C1E738B131B10123F7
S2140360504B604FF0005300208B6070472120704741
S21403606037B50C46054608B9212017E00029FBD0B2
S21403607001234B60C368ABB901A90193FFF7BDFECB
S2140360800028F1D1019B6A699A4209D32A69002A3A
S214036090EAD0226043F000530020A36003B030BD73
S2140360A01D20FBE7032BDFD10023F5E770B50E4673
S2140360B0054688B060B159B100234FF00071836084
S2140360C0C0E90013036205A93046FFF729FF08B1AC
S2140360D0212436E02846059910F004FA0123039399
S2140360E04FF00053284602A9049300F02FF83046D9
S2140360F005A9FFF7B5FF044618BB284605A910F007
S21403610017FA28460EF072FC0446D0B9F368C3B9F2
S2140361103368B3F1805F14D2019001A93046FFF7CC
S2140361204AFE0028D4D1019B9A070AD0726993428B
S2140361300AD83069D21A002102F00302184404F088
S2140361406EFE204608B070BD1D24FAE7436813B9F7
S214036150416070475B685A68012AFBD159607047F3
S21403616010F1860F12D010F1850F0ADA10F1930F93
S2140361700FD010F1870F0CBF6FF073004FF0FF3096
S2140361807047003818BF0120404270476FF0710017
S21403619070476FF06F00704700F03CBC00F03ABCED
S2140361A008B500F0E6FBBDE80840FFF7D9BF0023BB
S2140361B007B52022019301AB00F0F7FB03B05DF8AF
S2140361C004EBFFF7CDBF2422002104F028BE18B14C
S2140361D02422002104F023BE704770B515460E46F0
S2140361E024220021044604F01AFE25F04003802BE7
S2140361F002D0B5F5807F08D12046314640F8045BCF
S214036200EA0804F029FE002070BD6FF01F00FBE7CC
S214036210FFF7E3BF08B500F065F8002818BF6FF076
S2140362203B0008BD08B548B14FF0FF3110F06DFADA
S214036230002814BF6FF01D00002008BD6FF01B0080
S214036240FBE708B538B110F07EFA002814BF6FF0EC
S2140362501D00002008BD6FF01B00FBE710B1006EA9
S2140362600FF08FBA704710B5044630B150238065DF
S214036270C36518440FF0F3F9206610BDF0B5064663
S2140362800C4615468DB00AB300271022002108A835
S21403629004F0C5FDCDE90577DAF754FA07AB0293A8
S2140362A005AB019306AB214600933A46304608AB4E
S2140362B0DAF728F9044620B1DAF772FA20460DB069
S2140362C0F0BD099B6B60059B2B60F5E76FF08604BA
S2140362D0F4E708B5D8F73CF8002814BF6FF092002F
S2140362E0002008BDF0B51C4600238BB023600F4684
S2140362F01646D8F72DF870B9684610F0E9F8054643
S21403630048B9324639466846D9F7FAFB10B92660CB
S2140363100BB0F0BD25606FF09200F9E72DE9F0476A
S21403632090B08946DDE91C8792461C46064600283F
S2140363304ED0038803F4E042B2F5005F3FD103F486
S214036340E062B2F5806F3AD184F0AA6383F4807377
S21403635033F47E1306D084F0AA6383F4007333F415
S2140363607E1338D1C4F30545BD4231D8B8F1000FCA
S2140363702ED0102D2CD80CAB7F1B2A46184608EBC4
S214036380070104F069FD1B9B209A03931A9B0A924C
S21403639002931F9A199B099201931E9A189BCDE9A3
S2140363A00752CDE9057000935246234649463046C8
S2140363B0CDF81080DAF7D8FB10B0BDE8F08742F2CC
S2140363C00402934207D184F0052383F48013C6E7BF
S2140363D06FF08600F0E7B8F1000FF9D00025CAE7A2
S2140363E010B40C4611461A4668B164B101B953B9E4
S2140363F003686BB1436A5BB9836A4BB95AB15DF8FC
S214036400044BDAF7F7BA6FF086005DF8044B704773
S2140364106FF08800F9E71046F7E720F0FF03B3F5BF
S214036420E24F0ED1C0B241280BD1FF2A09D10B7817
S21403643023F007030B70CB7F03F07F0343F0400387
S214036440CB7770472DE9F0411C46436807461B0A85
S2140364508846154688B055D1038823F0FF02B2F567
S214036460824F2CD14688413BDBB20736012B4FEADD
S214036470D60607D90B78042B1AD06FF0860008B01F
S214036480BDE8F081B542F8D1224631463846DBF7FF
S2140364907FF80028F3D1033525F00305C4E9030884
S2140364A0656176B920220021204604F0B8FCE4E7B3
S2140364B0013DB5EB460F01F10108E5D0DDE72E46B9
S2140364C0E2E701462022684604F0A9FC31466A4604
S2140364D03846DBF75DF8DDE90076DDE9062C029940
S2140364E00028DFD12368A568BB42DBD16768B742C3
S2140364F0D8D18D42D6D1A1699142D3D1E269624502
S214036500BDD0CFE76FF08B00B9E7406810B5000A3F
S214036510029C07D19A4208D3033222F00302216178
S214036520626110BD6FF08B00FBE76FF08C00F8E73D
S2140365302DE9F04F0F4691469846054695B0A8B10B
S214036540A1B19AB1B0F802A00AF10703072B4FEAEC
S214036550D30667D0038803F4E043B3F5805F02D025
S214036560B3F5005F05D11AF0070F05D06FF0860468
S21403657026E0B3F5804F55D00DF1080B20220021FD
S214036580584604F04CFC5A4631462846DBF700F8DA
S2140365900446A8B933464A4639462846CDF800B0DD
S2140365A0FFF7B3FF044658B9282201460DEB020055
S2140365B004F035FC0AA80FF08BFF28B16FF09204A5
S2140365C0204615B0BDE8F08F59460AA8FFF76EFDC2
S2140365D048B1482823D16FF085040AA8FFF711FABB
S2140365E00028EDD0EAE76B681B0A04D15246394609
S2140365F02888FFF712FF00226B68C8F800201B0AE2
S214036600E9D12A8822F0FF03B3F5824F04D1413A39
S214036610D2B2012A88BF0136C8F80060DDE76FF002
S2140366209204DAE76FF08504CAE72DE9F04F89464E
S214036630924698460546B7B028B96FF086063046A8
S21403664037B0BDE8F08F0029F7D0002AF5D0002B2D
S214036650F3D0409B002BF0D0419B002BEDD02022A3
S214036660002104A804F0DBFB52464946284604AB47
S214036670FFF7E8FE06460028E1D12C8804F44F47CE
S214036680B7F5824F56D1413CE4B2012C94BF0024A7
S21403669001240DF1300E0DF1100CBCE80F00AEE82E
S2140366A00F009CE80F000DF1500B8EE80F00402200
S2140366B0002126A804F0B3FB20220021584604F04C
S2140366C0AEFB6D88B7F5824F05F107054FEAD50592
S2140366D032D16F4217F003072ED0079B93B9AA4512
S2140366E0ABD319463A465846019304F098FB2A461C
S2140366F049460BEB070004F0AFFB019BCDE9073BD4
S21403670020230993402326A9002211930E9BCDE94B
S2140367100F2123F0807323F4804343F4005303A92B
S2140367200CA80E930392FFF768FB014668B16FF05F
S214036730920684E70124ACE7409B002703331B1B28
S21403674008EB040123F00303DEE7039B409A23448C
S214036750A3EB4703934203934DD828221CA804F0C7
S2140367605EFB1CA80FF0B4FE0028E0D10CAA04A917
S2140367701CA8D9F7F7FB0128814639D060B1482811
S21403678014BF6FF092066FF085061CA8FFF739F961
S21403679000283FF454AFCAE7DDF80CA03FB914B1A4
S2140367A0042388F80030419BC3F800A0EDE7AAEB6A
S2140367B0040B4FEA5B0BCBF1000708EB040307F06F
S2140367C0030726A95A461846394404F045FB5A4699
S2140367D003460BEB470126A80144981804F03CFB3C
S2140367E0002DDCD014AB013DD9D303F8019BFAE7A7
S2140367F06FF08B06C9E76FF0890620E710B40488AC
S21403680004F4E044B4F5805F06D0B4F5005F03D02B
S2140368105DF8044BFFF78CBE6FF085005DF8044B04
S214036820704770B40488DDE9035604F4E044B4F515
S214036830804F04D0CDE9035670BCFFF7F6BE6FF069
S214036840850070BC7047FFF769BDF0B50D46164668
S2140368501F46044687B0A0B1D022002104F0DFFA19
S21403686000232022CDE90134CDE903230C9B3246D5
S214036870009329463B4604F12800DAF715FA07B0D9
S214036880F0BD6FF08600FAE7F0B50D4616461F46D4
S214036890044687B0A8B1D022002104F0C0FA202312
S2140368A00022CDE90332012301930C9B3246009369
S2140368B029463B46029404F12800DAF7F5F907B0B7
S2140368C0F0BD6FF08600FAE710B12830DAF760BA49
S2140368D06FF08600704710B12830DAF77DBA6FF094
S2140368E08600704710B413460C46014628B122466C
S2140368F028305DF8044BFFF773BD6FF086005DF834
S214036900044B70471FB50C46014660B107980290CA
S2140369100698CDE90030134601F128002246DAF73F
S21403692083FA04B010BD6FF08600FAE71FB50C4675
S214036930014670B108980390079802900698CDE92F
S2140369400030134601F128002246DAF7DBFA04B0DA
S21403695010BD6FF08600FAE708B528B1D0220021F3
S21403696004F05DFA002008BD6FF08600FBE7DAF757
S2140369709BBB70B50D46164604468AB090B101B966
S21403698082B968460FF0A4FD18B16FF092000AB002
S21403699070BD33462A466946201DFFF7BCF900281A
S2140369A0F5D0F2E76FF08600F1E72DE9F0430C46E9
S2140369B091461E4605468BB030B301B922BB1EB3C3
S2140369C068460FF085FD804620B16FF092000BB04D
S2140369D0BDE8F0832F1D224669464B463846D9F755
S2140369E081F904466C224146384604F018FA34B955
S2140369F02B78032B0BD1202320463360E7E7212C8B
S214036A00E3D16FF08900E2E76FF08600DFE76FF00F
S214036A108800DCE708B518B17022002104F0FFF9FE
S214036A20002008BDDAF7E4BC08B50FF0F4FD00203B
S214036A3008BD00F005B809B100F004B8222070477D
S214036A400020704770B506460C460FF0DBFC054683
S214036A501D2E2DD8DFE806F00F0F2C0F0F1E2C0F60
S214036A60222C2C2C24282C1E1E1E2A2C2C2C2C1EAE
S214036A702C2C2C2C2C1E0020D6F7F4FF4FF6FF737D
S214036A80984220800CBF0E24002428460FF0B5FC45
S214036A90204670BD002323800F24F6E70620EBE78D
S214036AA00720D6F7D3FFE9E70820FAE70D20F8E733
S214036AB0002323802124E8E7DAF72CBF0A460021C7
S214036AC0DBF7ACB813B5046880680FF05DFE1520DD
S214036AD0DBF7A6F91520DBF787F91E23ADF804309C
S214036AE00023204601A98DF80630FEF75CFF01233C
S214036AF004F58054636002B010BD0268C1F108015A
S214036B00936823F0F85343EA016393607047D4F71E
S214036B10EFBD40B2DBF738B90E2070470E20704742
S214036B20704770477047F8B50C468D1807355242C4
S214036B301540A5F108070646384600F053FBA08823
S214036B403B1B618800EBE30080B2A1EBE30125F871
S214036B50040C25F8061CA188DA10D1B1A4EBC101F8
S214036B60B1F802C0C88002EB0C004880E188B9B1D6
S214036B708A1A92B204EBC10125F8022C8A80A288F5
S214036B808AB9B2681344F268B360934288BFF3606D
S214036B900EE015F8081C41F0020105F8081CE5E7AD
S214036BA025F8021CEBE7A4EBC2042278D207E8D44C
S214036BB03846F8BD2DE9F04F17464FF0000887B06A
S214036BC07A1C109A054614BF3C460824CDF8148058
S214036BD0002A00F0CA80C2F80080002900F0C780AF
S214036BE042688A4240F2C380073103F0010A21F06B
S214036BF007060FF007FC05AACDE9008281463A4650
S214036C0053463146284600F0F1FA059F834607B1FE
S214036C1030B948460FF0F1FB192007B0BDE8F08FF6
S214036C20B7F8028029694FEAC802C0EBC8080139E1
S214036C30B8F1270F29617DD9BAF1000F54D18642E6
S214036C4006F108084BD0224639462846FFF76BFF65
S214036C5004460590A044404600F0C4FA059906F1A0
S214036C600F004A88C308A2EBD002A8F80220CA88FD
S214036C70A8F80430002A34D0D31A9BB201EBC20220
S214036C80A8F8063093808B88F608A380B8F80430FB
S214036C903A46E380414600232846668000F00DFB13
S214036CA0AB68EA6808339342AB6088BFEB6023782F
S214036CB043F0010323702B6901332B616288AB68B1
S214036CC0083403EBC203EA68AB60934288BFEB6009
S214036CD0109B48461C600FF090FB00209DE73C4647
S214036CE0B8E7A8F80620CEE707EB08042046039289
S214036CF000F078FA0BF10703DB080599638008F1C7
S214036D000703DB08A380CB8893B1DB00039AD81D67
S214036D10821A5A44C2F3CF020B44E2809A80A388B5
S214036D2008F1FF384FEAD808A1F80280CB80B7E70E
S214036D30E380F4E7BAF1000F1BD007F10803B3FBB7
S214036D40F4F204FB1233B3B1224639462846FFF762
S214036D50EAFE044623783A4643F0010323702146AD
S214036D600123284600F0A9FAA8E7222055E72120A8
S214036D7053E78642E8D13C46ECE707B500224FF0DE
S214036D80FF3101AB0192DBF773F8019803B05DF8AE
S214036D9004FB07B5009313464FF0FF32FFF70AFFD5
S214036DA003B05DF804FB70B5049E15461A4696B10B
S214036DB0002333608DB181B14D4333462946FFF737
S214036DC0E8FF044628B9306818B12A46214604F07D
S214036DD026F8204670BD2224FBE72124F9E707B5F1
S214036DE0002201AB0192DBF759F8019803B05DF876
S214036DF004FB2DE9F74F06460D4614469B46002B2B
S214036E0000F0408100221A604268A24240F23C81B0
S214036E1049B9002C00F038810A46214603B0BDE884
S214036E20F04FFFF7B6BF2CB9084603B0BDE8F04FE6
S214036E300FF0B3BD0FF0E6FA35F8067C07344FEAD9
S214036E40C70A24F00704A2458046A5F1080180F08E
S214036E50978035F8023C002B70D0DA1B012A6DD1DF
S214036E6001EBC30911F83330D80767D4B9F8022009
S214036E70AAEB040313EBC20360D41F2B3CDD2F19CC
S214036E80C4F3CF0425F8064C0134384625F8024CE3
S214036E90009300F0A7F935F8022C009BBA80B9F8E6
S214036EA00620DB087B802AB3B9F80210511A11FAC0
S214036EB083F39BB209EBC202FB8093804A4600230E
S214036EC03946304600F0F9F9484600F08BF90022BF
S214036ED035F8061CB368CBF8005003EBC103F16822
S214036EE0A3EB0A038B42B36048D8002A41D0083B81
S214036EF0B3603EE0FA80E1E733690137013B336173
S214036F00B9F80630174425F8067CA3B1B9F8022071
S214036F109A1A12FA87F7BFB209EBC30325F8027C65
S214036F209F804A460123304600F0C7F9484600F0E2
S214036F3059F90122CCE725F8023CF2E721465B46E5
S214036F4000223046FFF725FF044630B140460FF0D7
S214036F5054FA204603B0BDE8F08F52462946DBF8C4
S214036F60000003F079FF28460FF017FD04460028BB
S214036F70ECD140460FF041FA0024EAE7F360B4E7A9
S214036F8076D935F8022CAAEB0409531EDB1B002A1C
S214036F903CD001EBC20711F83220D20737D4002BBE
S214036FA035D1C4F3CF03291925F8063C0133084627
S214036FB025F8023C009100F015F9009935F8022CEB
S214036FC07B888A80FA8803EBD9034B80DAB178880A
S214036FD0101A10FA83F39BB207EBC202CB8093809E
S214036FE000233A46304600F068F9384600F0FAF8CF
S214036FF00023B268CBF800501444A4EB0A04002B19
S21403700039D1B460B5E70023CB80E9E71746B9F179
S214037010270F2DD9C4F3CF02291925F8062C0132E0
S214037020084625F8022C0091019309F1FF3900F078
S214037030D9F8009935F8022C4FEAD909A1F802903D
S2140370408A809FB1019B013313FA89F91FFA89F9E4
S214037050A1F80690A7F804903369304601333361EC
S21403706000231A4600F029F90123C2E7CF80F3E78D
S214037070CBF800507DE7F36808349C42B46088BFC1
S214037080F46076E7222464E7212462E7002307B549
S21403709001AA0193DAF710FF019803B05DF804FB29
S2140370A0DAF7CCBE13B5002401AA21460194DAF719
S2140370B0EDFE00B10194019802B010BD0FF06DBC57
S2140370C0F8B50D46064690B189B100240C600FF062
S2140370D099F977687B1C03D10FF08FF91B20F8BD55
S2140370E03B6873600FF089F920462F60F7E722208C
S2140370F0F5E770B50D46044668B361B303688B4283
S21403710001D9212070BDD0E9021201FB02339D4252
S214037110F7D20FF077F92B68591C0ED021688B42F3
S2140371200ED3D4E9026206FB0216B34208D25B1AF8
S214037130B3FBF2F102FB113313B963685A1C06D191
S21403714063682B6065600FF058F90020DAE79D420C
S21403715003D01B68F2E72220D4E70FF04EF9D0E7FE
S2140371607FB514461A46531C4FF00003089D14BF00
S21403717016460826039305B3013931447642314057
S21403718003AEC5E9024161430096FFF713FD60B9FC
S2140371900246039B013CC5E9003391B28C4202F1DF
S2140371A0010204D84FF0FF321A6004B070BDE968DC
S2140371B019441960E9680B44EFE72220F5E70B460C
S2140371C000221021FFF7E5BD0846FFF7D6BD0846A7
S2140371D00FF0E7BB08461146FFF701BE0846114607
S2140371E0FFF754BF0023036043607047F0B5D0E950
S2140371F00554561C08BF0822002B4FF0000008BF9A
S2140372002C46069F3860002C38D09DF8146065889D
S214037210F60006EBC505C2F1000C2078C00708D5BA
S21403722023BBE08898B104EBC004658806EBC5056C
S214037230F3E78D42F4D35BB904F10800B0FBF2FE2A
S21403724002FB1E00C0B10844A842EAD83C60F0BD69
S214037250082A11D06088013004EBC000A0EB010EB1
S2140372600EEA0C0EA0EB0E008542EFD2A088002893
S214037270EDD0A4EBC004D8E70846E7E72046E6E7E8
S21403728003460069C0B10AB951B91A6810460378B3
S214037290DB0711D531B9C3885BB100EBC300F6E752
S2140372A09A69F3E7012904D1838823B1A0EBC300CD
S2140372B0EDE700207047184670472DE9F041D0E906
S2140372C00554074688461646ABB1954200D00ABB1E
S2140372D0424600213846FFF7D3FFB442054600D0A6
S2140372E02EB9424601213846FFF7CAFF0446C7E9CE
S2140372F00554BDE8F081954208D08D4228BF0D465F
S214037300B44205D0444538BF4446F0E70D46F7E798
S2140373104446ECE79442EAD1E3E738B51C46C3E9B2
S21403732000010023C4E90500C4E902332361227780
S2140373306362FFF757FF23690139C90801334180A8
S2140373402361A368E268083393424FF00000A3600A
S21403735088BFE36038BD08B5D3F712FE08BD08B58D
S21403736000F015F800F03BF8FEE7704770477047EB
S21403737008B503F03FFC03F050FC03F057FCFFF79F
S214037380F6FF03F066FCBDE8084003F075BC08B5DD
S214037390D6F796FFFFF7E9FFDAF70AFDFFF78CFB50
S2140373A0DAF7A2FBDAF7C0FEDAF7CCFDFFF7DEFF6B
S2140373B00BF052FF00F007F803F02BFCBDE8084083
S2140373C0DAF798BE704708B503F00EFC03F00DFC21
S2140373D003F00DFC03F00DFCFFF7F4FF08BD03F00C
S2140373E01ABC0020704700F000B807B512200DF154
S2140373F00601FFF720FBBDF8060003B05DF804FBAB
S214037400102938B504460D460AD840B10EF0EDFFF4
S2140374100023A5802360A3600EF0E2FF012038BDA1
S2140374200020FCE78160081E18BF01207047F8B5EE
S2140374300E46044670B30EF0D8FF6288A188054650
S2140374408A4223880FD21344B3FBF1F001FB1033B7
S214037450013204EB8303DE606280012728460EF0C8
S214037460BFFF3846F8BDA2685AB9238804EB8302E7
S214037470D660A2880133B3FBF2F102FB11332380FB
S214037480EBE704EB83032046D968904707460028BA
S214037490EBD1E3E70746E4E770B5044698B10EF090
S2140374A0A4FF62888AB12388013A04EB8301CD687E
S2140374B0A1880133B3FBF1F601FB16336280238008
S2140374C02C460EF08DFF204670BD1446F9E710B526
S2140374D0044648B10EF089FF6488B4FA84F464095C
S2140374E00EF07EFF204610BD0124FBE710B50446D0
S2140374F050B10EF07AFF6388A2889B1A5C425C4107
S2140375000EF06EFF204610BD0124FBE70F20DAF7CE
S21403751047BF002070470020704730B50D4604462D
S21403752085B0D8B1037F990703F0040218D5002A63
S2140375300CBF01220422ADB1238904F10C01ADF87E
S2140375400C3000230093636903A8D4F72BFA4FF497
S214037550A0636360E36803F00703236005B030BDF0
S2140375605208E8E7E068431CF8D0D4F763FA4FF014
S214037570FF33C4E90055E360F0E707B540B103897C
S214037580ADF80430037C01A88B4204D1FDF7E1FB80
S21403759003B05DF804FBFDF7EEFBF9E713B504460D
S2140375A068B103890DF1030101A8ADF80430FDF7B6
S2140375B00EFC217C9DF80330CB1A594259410846EC
S2140375C002B010BD13B5044668B103890DF103017B
S2140375D001A8ADF80430FDF7E0FB217C9DF80330ED
S2140375E0CB1A59425941084602B010BD37B50B466F
S2140375F00446002831D000F118020D79D1E90001C4
S21403760082E803001B7905F001051A071FD5237CC2
S214037610002B0CBF0A2107213022237A607A8DF8CB
S2140376200430534303F1A043A1748DF8050003F51A
S21403763070331A69C24002F0010201A8D6F74CFD66
S2140376402946204603B0BDE83040FFF796BF13F047
S214037650100F14BF04210221DEE703B030BD10B5BE
S2140376600446DAF7DBFE00EA04014FF0FF30BDE81C
S21403767010400AF0FFBC70B50E4605460EF0B5FE88
S21403768004463046A8472046BDE870400EF0A8BE24
S2140376900220DAF70DBF7047704708B5DAF7A6FE83
S2140376A080F48050C0F3003008BD70470020704758
S2140376B00F2070476FF44070704708B5FFF72BFF35
S2140376C000280CBF0F20002008BDFFF722BF0F20A5
S2140376D07047002070470F2070470F207047002028
S2140376E070477047002070470F207047002814BF6C
S2140376F00F200020704700207047002070470F209F
S214037700704770470020704710B504460A210AF0F8
S2140377105FFB40F6E44120460AF06AFB002010BDFA
S214037720FF207047002307B5CDE9003301236946E0
S2140377304FF0FF308DF802300AF042FA03B05DF8DE
S21403774004FB6FF00A014FF0FF300AF073BC00220F
S2140377500123C0E90023704710B5044648B100680A
S21403776018B1E188890002F02DF900220123C4E94B
S214037770002310BD42F21073994270B504460D46BD
S21403778002D96FF00F0070BDC3888B4201D300206F
S214037790F9E704212846FFF722FB06460028F0D027
S2140377A0216841B1E288920003F056FBE188206825
S2140377B0890002F007F9E5802660E8E7F8B50D468C
S2140377C0C98804461646FFF7D5FF0746A8B93046CC
S2140377D0DBF760F80646B4F90420B5F90410DBF7C6
S2140377E065F83346F643A080EA8820682968DBF705
S2140377F0C7FAEB88E088984201D83846F8BD216876
S21403780051F82320324041F823200133F3E7F8B53B
S21403781004468C420D46104626D0DBF73BF8C98853
S21403782006462046FFF7A6FF10B16FF00F00F8BD1F
S2140378302846E188FFF79EFF0028F6D1B4F90470C6
S214037840B5F904103A463046DBF730F8A0803946DF
S214037850B5F904203046DBF729F83346A880E288DA
S21403786029682068DBF7A4FA0020E0E738B5044669
S2140378700D4619B9FFF770FF002038BDC2888A424B
S21403788007D100210068920003F0C9FA0123A38000
S214037890F2E7FFF761FF29462046BDE83840FFF7C9
S2140378A069BF884270B505460E4609D0C988C288A6
S2140378B041B92AB1012392008380006803F0AFFA2E
S2140378C0002070BD4C1E6CB9B6F904300134A242D8
S2140378D0AB800ED221462846FFF74CFF88B16FF0E7
S2140378E00F00EEE7336853F82430002BECD1013C4D
S2140378F0E9E72868121B0021920000EB840003F0DE
S2140379008EFA31682868A20003F0A6FAD8E770B5A5
S2140379100C4601210546FFF72DFF064688B9EA887F
S21403792001469200286803F07AFA84EAE472A2EB2E
S214037930E472E40FC4EBC4342B68640001341A60A9
S214037940AC80304670BDC388B1EB431F3FBF0368AE
S2140379504A0953F8220001F01F013ABFC84000F05D
S214037960010000207047012AF8B506460C46154666
S2140379704FEA51171DD8C388B1EB431F0FD201221C
S214037980316804F01F0451F82730A24023EA0203AB
S21403799005FA04F4234341F827300020F8BD002AF3
S2140379A0FBD0791CFFF7E6FE0028E8D06FF00F0047
S2140379B0F4E76FF00300F1E70022C188914201D893
S2140379C000207047036853F8223033B193FAA3F0CC
S2140379D0B0FA80F000EB421070470132EEE7C18840
S2140379E0006800F033BD08B5FFF7F9FF0730C0089D
S2140379F008BD70B50E4612F0030118BF012101EB56
S214037A00920105461446FFF731FF38B9234632463E
S214037A10E9882868BDE8704000F03ABD6FF00F00B3
S214037A2070BD70B50E4612F0030118BF012101EBBD
S214037A30920105461446FFF719FF38B92346324626
S214037A40E9882868BDE8704000F047BD6FF00F0076
S214037A5070BD13460A46C188006800F063BD13462E
S214037A600A46C188006800F08FBD38B504460D4647
S214037A70FFF7B5FFE3882844B0EB431F06D820681A
S214037A802A46E18800F0EAFD002038BD10F01F0109
S214037A9018BF012101EB50112046FFF76BFE0028AB
S214037AA0EDD06FF00F00F0E70A46C18808B511B1B4
S214037AB0006800F09BFD002008BD10B5C38823B9FD
S214037AC0CA885AB9ABB1012017E0026802EB8302F9
S214037AD052F8042C002AF3D1013BF0E70C6804EBC0
S214037AE0820454F8044C0CB9013AEAE79A42EAD302
S214037AF00FD8013B5A1C01D1002010BD026852F872
S214037B0023400A6852F823209442DCD803F1FF335B
S214037B10F0D24FF0FF30F0E730B5C38823B9CA88F8
S214037B205AB9002B3DD136E0026802EB830252F8C5
S214037B30042C002AF3D1013BF0E70C6804EB820522
S214037B4055F8045C4DBB013AEAE7B1F9045003D299
S214037B50B1F90400404226E0B0F90420002A03DD10
S214037B60002D0CDA01201EE0002D08DD3AB14FF09F
S214037B70FF3018E003F1FF330BD2504213E0013B12
S214037B80016851F8235054F823108D42F2D9104659
S214037B9009E0591CF4D1002005E0002BD8D093420D
S214037BA0D3D9B0F9040030BD1FB581EAE173A3EB66
S214037BB0E17301930123C90FC1EBC13149000131C0
S214037BC0ADF80C10ADF80E3002A901AB0293FFF727
S214037BD0A3FF05B05DF804FB90422DE9F04106468D
S214037BE00F46144602D0884206D127460123FC8856
S214037BF0B3804CB9002005E0FFF753FE0028F4D00D
S214037C006FF00F00BDE8F0813B684FEA840803EB92
S214037C10840353F8043C0BB9013CEAE7214630469B
S214037C20FFF7A8FD0028EBD1356823463A682946B6
S214037C30284600F049FD074605EB0803002FD9D078
S214037C40F288651CA24208D829463046FFF792FD03
S214037C500028D5D1336803EB84031A682C46D2195F
S214037C602CBF01270027003F18BF012743F8042B2A
S214037C70E4E72DE9F04105460E469046D4886CBBF2
S214037C80F1882846FFF776FD0746002842D1F2889A
S214037C90A2420BD9AE4209D028683168121B920063
S214037CA001EB840100EB840003F0D6F8EA88F08841
S214037CB0824207D92B68121A0021920003EB800038
S214037CC003F0ADF8D8F8002023463168286800F0A2
S214037CD011FD024698B90123AB800DE0D8F80030B9
S214037CE003EB840353F8043C0BB9013CC7E7F18864
S214037CF0A142C6D26FF009073846BDE8F08129686D
S214037D00EB8801EB840108461B1B00F021FE0028CC
S214037D10E1D0EFE76FF00F07EEE72DE9F843B2F88F
S214037D2004C0B1F9044005461CFB04FC67467B43CC
S214037D300E4691461DD511463046FFF7BEFEB0F1FE
S214037D40FF3F80460CD04A4631462846FFF791FF50
S214037D5068B9B8F1000F08BF01240020AC8006E024
S214037D6032462846FFF785FF08B96442AC80BDE873
S214037D70F883FFF731FF0028EFD06FF00F00F6E728
S214037D800123FFF7CABF4FF0FF33FFF7C6BF1FB588
S214037D9082EAE273A3EBE27301930123D20FC2EBF1
S214037DA0C23252000132ADF80C20ADF80E3002AAF2
S214037DB001AB0293FFF7E4FF05B05DF804FB1FB5C4
S214037DC082EAE273A3EBE27301930123D20FC2EBC1
S214037DD0C23252000132ADF80C20ADF80E3002AAC2
S214037DE001AB0293FFF7CFFF05B05DF804FB2DE967
S214037DF0F04701231446002286B0884206460D4605
S214037E00CDE90223CDE9042310D102A8FFF749FDEB
S214037E1058B16FF00F0904A8FFF79EFC02A8FFF7FE
S214037E209BFC484606B0BDE8F08702ADA64206D1E5
S214037E30314604A8FFF735FD0028EAD104ACEF88E5
S214037E404FBBB7FA87FAB4F806804FEA5A1AB8F166
S214037E50000F29D107EB08013046FFF78BFCB8F17A
S214037E60000F08BF4AF0010A01460028D1D1304668
S214037E70FFF74DFD81460028CBD1CDF800803A466A
S214037E8023682968306800F013FDBAF1000F15D097
S214037E900123B380BFE72B6803EB870353F8043C47
S214037EA0002BCED1013FCBE7236803EB880353F8BF
S214037EB0043C002BCED108F1FF38C8E7AB88A28874
S214037EC013FB02F39BB2E4E72DE9F34104460F46A6
S214037ED01546CE8836B13B6803EB860353F8043C5D
S214037EE03BB145B90021204602B0BDE8F041FFF79B
S214037EF00EBD013EEEE72046711CFFF73BFC28B1A2
S214037F006FF00F08404602B0BDE8F08139462046C0
S214037F10FFF7C7FC80460028F2D1013D00953346A3
S214037F203A68E188206800F002FCEBE770B5044687
S214037F300D46104600211646FFF736FE002824DBC2
S214037F402A46334621460020DAF7BEFC054638B1FA
S214037F50284670BD324621462046FFF711FF90B9EA
S214037F6000212046FFF720FE0028F3DB314620469B
S214037F70FFF7D2FD0028EBDB324621462046FFF70B
S214037F8002FF0028F2D00546E2E76FF00905DFE7B7
S214037F90F0B501231546002285B0064668460C4612
S214037FA0CDE90023CDE90223FFF77BFC50B16FF048
S214037FB00F046846FFF7D0FB02A8FFF7CDFB204669
S214037FC005B0F0BD294602A8FFF76BFC0028EED1EA
S214037FD06846FFF7F1FC074602A8FFF7EDFC0546E7
S214037FE050B9014602A8FFF7AEFC28B92146304631
S214037FF0FFF757FC0446DCE70123ADF80C30ADF879
S214038000043000216846FFF7CFFD80B9AF423946FA
S21403801002A828BF2946FFF728FD0028C7D1304607
S21403802002A9FFF73EFC04460028C2D0BFE7684615
S214038030FFF7C2FC01466846FFF736FD02A8FFF7C6
S214038040BBFC014602A8FFF72FFD684602A9FFF70F
S21403805063FD00280CDB6946684602AAFFF709FEA3
S21403806004460028A5D101216846FFF71DFDC8E791
S21403807002A96A460846FFF7FCFD0446002898D185
S214038080012102A8F1E7F7B50C4611F0030118BF6A
S214038090012101EB9401054616461F46FFF7E6FB52
S2140380A048B934B1009733462246E988286800F079
S2140380B020FC03B0F0BD6FF00F00FAE7F7B50E1E15
S2140380C0044615461F4614DB1046FFF76DFD0028D1
S2140380D00FDD2046E988FFF7C9FB68B9089B3146E0
S2140380E0CDE90073E3882A682068DAF781FE03B0D7
S2140380F0F0BD6FF00300FAE76FF00F00F7E72DE926
S214038100F04F95B001900F46104601219046FFF7B9
S2140381104BFD002840F39781012600254246394649
S21403812002A8CDE90456CDE90256CDE90C560796CA
S21403813009960B960F9611961396FFF729FF04469A
S214038140002840F06D81314602A8FFF72DFD054655
S214038150002840F05C814246394604A8FFF7E6FE55
S2140381600446002840F05C81069004A906A8FFF7A1
S21403817098FBDDF818A020B941460CA8FFF791FB41
S21403818040B14FF0000B5D46D9465E465F466FF042
S2140381900F0409E10E9041460EA8FFF782FBDDF8B7
S2140381A03890002840F042813146089008A8FFF72F
S2140381B0AEFB089F0146002840F03B810A900AA8C0
S2140381C0FFF7A5FB0A9E8346002840F0368101464A
S2140381D0109010A8FFF79BFB109D002840F03081FD
S2140381E0012112A8CDF848B0FFF791FBDDF848B09F
S2140381F00028CCD1DAF80020D00753D5D9F80020D0
S214038200D3077AD50EA906A8CDF818A0CDF83890CE
S214038210FFF782FC0028C0F29F8006A908460EAA34
S214038220FFF7B1FDDDF818A00446002840F0BC8037
S21403823008A9084610AA08971095FFF7A4FD089FFB
S2140382400446002840F0B0800AA9084612AA0A96F7
S214038250CDF848B0FFF797FD0A9E0446002840F085
S214038260A380002106A8CDF818A0FFF79DFC0028E0
S214038270C0D1002110A81095FFF796FC0028C0F285
S2140382808980414610A81095FFF746FC002880F227
S214038290B380019810A9FFF704FB041E18BF6FF004
S2140382A00F0481E0012106A8CDF818A0FFF7FCFB18
S2140382B03A68D30702D43268D40713D508A9084608
S2140382C00CAA0897FFF75CFD089F044600286BD1AD
S2140382D00AA9084604AA0A96FFF755FD0A9E04460D
S2140382E0002861D1012108A80897FFF7DDFB0121CB
S2140382F00AA80A96FFF7D8FB7CE701210EA8CDF85B
S2140383003890FFF7D1FB2A68D10703D4DBF80020A7
S214038310D20715D510A908460CAA1095FFF730FD0D
S214038320109D044600283FD112A9084604AACDF89A
S21403833048B0FFF728FDDDF848B00446002833D1DF
S214038340012110A81095FFF7AFFB012112A8CDF865
S21403835048B0FFF7A9FB51E70EA9084606AAFFF7A0
S21403836012FDDDF838900446F0B910A9084608AAAD
S21403837010950897FFF707FD109D0446A0B912A9AC
S21403838008460AAACDF848B00A96FFF7FCFCDDF8C3
S21403839048B062E710A942460846FFF7F1FC109D75
S2140383A0044600283FF465AF04A8FFF7D5F906A8EE
S2140383B0CDF818A0FFF7D0F908A80897FFF7CCF96F
S2140383C00AA80A96FFF7C8F902A8FFF7C5F90CA88A
S2140383D0FFF7C2F90EA8CDF83890FFF7BDF910A83D
S2140383E01095FFF7B9F912A8CDF848B0FFF7B4F91E
S2140383F0204615B0BDE8F08F10A942460846FFF7A1
S214038400C2FC109D044600283FF43BAFCCE7A346CE
S2140384102546A14626462746A2466FF00D04C3E727
S214038420AB46A9462E462F46AA46BDE7A346254693
S214038430ABE6A34625462646A9E6A3462546A6E674
S2140384404FF0000BA3E66FF00304D1E701390029D0
S21403845001DA0020704750F82130002BF6D0B3FA2B
S21403846083F00131C0EB4110704739B101F180410F
S214038470013900EB81018142034600D270471B6835
S2140384800A681BBA12BA40F8042B41F80439F2E71B
S21403849070B51C4613F0030318BF012303EB9403C4
S2140384A08B420546164615D808B9002070BD8A00CB
S2140384B0002102F0B4FC0023A342F6D0F15CDA00FC
S2140384C023F0030002F0180291402A5801330A43AE
S2140384D02A50F1E76FF00700E8E72DE9F0411C4664
S2140384E013F0030318BF012303EB94038B420646E2
S2140384F00D46904613D879B18F003A46002102F014
S2140385008EFC2CB1381B22464146304402F0A4FCB4
S21403851029463046FFF7A9FF0020BDE8F0816FF03B
S2140385200700FAE7B3EB810FF8B516464FEA810466
S21403853015D81946A14207D31F4600218F4210D1F2
S2140385409C4218D30020F8BD21F00305455901F0DD
S2140385500302D200D540EDB29DB90131EAE72746C2
S214038560EBE721F00302825801F00305ED00EA4031
S21403857072540131E2E700211A1B301902F04FFC56
S214038580E0E76FF00700DEE7B3EB810F70B5044654
S2140385904FEA8105104619D95A1B8618002102F0A6
S2140385A03EFC30462B460021C2188B4210D10020D9
S2140385B070BD22F00301615802F00306F600F14095
S2140385C0C9B281B90132AA42F3D3ECE71A46FAE7F5
S2140385D021F00300205801F00305ED00E84002F8FF
S2140385E0010D0131E1E76FF00700E1E753098B4224
S2140385F0F0B402F01F0401D805D13CB3F0BC8A00E6
S214038600002102F00CBC1F2A22D834B1002200EB52
S2140386108101C4F1200681420FD1F0BC704752F8A5
S214038620047B45F8047FB242F9D10022CB1A8B4271
S214038630EBD240F823200133F9E751F8045D25FA1D
S21403864004F313430B6005FA06F2E4E71F2AE4D9A2
S21403865000EB8302051F00EB8106E4E71F2AF0B553
S2140386604FEA521402F01F0512D96FF003060B46A9
S21403867006FB04069C4203F1FF3212D3631A8C42B4
S21403868088BF002300220B4400EB830383420ED1F2
S21403869035B1002200EB8400C5F120078C4209D3D4
S2140386A0F0BD56F8223040F822301346E2E743F88E
S2140386B0042DEBE70668013406FA05F3134340F886
S2140386C0043B26FA07F2E9E7F0B500248446204681
S2140386D09C4200D1F0BD51F8245052F824702E1855
S2140386E02CBF01250025BF194CF8247045F1000066
S2140386F00134EDE7F0B50024064620469C4200D13F
S214038700F0BD51F824C052F82470ACEB0005AF421C
S21403871094BF4FF0000E4FF0010EED1B46F82450A9
S21403872084452CBF70460EF101000134E6E78B4208
S21403873028BF0B462DE9F047DD08A1EB030E0746DD
S21403874003F0070811460346AC460020089C0CF1CC
S214038750FF3CBCF1FF3F03F1200301F1200112D1DE
S21403876002EB45114FEA880607EB451501EB880C2B
S214038770BA1A614540F082803544BEF1010E80F09E
S2140387808C80BDE8F08751F8206CA6FB049610EBAE
S214038790090953F8200C46F1000610EB090043F8CC
S2140387A0200C51F81C0C46F10006A0FB04093618F1
S2140387B053F81C0C49F10009801943F81C0C51F8B6
S2140387C0180C49F10009A0FB040619EB000953F83D
S2140387D0180C46F1000610EB090043F8180C51F884
S2140387E0140C46F10006A0FB0409361853F8140CC3
S2140387F049F10009801943F8140C51F8100C49F19B
S2140388000009A0FB040619EB000953F8100C46F107
S214038810000610EB090043F8100C51F80C0C46F157
S2140388200006A0FB0409361853F80C0C49F100099E
S214038830801943F80C0C51F8080C49F10009A0FB09
S214038840040619EB000953F8080C46F1000610EB72
S214038850090043F8080C51F8040C46F10006A0FB87
S214038860040A16EB000953F8046C4AF1000016EBF1
S214038870090640F1000043F8046C68E70F4657F812
S214038880043BA3FB0438C318885848F10008C318F0
S2140388908B5048F1000039466BE72B681B182CBF3A
S2140388A001200020003818BF012045F8043B64E788
S2140388B02DE9F347DDF8289015464A440F46920003
S2140388C0002106469846002402F0A9FA05F1010A9B
S2140388D04C4502D102B0BDE8F08758F8243006EBC9
S2140388E0840000933A462B465146FFF720FF013497
S2140388F0EEE72DE9F04712F0030418BF012404EB5A
S21403890092048C420646884617461D464FEA840A5A
S214038910C2EB840919D84A46002102F080FAA8EB74
S21403892004020021920006EB0A0002F078FA3A46A7
S214038930089806EB0901A847054618B921463046AC
S214038940FFF793FD2846BDE8F0876FF00305F9E7C8
S21403895070B50646002410469C4200D170BD51F8FF
S2140389602420151A34BF01220022101E46F8245074
S21403897018BF01200134EFE710B5044678B14378F9
S214038980012B04D1BDE810404068DCF719BA037820
S214038990012B02D10830FDF71AFC0023237010BD0B
S2140389A0416E38B501F00303032B044606D1826AF1
S2140389B032B9436B023B012B1CD80262002038BD40
S2140389C0056B2378681E0343606A023A003818BFB3
S2140389D0012043EA80130020520843EAC2032370AF
S2140389E0236AC2B2954200F1010006D853B141F0A2
S2140389F0100161666FF00C00E1E7C2F10F02A354A9
S214038A001B0AEEE72246214604F13800DAF7B0FAED
S214038A100028D4D0636E43F010036366CFE72DE9D6
S214038A20FF4705460C4690460021102268469A46A4
S214038A30DDF8309002F0F3F96A4605F1100105F10E
S214038A403800DAF795FA6F46064658B16B6E43F070
S214038A5010036B6638461021DBF7A2FE304604B0DF
S214038A60BDE8F08739190446221D904509D2A04572
S214038A70F0D91AF804300A5D534009F8043001347B
S214038A80F5E75AF804300859434049F804301446C9
S214038A90EAE76822002102F0C2B9F8B50F4600F1F2
S214038AA03804204615461E46FFF766FF394620461D
S214038AB0DAF7E8F910B16FF00C00F8BD3246294634
S214038AC02046DAF709FA0028F7D0F4E710B504468B
S214038AD040B13830FFF750FF2046BDE8104068210C
S214038AE0DBF75EBE10BD2DE9F0411D46073B062BA6
S214038AF00446164628D8A04600F11103C5F10F0711
S214038B00416307630F2218460021013F02F087F9ED
S214038B102A46314608F8107F02F09EF9681C226B3D
S214038B200021404402F07BF901232A46E377E0184C
S214038B30314602F091F9636E204643F00103636603
S214038B40BDE8F041FFF72CBF6FF00C00BDE8F081E5
S214038B50022B30B412D0102B10D813F001050DD110
S214038B60B1F57F4F0AD2C0E90A3530BC436EC0E97F
S214038B70082143F002034366FFF712BF6FF00C00B1
S214038B8030BC70472DE9F843436E044613F01006D5
S214038B908846154645D1002A3CD0180741D45907C4
S214038BA0626A3AD495423CD8217843F0040381EABA
S214038BB012212170617863664A40627004F13807B7
S214038BC0E06A0022023000F00F00C0F11003AB424F
S214038BD028BF2B4604EB000C02F1040E73450CEB86
S214038BE0020121D2934229D8E26AED1A1A44984424
S214038BF00344102BE26202D0636A9A4228D12246CB
S214038C0021463846DAF7B4F910B30646636E43F0E6
S214038C10100363663046BDE8F883E36A2B44934249
S214038C20CCD96FF00C06F5E758F802105CF8029002
S214038C3081EA09014CF802107246CDE718F802E003
S214038C4091F800C001328CEA0E0C01F801CBC9E79B
S214038C50002DB5D1E26A636A9A42DBD1636EE562A0
S214038C6043F008036366D5E72DE9F04F9A46436E53
S214038C700446DB068946164689B000F1C380836A3C
S214038C802BB1C36A1344026A934200F2BB80129B61
S214038C909E4200F2B780139B0DF1100B1E6004F189
S214038CA0380303930EB9334686E0E36A03F00F07EF
S214038CB0C7F11005B54228BF35462B44E362636B04
S214038CC023F00203012B3FD0636B33F0020828D155
S214038CD04B462A4639462046CDF800B0FFF79FFE9E
S214038CE00346002868D15846E319A3F1040C08F19B
S214038CF0040295426BD24344454572D82A465946E8
S214038D00504602F0A9F87B19102B03D0E26A236AB7
S214038D109A4273D1224621460398DAF729F9034685
S214038D2048BB2F44102F65D10021206BCBB298424D
S214038D3064D9C3F10F0323441A7C01310132D2B242
S214038D401A74002AF2D059E00023E119181D85424F
S214038D5001EB030214D29D421BD87B19102B03D0C0
S214038D60E26A236A9A421CD1224621460398DAF71E
S214038D70FFF80346A8B1626E42F0100262661BE07B
S214038D8059F8032051F803C082EA0C02CA5003467E
S214038D90DCE719F8030011780133414002F8011BA0
S214038DA0D9E74B462A4639462046CDF800A0FFF7BA
S214038DB036FE0346002887D010210DEB01000393EF
S214038DC0DBF7EEFC039B184609B0BDE8F08F5CF8B2
S214038DD0021050F804EB904681EA0E014CF802109C
S214038DE085E71A781BF8081008F101084A4003F8CB
S214038DF0012B81E7E26A236A9A4295D0761BA9443F
S214038E00AA444FE76FF00C03DDE7436EF7B517464A
S214038E10DA0604460E4636D4426A0AB11B072AD53A
S214038E20236A2BBB00221046216BD3B2994202F170
S214038E30010223D823461022002120460094FFF780
S214038E40EEFD054688B926B13A462146304602F07D
S214038E5003F80026102231462046666601F0DFFF3F
S214038E6010223146A01801F0DAFF284603B0F0BD01
S214038E70E26A9342D6D06FF00C05F6E7C3F10F0310
S214038E8023441874D1E76FF06D05EEE72DE9F04F34
S214038E9085B01546DDE90FB7DDE9119ADDE91386DE
S214038EA01A460E9B0446FFF71EFEF0B933462A46C3
S214038EB039462046FFF74CFEB8B93A46594620468F
S214038EC0FFF760FE88B903ABCDE900532A46534645
S214038ED049462046FFF7C8FE38B932464146204683
S214038EE005B0BDE8F04FFFF790BF05B0BDE8F08FC3
S214038EF0F0B50C468DB01499159D03911399179FE1
S214038F000291129908AECDE90031CDE90456134615
S214038F10002122460697FFF7B9FF58B93A4631466D
S214038F20169800F042F828B128462146DBF738FCAD
S214038F306FF00E000DB0F0BD4822002101F06FBFA8
S214038F4010B50446FFF7C2FD2046BDE810400DF0FD
S214038F5028BD10B568210120FDF741FF044608B17E
S214038F60FFF797FD204610BD13460A460221FFF77A
S214038F7094BD10B50446FDF72AF92046BDE8104017
S214038F800DF00FBD10B524210120FDF728FF044680
S214038F9008B1FDF718F9204610BDFDF739B9FDF7FE
S214038FA01CB9D7F785B9D7F71FB970B504460020A3
S214038FB00346934200D170BDE55CCE5C0133754039
S214038FC02843F6E7A422002101F029BF10B5044682
S214038FD0C0B18378012B12D1043000F08BFA04F170
S214038FE06400FEF7B9FB04F16C0000F07FFA04F1AD
S214038FF0840000F07BFA04F19C00FEF7ADFB00232F
S2140390002380A37010BD38B5044600F12005204622
S2140390100834FEF79CFBA542F9D138BD38B50446A3
S21403902000F1200520460834FEF796FBA542F9D149
S21403903038BD2DE9F34101F1100506460F462846D3
S2140390400021FEF7B1FD044698B36846FEF77FFBA2
S21403905029466846321DFFF752F8044630BB07F12F
S21403906008086B46424641463046DAF70DFB04468F
S214039070E0B96B466A4669463046DAF705FB0446AE
S214039080A0B96B463A4639463046DAF7FDFA044647
S21403909060B96B46424641463046DAF7F5FA04466F
S2140390A020B901212846FEF732FC04466846FEF73F
S2140390B053FB204602B0BDE8F081F7B50D460446E3
S2140390C0083568461646FEF742FB00212846FEF79B
S2140390D06BFD211D07462A466846FEF754FE0446E6
S2140390E048B9002F0CBF002206F001026946284645
S2140390F0FEF764FB04466846FEF72EFB204603B0E5
S214039100F0BD70B50C460546114620461A46FEF7D6
S21403911037FE064630B9043529462046FEF7FCFCE2
S214039120002801DA304670BD2A4621462046FEF75F
S214039130A0FD0028F0D00646F4E770B50C460646B8
S214039140114620461A46FEF71EFE054648B9043663
S214039150B4F90430002B04DA00212046FEF724FD80
S21403916008B9284670BD324621462046FEF708FE5B
S2140391700028EDD00546F4E738B50C46051D29460C
S2140391802046FEF7C9FC002801DA002006E02A463E
S21403919021462046FEF76DFD0028F0D038BD10B5F9
S2140391A00446FEF7D9FA04F10800FEF7D5FA04F1EF
S2140391B01000BDE81040FEF7CFBA2DE9F047C3F321
S2140391C04508B8FA88FA0C4615464FEA5A1A07466F
S2140391D05246294620461E46FEF7F0FA48BB04F1DF
S2140391E008095246484605F10801FEF7E7FA00BBB0
S2140391F008F1FF33D3F1000848EB03084246204644
S21403920005F11801FEF7DAFA98B94246484605F121
S2140392102001FEF7D3FA60B921463846F209FFF774
S2140392204CFF30B904F110000121BDE8F047FEF70A
S2140392306EBBBDE8F08738B50C46054601212046CF
S214039240FEF713FC28B921462846BDE83840FFF749
S21403925093BF38BD2DE9F84F1E4603F10805C368D2
S21403926004468A469046002B40F0C08002F1100365
S2140392701A462946DAF708FA002840F0EF8006F186
S21403928010072B46424639462046FFF73AFF00288A
S21403929040F0E48006F118092B464246494620462C
S2140392A0FFF74BFF002840F0D9804B463A46294645
S2140392B02046DAF7E9F9002840F0D0800322294651
S2140392C03046FEF701FE002840F0C88031462046AF
S2140392D0FFF752FF002840F0C18008F1080B06F1A3
S2140392E010075B465A4639462046DAF7CDF900287A
S2140392F040F0B48039462046FFF79DFF002840F033
S214039300AD803B46424629462046DAF7BDF900289B
S21403931040F0A48029462046FFF78DFF002840F042
S2140393209D8006F118093B463A4649462046DAF739
S214039330ABF9002840F0928049462046FFF77BFFB2
S214039340002840F08B803346324639462046DAF70B
S2140393509BF9002840F082802B463A463946204641
S214039360FFF7EBFE002879D12B463A4639462046CE
S214039370FFF7E3FE002871D13B462A4629462046DE
S214039380FFF7DBFE002869D133462A4629462046E6
S214039390DAF77AF9002861D14B462A462946204651
S2140393A0FFF7CBFE002859D15A464946204608F116
S2140393B01003DAF769F9002850D149462046FFF72B
S2140393C03AFF00284AD139465046FEF76AFA002883
S2140393D044D129460AF10800FEF763FAF0BB494672
S2140393E00AF11000BDE8F84FFEF75BBA13462946AC
S2140393F0DAF74AF990BB032229463046FEF764FDA6
S21403940060BB31462046FFF7B7FE38BB04F10C07B6
S21403941001463846FEF7C8FB00283FF45EAF08F166
S21403942010031A4629462046DAF72EF9B0B906F194
S21403943010092B462A4649462046DAF725F968B925
S2140394403B464A4629462046DAF71EF930B92B46EC
S214039450324631462046FFF754FE3BE7BDE8F88F19
S2140394600346C06920B15B6A002B14BF01200220AB
S214039470704710B50446FEF76AF904F10800FEF7D4
S21403948066F904F11000BDE81040FEF760B938B580
S2140394900025044600F8045BFEF759F904F10C00B6
S2140394A0FEF755F904F11400FEF751F904F11C0018
S2140394B0FFF7DFFF04F13400FEF749F9C4E90F555F
S2140394C0C4E91155C4E91355C4E91555E56538BD16
S2140394D010B50446FFF7DBFF04F16000FEF737F92B
S2140394E004F16800BDE81040FFF7C3BF08B1FFF7FB
S2140394F056BE704770B5044658B3436C012B11D063
S2140395000C30FEF729F904F11400FEF725F904F1EF
S2140395101C00FFF7EBFF04F13400FEF71DF9201DD6
S214039520FEF71AF9A36D8BB92046BDE8704060219B
S214039530DBF736B906FB0500FFF7D8FF0135D4E99C
S2140395401603AB42F6D80DF02CFAEDE700251826E5
S214039550F5E770BD10B5044658B1FFF7CBFF04F12D
S2140395606000FEF7F9F804F16800BDE81040FFF765
S214039570BDBF10BD38B504460D46FEF792F970B967
S21403958005F1080104F10800FEF78BF938B905F177
S214039590100104F11000BDE83840FEF782B938BD6B
S2140395A010B501210446FEF7B2F960B9012104F1B2
S2140395B00800FEF7ACF930B9014604F11000BDE827
S2140395C01040FEF7A4B910BD002108B51030FEF711
S2140395D0EBFAB0FA80F0400908BD1FB500240294E8
S2140395E0079C0194069C0094DAF7FCFE04B010BDB9
S2140395F02DE9F04F112185B00190FEF7BBF80290DC
S214039600002840F0AA81019B1B681A68D3F82080C3
S214039610D3F824E012EB08092CBF01220022DF6AEC
S2140396201EEB090942F100024F4588BF013A1D6B44
S214039630A9EB070C654588BF013A586BACEB0506EA
S214039640B04288BF013A996B341AA14288BF013AE7
S214039650641A5FFA82FC002A5E681C6080F28181CD
S2140396605442A6424FF0FF3428BF00241644D3F8D2
S21403967028C01EEB060644F100041CEB0602039208
S2140396802CBF01220022164656FA84F4039E039A40
S214039690B54288BF013CA2EB050A504588BF013C92
S2140396A0AAEB000B594588BF013CDA6BABEB01090B
S2140396B04A4588BF013C4FFA84FA5FFA84FBBAF145
S2140396C0000FA9EB02049E685C6080F25081CAF129
S2140396D00004A6424FF0FF3428BF002456441CEB78
S2140396E0060644F10004BE192CBF4FF0010B4FF0E1
S2140396F0000B5BFA84F4B04288BF013CA6EB000A79
S214039700514588BF013CAAEB01094A4588BF013C85
S214039710E6B264B2A9EB0209002CC3F80890D3F8AA
S2140397200C9080F22A816642B1454FF0FF3628BF7F
S2140397300026A14417EB090446F100063C1946F13E
S21403974000062C1946F100062C1946F100060419EA
S2140397502CBF4FF0010B4FF0000B5BFA86F6A242CC
S21403976088BF013EA4EB020AD04588BF013EAAEBA0
S2140397700809CE4588BF013EF4B276B2A9EB0E09BE
S214039780002EC3F80C90D3F8109080F2FC80C6F13C
S214039790000AD1454FF0FF3A28BF4FF0000AB14404
S2140397A015EB09044AF100062C1946F100060419C4
S2140397B046F10006041946F100060C192CBF4FF0BB
S2140397C0010A4FF0000A5AFA86F6A64588BF013EFC
S2140397D0A4EB0E09CC4588BF013EF4B276B2A9EBE2
S2140397E00C09002EC3F81090D3F8149080F2D3809F
S2140397F0C6F1000AD1454FF0FF3A28BF4FF0000AE2
S214039800B14410EB09044AF10006041946F10006B8
S2140398100C1946F100060C1946F1000614192CBF64
S2140398204FF0010A4FF0000A5AFA86F6A44588BF9D
S214039830013EA4EB0C094F4588BF013EF4B276B255
S214039840A9EB0709002EC3F81490D3F8189080F2FA
S214039850AA807442A1454FF0FF3428BF0024B144C8
S21403986011EB090944F1000411EB090944F1000462
S21403987012EB090944F1000412EB090944F1000450
S21403988011EB090144F1000641182CBF0124002402
S21403989054FA86F6884588BF013EA1EB0809CE45F3
S2140398A088BF013E5FFA86FA76B2A9EB0E01002E58
S2140398B09961D9697DDA7442A1424FF0FF3428BF1B
S2140398C000243144511844F10004511844F10004B3
S2140398D0521844F1000118EB02022CBF4FF00108A6
S2140398E04FF0000858FA81F1944588BF0139A2EB7E
S2140398F00C0E774594BF0A464A1EAEEB0706B542E2
S21403990088BF013A741BA04288BF013A52B222EACA
S214039910E27119620199241ADC61C88800240821BF
S214039920013188424BD8002A17DA191F084603F17B
S214039930200550F8044FE44385420460F9D151F8FA
S214039940040F0130086008B98D42F8D14FF6FF7155
S21403995001988180196A891A1962029805B0BDE8D0
S214039960F08F16EB0C062CBF012400247FE616EBC3
S2140399700B062CBF01240024B1E619EB06092CBF05
S21403998001260026D6E619EB04092CBF4FF0010A80
S2140399904FF0000A04E719EB04092CBF4FF0010A45
S2140399A04FF0000A2DE719EB04092CBF012400240D
S2140399B056E711EB0A012CBF0124002482E743F883
S2140399C02140ADE710B5044608B1DAF7E9FE2046B4
S2140399D0BDE810400CF0E5BF00F4E040B0F5805F52
S2140399E004D0A0F5005358425841704701207047F1
S2140399F02DE9F743DDE90A89CDE9008904460D46DA
S214039A0016461F46D7F728FF10F1860F0AD13B46A6
S214039A10324629462046CDE90A8903B0BDE8F0431D
S214039A2000F04BBF03B0BDE8F0830368024673B192
S214039A30037DD9070BD513F002000DD0D3684BB9BD
S214039A401369002B14BF6FF08600002070476FF079
S214039A50880070476FF0860070473AB1002918BF38
S214039A6000232121D21A184401F0D9B97047434282
S214039A7013F07F0320D0584210F15F0F80F2C980A5
S214039A8010F16C0F48DA10F1700F00F0F28010F14D
S214039A906F0F80F2B68010F5645F00F08E8000F3DF
S214039AA0A58010F5685F6DD000F39D8010F56C5FA0
S214039AB01DD010F56A5F64E010F56E5F00F0D68087
S214039AC0DADC10F59C4F78D05FDC10F5C44F00F05D
S214039AD0C48034DC10F5C74F00F0C280C0F2CF80DC
S214039AE010F5C64F69D010F5C54F40F0C8806FF02B
S214039AF086007047012300F10E02934040F217528E
S214039B001342F4D100283FD010F1080F14BF6FF0B2
S214039B1083006FF089007047012300F16C029340C5
S214039B2041F250521342E2D1DB0700F1A58010F157
S214039B306A0F14BF6FF083006FF08C00704710F548
S214039B40A24FD4D010DC10F5C14F1BD005DC10F5A6
S214039B50C34F06D010F5C24FC7E710F5A34F40F02A
S214039B608E806FF08C00704710F59E4F00F0848057
S214039B7005DC10F5A14F05D010F59F4FB5E710F59E
S214039B809D4F7CD16FF08500704710F5785F6AD0E3
S214039B901BDC10F5994FAAD008DC10F59B4FE0D0DC
S214039BA010F59A4F6BD16FF09300704710F57E5FF8
S214039BB0D7D005DC10F5984F61D16FF0940070474D
S214039BC020F0800010F57C5F8FE710F5705F4DD0B6
S214039BD055DC10F5725FD5D051DC10F5765F86D074
S214039BE010F5745F81E710F5665FCAE710F5625FEC
S214039BF042D010F1720F14BF6FF083006FF0850030
S214039C00704710F16E0F14BF6FF083006FF096006D
S214039C107047002833DC10F10E0FBFF66BAF10F160
S214039C203B0F0ADA10F13D0FBDDA10F1400F14BFF7
S214039C306FF083006FF09300704710F1100F90D011
S214039C4010F10F0FB9D010F1210F3FF450AF10F100
S214039C50200F97D010F1220FCDE76FF095007047D5
S214039C606FF0960070476FF0910070476FF08400B6
S214039C7070476FF0920070476FF0890070476FF07F
S214039C808300704741F2052398421AD8B0F5905FD7
S214039C9009D241F2010398420CD0B0F5885F09D08F
S214039CA06FF0850070472923A0F5905080B2C3401B
S214039CB0DB07F5D511F0070F14BF6FF08600002001
S214039CC07047B0F5105FEBD121F04003802B06D030
S214039CD0B1F5807F14BF6FF0860000207047002028
S214039CE0704770B5046A05460E463CB90120FDF779
S214039CF076F8286228B120466E6270BD6FF08A003F
S214039D00FBE76FF08C00F8E7F8B50F4611460646FA
S214039D101546FFF7E6FF044620B92A463946306A59
S214039D2001F09AF82046F8BD2DE9F14F0C9F8346C3
S214039D30DDE90A9A88461E4615460488C2B32046BD
S214039D40FFF74AFEE0B1396809B9D1003960204609
S214039D50FFF798FF044678B90731B5EBD10F21D149
S214039D604D4522D82A464146304601F075F83B68F1
S214039D700733DB08CAF80030204601B0BDE8F08F91
S214039D80630415D504F44F44B4F5824F10D133461B
S214039D905846CDE90BA7CDF8289001B0BDE8F04FA3
S214039DA000F02FBD6FF08604E6E76FF08904E3E763
S214039DB06FF08504E0E710B50446006A10B1616AE7
S214039DC0FFF700FE0020C4E9080010BD38B50446BE
S214039DD0FFF7F1FF237E012B0FD0023B012B0FD899
S214039DE0E369012B14BF6FF0960500252822002196
S214039DF0204601F014F8284638BDE369002BF1E746
S214039E006FF09605F2E773B5054608460C4600F074
S214039E10CAFB002328461A4601A9DAF76FFE50B993
S214039E20019E35460FCD0FC495E8030084E8030072
S214039E303046DCF7FBF802B070BD70B514460288F6
S214039E401D461046049EFFF7C7FD68B944F201039A
S214039E5022F44050984207D002F44F42B2F5824FA4
S214039E6002D0B2F5844F0ED1B4420FD8224628460C
S214039E7000F0F2FF0021321B281900F0D0FF00206B
S214039E80059B1C6070BD6FF08500FBE76FF08900D3
S214039E90F8E72DE9FF4188461F4616460AB3002316
S214039EA001223B6003A9DAF729FE044690B9039D15
S214039EB06B68D5E908121B0A10D143462846CDE93C
S214039EC00067FFF7BAFF04462846DCF7AFF8002C16
S214039ED008BF0446204604B0BDE8F0816FF0860450
S214039EE0F2E76FF08904F5E72DE9F0411446DDE962
S214039EF00656028802F4E047B7F5804F22F4405C2A
S214039F0044F2010718D1BC4507D002F44F47B7F512
S214039F10824F02D0B7F5844F10D1AC421AD82246EE
S214039F20184600F099FF00212A1B204400F077FF13
S214039F3000203460BDE8F081BC450ED002F44F42E9
S214039F40B2F5824F09D12246CDE90656BDE8F04167
S214039F5000F086BC6FF08900ECE76FF08500E9E758
S214039F60F0B50F461E46154685B0FAB1002303A981
S214039F701A463360DAF7C2FD044688B903980388A5
S214039F805B0410D5CDE900563B46D0E9081200F035
S214039F906AFB04460398DCF749F8002C08BF04461E
S214039FA0204605B0F0BD6FF08604F3E76FF0890432
S214039FB0F6E770B40024DDE903652C6000F0FE4488
S214039FC0B4F1007F04D1CDE9036570BCFFF710BD83
S214039FD06FF0860070BC704738B50468054654B108
S214039FE0012C0AD0042C0DD06FF08604E822002141
S214039FF0284600F014FF204638BD1830DBF718FC5F
S21403A0000446F3E71830FCF7A7FCF9E713460A46BD
S21403A0100121DBF7D9B870B506680C46054611462C
S21403A02006B3037DDB071DD44068DAF7F5FC18B9E1
S21403A030012E04D0042E0FD06FF0860414E02146C0
S21403A04005F11800DBF77AFB044668B92B7D43F06D
S21403A05001032B75204670BD214605F11800FCF759
S21403A06033FCF1E76FF088042846FFF7B5FFF1E706
S21403A070FFF7D1BF2DE9F04F9946002385B0109F17
S21403A080C9F80030DDE90E863E6005468A469346EB
S21403A090FFF7CBFC044648B92B7DDB062CD52B6893
S21403A0A0012B10D0042B1BD06FF0860432462146BA
S21403A0B040463B68FFF7D1FC2846FFF78DFF204656
S21403A0C005B0BDE8F08F4B465A465146CDE90167C9
S21403A0D0CDF8008005F11800DBF78AFB0446E5E7B8
S21403A0E04B465A465146CDE90167CDF8008005F147
S21403A0F01800FCF71BFCF1E76FF08804D6E703684B
S21403A1001943B1FA81F0400970472DE9F04F1F4615
S21403A11020F47F0387B0B3F1106F0546DDE911AB7A
S21403A1200C46164620D1D1E908894B681B0A1BD179
S21403A130109B0092CDE9017342464B46CDE903AB33
S21403A140FCF770FC10F1860F0BD1109B4A46CDE945
S21403A150017341462B462046CDE903AB0096DBF759
S21403A160BFF907B0BDE8F08F6FF08500F9E72DE97A
S21403A170F04705469A46002386B0059305F0FE434E
S21403A180B3F1106F0846DDE90E679146DDF84080AF
S21403A19036D12B464FF4804205A9DAF7AFFC0446C6
S21403A1A080BB05990B8823F0FF03B3F5E24F02D07B
S21403A1B0B3F5E44F04D14B880733B7EBD30F24D35F
S21403A1C053464A462846CDE901780096FFF79DFF99
S21403A1D0044666B90023C8F800300598DBF726FF67
S21403A1E0002C08BF0446204606B0BDE8F0870028CA
S21403A1F0F3D039463046DAF765FCC8F80070ECE76A
S21403A2006FF08604002EE5D0F3E76FF08904F9E7D4
S21403A210DAF758BC70B504880546DDE904622046C3
S21403A2200699FFF7D9FB28B13046BDE870401146C2
S21403A230DAF748BC04F44F43B3F5824F0BD104F46A
S21403A240E044B4F5E04F06D10B4628463146BDE858
S21403A2507040DBF77FBC6FF0850070BD2DE9F04FD3
S21403A2601E46002389B09046129ACDE90533136043
S21403A270438804460D46002B00F0C580038803F48C
S21403A280E043B3F5804F00F0BE8031462846FFF723
S21403A29036FF002800F0B780204606AA05A9DAF79D
S21403A2A0C9FC0746002840F08380059B5B6A73B1B0
S21403A2B0059CA1466368D4F820A01B0A59F824BF5E
S21403A2C07AD06FF086070598FFF775FD70E0636830
S21403A2D01A0A66D1B4F800A061885046FFF77CFBE3
S21403A2E080B15046FFF7CEFC0746002860D10AF43B
S21403A2F0E043B3F5805F02D0B3F5005F0FD10731BB
S21403A300CA081CE00AF44F43B3F5824F04D10AF49B
S21403A310E043B3F5E04F07D06FF0850748E00AF453
S21403A3204F43B3F5844FEAD047F201039A450FD162
S21403A33049080131C90801EBC10101F13B0207924B
S21403A34007990598FFF7CDFC07460028B0D02FE005
S21403A35044F201039A4503D1C90801F11002EEE75E
S21403A36047F202039A4505D1C90801EB410101F101
S21403A3705A02E4E744F202039A4505D1C90801EB01
S21403A380410101F14A02DAE72AF0FF00B0F5E24F95
S21403A390B5D0B0F5824F01BFCC1DE4086400621C43
S21403A3A0CDE7204607A900F002F907460028C7D0E4
S21403A3B00598DAF7EDFC17E023885B0418D43346D8
S21403A3C0424629462046CDE901B9CDF800A0FFF75D
S21403A3D021FF0746002F7FF476AF12990598DAF728
S21403A3E0F7FB07460028E3D1384609B0BDE8F08FEF
S21403A3F04B465A4651462046FCF700FA10F1860FA4
S21403A4000746E7D1DBE76FF08607EDE710B5029B5B
S21403A4100446DBF74DF918B9A37943F00103A3719A
S21403A42010BD10B5029B0446DBF742F918B9A379B1
S21403A43060F30003A37110BD30B5002487B01D463A
S21403A4400DF117030392009303AA0DF116038DF87B
S21403A4501740DBF74FFA50B99DF8170005B128707F
S21403A4609DF816200399D8F7BDFD07B030BD2046EA
S21403A470FBE710B40124019B01945DF8044BDBF762
S21403A48069BA08B50379934206D10830D8F79AFE1D
S21403A490BDE80840FFF7EBBA6FF0860008BDF7B5D6
S21403A4A00468DDE9086504F0FF44B4F1906F1FBF4C
S21403A4B0C46A4779A418B4FBF7F40CBF14467C436C
S21403A4C0B44210D81AB910462A6003B0F0BD0095FE
S21403A4D00830D8F7BFFEFFF7CAFA2B689E4238BF8C
S21403A4E06FF09600F1E76FF08900EEE708B50368B2
S21403A4F003F0FE43B3F1806F04D10830D8F790FD24
S21403A500002008BD6FF08800FBE72DE9F0470446FE
S21403A5109A460E46904698B05022DDE9245700210D
S21403A52004A8DDF8849000F07AFC214643463246C0
S21403A530CDF800A004A8FFF79CFF044668B9B9F15C
S21403A540000F0ED1DDE9221202ABCDE9007304A899
S21403A5502B46FFF7A4FF044660B104A8FFF7C6FF27
S21403A5601DE04A46209904A8FFF78BFF04460028FF
S21403A570E8D0F2E7029A05B11544294603ABBA1AA6
S21403A58004A8DBF775FA04460028E6D1DDE90232B3
S21403A5901344269A04A81360FFF7A8FF0446204630
S21403A5A018B0BDE8F0871822002100F038BC0288F6
S21403A5B043884068000A51D102F4E040B0F5805F5A
S21403A5C002D0B0F5005F05D10733DB0840D16FF04A
S21403A5D08500704702F44F40B0F5844F03D107332C
S21403A5E0DB0853B9F3E747F20100824208D15B0860
S21403A5F00133DB0803EBC3033B3300200B607047D8
S21403A60044F20100824202D1DB081033F5E747F239
S21403A6100200824204D1DB0803EB43035A33ECE720
S21403A62044F20200824204D1DB0803EB43034A33BD
S21403A630E3E722F0FF02B2F5E24FD0D0B2F5824F45
S21403A640C5D10733DB085B000133012BD5D1BEE749
S21403A65022F0FF02B2F5824FF7D0CEE700236FF069
S21403A66086000B6070472DE9F34747680446DDE92B
S21403A6700A9A3F0A0D461646984611D1CDE9009A26
S21403A680FCF7CFF810F1860F0CD143463246294625
S21403A6902046CDE90A9A02B0BDE8F047FFF724BC8E
S21403A6A06FF0860002B0BDE8F0872DE9F04700F4AE
S21403A6B0E04ABAF5804F06460C4691469846089FF0
S21403A6C014D100F44F43B3F5824F02D1C3B2412BEA
S21403A6D00CD018F0010F06D04FEA580344B1E21D20
S21403A6E0B3EBD20F05D06FF0860661E04346F5E77D
S21403A6F0DC0080210120FCF772FB054600287DD094
S21403A700FEF7E6FE06F44F43B3F5824F07D1F0B2E9
S21403A710302858D00DD8122815D017285BD06FF0E4
S21403A72086042846FEF716FF28460CF03AF9264616
S21403A7303EE04128F3D1B4F5807F51D0B4F5E07FF5
S21403A7400ED0FF2C0BE040F209239C4208D035D8EC
S21403A750B4F5807F04D02ED824F02003C02BDED19E
S21403A760214600F01BFA0146002842D02846D9F7B6
S21403A7707BFFFFF77CF9064600283DD1BAF5804FEC
S21403A78030D105F1680A43464A4651462846D9F76A
S21403A790A3F9FFF76CF904460028C2D151462846B0
S21403A7A0D9F70CFAFFF763F904460028B9D13D60E0
S21403A7B03046BDE8F087B4F5C07FD0E7B4F5047F34
S21403A7C0ADD11C46CCE724F08003B3F5807FC7D019
S21403A7D0B4F5007FC3E7C02CC2D0B4F5807FBEE7D4
S21403A7E0FF24BDE743464A4629462878D9F758FE4C
S21403A7F0D8E76FF0850494E7044692E76FF08C067B
S21403A800D6E7F0B51F46002385B0039303AB00934A
S21403A810054613460A4641880088FFF746FF039E0F
S21403A8200446A0B92888336C00F44F42B2F5824F31
S21403A83003D1C2B2412A08BF01330C9A31461360D2
S21403A8400B9B3A4600930A9BDBF740F904463046D7
S21403A850FEF780FE30460CF0A4F8204605B0F0BDA7
S21403A8607FB51E460023039303AB009305461346AA
S21403A8700A4641880088FFF718FF0446D0B928889F
S21403A880039D00F44F43B3F5824F099B0CBFC0B240
S21403A8904FF482403246294608BF40F48240009374
S21403A8A0089BDBF713F904462846FEF753FE2846B3
S21403A8B00CF077F8204604B070BD2DE9F04304464B
S21403A8C09FB00E46DDE926890021174601A87422AB
S21403A8D01D4600F0A4FA2146C9F8008001A8DBF75C
S21403A8E005FA044668B93A46314601A8DBF72AFA60
S21403A8F0044630B94B464246294601A8DBF734FAEC
S21403A900044601A8DBF7E0F9002C18BF20461FB069
S21403A910BDE8F083037E022B06D1C3695A1C03D01D
S21403A9200133C361002070476FF0960070470346FB
S21403A9306FF040420846591E914207D338B103F1DF
S21403A940404393428CBF002001207047012070478C
S21403A950034668B1017E8A1E012A0BD80329C26901
S21403A96003D1012A01D1FFF731BA1AB1013ADA61EC
S21403A970002070476FF09600704700207047C0B203
S21403A980FF280CBF6FF086000020704707B5002134
S21403A9906A46FBF773FC8C3018BF012003B05DF8E2
S21403A9A004FB13B500216A460446FBF767FC8C30AC
S21403A9B002D1002002B010BD00212046D5F7CCFFFF
S21403A9C0014610B16FF09800F4E76A462046FBF79D
S21403A9D055FC8C30EDD0F5E72DE9FF4107461446CC
S21403A9E0884600293FD0002A3DD0B2F5005F3DD20D
S21403A9F002F1240631460120FCF7F1F90546C0B3FF
S21403AA0003463A4621464046DBF72EFB7F69002481
S21403AA103846FFF7BBFF01281FD021462B46324698
S21403AA2038460094D5F7CAFE0146C8B9384602AA86
S21403AA30FBF724FC044620B9029B9E4205D06FF028
S21403AA40980438460021D5F787FF31462846FEF797
S21403AA50B9FF204604B0BDE8F0816FF08A04F4E73E
S21403AA606FF09804F1E76FF08604F2E76FF08D0459
S21403AA70EFE76FF08C04ECE7FEF7A4BF2DE9F04791
S21403AA80D0F814A086B08146884617465046002163
S21403AA9004AAFBF7F3FB044610BB049E01203146D1
S21403AAA0FCF79DF90546002837D02146504604AAF0
S21403AAB00394FBF7E3FB044670B903AB0246214657
S21403AAC0CDE9005350463346D5F7ECFE039B0446C8
S21403AAD09E4209D06FF0980431462846FEF772FF6F
S21403AAE0204606B0BDE8F0870028F5D13B4642462F
S21403AAF031462846CDF80090DBF7D4FA0446002802
S21403AB00EAD1D8F800302BB13B68002B08BF6FF0B2
S21403AB109104E1E76FF09104DEE76FF08C04DFE762
S21403AB2010F1860F13D010F1850F0BDA20F0020315
S21403AB3093330FD010F1970F0CBF6FF06D004FF0EB
S21403AB40FF307047003818BF0120404270476FF04F
S21403AB50710070476FF06F00704730B40024944262
S21403AB6001D130BC184731F92450854201D0013455
S21403AB70F5E701EB8401B1F9020030BC7047032806
S21403AB8005D0092807D0002318460B6070474FF4FA
S21403AB9080731220F9E7FF234120F6E7122803D03B
S21403ABA0412807D000207047B1F5807F14BF0020EE
S21403ABB003207047FF2914BF00200920704708466A
S21403ABC008B51146FFF724FB002818BF6FF03B00BB
S21403ABD008BD6FF01B0070477047704708B5FFF756
S21403ABE0FCFF08BDCAF764B87047CAF7A9BBD0F71D
S21403ABF00DB9704708B5CAF777F8FBF71AFFCAF717
S21403AC0069F8CAF7C1F9DBF70BFBBDE80840D2F7D2
S21403AC1065BAD0F7F3B908F045BB08B5D0F700FE20
S21403AC20D0F7A4FEBDE80840D0F74EBD08B5F2F74E
S21403AC30A1FECAF7A9FBD5F7B5FBDAF7BBFCD3F73A
S21403AC4087FBD5F7E5FBFBF7EFFEBDE808400BF007
S21403AC50E2BC08B5D7F74AFDD7F7F0FDD7F702FEF3
S21403AC60FCF760FDFCF76DFDC9F7DCFFF9F779FD2E
S21403AC70BDE80840F2F74CBE08B5D0F7FBF8BDE8D0
S21403AC800840F9F770BF08B5DBF772FABDE808406D
S21403AC90DBF796BA08B5FCF76BFBFFF79FFFFCF7ED
S21403ACA0A0FB00B908BDDBF791FAF8E72DE9F843F6
S21403ACB00746884614460026D4E90195B9F10109EA
S21403ACC005D52468002CF7D13046BDE8F883AB8958
S21403ACD0012B07D9B5F90E30013303D02946384680
S21403ACE0C04706436835E9E710B50C46B1F90E10C0
S21403ACF0DCF7F8F90028ABBF636DA3891B1823F4B0
S21403AD008053ACBF6365A38110BD2DE9F0411F4698
S21403AD108B8905460C46DB05164605D5022300221D
S21403AD20B1F90E10DCF7CCF9A3893246B4F90E104C
S21403AD30284623F48053A3813B46BDE8F041DCF765
S21403AD40E3B910B50C46B1F90E10DCF7B9F9421C9D
S21403AD50B4F90C3015BF606523F4805343F4805375
S21403AD60A38118BFA38110BDB1F90E10DCF798B903
S21403AD7030B514469BB005461A46002C05DA8B23DD
S21403AD8003604FF0FF301BB030BD4FF402730091E9
S21403AD9004916946ADF80C304FF00003199314BFC5
S21403ADA004F1FF332346029305934FF6FF73ADF882
S21403ADB00E301E9BDCF7DEF9431CBCBF8B232B60D7
S21403ADC0002CE0D0009B00221A70DCE70139024415
S21403ADD010B5904201D1002005E0037811F8014F29
S21403ADE0A34201D0181B10BD0130F2E7884210B50C
S21403ADF001EB020402D98442234607D8431EA1422C
S21403AE0007D011F8012B03F8012FF8E7024482421A
S21403AE1000D110BD13F8011D02F8011DF7E7024427
S21403AE200346934200D1704703F8011BF9E77047C6
S21403AE307047704710F8012B11F8013B012A28BF11
S21403AE409A42F7D0D01A7047034611F8012B03F83D
S21403AE50012B002AF9D170470A44431E914200D1C0
S21403AE60704710B511F8014B914203F8014FF9D121
S21403AE7010BD034613F8012B002AFBD1181A01381C
S21403AE807047062008B5DCF77DFD0120F9F7F3FED1
S21403AE902DE9F0471F468E6882460C46BE42904612
S21403AEA0334653D8B1F90C0010F4906F2BD0656974
S21403AEB02368096905EB4505A3EB010905EBD57581
S21403AEC07B1C6D104B442A46AB4284BF1D462A4664
S21403AED0430527D511465046FCF776F9064658B380
S21403AEE04A462169FFF7B8FFA38923F4906343F02A
S21403AEF08003A38126614E4465613B46A5EB0905A5
S21403AF0026603E46A5601F463A4641462068FFF740
S21403AF106DFFA36800209B1BA36023683B4423604C
S21403AF20BDE8F0875046FCF759F906460028E1D1FC
S21403AF3021695046FCF74BF90C234FF0FF30CAF853
S21403AF400030A38943F04003A381E9E73E46DBE7ED
S21403AF509368013B002B10B4936008DA9469A3420C
S21403AF6001DB0A2903D15DF8044B00F0B4B813687B
S21403AF70581C1060084619705DF8044B7047F8B506
S21403AF8006460F461446D518AC4201D1002007E00A
S21403AF903A4614F8011B3046FFF7DAFF431CF3D199
S21403AFA0F8BD2DE9F047164698468A6807460B69AA
S21403AFB00C46DDF820909342B8BF1346336091F8F1
S21403AFC043200AB1013333602368990642BF3368CE
S21403AFD002333360256815F0060506D104F1190A15
S21403AFE0E36832689B1AAB422BDC94F84330226842
S21403AFF0003B18BF0123920630D404F143024146B6
S21403B0003846C847013023D023681A3454F80A2C2C
S21403B01003F00603042B0ABF54F80E5C00253368BE
S21403B0204FF0000608BFED1A54F8123C08BF25EA95
S21403B030E5759342C4BF9B1AED18B5421AD100209A
S21403B04008E00123524641463846C847013003D13B
S21403B0504FF0FF30BDE8F0870135C1E7E1185A1C11
S21403B06030200233224481F8430094F8451082F8D6
S21403B0704310C2E70123224641463846C8470130FB
S21403B080E6D00136D9E738B50B6905460C4613B941
S21403B0900025284638BD18B1036A0BB9DBF792FFC3
S21403B0A0B4F90C30002BF3D0626ED00704D49905A4
S21403B0B002D4A06DFFF7BCFE28462146DCF78EFBC4
S21403B0C0636E0546DA07E4D4A3899B05E1D4A06D35
S21403B0D0FFF7AFFEDDE7F8B50E461446054618B192
S21403B0E0036A0BB9DBF76EFFA369A360A3891A078C
S21403B0F001D5236943B921462846DCF7EFFB18B18F
S21403B1004FF0FF373846F8BD2368F6B22269374654
S21403B110981A6369834205DC21462846FFF7B3FF86
S21403B1200028EDD1A368013BA36023685A1C226064
S21403B1301E70431C62699A4204D0A389DB07E1D5DB
S21403B1400A2EDFD121462846FFF79DFF0028D9D0D7
S21403B150D6E71F2938B505460C4604D916230360DF
S21403B1604FF0FF3038BDC26B12B152F821304BB9E5
S21403B170284600F016F8224601462846BDE8384021
S21403B180DCF708BC012B0AD0591C03D11623036035
S21403B1900120E7E70021204642F8241098470020C4
S21403B1A0E0E7F9F76BBDC9B20346024410B5934214
S21403B1B0184601D1002003E0047801338C42F6D10F
S21403B1C010BD70B50C46B1F90E1096B015460029A1
S21403B1D01E460ADAA18911F0800113D14FF480626A
S21403B1E0002031602A6016B070BD6A46DCF7E4FBC7
S21403B1F00028EFDB019901F47041A1F50053594291
S21403B2005941EBE700214022EAE78B8973B59E0795
S21403B21005460C4607D504F1470323602361012343
S21403B220636102B070BD01AB6A46FFF7CAFF009EBA
S21403B23028463146FBF7C8FFB4F90C3038B99A05EF
S21403B240EFD423F0030343F00203A381E3E743F0C1
S21403B25080032060A381019BC4E90406002BE0D091
S21403B260B4F90E102846DCF7B9FB0028D9D0A38919
S21403B27023F0030343F00103A381D2E7212802D17D
S21403B2800846DCF7BBBBDCF70DBC512802D10846E9
S21403B290DCF7B4BBDCF706BC4FF0FF30704700208A
S21403B2A070477047704700207047002070470020A3
S21403B2B070474FF0FF3070471120704700207047EB
S21403B2C00120704700207047002070470020704719
S21403B2D070470020704770477047704708B5DDF722
S21403B2E093F8BDE808403120E6F7ACB838B500F16E
S21403B2F02C050446284603F0D0F950B194F82030C4
S21403B30013F0180F05D02846BDE83840002103F097
S21403B310DAB9A06A38BD2DE9F84390F8233005461C
S21403B320012B0E4602D90020BDE8F88390F82030A2
S21403B330D90758BF86F00106002E4AD1077EFFF7CD
S21403B340D5FF03F0BCFA0378417807F1FF389A0675
S21403B35001F102015FFA88F80BD5B8F1010F08D89E
S21403B360012F14BF04240824837803F01F0304EB7F
S21403B370C306384603F0C1F995F8213081465B07CA
S21403B38054BF022195F82510384648BF0231B8F15C
S21403B390010F9DBF013189B24FF0A0084FF000089E
S21403B3A003F0ABF90746EC68DDF7DEF8A4F5967311
S21403B3B0A3EB09039B1BDB1BA3EB08031B1A002B46
S21403B3C0B1DD95F8210000F00C00003818BF01200D
S21403B3D0AAE70120A8E738B504462C3003F05DF948
S21403B3E094F8213001288CBF43F0080303F0F703D9
S21403B3F084F821302046FFF779FF054603F05FFA0D
S21403B40094F82030228CC3F38001C3F340039B00DF
S21403B41043EAC10394F8211042F40052C1F3C00179
S21403B42043EA0113017842F0080201F023010B43BB
S21403B4300370437803B122842846BDE8384003F0FE
S21403B44043BA5328F8B50C4615D009D8232800F07C
S21403B450EA80512800F0C880BDE8F840FFF73EBFF9
S21403B4605628F9D191F82030DA075CBF23F0100391
S21403B47081F82030F0E7DCF7D9FE054600220221EA
S21403B480E5F710FFAB680646D80735D494F82330A3
S21403B490013384F8233094F82630013384F82630B9
S21403B4A0002601212046FFF736FF0746C0B194F871
S21403B4B02030D80740F1818094F8213059077CD496
S21403B4C004F12C0003F0E9F8012894BF00230123BC
S21403B4D0580094F82210DCF7D5FD2046FFF77BFFD3
S21403B4E02846DCF7DDFE032E69D1284603F01BF958
S21403B4F02B7B84F8273064E0002394F8212084F81B
S21403B500233042F0100384F82130317894F8203049
S21403B510C1F38001C3F38000814218D083F0040393
S21403B52043F0100184F8201042F05002090784F813
S21403B53021200CD523F0080343F0100304F12C005C
S21403B54084F8203003F0C7F83320E5F77BFF327822
S21403B55094F82030C2F3C001C3F34003994228D1C4
S21403B56094F82130D2064CBF43F0040303F0FB03E8
S21403B57084F821307378B3B994F8203083F002034B
S21403B58084F82030327897078AD072789AB143F0DD
S21403B590200384F8203094F82130032643F0200358
S21403B5A084F821307DE72846DDF710FC0028E3D138
S21403B5B076E7012675E7022673E7022089E7002E61
S21403B5C096D194F82130DA070AD494F8202043F071
S21403B5D00103D60748BF6A6884F8213048BF226053
S21403B5E0002F3FF439AFF8BD91F82030084623F01A
S21403B5F0300381F8203091F8213043F0020381F8BC
S21403B6002130FFF773FE03F05AF900212046FFF7B7
S21403B61082FE00283FF420AF94F822100120BDE8F4
S21403B620F840DCF745BD91F82030DD06DBD518077A
S21403B6300BD46568DCF798FF2D1AB5F57A7FD2DB55
S21403B6402046BDE8F840FFF7C6BE91F8213019073B
S21403B650EFD504F12C0003F020F80128E9D9C2E75E
S21403B6605720E5F737BFE6F747BA0A2802D801306E
S21403B670C0B27047242801D80230F9E7252805D040
S21403B680262805D0272818BFFF20704700207047BC
S21403B6900C20704708B5E6F735FA20B1BDE8084038
S21403B6A02020DDF7EFB808BD70478B6918470023E5
S21403B6B003707047002070477047704770474FF01D
S21403B6C00000704700207047002070477047002036
S21403B6D0704700207047704700207047002070476F
S21403B6E000207047002070470020704700207047F6
S21403B6F000207047002070470C20704700207047DA
S21403B7004FF0FF3070477047704700207047704710
S21403B710704770477047704770477047E9F79CBC9F
S21403B720E9F7AEBC06F0D8BDDCF754BCD2F7BABC1A
S21403B730DCF728BB704708B5DCF758FB18B1BDE843
S21403B7400840DDF715B908BD2DE9F8430E6A05462E
S21403B7500C461EB106600020BDE8F883088B4B8BB1
S21403B76018440A3080B2DCF7FFFB286090B320460B
S21403B770DCF796FDD5F800800A2198F80670404657
S21403B78007F06FFA0C37A37B08EB070989F8073035
S21403B790637B314689F80630628B238B204613443D
S21403B7A0A9F80830237B4FF6FF7289F805306368E3
S21403B7B048F807302B68DCF7A5FD238B628B134410
S21403B7C0984201D12660C6E72B681BB12846DCF7F2
S21403B7D08FFB2E601920BFE71120704700207047AB
S21403B7E0E6F78AB937B50C4605460DF1060101A8FA
S21403B7F0DDF7C2F943F6FF739C420DD047F6FF739D
S21403B8009C4209D0BDF904309C42B8BF1C46BDF922
S21403B81006309C42A8BF1C46AC8103B030BD7047BF
S21403B82083790C33C2189278C35CA2F10D014842A7
S21403B83048413E2B04D1022A08BF40F0010070475E
S21403B840FF2B14BF002000F001007047704700284C
S21403B85018BF112070470020704700207047002053
S21403B86070470020704741F20C00704770477047DE
S21403B87070471120704700207047002070477047BC
S21403B88070477047704770477047704770477047F8
S21403B890704710B5DFF78AFB83790C33C418DFF7DC
S21403B8A08BFBE2780023BDE81040002A18BF112264
S21403B8B04FF62F4100F030BA7047704770470020AC
S21403B8C070470020704708B5FFF7AAFF18B1BDE818
S21403B8D00840DDF7DDBA08BD08B507F013FB28B14D
S21403B8E0437923F00B0343710023C38008BDDDF7C0
S21403B8F045BB00238371931CC37101734273704766
S21403B90007B5437901909B070AD5FFF7D8FF28B9F7
S21403B91001A8DDF7E1FB03B05DF804FB0220FAE7BC
S21403B920FFF7CFFFF3E7002070477047002070470C
S21403B930704710B5044602230C224FF6104100F060
S21403B94049F8A37901200C331C440023E371A0714A
S21403B95010BD7047427942F003024271DDF73EBDE7
S21403B96010B50446837902338371437923F00203C7
S21403B97043F001034371FFF7ECFF2046BDE8104098
S21403B980DDF72CBDDDF752BB38B5C27983790D3AA6
S21403B99003F10C05D21A0544D2B20446023205F16D
S21403B9A00B0105F10800FFF721FA6B78033B6B7078
S21403B9B00F23AB70E379033BE37138BD0020704778
S21403B9C000F10C03CB1ADBB283718A78033213447B
S21403B9D0C371704770B5044615461A1D0E46D2B29B
S21403B9E00E21FFF786FFA3790C33E0180123A0F896
S21403B9F003608370457170BD2DE9F04790F807A08A
S21403BA0083790446AAEB030A89465FFA8AFA12B1D7
S21403BA109245A8BF9246DFF7C9FA4FF000080746DB
S21403BA2062794379D5074CBF43F0010303F0FE0365
S21403BA3043716379002123F001032046637107F005
S21403BA400FFA4346524621463846A7F8068007F0C3
S21403BA502FFBE379A2799B1ADBB253451FD0012053
S21403BA6007F050FAA579064640B925440346A98946
S21403BA702046BDE8F0470722FFF7ACBF5544EDB2BA
S21403BA80A5718571C571E2794346521B2146D2B230
S21403BA9007F00EFB23683360C4F800803E60484618
S21403BAA0DFF7B4FADFF788FA054642796379D007F9
S21403BAB04CBF43F0010303F0FE0363716A7920462B
S21403BAC091074CBF43F0020303F0FD0363716A79E9
S21403BAD0294612074CBF43F0080303F0F7036371CC
S21403BAE0AB79A371E371EA79D21AD2B2002307F0D5
S21403BAF0DFFA2B68236000232B60BDE8F08710B5C0
S21403BB00DFF754FA83790C33C418DFF755FAE27873
S21403BB100023BDE81040002A18BF11224FF62C411F
S21403BB2000F0FAB8704770477047E6F735B938B58E
S21403BB3004460D4601234FF6134100F0EDF8A379B2
S21403BB401C44A57438BD13B5837904460C330344EB
S21403BB501979DA7801A842EA0122ADF804205A7965
S21403BB609B790DF1060142EA0323ADF8063000F097
S21403BB7091FE034638B902464FF61441204600F0BC
S21403BB80CBF802B010BD00231F22F5E770B5847909
S21403BB9005460C340444B4F90930B4F90720B4F963
S21403BBA00510B4F9030000F0CDFE034638B902468B
S21403BBB02846BDE870404FF61B4100F0ADB80023A1
S21403BBC01F22F5E708B5F1F7D5FCC9F7D7F808BD86
S21403BBD040F2011310B504460E21C38007F041F866
S21403BBE00E21A2790C32A154A3180C225A70627942
S21403BBF042F00302627101229A701C22DA7020223C
S21403BC001A7100225A714FF0FF32C3F80620C3F8A8
S21403BC100A2010BD38B540F2011305460E21C38035
S21403BC2007F01FF80E22AB790C33EC18EA540C23FA
S21403BC3063706B7943F003036B710123A3702F23A7
S21403BC400025E370202365712371DCF715F9A842FC
S21403BC5044F290236FF0040208BF4FF40563A27109
S21403BC60E5712381A272E572A38138BD0120704776
S21403BC7001238371D31CC3714379417343F00303D8
S21403BC8082734371704700207047704700207047E7
S21403BC907047002818BF11207047072070470C20F4
S21403BCA07047422070474220704700207047704715
S21403BCB0704741F2420070470720704742207047A2
S21403BCC00020704700207047002818BF11207047D7
S21403BCD00020704741F211007047704700207047FC
S21403BCE0704784B001A880E80E0004B070471120A6
S21403BCF070471120704711207047002070470020BE
S21403BD007047112070471120704770477047002016
S21403BD10704700207047704770B515461A1D0E46CB
S21403BD20D2B20E21FFF7A4FF83790C331844012304
S21403BD30A0F803608370457170BD38B504460D46A0
S21403BD40FF21FFF795FF83791C44A57338BD38B5EB
S21403BD5004460D463E21FFF78BFF83791C44A573EB
S21403BD6038BD70B50E4615460F210422FFF780FF37
S21403BD7083790C33184401238680C370857070BDA5
S21403BD80FFF776BF10B504460023FFF7C5FF20462E
S21403BD90BDE81040DFF790B82DE9F0418046022059
S21403BDA00F4616461D4607F0ADF8044688B10C212B
S21403BDB00822FFF75DFF83790B441C449DF8183077
S21403BDC0A4F803806771E6802581A370DFF774F813
S21403BDD00120BDE8F08108B5022007F093F830B1E2
S21403BDE001221121FFF7B3FFDFF766F8012008BD34
S21403BDF0F8B504460F461646132109221D46FFF7DB
S21403BE00A6FF83790C331C441323E770A3702671B3
S21403BE102B68C4F80530AB88A4F80930BDE8F840B1
S21403BE20DFF74AB870B5054602200E4607F06AF8F3
S21403BE300446B8B12846E3F76FFE01F04CFE00F067
S21403BE40010004221421A0602046FFF780FF14227D
S21403BE50A3790C3323449A70A3F803505E71DFF77B
S21403BE602BF8012070BD08B5FFF77AFD08BD2DE954
S21403BE70F041074602200D4690461E4607F042F85C
S21403BE800446E0B109222121FFF761FF0A228379E4
S21403BE900C331C44BDF9183084F8038093FBF2F38B
S21403BEA023729DF81C30A7806372BDF92030A671FB
S21403BEB093FBF2F3E571A372DEF7FEFF0120BDE804
S21403BEC0F0810C20704737B5044606F04DFFFF227D
S21403BED0A379C0B20C33E518E254831E6B700D23AE
S21403BEE0AB70AB791C38012BE8768DF8073009D197
S21403BEF00023E91D1A460DF10700FFF7D2F99DF856
S21403BF000730AB712046DEF7D7FF03B030BDDFF74F
S21403BF1053BDDFF751BD704708B5E2F7B9FC08B16A
S21403BF203A2008BDE0F7D2FA0028F9D1E0F77CF909
S21403BF3008B90020F5E7E0F7D5FA0028F9D0EFE7CF
S21403BF4010B5DFF739F804460123002242F20F0149
S21403BF50FFF7E2FEA3790C331C44E5F7CBFFA07191
S21403BF6010BD10B5FFF7D8FF044608B9E6F722F868
S21403BF70DFF722F82246BDE81040002342F2100104
S21403BF80FFF7CABE70B5DFF711F805468679FFF7E7
S21403BF90C3FF044690B90C363544E878291DE5F707
S21403BFA0AFFF002808BF0724DFF706F82246BDE8E0
S21403BFB07040002342F21101FFF7AEBE3A24F3E7C6
S21403BFC070B5DEF7F3FF05468679FFF7A5FF04464F
S21403BFD090B90C363544E878291DE5F7C5FF0028E7
S21403BFE008BF1224DEF7E8FF2246BDE870400023B0
S21403BFF042F21201FFF790BE3A24F3E708B58388AE
S21403C000C2889A4201D3052B01D8122008BDC078F6
S21403C01001F0BCF9DFF704FD0028F6D00020F5E7B1
S21403C020704710B5DEF7C2FF837900210C33C418BE
S21403C030E078E2F777FD68B1211D01F08EF904463A
S21403C040DEF7BAFFE2B20023BDE8104042F2350144
S21403C050FFF762BE41F24204F2E710B5E2F78CFD49
S21403C0600446DEF7A9FFE2B20023BDE8104042F221
S21403C0703D01FFF751BE10B5DEF798FF8379002127
S21403C0801844C07BE2F74EFDE2F706FD0446DEF7F2
S21403C09093FFE2B20023BDE8104042F23C01FFF7F3
S21403C0A03BBE2DE9F041DEF781FF837900250C3393
S21403C0B0C418E678DEF77AFF0768DEF777FFA6F19F
S21403C0C0FE035942594105603046E2F72BFD3B46D5
S21403C0D02946227901F08AF80446DEF76DFF2B46DF
S21403C0E0E2B242F23701BDE8F041FFF715BE2DE993
S21403C0F0F041DEF75BFF837900250C33C418E6783E
S21403C100DEF754FF0768DEF751FFA6F1FE03594238
S21403C110594105603046E2F705FD3B462279012189
S21403C12001F064F80446DEF747FF2B46E2B242F21C
S21403C1303801BDE8F041FFF7EFBD2DE9F047DEF724
S21403C14035FF83790C33C418277994F8038027B90D
S21403C150B8F1010F27D0E2F787FC00260534BE426C
S21403C1600ADB0025DEF728FFEAB20023BDE8F04726
S21403C17042F23901FFF7D0BD2078B4F80150A0F1A0
S21403C180FE035942594194F803900434E2F7CAFC7B
S21403C19060B12A464B464146E2F7A4FB0546002813
S21403C1A0E0D10136DBE741F21205DBE741F2420557
S21403C1B0D8E710B5DEF7FAFE837900210C33C418EE
S21403C1C0E078E2F7AFFC616801F0F3F80446DEF7C7
S21403C1D0F3FEE2B20023BDE810404FF61941FFF725
S21403C1E09BBD10B5DEF7E2FE837900210C33C4183D
S21403C1F0E078E2F797FC616801F0F4F80446DEF7AE
S21403C200DBFEE2B20023BDE810404FF61A41FFF70B
S21403C21083BD2DE9F04186B0DEF7C8FE42F23E0349
S21403C220867905460C36875B84199F420ED1DEF766
S21403C230BDFE052106F015FDA3780533A3706FF048
S21403C2407903AB55202363700023A3720021E078A3
S21403C250E2F768FC0546002859D02046FFF7CEFED5
S21403C260002856D1284601F058F9FFF7FAFA70B1BC
S21403C2700C2542F23E039F424DD1DEF79DFE00237E
S21403C2802A46394606B0BDE8F041FFF745BD2846C5
S21403C29001F046F9FFF71CFD06460028E8D194F89E
S21403C2A00A802846B8F1000F13D101F039F940B1DE
S21403C2B0284601F035F9FFF728FD4146284601F0E8
S21403C2C032F928462389E288A18801F0F1F8C5B23D
S21403C2D0CFE701F022F940B1284601F01EF9FFF737
S21403C2E0CAFA3146284601F096F8A57B2389E288E8
S21403C2F0A188E0780495657B0395257B0295E57A0E
S21403C3000195A57A0095FFF7F2FC0546B1E74225AD
S21403C310AFE71225ADE7DEF74FFE064601232A46B2
S21403C3203946FFF7F9FCB3791E44E378B37406B0D5
S21403C330BDE8F08170B5DEF739FE837900210C3352
S21403C340C4182079E2F7EEFB0546A0B1207901F088
S21403C3501DF8DFF765FB88B1E178284601F07EF823
S21403C3600446DEF729FEE2B20023BDE870404FF430
S21403C3700151FFF7D1BC41F24204F2E741F20C044B
S21403C380EFE770B5DEF712FE837900250C33C41889
S21403C390DEF70CFE0668DEF709FE29460560E07840
S21403C3A0E2F7C0FB33462279022100F01FFF044662
S21403C3B0DEF702FE2B46E2B242F23F01BDE87040D2
S21403C3C0FFF7AABC70B588B0DEF7F0FD83790021CD
S21403C3D00C33C418E078E2F7A5FB0546002837D0EF
S21403C3E02046FFF70BFE002834D1284601F095F8C7
S21403C3F0FFF737FA78B10C26DEF7DEFD0546022393
S21403C40032464FF60941FFF787FCAB791D44E378C4
S21403C4106B8208B070BD284601F082F8FFF758FC1F
S21403C4200028E8D0257C2389E288A188E078069551
S21403C430E57B0595A57B0495657B0395257B029592
S21403C440E57A0195A57A0095FFF755FC0646D3E7EE
S21403C4504226D1E71226CFE7FE282DE9F843064603
S21403C460894690461F4616D0022006F04BFD04462A
S21403C47090B106221221FFF76AFC1223A579204603
S21403C4800C352544AB7085F803902E71A5F805800E
S21403C490EF71DEF711FD0120BDE8F88310B5DEF776
S21403C4A085FD83791844C07BFFF70EFC0446DEF750
S21403C4B083FD2246BDE8104000234FF62E41FFF7CA
S21403C4C02BBC70B5DEF772FD0023847906680C3446
S21403C4D003600444E078FFF71AFC054628B93246A1
S21403C4E02179E078FFF70DFC0546DEF765FD064685
S21403C4F02A46012342F28201FFF70EFCB379E27863
S21403C50033443046BDE870409A74DEF7D5BCF7B5C1
S21403C510DEF74CFD0023857906680C350360054479
S21403C520E878AF79FFF7F3FB044670B93846FFF7B0
S21403C530EEFB044648B9EB79AA79A988E878019610
S21403C5402C7A0094FFF7D5FB0446DEF735FD00236F
S21403C55022464FF60A4103B0BDE8F040FFF7DCBBC6
S21403C56030B587B0DEF722FD054683790C331D44CC
S21403C5700023CDE904336B7AA3B10A2105AB04AAE1
S21403C580FFF7BAF870B140F4805404A806F092FBA3
S21403C590DEF712FD002342F24F01E2B2FFF7BCFBC7
S21403C5A007B030BDEB78272B1AD8287902F039F973
S21403C5B0C8B1E4F7F7FC04460028E6D12879EC78FE
S21403C5C002F0A7FA01460598EB79AA790290687AF1
S21403C5D00190287A0090204602F016F80446D4E725
S21403C5E041F21204D1E741F21104CEE738B5E4F77D
S21403C5F0BDFD0546DEF7E0FC04460223002242F2B8
S21403C6001F01FFF789FBA3791C44658238BDF8B583
S21403C61007460E4614461D46E5F726F937B10CB114
S21403C620B5420ED136EA00030BD156B13CB135EA1A
S21403C630000006D1002D0CBF11200020F8BD2046B7
S21403C640FCE71120FAE700F0FDBA2DE9F047DEF724
S21403C650ADFC83790C33C518E3F788FD0446E5F78C
S21403C66003F9EA78064602F0010702F00208C2F36D
S21403C670400282F001026B79297902F0010287F009
S21403C6800100FFF7C4FF814600BB4FBB2A7923781E
S21403C69062F307132370B8F1000F00D16E79237885
S21403C6A066F30303237017BB2B79227803F00F037B
S21403C6B063F307122270B8F1000F13D16B79227857
S21403C6C003F00F0363F303022270A7B9DEF774FCCB
S21403C6D04A46BDE8F047002342F23101FFF71CBB90
S21403C6E03246D4E7227863F303022270EEE7B8F10A
S21403C6F0000FE3D0EAE7227863F30712F5E7F8B50D
S21403C700DEF754FC83790C33C418B4F80300E3F75C
S21403C71003FA0546002844D06279E37902F001065D
S21403C72002F00207C2F3400282F00102A17902F08E
S21403C730010286F00100FFF76AFFA0BB284601F05E
S21403C7407EFC034636BBA279017802F00F0262F341
S21403C75007110170CFB9E279197802F00F0262F37C
S21403C76003011970CEB9217A5A78284661F3030279
S21403C7705A70DFF797FB0446DEF71EFC2246BDE839
S21403C780F84042F23201FFF7ECBA017862F3030194
S21403C7901970E8E7002FDED0E5E7197862F3071192
S21403C7A0F6E70224E8E71124E6E77047012070471E
S21403C7B00120704770470120704713B5DEF7F6FB7C
S21403C7C083790DF10701184400230F308DF80730E5
S21403C7D0FFF7EEFF0446DEF7EFFB012322464FF694
S21403C7E03241FFF799FADEF7E7FB837918449DF8A1
S21403C7F00730837402B010BD10B5DEF7D7FB83791C
S21403C8001844C07BFFF7D2FF0446DEF7D5FB22466B
S21403C810BDE8104000234FF63441FFF77DBA10B54C
S21403C820DEF7C4FB83790C3318440379012B12D942
S21403C8308279911C8B420ED3C11DC078FFF7BBFFD4
S21403C8400446DEF7B9FB2246BDE8104000234FF648
S21403C8503A41FFF761BA1224F3E738B5044602F00B
S21403C860B0FB054658B9C820DCF7A0F9C822022158
S21403C8702846DCF739FA8442A8BF044624B2204689
S21403C880DCF794F902F09DFBBDE83840C82202218C
S21403C890DCF72ABAB0F90020B1F900302DE9F347E6
S21403C8A09A4204460D464BDC09F0ACFD8046E3F79E
S21403C8B08BFB002841D1DCF72BFA824602F081FB82
S21403C8C0C8220221DCF710FA0DF10601814601A801
S21403C8D0DCF752F947F6FF73B5F900209A4204BF16
S21403C8E0BDF806202A80B4F900209A4204BFBDF89A
S21403C8F004302380B5F90000FFF7AFFF0746B4F90D
S21403C9000000B842C4BF38462780DCF79FF902F020
S21403C910F2FF064660B15046DCF798F94846DCF766
S21403C92045F9404609F069FD304602B0BDE8F08798
S21403C930DCF7EEF920802F80F3E741F20C06F0E7F0
S21403C9402126F1E708B5DCF74BF9002008BD30B126
S21403C95090FAA0F00123B0FA80F08340D8B2704773
S21403C96070B5064601F0BDF8C0F3801484F00104E8
S21403C97002060546E4B206D40821304601F07BFDE4
S21403C98044EA4004E4B2EB0506D40B21304601F03A
S21403C99072FD44EA8004E4B2204670BD4B1E032BAE
S21403C9A010B50C4601D8032902D10023184610BD42
S21403C9B0FFF7D6FF04EA00038443F6D1F6E72DE932
S21403C9C0F743044688461646019301F08AF8C0F3F7
S21403C9D04015204601F033FB21468146284601F0E8
S21403C9E071F8074606B32046E3F7AEF880462046BE
S21403C9F001F028FB32460146019B1FFA88F0DFF759
S21403CA0081F92146284603F0B0FE2021204601F096
S21403CA106EF857E8003F43F4805347E80032002A95
S21403CA20F7D103B0BDE8F08301A806F043F999F8FF
S21403CA300110404601F00F0101F053FE2A46062876
S21403CA4014BF01463146204601F079FAD9E7032997
S21403CA5070B506460D4614460CD0042919D0012994
S21403CA6015D1222101F082F82846314603F0ADFEA7
S21403CA70002070BD136812791B680021FFF79FFF23
S21403CA8000222368314601201A6003F09EFE01202F
S21403CA90EFE713680C221B68EFE7012910B504467D
S21403CAA00CD101F01EF82146C0F3401001F00AF83D
S21403CAB00023817C1A462046FFF781FF012010BD24
S21403CAC02DE9F7430F46054601F00BF800F0200961
S21403CAD0C0F34018284601F0B2FABB7900780C334D
S21403CAE03B445E789B7800EA10101E403040FFF708
S21403CAF02EFF044648B9B9F1000F06D12846FFF7C2
S21403CB002FFF3040FFF723FF0446284601F09AFA2A
S21403CB10E4F778FBA04223D01CB30221284601F099
S21403CB2028F800210646284601F0EAF81821384678
S21403CB3003F092FD384603F080FDB6B239464470E2
S21403CB408470A0F80360284603F06CFD2346224653
S21403CB50294640460096DFF729F903B0BDE8F0837F
S21403CB6000242646E2E770B504460D4603F05DFE54
S21403CB7028B929462046BDE87040FFF7A1BF4028E4
S21403CB8029462046BDE870404FF0160314BF2A22FC
S21403CB902322E5F727BE38B505460C4600F0A1FF6D
S21403CBA0830604D42046BDE83840F0F7E3BC2146AC
S21403CBB02846BDE83840FFF783BF2DE9F3418C795B
S21403CBC006460C340C440D4600F08BFFA17807464E
S21403CBD03046FFF7E3FE617880463046FFF7DEFE19
S21403CBE0B4F8032003460092C7F34010424631468A
S21403CBF0DFF7DCF8284602B0BDE8F041F0F7BABC30
S21403CC0008B58B790B441B7B162B03D0172B05D04B
S21403CC10002008BDFFF7A7FF0120FAE7FFF7BBFFD9
S21403CC20FAE708B58B790B441B7B162B03D0182B1E
S21403CC3005D0002008BDDFF753F90120FAE7FFF718
S21403CC40BCFFFAE77047022810B50C4608D0032845
S21403CC500ED0012811D1BDE810400846DFF700BE0C
S21403CC60E1F79AFC844208D1BDE81040DBF7CCBB61
S21403CC700846BDE81040DFF7E7BE10BD002337B512
S21403CC8005460C4601A841210193DBF79DFD01985B
S21403CC9030B1E0F767FE072805D001A8DBF728F9CF
S21403CCA0002003B030BD2A4620460199DFF7B6FFC1
S21403CCB0F7E7532810B50C4608D10320FFF7DEFF2D
S21403CCC040B92046BDE81040DFF7BEBEBDE81040C1
S21403CCD0E0F770BB10BD512838B504460D460ED09C
S21403CCE0532810D055384FF0010118BF0120E0F744
S21403CCF02BFD29462046BDE83840E0F75BBBBDE880
S21403CD003840E1F707B80420FFF7B8FF10B9284604
S21403CD10DFF79AFEBDE8384001210846E0F714BD68
S21403CD20022805D0032805D0012806D1E0F768BFFE
S21403CD30E0F756BF0020E0F7A1BE704710B1012808
S21403CD4003D070470120E0F799BE0020FBE7F7B554
S21403CD501F468B1E012B04460D46164605D9032D8A
S21403CD601DD8DFE805F012181218FEF795FA00230F
S21403CD70CDE90004F01A18BF01201A463946FEF71B
S21403CD809BFA0028EBD1012003E0204601F007FDC3
S21403CD90002003B0F0BD204601F011FDF3E7FF20AD
S21403CDA0F7E72DE9F0471D46002391460446DDF8D4
S21403CDB020A00F460AF10E01C380C9B205F051FF49
S21403CDC0B9F1000318BF0123A6790AF10C0A0C3641
S21403CDD004EB060888F801A005F00F0545EAC3151D
S21403CDE0A35D4A4603F040031D439DF824103B46CB
S21403CDF0A55508F10200FFF7AAFFA35D60F38613AB
S21403CE00A3553B68C8F80830BB88A8F80C30BDE8C3
S21403CE10F0872DE9F0410F460446242118461E46A6
S21403CE2015469DF8188001F06AFEC319B8F1000F85
S21403CE3037D1033E012E94BF0322022240F271260D
S21403CE40520006FB023342F21072608941007143BE
S21403CE50A1F2E2469642A8BF16466A1A921BD21A57
S21403CE60002AC2BFB2FBF1F202FB0112AD1AEA1AA4
S21403CE7009D55242B2FBF1F707FB011C01FB17224F
S21403CE80654402B96D1AEB1A8B4240F2E2470AD8A0
S21403CE90B3FBF7F3022298B2E27120812846BDE87D
S21403CEA0F0810122CAE75B1ABB42B8BF3B46B342D6
S21403CEB0A8BF3346B3FBF7F107FB1133CAB2002B07
S21403CEC0EAD00132D2B2E7E7C0F3845303EB83031D
S21403CED000EB830080B27047F8B500231360047D2F
S21403CEE005468068FFF7F0FF14F00807034603D0F3
S21403CEF00B446B600120F8BD6E68701AB0EB030C30
S21403CF00F8D514F001000AD1D5E90374E41B14EB39
S21403CF100C0FF0D419448E1B16606960EAE7384696
S21403CF20E9E710B50446E1F75DF96168E069E1F702
S21403CF30F3F9BDE8104001F070BC38B50C46C943A0
S21403CF4001F001010546E1F727FAA30702D4E869D1
S21403CF50E1F70CFABDE8384001F05FBC10B50446B3
S21403CF60E1F71AFA2046E1F73DF9BDE8104001F073
S21403CF7054BC007D00F0010070470120704707B5E0
S21403CF80036801A80193F0F725FC03B05DF804FBE2
S21403CF90F0F74CBC10B51C2200210446FDF73FFFFA
S21403CFA048F20403A36010BD01F019BCFFF772BC7E
S21403CFB0FFF736B8E2F7FCBA2DE9F04F85B0914695
S21403CFC0139A8A46B2F900201D46009200229DF865
S21403CFD03830139901930A809DF84830826902938A
S21403CFE00446DDF840B09DF850309DF858609DF833
S21403CFF064809DF86870002A40F0F58005F01C02F6
S21403D0001C2A00F0D680EA0617D405F00302032A8A
S21403D01008BF05F0FD0505F0F70500222046A16AC6
S21403D0200393E2F70FFB40F2712202FB09F29042F0
S21403D030039B08D941F24500B8E0012605F0140326
S21403D040142B3346E9D1A80608F0FD0248BF05F0C5
S21403D050FC05012A00F0B380B8F1020F08BF4FF0B9
S21403D06004089A0784F8698000F1AC80580740F1F9
S21403D070AB80B8F1030F14BF0321042107F0FD03AF
S21403D080012B84F8741000F0A180022F08BF042738
S21403D090B20784F88E7000F19B80760740F19A8081
S21403D0A0032F14BF032304230020009A84F884303C
S21403D0B0DBF71AFE0646A4F85400E80600F18C8057
S21403D0C001F07FFF009A94F88410DBF70DFEA4F8B6
S21403D0D05400139B3146188004F16C00FEF782FB64
S21403D0E047F6FF7104F17C00FEF77CFB94F884108E
S21403D0F0606CFEF7BCFBFF22236A84F85A209DF877
S21403D100602023F09F0343EA021305F01802182A4F
S21403D11008BF43F08003690723F0600309D4029A2B
S21403D12002F0010243EA4213029A920748BF43F011
S21403D1304003A4F85050236204F16202BBF1000FCF
S21403D1404CD0DBF80010C4F86210BBF804109180D2
S21403D1509DF83C20012A02D143F004032362019B7D
S21403D16003F0FD03012B02BF236A43F0010323628E
S21403D170019B023B012B9EBF236A43F002032362FB
S21403D180FEF771FA9DF85C30C0F30B0040EA0330FB
S21403D1909DF84430A4F88C00A4F84CA02046A4F8CC
S21403D1A04E9084F8583000F06BFB002005B0BDE8C5
S21403D1B0F08F01264FF0060A3346D14643E74FF079
S21403D1C003084EE7022159E7012157E703275FE7E4
S21403D1D0022369E7012367E730467AE7C4F862B0BB
S21403D1E0A2F804B0BBE741F20C00DFE72DE9F341F8
S21403D1F0884617460446019338B901A805F05AFD38
S21403D20041F2420002B0BDE8F081012926D002298E
S21403D21006D079B101A805F04DFD41F20C00F1E707
S21403D220406C0028F6D01946FEF723FB88B140F47D
S21403D2308050E7E7836973B900F128054FF4007659
S21403D240B4F85030D80613D5590722D501A805F0EF
S21403D25031FD0020D6E700F13005EFE7836923B9F7
S21403D26000F12C054FF48066EAE700F13405F9E790
S21403D2709A0708D5B8F1000F05D101A805F01AFDE5
S21403D28041F21200BEE713F0120F02D1B8F1010FFC
S21403D290F3D0236AF80723EA0603236202D5284657
S21403D2A005F008FD019921B1284605F068FD002325
S21403D2B00193286805F058FDB4F85030D90605D513
S21403D2C01F2801DC032F18D02846D7E740F27262E6
S21403D2D0904205DD284605F0EDFC41F2070091E794
S21403D2E0B8F1000F09D1BF2807DD9A0705D02846F5
S21403D2F005F0E0FC41F2450084E72046D4E90C1231
S21403D300E2F7A0F9A36983B140F27122B4F84C3076
S21403D3105343984209D9B4F84E308342E7D300F515
S21403D3201C70B0FBF2F0A4F84C0009F06BF8A3698C
S21403D330054673B1BB070CD5236A33432362636880
S21403D340C3F57A76DBF710F9F04202D52046E1F70B
S21403D35029F9284609F051F87BE783693BB1B0F811
S21403D3605030DB070FD490F85930FE2B0BD0036AEE
S21403D37043F4005303620B68C0F85B308B88A0F855
S21403D3805F300020704741F20C00704738B5044602
S21403D39009F038F8002105462046E1F7C3FB30B113
S21403D3A0B0F85040284609F028F8204638BD044611
S21403D3B0F8E7A0B1CB0742BF036A43F48053036286
S21403D3C08A0742BF036A43F4804303624B0701D4D0
S21403D3D000207047036A43F400430362F8E741F210
S21403D3E042007047A0B1CB0742BF036A23F48053C1
S21403D3F003628A0742BF036A23F4804303624B0730
S21403D40001D400207047036A23F400430362F8E75D
S21403D41041F24200704700B14164704770B504465C
S21403D42008F0F0FF002106462046E1F77BFB0546A1
S21403D43028B90024304608F0E0FF204670BD406C53
S21403D44030B9A86C0028F4D0FEF742FC0446F1E796
S21403D450FEF707FA04460028ECD1F2E773B590F816
S21403D4608D500446806C0E462D09A0B1D4F8883042
S21403D470009304F17C030ECBFEF733FCA2692B4624
S21403D480003A18BF01223146A06CFEF723FC05467E
S21403D490284602B070BD606C38B12A46FEF7E3F941
S21403D4A00546204600F0AFF8F2E741F20C05EFE739
S21403D4B0F8B51F46B0F8503004469B060D46164690
S21403D4C025D4406C18B9FEF7CAF9606410B3FEF7AA
S21403D4D0C4F960B93B4632462946606CFEF7C6F986
S21403D4E0606C94F88410FEF7C2F90020F8BD606CF7
S21403D4F0FEF7B3F9002201462046E2F7A3F840F20E
S21403D500712169438842E5D941F24500EEE741F2CD
S21403D5101200EBE741F20700E8E700B1406C704702
S21403D52000B1806C704700B18164704708B500F0A5
S21403D53037F9FEF775FDBDE808404FF4805000212B
S21403D540E4F7CAB80846896BE1F7CEBF10B50446C0
S21403D55009B1012010BD406C80B9A06C98B9B4F82D
S21403D56050309B07F5D12046E1F7B0F9FEF7BAF83D
S21403D5700028EFD0C079C0F34010EBE7FEF771F94F
S21403D5800028EAD0E5E7FEF7A3FB0028E7D0E0E7AC
S21403D59010B50446FFF7DAFF002814BF1820002052
S21403D5A0B4F85030990658BF40F001005A0648BFF9
S21403D5B040F040005B0748BF40F0020010BD38B59E
S21403D5C00C4600210546FFF7C1FFD0B9E00615D586
S21403D5D004F0180095F87430012B11D12B6AB5F8B6
S21403D5E05020190444BF02F04001084312F0230FF1
S21403D5F006D15B0448BF40F0010001E004F05B0085
S21403D60038BD1820E6E7026A42F400620262E0F7D9
S21403D610C9BF2DE9F04705468A4611469046994606
S21403D620FFF7B6FF95F884600746042E04D195F8F5
S21403D6308E30032B18BF032695F87440042C04D1B0
S21403D64095F86930032B18BF032439462846FFF79D
S21403D650B6FF0021E4F7DEFCC11C204601F04FFABA
S21403D6604FF4FA730AF1FF345C43A5F85200FB0645
S21403D67080B20AFB00440AD5B5F8503003F0030322
S21403D680012B07D0022B1CD004F548747BB120462F
S21403D690BDE8F0872421304601F031FA1021054613
S21403D6A0304601F02CFA04F58A642C4404444046C0
S21403D6B005F05AFB31460246384601F058FB04444F
S21403D6C0E5E70E21304601F01AFA0546484605F00E
S21403D6D04BFB04F58A6402463146384601F047FBA5
S21403D6E02C44ECE7032810B50C460DD004D80128CB
S21403D6F010D0022813D010BD552818D05628FAD1BA
S21403D7000B7D23F008030B752046BDE8104000216F
S21403D710E1F78CBB0846BDE81040E1F77DBDE0F7B6
S21403D7203BFF8442E7D1BDE81040DAF76DBE0846FA
S21403D730BDE81040E1F74EBD51280B4603D1012149
S21403D7401846E1F773BBFFF7CDBF512802D1084651
S21403D750E1F740BDFFF7C6BF532810B50C4617D0F8
S21403D76008D8322814D051280CD02146BDE81040E2
S21403D770FFF7B8BF5528F8D12046BDE81040012171
S21403D780E1F754BB0120BDE81040497DDAF790BCB1
S21403D7902046E1F7ABFD10B1DAF736FEECE710BD35
S21403D7A0704738B5044608300D46E4F73BFEE0F70D
S21403D7B0F3FE844202D12220E3F744FE85F0010102
S21403D7C000252046FFF7B9FBE06BA56110B1E2F731
S21403D7D05FFCE56304F14000BDE8384005F06ABA33
S21403D7E070B590F859300446FE2B09D15B3000F033
S21403D7F0E6FF00F0DDFF18B1236A43F4005323620B
S21403D80042F20103256A2B40012B36D0A9072BD5FC
S21403D810C5F3800504F16206002231462846FDF76B
S21403D82048FD002184F85A00FDF757FD00223146D3
S21403D8302846FDF743FD18B194F95A00002815DA77
S21403D840236A23F002032362B4F85030DA070BD5B9
S21403D8509B0709D4012231462846FDF72FFD18B150
S21403D860236A43F008032362002070BDB4F8501007
S21403D87001F00101FDF731FDE6E741F21200F4E79E
S21403D88038B5044608F0BEFDD4E90A12054620461C
S21403D890E1F7D8FEB4F84C10B4F84E20E060521A04
S21403D8A040F2712101FB020303F59C53083328461B
S21403D8B02361BDE8384008F0A0BD036A10B50446EE
S21403D8C013F4606023D09A0507D504F1280005F009
S21403D8D0F1F9236BA36200232363236A5B0507D551
S21403D8E004F12C0005F0E6F9636BE362002363633F
S21403D8F0236A204623F460632362FFF7C1FF0120F7
S21403D900B4F88C305A1C62F30B03A4F88C3010BDA9
S21403D910036A0B4303624FF0805000F07CBF10B5E0
S21403D920044619B390F856208AB190F8573001335D
S21403D930DBB29A4280F8573009D10121FFF731FF55
S21403D9404FF480312046BDE81040FFF7E1BF236A5D
S21403D950DA050BD5636A62689B1A002B06DA012187
S21403D9602046FFF71EFF4FF48021EBE7236A1B06D2
S21403D97024D4FDF778FE1123B0FBF3F394F9682063
S21403D98003EB0313C01A83B212FA80F0102888BF81
S21403D990C3F110035BB2083A1A4484F8682040F2D5
S21403D9A07121B4F84C2020461A44636801FB023305
S21403D9B001216360BDE81040FFF7D0BA0023EEE70D
S21403D9C0C94350E8003F0B4040E80032002AF8D134
S21403D9D0704738B505460C4601F0F5FA20B149F60E
S21403D9E040439C4228BF1C46EA68A2420BD240F240
S21403D9F07121B5F87E304B43934238BF1346A3429A
S21403DA0028BF23461A462A6138BD826A034612F4A3
S21403DA10007F00F1480005D0D3F82821B3F8401062
S21403DA20E4F7B2BB93F87310E4F7A4BB0020704787
S21403DA3070470020704700207047704770470020EB
S21403DA407047002070477047704770477047002044
S21403DA5070470020704770470020704701207047CA
S21403DA6001207047C8207047002070477047012088
S21403DA7070477047704790F8892010B5531C03F021
S21403DA800F03072B28BF0023044663F30302034454
S21403DA9080F8892083F8821090F889306F2B4FEA3C
S21403DAA013129EBF013262F3071380F88930FFF723
S21403DAB0E1FF204694F8301101F01DFD10BD7047BC
S21403DAC07047704710B101F1B000704701F1D40000
S21403DAD07047F8307047806A7047836A0B438362E7
S21403DAE07047C06A7047C36A0B43C3627047C36A12
S21403DAF023EA0103C362704700F59C70704790F8F1
S21403DB00891008B50F2904D90909823003F0C8FA29
S21403DB1008BD7F20FCE770B540F2712606FB01F3D3
S21403DB2045685643826A1D44D207044645600ED5AF
S21403DB3000F14405294690F84220E4F7D1FC334629
S21403DB4029462046BDE87040012202F0E4BC05EBFE
S21403DB505605456070BDD0F8A40000B970474379F8
S21403DB609B0701D40068F8E70120704780F87B1014
S21403DB70704738B504460D46E1F7E6FF80B2FFF777
S21403DB805AFF80B14288022DB4F8400011D0032D0D
S21403DB900BD0012D06D1A38FA26B1B01B3FBF2F3AF
S21403DBA0184480B238BD0122EDE74FF47A43A26BE6
S21403DBB0F4E7E38F5B00073313FB0200F1E738B5A6
S21403DBC0044602F0ACFE04F1A40005F073F804F179
S21403DBD0A80005F06FF804F1AC0005F06BF82046DA
S21403DBE0E1F7B2FFC4B22046FDF776FD05462046B0
S21403DBF0FDF774FD01462846FDF76DFD38BDB0F808
S21403DC00343110B5A0F832310446E1F79DFFC0B2B7
S21403DC10FFF728FF94F8303194F8312104F14801D6
S21403DC2001F0CAF9014604F59470FDF7DBFDB4F97B
S21403DC303221B4F934319A4209D0A36ADB0406D5FB
S21403DC402046BDE810404FF40041E1F793BF10BDF6
S21403DC50806B7047836A0A4600F14801C3F340208D
S21403DC60E4F744BA70B504460E4615463AB9A36AB5
S21403DC7023F440534EB9A36255B9002004E0E4F7F9
S21403DC804FFB0028F3D1112070BD43F48053F2E715
S21403DC9043F40053A362F0E72DE9FF41836A044689
S21403DCA0DB0428D5B0F93481B0F932710020DBF7F4
S21403DCB02FF88045CCBF0025012501F082F9C82244
S21403DCC094F83011DBF710F806462046E1F73CFFE0
S21403DCD0B045B4BF00260126002345EA4605CDE934
S21403DCE00085A8EB07073FB202971A4694F830114F
S21403DCF080B2FEF7BCF804B0BDE8F0818A30704706
S21403DD00F8B504460E4600295BD040F27123876BB4
S21403DD1030465F43A7F28A277F08394600F0F6FCB1
S21403DD2094F89230851FADB29D4239463046A8BF5F
S21403DD301D4600F0EBFC94F89320831F9BB293429E
S21403DD40A6F10300A8BF13460128B4F88A10B4F856
S21403DD508C202BD8B1F5296F44F29020B8BF4FF42E
S21403DD6029618142A8BF0146B2F5296FB8BF4FF4B7
S21403DD7029628242A8BF02461B2DB8BF1B251B2B58
S21403DD80B8BF1B23304684F8953084F89450A4F823
S21403DD908E10A4F8902000F0B9FC831F9BB2AB4210
S21403DDA0A8BF2B46DBB284F89630F8BDB1F5A47F46
S21403DDB0B8BF4FF4A471B2F5A47FB8BF4FF4A472F2
S21403DDC0DAE71B23EFE72DE9F341876B490089B2B6
S21403DDD08F42044616461D463FD040F271224368E2
S21403DDE0816302FB073302FB11334360E1F7ACFEAA
S21403DDF04FF0000887B23346424601213846019564
S21403DE00CDF80080FFF71FFE3846FFF724FE414695
S21403DE103846FFF719FE0123E28FB242A28F1CBFDA
S21403DE200123E687AA42A26A1CBF0123A587D2075D
S21403DE3000D5A3B1A38FA26B1B01B3FBF2F320465D
S21403DE4094F83011A4F8A030FFF75AFF04212046B7
S21403DE5002B0BDE8F041E1F78DBE0023DCE702B077
S21403DE60BDE8F081F0B585B004460E466A4600F17B
S21403DE708A0300F19207154618685968083303C5E4
S21403DE80BB422A46F7D11868314628609B8820464D
S21403DE90AB80FFF735FF9DF80B2094F895309A4238
S21403DEA011D1BDF80620B4F890309A420BD19DF8F4
S21403DEB00A2094F894309A4205D1BDF80420B4F8A9
S21403DEC08E309A4207D04FF48141204605B0BDE814
S21403DED0F040E1F74FBE05B0F0BD37B5044694F801
S21403DEE09250BDF818008D420BD1B4F88A50954273
S21403DEF007D194F893509D4203D1B4F88C508542D1
S21403DF001BD08DF80610ADF80420019D84F89210FE
S21403DF1084F89330A4F88C0094F830112046C4F8A3
S21403DF204051A4F88A20FFF79DFFB4F88E30A4F87A
S21403DF308A30B4F89030A4F88C3003B030BD70B596
S21403DF40044616460D4671B190F830318B420AD01E
S21403DF500126012201F09DFB00222946204601F0FE
S21403DF6058FB84F83051204694F83011FFF77AFFB7
S21403DF7036B12046BDE870404FF48441E1F7FABD60
S21403DF8070BD30B4C56A15F0040F0DD145F0040515
S21403DF90C56280F89E10A0F89A204FF4006130BC4A
S21403DFA0A0F89C30E1F7E6BD30BC704710B511B160
S21403DFB090F89E400C7012B1B0F89A10118013B10D
S21403DFC0B0F89C201A8090F82C00C0F3800010BD97
S21403DFD0CA0742BF836A43F4807383628B0742BFD8
S21403DFE0C36A43F04003C3624A0742BFC36A43F0AF
S21403DFF08003C3620B0742BFC36A43F48073C362E2
S21403E0007047CA0742BF836A23F4807383628B0711
S21403E01042BFC36A23F04003C3624A0742BFC36AD0
S21403E02023F08003C3620B0742BFC36A23F48073E3
S21403E030C3627047836A43F480638362704700F564
S21403E040A270704790F830017047F8B5044608F0A0
S21403E050D9F965680646DAF787FA2B1AB3F5FA7321
S21403E06004D53046BDE8F84008F0C7B940F271223F
S21403E070A16B94F874505143B3FBF1F3B4F840200A
S21403E08098B2121AA4F8402094F8732000FB1522C5
S21403E090252592FBF5F705FB1722002AB8BF521970
S21403E0A084F87320B4F8A020121AA4F8A02062689B
S21403E0B000FB1122002120466260FEF74FFFD0E7E7
S21403E0C0F0B5036B04469D0790F87B6087B001D5D7
S21403E0D0FFF775FD236BD90700F14D81236B9A0477
S21403E0E011D52046E1F730FDA16AC0B2C1F3402145
S21403E0F0FDF798FE002800F063814FF4005104F109
S21403E1003000FFF75DFC236BD80409D500212046B9
S21403E110E2F726FA4FF4805104F13000FFF750FC83
S21403E120236B590513D52046E1F70EFD002394F81B
S21403E1309F50C2B219462846FEF78EF9002800F013
S21403E1403F814FF4806104F13000FFF739FC236B05
S21403E1505A0712D52046E1F7F7FCA16BA38FE28F8F
S21403E160C1F34F0180B201F062FF002800F028815E
S21403E170042104F13000FFF723FC236B1B070AD5A9
S21403E180204602F0DFFD002800F01A81082104F182
S21403E1903000FFF715FC236BDF0617D52046E1F7A3
S21403E1A0D3FCE16A80B211F4805100F01C81002197
S21403E1B001F0D2FF002800F00381E36A102123F464
S21403E1C08053E36204F13000FFF7FAFB236B5D062E
S21403E1D013D52046E1F7B8FC94F87B3080B2009361
S21403E1E0D4E9082301F09BFF002800F0E9804021D2
S21403E1F004F13000FFF7E4FB0026236B180516D561
S21403E2002046E1F7A1FC00230093B4F89C30B4F851
S21403E2109A2094F89E1080B2FDF7BEFD002800F009
S21403E220CF804FF4006104F13000FFF7C9FB236B86
S21403E23013F480452FD1990513D52046E1F784FCC6
S21403E2402B462A4694F8301180B2DDF75BFD002892
S21403E25000F0B6804FF4007104F13000FFF7B0FB16
S21403E2602E46236B1A0616D52046E1F76DFCB4F846
S21403E270903080B2009394F89530B4F88E2094F8DA
S21403E280941001F09BFF002800F09A80802104F18F
S21403E2903000FFF795FB236B9B0610D52046E1F76E
S21403E2A053FC94F87B1080B201F06DFF002800F059
S21403E2B08780202104F13000FFF782FB0026236BC2
S21403E2C0DF0508D504F130004FF48071FFF778FBC3
S21403E2D0204602F03EFB236B1D0408D504F13000F4
S21403E2E04FF40041FFF76CFB204601F04FF8236B19
S21403E2F0580308D504F130004FF48021FFF760FB84
S21403E300204601F0CBFA236BD90308D504F130007D
S21403E3104FF48031FFF754FB204601F038F9236BA6
S21403E3209A0308D504F130004FF40031FFF748FB99
S21403E3302046FFF79EFB236B9B0718D5002220463B
S21403E3401146FFF794FB2046FFF793FB2046E1F7C1
S21403E350FBFB94F87B1080B201F0D5FF80B304F189
S21403E36030000221FFF72CFB2046E1F791FE012047
S21403E37084F87B6025E0A76AFB07C7F3803522D5C0
S21403E380002D0CBF012503252046E1F7DDFB94F89D
S21403E3909F30294605930023049394F84230C7F32D
S21403E3A040020393A38F80B20293E38F0193A36B80
S21403E3B0C3F34F03009304F1750301F058FE20B92D
S21403E3C0002007B0F0BD6D00DEE7012104F1300048
S21403E3D0FFF7F6FA50E8003F43F4005340E80032F4
S21403E3E0002AF7D17AE601F0CEFEE3E608B502206E
S21403E3F004F088FD28B9BDE808404FF08060E3F7D5
S21403E4003DB9BDE8084001F05ABF826A002122F0F8
S21403E410C0028262E2F7A4B8012310B5A1F120027C
S21403E420C1F1200423FA04F403FA02F222438B40D8
S21403E430D0E9084123400A40134314BF01200020BB
S21403E44010BDC36A10B5044613F0080012D00123AA
S21403E450A1F12002C1F1200023FA00F003FA02F230
S21403E46002438B40D4E9080103400A40134314BF18
S21403E4700120002010BD10B50C46C9B2FFF7E1FF1E
S21403E48070B1E3F7EBF9C4F12002A4F12003E040F6
S21403E49001FA02F2104321FA03F3184300F00100D5
S21403E4A010BDD0F849300B6090F84D300B717047B3
S21403E4B070B504460E46E4F719FA07F0A3FF0546BF
S21403E4C00221204684F87B60E1F754FB20460121B5
S21403E4D0FEF733FD2846BDE8704007F08EBF70B5E3
S21403E4E00D46044607F08EFF06462046E1F7C6FAB9
S21403E4F0304607F082FF29462046BDE87040FFF706
S21403E500D7BF0B68C0F84031704738B540F64805AA
S21403E510D0F840310C460B609BB2AB4204D90B21BA
S21403E520FFF7A9FF08B9258038BD44F2902323805E
S21403E530FAE708B5E1F76AFC01F0ECF900F073FDC1
S21403E54002F02EF8E4F7B8FEBDE80840E4F734BF5F
S21403E55038B5E1F7E1FA8B7905460C33CC18D0F8D9
S21403E5604930C4F81B3090F84D30E377836AC3F321
S21403E57040235B00E375836B5B08E380D0F82831A8
S21403E580A360FFF742FAD5F82C31A075E36095F83F
S21403E59030316376A376B5F84030A38295F87430AD
S21403E5A023766B68236195F8423084F82030AB8F6E
S21403E5B0A4F8213038BD38B50546FDF78DF8044676
S21403E5C02846FDF78BF8214602460220FDF79BF806
S21403E5D038BD7FB50646154668461022FCF71FFC75
S21403E5E00024AC4202D3002004B070BD102269465A
S21403E5F0304604F0BCFD80B2102802D11034A4B219
S21403E600EFE741F20700EFE72DE9F84307460E462A
S21403E610154698469DF82490FDF766F8044620B9FB
S21403E6206DB341F21100BDE8F883002D14BF01223B
S21403E6300022837A62F30413837220D0414628466D
S21403E640FDF75CF80028ECD1A9F10203402BE8D8CB
S21403E650A37A9DF82020494662F3030320460A9ACC
S21403E660257184F80580A372FDF731F810B140F4E4
S21403E6708050D8E70120FDF727F80028F7D10220BD
S21403E68047F6FF733A463146E2F7DEFBE2F7C6FB90
S21403E6900020C8E700230384704790F8203090F8E2
S21403E6A02120981AC0B2704710B590F8203090F821
S21403E6B021205C1C9A1A80F8204003F0070340F8D8
S21403E6C02310D0B210BD90F82130194401F0070191
S21403E6D050F82100704790F82130013380F821303C
S21403E6E07047022808D0042803D0012818BF062044
S21403E6F0704701F00101C81C704710B50C46E2F7DD
S21403E70097FD0279408804FB020010BD10B50C4645
S21403E710E2F78EFD4388A3429BBFE41A03790020E9
S21403E720B4FBF3F010BD37B50446DAF767FB0023F6
S21403E73001A80193D9F75CFE054640B9A3683220C9
S21403E74043F00403A360019B2362E2F77BFE2846A3
S21403E75003B030BDE3F796B938B50546E3F7C0F91D
S21403E760044607F04FFE2B68A360AB88A381A3790A
S21403E77043F00103A37107F040FE012038BD38B50E
S21403E7800C460546E3F7ACF9014605B10831062207
S21403E7902046FCF71BFBB0FA80F0400938BD10B5E5
S21403E7A00446E3F79DF9036823608388A38010BDBE
S21403E7B008B5E3F795F9807900F0010008BD10B5B8
S21403E7C00446E3F78DF9836823608389A38010BD2D
S21403E7D008B5E3F785F908B10023837108BD70B562
S21403E7E00E461546E1F738FB044648B93046E0F7CF
S21403E7F003FA044620B92846E3F754FB044640B11F
S21403E8000020E1F729FB0020E0F7F6F90020E3F704
S21403E81049FB204670BDC6F731BA4FF40010C6F761
S21403E8202DBA014608B5E3F71FF8022909D003D825
S21403E8304B1E5842584108BD0339012904D900200C
S21403E840F9E7C0F34000F6E7C0F38000F3E71128CA
S21403E85008B502D0122805D008BD1320BDE808402D
S21403E860E2F7F0BDE3F7A0F8E3F732F9E2F786FE46
S21403E8701420F3E7E2F792BD08B5E3F721F9E3F7CF
S21403E88047F8E2F741FDBDE808401120E2F7DABD9C
S21403E890132808B502D0142809D008BDE3F720F9D9
S21403E8A0FFF758FFBDE808401220E2F7CBBD002073
S21403E8B0E2F762FDBDE80840EFF748B87047837992
S21403E8C00C33184470477047002337B504460125B8
S21403E8D00193204601A904F0ACFC08B903B030BD8F
S21403E8E001982A468379C1790025C91A0C33C9B21F
S21403E8F01844D9F757FFECE70B7810B40478C3F342
S21403E9008013B3EBD41F09D132B9023106225DF866
S21403E910044B0830FCF75ABA0431F7E74FF0FF30E0
S21403E9205DF8044B704729B143780C2B14BFFF20C6
S21403E93003207047FF20704770B586B004469DF8E5
S21403E94028600B9D11B9FF2006B070BD62B9012285
S21403E95004A90DF10F00FCF7B9FCD0B9204610F856
S21403E960021BC1F3801117E0002BF0D12946304675
S21403E970FCF79BFC0028EAD12378C3F38013B34249
S21403E980E1D106222946A01CFCF720FA0028DAD19A
S21403E990DDE79DF80F1004A8E1F79CFB0028D2D111
S21403E9A00123218B00930846638BA28B01F0CCFDD9
S21403E9B00028C8D0627D531E072BC4D8238B9342EE
S21403E9C0C1D9E28A9A42BED8A37F5BB9E37F4BB92B
S21403E9D094F8203033B994F821301BB994F82230D8
S21403E9E00F2BB0D994F823301B3303F01F030B2BE4
S21403E9F0A9D80520A8E71FB50023CDF80A30ADF83F
S21403EA000E30D0E90023CDE900230389B0F90C00CA
S21403EA10ADF80830DAF794F96846D9F7F1FD05B092
S21403EA205DF804FB1FB5002300F00F008DF80A0005
S21403EA3001A801918DF808308DF809208DF80B3068
S21403EA400393FCF778FE05B05DF804FB1FB5CDE92C
S21403EA50001200228DF80B308DF8082000F00F030B
S21403EA60C0F340128DF809208DF80C30C0F3001265
S21403EA7043068DF80A2001D5D9F7FAFA6846D9F77E
S21403EA8039FB05B05DF804FB30B5002489B00D9D55
S21403EA908DF8081000950C9D079404A98DF81C00AA
S21403EAA06846CDE90544CDF80A40ADF80E40019519
S21403EAB08DF809200493D9F77BFB012009B030BDFC
S21403EAC01FB50023CDE9003101238DF80830C0F3CC
S21403EAD040138DF80930C0F300138DF80A3000F0A8
S21403EAE00F038DF80C3043068DF80B2001D5D9F7AC
S21403EAF0BFFA6846D9F7FEFA05B05DF804FB10B511
S21403EB000C4608B9D9F7B6FE2146BDE81040FFF714
S21403EB10F4BD431E032B88BF00207047F0B587B0B3
S21403EB200E4617468DF8070002B9B3B331469DF873
S21403EB300700FCF7C7FB044680B931469DF807007B
S21403EB40FCF7C7FB38B9012587B9FCF7A8FB80F0AB
S21403EB5001000543ECB2204607B0F0BD012204A92C
S21403EB600DF10700FCF7B2FB0546EDE79DF807102D
S21403EB70003918BF01210CB105B104AE30460DF1C2
S21403EB800F02E3F74DF928B99DF80F40013418BF7B
S21403EB900124E0E74FF0FF34F8E70124DBE783794D
S21403EBA00C33C218937813F03F0004D0D37819407F
S21403EBB0081E18BF012070472DE9F7434FF00009E0
S21403EBC0044686798DF807100C360321A0F80690C4
S21403EBD0904687191D4604F044F8072224F8069049
S21403EBE0A35D18F0020F62F30303A355BA7808F087
S21403EBF0010318BF43F0020363F387129DF807303F
S21403EC00BA7003B935B1012220460DF1070104F0AD
S21403EC1034F80125BB7865F30503BB7003B0BDE884
S21403EC20F08370B50D4602210446FFF7B8FF00B324
S21403EC30A07900F10C02A35CA11823F08003A3546F
S21403EC40E379D5F862601B1AD8B20E5051FA83F3F3
S21403EC50B5F86610204699802B6A062113F00C0F30
S21403EC601EBFA35C43F08003A354BDE8704003F0CB
S21403EC70F8BF70BD38B50D4604210446FFF78FFF75
S21403EC8030B12046A91D0122BDE8384003F0F5BF88
S21403EC9038BDF7B504460F4616461D460DF1070167
S21403ECA0013301228DF8073004F061FA0DF10701F4
S21403ECB0012220468DF8077004F059FA2A46314699
S21403ECC0204603B0BDE8F04004F051BA37B50D4610
S21403ECD004210446FFF763FF78B140F2FF23ADF843
S21403ECE0003000238DF80230AB886A46ADF8033057
S21403ECF0FF2105232046FFF7CCFF03B030BD38B510
S21403ED000D4608210446FFF74AFF30B12946204640
S21403ED10BDE83840022203F0B0BF38BD2021FFF71C
S21403ED203EBF37B50C4640210546FFF738FF50B1C6
S21403ED300A2394FBF3F4012228460DF107018DF80C
S21403ED40074003F09AFF03B030BD10B58479C3794A
S21403ED5004F10C021B1B02390244D8B251FA83F3A6
S21403ED6053709378033860F30503937010BD70B542
S21403ED7005460E4600F06B0000211446E3F74AF9F9
S21403ED8054FA80F4FF2C05D821463046BDE870407F
S21403ED90FFF7B5BEFF213046FFF7B1FE05F040058D
S21403EDA0FC3D00F5487061190446FF2904EB000397
S21403EDB004D83046FFF7A3FE204470BD1C46294402
S21403EDC0F3E708B50231C0B2FFF799FE00F5FA7013
S21403EDD008BDF0B50546DDE905460020E07112F0F2
S21403EDE0100001D1A071F0BD0122A2718A785009EA
S21403EDF0C540ED0725D54D7802F01F0245EA0225EA
S21403EE000A7891F9001025270029ACBF1E214FF47C
S21403EE109671694302F03F05B5FBF7FCB1F5FA7F3F
S21403EE200B442CBF0121022107FB1C550130257121
S21403EE306071E171236026B112F0400318BF052309
S21403EE4033700320CFE737B50246136A084603F04C
S21403EE50020403F48055DB0705D47CB9FFF79FFC57
S21403EE60204603B030BD4CB9B5FA85F4D2F85B1032
S21403EE7064090160B2F85F208280F1E7019092F99D
S21403EE805A30B5FA85F4009300231A4619461846F5
S21403EE90FCF712FA6409E3E770B50E46012104464F
S21403EEA0FFF77DFEA0B1A279E37902F10C059B1A68
S21403EEB0611951FA83F13046FFF7C5FF635D0621FA
S21403EEC060F3861363552046BDE8704003F0C9BE61
S21403EED070BD2DE9F04F064685B099469DF838304B
S21403EEE0154603938A469DF83CB0109C04F000F840
S21403EEF00322B779039B0C3706EB070888F8032031
S21403EF0008F10400A3B9BBF1000F1AD1FFF747FCC1
S21403EF105C4608F10A0BBAF1000F17D1BDB9D9F850
S21403EF200030C8F80A30B9F80430ABF8043019E0FA
S21403EF30BBF1000F05D134B12368C8F80430A388A9
S21403EF4083800124E5E7FFF73AFCFAE725B3FCF7ED
S21403EF50A3F901230021CDE9000B1A460846FCF766
S21403EF60ABF901250D214B1C88F80130F35DA40194
S21403EF7003F00F0344EAC5141C43F455304688F8DF
S21403EF800210033103F06DFE0822F35D62F3030300
S21403EF90F35505B0BDE8F08F0125C0E7CB08C05C8C
S21403EFA0012301F007018B401840003818BF0120E9
S21403EFB07047704770477047024619460020D9F7D6
S21403EFC093BE00207047002070477047112070479B
S21403EFD0002102460846E3F789B807B500214FF03B
S21403EFE0FF336A46084600938DF80430E3F77EF84D
S21403EFF003B05DF804FB38B50546006803F099FDD9
S21403F0000446287900F01F0003F093FD2044C0B2A5
S21403F010012894BF0020012038BD0C2070470C2027
S21403F02070470C207047704770B515460E461C4651
S21403F030FEF74FFD2B684EB103606B684360236891
S21403F040C0F825302368C0F8153070BD83606B6840
S21403F050C3602368C0F829302368C0F81930F4E782
S21403F06070B50546FEF735FD044607F0CBF90646B0
S21403F07040212846FEF731FD4FF400612846FEF78F
S21403F08032FD304607F0B9F900232846236123757D
S21403F090236284F82430FEF71EFD802310F0010F50
S21403F0A014BF237584F8243070BD10B50446FFF7EB
S21403F0B0ACF92046BDE810401021E0F75BBD10B563
S21403F0C004464FF46061FEF712FD2046BDE810408B
S21403F0D0FFF79BB97FB506460C46FEF7FAFC4FF4DE
S21403F0E0C06105463046FEF7FEFC4FF4006130462D
S21403F0F0FEF7FDFC4FF48060E2F7E8FA224670B9AB
S21403F10069462846E2F748FE6B4605F1100213F8F7
S21403F110011B02F8011DAA42F9D104B070BD6C466A
S21403F12002F11006234610685168083203C3B24240
S21403F1301C46F7D1E8E737B50D46ADF80420FEF7D1
S21403F140C8FC044600F12003024601992846E2F76C
S21403F1504FFD236A0133236223B994F82430013325
S21403F16084F8243003B030BD37B50D46ADF804201F
S21403F170FEF7AFFC01990446024600F11003284649
S21403F180E2F79EFD30B123690133236113B9237D72
S21403F1900133237503B030BD013903291FD8DFE8D7
S21403F1A001F00209101712B190F90000704790F9A8
S21403F1B00100704712B190F90200704790F90300FE
S21403F1C0704712B190F90400704790F90500704734
S21403F1D012B190F90600704790F9070070477F2038
S21403F1E0704770B505460124012221462846FFF7DD
S21403F1F0D3FF0022064621462846FFF7CDFF864268
S21403F20005DC0134E4B2052CEED1104670BD1220A5
S21403F210FCE70028ACBF05236FF0040318440A2359
S21403F22090FBF3F05843A3F5FF7300B29842B8BFC0
S21403F2301846C828A8BFC820704708B5C822D9F7FB
S21403F24053FDBDE80840FFF7E4BF10B504464FF48E
S21403F2500050E2F73BFA18B12046E2F7DFFF08B9A1
S21403F260002010BD0720FCE72DE9F74F81464FF439
S21403F27000500E461746E2F729FA002849D04846BA
S21403F280E2F7EAFFF31E012B81BF012506F1FF33E8
S21403F290DBB29D40044698BF0C2580464FF0000322
S21403F2A04FF0060240F2EC4B88BFEDB202FB03FAC6
S21403F2B014F80A1045FA03F000F0010021F00C01DF
S21403F2C0013341EA800104F80A100020D9B2019301
S21403F2D0FFF7B3FFA8F802B0A8F8040014F80A1062
S21403F2E0019B21F0030104F80A10FF21042B88F880
S21403F2F001104FF0060208F10608D7D100200437A4
S21403F300314627766083A083FFF797FFE083A9F84B
S21403F310320103B0BDE8F08FF8B504464FF4005051
S21403F320E2F7D4F970B32046E2F796FF06220546C5
S21403F33094F8303104F14801581EC0B202FB005065
S21403F34094F83121B0F90400FFF736FEFFF761FFAA
S21403F350064607F057F831460746EE8304F59470E1
S21403F360FCF740FAB4F93221B5F91E309A4204D0BC
S21403F3704FF400412046E0F7FDFB3846BDE8F84071
S21403F38007F03BB82046FEF73AFCF8BD2DE9FF47E9
S21403F39004464FF40050E2F799F9002865D007F0C9
S21403F3A031F881462046E2F757FFB0F91E6005465E
S21403F3B0B4F832710020A4F8326194F830A1D9F77A
S21403F3C0A7FC94F83031864294F831214FF0C800F8
S21403F3D004F14801B5F91E80A6EB0707CCBF00264B
S21403F3E00126FFF7E9FDFFF714FF6B8B8045B4BFDB
S21403F3F04FF000084FF001083FB2D3B901210AF1DC
S21403F400FF3AB5F91E305FFA8AFA01FA0AF148EABA
S21403F41046020093C9B23B46204601F098FD2046BB
S21403F420FEF716FC830803F548724308B2FBF3F3B2
S21403F4306B832046FEF74FFBC30410D5204646EAEF
S21403F4404806E0F781FB02970196B5F91E3080B2B5
S21403F4500093002394F830111A46FCF708FD48463B
S21403F46004B0BDE8F04706F0C8BF2046FEF714FC1C
S21403F47004B0BDE8F08710B50C46E2F7EDFE44761F
S21403F48010BD10B54C1EE4B2032C07D8E2F7E4FE19
S21403F49006235C43005DC0F3800010BD0020FCE73C
S21403F4A0F0B585B00646E2F7D7FE447E054604B3BC
S21403F4B00623013CE4B25C43035D1B0710D53046CC
S21403F4C0E0F742FB0027697E02232222CDE901777B
S21403F4D0009780B2FCF7CBFC2B5D67F3C3032B5579
S21403F4E04FF480213046E0F745FB2B7E23F00203E2
S21403F4F02B7605B0F0BD70B505464FF400500E46AA
S21403F500E2F7E4F8002841D021212846FEF799FFC8
S21403F51000283BD02846E2F79FFE0622731EDBB286
S21403F5205343C35C04465A0730D500212846FEF7EA
S21403F53020FB238C984212D9C31A9BB2208483B132
S21403F540A28B93428EBF0022D21A92B2A283628B00
S21403F55093428DBF0023D21A6283638301E012D3E2
S21403F5602084A38B93B92846FEF7BBFA43040DD435
S21403F57028464FF48031E0F7FDFA31462846BDE8C9
S21403F5807040FFF778BFC31A013BD6E770BD2DE97D
S21403F590F8430746E2F760FE037E04465B0733D470
S21403F5A00623467E06F1FF395FFA89F903FB09F95C
S21403F5B000EB090831463846B8F90220E2F75CFE4C
S21403F5C0051E21D014F8093020DA13F0010F1BD1E1
S21403F5D03846FEF73DFB830803F548734008B3FB44
S21403F5E0F0F305EB8505A3836A0031463846B8F980
S21403F5F0043012B2E3F74AFF30B9F11E01299EBF69
S21403F600237E43F002032376BDE8F88313F0020F4C
S21403F610DDE7F8B507464FF400500D461646E2F709
S21403F62055F810B911263046F8BD21213846FEF7A5
S21403F630F3FE0028F6D03846E2F70EFE6B1E0446AD
S21403F640DBB20EB9828B12BB062202FB03432946AA
S21403F65000223846B3F90430E3F718FF06460028BD
S21403F660E1D13846FEF7F4FA830803F548734008F9
S21403F670B3FBF0F3033D012DA3839EBF237E43F02C
S21403F68002032376237E23F004032376CBE7232685
S21403F690C9E72DE9F34705464FF400500E461746D3
S21403F6A0E2F714F8A8B13146284677B1FFF7E9FE2A
S21403F6B078B92846E2F7D0FD06F1FF38032E044654
S21403F6C05FFA88F808D1B1460CE0FFF7DAFE0028A7
S21403F6D0EFD102B0BDE8F087042E0CBF4FF002094D
S21403F6E04FF0FF09062303FB08F3E25C04EB030A6F
S21403F6F067F38202E2543FB1207E314600F00100F8
S21403F700FFF79BFDAAF80400B9F1FF0F11D00623FB
S21403F71003FB09F3E25CE61867F38202E25447B19F
S21403F720207E09F10101C9B200F00100FFF785FD53
S21403F730B08022212846FEF76FFE0028C9D028464F
S21403F740FEF7CFF90304C4D50123B9F1FF0F03FA7B
S21403F75008F10CBF002303FA09F349B218BF5BB2E2
S21403F7601943C9B2AFB1062303FB0848B8F90430FE
S21403F770012200932846002301F0E9FB2846FEF702
S21403F78067FA830803F548734008B3FBF0F3638313
S21403F7909FE740F2EC43EBE72DE9F8434C1EE4B257
S21403F7A0032C80460D4691461E461ED8E2F754FDAE
S21403F7B0062303FB040407462B4698F83121B4F9C5
S21403F7C0040008F14801FFF7F7FBFFF722FDA9F84D
S21403F7D0000016B90020BDE8F883387E294600F0FD
S21403F7E00100FFF72AFD3080F4E71120F3E72DE947
S21403F7F0F04F884685B00746E2F72EFD062308F14C
S21403F800FF34E4B25C4340F2EC4300EB040BBBF979
S21403F81002A005469A4525D13846FEF762F910F44C
S21403F820103617D1012241463846FFF7F2FE8146CD
S21403F83080B13846E0F788F902234A464146CDE9C7
S21403F8400166CDF800A080B2FCF711FB2B5D66F3D2
S21403F850C3032B554FF48021384605B0BDE8F04F5F
S21403F860E0F788B94FF00009035D3846C3F340025A
S21403F870C3F3000646EA4206E0F766F9F6B2CDE9B8
S21403F8800169BBF902304A4600934146022380B21F
S21403F890FCF7EDFA2B5D69F3C303DAE710B504460C
S21403F8A0E2F7DAFC0021062303FB01F2825C013156
S21403F8B012F0080F05D02046BDE81040C9B2FFF786
S21403F8C096BF0429F0D110BD38B50C460546E2F7BD
S21403F8D0C3FC0622631EDBB25343C25C110709D482
S21403F8E042F00802C2544FF480212846BDE838404F
S21403F8F0E0F740B938BD0020704741F0004141F4BD
S21403F900E02101607047036861F3DB4303607047DF
S21403F91000207047704710B5DCF786FC0446FCF7FA
S21403F920EEF92043C0B210BD38B5DBF73FFB817953
S21403F930C37901F10C025B1A024400210220DBB2F8
S21403F940B2F8035003F04EFC044640B9DBF734FB31
S21403F9500722BDE8384042F21901FCF702BA2846EE
S21403F960E0F7DAF838B12146E3F7BAFC0446DBF7EA
S21403F97023FB2246EDE72046EDF7FCFD0224F6E7DF
S21403F98070B5DBF713FB83791844B0F80F60B0B299
S21403F990E0F7C2F880B1002101F079F90546DBF7FC
S21403F9A00BFB044602232A4642F21B01FCF7B4F97A
S21403F9B0A3791C44668270BD0225F0E770B5DBF7B9
S21403F9C0F5FA83790C33C418B4F803502846E0F7E5
S21403F9D0A3F8A0B1611D01F05AF90646DBF7ECFA6D
S21403F9E004460223324642F21A01FCF795F9E379FC
S21403F9F023449D72E3792D0A1C44E57270BD0226EA
S21403FA00ECE710B5DBF7D2FA83790C331844447964
S21403FA10B0F80300E0F780F860B12146E3F73EFA5A
S21403FA200446DBF7C9FA2246BDE8104040F2064119
S21403FA30FCF797B90224F4E770B5DBF7B7FA8379D6
S21403FA401844B0F80F5006F0DDFC04462846E0F7ED
S21403FA5063F880B11621FEF742FD0025204606F026
S21403FA60CCFCDBF7A9FA2A46BDE8704000234FF624
S21403FA700441FCF751B90225F0E710B5DBF796FA17
S21403FA8083790C33C418B4F80300E0F745F870B173
S21403FA90D4F80510FEF79CFA0024DBF78DFA22460D
S21403FAA0BDE8104000234FF60541FCF735B90224A4
S21403FAB0F3E710B5DBF77AFA83790C33C418B4F896
S21403FAC00300E0F729F870B1D4F80510FEF799FAA9
S21403FAD00024DBF771FA2246BDE8104000234FF6F8
S21403FAE00641FCF719B90224F3E7F8B5DBF75EFA2B
S21403FAF0847905460C340444B4F80300E0F70CF8A4
S21403FB00064640B9DBF758FA0222BDE8F84042F24F
S21403FB101301FCF726B9AA79EB7900219B1A0C325C
S21403FB200220DBB22A4403F05DFB014618B9DBF77B
S21403FB3043FA0722E9E78379033383713046B4F83F
S21403FB400D50B4F80F70E3F74FF904463A462946CA
S21403FB503046E0F7E9FADBF72FFA2246D5E738B561
S21403FB6006F050FC0446FFF7D6FE00280CBF0C2513
S21403FB700025DBF721FA2A4642F20E01FCF702F9CA
S21403FB80DCF75AFB2046BDE8384006F036BC30B5F5
S21403FB9087B0DBF70BFA04468579FFF7BCFE00282F
S21403FBA070D10C352C44E3798BB1E37B03F0FD0372
S21403FBB0012B1BD1FEF7FCFDC0B91224DBF7FCF9C1
S21403FBC0224642F20D01FCF7CCF807B030BD04F133
S21403FBD00905294604F10800FBF77DFB2846217A30
S21403FBE0E0F778FA0028E0D00B24E7E7E0F704FA1A
S21403FBF0054608B90724E1E7002301228DF8003003
S21403FC00E3798DF803208DF80130237A8DF80230DE
S21403FC10D4F80930CDF80530B4F80D30ADF8093016
S21403FC20E37B8DF80430617C237C43EA0123ADF843
S21403FC300C30E17CA37C43EA0123ADF80E30617DF2
S21403FC40237D43EA0123ADF81030E17DA37D43EA2B
S21403FC500123ADF81230617E237E43EA0123ADF81B
S21403FC601430E17EA37E43EA012301466846ADF8DD
S21403FC701630DCF791FC044600289FD02846E0F7B0
S21403FC8007FA9BE70C2499E72DE9F04F8DB0DBF7D5
S21403FC908DF942F2850390F806A007460AF10C0A8E
S21403FCA030F80A2000EB0A059A421CBF4FF0FF0902
S21403FCB0C8464FF0000208BF95F8038003680ABFE2
S21403FCC095F8049003350535B8F1FF0F02600593E8
S21403FCD005D1B9F1FF0F0CD01224002635E0B9F197
S21403FCE0FF0F06D008F11003DBB20E2B0DD842240B
S21403FCF0F3E7E1F7B9FD6B7A33EA000240F0998047
S21403FD00184010F0050FEDD1E6E789F080037E2B4F
S21403FD10E2D9E0F771F90646002800F08C80FFF779
S21403FD20FAFD002840F089806B7803F0FD03012B71
S21403FD301FD005F1030B5946A81CFBF7CCFA58460F
S21403FD40A978E0F7C7F90446C8B1059B13B105A81F
S21403FD5002F0B0FF1CB116B13046E0F799F9DBF7B5
S21403FD602BF9224637F80A10FBF7FBFF0DB0BDE868
S21403FD70F08FFEF71DFD0028DBD11224E5E7B8F16E
S21403FD80FF0F12D04046FBF7C2FF04460028DCD123
S21403FD9005AA6B78CDE901B2AA78414600923046AF
S21403FDA04A46FBF7B0FF0446CFE76B7A8DF8180098
S21403FDB08DF81B302B788DF81930AB788DF81A3008
S21403FDC0DBF80030CDF81D30BBF80430ADF8213039
S21403FDD06B788DF81C30059B9A790C32134459794D
S21403FDE01A7942EA0122ADF82420D9799A7942EAAF
S21403FDF00122ADF82620597A1A7A42EA0122ADF892
S21403FE002820D97A9A7A42EA0122ADF82A20597B29
S21403FE101A7B42EA0122ADF82C209A7BDB7B314623
S21403FE2042EA0323024606A8ADF82E30DCF7B4FBFD
S21403FE30B9E7112451E7072487E70C2485E770B553
S21403FE40DBF7B4F883790C33C418B4F80360B0B2A4
S21403FE50DFF762FE0546D0B1012003F053F80146F2
S21403FE60B8B1B4F805302846B4F80720DBB2E3F798
S21403FE70BDFA0546DBF7A0F8044602232A4642F2FB
S21403FE802201FBF749FFA3791C44668270BD022555
S21403FE90F0E70725EEE710B5DBF788F883790C3330
S21403FEA00344B3F80300B3F80510C0B2E0F752F901
S21403FEB0DBF782F8BDE81040002342F224011A461D
S21403FEC0FBF72ABF10B5DBF771F883791844B0F84F
S21403FED00F00DFF721FE58B100F087FE0446DBF77C
S21403FEE06BF82246BDE8104042F21601FBF739BF15
S21403FEF00224F4E710B5DBF759F883791844B0F811
S21403FF000F00DFF709FE58B100F039FE0446DBF7B1
S21403FF1053F82246BDE8104040F21D41FBF721BFCF
S21403FF200224F4E7F8B5DBF741F883791844B0F810
S21403FF300F70B8B2DFF7F0FD0446A0B1FDF7DFFDA2
S21403FF4046B2DBF739F8B4FA84F2054652090323BE
S21403FF5041F205415200FBF7DFFEAB790C331D443B
S21403FF60EF802E72F8BD7F26EBE770B5DBF71EF841
S21403FF7083790C33C418DBF71FF80546D4F803005F
S21403FF80DFF7CAFDB0FA80F2064652091D234FF684
S21403FF902A4128465200FBF7BFFE26B12946D4F86D
S21403FFA00300FEF7D5FA70BD10B5DAF7FFFF8379C5
S21403FFB00C33C418B4F80300DFF7AEFD88B16179DB
S21403FFC00122003918BF0121FDF751FD0446DAF777
S21403FFD0F3FF2246BDE8104000234FF63141FBF7FE
S21403FFE09BBE0224F3E737B5DAF7E0FF83790DF11A
S21403FFF006010C3318448279437943EA0223ADF8A9
S2140400000630B0F80300C0B2FDF72AFD0546DAF75D
S214040010D3FF044602232A464FF63041FBF77CFE04
S214040020A3791C44BDF80630638203B030BD2DE9C5
S214040030F84381460220884617461E4602F062FFB1
S214040040044690B10A220321FBF781FE0023A5791A
S21404005020460C352544EB70A5F80490A5F80680D8
S2140400602F816E81DAF728FF0120BDE8F8832DE999
S214040070F043814685B002200E461F469DF8448014
S2140400808DF80F2002F03EFF0546002844D02222B9
S2140400902921FBF75CFE0022AC7930460C342C4454
S2140400A004F10E0304F11401C4F80E209A80626170
S2140400B0228300913A460DF10F01FBF7F3F89DF801
S2140400C04030A4F80490E37006F00103A3719DF891
S2140400D00F3016F0FD0FE3713B68A360BB88A38165
S2140400E04FF6FF7304D0032E08BF43464FF0FF08B5
S2140400F0BDF8302028466283BDF8342084F8218079
S214040100A283BDF838206384E2839DF83C2084F8FB
S2140401102020DAF7D1FE012005B0BDE8F083F8B55B
S2140401200746022016461D4602F0ECFE044690B131
S2140401300C220421FBF70BFEA1799DF818300C3134
S214040140214420468F80C1F80660C1F80A50CB705F
S214040150DAF7B2FE0120F8BD70B5064602200D4659
S21404016002F0D0FE044668B103223021FBF708FEF5
S214040170A37920460C332344A3F803609D70DAF772
S2140401809BFE012070BD70B5064602200D4602F0A7
S214040190B9FE044688B104220821FBF7F1FDB5FA3E
S2140401A085F2A37952090C3323442046A3F803604E
S2140401B05A719D70DAF780FE012070BD2DE9F84370
S2140401C081460220884617461E4602F09BFE0446D9
S2140401D0B0B10B220721FBF7BAFDA579BDF8203094
S2140401E00C3525442046A5F80390A5F80580A5F807
S2140401F00770A5F80960A5F80B30DAF75DFE012054
S214040200BDE8F883F8B5074602200E46154602F008
S21404021079FE0446A0B10D220521FBF798FDA379CB
S21404022020460C332344A3F80370A3F80D602A6811
S214040230C3F805206A68C3F80920DAF73DFE0120F2
S214040240F8BD2DE9FF41164680460F466A466D46C0
S2140402500A9C03F1100E9446186859680833ACE8F3
S214040260030073456246F6D124B9022002F04AFE22
S214040270044608B31D22ED212046FBF75EFDA37954
S2140402800C332344A3F80380A3F80D702EB1326810
S214040290C3F805207268C3F809200F332A4603CA38
S2140402A0596004A98A421860154603F10803F5D17B
S2140402B02046DAF701FE012004B0BDE8F08137B528
S2140402C01321827901900C3281548518002203216F
S2140402D0C28002F0C6FC0198E0F784FA044601984E
S2140402E0FFF716FB204410F0FF0004D101A802F02B
S2140402F0E1FC03B030BDA87080000130687001983E
S214040300DAF7DAFDF5E770B5064602200D4602F088
S214040310F9FD044678B104220521FBF731FD0022DD
S214040320A37920460C332344A3F803605D719A70C6
S214040330DAF7C2FD012070BD38B5DAF737FE8379E7
S2140403401844B0F80F50A8B2DFF7E6FB0446DAF715
S21404035033FEB4FA84F25209072342F2150152001E
S214040360FBF7DAFCDAF728FEC3791844A0F8055040
S2140403704CB1DAF721FEC179073101442046BDE8C5
S2140403803840FEF78EB838BD13B5837901900C3328
S214040390C418C05CDFF7C0FB20B901A802F08AFCD1
S2140403A002B010BD019962788B7912F0300F03F118
S2140403B004038B714B790CBF43F0010303F0FE0377
S2140403C04B71E0F7CDF8EBE72DE9F041DAF7EEFDF7
S2140403D083790C33C418B4F803801FFA88F0DFF767
S2140403E09BFB0746E8B1A2796179FDF73BFC06461C
S2140403F0DAF7E2FD05460223324642F27A01FBF7BB
S2140404008BFCAB791D44A5F8128066B9A37953B169
S2140404103846FDF717FE01463846BDE8F041FFF7BB
S21404042053BA0226E4E7BDE8F081F7B5DAF7BEFD75
S21404043083790C3318444FF60A33B0F803604779CF
S214040440B4B2ADF80430ADF80630E1F769FF40B356
S2140404502046DFF761FB30B339460DF1060301AAE7
S214040460FFF79AF90546DAF7A7FD2A46052342F26E
S21404047076010446FBF750FC0A21BDF90420A37953
S21404048092FBF1F20C3323445A72BDF9062020463F
S21404049092FBF1F2DE801F729A72DAF70DFD03B05A
S2140404A0F0BD1125DFE70225DDE7F8B5DAF77EFDB6
S2140404B083790C33C5186F79E1F732FF0446F8B137
S2140404C0B5F80300DFF728FB0446D8B13946FEF733
S2140404D0D8FF00280CBF11250025DAF76DFD064667
S2140404E02A4642F27701FBF73CFC3046DAF7E4FC96
S2140404F055B94CB139462046BDE8F840FFF7E4B993
S2140405001125EAE70225E8E7F8BD4368143B436093
S214040510A0230B6070471AB94268A2EB53024260EC
S2140405200A6802EB83020A60704713B504210DEBD8
S2140405300100DBF76FFD019C2046E2F71FF8002858
S214040540F4D0204602B010BD30B58842BDF80C4049
S21404055019D8052817D9B1F5486F14D8B3F5FA7F1A
S21404056011D240F67645A2F10A0080B2A8420AD813
S21404057003FB04444C4312B26400B4EBC20F94BFB2
S2140405800120002030BD0020FCE7C94350E8003FAE
S2140405900B4040E80032002AF8D17047002070472C
S2140405A008B5E2F75FF8BDE80840E2F7B3BA2DE90C
S2140405B0F04104460F4600260125214686F0010038
S2140405C0FDF780FA4FF48051FFF7DFFF836880461B
S2140405D03BB1028ABA420CD1002201212046984738
S2140405E00540731C022B4FF00106E6D12846BDE8F1
S2140405F0F0810268D10502D500221146EEE7930782
S214040600EFD52046FDF7A7FA02460028E9D10521D2
S214040610D8F80830E2E708B5FDF76EFA0023038041
S214040620436008BD38B504460D46FCF7BEF82946B7
S2140406302046BDE83840DFF793BF10B583790446FB
S2140406400344187BE1F7FEFF0146204602F009FB4F
S214040650A0790C30204410BD07B540F20332C280A6
S21404066042798DF8071042F0030242710DF107013A
S214040670012202F002FB03B05DF804FB70B50C46E1
S2140406800546072120461646FFF7E6FF2046FFF7F5
S214040690D4FF214646702846BDE87040FFF7C2BF27
S2140406A038B50C4600210546FDF763FA47F6FE7397
S2140406B0241AA4B29C4205D928462821FDF7F8FE40
S2140406C0002038BD0120FCE738B504460D46014637
S2140406D00020FDF7F7F903689B0505D42946204654
S2140406E0BDE83840FFF7DCBF002038BD2DE9F041F7
S2140406F015461F469DF81880FDF7E4F9044605F0F4
S21404070081FEB8F1010F064623D154E8003F43F4B6
S214040710807344E80032002AF7D105B354E8002F6A
S21404072042F4007244E80023002BF7D1FF21204650
S214040730FFF72BFF54E8002F48EA020244E80023A0
S214040740002BF7D13046A5602782BDE8F04105F0BE
S21404075054BE4FF480712046FFF717FFDDE74FF4D1
S21404076000712046FFF711FFE0E773B50646012047
S2140407700C46FDF7A7F9002305461A4600932146C2
S2140407803046FFF7B3FF6B6863B14FF480712046C1
S214040790DFF7F0F955E8003F43F4007345E800320C
S2140407A0002AF7D105F02EFE05462046FDF7A4F9EB
S2140407B028B103881BB14FF40070FEF72CF82846C6
S2140407C002B0BDE8704005F018BE38B505460C46C4
S2140407D0FDF778F983684BB102212046002298473A
S2140407E021462846BDE83840FFF7BFBF38BD01297B
S2140407F038B505460C4608D0CC1E012C03D8014655
S2140408000120FFF7E2FF012038BD2221FDF7AEF9F3
S21404081020462946FFF7D9FF0020F5E708B5FDF77F
S21404082051F9006800F0F00008BD10B50146044612
S2140408300120FFF7F3FF20B92146BDE81040FFF77B
S214040840EDBF10BD70B506460D4601460120FDF706
S21404085039F9314604460020FDF734F92268036866
S21404086042EA0301C90523D4920549BF248A4FF6F8
S214040870FF74641BA4B29B0554BF4FF6FF73038A30
S214040880304644BF5B1B9BB29C42A8BF1C46FAF78B
S21404089037FF002804DB411B89B28C42A8BF0C46F4
S2140408A04FF6FF739C4208BF4FF0FF34204670BDDE
S2140408B00124FBE72DE9F34104460191014601209A
S2140408C01546FDF7FFF8214606460020FDF7FAF820
S2140408D080462046FDF7FFF8010706D501A802F07A
S2140408E0E9F90C2002B0BDE8F08105F08BFD336811
S2140408F007469A0503D4D8F800309B0509D5019914
S214040900301D8D6002F03BFA384605F076FD002077
S214040910E8E705F072FD20460199A847E2E738B5F6
S214040920014604460120FDF7CDF805460C3002F0DA
S214040930C1F9281D02F0BEF921460020FDF7C2F8D1
S21404094004460C3002F0B6F9201DBDE8384002F02B
S214040950B1B970B5014605460120FDF7B3F8064661
S214040960043002F0F9F9044670B14FF400713046D1
S214040970FFF70BFE21462846A368984720B1204679
S214040980BDE87040ECF7F6BD70BD00238260C0E998
S21404099000310373704708B50B4601461846FDF749
S2140409A091F84078C0F3400008BDFFF720BFCB1E87
S2140409B0012B70B504460D46164606D81A21FDF7D7
S2140409C0D5F840212046DFF7D5F83246294620469A
S2140409D0BDE87040FFF70BBF38B504460D46FDF77B
S2140409E0BAF828B1012D04D122212046FDF7BEF81D
S2140409F0002038BDF8B50C468B7907460B44D3F86F
S214040A000D60D3F811303246DFF702FD0921204687
S214040A10FFF722FE2046FFF710FEA579E0F71EFF3B
S214040A200C3566F0FF0625440640C5F80160E0F77D
S214040A3015FF3846C5F805102146FFF7F3FD0221D9
S214040A403846E1F73BFEF8BD70B50E46054601464E
S214040A500020FDF737F8012E044603D0022E11D0ED
S214040A60012070BDC16828468B7919440D31FDF705
S214040A70F1F8E068ECF77EFD00202946E060FFF719
S214040A8074FEEDE7C068ECF775FD0023E360E7E766
S214040A9038B50D46044601460120FDF713F8012D2E
S214040AA008D100F112012046FDF7D4F82146284665
S214040AB0FFF75BFE012038BD08B5FDF712F800F01D
S214040AC0010008BD38B50C4602210546FDF70BF8B3
S214040AD00C212046FFF7C0FD2046FFF7AEFD4FF081
S214040AE0FF3383700223C3700F23437060230371A4
S214040AF00623214643712846BDE83840FFF792BDD9
S214040B00F8B50C460546FCF7E6FF00F0010787F04B
S214040B10010729463846FCF7D5FF012C0646C0686F
S214040B2003D0022C21D00120F8BD83790C33C418DD
S214040B3023892846E288A188FDF745F9618862780A
S214040B4049005200284689B2FCF7E5FFF068ECF746
S214040B5011FD002328464FF48031F360FCF7C7FFED
S214040B6029463846FFF701FEDDE7ECF703FD0023D0
S214040B704FF480312846F360FCF7B9FFD3E710B58D
S214040B800446FCF7AEFF430706D520464FF4006143
S214040B90DEF7F0FF002010BD012002F0B3F9014695
S214040BA020B12046BDE81040E2F700B90720F2E77E
S214040BB0042910B5044601D0002010BDFCF78BFFB5
S214040BC000F00100C0F10200E0F780FD0028F3D138
S214040BD002F098F9014608B90220EEE72046E2F74B
S214040BE027F90028F8D10120E7E710B50446FCF7FA
S214040BF078FF030705D520464021DEF7BBFF00201B
S214040C0010BD012002F07EF9014620B12046BDE861
S214040C101040E2F70DB90720F2E72DE9F0410F4640
S214040C2004469046FCF757FF00F0010585F00105E1
S214040C3021462846FCF746FF012F064603D0032F1D
S214040C400FD001200BE02046FEF739FA2221204679
S214040C50FCF78CFF28462146FFF7B7FD0020BDE8C9
S214040C60F081C068ECF786FC00232046F360FEF7AC
S214040C7026FA204698F80410FCF778FF2046202130
S214040C80DEF778FF21462846FFF79FFDD9E737B5FC
S214040C9004460D46FCF725FF00054FD5022002F05A
S214040CA031F9019000284BD0204655B3FCF713FFCA
S214040CB0C1070AD505210198FFF7CEFC0198FFF776
S214040CC0BCFC20460199FFF7ADFC29462046FEF7FA
S214040CD001FA2046FCF7FFFEC2070FD44FF400616A
S214040CE02046FCF704FF06210198FFF7B5FC01989F
S214040CF0FFF7A3FC20460199FFF794FC002003B0FD
S214040D0030BDFCF7E8FEC3070DD501990323062280
S214040D102046E1F767FD2046FEF7D1F9214628462E
S214040D20FFF753FDEAE701A801F0C4FF20463D2182
S214040D30FDF7BEFB2046FEF7C2F9DFE70C20DEE730
S214040D400720DCE7F7B5014604460020FCF7BAFEA8
S214040D50054600F112074FF48060E0F7B7FC50B97F
S214040D602046DEF7F1FE3A46698B80B203B0BDE852
S214040D70F040FFF747BA2046DEF7E6FE0646204672
S214040D806D8BFCF7A6FE00220346009229463A46DF
S214040D90B0B2FFF756FA03B0F0BD83781A2B09D821
S214040DA01B2383700288B2F5A47F07D24FF4A47382
S214040DB0038007E0FB2BF5D9FB23F2E744F29023EC
S214040DC09A42F5D870472DE9F04304468A884E883F
S214040DD08B790D88C97987B043EA012303A8ADF857
S214040DE00C308DF80E20EDB2FFF7D7FF04A8BDF83F
S214040DF00C909DF80E80ADF810608DF8125005A981
S214040E00FFF7CBFF2046BDF810709DF81260FDF783
S214040E107CFB0B212046FDF72EFB40F6480544F2EA
S214040E209023002818BF1D464346BDF814209DF89D
S214040E3016104D45D4BF0095CDF80090FB2BA8BFE7
S214040E40FB23BA42A8BF3A46B142A8BF3146204661
S214040E50FDF743F807B0BDE8F08337B514460546FA
S214040E601046FFF7F9FB2046FFF7E7FB01A9044607
S214040E702846FDF74AFB0B212846FDF7FCFA6FF0DF
S214040E8004036370002344F29022A37040F64803E0
S214040E90002818BF1346A4F803309DF80630A4F8BB
S214040EA00530BDF80430A4F8073003B030BDFFF7B2
S214040EB09EBC022973B505460C4603D00024204682
S214040EC002B070BD0521FDF7A7FA0028F6D0DFF7BB
S214040ED047F91B28F2D94FF40040E0F7F7FB002847
S214040EE0ECD102F00FF806460028E8D0284601A9FF
S214040EF0FDF70BFB314628469DF80630BDF8042066
S214040F00E2F774FA0028D9D10124D8E7012910B5EC
S214040F1004460FD0033901290AD8FEF7C1FA4FF464
S214040F2080412046FCF7E3FD21460120FFF74DFCF7
S214040F30012010BD2221FCF719FE4FF48041204603
S214040F40FCF7D5FD2046FEF7ABFA0020F1E72DE9C5
S214040F50F0478A462221804615461F46BDF9209052
S214040F60FDF75AFA60B3022001F0CCFF064648B3F8
S214040F702521FFF771FB3046FFF75FFB6B0003F09C
S214040F800203C5F340051D4385700A2540F2EC4371
S214040F9097FBF5F79945044680F801A0C7700DD075
S214040FA04846D7F7FFFE90FBF5F35BB24046314662
S214040FB02371FFF737FB0020BDE8F0877E23F5E7B3
S214040FC01120F9E70720F7E77FB54A1E042A0346EF
S214040FD00E464FF0000451D8012902D1008804B00F
S214040FE070BD022905D100885B88984238BF184630
S214040FF0F5E74A00014601A8ADF80440ADF80640FE
S214041000ADF80840ADF80A40ADF80C40F9F724FFF7
S214041010032EBDF80400BDF80650BDF8081030D005
S214041020042EBDF80A3035D0A84298BF2C46BDF829
S2140410300C209CBF05462046934202D814461A4606
S2140410402346AA4238BF2A46834228BF034698B29C
S214041050814222BF0B460146184692B2904228BFF0
S214041060104680B2884238BF0846B8E723464FF693
S214041070FF72E3E71A464FF6FF73E2E74FF6FF7098
S214041080ADE7A842F2D82B462246054618464FF648
S214041090FF73D6E7A842EDD82A4605461046E6E78B
S2140410A0F7B54A1E062A05460C464FF0000300F222
S2140410B08680012903D190F9000003B0F0BD02290F
S2140410C007D190F9000095F901309842B8BF184648
S2140410D0F3E70A46033C014668468DF800308DF86F
S2140410E001308DF802308DF803308DF804308DF819
S2140410F005308DF80630F9F7AFFE9DF900309DF9FE
S21404110001509DF902609DF90500032C41D8DFE8E3
S21404111004F0594743027F2298429DF9044044DB79
S2140411209DF903108B42DEBF0F4619463B46AA4282
S21404113002DA2F4615463A46A642DEBF274634460E
S2140411403E468D42B8BF0D469842A2BF0146184699
S2140411500B469442DEBF114622460C468242B8BF76
S214041160024652B2A242A8BF2246B342A8BF3346A2
S2140411706DB258B28542DCBF0346284652B2D8BF89
S2140411801D469042B8BF104640B2A842A8BF2846A3
S21404119093E79DF90620BFE77F226FF07F00BBE749
S2140411A07F226FF07F041046BAE7194603460846C6
S2140411B0B6E77F206FF07F0102460C46BCE76FF06F
S2140411C07F007AE713F1800FF3D17F221C4619467D
S2140411D01046B1E738B504460D46C9F759FE294608
S2140411E02046EEF785FB0446C9F75AFE204638BD6E
S2140411F070B504460D461646C9F74AFE32462946D9
S2140412002046EEF778FBBDE87040C9F749BE10B536
S2140412100446C9F73DFE2046EEF77AFB0446C9F7B6
S2140412203FFE204610BD10B5C9F732FEC6F750FC87
S2140412300446C9F735FE204610BD10B50446C9F766
S21404124027FE2046EEF76AFB0446C9F729FE204629
S21404125010BD10B50446C9F71BFE2046EEF750FB3A
S2140412600446C9F71DFE204610BD10B50446C9F74E
S2140412700FFE2046EEF742FB0446C9F711FE204651
S21404128010BD10B50446C9F703FE2046EEF73EFB34
S2140412900446C9F705FE204610BD10B50446C9F736
S2140412A0F7FD2046EEF736FBBDE81040C9F7F8BD5B
S2140412B010B50446C9F7ECFD2046EEF72DFBBDE855
S2140412C01040C9F7EDBD10B50446C9F7E1FD204648
S2140412D0EEF726FBBDE81040C9F7E2BD10B504469C
S2140412E0C9F7D6FD2046EEF7A0FB0446C9F7D8FD9D
S2140412F0204610BD38B504460D46C9F7C9FD294633
S2140413002046EEF789FB0446C9F7CAFD204638BDD9
S21404131038B504460D46C9F7BBFD29462046EEF708
S21404132086FB0446C9F7BCFD204638BD38B50446DE
S2140413300D46C9F7ADFD29462046EEF773FB044675
S214041340C9F7AEFD204638BD38B504460D46C9F784
S2140413509FFD29462046EEF772FB0446C9F7A0FD1A
S214041360204638BD10B50446C9F792FD2046EEF770
S21404137056FB0446C9F794FD204610BD10B5044636
S214041380C9F786FD2046EEF755FB0446C9F788FDE7
S214041390204610BD10B50446C9F77AFD2046EEF780
S2140413A038FB0446C9F77CFD204610BD38B5044614
S2140413B00D46C9F76DFD29462046EEF73EFBBDE80F
S2140413C03840C9F76DBD10B50446C9F761FD20461F
S2140413D0EEF7B6FA0446C9F763FD204610BD10B50D
S2140413E00446C9F755FD2046EEF79FFA0446C9F7AA
S2140413F057FD204610BDF8B504460D4616461F4652
S214041400C9F746FD3B46324629462046EEF7B7FA6C
S2140414100446C9F745FD2046F8BD10B50446C9F78D
S21404142037FD2046EEF7A0FA0446C9F739FD2046F4
S21404143010BD38B504460D46C9F72AFD2946204690
S214041440EEF77BFA0446C9F72BFD204638BD38B5BF
S21404145004460D46C9F71CFD29462046EEF7CFFA8A
S2140414600446C9F71DFD204638BD38B504460D466A
S214041470C9F70EFD29462046EEF7C5FA0446C9F715
S2140414800FFD204638BDF7B51F4604460D461646E2
S214041490C9F7FEFC099B32460193089B2946009334
S2140414A020463B46EEF7A8FA0446C9F7F9FC204660
S2140414B003B0F0BD38B504460D46C9F7E9FC294625
S2140414C02046EEF740FA0446C9F7EAFC204638BD43
S2140414D038B504460D46C9F7DBFC29462046EEF728
S2140414E021FA0446C9F7DCFC204638BD38B5044664
S2140414F00D46C9F7CDFC29462046EEF71BFA0446EE
S214041500C9F7CEFC204638BD10B50446C9F7C0FC62
S2140415102046EEF722FA0446C9F7C2FC204610BD60
S21404152038B504460D46C9F7B3FC29462046EEF7FF
S2140415303AFA0446C9F7B4FC204638BD38B5044622
S2140415400D46C9F7A5FC29462046EEF725FA0446BB
S214041550C9F7A6FC204638BD10B50446C9F798FC62
S2140415602046EEF73FFA0446C9F79AFC204610BD1B
S21404157038B504460D46C9F78BFC29462046EEF7D7
S21404158020FA0446C9F78CFC204638BD10B504463C
S214041590C9F77EFC2046EEF71BFA0446C9F780FC22
S2140415A0204610BD38B504460D46C9F771FC2946D9
S2140415B02046EEF7FFF90446C9F772FC204638BD0C
S2140415C038B504460D46C9F763FC29462046EEF7AF
S2140415D0D9F90446C9F764FC204638BD38B5044634
S2140415E00D46C9F755FC29462046EEF7C2F90446CF
S2140415F0C9F756FC204638BD10B50446C9F748FC62
S2140416002046EEF7B9F90446C9F74AFC204610BD51
S21404161010B50446C9F73CFC2046EEF7A8F9044684
S214041620C9F73EFC204610BD38B50446C9F730FC61
S2140416302046EEF7ECF905460C46C9F731FC284679
S214041640214638BD10B50446C9F722FC2046EEF7FD
S21404165000FA0446C9F724FC204610BD10B504461B
S214041660C9F716FC2046EEF70DFA0446C9F718FC2F
S214041670204610BD10B50446C9F70AFC2046EEF70E
S214041680F6F9BDE81040C9F70BBC70B516461D4602
S214041690044600F076FE00EA060201EA050352EA72
S2140416A0030105D0216819B12046BDE870400847FB
S2140416B070BD70B50E461546044608B390F855320C
S2140416C0123B012B08D890F8243023F0040380F84A
S2140416D024304FF47E430386002304F50B7084F80D
S2140416E05532012100F083F984F8566284F8575283
S2140416F02046BDE8704000224FF48073FFF7C5BF54
S21404170070BD2DE9F04F85B01D4600910392044646
S214041710DDF8409004F069FE074601F03EF90099B2
S21404172002902046E2F7EAFE064618B1384604F070
S21404173057FE58E004F50B7A5046E2F7E3FD0190B5
S214041740B9F1000F54D099F800B0D9F80480D9F84C
S214041750089045F21001009BE940A4F8FC31039B75
S21404176011F00101C4F808320E9B84F85552C4F8EF
S21404177000320F9BC4F80432D4F8403223F0080336
S214041780C4F8403247D00E9B0E9A5B7984F8133225
S21404179010790E9B1B6880BBD4F84002C4F8303224
S2140417A040F00800C4F840024344C4F83432C4F895
S2140417B03C9284F844B200293AD0B8F1000F37D0EE
S2140417C0029A9B1A6FF04042934231D3384604F093
S2140417D007FE6908090141F004012122204601F0B0
S2140417E0F401FFF766FF2126304605B0BDE8F08F0A
S2140417F0B146B0464FF0FF0BABE7009301F0CDF8CF
S21404180041F28831009B8845034438BF8846C4F8B3
S21404181030320021C8E7009101F0BFF80346C4F84F
S214041820300241F28830804538BF80460099BBE7D5
S214041830019B504643B100F0C4F800287FF476AF0D
S214041840384604F0CDFDCFE7E2F7D6FCF5E71046C0
S214041850704700290CBF21200020704710B4029C5A
S214041860084611461A46019B01945DF8044B00F0A5
S21404187004BC084600F020BC1FB502930023019365
S21404188000930623FFF73DFF05B05DF804FB1FB584
S214041890069C02940024CDE900340423FFF731FFAC
S2140418A004B010BD1FB5069C02940024CDE9003494
S2140418B00823FFF726FF04B010BD1FB5079C02944B
S2140418C0069CCDE900340C23FFF71BFF04B010BDC3
S2140418D070B5044604F089FD04F50B7506462846E3
S2140418E0E2F726FD90B194F85532112B0ED100F094
S2140418F094FD0121284600F07AF8002384F8553236
S2140419000024304604F06CFD204670BD2846E2F7FD
S214041910F9FC18B194F85532102BEAD00224F0E7FB
S21404192038B5044604F061FD94F855320546112B8B
S21404193005D12046FFF7CCFF072384F85432002352
S214041940012184F8553204F50B7000F050F8044673
S214041950284604F045FD201E18BF0120400038BD6F
S21404196013460022E1F7E6BFE1F7E4BF034649B1B8
S21404197090F85602087000201AB1002093F85732E7
S214041980136070472120F7E779B14B699B070CD4A5
S214041990CB68323018444B68C01A6FF04043984204
S2140419A03EBF4B6943F002034B61704710B504F029
S2140419B01CFD0446E2F792FA2046BDE8104004F007
S2140419C00FBD70B5064604F010FD0022054611460C
S2140419D03046E2F795FB044620B1284604F000FDA5
S2140419E0204670BD3046E2F707FC0446F5E770B5BE
S2140419F004460E4604F0F9FC0122054686EA020176
S214041A002046E2F77DFB0446284604F0E9FC20461F
S214041A1070BD38B50D46044650B3E2F773FC48B3C0
S214041A2000F076FB6269510718D41207636817D56D
S214041A30A2689A420BD06FF04041121A8A4206D22C
S214041A401B1A8B4206D2626922F0080262616DB9E3
S214041A50002038BD636923F0080363610023F6E7BA
S214041A606FF040421B1A9342F8D2F0E72B60EFE780
S214041A700120EEE70220ECE7431E042818BF012BE2
S214041A8094BF01200020704700F048BF4FF4167240
S214041A900021F9F7C4B90846E8F720BC10B5044697
S214041AA0E4F7C8FDE8B9A169D9B1238ACBB12046C9
S214041AB004F11002E4F7E8FBB8B9E169A9B1638A56
S214041AC09BB1204604F11202E4F790FB88B9216A20
S214041AD079B1A28A6AB12046E38ABDE81040E4F7E9
S214041AE023BB00232382A361E6E700236382E3612A
S214041AF0ECE700236361236210BDE4F76BBF0A784A
S214041B0038B505461046FFF7B7FF60B14C78204657
S214041B10FFF7B2FF38B12243530704D42846BDE882
S214041B203840E3F717BF212038BD70B504460E468B
S214041B3004F05BFC314605462046FFF7E0FF04460A
S214041B40284604F04DFC204670BD10B504460878BF
S214041B50FFF792FF58B14A781046FFF78DFF30B171
S214041B60042A04D02046BDE81040E3F713BF212022
S214041B7010BD70B504460E4604F037FC31460546E3
S214041B802046FFF7E2FF0446284604F029FC2046D8
S214041B9070BDF7B517461E46044604F026FCDDE97C
S214041BA008230546CDE9002320463A463346E3F7A4
S214041BB033FC0446284604F013FC204603B0F0BD6C
S214041BC0084600F061BE704711B9D0F8E81021B19C
S214041BD0CB6813B18B68D88970474FF6FF7070478F
S214041BE010B5E2F7E1FB044608B900F09BFE204678
S214041BF010BD70B504460E4604F0F7FB31460546A4
S214041C002046E3F74DFC0446284604F0E9FB20464C
S214041C1070BD38B5044604F0E8FB0546204600F0DF
S214041C20B6FB0446284604F0DBFB204638BD38B530
S214041C30044604F0DAFB0546204600F0BEFB0446E4
S214041C40284604F0CDFB204638BD38B504460D467C
S214041C5004F0CBFBD4F8EC3023B90E2404F0C0FB1C
S214041C60204638BD4FF6FF72E38D93422B80F4D0A6
S214041C700024F3E7F8B506460D46E2F795FBD8B917
S214041C804FF6FF734FF0240CEF68C1B28F4208D8AA
S214041C901C4621463046E2F7A5FD00F043FE2046EA
S214041CA0F8BDAA680CFB0122D4899C4202D2002CFF
S214041CB0EFD023460130E8E74FF6FF74EFE7C08D18
S214041CC07047F8B504460E46174604F08EFB3A46AF
S214041CD0054631462046E3F77FFD0446284604F0D1
S214041CE07FFB2046F8BD38B504460D4600F097F94C
S214041CF050B129462046E2F775FD30B929462046FC
S214041D00BDE83840E3F7C2BC0E2038BD70B50446C3
S214041D100D46164600F083F958B129462046E2F7E8
S214041D2061FD38B9324629462046BDE87040EAF7D8
S214041D3041B80E2070BDEAF715BA062AF8B504466F
S214041D400F4615461E4623D8E3F7D8FB10B32046A5
S214041D503946E2F747FD0446A8B90121024608467B
S214041D60FFF7CBFE204600F0DBFDE8F70FFE30461B
S214041D70E3F71AFB062D284607D02923EB40DB079A
S214041D8003D5E8F769FE2046F8BDE8F7A3FEFAE7B0
S214041D902124F8E70224F6E738B5044604F025FBC8
S214041DA00546204600F046FC0446284604F018FB88
S214041DB0204638BD38B5044604F017FB05462046D1
S214041DC000F036FC0446284604F00AFB204638BDDC
S214041DD070B504460E4604F008FB31460546204618
S214041DE0E3F7F6FD0446284604F0FAFA204670BDEA
S214041DF070B504460E4604F0F8FA31460546204609
S214041E0000F0F7FA0446284604F0EAFA204670BDC5
S214041E10002070470846E7F7B3BC70B504460E4684
S214041E2004F0E3FA314605462046E4F739FD044655
S214041E30284604F0D5FA204670BD70B504460E4612
S214041E4004F0D3FA31460546204600F0F6FB044675
S214041E50284604F0C5FA204670BD38B504460D463B
S214041E6004F0C3FA0023C4F89C50C4F89830BDE8C4
S214041E70384004F0B5BA38B504460D4604F0B5FA51
S214041E80D4F89C301D40D4F8983023EA0505C4F8ED
S214041E90985004F0A5FA284638BD73B50D78064662
S214041EA00C4635B304238DF804302379304601A953
S214041EB08DF80530FFF749FE0546B8B92278A379B0
S214041EC052BB8DF80430E379304601A98DF805300D
S214041ED0FFF715FE054648B923783BB161883046BE
S214041EE0E3F726FF0121304600F09EFA284602B0AA
S214041EF070BD294600F098FA2946304600F00BFBE0
S214041F002946304600F00FFB22782379002AC9D1EF
S214041F108DF804306379C9E702228DF80420D3E7EC
S214041F2070B504460E4604F060FA3146054620466F
S214041F3000F0F1FA0446284604F052FA204670BD32
S214041F4038B5044604F051FA0546204600F0F3FA84
S214041F500446284604F044FA204638BD2DE9F041EC
S214041F6004460E461746984604F03FFA434605468E
S214041F703A4631462046E4F77FF80446284604F0FD
S214041F802FFA2046BDE8F0810846E6F7F9BF70B59B
S214041F9004460E4604F029FA314605462046E4F780
S214041FA003F80446284604F01BFA204670BD70B5B4
S214041FB004460E4604F019FA31460546204600F05B
S214041FC0CBFA0446284604F00BFA204670BDF8B552
S214041FD004460F46164604F008FA054617B120468E
S214041FE0E5F7E6F816B12046E5F7F4F8284604F0D7
S214041FF0F7F90020F8BD0B4610B514461846A1683C
S2140420009288F8F729FFE168034631B1A088628810
S214042010121A92B21844F8F71FFF002010BD0346A8
S214042020408A18B1188A003818BF0120704708463D
S214042030E7F77ABC70B504460E4604F0D6F9631C7E
S2140420400546314614BF20460020E3F7E3FA04466B
S214042050284604F0C5F9204670BD10B5044600F0C5
S21404206042F820B92046BDE81040E2F77FBE10BD16
S21404207000F093BC0846E4F733BC2DE9FF419846CC
S21404208004460E46174604F0BDF905462046FFF7FB
S214042090E4FF0A9B3A460293002331460193204606
S2140420A0CDF80080E2F7B0FE0446284604F0A5F911
S2140420B0204604B0BDE8F08138B5044604F0A2F921
S2140420C005462046FFF7C9FF2046E2F77BFE044696
S2140420D0284604F092F9204638BD0120704700F0E7
S2140420E0B3BB00207047E2F77DBD10B504F08AF953
S2140420F0044600F00DF8E2F79DFD2046BDE81040CA
S21404210004F07BB9024608B5E2F76CFD507D08BDC5
S21404211000F043BCE3F776BB00F036B9704770B501
S21404212004460E4604F061F931460546204600F0A2
S21404213057FB0446284604F053F9204670BD022A8D
S214042140F8B506460F4614460DD804F04EF9224656
S21404215005463946304600F0BBFA0446284604F0E5
S2140421603FF92046F8BD2124FBE7022AF8B50646C7
S2140421700F4614460DD804F038F92246054639466B
S214042180304600F0B6FA0446284604F029F92046FC
S214042190F8BD2124FBE7022AF8B506460F46144686
S2140421A00DD804F022F9224605463946304600F09A
S2140421B0B3FA0446284604F013F92046F8BD212451
S2140421C0FBE770B504460E4604F00FF905462046B4
S2140421D000F07BFA48B12046314600F0ADFA0446DA
S2140421E0284604F0FDF8204670BD0224F8E7F8B54A
S2140421F004460E46174604F0F8F80546204600F056
S21404220064FA50B120463A46314600F0ADFA044628
S214042210284604F0E5F82046F8BD0224F8E70E2028
S214042220704770B504460E4604F0DFF805462046AF
S21404223000F04BFA48B12046314600F0C1FA044695
S214042240284604F0CDF8204670BD0224F8E770B5A1
S21404225004460E4604F0C9F80546204600F035FA52
S21404226048B12046314600F0B3FA0446284604F046
S214042270B7F8204670BD0224F8E7E5F7A5BF084680
S214042280E5F7C0BF03469B8E08469342114601D32A
S214042290E5F7E4BF2120704770B504460E4604F007
S2140422A0A4F831460546204600F0A9FA0446284616
S2140422B004F096F8204670BD70B504460E4604F049
S2140422C094F8314605462046E5F7FCFD04462846C4
S2140422D004F086F8204670BD0E207047F8B5064612
S2140422E00C4604F082F806F5F475074694E80F00E9
S2140422F085E80F0029463046E2F7EEFE04463846E7
S21404230004F06EF82046F8BD2DE9F04387B00E9D24
S21404231002AC06460F469046994695E80F0084E8B8
S2140423200F0004F062F84B460546424639460094D0
S2140423303046E6F703F90446284604F051F82046EA
S21404234007B0BDE8F0830020704700207047704750
S214042350D0F8A03003F06003402B0DD0602B03D0E0
S214042360203B58425841704749B10B68012B06D9A7
S214042370486940F00100704740F2011070470020A1
S2140423807047D0E9560170470220E7F7F9BC08B554
S214042390D0F8F0304BB11A68022A06D993F82520F3
S2140423A04AB1186AB0FBF2F008BD40F684324C21FC
S2140423B00020E2F701FC0020F6E7D0F8F02008B58C
S2140423C07AB11368022B0CD9536A13F47F4FC3F304
S2140423D0072106D0126ADBB253438B42B3FBF1F0FB
S2140423E006D2002040F6A3324C21E2F7E5FB00209B
S2140423F008BD0346B3F83E2108468A4203D0A3F834
S2140424003E11E6F747BE0020704790F83C310D2B8E
S21404241014BF90F82B00FF20704708B500F040FB6F
S214042420BDE80840E8F7E2BA38B50C464FF4006158
S2140424300546EAF73FFF60B16CB195F82A3163B9F7
S2140424404FF480722846BDE838404FF48071EAF7AE
S21404245017BF2202F6E72246F4E738BD4FF4807130
S214042460EAF728BF10B50023E3F7CEFA044608B906
S214042470E9F790FC204610BD38B51D4600230446F7
S214042480E3F7C2FA28B929462046BDE83840E9F7FA
S21404249053BD38BDF0B51D4685B001AB06460F46A4
S2140424A0944695E807006C7883E807002A78E9885C
S2140424B0A24224D0B5F804E02AB112FB0EF0A21A08
S2140424C0014489B2D4B20122104600FA02F5A542AC
S2140424D013D36D0804FB0E55D4B2D540ADF808509E
S2140424E08DF80440ADF80A106246394630468DF839
S2140424F00540E3F795FB05B0F0BD0132E5E7002C97
S214042500F0D00020AA888DF8040012FB04F20446DA
S214042510ADF80820E6E708B54A024FF40071EAF77A
S214042520AFFE002008BD08B58A024FF48061EAF7C2
S214042530A7FE002008BD4FF40071EAF7BBBED0F832
S214042540F00040B10368122B04D9006D202828BF80
S214042550202070470020704770B506468D880C46CC
S214042560E3F7C4F996F82720EB00023A012A98BF4D
S214042570033388B1B3F5803F0ED84FF224414209A5
S21404258001FB03230009B3FBF0F322680020D21AF0
S21404259005232260A37170BD0220FCE72DE9F041FB
S2140425A086B00C9D03AE07468C46964695E8070013
S2140425B06C7886E807002A78E988A24225D0A8889D
S2140425C02AB112FB00F5A21A294489B2D4B2012218
S2140425D0904608FA02F5A54215D36D0804FB00558B
S2140425E0D4B2D540ADF810508DF80C40ADF81210AA
S2140425F072466146384600968DF80D40E3F786FE2F
S21404260006B0BDE8F0810132E3E7002CEED00020EE
S214042610AA888DF80C0012FB04F20446ADF81020CC
S214042620E4E70E2070470020704790F86101704779
S2140426300020704790F82D00704708B50B46062218
S21404264000F59E711846F8F707FC002008BD002226
S214042650E4F7B2BBA0F84A30BDF90030C0F89410D5
S214042660A0F84820A0F84C300020704710B5144657
S21404267008460121E7F782FF2046BDE81040012105
S214042680E7F77CBF70B5044615460E4609B9212007
S21404269070BD130617D400F046F931462046FFF7FE
S2140426A0E9FA4FF6FF739842F1D000F03CF9204661
S2140426B04FF400310022EAF7E3FD29462046BDE840
S2140426C07040E4F777B90E20E2E78021EAF7F2BD1E
S2140426D07FB5531C05AA0292022201920022ADF88D
S2140426E0141000921146DBB2EAF7F6FD07B05DF867
S2140426F004FB7FB5531C05AA4FF0040C0292022279
S214042700ADF81410CDE9002C01210022DBB2EAF763
S214042710E3FD07B05DF804FB1FB54FF0080C531C2F
S2140427200022CDE9002C01220291DBB21146EAF721
S214042730D3FD05B05DF804FB08B50A044FF48031F8
S214042740EAF79EFD002008BD07B591F828300093EF
S21404275091F82B3091F8292091F82A10E5F7FAFC25
S214042760002003B05DF804FBF8B514468A07064655
S2140427700D4601F001070CD43FB1A2044FF48021AA
S214042780304602F48022EAF77BFD6B070FD4002064
S214042790F8BD3FB104F00100C4F340038342EBD01C
S2140427A02120F5E74FF48021EAF784FDF4E7A2063A
S2140427B04FF08051304602F08052EAF761FDE6E7BA
S2140427C008B50A054FF48011EAF75AFD002008BD43
S2140427D008B5CA044FF40021EAF752FD002008BDEC
S2140427E009B141F01001E4F7E5B810B50446E4F782
S2140427F0D3F801462046BDE81040E4F7DBB80029CC
S21404280014BF21200020704770B504460E461546B6
S214042810FFF70BFF032813D1A6B184F82750023D17
S214042820012D8CBF28234FF4BC733146C4F80831FD
S2140428302046FFF71FFA2046E5F7ACFD002070BDE2
S2140428400220FCE72120FAE701207047D0F8EC309C
S214042850C3B15869B0B1531EDBB2FD2B10D903685F
S21404286013F1020F08BF4FF0FF33FF2A0B6005D1A8
S21404287043689A1C08BF4FF0FF334B600020704734
S214042880012AF4E72120704738B50546E8F7CCFC62
S21404289004460021A878E5F7E7FF204638BD2DE971
S2140428A0F74F01251C469DF8303006460193036811
S2140428B0174603F0070306339D4005F1FF380B4621
S2140428C0A1B1416804EA080BA5EB0B0A41F00059D4
S2140428D0524509EB0B0114D952461846F8F7BCFAD0
S2140428E049467A1B5A445044F8F7B6FA019B2BB172
S2140428F03C4448EA050804EA0804F46003B0BDE86A
S214042900F08F1846F0E737B5002514460095FFF714
S214042910C6FF204603B030BDE4F77ABF00207047F8
S214042920002070477047704710B5490004461AB136
S214042930032938BF032103392268C903B2FA82F394
S21404294014D0B1FA81F01B1A002B0DDDC3F10F0071
S214042950012838BF012003F01F03D9408A4201D260
S21404296001384908216010BD0F20F7E70F20F9E76A
S214042970012805D9023818BF4FF0FF30C0B270479F
S21404298001207047002070470A4690F894109B294F
S21404299001D8E4F763B92120704708B5E7F73CFB94
S2140429A0BDE80840E7F760BB38B50446FFF7F5FF17
S2140429B00546FFF7F2FF431BA342FAD338BD38B5EA
S2140429C00D460446E7F728FB35B1844200D90139A1
S2140429D0204601F0030138BD844238BF0131F7E7D1
S2140429E008B50121FFF7EBFFBDE80840E7F73CBB5D
S2140429F00B0C23F48053B3F5284FF7B50D468FB26E
S214042A00064699B217D04AF60103994215D04AF6FB
S214042A100203994213D0B1F5204F14BF04240324B3
S214042A20D6F8EC300BB1196859B9D6F8E83093B932
S214042A30286803B0F0BD0024F2E70124F0E702247E
S214042A40EEE723463A466846E7F76CFB019B002B05
S214042A50EBD10098EDE719680029E9D023463A46F9
S214042A606846E7F75FFB019B002BE1D1F1E701F035
S214042A705BBF02044FEA901309D4C3F30903A3F11E
S214042A80C8006FF4FF739842B8BF184607E06FEAB1
S214042A9083536FEA935313F5007F18B2EFD1704750
S214042AA0012200210320E3F795BF08B51C20CAF7CE
S214042AB053FE4FF0B042936813F0080F4FF0010333
S214042AC002BF9268C2F303129340B0FBF3F008BD52
S214042AD04FF0384359699A6903F500530A405A611E
S214042AE070470E207047E9F749BBE9F747BBE9F79B
S214042AF045BBE9F743BB08B50846E9F77FFF08BDC1
S214042B00E9F73CBB38B505460C4603F06EFCD5F831
S214042B109C301C40D5F898302343C5F8983003F011
S214042B205FFC211E18BF01210020490238BD002089
S214042B307047430803F05533C01A00F03333800857
S214042B4000F0333018444FF0013300EB101000F05F
S214042B500F305843000E70472DE9F74F1F469DF877
S214042B603030894683460193002850D0002966D029
S214042B700D68002D65D04FF0000AEC79A979641A27
S214042B80E4B2BC4207D30C31394458462944E41B0A
S214042B900BEB020836E02868AA463F1B002836D00E
S214042BA00546EAE70619464588BFA8EB0004224610
S214042BB088BF4646F8F750F9019B002B3CD0A8790D
S214042BC0E4B23FBB2044A871E979AA79914233D193
S214042BD0D9F800202F68AA4208BFC9F80070BAF1D5
S214042BE0000F01D0CAF800702846EAF7C3FC67B1A4
S214042BF0BA79FC7902F10C013D4639443046002787
S214042C00A41AE4B24045CDD30646A6EB0B0003B0A7
S214042C10BDE8F08FEA793919121AD2B2914207DA6E
S214042C200C302844D21B0144121B3844F8F7DEF853
S214042C30EA79121BEA71C7E7AA462F68D7E708465F
S214042C40E5E72846E3E740B18379C279D21AD2B2DF
S214042C508A4203D90C331944084470470068891A19
S214042C60F1E710B5C4790246C4F14503D8B28842E8
S214042C7028BF08460444D47110BD38B50546C0794B
S214042C80C0F14504E4B2944288BFD4B20C30224664
S214042C902844F8F7E1F8EB7920462344EB7138BD75
S214042CA01FB503910021009103A9FFF755FF05B056
S214042CB05DF804FB38B50446206800B938BD0568DD
S214042CC0EAF758FC2560F7E710B578B1026872B9E0
S214042CD0002309E0194603600B68002BF8D05C79E2
S214042CE0E407F7D500240C600360104610BD1146B7
S214042CF0F2E7034658B10020DA7999791B68521A2C
S214042D0050FA82F01BB15A79D207F5D5704770474E
S214042D1070B50D460446E8B186798E4203D3751A1B
S214042D208571012070BDC27906F145039B1ADBB29A
S214042D3099420FD806F10C010144921BA81BD2B28B
S214042D400844F8F753F80023A371E3791D44AD1B38
S214042D50E571E6E70020E5E70346006818B1026877
S214042D601A600023036070470346002003B97047C7
S214042D70DA7999791B68521A50FA82F0F6E70368F2
S214042D800BB9016070471A461B68002BFBD1116013
S214042D907047036803B10B600160704739B10B4696
S214042DA01A461B68002BFBD103681360016070474A
S214042DB070B5046806460D4644B12046FFF7D4FFB6
S214042DC0A84211D8236813B9E379A37170BD2046CD
S214042DD03360EAF7CFFB3468F4E7ED1A236820463D
S214042DE03360EAF7C7FB3468002DEFD0A279E379A5
S214042DF09B1ADBB2AB42F0D92A44A271E6E7F8B5D7
S214042E00066805460C4646B13046FFF7ADFFA042BD
S214042E101DD8336813B9F379B371F8BD30462B6007
S214042E20EAF7A8FB2E68F4E7064638460768002F3C
S214042E30FAD1C2798379D31ADBB2A34202D9121B20
S214042E40C271EAE7E41AEAF795FB3EB13760002C54
S214042E50E3D028680028E0D00026E7E72E60F6E7EF
S214042E60F8B504460F46BC4200D1F8BDA179E57911
S214042E706D1AEDB2C5F14506B6B20EB92468F2E78E
S214042E8049B10C312A46214404F10C00F7F7AEFF91
S214042E900023E571A3712368BB42EFD05A79D207A9
S214042EA0ECD49979DD79A0796D1AEDB2B54228BFD4
S214042EB03546E2790C3010440C312A461944204435
S214042EC0F7F7CAFFE379206853FA85F3E371837949
S214042ED0761B53FA85F5C379EDB2AB42B6B285716B
S214042EE003D103682360EAF745FB002ED3D1C5E778
S214042EF038B10023027903604360836004230271BF
S214042F004371704700221146EAF77ABB38B5036866
S214042F1004460D46ABB11879FFF7F4FF98B1226862
S214042F2043790260527992074CBF43F0020303F0E0
S214042F30FD03437145235D1BC3718571206000202A
S214042F4038BD0120E8E71920FAE770B50C461646A6
S214042F50054628B3006818B309B9002070BD0AB145
S214042F6045291FD8E1B2FFF7D3FE0028F5D11EB9D4
S214042F702B689A799E71A41A442C08D8002CECD09D
S214042F802846E1B2FFF7C2FF0028E6D004E0452158
S214042F902846FFF7BBFF08B11920DFE7453CEBE7FF
S214042FA02220DBE72120D9E72DE9F84390F80780B3
S214042FB090F806900446A8EB0907FFB2B9420D46FE
S214042FC002D30020BDE8F8830079FFF79BFF06468E
S214042FD00028F6D0A17980790C317F1B29440C3067
S214042FE0BAB221443044F7F737FFF37901203B4463
S214042FF0F371E37999444D442368A5EB0805E5711C
S21404300033602660DEE7F8B5076806460D463C469C
S214043010002305B12CB90BB100221A60346038467F
S214043020F8BDE379A2799B1ADBB2AB4207D8E37901
S214043030A2799B1ADBB2ED1A23462468E9E72046F8
S214043040E9B2FFF7B1FF0028F1D10746E7E7F7B585
S214043050002605460F4601960DB9019C09E000229C
S21404306038461146EAF7CCFA044628B901A8FFF711
S21404307021FE204603B0F0BDA97943798171EA792F
S21404308023F00303C2716879521A00F00300034365
S21404309001F10C0063712918D2B22044F7F7DCFE64
S2140430A0019B03B9019406B1346026462D68D3E724
S2140430B02DE9F74F0C4690460746002852D0002CC0
S2140430C053D0E279A579521BD2B29A4207D9C246A6
S2140430D00C351D442544BAF1000F0ED13EE0246899
S2140430E09B1AECE7254634E0002C39D000223879C8
S2140430F01146EAF785FA386007468CB387B3E67953
S214043100F8790C362644761B5645334628BF534674
S214043110C0F1450B5FFA8BFB5B45994628BFD94641
S2140431200C304A46294638440193F7F795FEFA7957
S2140431304E454A44019BFA714D44AAEB090A08D14C
S2140431402468002CCED0A579E279AA42F8D00C35B2
S21404315025445B45BFD3BAF1000FC5D14FF0000A32
S214043160A8EB0A0003B0BDE8F08F2046FAE72DE985
S214043170F8430E461546074680B389B35AB3044649
S214043180E279A3799A4202D1A146A84611E02368BF
S214043190002BF9D0D9799A799142F5D01C46EFE7FD
S2140431A02AB9B9793879EAF72BFA024688B1A146E2
S2140431B01446424631462046FFF75FFD4C4518BF8D
S2140431C0C9F80040A8EB000822680644B8F1000FCE
S2140431D0E6D1A5EB08052846BDE8F8830546FAE7D8
S2140431E00D46F8E7452937B515461C4611DC00227E
S2140431F0C9B2EAF705FA019040B122462946FFF71C
S214043200B6FF844202D901A8FFF754FD019803B023
S21404321030BD0020FBE70B6803B11868086010B1E6
S2140432204379DB0703D5003818BF012070470068D0
S214043230F4E70B6813B90860012070471868086043
S21404324020B1407900F0010080F001007047EAF7F1
S214043250FFBA03F0A6BB000008B502F02DF948B982
S21404326000F0CEFD0128034607D1054A106820B9B0
S214043270136008BD6FF00500FBE74FF0FF30F8E77A
S2140432809836002008B500F0BBFD38B1022804D0FB
S214043290034B1868431E5842584108BD0320FCE7F8
S2140432A09836002010B502F007F9044668B900F015
S2140432B0A7FD01280CD1084B1A68012A08D102225E
S2140432C01A6000F009FB204610BD6FF00500FBE70E
S2140432D04FF0FF30F8E700BF98360020034B03603A
S2140432E0034B0B60A0231360704700BF40360020DA
S2140432F0C0330020034B0360034B0B60A023136012
S214043300704700BF68330020E830002010B54FF047
S214043310807440E90224184A4FF0123440F80C2C0A
S2140433204FF003324FF0023C40E905244FF00132DF
S21404333040F8203C40E9072C4FF010334FF0113290
S2140433404FF0093440E90A324FF008334FF0073C97
S21404335040E90C344FF006334FF0053240E90E3C9A
S2140433604FF0043340E910326FF0020340F8443C57
S21404337040F8481D10BD00BF057900004FF0E0225C
S2140433800423136100234FF47A719361044B1B6882
S214043390B3FBF1F3013B536107231361704700BF8E
S2140433A0547C0020002313B54FF07F4201934FF066
S2140433B0E023C3F81C2DD3F81C3D1B0E8DF80330F8
S2140433C09DF803309DF803309DF8033013F0800F0A
S2140433D0019B29D1082B0CBF0023019B174A18BF59
S2140433E0C3F107031B0203F4E06313604FF0E0230A
S2140433F00024D3F8202D42F47F02C3F8202DD3F8FE
S214043400202D42F07F42C3F8202DC3F81C4DFFF751
S214043410B5FF0B4B1C6000F045F800F09FFCC4F7AA
S21404342071FA204602B010BD013301939DF80330B3
S2140434305B00DBB28DF80330C6E700BF9C36002085
S214043440387C002008B502F0E0FA044A1368013319
S2140434501360BFF34F8FBFF36F8F08BD387C002017
S214043460044B1A681A68013A1A60186808B902F018
S214043470D7BA7047387C0020094A1168086806C81D
S21404348081F30B88022181F31488203080F30988A5
S214043490BFF36F8F4FF0000080F3118810470000D1
S2140434A0EC3B002006480068006880F3088862B693
S2140434B061B6BFF34F8FBFF36F8F66DF00BF0000A8
S2140434C008ED00E0EFF309801EF0100F08BF20EDB2
S2140434D0108AEFF30B82734620E9FC0F0F4A11683B
S2140434E008604FF0300080F31188BFF34F8FBFF3AE
S2140434F06F8F00F033FC4FF0000080F31188074A0A
S21404350011680868B0E8FC0F13F0100F08BFB0ECA1
S214043510108A82F30B8880F309881847EC3B002056
S2140435201EF0040F0CBFEFF30880EFF30980014987
S21404353008470000DF59040070B5B9B100230C4AEF
S2140435401C4615465668864204D105EBC403C3E9F7
S21404355000100BE01BB91668002E08BF1346013492
S2140435600A2C02F10802EDD1002BF0D170BD00BF89
S214043570A0360020002310B5084A52F83310DC00A9
S214043580814206D10021064A42F833102244516093
S21404359010BD01330A2BF0D1FAE700BFA436002091
S2140435A0A036002000222DE9F84306461E4B1F4C89
S2140435B01D681F4B0F46D3F800801E4BD3F80090AF
S2140435C02368206883F85620043002F0DCF9731C64
S2140435D014D19FB1184B21685A688A609068216894
S2140435E0C860216804314160216804319160226812
S2140435F053611A6801321A60BDE8F88323682168AB
S214043600AD195D6001F1040104D34846BDE8F843F2
S21404361002F097B9404602F094F9084B1A68AA4299
S21404362088BF1D60E8E700BF14370020EC3B00208D
S214043630603700205C3700201C370020F836002056
S214043640064A13681968064B19B94FF0FF321A6018
S21404365070471268D2681268F9E700BF6037002026
S214043660F8360020F8B50C4C0C4F0D4D236803B902
S214043670F8BDFFF7E7FEFB68DE68301D02F083F94D
S2140436802B68013B2B602368013B2360FFF7E8FEB1
S214043690304602F058FDE9E7303700203437002082
S2140436A0183700202DE9F0410446FFF7CBFE304BD7
S2140436B0304E1A68304F01321A603568002D4AD1F0
S2140436C034601B68012B1FD1B8464046013502F012
S2140436D02AF9382D08F11408F7D1DFF8C480274DED
S2140436E0404602F020F9284602F01DF9244802F06C
S2140436F01AF9244802F017F9234802F014F9234B68
S214043700C3F80080224B1D60224A201D1368013333
S2140437101360214A23641168E36A8B4288BF1360EE
S21404372014225343F9184A689568A260E5606860F5
S2140437309060FA5861610132FA50FFF791FE174B18
S2140437401B689BB13368DA6AE36A9A420ED2BDE814
S214043750F04102F027B9114B1B68002BD4D1336813
S214043760DA6AE36A9A4298BF3460CDE7BDE8F0812E
S21404377018370020EC3B00208C37002064370020EC
S21404378048370020343700201C37002060370020DC
S2140437905C370020FC360020103700200C37002051
S2140437A07837002008B5044CFFF75CFF2368012B2C
S2140437B0FAD902F0F7F8F7E78C370020F8B5044694
S2140437C01D4DFFF73FFE04B92C68271D384602F04E
S2140437D0DAF8A36A1BB104F1180002F0D4F8174A09
S2140437E0174E1368013313602B683268B2B1A342D4
S2140437F014D13946134802F0BBF8134A1368013350
S2140438001360FFF72DFE3368A3B12B68A34211D1D2
S2140438100E4B1B68BDE8F84002F0C4B80C4A1368A7
S214043820013B1360FFF70CFFFFF71AFE204602F079
S2140438308AFCE8E7F8BD00BFEC3B0020FC3600201D
S2140438400C3700203437002030370020F0360020B4
S214043850183700201A4B2DE9F0411B6804468342B2
S21404386026D0FFF7EFFD174BD4F828801F68164BB9
S21404387065691E68FFF7F4FD144B98451AD0BD42DF
S2140438801AD0B54218D0124B9D4209D1A36A9BB9EF
S21404389094F85430012B0CBF02200320BDE8F081BD
S2140438A00C4B9D420AD0002D0CBF04200120F5E7E6
S2140438B00020F3E70120F1E70220EFE70420EDE71C
S2140438C0EC3B0020603700205C370020483700209F
S2140438D01C3700203437002030B5194A8BB007ABAC
S2140438E012F8014B03F8014B002CF9D106AA05A9DE
S2140438F004A8CDE90444FFF7F1FC049B069A02935E
S214043900059B1048CDE9004307A9234602F09AFC1C
S2140439100D4B186080B100F0C5FC012805460BD19C
S21404392002F073F84FF0FF32084B1A60084B1D6024
S214043930084B1C60FFF736FD074B1B680BB030BD09
S214043940496B0400A5370400F4360020F83600203E
S2140439500C3700201437002064810400024A1368E0
S21404396001331360704700BFF0360020014B18681F
S214043970704700BF14370020014B1868704700BF1B
S2140439801837002008B9054B1868026B0020135C32
S214043990A52B01D0800870470130F8E7EC3B0020E7
S2140439A02DE9F84F4E4B1B68002B40F093804D4B8F
S2140439B01C6801341C6064B94B4B1A684B4A19687E
S2140439C01068186011604A4A136801331360FFF7E1
S2140439D037FE484D00222B684749A342DFF824B13E
S2140439E009D81746DFF820C13F4B1B681B689BB9F4
S2140439F04FF0FF332B604148DBF800300468142096
S214043A00DB6A4343C858012898BF002C14BF012022
S214043A1000201043BDE8F88F334B1B68DB68DB6877
S214043A205868844201D22860E5E7D3F81480D3E9C5
S214043A300209C0F80890C9F80400D8F8040003F195
S214043A40040E7045D8F8000008BFC8F80490013882
S214043A505F61C8F80000D3F82880B8F1000F13D0CF
S214043A60D3E90709C0F80890C9F80400D8F8040098
S214043A7003F1180A5045D8F8000008BFC8F80490A7
S214043A8001389F62C8F800001426D86ADCF8008063
S214043A90404506FB00F801EB080ADAF8049088BFF4
S214043AA0CCF80000D9F80860C3F80890DE60C6F8C1
S214043AB004E0C9F808E0C3F814A051F8083001334C
S214043AC041F80830DBF80030DB6A984288BF42F0E1
S214043AD0010289E70A4A002013680133136099E754
S214043AE0F036002014370020603700205C370020B2
S214043AF000370020F83600208C37002004370020DA
S214043B0008370020EC3B0020103700202DE9F84F42
S214043B10FFF798FC434B1A681A68013A1A601B6848
S214043B202BB10024FFF79CFC2046BDE8F88F3E4AE4
S214043B301268002AF5D014264FF0010C3B483C4C82
S214043B403C4A3D4F3D4D51E0C368DB68D3F828E05E
S214043B50D3E90718C1F80880C8F80410DEF8041082
S214043B6003F1180949454FF0000108BFCEF8048058
S214043B709962DEF800100139CEF80010D3F814E08C
S214043B80D3E90218C1F80880C8F80410DEF8041057
S214043B9003F104094945DEF8001008BFCEF8048096
S214043BA00139CEF80010D3F82CE0216806FB0EF895
S214043BB002EB080A8E45DAF8041088BFC4F800E061
S214043BC0D1F808B09960C3F80CB0CBF80490C1F8EB
S214043BD0089052F80810C3F814A0013142F80810EF
S214043BE03968C96A8E4501D9C5F800C0016800293C
S214043BF0AAD10BB1FFF724FD114D2C6844B101275F
S214043C000E4EFFF7CDFE00B13760013CF9D12C60B3
S214043C100A4B1B68002B84D0074B01241B6801F059
S214043C20C1FE7FE7F0360020183700204837002012
S214043C30103700208C370020EC3B0020043700208F
S214043C400837002010B50C46054B1968183101F0EA
S214043C5078FE2046BDE810400121FFF7A3BC00BF54
S214043C60EC3B00200F4B70B444681D68A668EC61FA
S214043C701D68002A2E621D6805F1180575601D680A
S214043C801B6805F11805A5609862036870BC03F10B
S214043C90010303600CBF08464FF0FF301146FFF7E0
S214043CA081BC00BFEC3B0020C368F0B5DB689A6AB1
S214043CB0D3E9070181604860506803F11804A04204
S214043CC008BF5160002199621168013911601D4ACC
S214043CD0D96A1268002A29D1D3E902405A69A06039
S214043CE0446054681D1DAC4208BF5060106801381B
S214043CF01060154A1068814288BF116014224A4336
S214043D00124886187468A7689C60DF607D60A560AA
S214043D105E618358013383500D4B1B68DB6A9942FE
S214043D2085BF01200B4B00201860F0BD0A4A50687E
S214043D308568D8611D626C6084609A62136801337A
S214043D401360E9E7F0360020103700208C37002097
S214043D50EC3B00200437002048370020F8B51D4B04
S214043D601A681D4B12B101221A60F8BD1B4C1A606A
S214043D7023681B6B1A68B2F1A53F0BD15A68B2F1DF
S214043D80A53F07D19A68B2F1A53F03D1DB68B3F12A
S214043D90A53F04D0216820683431EBF79BFC142738
S214043DA00F4E104D316807FB01F3EA58581972B1EB
S214043DB04268083352682B449A42426008BFC2687D
S214043DC0D36808BF4260236031602368CDE70139B9
S214043DD0E9E700BFF036002004370020EC3B002063
S214043DE0103700208C370020014B1868704700BF3E
S214043DF0EC3B00200122014B1A6070470437002078
S214043E00054B1B6833B1054B1868B0FA80F04009BF
S214043E1040007047012070470C370020F036002021
S214043E20F8B5044600282ED01D4DC36A2A68D26A07
S214043E3093422DD282691B4E002AA1BF2A68D26AF9
S214043E40C2F138028261142202FB036342699A4279
S214043E501AD1071D384601F096FD2B68124ADB6A14
S214043E601168E3628B4288BF136014225343F1182F
S214043E704A689068A260E06047609760F2586161A3
S214043E800132F2500120F8BD2B68DB6AC362F9E701
S214043E902B68806CDB6A98422CBF00200120F2E776
S214043EA0EC3B00208C3700201037002070B5044609
S214043EB008B9002070BD154BC16A1B68826CC36CC0
S214043EC0914203F1FF33C364F3D0002BF1D1051DF7
S214043ED0284601F058FDA36CC3F13802A2610C4ACF
S214043EE0E36211688B424FF0140188BF13604B43A2
S214043EF0084AD01841688E68A160E66075608D60D7
S214043F00D158606101310120D150D3E7EC3B002049
S214043F10103700208C37002070B50446002831D0B6
S214043F20836C994238BF1946C36A8B422AD0C26C46
S214043F30012A27D1144A154D12688269C162002AE3
S214043F404FF0140202FB03534269A4BFC1F13801C7
S214043F5081619A4216D1061D304601F014FD0C4AC2
S214043F60E36A11688B4288BF136014225343E9182E
S214043F704A689068A260E06046609660EA586161AC
S214043F800132EA5070BD00BFEC3B00208C370020A5
S214043F9010370020034B186810B1C36C0133C36498
S214043FA0704700BFEC3B0020034B1B680360034BC9
S214043FB01B684360704700BF00370020143700209A
S214043FC070B50D460446FFF73DFA144B1968144BBA
S214043FD01A6892F8562042B100221B6883F85620CD
S214043FE00124FFF73DFA204670BD2B685A1C13D0F7
S214043FF00C48266800686268864204D08A4202D862
S21404400000232B60ECE7881A8342F9D95B1A134421
S21404401020462B60FFF7C8FF0024E2E71437002091
S214044020EC3B002000370020914208B54160006157
S2140440300AD8D21A83699A420DD2084B011D186811
S21404404001F07FFC002008BD9A4201D2994202D2B8
S214044050034B011DF3E70120F5E700BF4C3C0020AD
S214044060503C00200E4B70B51B680546DB680E46B8
S214044070DC68201D01F087FC94F828305A0709D51F
S21404408032462946204602F00AF92046236ABDE84D
S2140440907040184723F0010384F82830F5E700BF82
S2140440A0503C002010B5084C23681A6822B9074A09
S2140440B011681360216010BDDB684FF0FF3118688B
S2140440C0FFF7D0FFF0E700BF503C00204C3C002038
S2140440D0F7B5114CFFF7B6F92568BDB90F4F104E6A
S2140440E0384601F020FC304601F01DFC0D4B102133
S2140440F01F600D4B0A201E600C4A0D4B009501F004
S214044100DDFF206010B10B49FFF716FA03B0BDE8D7
S214044110F040FFF7A5B900BF483C0020683C0020EB
S214044120543C0020503C00204C3C002044640020BA
S214044130F43B00204E6B04002DE9FF41554E564BD0
S2140441401B681F680FB30025DB681F68FFF706FCB3
S214044150FFF70CFC336804469842DFF8448116D314
S2140441603060002D40D04D4B1B681D68B5FA85F5B0
S2140441706D092A46D8F80000391B01F004FFFFF742
S214044180C5FC48B901F00EFC06E00125DEE7FFF7A2
S21404419089FF3460FFF7BAFC102200216846F6F760
S2140441A03EFE00226946D8F8000001F05AFD0028B9
S2140441B0C5D0009B0298002B1FDB029C63691BBBC7
S2140441C0FFF7D4FB33680546984201D2FFF76AFF2F
S2140441D0009B3560013B082BE3D8DFE803F0191990
S2140441E03C435219193C43008742C2D8FFF78EFC61
S2140441F021463846FFF736FFCEE7019B03999847DA
S214044200009B002BCDDBD8E7201D01F0BCFBD7E7D5
S21404421094F82830A16943F0010384F82830019B00
S2140442202A4620461944FFF7FFFE0028B9D094F822
S214044230283059070AD5A36901992A462046194405
S21404424002F02DF82046236A9847AAE723F00103D4
S21404425084F82830F6E794F8283023F0010384F82D
S21404426028309EE794F82830019943F0010384F837
S2140442702830A1612B462A4620462944FFF7D4FE5F
S2140442808FE794F828309A07E7D4204601F0DBFB42
S21404429087E700BFF03B0020503C00204C3C002049
S2140442A0483C002010B588B0FFF712FF0E4B0024E0
S2140442B01868B8B107AA06A905A8CDE90544FFF70A
S2140442C019F8059B079A0293069B0849019328232D
S2140442D007480093234601F0B5FF064B1860001B01
S2140442E018BF012008B010BD483C0020536B0400E2
S2140442F039410400443C002038B50D46044602F01B
S21404430081F8064B1A682DB114431C60BDE838408A
S21404431002F073B822EA0404F7E700BF483E002020
S21404432038B5054602F06EF8044B1C6802F065F8D2
S21404433004EA0500003818BF012038BD483E0020B6
S21404434008B5EFF72FFE30B1034B186818B10368B1
S2140443501878C0F3401008BD4C3E002008B5EFF7AF
S21404436021FE48B1054B186830B10368188800F080
S2140443700700C31E5842584108BD00BF4C3E0020EB
S2140443802DE9F047E0B007AC0746C4F7CDFD20465C
S214044390C5F798FEB4F802C0BCF1020F7FD92646D2
S2140443A040AD0FCE0FC53368BCF1270F2B6009D97B
S2140443B02723A288ADF80231262A82BFADF804313D
S2140443C00023439320AE304640A9C5F739FE9DF836
S2140443D002A1BAF1000F62D00DF130090DF181038C
S2140443E0C9F80030A36848461B780DF15808A9F8A8
S2140443F004300DF20113C8F80030EBF745FA054611
S214044400002869D0207CC5F71DFC06460DF1100A6D
S21404441051464846EBF7F8F9002E43D10025594A91
S214044420594903AB504692F900200978C3F7CCFAF1
S2140444300346002840F09C8029464846534ACDF857
S2140444400080C3F703FB50BB4046EBF728FA20B1C5
S21404445031464046C6F73AF808BBA388FBB1A668BF
S2140444606288013B0136013A9BB2A6606280A38053
S21404447003B9E6684046EBF712FA18B1337843F00E
S214044480040333701DB1337863F07F033370B8F8D8
S2140444900420384640A98DF80021FDF7F3FE60B0ED
S2140444A0BDE8F087C5F74EFF0028B7D09AF8083065
S2140444B0002BB3D0022B07D151463046C6F70EFB6D
S2140444C0C543C5F3C035AAE73046BAF80010C6F7A8
S2140444D06DFAF5E73346AFE7BAF1010F18BF757802
S2140444E0C5F730FF002837D0384640A9FDF7C7FE89
S2140444F0002836D1207CC5F7A5FB05460028CED07B
S2140445009DF80831032B0BD09DF80831022BC6D139
S2140445102846BDF80011C6F749FA002805DABEE7B2
S21404452040A9C6F7DBFA0028EEDB3846FDF7A5FE01
S214044530B8B9A388002BB2D0A2686188013B0132C7
S21404454001399BB2A2606180A38003B9E268137844
S21404455063F07F031370A2E705F00705012D9ED0D4
S214044560E3E7022803D10A48EBF778FA97E7FEE771
S214044570002EAFD01A46054803A9C3F781FA0346AE
S2140445805AE700BF0A6500200B650020E864002097
S2140445909A73040000232DE9F0418CB0032001A98E
S2140445A00093C5F745FD002800F007819DF8043008
S2140445B0072B40F0028106A9C5F74AFD002840F003
S2140445C0FC809DF8140010F0110F08D110EA1012A8
S2140445D000F00F0303D113B10F2800F2EE80BDF8EC
S2140445E00640039A04F1010813781FFA88F8434535
S2140445F040F0E380E31E7B2B00F2DF80BDF808303A
S214044600002B00F0DA80511C013B03919BB2611E23
S214044610ADF80610ADF80830002B6AD1049B1F785D
S214044620C5F710FB064648B99DF8143013F0110F71
S21404463004D11A0702D00F2B00F2BF809DF8253054
S214044640002B58D007F00703022B40F0B680604DCD
S21404465001A92868C5F7F4FCA5F80480C5F790FD01
S2140446600146092001F04BFEFFF76AFE002838D009
S214044670584B2A681B6892781B689B789A4230D1FC
S2140446809DF81E30002B00F09880023406A8ADF882
S2140446901C40C5F789FD002840F08F809DF8263021
S2140446A0069C6B759DF82730AE62AB75C4F742FC6A
S2140446B0844228BF01F1FF310120C5E90241EFF72A
S2140446C0C0FCC4F719FEC7F30011292007F0100434
S2140446D001F015FEFFF742FE18B114B101223E4B5D
S2140446E01A70FFF73BFE08B9C5F742FC0CB0BDE8EC
S2140446F0F081577894E7C5F71FFE10B9B8F1040F98
S2140447005BD09DF81E30002B57D0A31C06A8ADF82E
S2140447101C30C5F749FD00284FD13048F2F7E6FEB5
S21404472000284AD169462E48F2F7CAFC002844D12C
S2140447300098002841D001A90C30C5F781FC009BE5
S21404474083F80080BDF82C20009B5A709DF9262023
S214044750009BDA709DF82720009B9A70009B069AAF
S2140447609A609DF81400EFF774FF002818BF00261F
S21404477000991A484E60F2F75AFEF0B117F0200777
S2140447800DD0C5F70BFD0446C5F7FAFC0534014603
S214044790E0B201F0B4FD0120EFF732FCA6E7C5F75E
S2140447A0EFFC0D4D0146092001F0A9FD2B78002BE6
S2140447B09CD0C5F7DDFB2F7098E7C5F7E1FC0146F2
S2140447C0042001F09CFD00990548F2F792FC8DE761
S2140447D0181500204C3E0020E7640020603E0020B0
S2140447E0503E002038B5054650B1184C0020EFF76F
S2140447F007FC23781BB1C5F7BBFB0023237038BD29
S214044800EFF7D0FB0028FAD02846EFF700FCFFF7B6
S21404481097FD044640B10120EFF7FDFB2946BDE8AD
S2140448203840282001F06BBD01462B2001F067FDBF
S214044830C5F79EFB0120EFF704FC2046EFF7D9FBF3
S2140448402046BDE83840EFF7EEBB00BFE764002023
S21404485008B5FFF775FD00B9FEE701F03BFD00B9AA
S214044860FEE70120EFF7FFFB0020EFF7C2FB002076
S214044870EFF7D9FB00212A2001F041FD0020EFF7D5
S214044880CAFBC5F775FB0022014B1A7008BD00BFB2
S214044890E7640020034B5868C0F30800003818BFCC
S2140448A00120704700ED00E0014B1868704700BF18
S2140448B0587C00200A4B1B6F03F00703013B032BB5
S2140448C003D8DFE803F00A030608FEE7054B18687A
S2140448D07047054BFBE7054870470548704700BF1F
S2140448E000800050587C0020607C002080D5430265
S2140448F0002D310108B5FFF7DDFF054B1B6FC3F331
S21404490001330133B0FBF3F0024B186008BD00BF5F
S21404491000800050547C00200048704700B4C40453
S21404492000487047002D3101014B1868704700BFDE
S214044930607C00200048704780D54302174A93687D
S214044940C3F304430C2B0AD8DFE803F00B09090968
S2140449500909072119091B1D1F001148704700206B
S2140449607047936803F04073B3F1807F11D0B3F1BE
S214044970007F10D0002B0B4818BF002070470A4851
S21404498070470A4870470A4870470A4870470A48FA
S21404499070470A4870470A48704700BF0040015AEB
S2140449A0405DC60000093D00C0EA210180BA8C01C2
S2140449B00048E801005A62020024F40080841E00C5
S2140449C040420F00014B1868704700BF5C7C002013
S2140449D04FF0FF31014801F098BE00BF484C00205C
S2140449E0014801F0B0BE00BF484C002038B505466B
S2140449F000283FD0FFF7ECFF044640BB284601F0F2
S214044A007AFD95F8243043B94FF098435A6CD20295
S214044A10FCD55D6D05F4702522E04FF09842936D49
S214044A2043F002039365FEF72DFC022811D1124BC6
S214044A304FF0FF31186E00F00BFF4FF09842936D65
S214044A4023F00203936530B1FFF7CAFF0124204622
S214044A5038BD2046F1E74FF4A022084B1D681A60C3
S214044A60FFF7BEFF0446002DF1D02846BDE83840C7
S214044A7001F0FEBC2124EAE7E44B00208C7C0020F5
S214044A8010B5044686B0C8B1C1B100230C4A836091
S214044A90C0E900230362012303910493094B06AA89
S214044AA0059312E907008DE807002046694601F0E1
S214044AB03FFD2046FFF79AFF06B010BD2120FBE716
S214044AC0000008430400002030B5154B87B002935D
S214044AD0144B0390049346F611030D46059300F019
S214044AE07DF91428044616D1684601F0B9FD4FF046
S214044AF0A843032202A95A6319601D619A63DA6BFC
S214044B009207FCD1142C02D1684601F0B7FD00F0E0
S214044B1057F9044601E00028E9D0204607B030BD26
S214044B20AC4C0020040000202DE9F04FB1B005463F
S214044B308C46E9466F4F3B9EDDF8F8E0409C07F153
S214044B40100AC846386879680837A8E80300574545
S214044B50C146F6D10EEB0208C8F1000909F00F09A8
S214044B60002E00F0AD80774207F00F070121DDF834
S214044B70FCB0C4F1100ACDF810B0059144F0005111
S214044B8006914FEA0A2101F4F85141F021010791F8
S214044B9006B96B460893002D40F09480002C00F074
S214044BA0918004AB0993002E00F08E8046F00053EB
S214044BB00A93002D40F08B80002C0CBF2123012388
S214044BC043EA07230B9308A842F00053CDF830C0FD
S214044BD03D990D900E934FEA092343F041030F933A
S214044BE01091002A75D00CA911910021002A18BF33
S214044BF0412341EA0E01129113933C9B3E4A1493BF
S214044C0010AB15933D4B0021169340F611031793F2
S214044C103B4B002D18BF1346189314AB1993394B0E
S214044C2010221A9311231B931CAB1846F6F7F7F8B9
S214044C3001221D924AF080421E92002203462392CD
S214044C4005B9EB46102C08BF01230DF1900A10227B
S214044C5000215046CDF880B021932294F6F7DFF871
S214044C60002C3AD020AB002125938F4218BF534620
S214044C7047F0804226923A9A2CA828922993B2FAB0
S214044C8082F35B0946EA837310222B912A93F6F784
S214044C90C6F826B328ABC8442D932CA948F0804305
S214044CA018A82E93FFF710FF38B935B90346024605
S214044CB0A34216D1002A18BF2C2031B0BDE8F08FCD
S214044CC0102753E701236DE747F0005370E72123CD
S214044CD076E74FF00051119088E70123C3E7534667
S214044CE0D9E703F1C001694411F8C01C01330A4333
S214044CF0DEE700BF277E0400548B0400100000206B
S214044D00508B040004000020F0B5C0299FB0249EF8
S214044D104FD0B1F5807F04D0802941D029201FB020
S214044D20F0BD40F2144440F23445002E18BF2C4621
S214044D3021271025019401240296039404950597CF
S214044D40259F069706B102AC07940124089509949A
S214044D500A9221220B940C950D92174A0AAC0E92D5
S214044D60164A0F94109242F611021192129313945B
S214044D701495159201AA1692CBB112AB179304237D
S214044D8018931123199316AB1A901B9340F611032C
S214044D90C9081C911AA806A91D93FFF795FEBEE73D
S214044DA0002E0CBF4FF482644FF48664C0E70EAB4B
S214044DB0E4E70F20B3E700BF4C8B0400100000109C
S214044DC0044B5B68C3F3080313B9034801F0BBBC88
S214044DD00020704700ED00E0B04C0020194A38B5BA
S214044DE0D2F8803243F00103C2F88032164B5B6877
S214044DF0C3F3080343B14FF0A842D36B13F0430F39
S214044E00FBD11424204638BD104B1B78A3B14FF0B9
S214044E10FF310F4801F079FC04460028F2D10D4D0D
S214044E202B681BB904212846F5F7F2F92B680133E1
S214044E3043F000432B60E5E7CBF7EAFA0446002884
S214044E40E5D0DFE70080005000ED00E0B566002006
S214044E50B04C0020AC4C002070B506460D4601F060
S214044E60D1FA04460E4B1B68183B13F1180F04D1F5
S214044E702046BDE8704001F0C0BA1A681268B24213
S214044E8001D09B69F0E7074A13601B69064A53F88A
S214044E902530157003B198470022024B1A60E7E7E5
S214044EA0A84D0020A04D0020B86600200346064802
S214044EB002689A4203D841680A44934202D3406A7D
S214044EC00028F5D1704700BFCC4D00200E4A30B5FF
S214044ED01368416183B9106083600CE0491B9D68C8
S214044EE01C4641612B461DB15D698D42F6D92CB135
S214044EF0A060836023B930BD0024F5E710608360AA
S214044F005A69521A5A61F6E70C4E00200D490B688E
S214044F10A0B10022A3B1834203D1836822B90B60F7
S214044F2003E01A469B68F5E7936083680BB9002094
S214044F3070475A6941690A445A61F8E72220704763
S214044F40022070470C4E002010B501F08DFD0A4C6F
S214044F500A4B19682368C31A09B9206010BD002BD0
S214044F60FBD04A699A423ABF9B1A0022D21A4A6177
S214044F7028BF00238968EFE7084E00200C4E002067
S214044F8038B5154D2B682BB35B69A3B1134A0220C1
S214044F9014681C4400F014FA204600F0D3F90023E9
S214044FA00F492A680B7022B1D08880070AD50123DE
S214044FB00B70002038BD022000F002FA022000F038
S214044FC021FAECE79268002AF3D050690344012BD7
S214044FD0EAD9EEE72220EDE70C4E0020084E00202A
S214044FE0BC66002070B50D469DF814101646017177
S214044FF00499BDF81820016000210446C0E9033670
S2140450008160C28006BB01F02FFD2844A0613DB933
S214045010E368656113B1204621689847C6B13546F2
S21404502001F0E3F90646FFF78FFF29462046FFF70F
S2140450304DFF084B1B689C4201D1FFF7A1FF304689
S214045040BDE8704001F0CCB901F00EFD3044DDE758
S21404505070BD00BF0C4E0020F8B50546D0B101F077
S214045060C4F90646FFF770FF0B4B28461F68FFF788
S2140450704DFF044620B1304601F0B2F92046F8BD93
S214045080AF42F8D1FFF77CFF2228F4D1022000F0CB
S214045090A3F9F0E72224F1E70C4E002038B50C46BD
S2140450A00546A8B1A1B100230B7001F0ABF90121AC
S2140450B0084B1B6833B901F0A0F9002038BDAB4299
S2140450C004D121702278002AF9D0F4E79B68F1E72E
S2140450D02220F3E70C4E002070B501F093F9064643
S2140450E001F0C2FC084B044601201D6801F0ADFC2B
S2140450F018B101F0B9FC04460135304601F07DF9DB
S2140451002046294670BD00BF144E002038B5002145
S214045110044640F2E730054B4FF47A721D680023CC
S214045120E4FB0501D1F7B8FC38BD00BF104E0020E3
S2140451300B4B70B51B68044683420D460ED340F2F3
S214045140E7300021074B4FF47A721E680023E4FB15
S2140451500601D1F7A1FC2860002070BD2120FCE7E1
S214045160044E0020104E00200F4B10B51A689AB15A
S2140451704FF47A71531E1342A0FB01010ED1B2FA0A
S21404518082F2C2F11F04531CD243E04001FA03F337
S214045190184321FA02F20243104610BD0023D1F749
S2140451A07BFC0246F8E700BF104E002038B5164BCD
S2140451B014468342154B8B4123D3154B1A6802B30E
S2140451C04FF47A75A0FB050305FB0131531E134209
S2140451D011D1B2FA82F3C3F11F055A1CDB4301FA5C
S2140451E002F2E84021FA03F310431843E940C4E905
S2140451F00001002038BD0023D1F74EFCC4E90001AD
S214045200F7E72120F6E700BFEFA7C64B3789410032
S214045210104E0020C2072DE9F843044607D5464A37
S214045220136801331360FFF78FFEFFF7A9FEA30789
S2140452307FD501F0E7F84FF0000805464646FFF72D
S21404524083FE3E4F3C680CB16369A3B100223C4B1D
S214045250012E1A7003D118F0020F18BF1E70FFF744
S2140452608FFE222802D1022000F0B6F82846BDE8B8
S214045270F84301F0C2B823465A693AB91A79217933
S214045280914288BF1C469B68002BF5D1284601F046
S214045290B4F82569002D38D001F0E6FBA269A0EB2E
S2140452A002084FEAE873A84573F100032EDB23696E
S2140452B01344A36101232269CAB1C3B9A38BB5EB16
S2140452C0080533B1E28B13449BB2B3F57A7F28D238
S2140452D0E38301F097F8804629462046FFF7F6FD5B
S2140452E0A369226940461344A36101F086F8E36883
S2140452F013B1204621689847B4F8068001F082F876
S21404530001360546FFF720FE9CE7A84601F07AF82A
S21404531081462046FFF7FAFD484601F06EF8002362
S214045320C9E7A3F57A73E383A369013D013BA3614F
S214045330CFE7BDE8F88300BF144E00200C4E0020D3
S214045340BB66002010B5044601F04FF84FF0B0429B
S214045350936A1907FCD4136A116C5269120704D4B1
S214045360CA1A032A01D899420ED1E21A022A98BF11
S214045370DC1CB4F1FF3F38BF013C4FF0B0430822B9
S2140453801C6403F580539A6101F02AF8054A1378E1
S2140453903BB14FF0B041CB6B43F00203CB63002329
S2140453A0137010BDDA7D002007B5044B01A91879E7
S2140453B001F0E5F9019803B05DF804FBEC8B0400FA
S2140453C000F001038207034A48BF43F008039361D1
S2140453D0704700BF00100058820700F001030AD58A
S2140453E00121064A43F0080311704FF0B041CA6B1E
S2140453F022F00302CA63024A93617047DA7D0020F2
S21404540000200058830742BF0822014B5A617047A8
S214045410001000580A2810B50FD80123E8B18340BD
S21404542013F4757F33D113F02A0F32D10A280AD128
S2140454301D4A137823F001032FE0272805D82528D2
S21404544006D822282BD0002010BD29380328FAD8E5
S214045450154A137823F002031FE0144C2370F2F766
S21404546051F9134BC0B21A689042ECD00E4A127827
S214045470002AE8D12278002AE5D00E4A1268511C88
S214045480E1D0002ADFD01860EEF75CFFDBE70029E6
S214045490CED0054A137843F001031370D3E7024ACB
S2140454A0137843F00203F8E7C4660020C5660020BC
S2140454B0A8500020AC42002010B5EFF3058414B1C8
S2140454C00124204610BDFEF79BFC0128F9D0EFF31B
S2140454D01083002BF4D1EFF31184003C18BF012491
S2140454E0EFE708B54FF0E0231B69FEF789FC0128B7
S2140454F003D0BDE8084000F060BA08BD10B5FFF759
S214045500DBFF044640B9FEF77BFC40B1022808D115
S214045510FEF724FA204610BD6FF00500FBE70120D5
S214045520F9E74FF0FF30F6E710B50446FFF7C4FF7F
S214045530B0B9FEF765FC30F0020314D1012C03D198
S214045540FEF70CFA204610BD6CB9FEF7DFFA012808
S214045550F8D0FEF755FC841E18BF4FF0FF34F1E771
S2140455606FF00504EEE74FF0FF34EBE70023F0B5E9
S21404557087B006460F4614460593FFF79DFF18BBF3
S21404558016B364B3A56925B16B1E372B02D907B0D1
S214045590F0BD18256368DB0731D46369B3B19A0894
S2140455A02168D4E902C0BCF1000F11D057280BD9EA
S2140455B0206948B143B1013DCDE9010C3B46304674
S2140455C0009500F03FFE05900598E0E7A022E7E787
S2140455D00028F9D12369002BF6D10C4601E01825E2
S2140455E0A02205AB013D019321463B46304600957B
S2140455F000F0FAFD01281CBF00230593E4E7002011
S214045600C5E7FEF7F1BB10B50446FFF755FF28B90A
S2140456101CB12046FEF7B6F9800010BD0020FCE75A
S214045620002008B5FEF7CAF8FEE738B50546FFF7CA
S21404563043FF044650B965B12846FEF70BF9042823
S2140456400AD02846FEF7BAF8204638BD6FF00500A3
S214045650FBE76FF00300F8E76FF00200F5E770B5BC
S2140456600546FFF729FF10B10024204670BD1DB380
S2140456706E683307F8D4D5E9021306F0010691B133
S2140456804F2BF1D9B6B1042000F03DFD04460028A6
S214045690EAD0296811B12046FDF74EFF002EE4D06B
S2140456A044F00104E1E7002BDED12EB1042000F023
S2140456B0ECFCEBE70120E7E7012000F0E6FC0446FB
S2140456C00028D1D0002DD0D00026E2E7F8B5054654
S2140456D00C4620F0010600F00107FFF7EDFEA0B926
S2140456E0012D15D92146304667B100F018FC012873
S2140456F001D10020F8BD002C14BF6FF001006FF03C
S2140457000200F7E700F078FBF1E76FF00500F1E739
S2140457106FF00300EEE770B5044620F0010500F0D4
S2140457200106FFF7C9FE90B9012C13D946B12846E5
S21404573000F009FC01280CBF00206FF0020070BDC9
S214045740334632463146284600F013FAF2E76FF045
S2140457500500F4E76FF00300F1E7012810B50ED951
S21404576020F00104FFF7A8FE20B12046BDE8104053
S21404577000F0CFBB2046BDE8104000F0BDBB0020C3
S21404578010BD70B5054620F00106FFF795FE0446E9
S21404579048B9012D0AD93046FDF7ECFE304600F034
S2140457A0E7FB204670BD6FF00500FBE76FF00300D3
S2140457B0F8E773B504460E461546FFF77DFE40B976
S2140457C03CB1B44205D355B1D5E902322BB14F2AC8
S2140457D025D80024204602B070BD002AF9D1012C39
S2140457E008D02046314600F05BFC04460028F0D082
S2140457F075B9EFE703220021012000F01CFC17E036
S21404580020461A46314600F08CFC04460028E0D0B8
S21404581029680029DED02046FDF78EFEDAE7012C43
S214045820EED10322014600920246204600F046FCD2
S21404583004460028CDD0002EDAD000231A46194696
S21404584000F097F90128D3D0204600F091FBC0E77A
S21404585037B50C46054618B96FF0030003B030BDE3
S214045860FFF72AFEB8B1002CF6D12146284601AA35
S214045870019400F08DFA012802D06FF00200EDE7E3
S214045880019B0BB90020E9E74FF0E0234FF080526C
S214045890C3F8042DF6E72146284600F0ADFA0128A1
S2140458A0F0D0002CE9D06FF00100D7E713B504461A
S2140458B008B3FFF701FE0346A8B10023204601A95A
S2140458C0019300F037FA012803D06FF0020002B00B
S2140458D010BD019B2BB14FF0E0234FF08052C3F86C
S2140458E0042D0020F3E702460146204600F041F965
S2140458F00128F6D0E9E76FF00300E8E738B5054677
S214045900FFF7DAFD044640B955B12846FDF732FEE6
S214045910284600F02DFB204638BD6FF00500FBE757
S2140459206FF00300F8E74FF0FF3200F10803C0E918
S214045930022343600361002303607047002303616E
S214045940704730B50C68631C0AD103695A684A600C
S21404595091608B605960036808610133036030BD51
S21404596000F10802134652681568A542FAD9EDE715
S21404597043689A684B608A6051609960036808615E
S2140459800133036070470369D0E901128A605160ED
S2140459905968814208BF5A600022026118680138BB
S2140459A0186070474FF0E0234FF08052C3F8042D80
S2140459B0BFF34F8FBFF36F8F704710B500F025F815
S2140459C00446FDF7EDFF28B14FF0E0234FF0805278
S2140459D0C3F8042D2046BDE8104000F021B88369C2
S2140459E013F8023C662B0FD14FF0E023D3F8882D32
S2140459F042F47002C3F8882DD3F8342F42F04042A4
S214045A00C3F8342FFDF738BD7047EFF311804FF01D
S214045A10300181F31188BFF34F8FBFF36F8F704748
S214045A2080F31188BFF34F8FBFF36F8F704710B5A5
S214045A300446FDF793FF2046F1F79FF90446FEF768
S214045A4065F8204610BD10B5044640B1FDF786FF44
S214045A50204600F0A6FFBDE81040FEF757B810BD7C
S214045A6070B50446FDF7EEFC94F8455004F12406A0
S214045A706DB2002D01DD636AB3B9FF2384F84530A7
S214045A80FDF7EEFCFDF7DEFC94F8445004F1100636
S214045A906DB2002D01DD23697BB9FF2384F8443001
S214045AA0BDE87040FDF7DCBC3046FEF7FDF808B1F3
S214045AB0FEF7A0F9013D6DB2DBE73046FEF7F4F8D9
S214045AC008B1FEF797F9013D6DB2E2E710B504465A
S214045AD0FDF7B8FCA46BFDF7C3FCB4FA84F04009E8
S214045AE010BD70B51646026C0446856B42B906684E
S214045AF09EB98068FEF7DAF9A6600135A56370BD25
S214045B006EB94068F5F7A8F96368226C1344A26876
S214045B106360934224BF236863600020EDE7C06897
S214045B20F5F79AF9226CE36851429B1A2268E360FF
S214045B3093423EBFA3685B18E360022EEDD10DB11D
S214045B40013DEAE72846D8E703461A6C084610B42F
S214045B5062B1DC68A1189C68D960A14228BF1968A4
S214045B605DF8044B28BFD960F5F776B95DF8044BA9
S214045B7070472DE9FF41002704460E461D46019254
S214045B80B846FEF73DF9FDF75DFCA26BE36B9A425F
S214045B9013D22A4631462046FFF7A3FF636A1BB199
S214045BA004F12400FEF780F808B1FFF7FBFEFDF7CA
S214045BB057FC012004B0BDE8F081022DE9D0019B1A
S214045BC01BB9FDF74DFC0020F4E717B902A8FEF751
S214045BD0EBF9FDF745FCFDF7C1FEFDF733FC94F841
S214045BE04430FF2B08BF84F8448094F84530FF2BDC
S214045BF008BF84F84580FDF733FC01A902A8FEF728
S214045C00DFF9F0B9FDF71EFCA26BE36B9A420FD1E5
S214045C10FDF726FC019904F11000FEF713F8204660
S214045C20FFF71EFFFDF772FF48B9FFF7BBFE06E05D
S214045C30FDF716FC2046FFF713FFFDF767FF012765
S214045C40A1E72046FFF70CFFFDF760FFBBE738B17E
S214045C5000231A46194683600360C360FFF789BFB2
S214045C6070472DE9FF41002704460E460192B846C8
S214045C70FEF7C6F8FDF7E6FBA56BA5B13146204650
S214045C80FFF762FF2369013DA56333B104F11000F9
S214045C90FEF70AF808B1FFF785FEFDF7E1FB0120E1
S214045CA004B0BDE8F081019B1BB9FDF7D9FB0020C9
S214045CB0F6E717B902A8FEF777F9FDF7D1FBFDF76B
S214045CC04DFEFDF7BFFB94F84430FF2B08BF84F865
S214045CD0448094F84530FF2B08BF84F84580FDF7D0
S214045CE0BFFB01A902A8FEF76BF9C0B92046FFF76F
S214045CF0EDFE70B1019904F12400FDF7A3FF2046E0
S214045D00FFF7AEFEFDF702FF08B9FFF74BFE0127CB
S214045D10B0E72046FFF7A4FEFDF7F8FEF7E72046B7
S214045D20FFF79EFEFDF7F2FE2046FFF7CFFE0028A3
S214045D30EDD0BCE7F8B504460E46C1F7F3FDFFF711
S214045D4064FEA36BE26B07469A421FD994F845207B
S214045D500133FF2A55B2A3630FD1636A3BB104F142
S214045D602400FDF7A1FF10B10EB101233360012416
S214045D703846FFF755FE2046F8BDFDF7FDFD854283
S214045D80F5D201356DB284F84550F0E70024EFE70C
S214045D902DE9F843044689469046C1F7C3FDFFF74C
S214045DA034FEA66B0746C6B194F8445049462046CE
S214045DB06DB2FFF7C9FE013E6B1CA66313D12369BF
S214045DC053B104F11000FDF76FFF28B1B8F1000FCE
S214045DD002D00123C8F8003001263846FFF720FE1B
S214045DE03046BDE8F883FDF7C7FD8542F4D2013599
S214045DF06DB284F84450EFE7F0B5002585B004464C
S214045E0001912E46FDF7FCFF2F46FDF71BFBA36B07
S214045E10A3B1013BA363236813B9FEF7BBF8A060E4
S214045E20236933B104F11000FDF73EFF08B1FFF714
S214045E30B9FDFDF715FB012005B0F0BD019B1BB9AC
S214045E40FDF70EFB0020F7E716B902A8FEF7ACF83C
S214045E50FDF706FBFDF782FDFDF7F4FA94F84430EF
S214045E60FF2B08BF84F8447094F84530FF2B08BF16
S214045E7084F84570FDF7F4FA01A902A8FEF7A0F825
S214045E8010BB2046FFF722FEC0B123683BB9FDF7DE
S214045E90D9FAA068FDF7C4FF0546FDF7E1FA0199B3
S214045EA004F12400FDF7CEFE2046FFF7D9FDFDF7EA
S214045EB02DFE08B9FFF776FD0126A6E72046FFF774
S214045EC0CFFDFDF723FEF7E72046FFF7C9FDFDF7F4
S214045ED01DFE2046FFF7FAFD0028EDD0002DB1D0B8
S214045EE0FDF7B0FA616A19B1236B1968C1F138017C
S214045EF0A068FEF711F8A3E710B50446FDF7A2FA6A
S214045F00236823B9A468FDF7ABFA204610BD002425
S214045F10F9E703680BB9806870470020704770B5CE
S214045F20866804460D46FDF75FFF864204D1E368A3
S214045F3001200133E36005E029462046FFF75CFFB5
S214045F400028F4D170BD38B585680446FDF74CFFCB
S214045F5085420BD1E368013BE3600BB1012038BDF9
S214045F601A4619462046FFF704FEF7E70020F6E730
S214045F7010B5FDF7FFFA90F846301BB9BDE810409F
S214045F80FFF761BD10BD70B504460D461646FDF715
S214045F9059FA94F84430FF2B04BF002384F84430A5
S214045FA094F84530FF2B04BF002384F84530FDF7F2
S214045FB057FAA36B2BB93246294604F12400FDF7A1
S214045FC051FE2046BDE87040FFF74ABD70B50E4648
S214045FD0044610B3C06B00B3236CA3FB0035DDB9D5
S214045FE0FDF730FAD4E90F314B432268A563D01885
S214045FF05B1A62601A44FF23A06084F84430E260AF
S21404600084F8453056B104F11000FFF78CFC04F117
S2140460102400FFF788FC0AE0002070BD236933B132
S21404602004F11000FDF740FE08B1FFF7BBFCFDF7D6
S21404603017FA0120F1E72DE9F0410D46174606460A
S21404604018B900242046BDE8F081A1FB0038B8F159
S214046050000FF6D1484310F1510FF2D85030FFF735
S214046060E6FC04460028ECD080F846805DB100F1DA
S214046070500301212046C4E90F652360FFF7A6FFFD
S21404608084F84C70DEE70346F3E7024610B50021B9
S2140460900120FFF7D0FF0446FFF7D9FD204610BDC8
S2140460A010B50C4640B1884206D302220021FFF701
S2140460B0C2FF00B1846310BD0020FCE737B50D466F
S2140460C01C46E0B113B122B121B90C46204603B0F8
S2140460D030BDB1B950230121002D08BF22460193DB
S2140460E0C4E90F0584F8461020462260019B019BF4
S2140460F0FFF76CFF9DF8183084F84C30E6E704464A
S214046100E4E71446E2E7002213B50B460090114676
S2140461100120FFF7D3FF0446FFF799FD204602B09F
S21404612010BD37B513460D4658B1884209D302222E
S214046130009200221146FFF7C1FF00B1856303B049
S21404614030BD0020FBE710B590F8553004463BB947
S214046150006BFFF778FC2046BDE81040FFF773BCE1
S214046160012BF9D010BD2DE9F8430D46DDE909945D
S214046170960032460746A521206B9846F4F74FFE54
S214046180236B043E1E4426F007066DB16B1E04F115
S2140461903302093513F8011F02F8011F09B1AB4297
S2140461A0F8D1002384F83D30089D201D372D28BFE4
S2140461B03725E562A564FFF7C1FBC5F1380504F190
S2140461C01800FFF7BBFB43463A463046216B246172
S2140461D0A5616462FDF79AF82060B9F1000F01D05A
S2140461E0C9F80040BDE8F8832DE9F043074685B0BA
S2140461F09000884616469946FFF719FC0546F0B106
S2140462005820FFF714FC0446B0B158220021F4F7D6
S21404621006FE0D9B256301930C9B32464146384689
S214046220009302944B46FFF79EFF2046FDF73AFA8A
S214046230012005B0BDE8F0832846FFF704FC4FF0C4
S214046240FF30F6E72DE9F043174658220E460021A4
S21404625087B005929846DDE90F94059B0546059B95
S2140462600491C4B1B9F1000F15D02046F4F7D7FD58
S214046270022384F8553004ABC4F8309001930E9B87
S214046280284600933A46434631460294FFF76BFF8E
S2140462902046FDF707FA049807B0BDE8F08370B50A
S2140462A004460D461646A1692B4632462046294426
S2140462B0FDF7BAFE00B970BDA36920461D44236AE3
S2140462C09847F0E71046EDF769BB0846EDF766BB5E
S2140462D00020704708B5EDF765FE20B1BDE808401C
S2140462E00820FEF71DB808BD08B5C3F72BFDDDF77B
S2140462F057FC00F00300C31E5842584108BD38B589
S21404630004460D46C4F724F840B1F1F7E2F928B183
S21404631029462046BDE8384000F0ADBB002038BD15
S21404632008B5C3F72BFE012809D0C3F7FFFD0021EB
S2140463302C20FFF7E4FF00210A20FFF7E0FFBDE86A
S2140463400840C3F715BE38B50D46044620B1BDE86F
S21404635038400020EDF754BEEDF724FE90B1B5F5B5
S214046360007F4FF001000AD1EDF774FE2046EDF7EA
S2140463704EFEC2F7C1FFBDE83840C3F7F9BDEDF7DE
S2140463807BFEF6E738BD07B501AA0DF10301FBF75E
S214046390EDFA9DF8033003B3C2F7B4FFEDF72DFE14
S2140463A040B1C3F7EDFE01460720FFF7A8FF002023
S2140463B0EDF726FEEDF7F6FD50B1FDF7C1FF0146F9
S2140463C02620FFF79CFF4FF400710020FFF7BBFF69
S2140463D0FFF780FF08B1FEF73BFA03B05DF804FB55
S2140463E010B962B6BFF36F8F7047EFF3108072B6C2
S2140463F07047302383F31188704780F31188BFF306
S2140464006F8F7047EFF31180302383F31188704742
S214046410EFF31083DB0706D4EFF311802F2894BF25
S214046420002001207047012070474FF40040704759
S2140464304FF47A7070470122417803788A403021FD
S2140464404B4341F2100103F1A04303F570335A5055
S214046450704738B505460C46FFF7D4FF6D6BFFF75B
S214046460CCFF0120A0402840003818BF012038BDCA
S214046470B0F5802F24D010D8B0F5003F22D006D82F
S21404648028B3B0F5803F14BF012048207047B0F50C
S214046490403F14BF01202C207047B0F5302F13D096
S2140464A008D8B0F5E02F11D0B0F5202F14BF012086
S2140464B010207047B0F57F0F14BF012006207047E8
S2140464C04B2070472A2070471120704721207047C0
S2140464D008B528B128220021F4F7A1FC002008BD45
S2140464E02120FCE7036A042B9FBF00EB83020133E1
S2140464F0D16003627047036A052B14D84FF09842A4
S214046500116CC902FCD504339B0013650168103B6B
S21404651011604168116050F8081F11604FF09842EE
S2140465200344984200D1704750F8041F1160F8E7FE
S214046530836813B9816070475B685A68012AFBD187
S21404654059607047F0B5154649228FB0149C8DF8F3
S214046550242004F10C060DF1250254F8047BB44201
S21404656042F8047BF9D1247814704FF48074ADF8A3
S21404657034409DF8544000228DF836400424069496
S214046580169CCDE9001505941324049409ACCDE9B2
S21404659002340B4611468DF832208DF83350FEF740
S2140465A0C3FA0FB0F0BD30B5C02A93B02FD0B2F501
S2140465B0807F29D0802A2CD14FF4807480F001008B
S2140465C0204301901698012502901024212003955B
S2140465D004940590069301AB0795089409900A93D2
S2140465E006AB0B9304230C9311230D930AAB0E9165
S2140465F00F9340F61103D20802A90EA81092119325
S214046600FEF762FA13B030BD4FF48274D6E70F205B
S214046610F8E72920F6E708B5FEF7E0FBBDE80840F2
S214046620FEF7CEBB1FB5079C02949DF81840CDE933
S214046630003413460A4601460020FFF783FF04B0E1
S21404664010BD1FB5079C02949DF81840CDE9003490
S21404665013460A4601460120FFF774FF04B010BD36
S21404666010B50446FFF7C1FE4FF0A8431A6822602F
S2140466701B696360FFF7B4FE002010BD10B5044626
S214046680FFF7B3FE4FF0A84322681A6062681A61E7
S214046690FFF7A6FE002010BD10B4044608461146B7
S2140466A09DF804200192A2685DF8044BFFF7BABF78
S2140466B010B40446084611469DF804200192A268C8
S2140466C05DF8044BFFF7BDBF8068FEF71DBB896805
S2140466D0FFF769BF70B50546A8B1FFF786FE064604
S2140466E0286EFFF73AF8044640B1FEF78AFF844264
S2140466F009BF6C6D0124E44304F001043046FFF73F
S2140467006FFE204670BD0124FBE738B50D460446EF
S214046710B8B1FCF7B7FD02280FD1FFF779FE20B118
S2140467202046BDE83840FFF7D5BF2946206EFEF761
S214046730CDFF003818BF012038BD0328F0D0002054
S214046740FAE70120F8E710B50446B0B1FCF79AFD65
S21404675002280ED1FFF75CFE20B12046BDE81040AB
S214046760FFF7B8BF206EFEF7D6FF003818BF01202B
S21404677010BD0328F1D00020FAE70120F8E709B19C
S21404678000F005B822207047012100F043B870B528
S21404679006460D46FFF736FE04461D2E37D8DFE8BC
S2140467A006F00F18361C1E203622243636362628C7
S2140467B0362A2C2E3036363636343636363636329A
S2140467C0FEF778F8002628602046FFF716FE3046C7
S2140467D070BD0120C6F7C0FFF4E70320FAE70420E3
S2140467E0F8E70C20F6E70220F4E70620F2E7072095
S2140467F0F0E70820EEE70520ECE70920EAE70A20A0
S214046800E8E70D20E6E71020E4E70B20E2E70020A7
S2140468102126D8E7002070472DE9F74F0D460029BA
S21404682000F0B9800846FEF741FB0446D0E9057837
S214046830FFF7E8FD15F808EC35F8061C1EF0010F06
S214046840019000D031B90198FFF7D7FD012003B0BD
S214046850BDE8F08FA668D4F810A035F8049CA6EB23
S214046860C1060AF10103A5F1080C4A1CA6602361BF
S214046870B9F1000F00F085804FEAC9031846ACEB67
S214046880C90393F800B00EF0020E1BF0010F69D195
S214046890BEF1000F69D1B3F80290B3F806E0AEEB90
S2140468A0090EBEF1010F6CD18A1C083E4A44C4F896
S2140468B010A0A66035F802ECBEF1000F65D0D4E94E
S2140468C000600CEBCE0A06EB0009CA455DD21CF844
S2140468D03EC056461CF0010C15D1AEEB0101012951
S2140468E011D1BAF80210AAF802C001310A44BAF863
S2140468F00610002947D00AEBC10621690139216137
S214046900A1680839A16015F8081C013A21F00101B4
S21404691005F8081C002125F8061C5A801A7861F32D
S21404692000021A709EB3C3F107023244C2F3CF02C8
S214046930DA80B2806FB3BB422BD37A88002A08BFB2
S2140469401F46B8F1000F06D0434504D8B8F8022015
S214046950002A18BF43460198C4E90573FFF74DFDA6
S214046960002074E7BEF1000F0BD0361AA66015F8A7
S214046970086C4A4426F0020605F8086C00269E8039
S21404698098E7634696E70E46B7E70026BBE7DE8041
S214046990D0E71F46D5E7222059E701460020FFF737
S2140469A03BBFFFF7FABF2DE9FF410E461746984650
S2140469B00546A0B10024C461FEF74EFBBDF82C309A
S2140469C0284602939DF828302246CDE900833146B6
S2140469D03B46FEF707FB204604B0BDE8F0812220C4
S2140469E0FAE72DE9F0419846002386B00E4617468E
S2140469F005468DF81730C0B1C3610DF11701FEF7D7
S214046A004DFB9DF8174094B9BDF8343028460293E0
S214046A109DF830302246CDE9008331463B46FEF7EA
S214046A20E1FA204606B0BDE8F0812220FAE703200A
S214046A30F8E738B5FFF7E6FC054600F015F8044617
S214046A402846FFF7DAFC204638BD4FF0B04301284D
S214046A505B6904D0022805D1C3F3C000704703F075
S214046A6001007047002070474FF0B0439A6A12073F
S214046A70FCD4186A704738B504460D46F0F72BFE6A
S214046A8029462046FEF7C6FC002038BD000000005C
S214046A9000000000000000000000000000000000ED
S214046AA0F8B500BFF8BC08BC9E467047F8B500BFF2
S214046AB0F8BC08BC9E4670475FF800F0D16800201A
S214046AC05FF800F06D6900200F010000F401570024
S214046AD0426C7565746F6F74682048434920435050
S214046AE04300426C7565746F6F7468206576656ED6
S214046AF07420666C61677300426C7565746F6F749E
S214046B0068206C696E6B6C61796572004350432033
S214046B10456E64706F696E74204C6F636B004350EF
S214046B204320436F72650043504320456E64706F84
S214046B30696E7473204C697374204C6F636B0055D4
S214046B404E444546494E45440049444C4500546D20
S214046B50725100546D722053766300614672616D03
S214046B606520213D206E756C6C707472202626207C
S214046B706141636B4672616D6520213D206E756CC4
S214046B806C70747200766F6964206F744D6163462E
S214046B9072616D6547656E6572617465496D6D41B8
S214046BA0636B28636F6E7374206F74526164696FCD
S214046BB04672616D652A2C20626F6F6C2C206F7490
S214046BC0526164696F4672616D652A29002F676990
S214046BD0746875622F686F6D652F2E73696C6162B9
S214046BE0732F736C742F696E7374616C6C732F637C
S214046BF06F6E616E2F702F626173655F63373066E8
S214046C003832386161363263372F702F2E2E2F2E8E
S214046C102E2F6F70656E74363237363237303163E6
S214046C20303232392F702F7574696C2F746869721C
S214046C30645F70617274792F6F70656E74687265C4
S214046C4061642F6578616D706C65732F706C617408
S214046C50666F726D732F7574696C732F6D61635FE5
S214046C606672616D652E637070006F744572726F24
S214046C7072206F744D61634672616D6547656E651B
S214046C8072617465456E6841636B28636F6E7374D6
S214046C90206F74526164696F4672616D652A2C2098
S214046CA0626F6F6C2C20636F6E73742075696E74DC
S214046CB0385F742A2C2075696E74385F742C206FC4
S214046CC074526164696F4672616D652A2900614475
S214046CD065737420213D206E756C6C70747200753B
S214046CE0696E74385F74206F744D61634672616DAB
S214046CF06547656E6572617465456E6841636B5081
S214046D00726F62696E6749652875696E74385F7458
S214046D102A2C20636F6E73742075696E74385F74E2
S214046D202A2C2075696E74385F74290025303278F1
S214046D30002D6E00656E61626C6564006469736143
S214046D40626C65640072637000646961676E6F7379
S214046D5074696373206D6F64652069732025730DF1
S214046D600A00646961676E6F7374696373206D6F7C
S214046D7064652069732064697361626C65640D0AD6
S214046D8000646961672066656174757265202725ED
S214046D907327206973206E6F7420737570706F721A
S214046DA07465640D0A006661696C65643A20636FF5
S214046DB06D6D616E6420737472696E6720746F6F94
S214046DC0206C6F6E670D0A006661696C65643A2014
S214046DD0636F6D6D616E6420737472696E67206391
S214046DE06F6E7461696E7320746F6F206D616E7957
S214046DF020617267756D656E74730D0A006661694D
S214046E006C656420746F20706172736520636F6DA7
S214046E106D616E6420737472696E670D0A0067652F
S214046E20740025640D0A00696E0D0A006F75740DF2
S214046E300A00656E61626C650064697361626C6504
S214046E40007C2053746172744368207C20456E6411
S214046E504368207C20546172676574506F7765724E
S214046E60207C2041637475616C506F776572207C5A
S214046E7020526177506F77657253657474696E67D4
S214046E80207C0D0A2B2D2D2D2D2D2D2D2D2D2B2D2E
S214046E902D2D2D2D2D2D2B2D2D2D2D2D2D2D2D2D1B
S214046EA02D2D2D2D2B2D2D2D2D2D2D2D2D2D2D2D0B
S214046EB02D2D2B2D2D2D2D2D2D2D2D2D2D2D2D2DFB
S214046EC02D2D2D2D2B0D0A007C20253775207C209A
S214046ED0253575207C2025313164207C20253131F0
S214046EE064207C2025313573207C0D0A00546172A1
S214046EF0676574506F77657228302E303164426D42
S214046F00293A2025640D0A41637475616C506F77C5
S214046F10657228302E303164426D293A2025640D7E
S214046F200A526177506F77657253657474696E6739
S214046F303A2025730D0A006377006563686F00675F
S214046F4070696F00706F77657200706F7765727323
S214046F50657474696E677300726177706F776572B3
S214046F6073657474696E670073747265616D006628
S214046F70616C73650075696E74385F742A206F746B
S214046F803A3A5370696E656C3A3A4275666665724B
S214046F903A3A476574557064617465644275665020
S214046FA074722875696E74385F742A2C2075696E3D
S214046FB07431365F742C20446972656374696F6E2D
S214046FC02920636F6E7374002F6769746875622F67
S214046FD0686F6D652F2E73696C6162732F736C74A2
S214046FE02F696E7374616C6C732F636F6E616E2F92
S214046FF0702F626173655F6337306638323861615B
S214047000363263372F702F2E2E2F2E2E2F6F70654D
S2140470106E74363237363237303163303232392F87
S214047020702F7574696C2F74686972645F7061720E
S21404703074792F6F70656E7468726561642F7372ED
S214047040632F6C69622F7370696E656C2F73706939
S2140470506E656C5F6275666665722E637070007529
S214047060696E7431365F74206F743A3A5370696E81
S214047070656C3A3A4275666665723A3A4765744490
S214047080697374616E636528636F6E7374207569C3
S2140470906E74385F742A2C20636F6E73742075695F
S2140470A06E74385F742A2C20446972656374696F41
S2140470B06E2920636F6E7374006D5772697465442D
S2140470C06972656374696F6E20213D206B556E6B23
S2140470D06E6F776E006F744572726F72206F743ABB
S2140470E03A5370696E656C3A3A4275666665723AEA
S2140470F03A496E4672616D65417070656E642875B6
S214047100696E74385F7429006E756D5365676D65B6
S2140471106E7473203C3D206B4D61785365676D65D6
S2140471206E7473006F744572726F72206F743A3A9D
S2140471305370696E656C3A3A4275666665723A3A99
S2140471404F75744672616D6552656D6F7665282954
S2140471500075696E7431365F74206F743A3A5370F2
S214047160696E656C3A3A4275666665723A3A4F7568
S214047170744672616D654765744C656E67746828FD
S21404718029006661696C65640D0A737461747573AD
S214047190202523780D0A00616464722D6D61746382
S2140471A068006175746F2D61636B004469616720C4
S2140471B0434152524945522D574156452F546F6EFE
S2140471C06520737461727400446961672043415298
S2140471D0524945522D574156452F546F6E652073BC
S2140471E0746F7000446961672053747265616D2022
S2140471F0504E392073746172740044696167205379
S214047200747265616D2073746F70004469616720E1
S214047210616464726573732D6D617463682025738D
S2140472200044696167206175746F2D61636B202566
S21404723073004661696C656420746F20636F6E66C4
S214047240696775726520726164696F206576656E1C
S21404725074733A20257500496E697469616C697A9D
S21404726065640050414E49443D255820696E646566
S214047270783D257500457874416464723D2558252B
S2140472805825582558255825582558255820696EB8
S2140472906465783D25750053686F72744164647242
S2140472A03D255820696E6465783D257500537461E4
S2140472B074653D4F545F524144494F5F53544154A3
S2140472C0455F534C4545500053746174653D4F54B7
S2140472D05F524144494F5F53544154455F444953B8
S2140472E041424C4544006F744572726F722072615D
S2140472F064696F5363686564756C6552782875694C
S2140473006E74385F742C2075696E7433325F742C17
S2140473102075696E7433325F7429002F6769746848
S21404732075622F686F6D652F2E73696C6162732F9B
S214047330736C742F696E7374616C6C732F636F6EE9
S214047340616E2F702F626173655F63373066383203
S214047350386161363263372F702F2E2E2F2E2E2F44
S2140473606F70656E74396338646232356165326491
S21404737033392F702F706C6174666F726D2D616275
S214047380737472616374696F6E2F65667233322F1D
S214047390726164696F2E63707000546F6F206C6145
S2140473A0746520746F206D6F64696679206F7574D8
S2140473B0676F696E67204650005472616E736D691C
S2140473C074206661696C6564204572726F72436FDF
S2140473D064653D256400436F6578697374656E6300
S2140473E065204750494F20636F6E66696775726102
S2140473F074696F6E73206E6F7420736574005374B3
S2140474006174653D4F545F524144494F5F53544144
S21404741054455F524543454956450047502052431C
S2140474205020494E54463A204750204672616D65B6
S21404743020696E6974212100475020524350204928
S2140474404E54463A2053656E64696E6720526573DF
S214047450706F6E73652121004750205243502049B7
S2140474604E54463A2062756666657265642121004C
S21404747052780054780047502052435020494E54C6
S21404748046203A202825732920504C20496E6465EE
S21404749078203D202564204368616E6E656C203D2F
S2140474A0202564204C656E677468203D2025642082
S2140474B04643203D20253058004750205243502054
S2140474C0494E5446203A2028257329204C656E6779
S2140474D0746820616E642056657273696F6E204D01
S2140474E06174636865640047502052435020494ED7
S2140474F05446203A2028257329204D61696E746508
S2140475006E616E6365204672616D65206D6174639D
S214047510680047502052435020494E5446203A2093
S214047520282573292052656365697665642047506B
S2140475305F4348414E4E454C5F5245515545535462
S2140475405F434D445F4944202D2053656E64207488
S2140475506865204368616E6E656C20636F6E66694D
S2140475606775726174696F6E0047502052435020ED
S214047570494E5446203A20282573292042756666CB
S21404758065722047505F4348414E4E454C5F434F1B
S2140475904E46494755524154494F4E5F434D445F0A
S2140475A0494420636F6D6D616E64004750205243FA
S2140475B05020494E54463A2047502066696C7465FC
S2140475C07220706173736564212100536574746955
S2140475D06E672070616E496E6465783D256420741C
S2140475E06F20307825303478004164642053686F07
S2140475F07274416464723A20656E7472793D2564CF
S2140476002C20616464723D30782530347800436CF5
S2140476106561722053686F7274416464723A2065BF
S2140476206E7472793D25642C20616464723D3078F2
S2140476302530347800436C6561722053686F727429
S2140476404164647220656E74726965730041646493
S21404765020457874416464723A20656E7472793D8C
S21404766025642C206164647220257000436C656177
S2140476707220457874416464723A20656E74727937
S2140476803D256400436C65617220457874416464EA
S2140476907220656E747269657300736C5F637063E1
S2140476A05F7772697465206572726F723A203078FB
S2140476B02530346C58004F5420537461636B004F6C
S2140476C05420537461636B204D75746578004F5471
S2140476D020537461636B2053656D6170686F7265C7
S2140476E0002C20002573203D2030782530386C7817
S2140476F025730052657365742063617573653A205B
S2140477005761746368646F6720657870697265642E
S2140477102C206E6F2072656C6961626C65206578DA
S21404772074726120696E666F726D6174696F6E0043
S21404773052657365742063617573653A2057617486
S2140477406368646F6720636175676874207769741B
S2140477506820656E68616E63656420696E666F0096
S214047760496E737472756374696F6E2061646472B3
S2140477706573733A2025346C7800526573657420FB
S21404778063617573653A204173736572742025735B
S2140477903A256C640052657365742063617573657D
S2140477A03A2048617264204661756C7400484653FA
S2140477B0522E5645435454424C3A206572726F72A8
S2140477C02072656164696E6720766563746F7220E3
S2140477D07461626C6520666F7220616E20657863E2
S2140477E0657074696F6E00484653522E464F524376
S2140477F045443A20636F6E666967757261626C65AC
S214047800206661756C7420636F756C64206E6F748B
S21404781020616374697661746500484653522E4449
S214047820454255474556543A206661756C74207235
S214047830656C6174656420746F2064656275672086
S2140478402D20652E672E2C20657865637574656417
S21404785020424B50540052657365742063617573FF
S214047860653A204D656D6F7279204D616E6167656E
S2140478706D656E74204661756C7400496C6C656742
S214047880616C2061636365737320616464726573FD
S214047890733A2025346C7800434653522E257300E1
S2140478A052657365742063617573653A2042757317
S2140478B0204661756C740041646472657373206954
S2140478C073206F6620616E20696E737472756374BC
S2140478D0696F6E20616674657220627573206661D6
S2140478E0756C74206F636375727265642C206E6F9A
S2140478F074207468652063617573652E004346536F
S214047900522E286E6F6E6529206C6F6164206F722C
S2140479102073746F726520617420616E20696C6CCC
S2140479206567616C20616464726573730052657385
S21404793065742063617573653A20557361676520C5
S2140479404661756C74005265736574206361757363
S214047950653A204465627567204D6F6E69746F7270
S214047960204661756C740070726F63657373006D86
S21404797061696E005468726561640048616E646C87
S2140479806572002573206D6F6465207573696E6774
S21404799020257320737461636B202825346C78204B
S2140479A0746F2025346C78292C205350203D2025D4
S2140479B0346C780025752062797465732075736558
S2140479C0642028257525252920696E2025732073B3
S2140479D07461636B20286F7574206F66202575208C
S2140479E0627974657320746F74616C290053502037
S2140479F06973206F757473696465202573207374C6
S214047A0061636B2072616E67652100496E746572EE
S214047A1072757074732061637469766520286F725A
S214047A20207072652D656D7074656420616E6420C7
S214047A30737461636B6564293A004E6F20696E74D3
S214047A40657272757074732061637469766500522A
S214047A506573657420696E666F3A203078257820E1
S214047A602825732900457874656E6465642052651C
S214047A7073657420696E666F3A2030782532582014
S214047A8028257329004941434356494F4C3A2061FF
S214047A907474656D7074656420696E73747275634E
S214047AA074696F6E2066657463682066726F6D20F5
S214047AB061206E6F2D6578656375746520616464F6
S214047AC072657373004441434356494F4C3A2061F0
S214047AD07474656D70746564206C6F6164206F7275
S214047AE02073746F726520617420616E20696C6CFB
S214047AF06567616C2061646472657373004D554EEE
S214047B0053544B4552523A20756E737461636B201E
S214047B1066726F6D20657863657074696F6E207227
S214047B20657475726E206361757365642061636342
S214047B306573732076696F6C6174696F6E004D535C
S214047B40544B4552523A20737461636B696E6720D6
S214047B5066726F6D20657863657074696F6E2063F6
S214047B606175736564206163636573732076696FFA
S214047B706C6174696F6E004D4D415256414C4944D8
S214047B803A204D4D415220636F6E7461696E7320C6
S214047B9076616C6964206661756C742061646472D5
S214047BA065737300494255534552523A20696E73C1
S214047BB07472756374696F6E20707265666574633B
S214047BC068206361757365642062757320666175E9
S214047BD06C74005052454349534552523A207072D1
S214047BE065636973652064617461206275732066D9
S214047BF061756C7400494D50524543495345525281
S214047C003A20696D70726563697365206461746196
S214047C1020627573206661756C7400554E53544B20
S214047C204552523A20756E737461636B696E6720B1
S214047C306F6E20657863657074696F6E2072657404
S214047C4075726E2063617573656420646174612067
S214047C50627573206661756C740053544B455252BA
S214047C603A20737461636B696E67206F6E20657863
S214047C7063657074696F6E20656E747279206361D3
S214047C80757365642064617461206275732066612F
S214047C90756C74004246415256414C49443A20425F
S214047CA046415220636F6E7461696E732076616C10
S214047CB06964206661756C742061646472657373AC
S214047CC000554E444546494E5354523A2074726900
S214047CD0656420746F206578656375746520616ECD
S214047CE020756E646566696E656420696E73747269
S214047CF0756374696F6E00494E5653544154453A41
S214047D0020696E76616C69642045505352202D209C
S214047D10652E672E2C20747269656420746F207338
S214047D20776974636820746F2041524D206D6F64C8
S214047D306500494E5650433A206578636570746909
S214047D406F6E2072657475726E20696E74656772E4
S214047D5069747920636865636B73206661696C6512
S214047D6064004E4F43503A20617474656D707465B8
S214047D706420746F2065786563757465206120637C
S214047D806F70726F636573736F7220696E7374724B
S214047D90756374696F6E00554E414C49474E4544B1
S214047DA03A20617474656D7074656420616E207524
S214047DB06E616C69676E6564206D656D6F7279209F
S214047DC06163636573730044495642595A45524F7A
S214047DD03A20617474656D7074656420746F2065F0
S214047DE07865637574652053444956206F72205530
S214047DF044495620776974682064697669736F729B
S214047E00206F662030006A09E667BB67AE853C6E65
S214047E10F372A54FF53A510E527F9B05688C1F836B
S214047E20D9AB5BE0CD1900FFFFFFFFFFFFFFFFFFAD
S214047E30FFFFFFFFFFFFFF004145532D3235362D70
S214047E4043434D2A2D4E4F2D544147004145532D53
S214047E503139322D43434D2A2D4E4F2D5441470080
S214047E604145532D3132382D43434D2A2D4E4F2D47
S214047E70544147004145532D3235362D43434D007A
S214047E804145532D3139322D43434D004145532D41
S214047E903132382D43434D004145532D3235362D6E
S214047EA047434D004145532D3139322D47434D004C
S214047EB04145532D3132382D47434D004145532D0E
S214047EC03235362D434243004145532D3139322D48
S214047ED0434243004145532D3132382D434243003B
S214047EE04145532D3235362D454342004145532DE9
S214047EF03139322D454342004145532D3132382D18
S214047F004543420073496E7374616E6365735B69BF
S214047F105D006170702E630073496E7374616E63E6
S214047F2065002C2066756E6374696F6E3A20006176
S214047F307373657274696F6E2022257322206661DE
S214047F40696C65643A2066696C6520222573222C68
S214047F50206C696E65202564257325730A00232D1D
S214047F60302B2000686C4C00656667454647003039
S214047F703132333435363738394142434445460086
S214047F803031323334353637383961626364656686
S214047F90007F000D0E12232425262728292A363989
S214047FA03E3F00131510801A8012808000060601DA
S214047FB0020312010062676275660061636C006CFE
S214047FC06C5F636F6E6E656374696F6E006C6C5F76
S214047FD06164765F736574006C6C5F76616C69646B
S214047FE061746F720062675F6D65737361676500C5
S214047FF0736F66745F74696D65725F6D65737361C4
S2140480006765006C6C5F6164765F73796E63006CA1
S2140480106C5F7363616E5F73796E63006761705F34
S214048020706572696F6469635F6164760067617026
S2140480305F706572696F6469635F73796E63006C01
S214048040326361705F636F635F6368616E6E656CF5
S214048050006D626564746C735F636F6E74657874C8
S2140480600062676275665F696E0062676275665F66
S2140480706F75740062676275665F6E6F666C6F77A5
S21404808000000000D06A040000000000EC2D002070
S21404809058000000C80A0020E8030000330000006F
S2140480A00000000000000000E26A04000000000077
S2140480B0542E002050000000F86A0400000000005F
S2140480C0A82E002058000000B00E0020E803000090
S2140480D03400000000000000000000004E0C000009
S2140480E0030400000100000001000000000000007E
S2140480F013B779FAC925DDB7ADF3CFE0F1B614B8F6
S2140481000102000000000000FFFFFFFF2200000045
S2140481100100000000000000000000000000000055
S2140481200000000000000000000000000000000046
S2140481300000000000000000000000000000000036
S214048140000000000000010004000100100004000C
S2140481500200200024000300400044000400000045
S2140481600400050037000000534C2D4F50454E5474
S21404817048524541442F332E312E302E305F476906
S214048180744875622D3531333533633431643B209E
S21404819045465233323B204D61792020362032301A
S2140481A032362030313A30303A343500718F0000A0
S2140481B0A98F0000298F0000A18E0000FD8E00000C
S2140481C0958E00004980040083020300000000002E
S2140481D0376F0400757F0000000000003A6F04004B
S2140481E0FD7B0000000000003F6F0400CD7D000012
S2140481F000000000446F0400CB02030000000000EF
S2140482004A6F0400ED7F000000000000586F040071
S214048210E17E000000000000F4710400B3020300D5
S21404822000000000DF710400BF020300000000002D
S214048230686F0400B17F000000000000000000002A
S214048240000000007700000000000000700000003E
S21404825000000000010000006000000000000000B4
S21404826001000000610000000000000001000000A2
S2140482706300000000000000010000004100000050
S21404828000000000010000004300000000000000A1
S214048290010000004800000000000000010000008B
S2140482A04700000000000000010000000D1500005B
S2140482B00000000001000000520000000000000062
S2140482C0010000005A000000000000000100000049
S2140482D05B000000000000000100000042000000F7
S2140482E0000000000100000049000000000000003B
S2140482F001000000000000000B0000000100000068
S214048300000000000E000000010000000000000055
S21404831068000000000000003000000000000000BC
S21404832000000000660000000000000001000000DD
S21404833021000000000000000100000036000000DC
S21404834000000000010000004400000000000000DF
S21404835001000000450000000000000001000000CD
S2140483604600000000000000010000004B00000072
S21404837000000000010000004C00000000000000A7
S21404838000000000220000000000000001000000C1
S2140483900D19000000000000010000003E1500005A
S2140483A0000000000000000071090000000000004A
S2140483B00000000002040506070000000810000084
S2140483C0692A03000000000004130000DD350300E2
S2140483D00000000005130000FB3503000000000049
S2140483E0081000004B2A03000000000004130000DD
S2140483F0173603000000000005130000353603009E
S21404840000000000070000006D2B030000000000C1
S21404841020000000F58C0000000000002100000091
S214048420592703000000000024000000512E03001A
S2140484300000000025000000A32E0300000000003A
S2140484402A000000F52E0300000000002B000000A8
S214048450192F0300000000002C000000792F0300F1
S2140484600000000030000000C98A00000000000080
S21404847031000000F3290300000000003200000071
S214048480172A0300000000003400000059280300E7
S2140484900000000035000000553603000000000010
S2140484A03600000023280300000000003700000008
S2140484B09D2803000000000038000000B7270300D2
S2140484C0000000003B000000ED2703000000000051
S2140484D03C00000073360300000000003D0000006E
S2140484E0E528030000000000B20000001539030070
S2140484F00000000000080000D13703000000000060
S21404850001080000633803000000000003080000B0
S214048510CF38030000000000000900009136030075
S214048520000000000D1200002F30030000000000C1
S214048530031300002B3503000000000004130000A2
S2140485405735030000000000051300009B350300A8
S2140485500000000003400000B52F030000000000E8
S21404856000000000872A030000000000010000004D
S214048570912A03000000000002000000252B0300DF
S2140485800000000003000000AF2A03000000000003
S21404859004000000B72A03000000000005000000E5
S2140485A0BF2A030000000000060000003B2B030067
S2140485B00000000007000000652B03000000000018
S2140485C008000000712B03000000000009000000F2
S2140485D08B2B0300000000000C000000932B03000C
S2140485E0000000000D0000005D2B030000000000EA
S2140485F0200000002D2703000000000021000000DA
S214048600432703000000000022000000033003009C
S2140486100000000023000000D58B000000000000CE
S21404862024000000232E03000000000025000000A4
S214048630752E03000000000026000000F72D03003E
S21404864000000000270000000D2E030000000000BC
S2140486502900000019300300000000002A00000072
S214048660C72E0300000000002C0000004B2F030060
S2140486700000000030000000212A03000000000073
S21404868031000000EB290300000000003200000067
S2140486900D2A0300000000003400000041280300F7
S2140486A000000000350000007528030000000000EC
S2140486B0360000000B28030000000000370000000E
S2140486C08D28030000000000380000009D270300EA
S2140486D000000000B00000002D320300000000007F
S2140486E0B10000003532030000000000020800005C
S2140486F01135030000000000040800004F290300A1
S21404870000000000050800006529030000000000C2
S21404871000090000AF380300000000000B12000040
S214048720E9340300000000000C120000633003006C
S214048730000000000D1200004D3003000000000091
S2140487400313000001350300000000000040000091
S214048750972F030000000000014000009B2F030039
S2140487600000000002400000992F030000000000F3
S21404877003400000F52F030000000000977104007A
S21404878009910000A271040085910000FFFF01001A
S2140487900102020303000000000000000100A00222
S2140487A00202020264000000B6000000640000003A
S2140487B000010000000000000000000000000000AF
S2140487C00B000000BF760400030000000000000059
S2140487D000000000CE760400000000000000000048
S2140487E000000000554E4B00474F200042544C00FA
S2140487F0474F3200474F3300474F3400474F35004A
S214048800474F3600474F3700474F3800474F390029
S214048810474F4100474F4200474F4300474F4400ED
S214048820474F4500474F46004A4D500042445200C9
S2140488305550520042544D004D534D0046544C0082
S214048840554E4B00474F200042544C0042414400D2
S21404885046544C00465243004F54410044534C0087
S2140488604241500055504700544D4500464155007E
S214048870545A4600554E4B0050494E00454D340060
S214048880554E4B0048562000554E4B004558500058
S2140488904C574D00554E4B005242540044534C0026
S2140488A0454D3400554E4B0041535400554E4B0035
S2140488B056465900494E4800554E4B004C434B0013
S2140488C058544C004F424600554E4B004852440004
S2140488D04D454D004255530055534700444247000A
S2140488E0444D410056435400554E4B00555020000D
S2140488F05250200041503000415031004150200079
S2140489004450200044454300E4870400E8870400FC
S2140489104088040074880400808804008888040062
S21404892094880400A4880400AC880400B888040072
S214048930C8880400E8880400554E4B0046494200A7
S21404894042544C0045585400505752005744470070
S21404895020535700435253004653480042414400B4
S214048960464C540042524F0001040103030601051D
S214048970010501090600060B0000070B050B0000A5
S2140489800000000000000000523000523100523255
S214048990005233005234005235005236005237002B
S2140489A052380052390052313000523131005231BF
S2140489B03200523133284C5229004D535000505344
S2140489C0500050430078505352004D535020757356
S2140489D065640050535020757365640043535441D6
S2140489E0434B20626F74746F6D00494353520053B7
S2140489F04843535200494E545F4143544956453008
S214048A0000494E545F41435449564531004346534A
S214048A105200484653520044465352004D4D41526C
S214048A202F4246415200414653520052657430006C
S214048A3052657431005265743200526574330052C4
S214048A4065743400526574350044617430004461C2
S214048A5074310000857A0400C57A0400B47F0400EB
S214048A60FD7A04003E7B0400B47F0400B47F040057
S214048A70777B0400A47B0400D37B0400F57B04000E
S214048A801B7C04005A7C0400B47F0400B47F0400FA
S214048A90947C0400C17C0400F77C0400327D04004E
S214048AA0627D0400B47F0400B47F0400B47F040035
S214048AB0B47F0400977D0400C77D0400DD550300E1
S214048AC0D9550300B7550300855503001556030012
S214048AD0E7550300875503002C000000020202033A
S214048AE0000000030000000000000000000000007A
S214048AF0000000000000000000000000000000006D
S214048B00000000000001020405141C208000000080
S214048B10000000000000000000000000000000004C
S214048B20000000000000000000000000000000003C
S214048B30000000000000000000000000000000002C
S214048B40000000000000000000000000000000001C
S214048B500120000000200000FFFFFFFF00000000CF
S214048B60FFFFFFFFFFFFFFFFBCE6FAADA7179E84DB
S214048B70F3B9CAC2FC6325510226000004000000B3
S214048B800000000000010000000000000B000000D0
S214048B900B0000000200000000002020000000007F
S214048BA0030000008C8C3C00000000000000000065
S214048BB00000000000000450010000000000000057
S214048BC00000000000000000080800000000065036
S214048BD00300000000000000088C0400048C04005D
S214048BE0008C0400FC8B0400F88B04000000005882
S214048BF01200000000000000040006000300060047
S214048C00020006000100060000000600FFFFFFFF4A
S214048C10FFFFFFFFFFFFFFFFFFFFFFFFFFFFFFFF5B
S214048C20FFFFFFFFB47F0400000000000000000008
S214048C300000000000000000C00A0000370000002A
S214048C400000000000000000010000000500020013
S214048C50000300007B750300F92301001B75030065
S214048C60ED750300C57503009D750300109304009D
S214048C7000000000CC8C040001000000000000008E
S214048C8000F049021093040000000000F08C040079
S214048C90010000000000000000F0490210930400E8
S214048CA000000000148D0400060000000000000010
S214048CB000F049021093040000000000EC8D04004C
S214048CC0010000000000000000F04902108E0400BD
S214048CD0809C2B8F80841E00000000002700FF7FEE
S214048CE0987C0020000000000496040000000000A9
S214048CF0508F0400809C2B8F80841E000000000090
S214048D002700FF7F987C00200000000008960400DF
S214048D100000000090900400809C2B8F80841E002E
S214048D20000000002200FF7F987C00200000000066
S214048D300C9604000000000090900400809C2B8F8A
S214048D4080841E00000023002300B600987C0020C8
S214048D50000000000C960400000000009090040040
S214048D60809C2B8F80841E000000240024009D001D
S214048D70987C0020000000000C9604000000000010
S214048D8090900400809C2B8F80841E000000250099
S214048D9025007D00987C0020000000000C9604004E
S214048DA00000000090900400809C2B8F80841E009E
S214048DB00000260026005300987C002000000000D7
S214048DC00C9604000000000090900400809C2B8FFA
S214048DD080841E00000027002700FF7F987C002068
S214048DE0000000000C96040000000000D09104006F
S214048DF0809C2B8F80841E00000000002700FF7FCD
S214048E00987C00200000000010960400000000007B
S214048E10FC1F0103B49404003C4001001000000051
S214048E2048400100201700005040010001040000E3
S214048E305C4002000D0F000001010000B440010078
S214048E4003C0010054C001000E2D09E620400401B1
S214048E50300000461FC801000020001000800000FB
S214048E6058400401180005004008000009000000EE
S214048E7092000A0080400C018C002C0200000000C6
S214048E80120012005B808C1B000000000002050E1E
S214048E901C2F4353626968615543320416E4B8C60E
S214048EA08A674533224A9204EC40070180B0B18CAD
S214048EB000000000640483078813C83A9C200A0054
S214048EC001612080B756351210410201A01B042907
S214048ED008884000284101010000000030410901D3
S214048EE06406660C0C0100004CD4E83B04196F3091
S214048EF00A10161C22282E343A4010325476980A49
S214048F001D5F80A4684103016404830788138200FC
S214048F100000000030420201000000000008000EBD
S214048F20A080020170380300D0000000A880011160
S214048F30F0010000A8800131055AFD01AC80011142
S214048F40F0010000AC800131053EFD00FFFFFFFF8D
S214048F50FC1F0103089504003C40010010000000BB
S214048F6048400100200700005040010000040000B3
S214048F705C4002000D0F000001010000B440010037
S214048F8003C0010054C001000E2D09E62040040170
S214048F90300000461FC801000020001000800000BA
S214048FA058400401180005004008000009000000AD
S214048FB092000A0080400C018C002C020000000085
S214048FC0120012005B808C1B000000000002050EDD
S214048FD01C2F4353626968615543320416E4B8C6CD
S214048FE08A674533224A9204EC40070180B0B18C6C
S214048FF000000000640483078813C83A9C200A0013
S21404900001612080B756351210410201A01B0429C5
S2140490100888400028410101000000003041090191
S2140490206406660C0C0100004CD4E83B04196F304F
S214049030080E141A20262C32383E10325476980A1B
S2140490401D5F0000684103016404830788138200DF
S2140490500000000030420201000000000008000E7C
S214049060A080020170380300D0000000A88001111F
S214049070F0010000A8800131055AFD01AC80011101
S214049080F0010000AC800131053EFD00FFFFFFFF4C
S214049090FC1F01035C9504003C4001000000000036
S2140490A048400100A00700005040010000000000F6
S2140490B05C4002000000000000000000B440010014
S2140490C0FF4C000054C001000A2D09E620400401AC
S2140490D0000000061FC000000060000000D0320040
S2140490E0584004016402FF008008000001000000EC
S2140490F01100080080400C01080400000000000075
S214049100D90322000000000000000000010207113D
S21404911021374B5A676962544029150500008020A0
S214049120434433332392A424EC40070190382CACF8
S21404913000000000640483078813C83A9D200A00D0
S214049140016120804737414A104102012A144A022D
S21404915089BBC00A28410101FFFF00003041090114
S2140491606406660C0C010000E853FA0000000800D0
S21404917012181E242A30363C424821436587A90B20
S2140491800000E0C468410301640483078813820076
S214049190C10800003042020145966B105C22670E3F
S2140491A0A080020170780300D5C00000A8800111D9
S2140491B0F0010000A88001310542CB01AC8001110A
S2140491C0F0010000AC80013105228D00FFFFFFFF97
S2140491D0FC1F0103B09504003C40010000000000A1
S2140491E048400100A00700005040010000000000B5
S2140491F05C4002000000000000000000B4400100D3
S214049200FF4C000054C001000E2D09E62040040166
S214049210000000861FC001000060000000800000FF
S21404922058400401180005008008000009000000EA
S2140492309100040080400C018C000C00000000002B
S2140492401300220000000000000000000002050DCC
S2140492501C2F42536269686053402E1F91822084FB
S2140492606745332212490200EC40070190382CACC3
S214049270000000005A10080AD007CA4A51104800D5
S214049280F9541E804737414A1041020130194A05F5
S21404929089BB400028410101FFFF0000304109015D
S2140492A0F15004430C010000E853FA0000000800E3
S2140492B010161C22282E343A404621436587A90BF3
S2140492C00000C0B4684103015A10080AD0074104DC
S2140492D0C1030000304202018993A30F5EC25D0EF3
S2140492E0A080020170780300D0000000A88001115D
S2140492F0F0010000A88001310542CB01AC800111C9
S214049300F0010000AC800131053EFD00FFFFFFFFC9
S2140493100C400200018101000041000020400200D0
S21404932000000000010000003040030000000000C0
S21404933000000000000000004040020000000000A2
S21404934000000000A840010007000000B840030029
S214049350FF4C0000FF4D0000FF4D000008C0010058
S214049360000000001CC0011000F807001CC00130FB
S214049370F502080020C00110FF00000020C00130E4
S2140493800013000024C00400EC80B3034375A80255
S214049390000000002E02000050C001008741300C7F
S2140493A058C0020054060708D1B6020064C008007C
S2140493B00430000040201006C8F248181FE8F600E3
S2140493C0BD4B721511A3180510325476980A000086
S2140493D088C0010000000000080001010807000022
S2140493E018000101AAAAAA00200001010060DA0000
S2140493F01C4001011000000030400301000000037F
S2140494000000000000000000684002012941767157
S21404941000000000E04002013300000000000000ED
S2140494200C410101B855120024410101000000005E
S2140494305441050101000000000000000000000087
S2140494400000000000000000384202010000000096
S21404945000000000444201010000000010800101E9
S21404946003000000388002011149100001000000CA
S2140494709C800101EB400200B08002010003000260
S2140494803700000188000202000C00044C000000B3
S2140494909400010200040000D40001029002960821
S2140494A0E40001023D094204180101026000510271
S2140494B0FFFFFFFF14000000000080000000000013
S2140494C054960400149604000000000080259600BC
S2140494D00048E80140420F00010200001149500212
S2140494E00000000000000000000000000000000073
S2140494F0000000003E420F000000000000000000D4
S21404950000000000000000001400000000008000BE
S2140495100000000054960400249604000000000096
S214049520802596000048E80140420F00010800002C
S2140495301149500200000000000000000000000076
S21404954000000000000000003E420F000000000083
S21404955000000000000000000000000014000000EE
S21404956000008000000000005496040034960400B6
S21404957000000000004786000048E80180841E00C2
S2140495800101000011495002000000000000000024
S21404959000000000000000000000000055841E00CB
S2140495A000000000000000000000000000000000B2
S2140495B01400000000004000000000005496040060
S2140495C04496040000000000082F86000048E801C6
S2140495D040420F0001010000114950020000000043
S2140495E00000000000000000000000000000000072
S2140495F02A420F00000000000000000000000000E7
S214049600000000000304000003030000030200003F
S21404961003010000E5BF00001C250000F401000063
S214049620F4010000F5DA02001C250000F401000035
S214049630F401000050C300007C150000DC050000A7
S214049640DC05000050C300001C250000F4010000E7
S214049650F4010000193F0106041001000001010690
S21404966000102700000C00000000000000000000AE
S214049670F499040000000000B896040001000000FD
S2140496800000000000F04902F49904000000000005
S214049690DC960400010000000000000000F049020F
S2140496A0F499040000000000009704000100000084
S2140496B00000000000F04902249704004063598F1C
S2140496C0404B4C000B000B001A00FF7FA07C0020D0
S2140496D000000000E09C0400000000001498040051
S2140496E04063598F404B4C000B000B001A00FF7F61
S2140496F0A07C002000000000E09C040000000000A5
S214049700049904004063598F404B4C000B000B0037
S2140497101A00FF7FA07C002000000000DC9C0400F0
S21404972000000000FC1F0103E09B04001CC00110A5
S21404973000F807001CC001301402080050C00100E5
S2140497408741300424400601070062003870000098
S21404975000000000000000030068010F40B8244029
S21404976058400101FC006900804005012363E011B4
S2140497709BC34A74F003000003800000BE0A000086
S214049780E040010133000000F0400401590B0000E2
S214049790640483078813C83A90200A00284101010C
S2140497A0001E00003C410B0100148C00141A2128F2
S2140497B02E343B42495043557698BA0C286900002B
S2140497C0010000000721286414171A002004C86941
S2140497D0A1203A093C42010129000000A0800201B0
S2140497E070780300D5C00000A8800111F0010000C5
S2140497F0A88001310542CB01AC800111F0010000C4
S214049800AC80013105228D00B08001010003000206
S214049810FFFFFFFFFC1F0103349C04001CC0011063
S21404982000F807001CC00130F502080050C0010013
S2140498308741300C2440060107C0420000000000A7
S21404984000000000000000030000000020380000B4
S214049850584001016402FF00804005015C02A00834
S2140498609BC34A74F00300000000000000000000E0
S214049870E040010173000000F04004011101000003
S214049880640483078813C83A9C200A00284101010F
S214049890031000003C410B01000000000000000023
S2140498A000000000000000000000000000000000AF
S2140498B0010000000000000000000000000000009E
S2140498C0000000003C42010100000000A0800201EC
S2140498D0D5C00000D5C00000A8800111F00100002A
S2140498E0A880013105228D00AC800111F001000032
S2140498F0AC80013105228D00B080010137000001E3
S214049900FFFFFFFFFC1F0103889C04001CC001101E
S21404991000F807001CC00130F502080050C0010022
S2140499208741300C2440060107C0520000000000A6
S214049930000000000000000300000000000000001B
S214049940584001016402FF00804005014B01A00855
S2140499509BC34A74F00300000000000000000000EF
S214049960E040010133000000F04004010000000064
S214049970640483078813C83A9C200A00284101011E
S214049980031000003C410B01000000000000000032
S21404999000000000000000000000000000000000BE
S2140499A001000000000000000000000000000000AD
S2140499B0000000003C42010100000000A0800201FB
S2140499C070780300D5C00000A8800111F0010000E3
S2140499D0A88001310542CB01AC800111F0010000E2
S2140499E0AC80013105228D00B08001010003000225
S2140499F0FFFFFFFF0C400200018014007F400000C0
S214049A002040020000000000000000003040070074
S214049A10000000000000000000000000000000003D
S214049A200000000000000000A007000050400100F5
S214049A30000000005C40020000000000000000007F
S214049A40A840010007000000B440040000400000E5
S214049A50FF4C000000410000FF4D000008C001005C
S214049A600000000020C00110FF00000020C00130EC
S214049A700043000024C00400EC80B3034375A8022E
S214049A80000000002E02000054C003000E2D09E65C
S214049A9054060708D1B6020064C00800043000006B
S214049AA040201006C8F248181FE8F600BD4B721591
S214049AB011A3180510325476980A000088C00100D5
S214049AC0000000000800010104070000180001015E
S214049AD00000000020000101088400001C40020170
S214049AE01000000020F913045C4005014108000042
S214049AF001000000B0070800A700000000000000F6
S214049B00944007010101103050707F7F0000000070
S214049B10000000000000000000000000000000003C
S214049B20E440010100000000EC4001017DA8D98B4F
S214049B300041020100612000B75635120C410301B2
S214049B40F95412002030042988BB40002441010146
S214049B5000000000304103016406660C0C0100009E
S214049B60E853FA00684103016404830788138200FB
S214049B700000000030420301000000000000000E58
S214049B8000000000444201010000000010800101B2
S214049B900300000038800201114910000100000093
S214049BA09C800101EB400200B480010137000001F3
S214049BB088000202000C00044C000000940001021D
S214049BC000040000D400010290029608E40001029A
S214049BD03D0942041801010260005102FFFFFFFF25
S214049BE0140000006666660000000000F49C040092
S214049BF0E49C040000000000001A9A00005A620266
S214049C0080841E000420FE0011495002000000005B
S214049C10000000000000000000000000000000003B
S214049C20B1841E00000000000000000000000000D8
S214049C3000000000140000006666660000000000D5
S214049C40F49C0400E49C0400000A0000001A9A0035
S214049C50005A620280841E0004200000114950024B
S214049C6000000000000000000000000000000000EB
S214049C7000000000B1841E00000000000000000088
S214049C800000000000000000140000006666660085
S214049C9000000000F49C0400E49C0400000C000097
S214049CA0001A9A00005A620280841E0004200000F3
S214049CB011495002000000000000000000000000EF
S214049CC00000000000000000B1841E000000000038
S214049CD00000000000000000000000000502000074
S214049CE000000000E1190000E11900000000000077
S214049CF000000000193F01060410010000010106DF
S214049D00001027000009000000000000000000000A
S214049D1088960400A0960400709604006C8C0400D8
S214049D20848C04009C8C0400B48C040001000000A5
S214049D30A87C0020000000000000010001000000D4
S214049D400100000001000000010000000100000006
S214049D5001000000020000000200000002000000F3
S214049D6002000000030000000300000004000000DE
S214049D7004000000050000000500000006000000C6
S214049D800700000008000000090000000A000000A8
S214049D900C0000000D0000000F0000001100000081
S214049DA01300000016000000190000001C0000004C
S214049DB02000000024000000290000002C00000001
S214049DC0340000003B000000430000004E0000008A
S214049DD0590000006A00000082000000970000009E
S214049DE00100000203000000289F0400A89E04004F
S214049DF0DC9E04000000000002000000209F040017
S214049E0003000000189F040004000000109F0400D4
S214049E1005000000089F040006000000009F0400E0
S214049E2007000000F89E04000E000000D49E040004
S214049E300F000000CC9E040010000000C49E040026
S214049E4026000000A09E040027000000989E040040
S214049E5028000000909E040029000000889E04004C
S214049E602A000000809E04002B000000789E040058
S214049E700000000000000000387E040070942B05EB
S214049E804C7E040070932A05607E040070922905B7
S214049E90747E040070842805807E04007083270581
S214049EA08C7E04007082260502000000000000007C
S214049EB000000000698F0300698F0300538F0300BE
S214049EC0418F0300987E040070641009A47E040089
S214049ED070630F09B07E040070620E090200000071
S214049EE00000000000000000000000000000000069
S214049EF00000000000000000BC7E04009024070060
S214049F00C87E040090230600D47E04009022050038
S214049F10E07E040010140400EC7E0400101303001A
S214049F20F87E04001012020002000000A78F03004F
S214049F30A38F03009F8F03009B8F0300858F03006E
S214049F40738F0300549F040001000800749F0400EC
S214049F50010008005F9C95BCA3508C24B1D0B15579
S214049F609C83EF5B04445CC4581C8E86D8224EDD6A
S214049F70D09F1157E0EB7A7C3B41B8AE1656E3FA15
S214049F80F19FC46ADA098DEB9C32B1FD8662051630
S214049F905F49B80014DEF9DEA2F79CD65812631A9D
S214049FA05CF5D3ED512563FCC2CAB9F3849E17A7AA
S214049FB0ADFAE6BCFFFFFFFFFFFFFFFF0000000057
S214049FC0FFFFFFFFF551BF376840B6CBCE5E316B5F
S214049FD05733CE2B169E0F7C4AEBE78E9B7F1AFEDA
S214049FE0E242E34F96C298D84539A1F4A033EB2D4C
S214049FF0817D0377F240A463E5E6BCF847422CE192
S21404A000F2D1176B4B60D2273E3CCE3BF6B053CC16
S21404A010B0061D65BC86987655BDEBB3E7933AAAA1
S21404A020D835C65AFFFFFFFFFFFFFFFFFFFFFFFF06
S21404A0300000000000000000000000000100000016
S21404A040FFFFFFFF010000001FAE03001014140002
S21404A050101C2030401C2000001C20304000000053
S21404A0600000000010141400101C2030401C2000B7
S21404A070001C203040505341004B4559000000005E
S21404A08000007AFF809F79FF009F73FF809E736CA9
S21404A0905F6F745F6372656174655F696E73746124
S21404A0A06E63650001FFFF013C00000094000000A1
S21404A0B03C00000096000000FFFFFFFFFFFFFFFFCD
S21404A0C0960000001A0260192040050013001D00C7
S21404A0D0120010001500FFFFFFFFFFFFFFFFFFFF4A
S21404A0E0FFFFFFFFFFFFFFFFFFFFFFFFFFFF2E0047
S21404A0F02F005200730075007900C800C900CA001A
S21404A100CC00DB00E300E400E500E6001B011F01D1
S21404A11020013701380139013B013C016801610126
S21404A120FFFF01000000000000010000007F0000A7
S21404A130000000000000007F000102070B001C0165
S21404A1401D011E01FFFFD200D300FFFF2D012E01CB
S21404A150FFFF0F0E0C080C080D181000CD00CE00E3
S21404A160CF00D000D10021012401260127012801B7
S21404A17029012201720123012501FFFF00010102CA
S21404A18001020203050017007D00D400D500DA00A2
S21404A190DC00DD00DE00DF00E000E100E2000E018E
S21404A1A00F0110012F017801630164016701FFFFAD
S21404A1B00403010102040400F4010000FA00000094
S21404A1C096000000640000004B000000320000000F
S21404A1D01E000000140000000000000050004000B4
S21404A1E00800500024000400900150024000900132
S21404A1F0AE011000D600D700D800D900FFFF00003B
S21404A2000102020B0701160C0000010808000005F5
S21404A2100108FFFF02FFFF0808020204FF010022F4
S21404A220FFFF23080F030304040A0A030A2AFFFF96
S21404A2301419191B011C15120400480C1404000000
S21404A2404CA2040058020000E82A00200000000087
S21404A2505802000090280020FFFFFFFFFFFFFFFFCB
S21404A260FFFFFFFFFFFFFFFFFFFFFFFFFFFFFFFFF5
S21404A270FFFFFFFFFFFFFFFF00021000905D0020BE
S21404A280402D00200000020800000000FFFFFFFF32
S21404A290FFFFFFFFFFFFFFFF0000000000000000BD
S21404A2A000000000000000000000000000000000A5
S21404A2B0955302007953020079AD0200ADAE020058
S21404A2C045AE020020C001B80000000100000101F4
S21404A2D00001010100000000000000001F150F151A
S21404A2E0150F151F010100033F000000FFFFFFFFCD
S21404A2F0FFFFFFFFFFFFFFFFFFFFFFFFFFFFFFFF65
S21404A300FFFFFFFFFFFFFFFFFFFFFFFF000102024B
S21404A3100303040506080C0C0C00010203040707DB
S21404A320C8C8C8C8C8C8C8C8C8C8C8C803040408B1
S21404A3300808080800B801B802B800B00304040806
S21404A34008050000000000000000000000000000F7
S21404A35000000000E90600004870460F4470080E2E
S21404A360307078130298941738702E0F3470540F88
S21404A370307042102C7042102870CA112470E211FA
S21404A3802070380F1C708A12187006131470340F5D
S21404A390B110086001D80A7104B87F78020C7E7880
S21404A3A0641000C6881F00A01DB8707803B018603B
S21404A3B00F3027B30F330111C0480698760229B030
S21404A3C0086001D8087109DD047109BB1110166014
S21404A3D0A048086004100112FF3221500860D048DB
S21404A3E0086000880698321400C4441F00A000BA0F
S21404A3F003DF107109DF0672029830031DB8507827
S21404A40000A04413281441158110086002D8147162
S21404A410108806981A1900C014C000B80698801B45
S21404A420009106988C020160B83020D806711EBCD4
S21404A430637C784D5412F03240DE0472404804DBEC
S21404A44008720DDD0C72044BEF3014480698EC04C9
S21404A45000C4E04000544412086201322140087CE3
S21404A460811140D91C72B1123032CF4A013AB1DAA6
S21404A470107208D8067104D80871804C237C50707A
S21404A480684C441200C4A41E00A04414413AF324A9
S21404A4900164415C412A047580B800C460400054DD
S21404A4A081D8307140D90472237C084B0698EC049A
S21404A4B004BA1CB9767900C1204001B8357906B9CA
S21404A4C006A901D8067102980A02804C307C0298CC
S21404A4D05E0208D86A7100C1544000B8141110D93D
S21404A4E05E71584C441280BDA26DFF25784C441210
S21404A4F0FC22513A2814104C00C20CC101B8241294
S21404A5002814086228140862281408622814304C98
S21404A510304C00C11C4000B814111814086100C562
S21404A520284001B85415FF35047110491814B04C6E
S21404A530441208620132067102980401804C08D85D
S21404A5400C7107BA24D8047106BA187004D80C71B2
S21404A55001BA40D80E7102BA0A7005BA20D804723D
S21404A56003BA204C4411C04C1814086118149111F5
S21404A570383111429111186110D90472EF3200C1BA
S21404A580084001B8141110311E6111422814A1119B
S21404A590086118140698661B181400C1084001B810
S21404A5A014111861FF31181400C1448001B8141145
S21404A5B01814086118143088024806988E0300930D
S21404A5C008DB047101F800A027B00F3000A0108843
S21404A5D0B111186180D90A7100C1884000B8081109
S21404A5E0009100A000C4684000B8441000A000C059
S21404A5F08840005004118261041082601050F0728A
S21404A60000A05415504512710698FC0406988C0454
S21404A61007B8707802B841781EBA5B7A5C7A5D7ABD
S21404A62000C220C001B824120698241900C5481F89
S21404A63000A05415511400C3FF010000313D096405
S21404A6407F3406989602015851280475015841280B
S21404A6500E758111086102D90472FF0FCC7007B819
S21404A660727800F8EBBD00C0441F00A00411113D31
S21404A67010D91271FF33186300C1781002B838116C
S21404A68007B97479581000A006988C020D3004722D
S21404A690044809DC0472084800C11CC101B814113E
S21404A6A000C3D01E00A0911504351A7218131CBBE3
S21404A6B008D804716C7B04D804716A7B1DBB2F7C9C
S21404A6C05B7B1670044B18131CBB08D804716F7B95
S21404A6D004D804716D7B217C0C30026006987804E3
S21404A6E00698BE0B00B8B111186140D906720298DC
S21404A6F0520401BC00C2084001B800DC0A712415EB
S21404A7000265604A0A702C4A241508654C4A0435CA
S21404A71008D90471202400C13C1F00A0141200DCD8
S21404A720327120D8067101B80C70F0DA0C720CDBAA
S21404A730087102B806988004482400C3384101B85A
S21404A74034138F7B0E7102B9911308DB047203B9BC
S21404A75028707C4914111110FD300DDC1C7200C0E9
S21404A760A01E00A0041080D8107100C0448001B858
S21404A7700410E5200475804900C3884000B8FFB87B
S21404A780012011410871014118130824014200C137
S21404A790284000B8141101411C655141911520351B
S21404A7A01E65514118132813481300C3844000B88B
S21404A7B0341003D81671073005DC1071B1108F7889
S21404A7C00A7200C384C40350217B1DB8507800B8B5
S21404A7D000C13C1F00A014121C602150F03001522E
S21404A7E0281100A04024076400C0FFFF0100013CBC
S21404A7F017B0022001584028067518AC01EC00A0DA
S21404A800208800C020C001B8041217B42113041213
S21404A8103052F8711964402400C35C1F00A0341041
S21404A82014110698F00D1961009211592129067623
S21404A83000BB11590698D00D8762313B0472215A29
S21404A840412A00A000C2686000B8B8B91F610D496B
S21404A850181200A0308801B9116100C30000C0FFBF
S21404A8603110312800BC002D0C75115418AC01ECC5
S21404A870312DF470196451134155312C009300A006
S21404A88000C3C00FFEFF50B2313A014250AA00A0E6
S21404A89006983807FFB0867808715CB86B786E78CF
S21404A8A000C2548001B800C0D81F00A004100812CB
S21404A8B0B822217A237A52B8417801B80C6021A8CC
S21404A8C009B819604CA800C0FFD1C1FF4FB2013AC5
S21404A8D000C0002E300001424FAA24B86E78ACB9EE
S21404A8E0FFB004D804714CB923A90698A20500C089
S21404A8F0139001000698280500A00698FC0419B8D1
S21404A9001460FFB28C620F32826A214006982805D2
S21404A91049BC21B952B849B207DE2A7105DE08716E
S21404A920627C607C1D0C6179677864786B786278E9
S21404A930657863786078617C010C010C6878020C99
S21404A94069786C78020C00C22C8001B8277A287AC1
S21404A950267A6A78050C41790A0CB11040D806713B
S21404A9600298B406784A2B7A327A584A247A00C473
S21404A97000011100404A00C01084000008125088EC
S21404A98000C584100100FBAD10BD01BB8A6B21B964
S21404A990FAA9C44A1812217A227A00C0341F00A0E9
S21404A9A00410FCA88264411030300129F9A9F8ADDE
S21404A9B0FBB08260FBA80330A0652110044820EC9D
S21404A9C0237A0410037A184A2411DC4A0158002911
S21404A9D0241004753150F8B1115081632A71514026
S21404A9E031400812FCB18461FCA90F310E7117B016
S21404A9F0112817B111591028FA76C44AF9B1181259
S21404AA00217A227AA07000950812F8A800C20C8059
S21404AA1001B8207A844A00B80812020CA44A087ABC
S21404AA20020C21B84178784A0B7A127A00C2C81F01
S21404AA3000A0FFB008D80472184A241000DC0A717B
S21404AA4040A80422241041A80698960200C2481F73
S21404AA5000A02410015100C4FF0100004139115028
S21404AA60081200A00698380700BC00C20C8001B883
S21404AA70217A52B84978020C4878020C49B84178D1
S21404AA8052AC21AC204A087A067A077A49AC00A070
S21404AA9059B840785AB101D9FC72427857B8407810
S21404AAA058B101D9FC72427800A000C20C8001B8EB
S21404AAB0217A227A21B8547852B8BC4A241199795A
S21404AAC0127107B915614CA9617800BB03BC0C640C
S21404AAD0147009B919614CA9417801BB126300C40A
S21404AAE0002E300000C0FFD1C1FF4FB101394141F3
S21404AAF04FA9E44AC8B8081224AB4CB823A8069851
S21404AB00A20500C004900100FFB1867904710848CC
S21404AB100698280500C08009004040A809B8FFB17F
S21404AB2008D9047103B853A8B11004D80C7156BBE5
S21404AB30607B57BA627A607A02D80C7156BB607B27
S21404AB4059BA627A607A04B86E783DB8607800C004
S21404AB505638000000C1B08001B814119979087203
S21404AB6000C0D604000000C124C000B814119F79A8
S21404AB70047208484CA82EB8FFB108D906714AA832
S21404AB8004704BA80FB834A800C00C5E000046B290
S21404AB90014246AA00C12C4001B8141108610631CE
S21404ABA0087100B906984A1106983814B11101D9EB
S21404ABB00E7106988C1B02D9067206989A0C069893
S21404ABC03214511406988C040698241106985E17BD
S21404ABD000A00698481701D80A711CB85B7807B815
S21404ABE0757800B84CA84AA84BA800C0F321FFFF0C
S21404ABF046B1013946A904B86F7800A0FABC1964B6
S21404AC00415C512C00C0581F00A00410012C06758E
S21404AC1006988C040698720FB110186005D8327125
S21404AC2040BA0698081404B86578911004D81671CA
S21404AC301CB86E7800C0684000B821780698721177
S21404AC4001400A721DB84278069844140298580BBC
S21404AC501DB8717804B86C7841B842786378447843
S21404AC60FFB104D906720298C40900C0049001001A
S21404AC70FFB18679047108480698280500C32C1F7E
S21404AC8000A000C274C000B82414481300BC4812C4
S21404AC901C4B1C4A2414481300BC4812084B584A40
S21404ACA02414481301BC48124ABA447A427A4BBA6E
S21404ACB0447A427AFFB086780472617A4CBA647A2F
S21404ACC0657A3DBA607A4DB942B83FBB5B7966791E
S21404ACD06179020C6479050C63796079050C6279F4
S21404ACE065795A7900C2340102B8241305B819608C
S21404ACF03140081242B86A78020C4A78020C40BC0A
S21404AD00FFB208DA06714ABA06704BBA627A657AF6
S21404AD10677A667A6A79667B02989E0A00C32C1F55
S21404AD2000A000C274C000B8241448131C4B1C4A6C
S21404AD30241448133FBC48121C4A00BC4812084B53
S21404AD40444A2414481301BC48124ABA647A627A04
S21404AD504BBA647A627AFFB3867B0472617A4CBA21
S21404AD60647A657A3DBA607A01D94E71647800C116
S21404AD70708001B800C08000080008110698800B97
S21404AD8042B861784DB97F797E796A786878627856
S21404AD90020C7B790F0C7A79140C747941786078FC
S21404ADA07579050CFFB208DA06714AB804704BB818
S21404ADB0657801BC1664407002D93C710698800B15
S21404ADC042B84DB96878407841787F797E797B7946
S21404ADD00F0C7A79140CFFB208DA087171794ABA42
S21404ADE0067070794BBA7279657A6A78020C4A787A
S21404ADF0050C01BC1664020C417940790C0C00C0A9
S21404AE004C0102B848100698EC0400C4784000B818
S21404AE10007C00C0A01E00A0041180D932719111DC
S21404AE2004D92C727F2021200411FD310DDD2072FF
S21404AE3000C0448001B80411E521147600C0244003
S21404AE4001B804118A790871207C104C207C2AB839
S21404AE506278511400C0581F00A00410012C17B0CB
S21404AE6001118768015841280E7605218769415CDF
S21404AE70412D112D067006988C0442B84DBB7C7B80
S21404AE806478020C29B8687851144044067506980C
S21404AE908C0442B844782AB84278FFB101D90C71C0
S21404AEA000C1548001B8CBB80811911004D81471AD
S21404AEB000C0A01E00A0041080D8067107B85378FE
S21404AEC000F807B800C1CC1E00A000C220C001B81C
S21404AED024122811777800F8B110947838710698FF
S21404AEE09602E4B911591128067600B80C70A0B978
S21404AEF0115901290475A0B8826000C3C01F00A0C0
S21404AF003413012B341000C3FFFF00FF42B1313964
S21404AF10114042A800A01DB09178FA7142B8647836
S21404AF20020C00BA29AA00C4548001B842B84DB92C
S21404AF3000C3C04001B83413977B047240EC020C83
S21404AF4044785C7953AA0A0C281442B84DB9FFB366
S21404AF5001DB2671244C00C3FF0FFF01381454791B
S21404AF60407841785579020C5B795A79140C5F79EC
S21404AF705E794A784278347002DB147152795179DA
S21404AF805079020C5B795A795F795E791E7004DB1E
S21404AF901A7100C4FF07000000C3342102B8481326
S21404AFA03FBB467B020C5B795A793DBB407B4CBB6E
S21404AFB0447B457B00C3301F00A03414403C207102
S21404AFC000C068C000B8481028131C4B1C48341432
S21404AFD048102813144B44483414481028134AAA1B
S21404AFE04BAA04B86D781DB851785CB84B784E7887
S21404AFF000A000C074C000B80411108800B918106E
S21404B00068480411108801B90B6118102C48041103
S21404B0101088008800C1231C000018104AB8647801
S21404B0204BB86478260C28B000C1FFFF0FF0113827
S21404B03071B90B61114028A828B97379747900C2D4
S21404B0401010303045AA54790E0C00C0E84001B800
S21404B050041100C23030101045AA0E0C04100088EB
S21404B060108806985C0D0091009020888F618F6090
S21404B07006985C0D0090886A21400112906A035875
S21404B08000C13F3F00001138FFBC0224412811389C
S21404B090014245AA28B953794AB844784BB844784B
S21404B0A000900091181000912C48181000916848E0
S21404B0B0181000A09168436091694361115B012BED
S21404B0C0112841603128315B00BA302806763128D1
S21404B0D0204A4163302806763128104A41633028D6
S21404B0E006763128084A4163302806763128044A11
S21404B0F04163302806763128024A416330280476B4
S21404B100014A00A0115910D906710860086008D9D0
S21404B1100471086004D90471046002D904710260E1
S21404B12001D90471016000A000BA01D80671014873
S21404B130112A1F61016001D8F6720138F67200A068
S21404B14000C220C001B8241211592129127300210B
S21404B1500E7100C238C001B824120121212900A0B2
S21404B16002B020D8147100C0B01E00A0041002B9AA
S21404B170457906987013EA7003B09F78087200B891
S21404B18006A800F80698380700C5641F00A0508873
S21404B190044D1CBC00C0B41E00A0811101D91E7150
S21404B1A0407C009501150C4D5088044DFFBB186378
S21404B1B0315B04110698E80D3129F8750698621A71
S21404B1C0541506988C1B01D9087206985207067007
S21404B1D00698EE071CBB547B0698481701D80672DF
S21404B1E00298140FFFB901211038F67281129B7A67
S21404B1F0F07100C2448001B8241400C0C01E00A030
S21404B200041001130020041040500C7200B9069874
S21404B210220F18B90A7018B90698220F00B900B898
S21404B2200698180F704A08B80698180F00C22840E7
S21404B23000B814B80698180F00C2EC4001B80CB851
S21404B2400698180F202210B80698180F1088308811
S21404B25006985207009300910698220F00C0C41E59
S21404B26000A00412FFB9012121411810009500F82E
S21404B270312811280410081200A004B83128112817
S21404B280F8B1181000A006987A080E700698BE0B3F
S21404B29006987A0806986C1206980C0791122119DB
S21404B2A000C02C4001B80A78097800F810B901BA31
S21404B2B00698FE130698241106985E1700C5641FA8
S21404B2C000A081109D78FC7200F8911203321CB91C
S21404B2D000C3A01E00A0341300C4B04000541DB820
S21404B2E04278707903DE067144783A707179A11059
S21404B2F020D8067102984E1080DB1C7102D8187292
S21404B30005B80814A11010300248081400B8081430
S21404B3109110086008141DB86278A11000DC067647
S21404B320517900BA0698481701D822729111203133
S21404B3301D61911004D80E7200C1501F00A0141194
S21404B34001D90A71208806984A11009200C120404B
S21404B35000B801DB1871084C03DE0471904C4414E9
S21404B36000C3FF1F0000413BFF233811944900C36C
S21404B370384101B83413086380DB0C7103BA1862D1
S21404B3800698361008701862069836100C49087924
S21404B390097914102140081100A000BD0698700217
S21404B3A010B903DC047100B901BA0698FE1302D979
S21404B3B0067100404E7203B118610F31069872117F
S21404B3C0FFD82872811008D8187106DD0A7106980D
S21404B3D0700203DC0C720698B611069844140C70BE
S21404B3E006DD10710698BC11487020B804A806DD66
S21404B3F0107206987A0806980C0701F840B804A854
S21404B40000F800C0A01E00A00413086301DB22712C
S21404B41091100111186111381DB910D808714479BA
S21404B42002984E1002DBFA72A11328DBF47203BDF5
S21404B4300698181106987A081DBA7F7A0698EC04BE
S21404B44000C5681F00A00698700200BA03DC1672D6
S21404B450044DA11002D804711C4D00C10CC101B8E2
S21404B4600698A8045415212D069838050298A408B1
S21404B4709110015503355150011900A000C14C1F0D
S21404B48000A0141001D8427101480860FE200E7511
S21404B490811020D8087100C1501F00A0141101D9D2
S21404B4A0287100C02C4001B80412215108610F31E4
S21404B4B018611152281000C0084001B804119112F6
S21404B4C0215120311152211900A0811380DB06720C
S21404B4D001B800A000C314C001B8341006302E72A0
S21404B4E06C4B34121C4B34101860023020728110DE
S21404B4F080D8DE713410014A08620460803021501E
S21404B5008C480A717F234D233410013000A000BDFF
S21404B510069818111CB847784578437802B84478DA
S21404B52000A006987A080698B61100C5741F00A0F5
S21404B5305415069838050298A408B1138F7B0A722E
S21404B54000C384C40350017B0698381400C13841F4
S21404B55001B814118F790E7100C1B84000B800BA52
S21404B5600698361050BA0698081406987211FFD832
S21404B5704A71911004D84872811008601CD8407231
S21404B58020D938721112FF32215134718021802162
S21404B590111400C0D81E00A00413FFBA3151113A8A
S21404B5A0215111531DB938107B7940440E7200B9ED
S21404B5B000C2AC1E00A01812067004B86078069884
S21404B5C0321400F800B900C2A44000541812644AA9
S21404B5D00AB918121CBA507A517A1DB942795F79A1
S21404B5E000A00698700207DC1072911000200A75FD
S21404B5F006986C120298600F06980C0701B9911011
S21404B60004D8047100B910BA0698FE1300BA0040B4
S21404B610347100C0A01E00A00411086101D9127183
S21404B62004D9E2728110086001D8DA711DB8647812
S21404B63000C11CC101B80698A80401B81160002A0C
S21404B640047600BA00C5781F00A05415212D06986C
S21404B6506C120698520700C57C1F00A000F800BCB8
S21404B660811108D9167280D9207201B910BA0698C9
S21404B670FE1300400E7101BC10700698B6110698B1
S21404B680441420B804A800F806986C1281110231FC
S21404B690127100B900C2144000541812244A02B9A8
S21404B6A018120698B61100C5801F00A054150698F7
S21404B6B0EA1A0298A4080411012114711CBA737AB8
S21404B6C0042004122811042004110121F47200A09D
S21404B6D00698EC0401F80698481701D81671FFB9C5
S21404B6E0012110380E7281109B78087104B96779AD
S21404B6F000F8911010D8287100C51CC101B8541167
S21404B7000698E80D00C5C81E00A054155129EA7510
S21404B71007B876781DB8447801B804A800F8B110C4
S21404B720186010D82E7100C05040005400C3084062
S21404B73000B83114984C44113411086101D9FA71D7
S21404B740441228100862281008622810086228107C
S21404B750E8700298AA0206988C02113804721E62D7
S21404B76002BB00C1D81E00A0141120390C7291121D
S21404B77010DA0672417B00A00698381400C2A01E98
S21404B78000A0241220DA0472617B1CBA527A00A04C
S21404B7901CBA727A811204DAFC7200A01CB86B78A8
S21404B7A000C0684000B82F7800A00698481701D853
S21404B7B03A7100C22C4001B8241003609111203164
S21404B7C00151383111501D6008121DB9457900C267
S21404B7D0448001B8241200C0C01E00A00410182023
S21404B7E00020041020500471657910631EB9637933
S21404B7F000B902EC00CD114502EC00CC01DB087167
S21404B80000BB0298D01803B841110731FA211C7600
S21404B8100621911210DA087102DD10721E7020B82B
S21404B8200698AC0D3038147208B80698780400C030
S21404B8302C4000B82978207800F8056020D80671D6
S21404B8400298061602EC00CA05B823DA187104DB5F
S21404B850DA7120DAD67110DAD2721EB8617800B8BE
S21404B86001DA067202EC00C8911110D9267100C1E3
S21404B870B81E00A014111150FF300C720761A110FD
S21404B880115002300A7180DB0A720AB89E701DB924
S21404B8907C791860911111402111C03111400119B1
S21404B8A01EB8411108D90471667820D904726578E7
S21404B8B0A11002D80672C0DA1E711EB8273123DD25
S21404B8C0087210DB1072607825DD0A7121DD0872BB
S21404B8D008DB0471627803B8411107310872A115B8
S21404B8E02035AA7102DD2072A11120D9A07102D9D7
S21404B8F01672CCDA9872411140D9927206B8054D88
S21404B9005A720298A81421114049C0D94C71A0312A
S21404B91041154035026551410461086308DA1E7218
S21404B92004DA36721049A1150235067110DB0E7260
S21404B93001340A7108DB22711EB86778CC32111004
S21404B9401A300ADC0872CCDE0471FD3100C00D0F1B
S21404B9500C0D216001D85C7207B80298D21400BAA4
S21404B960411108D90C7102EC00CA05B830DAEC7241
S21404B9700734F031036101DA0471014900C0F300B1
S21404B980A3E3216001D8D27100C0981440682160F6
S21404B9904030014440DA0471204C04320262204AEA
S21404B9A0111006301F60014218311D6111420298C1
S21404B9B0F014204A00C005170850216011300142D7
S21404B9C02088FFBB0DDA507100C1DE1B250180BC48
S21404B9D004DA107208DA0A7200C120841000E02427
S21404B9E0A02408634143026401DA06711E49024B2F
S21404B9F000C0201F00A008633810BC2002DA1271B1
S21404BA0001B91159A11380DB087100C100FCFF01C4
S21404BA10181002985C1800C4A01E00A0441080D819
S21404BA207C710092D0DA06710DDA0C711EBD437D6E
S21404BA30EFBD06980E0304620DDA8672A11105D9CD
S21404BA405C7100C24040005424121424281401D906
S21404BA50067202D9327140D91E7102EC00CA211056
S21404BA6018320471FA2220D804720822FE220875BD
S21404BA7002EC00C8F87001D90E7102EC00C802D9B5
S21404BA80067204DC187200C0A01E00A004101D601C
S21404BA9001D806711EB8647807B873780298D0186F
S21404BAA000C0A01E00A0041080300A7100C0C41E8E
S21404BAB000A0041000A00698481701D82E71911013
S21404BAC010D828728110A0D8227203B084781C7211
S21404BAD000C12C4001B814100DBA487A697A6B7A02
S21404BAE008111CB87B7807B8757800A0641000C6E7
S21404BAF0881F00A0C3B80698760200C4441F00A09E
S21404BB0014BA281400B8011AB1108F780A7200C04B
S21404BB1084C40350017891101030011905BA0698B0
S21404BB20081402D9067101B804A800C0A01E00A01B
S21404BB30041306985E1180DB0671029852141DBA2F
S21404BB407C7A01DB6A7100C2241F00A02411111440
S21404BB50FF3402EC00C8FF24FA7608610698BC0D90
S21404BB60046111380F300461111401114110069854
S21404BB70BC0D01D8087203B80298D2140C4A01DB33
S21404BB802271241011281128041202300471106244
S21404BB9000C0FFFF0000213800C2204000B8FF208C
S21404BBA00812411008600698BC0D01D87C7120BCB0
S21404BBB01033767100BB00C1201F00A01415C021ED
S21404BBC0112C511218620F320E71408851140698C7
S21404BBD0F41841430094511208651C620F320E712A
S21404BBE0411151140698F4181C6441430865513BEE
S21404BBF000C1DC1E00A01411111231100F30127196
S21404BC0000BA056101D80471114201600FD8F472BC
S21404BC10311003601E30047201B8003A087204B88A
S21404BC200298D2140298BE1600C0384101B8041116
S21404BC308F7914717F20692004110861303110DD7A
S21404BC4006711DBA637A06980C0300F8308850888B
S21404BC50FF34087102ECFF24F87002EC00CD1410D7
S21404BC60595001440421FF22F2720F4C00950093B0
S21404BC7000A000C1A81E00A0141100A030880698D9
S21404BC803C1B8111086102D906720298001A1CBB7B
S21404BC90557B086120D906710298F0190088A11016
S21404BCA0186006981A1908211415FC251EBB5C7B1F
S21404BCB05D7B00C1084001B814110731FE213076BF
S21404BCC008D82A725113FC23341304DB207118633A
S21404BCD0FF33315B00C110C000B8141108618049FD
S21404BCE00C71FF31302954751EBB7B7B10707B7B37
S21404BCF07C7B00DD04717D7B01BB3815EC25541379
S21404BD0000DF5471042505DF547154152111208871
S21404BD100698E80D009251293E7500C1084001B806
S21404BD20141102DB0C710731315B31292A760C7051
S21404BD3004DF0872016180D91E7206981A1900C0C1
S21404BD4010C000B80698801B06981A191411FFD95B
S21404BD5060720298461A0090009300A05415A11130
S21404BD60186110D9A672082508D8A071082510D81D
S21404BD709A71208821110698E80DFC255412112A80
S21404BD80F82554110C2520D80871F02554111025D7
S21404BD90202904762159181500920298B21907B979
S21404BDA07179811010D80A711CB8447802B84178A9
S21404BDB01CB9747904B9677900F88110A0D80871A1
S21404BDC01CB9497900A0086002D8FA7106981A19B5
S21404BDD0108806983814106210DA087108211415B1
S21404BDE0F025541100C20020FEFF20291275069883
S21404BDF08C1B01D90A7206987A0806980C070094D8
S21404BE001CBB41100C2006985E1341110821141027
S21404BE1006985E133128441111120861FF31FF326F
S21404BE2001221052107218611814042444130424B6
S21404BE3038140C7018612141181408240814029848
S21404BE4032144044147100C1AC1E00A014155113E2
S21404BE501C630FDB0C7219650698FC04411500A0E0
S21404BE6000C3784000B83413807B067206980C072B
S21404BE700698381408BB51140698AA1A4415FC25CB
S21404BE80541500C3784000B83413807B047100A0B6
S21404BE90029838051CB900C3A01E00A0341308631A
S21404BEA008DB1A718113A0DB067149791070697971
S21404BEB0086302DB087204B9677900F800A08111F0
S21404BEC0086102D910711CB9757906981A191411EB
S21404BED0FF3100A0FFB900A0041008211411F421BA
S21404BEE0081100A08111106110310E7106981A19FC
S21404BEF008211411F821141100A00000B57F0400D5
S21404BF00BB7F0400BF7F0400CD7F0400D87F0400FD
S21404BF10E57F0400F07F0400038004000F80040023
S21404BF201C8004002D8004003F800400518004001F
S21004BF3062675F6D616C6C6F630000005C
S20C04BF3C8488FB7F010000006D
S21004BF4450BF0400E06900200705000060
S21404BF5000000000000000000000000000000000D8
S21404BF6000000000000000000000000000000000C8
S21404BF7000000000000000000000000000000000B8
S21404BF8000000000000000000000000000000000A8
S21404BF900000000000000000000000000000000098
S21404BFA00000000000000000000000000000000088
S21404BFB00000000000000000000000000000000078
S21404BFC00000000000000000000000000000000068
S21404BFD00000000000000000000000000000000058
S21404BFE00000000000000000000000000000000048
S21404BFF00000000000000000000000000000000038
S21404C0000000000000000000000000000000000027
S21404C0100000000000000000000000000000000017
S21404C0200000000000000000000000000000000007
S21404C03000000000000000000000000000000000F7
S21404C04000000000000000000000000000000000E7
S21404C05000000000000000000000000000000000D7
S21404C06000000000000000000000000000000000C7
S21404C07000000000000000000000000000000000B7
S21404C08000000000000000000000000000000000A7
S21404C0900000000000000000000000000000000097
S21404C0A00000000000000000000000000000000087
S21404C0B00000000000000000000000000000000077
S21404C0C00000000000000000000000000000000067
S21404C0D00000000000000000000000000000000057
S21404C0E00000000000000000000000000000000047
S21404C0F00000000000000000000000000000000037
S21404C1000000000000000000000000000000000026
S21404C1100000000000000000000000000000000016
S21404C1200000000000000000000000000000000006
S21404C13000000000000000000000000000000000F6
S21404C14000000000000000000000000000000000E6
S21404C15000000000000000000000000000000000D6
S21404C16000000000000000000000000000000000C6
S21404C17000000000000000000000000000000000B6
S21404C18000000000000000000000000000000000A6
S21404C1900000000000000000000000000000000096
S21404C1A00000000000000000000000000000000086
S21404C1B00000000000000000000000000000000076
S21404C1C00000000000000000000000000000000066
S21404C1D00000000000000000000000000000000056
S21404C1E00000000000000000000000000000000046
S21404C1F00000000000000000000000000000000036
S21404C2000000000000000000000000000000000025
S21404C2100000000000000000000000000000000015
S21404C2200000000000000000000000000000000005
S21404C23000000000000000000000000000000000F5
S21404C24000000000000000000000000000000000E5
S21404C25000000000000000000000000000000000D5
S21404C26000000000000000000000000000000000C5
S21404C27000000000000000000000000000000000B5
S21404C28000000000000000000000000000000000A5
S21404C2900000000000000000000000000000000095
S21404C2A00000000000000000000000000000000085
S21404C2B00000000000000000000000000000000075
S21404C2C00000000000000000000000000000000065
S21404C2D00000000000000000000000000000000055
S21404C2E00000000000000000000000000000000045
S21404C2F00000000000000000000000000000000035
S21404C3000000000000000000000000000000000024
S21404C3100000000000000000000000000000000014
S21404C3200000000000000000000000000000000004
S21404C33000000000000000000000000000000000F4
S21404C34000000000000000000000000000000000E4
S21404C35000000000000000000000000000000000D4
S21404C36000000000000000000000000000000000C4
S21404C37000000000000000000000000000000000B4
S21404C38000000000000000000000000000000000A4
S21404C3900000000000000000000000000000000094
S21404C3A00000000000000000000000000000000084
S21404C3B00000000000000000000000000000000074
S21404C3C00000000000000000000000000000000064
S21404C3D00000000000000000000000000000000054
S21404C3E00000000000000000000000000000000044
S21404C3F00000000000000000000000000000000034
S21404C4000000000000000000000000000000000023
S21404C4100000000000000000000000000000000013
S21404C4200000000000000000000000000000000003
S21404C43000000000000000000000000000000000F3
S21404C44000000000000000000000000000000000E3
S21404C45000000000000000000000000000000000D3
S21404C46000000000000000000000000000000000C3
S21404C47000000000000000000000000000000000B3
S21404C48000000000000000000000000000000000A3
S21404C4900000000000000000000000000000000093
S21404C4A00000000000000000000000000000000083
S21404C4B00000000000000000000000000000000073
S21404C4C00000000000000000000000000000000063
S21404C4D00000000000000000000000000000000053
S21404C4E00000000000000000000000000000000043
S21404C4F00000000000000000000000000000000033
S21404C5000000000000000000000000000000000022
S21404C5100000000000000000000000000000000012
S21404C5200000000000000000000000000000000002
S21404C53000000000000000000000000000000000F2
S21404C54000000000000000000000000000000000E2
S21404C55000000000000000000000000000000000D2
S21404C56000000000000000000000000000000000C2
S21404C57000000000000000000000000000000000B2
S21404C58000000000000000000000000000000000A2
S21404C5900000000000000000000000000000000092
S21404C5A00000000000000000000000000000000082
S21404C5B00000000000000000000000000000000072
S21404C5C00000000000000000000000000000000062
S21404C5D00000000000000000000000000000000052
S21404C5E00000000000000000000000000000000042
S21404C5F00000000000000000000000000000000032
S21404C6000000000000000000000000000000000021
S21404C6100000000000000000000000000000000011
S21404C6200000000000000000000000000000000001
S21404C63000000000000000000000000000000000F1
S21404C64000000000000000000000000000000000E1
S21404C65000000000000000000000000000000000D1
S21404C66000000000000000000000000000000000C1
S21404C67000000000000000000000000000000000B1
S21404C68000000000000000000000000000000000A1
S21404C6900000000000000000000000000000000091
S21404C6A00000000000000000000000000000000081
S21404C6B00000000000000000000000000000000071
S21404C6C00000000000000000000000000000000061
S21404C6D00000000000000000000000000000000051
S21404C6E00000000000000000000000000000000041
S21404C6F00000000000000000000000000000000031
S21404C7000000000000000000000000000000000020
S21404C7100000000000000000000000000000000010
S21404C7200000000000000000000000000000000000
S21404C73000000000000000000000000000000000F0
S21404C74000000000000000000000000000000000E0
S21404C75000000000000000000000000000000000D0
S21404C76000000000000000000000000000000000C0
S21404C77000000000000000000000000000000000B0
S21404C78000000000000000000000000000000000A0
S21404C7900000000000000000000000000000000090
S21404C7A00000000000000000000000000000000080
S21404C7B00000000000000000000000000000000070
S21404C7C00000000000000000000000000000000060
S21404C7D00000000000000000000000000000000050
S21404C7E00000000000000000000000000000000040
S21404C7F00000000000000000000000000000000030
S21404C800000000000000000000000000000000001F
S21404C810000000000000000000000000000000000F
S21404C82000000000000000000000000000000000FF
S21404C83000000000000000000000000000000000EF
S21404C84000000000000000000000000000000000DF
S21404C85000000000000000000000000000000000CF
S21404C86000000000000000000000000000000000BF
S21404C87000000000000000000000000000000000AF
S21404C880000000000000000000000000000000009F
S21404C890000000000000000000000000000000008F
S21404C8A0000000000000000000000000000000007F
S21404C8B0000000000000000000000000000000006F
S21404C8C0000000000000000000000000000000005F
S21404C8D0000000000000000000000000000000004F
S21404C8E0000000000000000000000000000000003F
S21404C8F0000000000000000000000000000000002F
S21404C900000000000000000000000000000000001E
S21404C910000000000000000000000000000000000E
S21404C92000000000000000000000000000000000FE
S21404C93000000000000000000000000000000000EE
S21404C94000000000000000000000000000000000DE
S21404C95000000000000000000000000000000000CE
S21404C96000000000000000000000000000000000BE
S21404C97000000000000000000000000000000000AE
S21404C980000000000000000000000000000000009E
S21404C990000000000000000000000000000000008E
S21404C9A0000000000000000000000000000000007E
S21404C9B0000000000000000000000000000000006E
S21404C9C0000000000000000000000000000000005E
S21404C9D0000000000000000000000000000000004E
S21404C9E0000000000000000000000000000000003E
S21404C9F0000000000000000000000000000000002E
S21404CA00000000000000000000000000000000001D
S21404CA10000000000000000000000000000000000D
S21404CA2000000000000000000000000000000000FD
S21404CA3000000000000000000000000000000000ED
S21404CA4000000000000000000000000000000000DD
S21404CA5000000000000000000000000000000000CD
S21404CA6000000000000000000000000000000000BD
S21404CA7000000000000000000000000000000000AD
S21404CA80000000000000000000000000000000009D
S21404CA90000000000000000000000000000000008D
S21404CAA0000000000000000000000000000000007D
S21404CAB0000000000000000000000000000000006D
S21404CAC0000000000000000000000000000000005D
S21404CAD0000000000000000000000000000000004D
S21404CAE0000000000000000000000000000000003D
S21404CAF0000000000000000000000000000000002D
S21404CB00000000000000000000000000000000001C
S21404CB10000000000000000000000000000000000C
S21404CB2000000000000000000000000000000000FC
S21404CB3000000000000000000000000000000000EC
S21404CB4000000000000000000000000000000000DC
S21404CB5000000000000000000000000000000000CC
S21404CB6000000000000000000000000000000000BC
S21404CB7000000000000000000000000000000000AC
S21404CB80000000000000000000000000000000009C
S21404CB90000000000000000000000000000000008C
S21404CBA0000000000000000000000000000000007C
S21404CBB0000000000000000000000000000000006C
S21404CBC0000000000000000000000000000000005C
S21404CBD0000000000000000000000000000000004C
S21404CBE0000000000000000000000000000000003C
S21404CBF0000000000000000000000000000000002C
S21404CC00000000000000000000000000000000001B
S21404CC10000000000000000000000000000000000B
S21404CC2000000000000000000000000000000000FB
S21404CC3000000000000000000000000000000000EB
S21404CC4000000000000000000000000000000000DB
S21404CC5000000000000000000000000000000000CB
S21404CC6000000000000000000000000000000000BB
S21404CC7000000000000000000000000000000000AB
S21404CC80000000000000000000000000000000009B
S21404CC90000000000000000000000000000000008B
S21404CCA0000000000000000000000000000000007B
S21404CCB0000000000000000000000000000000006B
S21404CCC0000000000000000000000000000000005B
S21404CCD0000000000000000000000000000000004B
S21404CCE0000000000000000000000000000000003B
S21404CCF0000000000000000000000000000000002B
S21404CD00000000000000000000000000000000001A
S21404CD10000000000000000000000000000000000A
S21404CD2000000000000000000000000000000000FA
S21404CD3000000000000000000000000000000000EA
S21404CD4000000000000000000000000000000000DA
S21404CD5000000000000000000000000000000000CA
S21404CD6000000000000000000000000000000000BA
S21404CD7000000000000000000000000000000000AA
S21404CD80000000000000000000000000000000009A
S21404CD90000000000000000000000000000000008A
S21404CDA0000000000000000000000000000000007A
S21404CDB0000000000000000000000000000000006A
S21404CDC0000000000000000000000000000000005A
S21404CDD0000000000000000000000000000000004A
S21404CDE0000000000000000000000000000000003A
S21404CDF0000000000000000000000000000000002A
S21404CE000000000000000000000000000000000019
S21404CE100000000000000000000000000000000009
S21404CE2000000000000000000000000000000000F9
S21404CE3000000000000000000000000000000000E9
S21404CE4000000000000000000000000000000000D9
S21404CE5000000000000000000000000000000000C9
S21404CE6000000000000000000000000000000000B9
S21404CE7000000000000000000000000000000000A9
S21404CE800000000000000000000000000000000099
S21404CE900000000000000000000000000000000089
S21404CEA00000000000000000000000000000000079
S21404CEB00000000000000000000000000000000069
S21404CEC00000000000000000000000000000000059
S21404CED00000000000000000000000000000000049
S21404CEE00000000000000000000000000000000039
S21404CEF00000000000000000000000000000000029
S21404CF000000000000000000000000000000000018
S21404CF100000000000000000000000000000000008
S21404CF2000000000000000000000000000000000F8
S21404CF3000000000000000000000000000000000E8
S21404CF4000000000000000000000000000000000D8
S21404CF5000000000000000000000000000000000C8
S21404CF6000000000000000000000000000000000B8
S21404CF7000000000000000000000000000000000A8
S21404CF800000000000000000000000000000000098
S21404CF900000000000000000000000000000000088
S21404CFA00000000000000000000000000000000078
S21404CFB00000000000000000000000000000000068
S21404CFC00000000000000000000000000000000058
S21404CFD00000000000000000000000000000000048
S21404CFE00000000000000000000000000000000038
S21404CFF00000000000000000000000000000000028
S21404D0000000000000000000000000000000000017
S21404D0100000000000000000000000000000000007
S21404D02000000000000000000000000000000000F7
S21404D03000000000000000000000000000000000E7
S21404D04000000000000000000000000000000000D7
S21404D05000000000000000000000000000000000C7
S21404D06000000000000000000000000000000000B7
S21404D07000000000000000000000000000000000A7
S21404D0800000000000000000000000000000000097
S21404D0900000000000000000000000000000000087
S21404D0A00000000000000000000000000000000077
S21404D0B00000000000000000000000000000000067
S21404D0C00000000000000000000000000000000057
S21404D0D00000000000000000000000000000000047
S21404D0E00000000000000000000000000000000037
S21404D0F0087C002000000000000100000F000F0064
S21404D1000000000000000000000000000000000016
S21404D1100000000000000000000000000000000006
S21404D12000000000000000000000000000000000F6
S21404D13000000000000000000000000000000000E6
S21404D14000000000000000000000000000000000D6
S21404D15000000000000000000000000000000000C6
S21404D16000000000000000000000000000000000B6
S21404D170FFFFFFFFFFFFFFFFB9670000B561000078
S21404D180B9ED020071610000196100008D680000AD
S21404D190D9600000C9ED0200E9600000000000004C
S21404D1A07167000020000000AAAAAAAA000001B520
S21404D1B00000800000000000030505B54001800063
S21404D1C000000000C0EA2101C0EA2101008000003E
S21404D1D000F04902687C002000400F0000A0000018
S21404D1E0F0440020C8000000FE000000000000001C
S21404D1F0BC8A0400E0270020FFFFFFFF00000500B4
S21404D2004FFEFFFF4FFEFFFFFFFFFFFFFFFFFFFF87
S21404D210FFFFFFFFFFFFFFFF3C9D04003BFFC8002E
S21404D2200A002900D3AB0300D3AB0300D9AB030039
S21404D230D9AB0300E06900200000000000000000F5
S21404D240189D0400000000000E00000040000000CE
S21404D250109D040000000000000000000300000011
S21404D260AC500020F87C002000000000AC500020E9
S21404D270145100207C510020000000000000000033
S21404D2800000000000000000000000000000000095
S21404D2900000000000000000000000000000000085
S21404D2A00000000000000000000000000000000075
S21404D2B00000000000000000010000000000000064
S21404D2C01000000010000000000000000000000035
S21404D2D00000000000000000000000000400000041
S21404D2E0FF0000000000000099380200F40100006E
S21404D2F00000000000000000FFFF000040A2040041
S21404D300C71B0400FFFFFFFF4B2304004723040052
S21404D310FFFFFFFFFFFFFFFF4F230400FFFFFFFF9A
S21404D32001A102000A00FFFFFFFF04F8FFFF0D0043
S21404D33000000000BF8FAF7F8700370F1010000477
S21404D340040F05140A01010101B5010A0B09030AB9
S21404D3500102050101FF0D01FF405AB4FF00000061
S21004D360A17003009D4700007547000004
S804034C9715
