S01D00006275696C642F64656275672F6F742D636C692D6D74642E733337A8
S3150800600008180020E1550208F1450308F54503087C
S31508006010F9CA0008F945030801460308090A0208EF
S31508006020090A0208090A0208090A0208090A0208EE
S31508006030054603083C060408090A0208090A020874
S31508006040090A0208090A0208090A0208090A0208CE
S31508006050090A0208090A0208090A0208090A0208BE
S31508006060090A0208090A0208090A0208090A0208AE
S31508006070090A0208090A0208090A0208090A02089E
S31508006080090A0208090A0208090A0208090A02088E
S315080060900D6502080B650208090A0208090A0208C2
S315080060A0090A0208090A0208090A0208090A02086E
S315080060B0090A0208090A0208090A0208090A02085E
S315080060C0090A0208090A0208090A0208A90A0208AE
S315080060D0090A0208090A0208090A0208850A0208C2
S315080060E0610A0208090A0208090A0208090A0208D6
S315080060F0090A0208D5AB030891B4030811D20308AC
S315080061000DD203081DAC030827D2030815D20308CD
S3150800611061B4030819D20308D1B4030839B50308D2
S31508006120090A0208090A0208090A0208090A0208ED
S31508006130090A0208090A0208090A0208090A0208DD
S31508006140090A0208090A0208090A0208090A0208CD
S31508006150090A0208090A0208090A0208090A0208BD
S31508006160090A0208090A0208090A0208090A0208AD
S31508006170090A0208090A0208090A0208090A02089D
S31508006180090A0208090A0208090A0208A1D8030826
S31508006190E9970308090A0208FBD1030801D2030894
S315080061A0090A0208090A0208090A0208090A02086D
S309080061B0090A0208C0
S315080061C0F0B5114A114C124E00F00105E3695F075C
S315080061D013D40DB9334213D103EA00078F4207D10E
S315080061E00B4A1A40002A0CBF00206FF00100F0BDD0
S315080061F0013AEBD16FF00200F9E74FF0FF30F6E70E
S315080062006FF00100F3E700BF809698000000035086
S31508006210020001000000000000000000000000006D
S31508006220013800D0FCE7704700F50050B0F8C80404
S31508006230704700F50050D0F83C06704730B5E9B114
S3150800624000F5805393F8D62D00F5EE50123000EB8A
S3150800625042048442054603D1022A07D1032004E0FA
S315080062602D8802308D42F4D1002030BD501C83F8B1
S31508006270D60D03EB4203A3F8D21DF5E70720F4E792
S31508006280F0B529B300F5805500F5EE5012300246F8
S3150800629095F8D63D00EB43069642144601D11720E1
S315080062A0F0BD278802328F42F6D10BB91B88FFDE74
S315080062B0013BDBB285F8D63D1AB200EB43039C429C
S315080062C018BF30F812304FF0000018BF2380E7E7F8
S315080062D00720E5E700F5805090F8520E704700F564
S315080062E0805090F8600E70470048704758030408BD
S315080062F00048704759030408004870475A030408C1
S31508006300004870475B03040800F58050D0F8EC0994
S31508006310704700F58050C0F8EC19704700F58050BA
S31508006320D0F8F8097047002908BF4FF4E151054B2A
S3150800633000F58050994294BFC0F8F819C0F8F839AA
S31508006340704700BF9AC4200000F58050D0F8FC09B9
S315080063507047074B00F58050002914BF0A461A46B5
S31508006360044B9A4294BFC0F8FC29C0F8FC39704720
S31508006370007512009AC4200000F50050406E704760
S3150800638000F5ED501030704700F5EE5001307047BB
S3150800639000F58050D0F8DC0D704700F58050B0F855
S315080063A0120E704700F58050A0F8121E704703467B
S315080063B08288C088114481429DBF186899808018D8
S315080063C00020704770B505680C4625B9BDE87040D1
S315080063D04B68084818478B6898476A680146831AC5
S315080063E0002BB8BF121A2368A8BF0022BDE8704068
S315080063F000481847E81D002038B50C461146A26823
S315080064000346944206D00568AC420BD10260FFF7FA
S31508006410D9FFA46038BD94420DD011469268002A6F
S31508006420F9D1F6E72A460021F9E78B68002BF0D068
S315080064309B688B60EDE70029F7D1002DE9D0AA68A3
S315080064401A60E6E72DE9F041936805460C461646BC
S3150800645098473246074621462846FFF7CDFF286863
S31508006460002203466BB16168D3F804E0A1EB070C80
S31508006470AEEB070898EA0C0F13D4A1EB0E0100291E
S3150800648007DA4AB9A060314628462C60BDE8F041D3
S3150800649098E71A469B68E5E79368A3609460BDE8A9
S315080064A0F081BCF1000FEBE770B5066804460D46AF
S315080064B07EB18B6898477368C01A002809DB2046A6
S315080064C02A463146FFF798FF30463368BDE87040E4
S315080064D0184729462046BDE8704073E700F5005383
S315080064E093F8383613B102490830DDE7704700BF24
S315080064F05C03040800F5005393F8383613B10249D3
S315080065000C30D1E7704700BF68030408012300F088
S315080065100700834013F0220F09D113F0880F08D122
S3150800652013F0440F14BF01200020C0007047042058
S31508006530704710207047D0F8020000BA7047420032
S31508006540400800F0553002F0AA3202439300920840
S3150800655002F0333203F0CC33134318011B0903F05E
S315080065600F3300F0F030184300BA704710B590F8B2
S3150800657030200B4682B1013AD2B280F8302000EBC7
S315080065800210814207D000F1100250F8041B904215
S3150800659043F8041BF9D110BD144603CC102C18601F
S315080065A05960224603F10803F6D1FFDEA0F1410344
S315080065B0192B98BF2030A1F1410398BFC0B2192BFF
S315080065C09CBF2031C9B20B1A5842584170470088FF
S315080065D00B88C01A704700F50050B0F8CA348B42D1
S315080065E009D0A0F8CA14044890F85930022B02D1F1
S315080065F058302DF01FBF7047E83D002000F50053C6
S31508006600B3F8C8248A4206D000F51350A3F8C81474
S31508006610083015F071BB704708B53130313120F0BC
S31508006620010021F0010103780A7803F00F0302F054
S315080066300F029A4207D10431043036F00DFEB0FA43
S3150800664080F0400908BD0020FCE710B5044604F5B3
S3150800665000542BF0B5FC236C33F07C4204D0C3F312
S315080066601903984228BF184610BD052938BF0521C9
S31508006670B1F5E14F28BF4FF4E14138B500F50055B3
S315080066806B6E044699420DD069662BF08CFC95F822
S315080066905930022B06D104F501501830BDE83840B0
S315080066A02DF0C8BE38BD42F21073994210B50446A3
S315080066B013D800F500539A6E91420CD099662BF0C8
S315080066C072FC074B93F8683EDB0704D504F50150C6
S315080066D0183017F01FF9002010BD0720FCE700BF8F
S315080066E0E82D002000F5EE500022183016F018B8F4
S315080066F01346B0F86C202AB10A4600F15C0102483C
S3150800670017F08CBC0D2070478034002038B504463D
S3150800671008464D7894F8FE20A91C031B51FA83F30A
S31508006720D21A014435F0EEFD94F8FE30023B5B1BAD
S3150800673084F8FE3038BD2CF0EDB829F0DDBB08B57D
S315080067401B4B93F8492E012A03D0062A05D02AB3F3
S31508006750FEE7BDE8084029F0B5BB002083F8490EDE
S3150800676003F5805393F85010CA070CD5C1F3C3023A
S31508006770013202F00F0262F3C601042A83F85010B0
S3150800678005D82CF0C7F8BDE8084029F0B5BB93F842
S31508006790502060F3C60283F85020F4E793F8482E99
S315080067A0520703D5B3F84A3E1B06ECD408BD00BF12
S315080067B0E82D00208378072B09D190F86E00C309CD
S315080067C003D000F07F002BF03DBC2BF067BC704770
S315080067D024F05CBC102208B536F03EFDB0FA80F015
S315080067E0400908BDF8B504460F4690F8306000EB3E
S315080067F00616B442254601D1002506E0204639464C
S31508006800FFF7E8FF10340028F3D02846F8BD0FB488
S3150800681007B504AA52F8041B044801922BF0A2FA01
S3150800682003B05DF804EB04B0704700BF74030408B6
S315080068300023036043607047036823B91720B0FA42
S3150800684080F040097047994201D01B6BF5E700209C
S31508006850F5E708B51AF03FF808BD01F1100351F83D
S31508006860042B994240F8042BF9D17047313020F0B7
S3150800687001000078C0F30110704708B5FFF7F6FF6E
S31508006880B0FA80F0400908BD836D1847262200211A
S3150800689035F0B0BC030E0B70030C4B70030A8B70FB
S315080068A0C870704708B50246FFF7E7FF30B13132C6
S315080068B022F001025078831E5842584108BD14221E
S315080068C0002135F097BC2DE9F84F074688469146D2
S315080068D09A464FF0000B0A9D0BEB0904661006FB5F
S315080068E00A8638463146A8470028C4F34F0407D01D
S315080068F0D2BFA14601341FFA84FBCB45ECD3002650
S315080069003046BDE8F88F0023F0B5441E1846013915
S315080069102AB91BB1024492B2904211D1F0BD14F8C3
S31508006920017F11F8016F082A154628BF0825B742C6
S3150800693087EA0603EDD12844521B80B292B2E7E7F4
S315080069401906EBD45B000130DBB280B2E4E700BA8B
S31508006950704708B50346D1E9000252BA1A80FFF714
S31508006960F6FF8A7AC3F80200088942EA400252BA58
S31508006970DA8008BD838870B50446C0889E188642AA
S31508006980154608D82068184435F0D6FC0020A38898
S315080069901D44A58070BD0320FCE707B549BAADF8CC
S315080069A0061002220DF10601FFF7E4FF03B05DF8B9
S315080069B004FB0122DEE738B50446A388084693425D
S315080069C015460AD3216835F0B7FC0020A38822684B
S315080069D05B1B2A442260A38038BD0620FCE70122FF
S315080069E0E9E710B502220C46FFF7E5FF10B9238840
S315080069F05BBA238010BD4368036003B1DB6943605B
S31508006A00704738B5436A044623B100220221426220
S31508006A10826A9847236A9C4200D0FEE7084A02F534
S31508006A208051D56DB1F860362068013B25609BB270
S31508006A30254618B9D465A1F8603638BD0446F3E78B
S31508006A40E81D0020C3892DE9F04101EB03081FFA70
S31508006A5088F8434504460D4602D90320BDE8F0816F
S31508006A6006465027B845336815D8002214483260C0
S31508006A7000F5805CC66DBCF860164F1EBFB2C3B980
S31508006A8012B1C665ACF86016A3890020AB426581D1
S31508006A9088BFA581E2E71BB17C373668BFB2E1E75C
S31508006AA06079C0F341002BF035FE30600028F3D141
S31508006AB0D3E71A6839461E601E4613460122DCE7EC
S31508006AC0E81D0020F8B500F1310424F0010405465C
S31508006AD020460F461646FFF7F2FE2378042103F0F8
S31508006AE03F0343F04003237000232846AB812182ED
S31508006AF0FFF7A8FF2378667023F0300343EA0711EF
S31508006B002170F8BD70B500F1310525F001052B7827
S31508006B10064623F00F0302F00F00034328461446E7
S31508006B2000F8043B35F008FC2B8A3046E11889B298
S31508006B302982BDE8704085E7313121F001010A78E4
S31508006B4002F00F02082A00D9FEE70431DAE7838942
S31508006B5042891944914200DDFEE789B2914281815A
S31508006B6000D9FEE7704743898B4200D2FEE75B1ADD
S31508006B7043818389C2898B4294BF00235B1A0A44E6
S31508006B8088BF9BB2C2818381704770B54489A14290
S31508006B9030D215880D44AEB2B14201D8A54201DB08
S31508006BA0641A1480C4899860214489B24F2904461E
S31508006BB010D830304418C1F1500189B29980108834
S31508006BC01C60814228BF0146998011889B88CB1A90
S31508006BD0138070BD5039246889B20CB99C60FEE7F1
S31508006BE07B2905D89C6004340C44C1F17C01E4E798
S31508006BF07C39F0E70021E7E770B5154686B0ADF8B1
S31508006C0006300DF1060203ABFFF7BFFF2C46BDF8B1
S31508006C1010601EB9601B80B206B070BD039932467B
S31508006C20204635F089FB03A90DF1060034442BF004
S31508006C30E9FAECE738B54589CC18AC4203DCFFF72E
S31508006C40DBFF002038BD0620FCE7024608464989D6
S31508006C503823383989B2EDE70246084649892C2394
S31508006C602C3989B2E6E770B51646313104688CB01E
S31508006C7021F0010514B920460CB070BD04F13103AA
S31508006C8023F001036A885B889A4212D102A8FFF7AB
S31508006C90FDFD214601A8FFF7DFFFBDF82A20738C0A
S31508006CA09A4206D106F1100106A8FFF793FD0028BF
S31508006CB0E1D1E469DEE738B504460D460B4601899D
S31508006CC00068FFF7B7FF10B923891D44258138BD31
S31508006CD00B8813B50C2B0C460BD90D2B0CD10121A7
S31508006CE00DF10602FFF7E7FF20B99DF806300D33D0
S31508006CF02380002002B010BD0E2B0CD102210DF10D
S31508006D000602FFF7D8FF0028F4D1BDF806305BBAB3
S31508006D1003F20D13ECE70620ECE773B54FF6FF76A2
S31508006D20C3880446B34206D001210DF10302FFF7DA
S31508006D30C2FF18B1E680002002B070BD9DF803506E
S31508006D40FF2D0CD1236822895B89E6809A42F2D30B
S31508006D5006204FF6FF73E38000232381ECE72B0917
S31508006D6020460DF10601ADF80630FFF7B1FF002801
S31508006D70EFD105F00F05204601A9ADF80450FFF73D
S31508006D80A7FF0028E5D1216823894989BDF8042091
S31508006D90C91A8A42DCDC1344BDF806102381A3888D
S31508006DA0E2800B44A380C6E730B401F1310222F039
S31508006DB00102D48912784D8902F00F020432224466
S31508006DC095424FF0000404D3C0E9001430BC028198
S31508006DD0A3E74FF6FF720481C28030BC06207047D5
S31508006DE010B44C889C4203D309885DF8044B21E70C
S31508006DF006205DF8044B70472DE9F04786B0174624
S31508006E001C46ADF806300DF1060203ABDDF83880F6
S31508006E10FFF7BBFEBDF810507DB1039EB8F1000F19
S31508006E2011D0B94606EB050AB24513D019F8011B6D
S31508006E3016F8010BC0470028F6D1B4FA84F04009C9
S31508006E4006B0BDE8F0872A463946304636F004FAD9
S31508006E500028F2D12F4403A9651B0DF10600ACB238
S31508006E602BF0D0F9D6E770B586B0ADF806300B44EE
S31508006E7014469AB2914200D9FEE74289934200DD50
S31508006E80FEE703AB0DF10602FFF77FFEBDF81050D3
S31508006E900DB906B070BD21462A46039835F032FA78
S31508006EA003A90DF106002C442BF0ACF9EEE770B5FA
S31508006EB000F1310424F00104A37C05465BB1438943
S31508006EC0218A994207D1012994BF491A01F1FF3154
S31508006ED089B2FFF7B7FD2378224603F00F03284649
S31508006EE0BDE8704000210433BDE72DE9F041B0F854
S31508006EF00A800F4602EB080399B241450546164635
S31508006F000CD3FFF79FFD044628B933463A46414657
S31508006F102846FFF7A8FF2046BDE8F0810324FAE7D4
S31508006F200122E2E7FF2313B58DF8073043890446AB
S31508006F30B3F5007F0FD20DF10701FFF7F1FF40B956
S31508006F40012204F1310323F001039A7462891A823B
S31508006F50A28102B010BD0320FBE703781BB1012B09
S31508006F6003D0002070474068BFE7043002E537B514
S31508006F708DF8071001393E29054614460DD81046E6
S31508006F800DF10701FFF7CCFF28B9294620469DF8E1
S31508006F900720FFF7AAFF03B030BD0720FBE72DE95E
S31508006FA0F04114469A180E4691B286B08C420546B0
S31508006FB0ADF8063029D87189914228DBB0F80A80E5
S31508006FC0434499B2414524D3FFF73CFD074648B9E7
S31508006FD02146304603AB0DF10602FFF7D6FDBDF894
S31508006FE010401CB9384606B0BDE8F0812346414634
S31508006FF02846039AFFF737FF444403A90DF1060014
S315080070001FFA84F82BF0FEF8E9E70727EAE70627D0
S31508007010E8E70327E6E7F8B504460E46154600F105
S315080070203007E3899D420BD85B1B6289E381A389FC
S315080070302A442B4492B29BB29A42628117D2FEE747
S315080070406079C0F341002BF065FBC8B12368036083
S31508007050E38920604F2B06D83030C3F15002F91867
S31508007060184435F069F9E3897C33E381D9E720468A
S31508007070A38132462B460021FFF7F5FE0020F8BD16
S315080070800320FCE773B5054603796E8940798E427D
S31508007090C0F3410228BF0E46C3F340038DF805200E
S315080070A0E98901AA40098DF804302BF073FB0446E0
S315080070B0002832D0334600222946FFF770FF48BB26
S315080070C0AB896289B34228BF33469A4200D2FEE7AB
S315080070D0A381AA79A37962F30303A3712B79227991
S315080070E0DB0963F3C71222716B796279C3F3C103B3
S315080070F063F3C4026271AB69A3612B8A23826B8A2C
S3150800710063822B7A2372AB8DA385EB8DE3852046AC
S3150800711002B070BD2046FFF774FC0024F7E710B5EF
S315080071200446FFF7AFFF98B104F1310300F13102CD
S3150800713023F0010322F0010203F1100153F8044B76
S315080071408B4242F8044BF9D1198811809B789370C9
S3150800715010BD0368994204BFCB690360436899422E
S3150800716004BF0B6A43600B6A0BB1CA69DA61CB6963
S315080071700BB10A6A1A6200220B79C1E9072162F388
S3150800718082030B71704710B5FFF7E3FFBDE81040A7
S31508007190084636E410B50446216801B910BD2046F4
S315080071A0FFF7F1FFF8E7024608B50846FFF740FB88
S315080071B0126802B908BD03881168013303800123E8
S315080071C041B941880B44438051894368D2690B44CD
S315080071D04360EEE701330968DBB2F1E70B7910B5D6
S315080071E05B0700D4FEE74B79C3F3410300EB830248
S315080071F05468A14209D10C6A546034B16479C4F365
S3150800720041049C421CBF002353600368994204BF93
S31508007210CB690360CB690BB10A6A1A620B6A0BB1B8
S31508007220CA69DA6100220B79C1E9072162F3820390
S315080072300B7110BD37B5094C04F27465D4F8741691
S3150800724009B903B030BD2846FFF7C8FF01A8019168
S315080072502CF052FB01982BF0A3FBEFE7E82D00205A
S31508007260024608B50846FFF7E3FA126802B908BDF0
S315080072700388116801330380012341B941880B440F
S31508007280438051894368D2690B444360EEE7013372
S315080072900968DBB2F1E74A7970B5C2F341021446D0
S315080072A00B79061D43F004030B7156F824301BB9FD
S315080072B00134E5B2042DF8D10B624BB90368CB61F2
S315080072C00160CB6903B1196200EB8200416070BDB1
S315080072D0DC69CC61D961F4E743880288994228BF02
S315080072E0194612FA81F25B1A028043807047084AEF
S315080072F0138803B9FEE748F24E305368A3FB003003
S3150800730010EB530044BF20F0004001305060704736
S3150800731028440020814210B5044600D8FEE7FFF74E
S31508007320E6FF091BB0FBF1F303FB1100204410BD77
S3150800733038B50D46814288BF85B2690004460131D9
S315080073400020FFF7E7FF2044401B38BD10B540B1C9
S315080073500023441E98B2814203D90133E25C002A15
S31508007360F8D110BD0139013811F8012F10F8013F85
S315080073703AB9002B14BF01200220831E58425841F7
S3150800738070479A42F0D00020F7E7A0F14103052B99
S3150800739004D83738C0B2087000207047A0F16103DE
S315080073A0052B01D85738F5E73038C0B20928F2D985
S315080073B00720704770B504460E46E588134682884E
S315080073C00068AA4234BFA91A0021104432462DF09B
S315080073D0C5FA002800DAFEE7A388E288184480B2D6
S315080073E0904228BF2368A08022BF9B18002203F87A
S315080073F0012C204670BD0EB417B5044605AA52F8EE
S31508007400041B0192FFF7D6FF204603B0BDE81040E3
S3150800741003B0704770B506460D460024AC4201D34A
S31508007420012070BD305D0134030605D42DF086FABF
S315080074300028F3D00020F4E710F04003FAD08106C4
S3150800744012D5C20612D50307F4D4032307E0AC42CB
S31508007450F0D0325D013402F0C002802AEAD1013B45
S31508007460DBB2FF2BF3D1D9E70123F8E70223F6E7CE
S3150800747043684BB9054B5A6812B958604060704763
S315080074805168416050605860704700BFE81D002091
S3150800749003685A1A11EA220138BF194643685A1A6C
S315080074A013EA220338BF0B46436070474160024A1D
S315080074B001460248FEF7C6BF5C030408F01D00201B
S315080074C02DE9F341734C04214FF47A70E56CFFF70C
S315080074D02FFF291804F14800FFF7E8FF636CD80767
S315080074E016D5FFF7B6F904F580560546D6F8E01F17
S315080074F068462BF068FD04F5FF5704F50058009917
S31508007500002940F08180D6F8E00F08B926F098FDEA
S31508007510636C990625D5604D95F89D347BB1FFF7C8
S3150800752098F9D5F8A03403F5C333A0331B1A002BFA
S31508007530BEBF95F8BE3443F0010385F8BE3495F80E
S31508007540C714B5F8C43495F8C624002970D1002AA2
S3150800755040F08380002B40F08780D5F8C4042BF0D8
S3150800756083FC636C5A0620D54B4EB6F87C3443B17F
S31508007570013B9BB2A6F87C341BB906F58F6017F061
S3150800758061F9D6F878546DB1013DC6F878544DB90D
S31508007590022025F0F5FD4148294617F02DFA284620
S315080075A025F07AFE3D4815F0F9FB636CDB056ED5D0
S315080075B00020034605463A49A1F2A466CA787AB17C
S315080075C0013AD2B2CA7032B1086806EB8302C2F831
S315080075D0A406012001330135232D01F10401EDD163
S315080075E0002104EB830404F5B5540734222B03DC8D
S315080075F014F8042B002A46D1002848D1082002B0E6
S31508007600BDE8F04126F01CBD8B69EB1AB3F5FA6F9D
S315080076100AD34B7938465B0902BFD8F820300133C4
S31508007620C8F82030FFF7AFFD6846FFF7E4F966E7CC
S315080076300139C9B285F8C714002988D11AB1013AA7
S31508007640D2B285F8C62423B1013B9BB2A5F8C4344F
S315080076508BB11448FFF70CFF7FE7013AD2B285F8E1
S31508007660C624002AEFD075E7013B9BB2A5F8C434BF
S31508007670002B7FF472AF95F89D34002BE9D00123D7
S3150800768085F89D34E5E704F8041C0133AEE702B03B
S31508007690BDE8F081E81D0020E83D0020604200209A
S315080076A08C3400206C420020002A00DAFEE71144E0
S315080076B0FCE638B50D460446FFF7CBF82A460146E0
S315080076C02046BDE83840EFE710B590F82430044668
S315080076D043B1012B01D1436983612046A169BDE805
S315080076E01040E6E74169B1EB510F4FEA510001D965
S315080076F0FFF710FE0023A061E38384F82530ECE74A
S3150800770010B590F8243004467BB1012B08D10169E5
S31508007710C0680131FFF7FEFD60612046FFF7D4FF20
S315080077202046236ABDE81040184790F825306BB10B
S31508007730012BF5D1426922B10369991A8A4298BF89
S31508007740530020466361BDE81040BDE7012380F879
S315080077502530D0E90513C91AFFF7ABFFE28BA38BD7
S315080077609A42DDD310BD064B06485A69196A9142FA
S3150800777008BF9A6901F1804104BF01329A6195E612
S31508007780E81D0020041E00208368984203D0436841
S31508007790CB1A002B00DA89E670470146014A0248EF
S315080077A0FEF72ABE5C030408F01D0020D1E900316B
S315080077B003F10043013B8B4200D077E6EDE710B5B5
S315080077C0044692B068462BF0C7FB616802A82BF006
S315080077D0FAFB029931B9694604F11000FFF7E6FF92
S315080077E012B010BD04A8FFF730FA68460F99FFF7E4
S315080077F04FFE02A8FFF7FFF8EBE72DE9F041054633
S31508007800144604301E46069F9DF81C80FFF7BBFCF5
S315080078102846FFF7D4FF656A3DB143463A463146E6
S31508007820AC46A06ABDE8F0416047BDE8F0812DE9A5
S31508007830F04192B004460D46416802A82BF0C3FBFE
S315080078400B274FF00008029E16B912B0BDE8F0816A
S31508007850314604A8FFF7F9F925B1294604A8FEF729
S31508007860B9FF38B1002331462046CDE9008704AA7E
S31508007870FFF7C3FF02A8FFF7BEF8E4E72DE9F04FCC
S315080078809FB00093289B064608460193FEF7EEFF35
S3150800789002280C4617460CD0032801F1310300F0E4
S315080078A0F280B28923F00103511C52BAB1815A8081
S315080078B045E006A8FEF7EAFFFEF7CBFF3A4600F5D5
S315080078C07130D83006F12C09059006AB07F1200C6B
S315080078D01D4610685168083203C562452B46F7D124
S315080078E010682146286092884846AA803A46FFF7DB
S315080078F0BAF9054618BBF16A03A82BF064FBAA4639
S31508007900AB46DDF80C80B8F1000F40F09C801FFAFA
S315080079108AF3092B03D929464846FFF734FC204643
S315080079206189FFF7FCFB054648B12C2205A9FFF73C
S31508007930DCFA002800F09D802846FFF762F820460A
S31508007940FFF7B5FA2046FEF798FF002800F0A28058
S31508007950B4F80AB0BBF1000F00F0B68010AB3D4694
S31508007960994607F1100C1A4628686968083503C253
S3150800797065451346F7D17B8C14AAADF8603005F13E
S31508007980100C134628686968083503C365451A4606
S31508007990F7D1009A97F825301992019AC3F3001384
S315080079A01A92BDF874209B0222F49F6222F0070205
S315080079B043F00403134340F6B9314FF4FA60ADF8C7
S315080079C07430FFF7A7FC9DF875301C906FF3000321
S315080079D020468DF87530FEF750FF9DF8753060F338
S315080079E041038DF87530FEF734FF9DF8753059461A
S315080079F09B074CBF1C9B384B18441B902046FFF72F
S31508007A008EFB054600285AD038224946FFF76DFAFC
S31508007A10002851D106F10408294640462AF0AEFA54
S31508007A203046FFF7CCFE21463A463046FEF72CFF95
S31508007A300446002844D040462946FFF7A4FB3046B2
S31508007A40FFF7BDFE3CE011A8FEF720FF414610A84F
S31508007A50FFF702F925B1109AA2EB0B02002A02DA07
S31508007A604546DDF840B003A8FEF7C5FF0AF1010A4E
S31508007A7047E7294648462AF081FA059906F134006F
S31508007A80FFF782FE5BE723F001035B78002B3FF4E8
S31508007A9056AFFEE72046FEF7E9FE012814D1009B03
S31508007AA093B104F1310323F0010393F800B00BF00E
S31508007AB00F0B0BF1040B51E72846FEF7A2FF032430
S31508007AC020461FB0BDE8F08F3A46214630461FB023
S31508007AD0BDE8F04FFEF7D8BE486B0100002307B596
S31508007AE00093FFF7CBFE03B05DF804FB2DE9F041E8
S31508007AF09CB0C568FEF7ADFE064604A8FEF7C6FEAE
S31508007B00696802A82BF05FFA1C274FF00008029C50
S31508007B102CB92846FFF753FE1CB0BDE8F081214674
S31508007B200EA8FFF792F8199BF31A002B0EDB9DF8A7
S31508007B306D309A0702D59DF86C305BB90023214653
S31508007B402846CDE900870EAAFFF757FE02A8FEF7DA
S31508007B5052FFDCE7013B8DF86C301A9B61895B00AC
S31508007B601A9333441993382338390DEB0302204608
S31508007B7089B2FFF778F99DF86D30DB07E6D40DF189
S31508007B80200C12AB0FCB8CE80F00BDF858300EA9AD
S31508007B9004A8ADF83230FEF760FE9DF86D309DF80A
S31508007BA03520C3F3800363F304128DF83520618909
S31508007BB02046383989B2FFF7B2FA04460028C5D0FC
S31508007BC0014604AA2846FEF75FFE0028BED02046D6
S31508007BD0FEF717FFBAE730B5C46891B001A82BF0D5
S31508007BE0BBF9216803A82BF0EEF9039D35B901A965
S31508007BF004F10800FFF7DAFD11B030BD06A8FEF75C
S31508007C0045FE294605A8FFF727F80599019B5B1A43
S31508007C10002B07DB29462046FFF7B5FA03A8FEF72F
S31508007C20EAFEE2E701A8FFF733FCF7E74160024AFC
S31508007C3001460248FEF706BC68030408F41D002046
S31508007C4010B5274C94F87E3E033B032B46D8DFE855
S31508007C5003F002061713BDE8104025F0B1B9D4F8B1
S31508007C60943E98792AF0EEF9D4F8940E0E22BDE8DF
S31508007C701040002122F0AEBDBDE8104025F0CEB977
S31508007C80B4F87C3E9B0700D5FEE724F043FF7F2827
S31508007C9007D094F98F3E7F2B01D0984201DD84F8F6
S31508007CA08F0EFEF7D6FDD4F8903EC01A002806DAE5
S31508007CB0D4F8E01E0B488031BDE81040B6E794F8CA
S31508007CC07E3E94F98F0E022B1CBF022384F87E3E5B
S31508007CD024F0CEFFBDE8104028F0BABC10BD00BFA6
S31508007CE0E82D0020C43C00200146024A0248FEF75F
S31508007CF083BB00BF68030408F41D00204378FF2BEC
S31508007D0004D1408840BA80B204307047981C704746
S31508007D1038B505460C46FFF7F1FF294682B22046DC
S31508007D20BDE83840FFF7E1B8F7B50E4617460446F2
S31508007D3002236A4639463046FFF752F8054680B9A7
S31508007D409DF8003023709DF80130FF2B0CD00221DE
S31508007D50607002333A68C4F80220A288934214D9A4
S31508007D600625284603B0F0BD0423394630460DEBF8
S31508007D700302FFF735F8D8B901236370BDF806305A
S31508007D8004215BBA9BB20433E4E79BB2934228BF53
S31508007D9013466288A380134472899BB29A42DFD342
S31508007DA0D4F80230A01DC4F80630FFF795FAD8E7D4
S31508007DB00546D6E773B58B890D4649891646ADF84B
S31508007DC0043099422CBFC3EB0102C3EB0302DB4329
S31508007DD092B29BB2934228BF13460446ADF80630CA
S31508007DE02946204601AAFFF79FFF38B92378B342F0
S31508007DF005D0A18801A8FFF76FFAF1E7172002B0AE
S31508007E0070BDF0B585B0054616460A46014601A876
S31508007E101F46FFF7CFFF044650B9BDF808203B467A
S31508007E20B24228BF32462846BDF806102BF09EF807
S31508007E30204605B0F0BD1FB514460A46014601A8FE
S31508007E40FFF7B8FF10B9DDF80A30236004B010BD9B
S31508007E50F0B51746428985B0ADF800101E468A422D
S31508007E602CBFC1EB0203C1EB0103C9439BB289B224
S31508007E70994228BF19460546ADF802106A460146DA
S31508007E8001A8FFF751FF044660B9BDF80C20334638
S31508007E90974228BF174628463A46BDF80A102BF0DF
S31508007EA065F8F455204605B0F0BDF0B51746428989
S31508007EB085B0ADF800101E468A422CBFC1EB0203FE
S31508007EC0C1EB0103C9439BB289B2994228BF19463F
S31508007ED00546ADF802106A46014601A8FFF724FFD9
S31508007EE0044660B9BDF80C2096420BD8B2423B4610
S31508007EF028BF32462846BDF80A102BF037F8204628
S31508007F0005B0F0BD0624FAE710B502231446FFF7BC
S31508007F10CCFF10B923885BBA238010BD042310B5A3
S31508007F201446FFF7C2FF034618B92068FEF70FFD8F
S31508007F302060184610BD30B585B0044615460A4679
S31508007F40014601A8FFF736FF40B901232A46204615
S31508007F50BDF8061005B0BDE83040A6E705B030BD4F
S31508007F60002213B504468DF80720084663B9102188
S31508007F700DF10702FFF7DFFF0346C8B99DF8072092
S31508007F80B2B1FF2A08BF2523002062786FF34102A9
S31508007F906270D4E9092160620AB11846904741F235
S31508007FA0883104F1180002B0BDE81040FFF781BB24
S31508007FB00623E9E730B585B0044615460A46014664
S31508007FC001A8FFF7F7FE38B92A462046BDF806107D
S31508007FD005B0BDE8304097E705B030BD30B585B08F
S31508007FE0044615460A46014601A8FFF7E3FE38B9D6
S31508007FF02A462046BDF8061005B0BDE830408DE794
S3150800800005B030BD73B5154601AA04461E46FFF7EE
S3150800801012FF28B933462A46204601A9FEF7E0FE94
S3150800802002B070BD10B5044601448C4202D3002448
S31508008030204610BDA31C9942F9D36378FF2B02D1C1
S31508008040231D9942F3D32046FFF758FE2044814268
S31508008050EDD323789342EBD00446E6E70222FEF7F7
S3150800806044BFFF2B73B5054616461C4614D1042299
S315080080708DF805304FF47F438DF804100DEB02019F
S31508008080ADF80630FEF731FF20B9224631462846BC
S31508008090FEF72BFF02B070BD8DF8001069468DF80B
S315080080A00130FFF7DBFF0028F4D1002CF2D0ECE713
S315080080B070B505460E461C46114618460BB1FFF725
S315080080C045F922463146C3B22846BDE87040C8E79E
S315080080D007B501238DF807200DF10702FFF7C1FF49
S315080080E003B05DF804FB07B552BAADF806200223C3
S315080080F00DF10602FFF7B5FF03B05DF804FB13B5F3
S3150800810004461046FEF723FC042301900DEB0302F8
S315080081102046FFF7A6FF02B010BD10B50446FEF7CD
S3150800812098FBD4E90031E268C01A9A4202D10028C5
S31508008130A8BF013110BD2DE9F3411E461C4B04466C
S3150800814083424FF000038B4115460AD216A3D3E9A2
S31508008150002333F0BFFE1749144602462846FFF7A8
S315080081604AF9154B4EF66021B4FBF3F203FB1244B1
S31508008170B4FBF1F34FF47A7801FB1344B4FBF8F738
S3150800818028460E490097FFF736F946B1284608FBF8
S3150800819017420B4902B0BDE8F041FFF72CB902B00F
S315080081A0BDE8F081AFF30080005C26050000000002
S315080081B0FF5B26052C03040880EE3600320304080C
S315080081C04103040813B5006850B14AB141B1002310
S315080081D00068019301AB25F053FD19F0F7FA00B1D9
S315080081E0FEE702B010BD2DE9F843436C154613446B
S315080081F0026C044693420E461AD84FF000084F19EF
S3150800820000F11009B74214D1636C1D44236C6564F0
S315080082109D420BD1B4F850302BB104F1100211462F
S315080082202046FFF7CFFF0023A4F85030BDE8F883B7
S31508008230FEE7B4F85030102B06D14A464946204688
S31508008240FFF7C0FFA4F85080B4F850305A1CA4F8C1
S315080082505020234416F8010B1A7C50401874D1E7B5
S315080082602DE9F04F1D4685B09DF8383091460293AA
S31508008270C36C826C2B4493420446884629D86FF017
S31508008280200B0F46CA466B18019300F12003ABEB8F
S31508008290000B0393019B9F421CD1E36C1D44A36C06
S315080082A0E5649D426CD3B4F850302BB104F110024A
S315080082B011462046FFF786FF002194F8542002F164
S315080082C021002044C2F10F0205B0BDE8F04F33F09B
S315080082D091BFFEE7B4F85220102A16D104F13000F7
S315080082E0024694F854600BEB00018E4206DA10F849
S315080082F0011D0131C9B201700029F4D02046039945
S31508008300FFF760FF0022A4F85220029B43BB3E7889
S31508008310B9F1000F0AD0B4F85220511CA4F8521033
S31508008320224492F8302072408AF80020B4F850208F
S31508008330102A08D104F1100211462046FFF742FF21
S315080083400022A4F85020B4F850200137511CA4F894
S3150800835050102244117C0AF1010A4E40167499E71E
S31508008360B4F852209AF80060511CA4F8521022441E
S3150800837092F830205640B8F1000FD7D03E70D5E7B6
S3150800838005B0BDE8F08F38B5D0E912329A420446F6
S315080083900D4600D0FEE700F1300200F12001FFF79C
S315080083A011FF002304F10F0294F855108B4200DBED
S315080083B038BD12F8011F92F820004140E9540133F4
S315080083C0F2E72DE9F04F0568894617469FB0002D5C
S315080083D000F018812B68002B00F01781042B33D08E
S315080083E0052B36D0012B40F0ED80A868002800F058
S315080083F00681894B20F47E149C421AD1EB680BB196
S31508008400E86C38B985481EF0C6FF0446002800F017
S31508008410E88038E007F040F910F1860F06D000280A
S31508008420F1D09330EED16FF06F00ECE76FF071008A
S31508008430E9E77B4B0340B3F1607F40F0E08005F14C
S3150800844010001FF037FEE0E705F1080007F024F9F1
S31508008450DBE7D5F88840724B05F1080B2340B3F1EA
S31508008460607F40F0C480D5F8AC10002940F0C78082
S31508008470282214A833F0BEFE14A835F0F3FB804674
S3150800848028B16FF0920428461FF05CFFAAE0E3B219
S3150800849043F0007303F17E43053B062B00F29580FB
S315080084A0DFE803F0279393242A041C0030260423CC
S315080084B0C4F30544B44200F28580002C18BF264652
S315080084C0202E10D857495A1E51FA82F292F825A042
S315080084D0BAF1200F15D92124002660E014F47C1F78
S315080084E0C4F305460BD16FF08904CCE71C2602239A
S315080084F0DEE714260123DBE720260323D8E7052336
S31508008500DEE7494A584602EB0323149300230CA9D5
S31508008510CDE915331C9306F0E7F804460028DBD1AD
S315080085200C9914A835F0A5FB394614A835F0A1FB1B
S315080085306946584606F0B1F904460028CCD1694682
S3150800854014A806F0E7F9584603A906F0BDF904464B
S315080085500028C1D1012403A914A806F0DBF947F0C5
S31508008560005706A914A8CDF818900794089706F09E
S31508008570D1F90CAB099309A94AF0005314A80A9437
S315080085800B9335F07FFB14A835F066F804460028EF
S31508008590A2D132460CA905F18C0033F0CDFE00239A
S315080085A0C5F8AC600CAA02F8083008F10108B8F161
S315080085B0200FF7D1212C0BD114A835F053FB002836
S315080085C07FF45FAF6FF086045DE76FF085045AE7C6
S315080085D0002C7FF456AF14A835F044FB00287FF42E
S315080085E050AF0024204619F0F1F888B1FEE713468B
S315080085F005F188000A46594606F0DDFC05E76FF0E6
S31508008600880440E76FF08604ECE76FF08804E9E732
S315080086101FB0BDE8F08F00BF0002C003009FFFFF38
S315080086200000C07F5803040800010203006808B56B
S3150800863028B104491FF094FD19F0C8F800B1FEE707
S3150800864008BD00BF09000002006808B528B121B1BD
S315080086501FF030FD19F0BAF800B1FEE708BD10B5F5
S3150800866086B00446ADF80630084603AB11460DF150
S315080086700602FEF78AFABDF810200AB906B010BD40
S3150800868020460399FFF7E0FF03A90DF1060029F03C
S31508008690B9FDF0E7002307B50068019330B1202241
S315080086A001AB1FF007FE19F091F800B1FEE703B021
S315080086B05DF804FB002801DB2AF03ABB704710B5C9
S315080086C003780446002B14BF0520032000F500306C
S315080086D0FFF7F0FF2378BDE81040002B14BF0620F3
S315080086E0042000F50030E5E71F299DBF0068C84053
S315080086F000F001000020704710B50B780446FF2BE8
S3150800870004BF0A230B700B780A460133D9B21A291B
S31508008710117001D9172010BD2046FFF7E5FF10B9E3
S315080087200131C9B2F3E70020F5E7837FC22003F0E1
S315080087300F03D84000F001007047012938B50446F8
S31508008740456832D129F03CFC237E9A0702D5642875
S3150800875028BF64205B0715D5A022214BB0F57A7F88
S31508008760B3F86A3E28BF4FF47A70534303F5FA7399
S31508008770B3F57A7F06D34FF47A72B3FBF2F39842D5
S3150800878028BF1846637E0F2B02D9BC2828BFBC20F9
S31508008790A36833F07C4204D0C3F31903984228BF78
S315080087A01846002808BF0A206060FEF752F8636979
S315080087B0014604F10C0098420DD06268AA420DD019
S315080087C0531A24680A3BE3424CBF0A222146BDE8F5
S315080087D03840FEF769BF62682160F8E738BD00BF18
S315080087E0E82D002010B531B1092919D96FF07C435D
S315080087F0994228BF194600F50052136CC3F31904B1
S315080088008C420BD061F31903136492F85030DB07DE
S3150800881004D5104601213830FFF78FFF002010BD20
S315080088200720FCE7038910B58B420C4605D1BDE845
S3150800883010404FF4004029F0BFBC01814FF40040BE
S3150800884029F062FC2046BDE8104029F07BBA10B535
S31508008850027804465107437817D4120701D5F3B1B5
S3150800886010BD002BFCD1B0F8A030FBB190F8363023
S31508008870072B1CBF072380F83630838E1906EFD4E2
S31508008880BDE810403430FDF795BF002BE8D143888A
S31508008890180604D5E16904F1D000FEF707FEE17A6F
S315080088A004F13400BDE810402AF012BB90F84630B7
S315080088B0DA070AD4838EDB0507D594F83630012B00
S315080088C0CED0012384F83630CAE729F0E7FB002822
S315080088D0C6D1F2E7012342888B401343438043788D
S315080088E013B9C830FEF7C4BD704770B50578ED07F3
S315080088F01DD54578012D1CD0468816F0020F18D1D3
S31508008900022D16D0C6F38005760712D48362049B1F
S315080089104282C362FF230374C368002908BF19464D
S315080089200B4043610221FFF7D5FF284670BD0D2095
S31508008930FCE70520FAE770B50578ED0722D54578F6
S31508008940012D21D0468816F0020F1DD1022D1BD00D
S31508008950C6F38005760717D48362049B002AC36290
S315080089604FF0FF030374C36808BF4FF496720029DB
S3150800897008BF19460B40428243610121FFF7AAFF4F
S31508008980284670BD0D20FCE70520FAE70023038082
S31508008990704700F44052B2F5005F034620D148F212
S315080089A0400220F44E5020F03F0090421ED00CD8D2
S315080089B0B0F5446F1AD005D8C8B1B0F5046018BF31
S315080089C001207047B0F50040F9E703F44C43B3F5CE
S315080089D0404F0BD04CF64043C01A18BF01207047D1
S315080089E010F4406F14BF0120002070470020704724
S315080089F038B505680C4628462AF00BFCFFF7C9FF70
S31508008A0040B128462AF007FCFF2803D02B5A00203D
S31508008A10238038BD0620FCE738B505680C4628468D
S31508008A202AF0F7FBC30500D5FEE7AC7038BD00F4A5
S31508008A304053B3F5005F04D100F44C43B3F54C4FF3
S31508008A4007D0B0F5804F04D380F04000C0F3801003
S31508008A50704700207047838810B5032B12D9006829
S31508008A602AF0D7FB80F480720446C2F30021FFF790
S31508008A7090FF48B98A1CC4F38123022B06D0032B26
S31508008A8017D02BB1FF2212E00A1DF4E70232D2B248
S31508008A902046FFF7CCFF08B10232D2B2C4F38134C4
S31508008AA0022C08D0032C09D0002C18BFFF22104630
S31508008AB010BD0832EBE70232D2B2F8E70832FBE71C
S31508008AC0F8B507680E4638462AF0A3FB0546FFF7B1
S31508008AD0AEFFD0B138462AF09EFB04462846FFF77B
S31508008AE058FF08B10234E4B2C5F38125022D07D038
S31508008AF0032D08D0FF2C08D000203B5B3380F8BD3F
S31508008B000234E4B2F6E70834FBE70620F7E7838881
S31508008B1010B5022B044607D900682AF08BFB18B15A
S31508008B202046BDE8104096E7FF2010BD38B505463B
S31508008B300C46FFF7ECFFFF2817BF2B6806201B5CC7
S31508008B4000201CBF03F00703237038BD38B505465F
S31508008B500C46FFF7DCFFFF2817BF2B6806201B5CB7
S31508008B6000201CBF03F01803237038BD38B505462E
S31508008B700C46FFF7CCFFFF281FBF431C2A68DBB251
S31508008B80D35816BF00200620236038BD38B50546E1
S31508008B900C46FFF7BCFFFF2800D1FEE72A68431CF6
S31508008BA0D9B2545452FA83F3220A5A70220C240E6C
S31508008BB09A70DC702B7F43F001032B7738BD00F0E9
S31508008BC01800102805D0A0F1180358425841C000D3
S31508008BD070470420704708B54307024608D0FFF7D8
S31508008BE0EEFF12F0180F0CBF05300630C0B208BDF4
S31508008BF0FF20FCE72DE9F04F057B0688B0F80290C8
S31508008C0087B0031D012D04460F4646EA090B01935A
S31508008C1030D0022D0CBF0322002294F816A04BEA8E
S31508008C20823BBAF1010F04F10E0825D0BAF1020F02
S31508008C302FD0BAF1000F21D1A37F94F82120003B51
S31508008C4018BF0123B9F5805F4BEAC30305D0B9F510
S31508008C50005F21D0B9F1000F29D145B1BAF1000F53
S31508008C6005D0208B618B884208BF43F04003D607A6
S31508008C7021D5FEE70222D0E74BF4006B5146E08986
S31508008C802AF03AF90028D7D1022E18BF4BF0200B4C
S31508008C90D2E74BF4406BF1E7BAF1000F40F094804D
S31508008CA0617F002D40F08880002940F09A80D50722
S31508008CB048BF43F48073C2F3400243EA42253B6847
S31508008CC004A804934FF4FE03294605932AF056F99F
S31508008CD0E80503D4012104A8FDF769FB2846FFF738
S31508008CE058FE18B1618B04A82AF048F904A8414631
S31508008CF02AF04FF92846FFF79AFE18B1218B04A8E7
S31508008D002AF03CF9211D04A82AF043F9BDF81430CD
S31508008D10BB80A67FA6B1E37F0DF10F011E4304A811
S31508008D208DF80F60FDF745FE3046FFF754FF411EEC
S31508008D3089B204A8FDF73BFB3046FDF7E7FB06467C
S31508008D4094F8213099070ED5022104A8FDF72FFBC8
S31508008D500D2304214370017004A8FDF728FB3B7F0F
S31508008D6043F008033B77AA0523880ED5032B03D0C7
S31508008D7094F821305B0714D4022104A8FDF717FBE9
S31508008D806FF07F0303703F2343702388032B08D1BA
S31508008D9094F820300DF10F0104A88DF80F30FDF777
S31508008DA008FE0236B1B204A8FDF701FBBDF814307F
S31508008DB0BB8007B0BDE8F08F00297FF478AF217F2C
S31508008DC000297FF474AF0CE00DB9617FF8E7022D36
S31508008DD002D1BAF1020FF8D0208B618B88427FF45A
S31508008DE066AF43F0400362E770B50546FFF733FE0A
S31508008DF0FF28044611D02E6830462AF01BFA60B1C7
S31508008E00A9888C420BDA305DFFF7E5FEFF2808D00B
S31508008E100444E4B2A142B8BFFF24204670BDFF2433
S31508008E20FBE70446F9E770B506460D46FFF76FFE01
S31508008E30FF28044609D03268105CFFF7C0FE2244BA
S31508008E400244002053792B7070BD0620FCE770B5EC
S31508008E5006460D46FFF75BFEFF28044600D1FEE7EF
S31508008E603268105CFFF7ABFE22440244557170BDB0
S31508008E7010B50446FFF74BFEFF2806D02368185C9A
S31508008E80FDF744FB0230C0B210BD0220FCE770B506
S31508008E900646FFF7A9FFFF2804462CD03568284662
S31508008EA02AF0B7F983051BD53046FFF7E1FFB188ED
S31508008EB0A21C93B210FA82F28A4205EB04061CDC65
S31508008EC02A5D02F07F0213449CB210FA83F399429A
S31508008ED013DB3288C2F3C7127F2A01D09942E7DC36
S31508008EE02B7803F00703032B05D128462AF0A8F9A7
S31508008EF008B90134A4B2E0B270BDFF24FBE738B567
S31508008F000546FFF7C4FFFF28044614D028680378EF
S31508008F1003F00703032B04D12AF092F908B10134B0
S31508008F20E4B22846FFF7A4FFAB8804449C42CCBFB2
S31508008F300620002038BD0620FCE710B50446FFF7DA
S31508008F40A6FFFF2816BF23680020C01810BD10B55D
S31508008F500446FFF7F2FF2368C01AC0B210BD70B509
S31508008F6005468688FFF7F3FF04462846FFF780FF85
S31508008F700444301B80B270BD10B5044600682AF060
S31508008F8048F9830503D52046BDE810402CE7FF20A5
S31508008F9010BD08B529F022FB003818BF012008BD0E
S31508008FA008B529F01BFB00B1023008BD00232DE9E6
S31508008FB0F0419EB003930AAB089308230446006861
S31508008FC00D46ADF824302AF035F9002859D0204648
S31508008FD00DF10B01FFF7AAFD002852D1204603A97F
S31508008FE0FFF7C4FD064600284BD10DF1100843468D
S31508008FF0286869689DF80B2003C303981946FDF78E
S3150800900049FCA3688DF81C20196808A829F09FFF59
S315080090102046FFF72DFF05462046FFF798FF07462F
S315080090202046FFF79CFFAB1EDBB20246394608A86E
S31508009030CDF8008024F00CFD2046FFF788FF256850
S315080090400246294608A8FFF7CEF82046FFF775FF1F
S3150800905005462046FFF783FF2A460346294608A801
S315080090600096FFF7FDF82046FFF702FFA38825685C
S315080090701B1AE91808A8FFF786F9237F43F010039F
S3150800908023771EB0BDE8F0810023F0B5A3B00393A3
S315080090900EAB0C930823044600680D461646ADF839
S315080090A034302AF0C7F830B120460DF10B01FFF72E
S315080090B03DFD10B1082023B0F0BD204603A9FFF7F7
S315080090C055FD0028F6D104AF3B46286869689DF827
S315080090D00B2003C303981946FDF7DCFB31680CA87F
S315080090E08DF81C2029F033FF2046FFF7C1FE851EA8
S315080090F02046FFF72CFF06462046FFF730FFEDB265
S315080091002B46024631460CA8009724F0A1FC2046BF
S31508009110FFF71DFF2668024631460CA8FFF763F8DD
S315080091202046FFF70AFF06462046FFF718FF0122EA
S315080091300346314600920CA83246FFF791F808A973
S315080091400CA8FFF720F92046FFF792FEA3882668A9
S31508009150181A31182A4608A834F07EF8003818BFBD
S315080091600120C000A7E70B6803604B6843600378DB
S3150800917083F0020303707047082208B534F06CF8D0
S31508009180B0FA80F0400908BD10B504460068FFF73C
S3150800919091FA4FF00043236010BDF0B5002787B061
S315080091A0044600680E4615460597FFF783FA4FF002
S315080091B00043236010234FF41051CDE90163074A99
S315080091C045F44073009705A818F0E8FF18F0FEFA72
S315080091D000B1FEE7059B236007B0F0BD00444004DC
S315080091E0082118F072BC01F1080313F8012D8B420F
S315080091F000F8012BF9D17047F8B507680E463846CE
S315080092002AF009F8044638462AF003F80546FFF717
S31508009210C0FB04EB4003DBB2FF2B13D0C5F3812060
S31508009220022805D0032807D0002300203372F8BD92
S31508009230FB5A33800123F8E7F9183046FFF7D3FFC6
S315080092400223F2E70620F2E7F8B507680E46384625
S3150800925029F0DFFF0546384629F0DDFF0446284693
S31508009260FFF797FB08B10234E4B2C5F38123022B5A
S3150800927012D0032B13D02846FFF7D9FB08B10234C6
S31508009280E4B2FF2C06D0C5F38135022D09D0032D93
S315080092900DD04DB1062009E00234E4B2EBE70834FC
S315080092A0FBE701253B5B338000203572F8BD30466D
S315080092B03919FFF798FF0225F6E708B5044BC18070
S315080092C00022186833F088FB00B1FEE708BD00BF2E
S315080092D0DC1D002007B50A68C0F80A204A68C0F8ED
S315080092E00E206846FFF77FFF0723094A1DF803107B
S315080092F0013B02F8011BF9D2064B002269461868A1
S3150800930033F070FB00B1FEE703B05DF804FB00BF65
S3150800931030440020DC1D00202DE9F047044688B0C3
S31508009320B0F86C6018F092FFE36F514AC11A94F8CE
S31508009330800000233230A1FB000132F0CBFDA027CC
S3150800934094F881307E4303EB830300EB430000F17E
S31508009350780300F5647520467608B54228BF354679
S315080093609E4228BF1E4630F8843BA16F13F0800248
S3150800937054D0B4F86C30DFF804915F433944491B84
S31508009380FEF754FCD4F87480A36F07EB08023B443D
S31508009390C9F82020A367A378626713F0FD0F33D0BE
S315080093A094F86E7028F02CFE04463248C7F3060A75
S315080093B007F07F0733F0CCFF30BB2146384618F05C
S315080093C057FC044600BB0121202033F0A9FFFF23E8
S315080093D08DF804300123A5F51675274807948DF8EE
S315080093E01C30A8EB0503049335443946006801ABE5
S315080093F004AACDE902440594069533F0ABF830B9D2
S3150800940089F82EA089F85EA008B0BDE8F087214645
S31508009410202008B0BDE8F04733F082BF94F86E30DC
S315080094205FEAD31C0CD062F3C71384F86E30491B6D
S31508009430FEF7FCFB204608B0BDE8F047FDF7BAB9D1
S315080094403144B4F86C50FEF7F1FB94F86E307D4366
S3150800945043F0800384F86E3017F052FAA26F636FF8
S315080094602A44A267054A2B4463671362E2E700BFF2
S3150800947040420F0040000100DC1D00202844002067
S31508009480F8B50446B4F86CC090F86E008C45069D95
S31508009490B4F8706000F07F070CD094F86E0062F3A1
S315080094A0060084F86E004FF6FF729142A4F87030F9
S315080094B00CD1FEE7974206D062F306009E4284F876
S315080094C06E00F0D1F8BD9E42E7D1FBE74FF6FD727C
S315080094D0934208D8144AD16113822B68C2F8123015
S315080094E06B68C2F8163094F86E30A4F86C106FF3F7
S315080094F0C71384F86E3004F18400FEF7F5FBB4F860
S315080095006C304BB118F0A2FE606717F0F9F9A06746
S315080095102046BDE8F840FFE623881B06D2D420463D
S31508009520BDE8F840FDF746B92844002013B590F881
S315080095302030DB0717D590F8212002B9827A0B4C28
S31508009540343004F18003009330F8121CB4F89C30D0
S31508009550FFF796FF28F027FD04F1580002B0BDE892
S31508009560104014F0D7B902B010BD00BFE83D002086
S3150800957008B519B1A1F10B030F2B0ED800F58053CE
S3150800958093F8692E8A4206D000F5F25083F8691ED0
S315080095900830FFF7CBFF002008BD0720FCE710B511
S315080095A004460C30FFF7A0F800B3A27A8A4205D128
S315080095B04FF4804028F000FE002010BD4FF4804094
S315080095C0A17228F0A1FD04F5B470FFF7DFF923783E
S315080095D09B06F1D4A37AE37294F8213013B9204696
S315080095E0FFF7A4FF2046FFF732F9E5E70720E4E78F
S315080095F01FB590F820300446990703F001020ED5EE
S31508009600418C61B1F2B943F0010380F82030FFF7CD
S315080096108DFF204604B0BDE81040FFF718B98AB19F
S31508009620002294F8203011466FF3000384F82030A6
S3150800963002AB009304F134004FF6FE73CDE9022223
S31508009640FFF71EFF04B010BD024608B569B902F55A
S315080096508052B2F86A3E00F5F25008301BB1A2F803
S315080096606A1EFFF7C5FF002008BDA020B1FBF0F376
S3150800967000FB1310F0B94FF6FF70834228BF03466C
S31508009680B1F51B5F9BB215D302F5F25002F5805275
S31508009690B2F86A1E08308B42E5D0A2F86A3EB1FAE3
S315080096A081F2B3FA83F352095B099A42D9D1FFF7DB
S315080096B03DFFD8E70720D7E700482DE6643C0020A1
S315080096C00A4690F8FE10FEF7ADBC002910B514BF87
S315080096D033210E211446FFF7F3FF38B1D0F80230D4
S315080096E02360D0F806300020636010BD1720FCE721
S315080096F0F8B5044618300D46FEF74FF84FF0FF331D
S3150800970023746374A374E37423756375A375E3758F
S3150800971023726372A372E37223736373A373E3738F
S3150800972095F8FE30DBB126466378284643F00103F8
S31508009730637016F8087B32463946FFF7C6FF28B924
S3150800974096E8030004F1100383E8030017B92846D6
S3150800975025F040FC2078BDE8F84029F097BBF8BD15
S315080097602DE9F0410746884603261B4D86B0013E83
S3150800977002D106B0BDE8F0813B7803BB6B7803F5F0
S315080097800033404629780593FFF79AFF044600B34D
S315080097904278F2B1FF2A0CBF042302230344019343
S315080097A0012341F20101029200934FF0004205A8FD
S315080097B018F0F4FC18F00AF8014610B1FEE7AB7889
S315080097C0DDE76278FF2A0CBF04200220204432F02D
S315080097D011FD0335CBE700BF8203040870B50D46BB
S315080097E0C2B00446FEF76BFF95F8FE60002E3BD12B
S315080097F02378002B14BF0220012023F05EFF0C28DB
S3150800980000D1FEE7637866F30003224663702846B4
S3150800981012F8081BFFF759FF48B14FF0FF332372C0
S315080098206372A372E37223736373A373E373FDF71F
S3150800983010F823786060012B2FD11948FDF7ADFF8A
S3150800984034212846FFF73CFF38B3FCF774FE154B66
S315080098500246984228BF1A46D5F80011104842B069
S31508009860BDE87040FDF720BF01A829F017FB324676
S31508009870294601A832F060FDD5F80031204601A935
S3150800988041938DF80261FFF76BFF207801A924F058
S3150800989029FD637843F00103B7E742B070BD00BF06
S315080098A0843B00200014730F70B50C460546C2B001
S315080098B001A829F0F3FA94F8FE602146324601A879
S315080098C032F03AFDD4F80031284601A941938DF8C3
S315080098D00261FFF745FF287801A924F003FD42B08D
S315080098E070BD10B591F8FE200446FF2A09D080F80D
S315080098F0FE2032F021FDFCF7ACFFC4F80001002081
S3150800990010BD0720FCE72DE9F8430F46984690F866
S31508009910FE4005461646FFF7D3FEC4F1FE0401468F
S31508009920A4B208F1020918B94C450AD2032021E06D
S31508009930437802331C44A4B24C45F7D32846FCF7B7
S31508009940E5FE95F8FE30B8F1FF0F994405EB0300E4
S3150800995085F8FE90EF5414BF02230423424631468D
S3150800996080F80180184432F0E7FCFCF772FFC5F86E
S3150800997000010020BDE8F88310B50446FFF7A0FEF5
S31508009980014620B12046BDE81040FCF7BFBE10BD19
S3150800999000232DE9F74FFE2281F8FE3003780546AD
S315080099A0002BADF8042014BF0220012001AA0C46A2
S315080099B024F056FB0746002842D1BDF80430FE2B9A
S315080099C03DD88146314E84F8FE3006F1060B2B78D9
S315080099D0002B39D196F801A020463178FFF770FEA2
S315080099E0804698B142788AB1FF2A0CBF0421022129
S315080099F001AB01440AF5003018F04CF838BB98F86A
S31508009A000120019B9A4218BF4FF0010903365E45B3
S31508009A10DDD1B9F1000F03D021462846FFF744FFF0
S31508009A202B78BBB933212046FFF7A6FF3421204601
S31508009A30FFF7A2FFFCF70DFFC4F8000100E01727A7
S31508009A40384603B0BDE8F08F96F802A0C4E74FF099
S31508009A500109DBE734212046FFF732FE06460028D7
S31508009A60EED0FCF768FD0A4B6D68984228BF184689
S31508009A708046FCF7EEFE431B98458ABF2D1A002048
S31508009A8005EB0800B11CFCF705FFD3E782030408C1
S31508009A900014730F30B50446C3B001A829F0FEF9C7
S31508009AA001A92046FFF774FF054601A92046FFF7DE
S31508009AB01FFE284643B030BD70B50C460546C2B0F9
S31508009AC001A829F0EBF9FF220021204632F092FB8B
S31508009AD0284601A9FFF75CFF054640B99DF80261D3
S31508009AE02046324601A932F027FC84F8FE60284653
S31508009AF042B070BD4FF0FF3310B50446037443748B
S31508009B008374C374037543758375C375037243728F
S31508009B108372C372037343738373C37343786FF398
S31508009B2000034370FEF7CBFD2378002B14BF0220F9
S31508009B30012023F0C2FD0C2800D1FEE704F118002D
S31508009B40FDF72BFE2378012B02D10448FDF725FEED
S31508009B502078BDE8104029F099B900BF843B002061
S31508009B6038B500F5005393F85930044693B900F513
S31508009B70F2500830FFF713FD054648B904F5EA50D8
S31508009B800430FFF7B7FF04F5EB501030FFF7B2FFCC
S31508009B90284638BD0D25FBE738B500F5005393F880
S31508009BA05950044685B900F5F2500830FEF73AFEDA
S31508009BB004F5EA500430FFF79DFF04F5EB5010302A
S31508009BC0FFF798FF284638BD0D25FBE72DE9F0413C
S31508009BD005460E46B9B300F5005393F85940A4BBA1
S31508009BE000F5805800F5EE57D8F8D80D1837814299
S31508009BF010D14FF4802028F0DFFA05F5EA5004303A
S31508009C00FFF778FF05F5EB501030FFF773FF204696
S31508009C10BDE8F081FEF74EFD4FF48020C8F8D86DF8
S31508009C2028F072FA4FF4807028F06EFA3846C8F8B1
S31508009C30DC4D12F0D1FC064BC3E92444C3F8984026
S31508009C40C3F88C40D9E70724E1E70D24DFE700BF16
S31508009C50E83D002070B58CB0054602A80C46FCF716
S31508009C6015FE4FF2BF03ADF82A306B78990732D448
S31508009C702B78002B14BF1C200D2023F073FD0646FD
S31508009C8058B3214694F8FE20FDF72FF90446F0B99B
S31508009C9002A814F06BFC4FF07F42114C06AB94E817
S31508009CA0030083E803000F4BA4F63820CDE9082308
S31508009CB031460D4B009502AAFDF7E0FD044630B982
S31508009CC06B7843F002036B7020460CB070BD3046CB
S31508009CD0FCF797FEF8E71824F6E70324F4E700BF35
S31508009CE030400020FE00FC00617F000838B51546AC
S31508009CF020F0E6FC044650B101462A460448FDF722
S31508009D00EDFE20B12046BDE83840FCF77ABE38BDE6
S31508009D10F8350020024690F8403030B5C418944211
S31508009D20154606D1402B08D05A1C80F84020C1544D
S31508009D3003E02D7801328D42F1D130BD2DE9F04195
S31508009D409CB0804601A80C461F461646229DFCF785
S31508009D509DFD4FF2BF03ADF8263000238DF86C3019
S31508009D6023781BB10E210BA8FFF7D4FF63781BB12C
S31508009D7033210BA8FFF7CEFFA3781BB105210BA84B
S31508009D80FFF7C8FFE3781BB103210BA8FFF7C2FF53
S31508009D9023791BB102210BA8FFF7BCFF63791BB11E
S31508009DA007210BA8FFF7B6FFA3791BB134210BA82F
S31508009DB0FFF7B0FFE3791BB101210BA8FFF7AAFF54
S31508009DC0237A1BB100210BA8FFF7A4FF237B1BB145
S31508009DD04A210BA8FFF79EFF637A1BB104210BA843
S31508009DE0FFF798FFA37A1BB10C210BA8FFF792FF88
S31508009DF0E37A1BB135210BA8FFF78CFF3744BE4227
S31508009E002BD198F80030002B14BF1A200B2023F012
S31508009E10A9FC064600283CD09DF86C301BBB01A85F
S31508009E2014F0A4FB1C4B05AA93E803004FF07F43EC
S31508009E3082E803000793FE23ADF82030F5B9FC232A
S31508009E40ADF822303146154801AAFDF747FE04460B
S31508009E5080B920461CB0BDE8F08116F8011B0BA896
S31508009E60FFF758FFCBE70D210BAAFEF7FAF80446D1
S31508009E700028D4D03046FCF7C4FDEAE72B46103557
S31508009E80144618685968083303C4AB422246F7D10A
S31508009E90D8E70324DDE700BF30400020F83500206E
S31508009EA010B50C460E21FFF70BFC38B1D0F802307E
S31508009EB02360D0F806300020636010BD1720FCE749
S31508009EC0082208B533F0C8F9B0FA80F0400908BD91
S31508009ED038B504460D46FFF7F3FF28B1BDE838400C
S31508009EE04FF4003028F068B92B684FF4003023602F
S31508009EF06B686360BDE8384028F006B9F0B50546DA
S31508009F00007840B30A88C600F6B2B2FBF6F301271A
S31508009F1006FB1322431EDCB2C2F3C403E31A55FA46
S31508009F2083F35B7802F0070207FA02F213EA0200EB
S31508009F3011D04B88B3FBF6F206FB1233C3F3C40207
S31508009F40A41A55FA84F003F007039F4043783B426E
S31508009F5014BF01200020F0BD41F2210337B50C469D
S31508009F600546014601A8019323F08EFB48F2050336
S31508009F702080294601A8019323F086FB608003B060
S31508009F8030BD30B50546C3B008A80C4628F0CCFF4E
S31508009F9008A8FEF74BFB0822294608A8FEF754FB3B
S31508009FA0694608A8FEF776FB6B4603CB2060237844
S31508009FB0616043F00203237008A828F0ABFF43B0A2
S31508009FC030BD13B50446684612F050F863886178C8
S31508009FD05BBA0229ADF8003000D1FEE722790329E1
S31508009FE04FEAD213C2F3801043F0800343EA4003DA
S31508009FF0C2F3401043EA8003C2F3001043EAC003E9
S3150800A00082F00400C0F3800043EA001382F00200E5
S3150800A0106FEA0202C0F3400002F0010243EA40136D
S3150800A02043EA8213BDF8022022F47F6222F00F026F
S3150800A03043EA0203ADF8023011D0617923F478635C
S3150800A04081F0400001F08002C0F3801042EA00224D
S3150800A05001F0070142EA41221343ADF8023000201D
S3150800A060009B9AB262F30F001B0C63F31F4002B009
S3150800A07010BD00232DE9F3410B60438904460E46C3
S3150800A080002B33D01D4F608988B301282ED0606815
S3150800A090218978B302236A46FCF7AEFD6D466B78D4
S3150800A0A0628903F10208424520D32A78C2B9042BF3
S3150800A0B01CD1606828B106236A4604F10801FCF73A
S3150800A0C08FFED5F80200FCF742FCFCF738FA2B782D
S3150800A0D0002B0CBF3B46002318403368034333600C
S3150800A0E0414604F10800FDF7F7F8CCE7062002B070
S3150800A0F0BDE8F08125680D44D1E700BF00F8FF07E9
S3150800A1001FB500230293ADF80C30831C01934378E6
S3150800A11001A8ADF80E30FFF7ACFF05B05DF804FBFB
S3150800A12073B590F8FE300546FF2B00EB03065DD1AC
S3150800A130062002B070BD6178FF29F9D0A21C9642AC
S3150800A140F6D32046FDF7DAFD20448642F0D323787D
S3150800A1500E2B0BD80E2B10D8DFE803F0213E442E29
S3150800A16042420F440F0F0F0F340F4400352B2CD0EB
S3150800A17013D8332B36D0342B36D0611B2846227899
S3150800A18089B2FDF74FFF0028D2D12046FDF7B6FD6C
S3150800A1900444B442CFD30020CBE74A2BEDD10229A1
S3150800A1A0C6D9A378002BC3D1B4F803305BBA0B3BEE
S3150800A1B09BB20F2BE1D9BBE71046FDF72BF9002818
S3150800A1C0DBD1B5E70229D8D8B2E7204601A9FFF7BF
S3150800A1D097FF0028D1D0ABE702239942CDD2A7E753
S3150800A1E01023FAE70823F8E70423F6E70446D0E73E
S3150800A1F030B585B00C466A4635210546FDF71BFE87
S3150800A20038B9009BCDE90105214601A80393FFF75C
S3150800A21030FF05B030BD002310B5044683710948E8
S3150800A220084058B1237004236370FCF788F9FCF7DB
S3150800A2308EFB0623C4F80200A37110BD002AF1D1D3
S3150800A240FBE700BF00F8FF0791F8783073B50546BD
S3150800A2500C465BB16846FCF77CFB08236A460E2170
S3150800A2602846FFF750FB002840F0168194F879300D
S3150800A2706BB1684604F11001FCF76BFB08236A46CC
S3150800A28033212846FFF73FFB002840F0058194F864
S3150800A2907E30002B40F0F38094F880307BB10021AB
S3150800A2A0B4F85A306A465BBAADF80130284603233B
S3150800A2B08DF80010FFF727FB002840F0ED8094F892
S3150800A2C0843083B10022B4F85C308DF800205BBA84
S3150800A2D0ADF801306A4603234A212846FFF713FBE7
S3150800A2E0002840F0D98094F8833073B1002268467C
S3150800A2F0616FFFF790FF6A46352128469DF80630BC
S3150800A300FFF701FB002840F0C78094F87C30002B4B
S3150800A31040F0C48094F87D304BB1082307212846C5
S3150800A32004F14902FFF7EFFA002840F0B58094F8E7
S3150800A3307A304BB110230521284604F12002FFF795
S3150800A340E2FA002840F0A88094F87B3073B104F153
S3150800A350300611213046FCF7F9FF3246C3B2032115
S3150800A3602846FFF7D0FA002840F0968094F87F3008
S3150800A3706BB1B4F858306A465BBAADF800300121C3
S3150800A38002232846FFF7BFFA002840F0858094F894
S3150800A390813043B110230421284604F15E02FFF7F9
S3150800A3A0B2FA002878D194F88230002B65D040F2B2
S3150800A3B00C43ADF80030B4F86E305BBAADF8023035
S3150800A3C00023ADF8043094F87030DE0744BF8022CD
S3150800A3D08DF80420980742BF9DF8042042F04002F9
S3150800A3E08DF80420590742BF9DF8042042F0200248
S3150800A3F08DF804201A0742BF9DF8042042F0100287
S3150800A4008DF80420DE065EBF9DF8042042F00402A3
S3150800A4108DF80420980658BF9DF8042028465CBF8E
S3150800A42042F002028DF80420590658BF9DF8042010
S3150800A4304FF00C015CBF42F001028DF80420DB09E5
S3150800A4401CBF80238DF8053094F87130DA075EBF9B
S3150800A4509DF8052042F040028DF80520C3F342021C
S3150800A4609DF80530134343F038038DF805300DF198
S3150800A47002020423FFF747FA70B900200CE0606D6A
S3150800A480FCF765FA042300906A4634212846FFF74C
S3150800A4903AFA00283FF400AF02B070BD0823022143
S3150800A4A0284604F14102FFF72EFA00283FF432AF9E
S3150800A4B0F2E770B50E68054609793046FCF746FF9F
S3150800A4C0C4B2102C0FD822462946304632F0C4FEB4
S3150800A4D008B92B5D4BB122463146284631F02CFF90
S3150800A4E00020285570BD0720FCE71820FAE711233D
S3150800A4F037B5054608460C4600918DF8043031F00C
S3150800A5007DFF01462046FCF785FF28B169462846A7
S3150800A510FFF7CFFF03B030BD0720FBE738B500F5DE
S3150800A520005292F859200546B2B9B9B10B78ABB1C9
S3150800A53000F5ED501030FFF7DAFF27F045FE044628
S3150800A54005F5EA500430FFF7D5FA05F5EB5010305B
S3150800A550FFF7D0FA204638BD0D24FBE70724F9E7B4
S3150800A56010B500F5005393F859404CB900F5EE5074
S3150800A5700130FFF7BCFF182818BF0446204610BD57
S3150800A5800D24FBE74FF6FF720388934208D1D0F8F3
S3150800A5900220013204D1C088C01A18BF01207047B2
S3150800A5A00120704708B50346D0F80200FCF7CFF93A
S3150800A5B0198849BA89B208BDF0B50546C5B003A8D9
S3150800A5C00C4628F06BFC294603A8FFF78AF90646CD
S3150800A5D090B903A8FFF7A4FD0646002840F0D080EE
S3150800A5E001468822204631F005FE03AD9DF80A3162
S3150800A5F003AA13449D4202D3304645B0F0BD2B78DA
S3150800A6000E2B0BD80E2B11D8DFE803F031884E77C6
S3150800A610A166105A10101010B0102000352B2FD03C
S3150800A62009D8332B00F08280342B35D02846FDF725
S3150800A63065FB0544DAE74A2BF8D10122B5F8033061
S3150800A64084F884205BBAA4F85C30EFE70123A81CE1
S3150800A65084F87830FFF7A6FFC4E900012B895BBAB6
S3150800A660C3F34E0203F001032281A372DEE701223F
S3150800A670B5F8033084F880205BBAA4F85A30D5E7D9
S3150800A680284601A9FFF73CFD0028CFD1012384F80D
S3150800A6908330019B6367C9E72846FBF74CFF012314
S3150800A6A0606584F87E30C1E7012384F87C30D5F8EC
S3150800A6B00230C4F84130D5F80630C4F84530B5E75D
S3150800A6C0012384F87D30D5F80230C4F84930D5F82E
S3150800A6D00630C4F84D30A9E7012304F1200784F8B1
S3150800A6E07A3005F1120CAB1C3A46186859680833DB
S3150800A6F003C263451746F7D198E7012384F87B30F0
S3150800A7006B78AA1C102B28BF102301A904F130006E
S3150800A71001928DF80830FFF7CCFE87E701226B8897
S3150800A72084F87F205BBAA4F858307FE70123A81C79
S3150800A73084F87930FFF736FFC4E904012B895BBA40
S3150800A740C3F34E0203F001032283A3766EE70123C7
S3150800A75004F15E0284F8813005F11201AB1C53F84E
S3150800A760040B8B4242F8040BF9D15FE72846FFF742
S3150800A77028FC0123019084F88230C4F86E0055E75E
S3150800A780072639E770B50C460546FFF7FBFE014676
S3150800A7902046FFF7F7FE81422CD12846FFF702FF35
S3150800A7A0064620460A46FFF7FDFE8A4208BF86424D
S3150800A7B004D0B04291410ED2012070BDEB885BBA3D
S3150800A7C0C3F34E0299B2E3885BBA98B2C3F34E0359
S3150800A7D09A4203D0F0D84FF0FF30EEE701F00103BC
S3150800A7E000F00102934207D0002B0CBF4FF0FF3058
S3150800A7F00120E2E70029F8E70020DEE72DE9F0412D
S3150800A80080460E4618F8105B044629461746304619
S3150800A8104246FEF75AFF0543EDB27DB1404604F1C4
S3150800A8200801FFF7AFFF00280FDD31462046FEF787
S3150800A830D5FF207828F02AFB002004E0304624F0D3
S3150800A840C9FB0028EAD0BDE8F081002FEDD1002829
S3150800A850EFD041F2883104F11800FCF72AFFE8E747
S3150800A86070B500F1080604460D46C4B031461030EE
S3150800A870FFF788FF002821DA237883B903A828F090
S3150800A8800DFB03A90E48FFF783F801A903A8FFF7F4
S3150800A89007FB20B9314601A8FFF774FF70B12946B6
S3150800A8A02046FFF7D7F9032808D141F2883104F189
S3150800A8B0180044B0BDE87040FCF7FBBE44B070BD5C
S3150800A8C0583B002043789B0706D4044B93F859302D
S3150800A8D0023B012B00D8C3E7704700BFE83D0020C4
S3150800A8E030B50D46C3B0044601A828F0D7FA294664
S3150800A8F001A8FEF7F6FF18B10725284643B030BD74
S3150800A90001A8FFF70DFC05460028F5D1204601A948
S3150800A910FEF764FF094B93F859302BB1022B08D088
S3150800A920207828F0B3FAE8E7204601A9FEF7E0FE0A
S3150800A930F6E7204601A9FFF7C5FFF1E7E83D002045
S3150800A94010B50446C2B001A828F0A8FA204601A905
S3150800A950FFF71EF818B9204601A9FFF7B3FF42B062
S3150800A96010BD0148ECE700BF2C3B00200048E7E794
S3150800A970583B00208378028803B90902114489B23A
S3150800A9808A4284BF013189B283F001030180837052
S3150800A990704738B50C468D18AC4200D138BD14F84E
S3150800A9A0011BFFF7E7FFF7E70246402308460021A9
S3150800A9B0FCF740B930B5054691B0084627F014FCB7
S3150800A9C00446014605F13C00FCF7C3FB0CB911B07F
S3150800A9D030BD68462146FFF7E7FF0F9808B1FCF738
S3150800A9E010F82046FCF70DF80E9CEFE770B590B00E
S3150800A9F006460C46684649681546FFF7D5FFDDE961
S3150800AA0001329DF80010062909D8DFE801F0040490
S3150800AA1004040404040013B1214628469847304626
S3150800AA20616810B0BDE87040C4E7F0B50F4615463A
S3150800AA3089B020220021044668461E4631F0DAFB1A
S3150800AA4039462A4668461FF0D9FD0396014630B1B5
S3150800AA506B462A462046FFF7E8FF09B0F0BD0246D6
S3150800AA6069462046FFF7C2FFF7E730B593B00D46B3
S3150800AA70C16B684628F0A7FA009C14B9204613B0A3
S3150800AA8030BD214602A8FFF78FFFBDF80A30AB425A
S3150800AA90F4D0109C002CF4D16846FBF7ACFFEBE72A
S3150800AAA070B50E4688B00446154600212022684631
S3150800AAB031F0A0FB304627F097FB054B2A46CDE937
S3150800AAC0003069462046FFF791FF08B070BD00BF09
S3150800AAD0E81D0020002303604360836070472DE96A
S3150800AAE0F04315468FB0804601A89946FFF7F2FF56
S3150800AAF004A80F46FBF7CAFE95F83030013385F8EF
S3150800AB003030FBF7A6FE6B6A0344EB606B88002BBC
S3150800AB1051D1022101A816F0D8FF0446002840F0BA
S3150800AB20A480BDF804100029F3D049BA404689B27A
S3150800AB30FFF79BFF0028ECD1BDF804305BBA6B80A9
S3150800AB409DF8063095F8292003F00703012A8DF8A9
S3150800AB50063004BF43F001038DF806302B78382100
S3150800AB60032B14BF4FF480734FF400730020494A37
S3150800AB70ADF8083027F00EFE0646002800F087805C
S3150800AB800C2201A9FCF7B1F90446002853D17B89A8
S3150800AB904022403B394630469BB2FCF700FA044651
S3150800ABA0002848D12B78062B09D8DFE803F02E2495
S3150800ABB02628282A2C005BBAADF80430C0E7002303
S3150800ABC05BBAADF800304FF480730422694630460C
S3150800ABD0ADF80230FCF789F9044660BB2B78032BE5
S3150800ABE015D0B28973899B1A95F82C209BB2022A34
S3150800ABF025D107241FE00123E2E70C23E0E7212300
S3150800AC00DEE71023DCE76B8EDAE71C23D8E77B89BF
S3150800AC104022403B394630469BB2FCF7C0F9044611
S3150800AC2048B91D4B0422694630460093FCF75DF986
S3150800AC3004460028D5D03046FBF7E3FE15E0B3F509
S3150800AC40007FD6D808AC05F110030FCB84E80F00B7
S3150800AC502B8C3246ADF83230104804AB08F10401AB
S3150800AC6013F0DCF904460028E5D1B9F1000F04D049
S3150800AC70E96808F14400FCF787FD384640232A4670
S3150800AC800021FCF7F0F820460FB0BDE8F083032456
S3150800AC90EBE700BF660104080010000180340020BD
S3150800ACA02DE9F0479946838A88B006460C469046B1
S3150800ACB09DF840A05BB10B78012B0FD191F82A3093
S3150800ACC0012B06D1264802A915F0E5F930B10D2564
S3150800ACD000E00725284608B0BDE8F0874A46414601
S3150800ACE0204601AB22F032FC05460028F2D1019F2E
S3150800ACF006F13C00394627F041F901232246394638
S3150800AD003046FFF7ECFE054620B139463046FFF7D8
S3150800AD1051FEDFE7BAF1070FDCD0608084F8300017
S3150800AD204A464146204684F800A0676302AB22F0F3
S3150800AD300DFC0028CED1DDF80880224601234146C5
S3150800AD403046FFF7CCFE39462046FFF72DFE402356
S3150800AD50224629463846C4F83880FCF784F8B9E70D
S3150800AD601C4100204022002131F044BA38B50D4676
S3150800AD7040210446FCF7EAFA2A46C1B22046BDE855
S3150800AD803840FCF7F4B82DE9F0418846054688B105
S3150800AD9000242046A3B2EF5C1FB12E2F01D0013448
S3150800ADA0F8E7231A13F0FF01A6B206D117B196B930
S3150800ADB06B7883B90020BDE8F081FD2E0BD842469A
S3150800ADC02844FCF7D4F80028F5D10136B0B201348E
S3150800ADD0002FDFD1EEE70720EDE7002307B50DF1D9
S3150800ADE007018DF80730FCF79BF803B05DF804FB04
S3150800ADF00346B3F5404F07B5084600D3FEE76FEAAA
S3150800AE0083436FEA93430DF106015BBAADF806304A
S3150800AE10FDF724F903B05DF804FB10B50C46FFF7FF
S3150800AE20B2FF18B92046BDE81040D6E710BD13B5E5
S3150800AE3004460123218920680DF10502FBF7FAFE75
S3150800AE4058B99DF8053013F0C00010D13BB9638995
S3150800AE5013B9238901336381172002B010BD2289F3
S3150800AE60A371013292B21344A2802381F5E7C02868
S3150800AE701CD10223218920680DF10602FBF7DAFEB0
S3150800AE800028EAD1638913B9238902336381BDF89F
S3150800AE90063022685BBA9289C3F30D031344A2896C
S3150800AEA09BB29A4202D92381A381C2E70620D4E73E
S3150800AEB01FB500220C460B880090ADF80830ADF897
S3150800AEC00A20ADF80C306846FFF7B1FF0028FAD023
S3150800AED0172802BF0020BDF80A30238004B010BD31
S3150800AEE0F0B51746002285B01D460B8800906846C7
S3150800AEF00C46ADF80830ADF80A20ADF80C30FFF76F
S3150800AF0096FF88B99DF806602B78B3420ED933466A
S3150800AF103A46BDF804100098FBF78CFE20B9BDF838
S3150800AF200830B8552E70238005B0F0BD0320FBE726
S3150800AF302DE9FF41144600220F464FF001081D4631
S3150800AF400B880090ADF80830ADF80A20ADF80C3043
S3150800AF506846FFF76CFF20B1172831D004B0BDE86A
S3150800AF60F081B8F1000F04D12E23013D04F8013B0E
S3150800AF70ADB2402D2B4628BF40239DF80660DBB2B4
S3150800AF80B34201D80320E9E733462246BDF8041048
S3150800AF900098FBF74FFE0028E0D1A219A055B8F19A
S3150800AFA0000F03D1013C14F8013F2BB9AE1B144620
S3150800AFB04FF00008B5B2CBE72E2BF4D10620CDE72B
S3150800AFC02E23012D2370DDD00020BDF80A306070D5
S3150800AFD03B80C3E7F7B50F6805460C4681793846C6
S3150800AFE01646FCF7B3F9814202D0002003B0F0BD43
S3150800AFF00D4B3A46009328680B46A988FBF7FCFEDA
S3150800B00003460028F1D02068AA7981182160825C5D
S3150800B010B2FA82F04009002EE8D12E2A02BF013189
S3150800B02018462160E2E700BFAD6500082DE9F04348
S3150800B03013680D468FB0002B31D00A880021ADF871
S3150800B0403020ADF834201A7806932E2A0A90ADF8E7
S3150800B050321011D001260AA8FFF7E9FE0446A8B166
S3150800B06017280FD126B1069B1B78002B08BF002492
S3150800B070BDF832302B8005E05A1C5B780692002B0F
S3150800B080E8D0072420460FB0BDE8F083002EE2D0B2
S3150800B090024606A90AA8FFF79DFF0646DBE756689B
S3150800B0A0002E59D00A960126128909880690ADF80D
S3150800B0B02010ADF82230ADF82410ADF83020ADF8E8
S3150800B0C03230ADF8342006A8FFF7B1FE044658B171
S3150800B0D01728D7D12EB10AA8FFF7A9FE172808BF47
S3150800B0E00024BDF82230C5E7002EECD00AA8FFF7E9
S3150800B0F09EFE26460028E6D19DF81E309DF82E4075
S3150800B1009C42E0D1BDF81C10069803AB0DF10A026B
S3150800B110DDF82880BDF82C60ADF80A40FBF735FD50
S3150800B120DFF83C90BDF8107047B13B4631464046C3
S3150800B130039ACDF80090FBF75FFE18B9B4FA84F6C7
S3150800B1407609C0E73E44E41B03A90DF10A00B6B22E
S3150800B150A4B227F057F8E5E70FB0BDE8F043A7E635
S3150800B160AD65000830B504460D4685B001AA0A2328
S3150800B170FBF760FD6289C5F57F43F63313445BBA76
S3150800B180ADF80C3029460A23204601AAFBF76BFEC8
S3150800B19005B030BD70B50D461446064602460A236C
S3150800B1A021462846FBF746FD40B933896A895BBACA
S3150800B1B00A3414FA83F3934288BF062070BD7FB51C
S3150800B1C005460E46144614B9204604B070BD3146ED
S3150800B1D02846FFF76DFE0028F7D12946328801A8D0
S3150800B1E0FFF7D8FF0028F0D1BDF80C3032885BBADB
S3150800B1F00A331344013C3380A4B2E4E72DE9FF4740
S3150800B20080460D4692460A88014601A89946BDF829
S3150800B2103070FFF7BFFF0646B0B9BDF80430BDF879
S3150800B2200C405BBA64BA9BB2A4B25345298804F1B0
S3150800B2300A040DD1A7420BD83B464A464046FBF7BF
S3150800B240F9FC2B881F442F80304604B0BDE8F087F0
S3150800B250214417262980F7E72DE9F04F0646884648
S3150800B260144687B01D460B88BDF844A0BDF84CB0FF
S3150800B270ADF80A30FCB13046109A0DF10A01FFF715
S3150800B280D5FEB0B1172817D10027BDF80A90314668
S3150800B2904A4603A8FFF77EFF70B9013CA4B2C7B9B6
S3150800B2A0BDF8143009F10A025BBA1A44ADF80A204F
S3150800B2B0E0E70127E9E7172007B0BDE8F08F129B02
S3150800B2C00A371B89013D5BBA1F44ADB2ADF80A7057
S3150800B2D0D0E752463046129BCDF800B00DF10A0170
S3150800B2E0BDF80A70FFF78AFF1728C3D00028E3D1F4
S3150800B2F0002DE4D1BDF80A30A8F80030DCE72DE9C6
S3150800B300F0471E6B054617461C4688B0002E3CD1F2
S3150800B3109B6A002B39D08068002836D0002936D1A0
S3150800B3202B8A6A8AADF812300A21002384F82E3057
S3150800B330039105A902911021CDE900710DF11201C1
S3150800B340FFF78AFF00283CD1BDF81C80A38D98FA28
S3150800B35098F81FFA88F7D4F82890BDF812A0BB42CF
S3150800B36028BF3B464A465146A868FBF763FC30BBF4
S3150800B370A38DBA44BB42ADF812A00DD2012384F8BE
S3150800B3802E300698FBF7E3FA206300200CE02B8B9F
S3150800B3906A8BADF81230C7E7A4F82C80B3B29F4287
S3150800B3A005D80028EDD0062008B0BDE8F08718B902
S3150800B3B019F806000136F1E70138C0B2FAE70328A2
S3150800B3C0DCD01728E1D0EFE72DE9F04304460F4615
S3150800B3D0154628264FF00A0889B00DF114092FBB27
S3150800B3E0238A628AADF812300523CDE90298CDE9A1
S3150800B3F000530DF112010023A068FFF72DFF17284F
S3150800B40019D080B9A368BDF81220C5E900032A81BE
S3150800B41018460DF11201FFF74BFD20B9013EB6B2F1
S3150800B420002EDCD1062009B0BDE8F083238B628BA1
S3150800B430ADF81230D8E70020F5E7F0B504461F4608
S3150800B44091B0A36806AD0E4607CA85E8070093B310
S3150800B4502A4631462046FFF7B7FF024618BB2EBBE1
S3150800B460238A628AADF816301A23039309AB02932E
S3150800B4701C23CDE900530DF116013B46A068FFF7E2
S3150800B480EBFE024678B916990DF12E030DF13E0032
S3150800B49053F8044B834241F8044BF9D10A98FBF759
S3150800B4A056FA179B1860104611B0F0BD238B628BB5
S3150800B4B0ADF81630D8E71722F5E70823FBF7BABB2D
S3150800B4C040280ED8272804D8202814BF0020012099
S3150800B4D070474FF001332838C0B2C34003F001006B
S3150800B4E070476028F1E713B50B466C461B78024691
S3150800B4F00868496883F0020303C48DF800306B4678
S3150800B50003CB1060516002B010BD0368B3F17F4FE2
S3150800B51005D18088A0F1FE035842584170470020A3
S3150800B520704708B50246FFF7F0FF20B19079A0F101
S3150800B530FC035842584108BD2DE9F04701F131078F
S3150800B54027F0010715467B1ACA891C3B9A4206460C
S3150800B5500C4694B000D2FEE7B1F80C803846FBF7EB
S3150800B560AEF904233A4641462046A7F80E80FBF773
S3150800B57061FB00284DD13B7803F00F03082B48D810
S3150800B58008F1040120463A1D89B2FBF753FB00284F
S3150800B5903FD10DF1180821464046FBF705FC002867
S3150800B5A037D14FF6FF79BDF81E304B452CD1FB89B4
S3150800B5B0BDF820102046C91A89B23982FBF7C7FAA6
S3150800B5C07B78013B032B35D9716803A827F0FBFC70
S3150800B5D005F1100ADDF80C90B9F1000F40F0D4809F
S3150800B5E0F36C002B40F00B812046FBF746F920B997
S3150800B5F02046FBF73BF901285DD12B46224603215D
S3150800B600304627F061FD56E04046FBF786FB0028EA
S3150800B610C9D02B78FF2B4ED02046FBF72EF90028F1
S3150800B62049D02B4622460321304614B0BDE8F047E0
S3150800B63027F04ABD736ADBB92A46214606F12C0073
S3150800B640FBF711FB38BB214603A8FBF7ADFB4FF60A
S3150800B650FF77002840F02981BDF81230BB4263D03D
S3150800B660BDF810300B2B5FD003A8FBF756FBF0E7AD
S3150800B6702946B26A98470028DED017281BD12B78AE
S3150800B680FF2B18D02B4622468421304614B0BDE83D
S3150800B690F04727F0C9BC41892C3989B2FBF73FFD31
S3150800B6A0074640B1FBF703FC2A4639463046FBF706
S3150800B6B0EBF8002857D114B0BDE8F087474516BF08
S3150800B6C03A46424602F801ABD7180DF139018F42C6
S3150800B6D0F1D2BDF814100398C91A89B2FBF78CFA8F
S3150800B6E003A8FBF71AFB002840F0DF80BDF81230EC
S3150800B6F04B4503D0BDF810300B2BF1D1BDF81230F5
S3150800B7004B45DBD100233B70776D9FB9376ACFB9BC
S3150800B710736C23BB2B78FF2BCDD02B462246842176
S3150800B720304627F081FCC6E747464FF6FF794FF0CB
S3150800B7302F0AE3E72B46224641463046B8470028FB
S3150800B740E4D0B8E741463868FBF70CFE28B12A462C
S3150800B75021467B68B8689847ADE7FF68D7E72A4669
S3150800B7602146B06CF7E7172808D12B78FF2B05D0B0
S3150800B7702B4622468421304627F056FC384614B01C
S3150800B780BDE8F047FBF73DB949464046FBF75DFA89
S3150800B79051460AA8FBF71EF820B1BDF838206B8C75
S3150800B7A09A4207D09DF82830FF2B03D00CA8FFF744
S3150800B7B0B8FE00B32046FBF759F8012815D9023818
S3150800B7C0C0B2012817D809F1310323F001035A88BA
S3150800B7D07B889A420FD12046FBF748F803283FF6A4
S3150800B7E06AAFDFE800F04F55211449462046FAF7BC
S3150800B7F013FF0028EFD103A8FBF7FDF8EAE62A466F
S3150800B8002146306D984700287FF455AFECE67B78E3
S3150800B810002B7FF450AF0B22CDE900324246494651
S3150800B8203046FBF7EAFF46E77B78E3B99DF84D30EB
S3150800B8309A070CD543F001038DF84D30B9F80A1074
S3150800B840382338394246484689B2FBF70CFB0F9B2A
S3150800B850002B7FF430AF301D4946FBF794FC304689
S3150800B860FBF7ADFF27E73F2B7FF625AF4946204676
S3150800B870FAF7D2FE00283FF41EAF0023CDE90053A5
S3150800B8802346CBE72B4622460221304627F01CFCEE
S3150800B8900F9F002FF1D09DF82830FF2BEDD1002304
S3150800B8A02A4621461098B84705E717283FF432AFCD
S3150800B8B001E7036813B9436873B132E60333FCD171
S3150800B8C04FF6FF7382889A42F7D18379FF2BF4D11A
S3150800B8D090F90730002BF0DA01207047026803461A
S3150800B8E042B9406840B99A683AB9D868B0FA80F05F
S3150800B8F0400970470020704710467047F8B504465F
S3150800B90017460D4631B90FCF0FC497E80F0084E8E4
S3150800B9100F00F8BD06460FCD0FC695E80F0086E85E
S3150800B9200F002046FFF7DAFF48B13B46224607F1EB
S3150800B930100153F8040B8B4242F8040BF9D1238A01
S3150800B9400BB93B8A238263690BB97B696361237EE2
S3150800B9500BB93B7E2376637E0BB97B7E6376A37E2B
S3150800B9600BB9BB7EA376E37E0BB9FB7EE376237F1A
S3150800B970002BCED13B7F2377CBE72DE9F04393B05D
S3150800B980044616461F460D46DDF86C809DF87090F5
S3150800B99019B9072013B0BDE8F08302A8FFF7E2F94A
S3150800B9A0414604F1500206A8FFF7A8FF8DF8399022
S3150800B9B0B8F1000F03D098F81B30052B0CD09DF872
S3150800B9C03330052B08D106A904F17100FAF70AFFEE
S3150800B9D010B104238DF833309DF83330022B14D080
S3150800B9E0042B10D0012B18D1072204238DF8083018
S3150800B9F01A9B009204932A463346204602A90397C7
S3150800BA00FFF74EF9C6E70522EFE705238DF808305C
S3150800BA10B9F1000FBDD10722EAE703238DF80830F4
S3150800BA20F9E71FB500240294079C00F5C950019454
S3150800BA30069C18300094FFF7A0FF04B010BD1FB590
S3150800BA4001240294079C00F5C9500194069C1830FD
S3150800BA500094FFF792FF04B010BDF0B51C46002312
S3150800BA608DB0CDE90533ADF81C302368054616467A
S3150800BA7013B100200DB0F0BD8068002865D00029FC
S3150800BA8056D12B8A6A8AADF812301023039308AB75
S3150800BA90029321230DF11201CDE900630023FFF77C
S3150800BAA0DBFB0028E6D10998FAF751FFBDF82E30DE
S3150800BAB0AF685BBAA380BDF82A30BDF812605BBADE
S3150800BAC0E380BDF82C30E2685BBA206023810697D4
S3150800BAD0ADF81C608AB33846238A0DF11201FFF7C8
S3150800BAE027FA0028C6D1BDF82820A6F1100352BAB5
S3150800BAF092B212FA83F3BDF812200A339A4226D874
S3150800BB007A89934223D8ADF8123004F11201084617
S3150800BB10FFF7E4FE0028ACD02434CDE90014002356
S3150800BB200121284605AAFFF788FC1728A2D1A0E715
S3150800BB302B8B6A8BADF81230A7E738460DF1120148
S3150800BB40FFF7B6F90028E0D094E7172092E7062019
S3150800BB5090E790F8703010B5044693B9094991F802
S3150800BB607C3A033B022B0CD801F61A20FFF7B6FEE7
S3150800BB7038B904F1500001F61A21BDE81040FAF769
S3150800BB806CBE10BDE82D0020F0B591B0044668469D
S3150800BB900E46FEF709FF9DF80030032B02D0012060
S3150800BBA011B0F0BD9DF82B30052BF8D104A8FFF78E
S3150800BBB095FE70BB04F17105284604A9FAF712FE32
S3150800BBC038BB94F8A11003290ED1FBF790FBC0B23D
S3150800BBD0B0FBF1F101EB4101401A04EB001000F152
S3150800BBE071012846FAF7C2FC94F8A130032B10D04D
S3150800BBF05A1C04EB031384F8A120713304AA08AF76
S3150800BC00154603CDBD42186059602A4603F108035C
S3150800BC10F6D130467189FBF735FA07460028BED0BB
S3150800BC200523002501466A468DF800302046012383
S3150800BC30ADF802508DF830500D96FEF750FF0423EC
S3150800BC406A468DF80030314601232046ADF8025089
S3150800BC508DF830500E97FEF742FF2846A0E770B5DC
S3150800BC60254D94B0684627F077F9D5F8741902A8D7
S3150800BC7027F0A9F905F63815029CD4B9DDE9003193
S3150800BC8003F10043013B8B4202D01C48FBF77CFDC5
S3150800BC9014B070BD21462846FFF776FF20BB214623
S3150800BCA004A8FEF781FE68460799FBF7F1FB129C8C
S3150800BCB0B4B1214604A8FEF777FE139E009A002E1B
S3150800BCC0F5D1079BD21A002AEDDB9DF840209DF896
S3150800BCD038309A42DED31C2221462846FEF7E0FE7B
S3150800BCE002A8FAF788FEC7E733462146284604AA7B
S3150800BCF0FEF7F5FED7E700BFE82D002064370020E1
S3150800BD002DE9F0410C46E8B000210646154603A881
S3150800BD10202230F06FFA214618A8FEF745FE9DF856
S3150800BD206030033B012B4CD89DF89130002B48D04E
S3150800BD302A46214603A81EF061FC342200210BA8DE
S3150800BD4030F058FAFF2300214027ADF83C306A4608
S3150800BD500DF1A0080BAB03A8CDE90014CDF8388087
S3150800BD60ADF80870FFF779FE054650BB0DF13E00A9
S3150800BD70FFF7B4FD28B320468DF86050ADF8625041
S3150800BD808DF8905026F030FA294625906B464246A3
S3150800BD9018A821F0DBFB054698B9DDF800800123D9
S3150800BDA018AA41463046FEF79AFE214618A8FEF71D
S3150800BDB0FBFD3B462946204618AACDF89880FBF796
S3150800BDC052F868B0BDE8F0812DE9F04399B006460F
S3150800BDD002A80D468C89FEF77DFE00230246CDE9B2
S3150800BDE00533ADF81C3021460C232846FAF722FF06
S3150800BDF0002840F0AD809DF80A300C34DA09ADF819
S3150800BE00064000F0A58013F0780F40F0A1809A074D
S3150800BE10C3F3400700F19C80BDF80810304649BAC4
S3150800BE2089B2FEF722FE0446002800F091800146FA
S3150800BE3008A8FEF7B9FD9DF820804023B8F1030F46
S3150800BE4014BF4FF001094FF00209BDF80C20ADF8F8
S3150800BE501C3053BA9BB24B45069473D1284605AAA3
S3150800BE600DF10601FFF7E2F8002871D1BDF806309A
S3150800BE700433ADF806307B1C99454FF00107EDD821
S3150800BE80BDF80E20284652BA92B20DF10601FFF708
S3150800BE9096F900285CD1BDF81020284652BA92B20D
S3150800BEA00DF10601FFF78BF9002851D1BDF81220D4
S3150800BEB0284652BA92B20DF10601FFF780F900281A
S3150800BEC046D19DF80B20474B02F00F02134493F816
S3150800BED030706FB9B8F1030F0AD106F171080CA9D1
S3150800BEE04046FAF77FFC014610B14046FAF73EFB9A
S3150800BEF005A8FEF7EFFD214608A8FEF755FD9DF8B3
S3150800BF00203063BB9DF84A30012B28D10C232846E4
S3150800BF10A98905AAFAF78EFE08BB9DF8173013F013
S3150800BF200F0318D0032B1AD000220123ADF82220C4
S3150800BF308DF850202146304608AA8DF82030FEF7A5
S3150800BF40CEFD05E09DF80B301B0701D0002A97D0DF
S3150800BF5019B0BDE8F083BDF81A30002BE4D06FB1F4
S3150800BF6021463046FFF710FE0028F1D03A46214612
S3150800BF70304619B0BDE8F043FEF792BD2A46214681
S3150800BF803046FFF7BDFE204626F02EF907465FB974
S3150800BF90204626F029F93B4601462A46304619B07E
S3150800BFA0BDE8F043FEF741BD394608A8FEF7FCFC9C
S3150800BFB0BC4201D0179B0BB1169FE8E7214608A89B
S3150800BFC0FEF7F2FC179E002EC2D169892846FBF7B8
S3150800BFD059F8402317903146204608AAFAF743FF36
S3150800BFE0B6E700BF58030408026803464AB9406822
S3150800BFF048B99A6842B9D86800F17F43584258410F
S3150800C00070470020704710467047034630B5064C07
S3150800C01004F11005224603CAAA421860596014465C
S3150800C02003F10803F6D130BD4CF80308F8B5D40877
S3150800C03002F00707224605460E4630F07DF967B13D
S3150800C0408023013F3B412A5DDBB2591E0A402A552F
S3150800C050315D5B420B401A432A55F8BD0A7CE5E779
S3150800C06008B50278FF2A03D1407800F00F0008BD12
S3150800C07048F2FE02038823F47C53934206D0FFF766
S3150800C080B3FF00280CBF0E200020F0E70220EEE7E1
S3150800C090837C5A0700D4E3E7C3F3C300704708B5A7
S3150800C0A00378FF2B05D1FFF7DBFF831E5842584163
S3150800C0B008BD0020FCE748F2FE02038823F47C53FF
S3150800C0C0934200D0EBE70120704708B50378FF2BB1
S3150800C0D006D1FFF7C5FF032894BF0020012008BD3D
S3150800C0E00020FCE72DE9F84307460D4616460024CE
S3150800C0F0DFF82C80DFF82C90A64201D1BDE8F88342
S3150800C1001CB141462846FBF776F937F8142049460C
S3150800C11052BA284692B2FBF76EF90134ECE700BF33
S3150800C120DE0704085CE0030838B50D4604460246F7
S3150800C130282300212846FAF77DFD80B9237803F0E5
S3150800C140F003602B0BD1A3885BBA9BB22833B3F5F7
S3150800C150A06F04D86A89934218BF062038BD062006
S3150800C160FCE7037813B14078023070470120704726
S3150800C170F8B50F46164605460246012331463846A7
S3150800C180FAF72EFE044610B92B7813B968702046C4
S3150800C190F8BD02232A4631463846FAF721FE38B951
S3150800C1A02846FFF7DEFF7388834238BF0624EEE78A
S3150800C1B00446ECE7002301290360C0F803301FBFDB
S3150800C1C001230239037041707047F7B5937C064620
S3150800C1D0DB090D46144646D001290CBF2020402015
S3150800C1E025F092FF214890F8DC3993B190F8553A3A
S3150800C1F07BB1637C012B0CD1D0F8702A00F668233A
S3150800C2009A4206D1C5F10501C9B200F520600FF0C2
S3150800C210AFF906F114039C4203D306F174039C425A
S3150800C2201FD3B768EFB1237C20468DF804300094FD
S3150800C230FFF72EFFA27C00F00F03C2F3000243EAC9
S3150800C2400213E27C2946C2F3000243EA42139DF830
S3150800C2500520684622F03F0213438DF80530F26840
S3150800C260B84703B0F0BDC1F10200B9E7E82D0020D8
S3150800C27010B50446D1B1636803F17802914210D330
S3150800C280D83399420DD2237A022B0CD0032B0FD028
S3150800C290012B0BD10846FFF721FB10B90B78FF2BB2
S3150800C2A004D10969E6E70B78FF2BFAD1216010BDA6
S3150800C2B00846FFF70AFF0028F3D0F7E7002370B512
S3150800C2C00D4616460B6004680CB9204670BD31460B
S3150800C2D02046FAF77FFA0028F7D12C602469F3E79D
S3150800C2E037B50A46044601A90430FFF7E7FF0546B5
S3150800C2F0E8B104F1780398421BD304F1D8039842B5
S3150800C30017D2019B6BB963680BB11B6963604FF465
S3150800C310005025F0F9FE0020636F2B61656703B0B6
S3150800C32030BD1A69002AF2D012691A61EFE71720A0
S3150800C330F5E72520F3E7002370B50D4616460B6092
S3150800C34004680CB9204670BD31462046FAF742FA11
S3150800C3500028F7D12C606469F3E737B50A4601A9C6
S3150800C3600446FFF7E8FF0546F0B104F114039842C6
S3150800C3701CD304F17403984218D2019B73B923683D
S3150800C3800BB15B69236020462A460021FFF71DFF93
S3150800C390002023696B61256103B030BD5A69002A04
S3150800C3A0F1D052695A61EEE71720F5E72520F3E741
S3150800C3B007B50A4601A9FFF7BEFF003818BF0120D6
S3150800C3C003B05DF804FB2DE9F04F0027DFF8B0B2A3
S3150800C3D0B846DBF828508FB0002D00F05C820BF5CC
S3150800C3E0005494F85930CBF82870002B46D0A8078B
S3150800C3F014D004F51A71A1F63430FFF7D9FF58B9ED
S3150800C40004F51C70FCF7ECFE00B1FEE7944821F039
S3150800C410E5FD102025F078FE25F0F2FC15F4405FC6
S3150800C42004D021F066FA08B125F0EAFCA90504D57E
S3150800C4306A0702D48B4811F06DFA15F4827F09D089
S3150800C440EB0504D494F8590026F0C3FC10B18548CE
S3150800C45010F08AFB680211D5834B08A8D3F8542E2E
S3150800C46093F8521E0892FCF73FF9024630B994F841
S3150800C47059301BB101467D4810F04CFC15F4007389
S3150800C480009300F018810021012389468A4602AAF2
S3150800C4908DF8083003928DF81030754803AA20F0FD
S3150800C4A035FF014680B9BAF1000F3CD14FF6FE734D
S3150800C4B0A4F85A84A4F85834C4F85C6484F8607400
S3150800C4C0002020F0E9FE66E00023CDE9091308A85C
S3150800C4D0019111F038F801990028DED10A9A5378AB
S3150800C4E0023B062BF3D9BAF1000F18D094F87F0057
S3150800C4F0538880025BBA80B21FFA83FE70450ED05D
S3150800C500BAF802305BBA9BB29842E0D092F804C0FF
S3150800C51099F80000844502D8D9D19E45D7D99246C4
S3150800C52002F10409D3E7D9F80300FAF710FABAF8C2
S3150800C53002200646B9F80130B4F8580491B252BA46
S3150800C5401FFA82FA5BBA504599F800704FF6FF60F9
S3150800C5501FFA83F82AD08142A8D0B6F5967F38BF4D
S3150800C5604FF496764349A4F858248E4228BF0E46BF
S3150800C5700120A4F85A34C4F85C6484F8607420F086
S3150800C5808BFE94F85B30990702D420F077FE10B141
S3150800C59039480FF0B9FC0023354E0393304608AAF4
S3150800C5A003A913F069FDD0B100211EE081423FF4D2
S3150800C5B07DAFB6F5967F38BF4FF496762D4A9642EC
S3150800C5C028BF164694F86024BA42D1D1B4F85A2442
S3150800C5D0C4F85C64424518BFA4F85A3470E79DF85D
S3150800C5E032305A07C3F38001D8D594F8748489B9D0
S3150800C5F0B8F1000F4DD0112220482FF0FBFD94F81A
S3150800C6009C34DB0702D51C4826F0E2FC1A480FF0DA
S3150800C61053FC3EE09DF83060464506D13246174940
S3150800C62008A8FAF770F986422CD904F2644608AFCE
S3150800C6300FCF0FC63B683370B8F1000F09D094F8D6
S3150800C6409C340D48DF0702D526F0C2FC0A480FF0D5
S3150800C65033FC94F87434002B40F0AF80FEE700BF3B
S3150800C66050400020403E0020E82D0020DC3F0020FE
S3150800C6701C4100209BC42000684200204C42002038
S3150800C680E81D0020A949A1F67850FFF791FE002879
S3150800C690DFD0D4F83C6576B10921A54808AA10F080
S3150800C6A03DFF40B13046FAF7ACF90023A148C4F87B
S3150800C6B03C35FBF772F815F004090DD094F859309B
S3150800C6C0022B00F29B809C48FBF767F800239B48E7
S3150800C6D084F8FE35FBF761F815F0805F984F2FD088
S3150800C6E0002308A8089320F023FD48BB089E3EB304
S3150800C6F0D4F8F4359E4223D0D7F8543E1E40C4F8E9
S3150800C700F46526B98C48FBF748F884F8FE65FF23DC
S3150800C71000268DF80C3003A908A8FBF7EDFF334671
S3150800C72001360028F7D0DAB2864B8748B3FBF2F316
S3150800C730C4F8F83597F8523E84F800360FF0A0FA98
S3150800C7406E0406D597F8523E7F4884F800360FF0F7
S3150800C75097FAE80403D500217C4812F04DF9B9F19F
S3150800C760000F06D094F85930022B02D1012020F090
S3150800C77093FD009B83B16D49A1F67850FFF718FE2B
S3150800C78050B108A9694822F0EFFC9DF832309907A4
S3150800C79002D46F480FF090FB94F8590026F019FB65
S3150800C7A000283ED1C4F8C40497F8A438002B40F0FA
S3150800C7B09F80B9F1000F45D07BE05C4884F8BC3413
S3150800C7C007F0C8FF634901F14800FFF747FCD4F8B2
S3150800C7D0A434D4F8A82413430AD01146D4F8A404E0
S3150800C7E004F2B44383E8030059480FF058FB50E7B6
S3150800C7F057480FF037FB0028F6D04AE70823A4F875
S3150800C8002C360023544984F83436C4F81C16C4F868
S3150800C8102016FAF76CFD4948C4F82416FAF754FFAF
S3150800C8205AE705F00106B9F1000F37D1002E57D1A6
S3150800C83097F8A43833B1009B002B5DD1AA0701D520
S3150800C84023F096FF15F4047F02D0444811F0E0FA6D
S3150800C85015F0130F14D097F8553A8BB14FF000081E
S3150800C860D7F83467DFF80091002E40F0F180B8F170
S3150800C870000F40F00B8194F87B329B0740F1F8805B
S3150800C8809BF84040364E07340BEBC40406F13803D8
S3150800C8909C4240F000810FB0BDE8F08F94F8583004
S3150800C8A05B0702D52A480FF02FFB76BB97F8A4380A
S3150800C8B0F3B994F8590026F08CFA0246002800F0DD
S3150800C8C0B98026480FF0F6F897F8DC39012BB9D16C
S3150800C8D0042122480EF07DFE20480EF041FFB1E704
S3150800C8E094F8C734012B14D197F8A438002BA9D093
S3150800C8F0009B002B00F09A804FF0050A194EBAF1FA
S3150800C900010A0ED123F034FF53E794F8C734012BFC
S3150800C910CCD0012384F8C734D4F8C40426F0A4FA8A
S3150800C92042E7B37C980721D42036E8E794420020F2
S3150800C9301C41002028430020EC430020F843002037
S3150800C940E82D0020C13F0500DC430020604200209E
S3150800C950684200204C420020807F0A00C43700202D
S3150800C960E81D0020A0360020504000200023029336
S3150800C9704C4808AA02A913F07FFB8046D0B1D6F826
S3150800C9801C80B8F1000FCFD1B37C13F0010343D05C
S3150800C990F9F75FFF00F5922101F57871012938BF93
S3150800C9A001214148F161FAF7EFFE4146304621F090
S3150800C9B0F7FAB9E79DF831301907D9D59DF832301D
S3150800C9C05A07D5D49DF83030402BD1D1314608A826
S3150800C9D00EF07EFD0028CBD0D7F8A83853B13348DF
S3150800C9E008A9984730B1304625F064FBB37C68F354
S3150800C9F04103B374304603A922F0B6FB9DF81E30F6
S3150800CA009B0748BF9DF81D80337E43458CD086F82A
S3150800CA10188025F0F5F987E73046009325F04AFB9C
S3150800CA20B27C009B63F34102B2747DE7A8073FF529
S3150800CA3069AFBEE697F8DC39002B3FF403AF1C4913
S3150800CA401C480EF0FDFD01211A480EF0C2FDF9E65C
S3150800CA504E4519D0304622F069FBF37CC3F34003F8
S3150800CA6098420CD023B1B37C990701D5DA0707D5CC
S3150800CA7010480EF09BFD0F480EF072FE00E718B145
S3150800CA8008F101081FFA88F87669EDE6B7F8E03983
S3150800CA904345EDD1F4E6B36B13B12846F16B9847DD
S3150800CAA00836F3E61C41002094360020E81D0020D5
S3150800CAB09F030408C437002070B50546087C0E4657
S3150800CAC01446FEF7FDFC00B9FEE7284607F042FECD
S3150800CAD031462846FFF7C2FA337C621EDB08033468
S3150800CAE0082B14BF1946092112F8010F4B1CA24244
S3150800CAF0DBB26854F4D170BDBFF34F8F0549064BBE
S3150800CB00CA6802F4E0621343CB60BFF34F8F00BFDD
S3150800CB10FDE700BF00ED00E00400FA0500F01F0382
S3150800CB20A0F50620A0F5506081280DD801229A406C
S3150800CB30074B400903EB800359681143596099690B
S3150800CB4021EA0201996170474FF0FF30704700BF34
S3150800CB506049002000F01F03A0F50620A0F55060EC
S3150800CB60812810B518D801210D4A400902EB800426
S3150800CB709940A3690B43A361D2E901130B44D16819
S3150800CB800B4411690B4451695B1804D1C2E9063399
S3150800CB90C2E90833936210BD4FF0FF30FBE700BFD0
S3150800CBA060490020036813F0704205D1C3F30E03F1
S3150800CBB00B60D3B100207047B2F1004F0AD0B2F132
S3150800CBC0204F07D0B2F1304F04D0B2F1404F01D018
S3150800CBD0212070478268D20404D5C369002BF7D098
S3150800CBE01B68E5E703F07F03E2E74368002BEFD015
S3150800CBF00B60DFE730B5074CE56AE46A6A40D2B2F3
S3150800CC00891A101A090A41EA1021634023EA010029
S3150800CC10C0B230BD6049002038B5A0F140030546D2
S3150800CC2002465A21DBB24120FFF7E4FFA5F146038D
S3150800CC302A4604467A21DBB26120FFF7DBFF6B1D2B
S3150800CC402A4639210443DBB23020FFF7D3FF2B21D4
S3150800CC5005F11403E4B22A460443DBB20846FFF79B
S3150800CC60C9FF2F2105F11103E4B22A460443DBB2BA
S3150800CC700846FFF7BFFFE4B22043013840B238BD8B
S3150800CC80044BDB6A584043085B4240421843C017CE
S3150800CC90704700BF6049002010B5C38823B9CA8809
S3150800CCA05AB9ABB1012017E0026802EB830252F8C9
S3150800CCB0042C002AF3D1013BF0E70C6804EB82044C
S3150800CCC054F8044C0CB9013AEAE79342EAD80FD370
S3150800CCD0013B5A1C01D1002010BD026852F82340BE
S3150800CCE00A6852F823209442DCD803F1FF33F0D2C5
S3150800CCF04FF0FF30F0E710B50A4CE26AE36A4240AB
S3150800CD00594081EA0200C00FFFF7BAFFE36A521AD8
S3150800CD10434022EA030208401043C00FBDE8104012
S3150800CD20AEE700BF604900200B6810B504681C44D4
S3150800CD3004600B689C422CBF0024012443681B191D
S3150800CD4043604C68234443601068496840F100001A
S3150800CD508B4238BF0130106010BD03685B18036052
S3150800CD60137843F1000313707047137810B50468FD
S3150800CD708C4238BF013B137003685B1A036010BD11
S3150800CD80F0B504685509231F1E4604EB850556F8B9
S3150800CD90047FFF43AE423760F9D153F8046F01367A
S3150800CDA01E600EB9AB42F8D14FF6FF73D2088380E6
S3150800CDB0A3585B1AA350F0BDF8B5134642880C4633
S3150800CDC00732072A4FEAD20101D0A1423ED1D0E963
S3150800CDD0016705882022184600212FF00BFA360A2B
S3150800CDE0034626B1012E10D06FF08B00F8BD6CB348
S3150800CDF041F20102954205D0B5F5885F02D0B5F536
S3150800CE00905F1AD15C600020F0E7C660F4B141F289
S3150800CE10010295420BD15C60B90707F001023ED4C6
S3150800CE20002AF0D19A6842F080729A60EBE7B5F56D
S3150800CE30885FF0D0B5F5905FEDD0B5F5105F0DD1F0
S3150800CE40182C06D0202C04D0102C02D06FF08600A7
S3150800CE50CCE7C3E90044002ED5D0DDE705F44F4200
S3150800CE60B2F5824F1BD1EAB2122A18D11C2C19D05E
S3150800CE70202C19D0182C12D1104A25F0FF05B5F52B
S3150800CE80E24F1A6012D0B5F5824FDFD14FF4005247
S3150800CE9017F4705F0FD017F4864F0AD09A606FF0B8
S3150800CEA08500A3E7064AE8E7064AE6E74FF4804224
S3150800CEB0EEE742F480629A60CDE700BF1800008072
S3150800CEC01C00008020000080F8B5054650098842FD
S3150800CED00C4602F01F0601D80AD136B12846A20030
S3150800CEE00021BDE8F8402FF085B91F2A02D8F8BD01
S3150800CEF01F2A0FD9820005EB8003291F05EB84073B
S3150800CF00BB421AD1201A38BF0022002105EB800047
S3150800CF102FF070F9002EEAD0002205EB8404C6F142
S3150800CF202000AC42E3D054F8041C21FA06F313435C
S3150800CF3044F8043D01FA00F2F3E753F804CB41F84C
S3150800CF4004CFDDE70A46C18808B511B10068FFF7C6
S3150800CF50BBFF002008BD70B515460E4624220021E9
S3150800CF6004462FF047F925F04003802B02D0B5F58B
S3150800CF70807F08D12046314640F8045BEA082FF046
S3150800CF80DBF9002070BD6FF01F00FBE7E3E7E2E77F
S3150800CF90F0B50B46C168044601298DB036D12B2A57
S3150800CFA003D86FF089000DB0F0BD13F003071A46D9
S3150800CFB00DD001AD03F1280C2E46106851680832D1
S3150800CFC003C662453546F7D1106801AA30600121CB
S3150800CFD01180002151802168516061689160A168C3
S3150800CFE0D1609FB101AA15460BAE144603CCB442D4
S3150800CFF018605960224603F10803F6D120681860C4
S3150800D00000231A46EA5401332C2BFBD10020CAE729
S3150800D010013901D20020704750F82130002BF7D093
S3150800D020B3FA83F00131C0EB4110704710B50446DE
S3150800D03030F050FA0C4BA0F57A729A4212D84FF497
S3150800D0407A73B0FBF3F05C43084BB3FBF0F3B4FB25
S3150800D050F3F0022806D9BDE810400323B0FBF3F02D
S3150800D060F9F7DEB810BD00BFFFC99A3B40420F0072
S3150800D07010B5084C20462FF077FB20B994E8070036
S3150800D080054B83E80700BDE8104001214FF0FF304B
S3150800D0902FF06CBBE40D0408944900200022C188D7
S3150800D0A0914201D800207047036853F8223033B103
S3150800D0B093FAA3F0B0FA80F000EB42107047013201
S3150800D0C0EEE701F18041013900EB81018142034617
S3150800D0D000D270471B680A681BBA12BA40F8042BBC
S3150800D0E041F80439F2E710B5044688B14378012BB4
S3150800D0F004D1BDE8104040681BF01EBB0378012B25
S3150800D10004D12422002108302FF074F8002323705C
S3150800D11010BD70B5044686B038300E461546FFF782
S3150800D120E2FF0122224B84F8382093F8403013EAB4
S3150800D130020129D0002184F8392001A814222FF0F1
S3150800D14059F84FF410534FF6F872ADF800304FF611
S3150800D150FF73954298BF2B46ADF80230154B4FF436
S3150800D16080716846039314F022FFEA1D314668462B
S3150800D17004F13C03D2081AF037FE90B104220E4B94
S3150800D1800E491BF035FC0BE084F839104034242294
S3150800D19020462FF02FF82A4631462046FFF7DBFEB9
S3150800D1A010B9002006B070BD6FF00C00FAE700BF9A
S3150800D1B060490020004440042D620208F00D04086E
S3150800D1C02DE9F74F002800F0E9807749CB6C9842A3
S3150800D1D0C0F0E6800A6D1344984280F0E180D1E9F8
S3150800D1E0184EEFF3118B302383F3118810F8086C6F
S3150800D1F030F806CCF307A0F1080502D5BCF1000FFC
S3150800D20007D18BF31188BFF36F8F012003B0BDE8F8
S3150800D210F08F4B6DD1F85C90A3EBCC0330F8048CFF
S3150800D22000934B6509F101030CF10102CB65B8F1D6
S3150800D230000F3AD0A5EBC803DF88B3F802A0019720
S3150800D2401F7806F00206FF0724D426BB019EA6EB2C
S3150800D2500A06012E29D1009E0CF10202A6F1080742
S3150800D2605244C1F85C904F6530F8028CB8F1000F53
S3150800D2701DD110F8085C20F8068C68F3000500F844
S3150800D280085C013A5A801A7868F300021A7000227C
S3150800D290DA803FE04EB110F8086C42446FF341065D
S3150800D2A000F8086C00269E80DEE72B46DCE705EBD7
S3150800D2B0C809D1E913673744B9450ED310F8085C95
S3150800D2C0013A6FF3000500F8085C002520F8065CB3
S3150800D2D05A801A7865F30002D8E715F838504E4692
S3150800D2E015F0010530D010F8085C013A6FF3000517
S3150800D2F000F8085C002592B220F8065C5A801A7875
S3150800D30065F300021A70C3F107023244C2F3CF0272
S3150800D310DA80B280002C3FD09C423DD86288002A31
S3150800D32008BF1C46BEF1000F06D09E4504D3BEF8C2
S3150800D3300220002A18BF7346C1E918438BF31188E7
S3150800D340BFF36F8F002061E7A8EB0C08B8F1010F57
S3150800D350C9D1B9F80270A9F802501744B9F80620DD
S3150800D360C2B109EBC2060025CA6D013ACA654A6D03
S3150800D370083A4A6510F8082C20F8065C6FF3000294
S3150800D38000F8082C1A785F8065F300021A70002EE0
S3150800D390B9D17CE71646E6E71C46C3E7222035E7FF
S3150800D3A000235B69FFDE00BF6049002010B5044614
S3150800D3B030B13830FFF797FE6821204619F0BAFFDA
S3150800D3C02046BDE81040FBE610B5044618B12422F5
S3150800D3D000212EF00FFF2046BDE81040F0E600239E
S3150800D3E013B5019369B160B101FB00F401A92046A8
S3150800D3F025F056F8014620B9019810B122462EF0BC
S3150800D400F9FE019802B010BD42F21073994270B548
S3150800D41004460D4602D96FF00F0070BDC3888B42D3
S3150800D42013D204212846FFF7DAFF06460028F2D071
S3150800D430216841B1E28892002EF07EFFE1882068DB
S3150800D440890019F081FFE58026600020E5E72DE9CF
S3150800D450F84305460E469046D4883CB9F188A14261
S3150800D4600ED26FF009073846BDE8F883D8F80030C1
S3150800D47003EB840353F8043C002BEFD1013CECE7A3
S3150800D4802846FFF7C1FF07460028ECD1F2889442E8
S3150800D4900BD2AE4209D028683168121B920001EB04
S3150800D4A0840100EB84002EF047FFEA88F088824268
S3150800D4B007D92B68121A0021920003EB80002EF080
S3150800D4C099FE002213462968D6F800E0D8F80080AD
S3150800D4D0944203D1C3B90123AB80C4E75EF822C0E6
S3150800D4E058F82260ACEB0300B0422CBF4FF000099D
S3150800D4F04FF00109801B41F822009C452CBF4B4682
S3150800D50009F101030132E3E7EA8801EB840401EB40
S3150800D51082018C4202D1002BDDD0A2E72268D21A02
S3150800D52034BF0123002344F8042BF2E700232DE936
S3150800D530F7430C2106460193FFF766FF05460028C8
S3150800D54056D1346801AA04F11808414604F128079F
S3150800D5502046F688FFF7E8FB39462046FFF7E4FB46
S3150800D5600199A36804F108095B182CBF0121002161
S3150800D570A360E3684846C9182CBF01230023E1606D
S3150800D580414604F120080193FFF7CEFB4846414681
S3150800D590FFF7CAFB48463946FFF7C6FB01992369D8
S3150800D5A004F110095B1823612CBF0123002361696C
S3150800D5B048465B1863612CBF01230023414601934B
S3150800D5C004EB8606FFF7B0FB39464846FFF7ACFB87
S3150800D5D0019B321B193AA36122F0030204F11903D5
S3150800D5E09E4238BF0022294604F11C002EF002FE96
S3150800D5F0284603B0BDE8F08300232DE9F04F0F213C
S3150800D60085B006468DF80B30FFF7FEFE0546002866
S3150800D61040F0C98034680DF10B02D4F81CB02368B9
S3150800D620594603A80393FFF7A0FBD4F82C90494664
S3150800D630FFF79BFB039B9DF90B102360636800298A
S3150800D64003938DF80B5080F2B2804942FFF78DFBA9
S3150800D650D4F820A00DF10B02514603A8FFF785FB6D
S3150800D660D4F830804146FFF780FB039B9DF90B10E9
S3150800D6706360A3680393002399428DF80B3080F208
S3150800D68099804942FFF771FB636A0DF10B0219464F
S3150800D69003A80093FFF769FB676B3946FFF765FB3D
S3150800D6A0039B9DF90B10A360E3680393002399423B
S3150800D6B08DF80B3080F281804942FFF756FBA36A4A
S3150800D6C00DF10B02194603A80193FFF74EFB5946C5
S3150800D6D0FFF743FB4946FFF740FB039B9DF90B10F9
S3150800D6E0E36023690393002399428DF80B3067DAC8
S3150800D6F04942FFF73AFB0DF10B0203A84946FFF72B
S3150800D70034FB5146FFF729FB4146FFF726FB039BEF
S3150800D7109DF90B10236163690393002399428DF8E1
S3150800D7200B3050DA4942FFF720FB0DF10B0203A834
S3150800D7304146FFF71AFB0099FFF70FFB3946FFF73B
S3150800D7400CFB039B9DF90B106361A36903930023EC
S3150800D75099428DF80B3039DA4942FFF706FB39460C
S3150800D7600DF10B0203A8FFF700FB0199FFF7F5FA85
S3150800D770039B9DF90B70A36127EAE773E361F388BE
S3150800D7800021072BA3F108024FEA820204F12000C8
S3150800D79098BF00222EF02EFD002F04DAE02239462B
S3150800D7A03046FFF7EDFA284605B0BDE8F08FFFF7DB
S3150800D7B0D4FA4DE7FFF7D1FA66E7FFF7CEFA7EE728
S3150800D7C0FFF7CBFA97E7FFF7C8FAAEE7FFF7C5FA10
S3150800D7D0C5E700232DE9F04F112187B003908DF896
S3150800D7E01330FFF711FE0290002840F04881039B92
S3150800D7F00DF113021C6805A823680593236A1946C8
S3150800D8000193FFF7AAFAD4F824B05946FFF7A5FA08
S3150800D810D4F82C904946FFF7A8FAD4F83080414648
S3150800D820FFF7A3FA656B2946FFF79FFAA66B314601
S3150800D830FFF79BFA059B9DF913102360636800297F
S3150800D8400593029B8DF8133080F21D814942FFF73C
S3150800D8508CFA0DF1130205A85946FFF77EFAD4F89B
S3150800D86028A05146FFF779FA4146FFF77EFA29467E
S3150800D870FFF77BFA3146FFF778FAE76B3946FFF789
S3150800D88074FA059B9DF913106360A368059300233A
S3150800D89099428DF8133080F2F9804942FFF765FA0C
S3150800D8A00DF1130205A85146FFF757FA4946FFF747
S3150800D8B054FA2946FFF759FA3146FFF756FA394618
S3150800D8C0FFF753FA059B9DF91310A360E3680593C8
S3150800D8D0002399428DF8133080F2DB804942FFF726
S3150800D8E044FA0DF1130205A84946FFF736FAFFF781
S3150800D8F034FA4146FFF731FAFFF72FFA2946FFF7C0
S3150800D9002CFA3946FFF731FA0199FFF72EFA5946EC
S3150800D910FFF72BFA059B9DF91310E360236905931E
S3150800D920002399428DF8133080F2B6804942FFF7FA
S3150800D9301CFA0DF1130205A84146FFF70EFAFFF788
S3150800D9400CFA2946FFF709FAFFF707FA3146FFF7F7
S3150800D95004FA5946FFF709FA5146FFF706FA059BF6
S3150800D9609DF91310236163690593002399428DF885
S3150800D970133080F294804942FFF7F7F90DF113024C
S3150800D98005A82946FFF7E9F9FFF7E7F93146FFF752
S3150800D990E4F9FFF7E2F93946FFF7DFF95146FFF7F1
S3150800D9A0E4F94946FFF7E1F9059B9DF91310636110
S3150800D9B0A3690593002399428DF8133072DA494218
S3150800D9C0FFF7D3F90DF1130205A83146FFF7C5F99C
S3150800D9D0FFF7C3F93946FFF7C0F9FFF7BEF9314635
S3150800D9E0FFF7BBF92946FFF7B8F90199FFF7BDF923
S3150800D9F05946FFF7BAF9059B9DF91310A361E36928
S3150800DA000593002399428DF813304EDA4942FFF701
S3150800DA10ACF90DF1130205A83946FFF79EF9FFF791
S3150800DA209CF9FFF79AF90199FFF797F95146FFF71D
S3150800DA309CF94946FFF799F94146FFF796F92946B1
S3150800DA40FFF793F9059B9DF91350E36125EAE57302
S3150800DA502362039B0021DB8804F12400082BA3F131
S3150800DA6009024FEA820298BF00222EF0C3FB002D5E
S3150800DA7005DA4FF4807229460398FFF781F9029870
S3150800DA8007B0BDE8F08FFFF768F9E2E6FFF765F93A
S3150800DA9006E7FFF762F924E7FFF75FF949E7FFF7BB
S3150800DAA05CF96BE7FFF759F98CE7FFF756F9B0E72A
S3150800DAB010B568210120FFF792FC044618B16822C8
S3150800DAC000212EF097FB204610BD10B52421012019
S3150800DAD0FFF785FC044618B1242200212EF08AFBA4
S3150800DAE0204610BDFEE7002307B5084601A90193A5
S3150800DAF024F0D6FC019803B05DF804FB0846FFF74E
S3150800DB005FBB084611466AE400230360436070471A
S3150800DB100E4A10B592F87430B3B902240C480D4970
S3150800DB201367091AC2E913010139C908C2E91800BD
S3150800DB3082F86840FFF7E8FF418008210123C2E91F
S3150800DB401511D36582F8743010BD00BF60490020F6
S3150800DB50106400200000082000232DE9F347804FB9
S3150800DB6001933B6D0C469A42104604D239B912B15C
S3150800DB7001A924F095FC019802B0BDE8F0871AB90E
S3150800DB800846FFF71DFBF6E7EFF31188302383F30A
S3150800DB90118831F8063C07304FEAC30920F007051B
S3150800DBA0A945A1F1080C72D231F8022C002A5DD0E1
S3150800DBB0D11A01295AD10CEBC2061CF83220D20719
S3150800DBC054D47188A9EB050212EBC1024ED41F2A60
S3150800DBD031DDC5F3CF0324F8063C0133601924F878
S3150800DBE0023CFFF791FFD30834F8022C4380828069
S3150800DBF0F288EAB17188511A11FA83F39BB206EBDF
S3150800DC00C202C38093800022314624F005FC3046C8
S3150800DC10FFF77AFF7B6DBA6D2B44A3EB090393429A
S3150800DC2001947B6531D888F31188BFF36F8FA2E71B
S3150800DC300023C380E7E7FA6D0133013AFA65F288F3
S3150800DC400B4424F8063C6AB17188511A11FA83F319
S3150800DC509BB206EBC20224F8023C938001223146AD
S3150800DC606046D2E7002324F8023CF7E7284601A9D4
S3150800DC7024F016FC0028D6D14A46214601982EF0F3
S3150800DC805BFB2046FFF79CFACDE7BB65CBE764D97B
S3150800DC9031F8021CA9EB05064A1ED21AA9B31CF8CC
S3150800DCA031300CEBC10ADB0730D47ABBC5F3CF039E
S3150800DCB024F8063C0133601924F8023CFFF724FFD8
S3150800DCC034F8022CBAF802308280BAF8062003EB40
S3150800DCD0D6034380BAB1BAF80210511A11FA83F37F
S3150800DCE09BB20AEBC202C38093800022514624F0FD
S3150800DCF093FB5046FFF708FF7B6D01941D44A5EB87
S3150800DD0009057D658FE7C280EFE78A46272EF3D996
S3150800DD10C5F3CF0324F8063C0133601924F8023C06
S3150800DD20FFF7F2FE013E34F8023CF608468083808F
S3150800DD30BAF1000F0ED0013212FA86F6B6B2C680D4
S3150800DD40AAF804600022FB6D11460133FB6524F036
S3150800DD5063FBD1E7A0F806A0F4E7019163E700BFEB
S3150800DD6060490020BFF35F8F074B5A6A22F480325E
S3150800DD705A62D3F8942022F00102C3F89420BFF324
S3150800DD804F8FBFF36F8F704700ED00E04FF0FF3005
S3150800DD907047FEE700207047012070470120704752
S3150800DDA04FF0FF3070470020704700207047002072
S3150800DDB070472EF06BBE2DE9F0432B48079F90F86D
S3150800DDC03E4094424CD3466B02EB42024FEA820C29
S3150800DDD016EB820246D05089002843D0B2F9044097
S3150800DDE0B2F906508C42B2F908E02FDCA942A8BF66
S3150800DDF02946BEF1000F35D000F1FF381FFA88F822
S3150800DE000EFB08490A1B92FBFEF24D45D8BF404659
S3150800DE1092B2904202D3A94218BF104656F80C2077
S3150800DE2052F8206002EB800C18B15CF8048D464568
S3150800DE300ED08D421EBF1EFB00F1091909B2994288
S3150800DE4009DC00203E60B980BDE8F0832146D0E7B2
S3150800DE50013880B2E8E70028F3D0013880B2DFE75E
S3150800DE600E20F1E70220EFE760490020FF20704707
S3150800DE70004870470080FFFF2DE9F04FA7B0CDE9B5
S3150800DE80022180461D4604460822319F28FA02F3DD
S3150800DE9083EA08039E0702F1080218BF9B00202A9E
S3150800DEA01C44F3D18123B4FBF3F303EBC313E41A45
S3150800DEB0804B04F5062493F87C3004F55064002B57
S3150800DEC03ED17D497D4816F005FB0646002877D1E8
S3150800DED00146402206A82EF08DF94022314616A8A2
S3150800DEE02EF088F9DFF8EC91754BCB4609F110094D
S3150800DEF04B4528BF4B46002603F1FF3A10225B46E6
S3150800DF00CDE900A66D4806A915F0B2F9034606AA9A
S3150800DF109E4242D101231022CDE900A367485B4601
S3150800DF2016A915F0A5F94FF0000B824616AED34593
S3150800DF304BD1644B9945D7D101225E4B83F87C209F
S3150800DF404FF081090026DFF86CB1A4F50623A3F586
S3150800DF50506252090BEB8202506804F01F01C84058
S3150800DF60C00749D49269CA40D20737D58122A3F699
S3150800DF70FF43B3FBF2F202EBC2129B1A002E08BF54
S3150800DF80264603F50624B9F1010904F55064DCD1E7
S3150800DF90029B2BB326B334462AE052F8040B0593AA
S3150800DFA00492FEF7BBFDDDE9042301300BD1002204
S3150800DFB0404B83F87C203F4B93F87C30002BBFD135
S3150800DFC06FF091000EE00136A2E756F8040BFEF753
S3150800DFD0C1FD0130EFD00BF1010BA8E7029B23B975
S3150800DFE06FF08B0027B0BDE8F08F002E18BF3446BF
S3150800DFF0329B00201C60F5E7309B13B10023309A52
S3150800E00013600FB100233B604FF0100A00232A4625
S3150800E01021462A48CDF800A015F03EFA002836D148
S3150800E020309A294BF2B1C2F800A02A689A421DD04C
S3150800E0302146224816F040F80028D1D1D5E9022316
S3150800E04003998B4208BF42452AD08123A4F50624AA
S3150800E050A4F6FF44B4FBF3F303EBC313E41A04F585
S3150800E060062490E72A689A42E8D0E1E7002FE5D02F
S3150800E0703B462146114816AA15F056FA38B9309A81
S3150800E0803B68126893429BD39B1A3B60D6E70F4BBB
S3150800E0909842CDD06328CBD00D4B9842CED08FE78F
S3150800E0A0029B002BA4D06B68012BA1D16FF08400D2
S3150800E0B098E700BF60490020CC620020A8480020ED
S3150800E0C0816D0800906D0800105D175EFFDF00F097
S3150800E0D0FEDF00F0006D08002DE9F04F87B082469C
S3150800E0E0894698461646DDF840B02AB1002B52D02C
S3150800E0F040F26C739A4251D8BBF1010F51D80024F3
S3150800E10006F11007394601200594FFF768F9054618
S3150800E110002849D021463A462EF06CF805ABCDE9E1
S3150800E120014300942B46012250464946FFF7A4FEB8
S3150800E130044680B110F18C0F08BF6FF08D043A4683
S3150800E140002128462EF056F82846FFF739F82046CB
S3150800E15007B0BDE8F08F164BC5E902A92B60C5F8D4
S3150800E16004B02EB13246414605F110002EF0E4F80F
S3150800E170059E3B462A4631460E4815F045FF38B9F6
S3150800E1803046FEF7CBFC013008BF6FF08604D6E7B1
S3150800E1906FF09104D3E76FF08604D8E76FF0910427
S3150800E1A0D5E76FF08504D2E76FF08C04CFE700BFA0
S3150800E1B0105D175EA848002070B58CB006460D465F
S3150800E1C014460021102208A82EF014F8002205ABE8
S3150800E1D0029307AB019306AB00933046294608AB7A
S3150800E1E0CDE90622FFF748FE18B9099B6360079B2D
S3150800E1F023600CB070BD30B58DB00C4605461022B4
S3150800E200002108A82DF0F6FF002205AB029307AB04
S3150800E210019306AB21460093284608ABCDE90622B2
S3150800E220FFF72AFE044600BB099B012B20D0059D5B
S3150800E2301248294615F040FFE8B9A5F50623A3F5C7
S3150800E2405063812B05F01F000DD801210C4A5B098C
S3150800E25002EB83035A6881404A4028465A60FEF713
S3150800E26079FC013001D16FF0860420460DB030BD2F
S3150800E2706FF08404F9E76FF09104F6E7A8480020E8
S3150800E2806049002020F0FF03B3F5824F06D14138DC
S3150800E290C0B2012894BF00200120704700207047B3
S3150800E2A010B50024436814601B0A04D0012B0AD059
S3150800E2B06FF0850010BD0088FFF7E4FF00B101315B
S3150800E2C000201160F6E72C31FAE72DE9F0411746F0
S3150800E2D000221C4643688CB01B0A80460D460092F5
S3150800E2E004D0012B56D06FF08B008FE0008820F009
S3150800E2F0FF03B3F5824F15D1B8F802200732D208CA
S3150800E3000092FFF7BFFF002800F0E1800B78042B8E
S3150800E31005D1013FB7EB420F05F1010503D06FF0B8
S3150800E320860073E00097009E224631464046FEF777
S3150800E33043FD00286AD10337C4E9030527F003071C
S3150800E3406761002E00F0A5802022002101A82DF08B
S3150800E35051FF3146404601AAFEF72EFD002840F03F
S3150800E36098802368019A9A4240F093806368029ADB
S3150800E3709A4240F08E80A368039A9A4240F08980B8
S3150800E380A369079A9A4240F08480E369089A9A42F8
S3150800E3903CD07EE0032FC2D90B78012B40F09A803F
S3150800E3A0497800294CD0F73908299CD801A353F895
S3150800E3B021F000BF1DE40008D9E30008E7E20008E1
S3150800E3C013E40008E7E2000837E40008E7E200087B
S3150800E3D027E400082FE400084FF41056F8253F4FAD
S3150800E3E01C22002102A82DF005FF03230197CDE981
S3150800E3F00435039601AA09AD134603CBAB42206048
S3150800E40061601A4604F10804F6D100200CB0BDE894
S3150800E410F08110274FF08076FA25E1E720274FF0A4
S3150800E4200076F725DCE7FE252C4F2D4ED8E7FF258D
S3150800E4302A4F2C4ED4E74FF41056FC25274FCFE72A
S3150800E4402B2F7FF66CAF202220462DF0D3FE05F148
S3150800E45010032361AB070DD001AB05F128061A4658
S3150800E46028686968083503C2B5421346F7D1286893
S3150800E47001AD10606B68103F2360AB686946636046
S3150800E480EB682046A36001236761E360FEF78AFB19
S3150800E49028B12022002120462DF0ACFE3FE7B8F82F
S3150800E4A00030009E03F44F42B2F5824F0DD1DAB226
S3150800E4B0122A0AD123F0FF03B3F5824F05D1730060
S3150800E4C01C339F42BFF43DAFE3E73346F8E76FF0EE
S3150800E4D085009BE76FF0910098E700BF2000008059
S3150800E4E00044000200440003038803F44F42B2F5D7
S3150800E4F0824F13D1DBB2122B21F0FF010ED14388D4
S3150800E50023F02002C02A02D0B3F5807F06D1B1F1EC
S3150800E510062F0CBF00206FF0850070476FF085004E
S3150800E520704738B50D460446D8B1D42200210430C8
S3150800E5302DF060FE0E4B9D4216D103232370002357
S3150800E540C4E902330B4B04F1100203F1200153F81E
S3150800E550040B8B4242F8040BF9D1032300202371E4
S3150800E56038BD6FF08600FBE76FF08500F8E700BF5F
S3150800E570090000029406040808B518B1D82200213B
S3150800E5802DF038FE002008BD0023C36001F13803D2
S3150800E590036120230A6843618B6D0B4922F47E12BE
S3150800E5A08A42436003D001F580718A4208D1102B54
S3150800E5B001D0182B02D1036000207047202BFAD017
S3150800E5C06FF08800704700BF0001C003002337B50D
S3150800E5D00C4601A905460193FEF7E4FA28B929680D
S3150800E5E011F0704103D1019B236003B030BDAA68C6
S3150800E5F0B1F1004FC2F38033C2F34035C2F30032A3
S3150800E60007D1062103EB450301FB0233019A534365
S3150800E610EAE7B1F1204F04D12B4402EB82021344FE
S3150800E620F4E7B1F1304F02D0B1F1404F01D12B449C
S3150800E630ECE72120D9E72DE9F34705680F6804467A
S3150800E640BD420E4690469A4605F070492AD0B9F161
S3150800E650004F06D0B9F1404F03D0212002B0BDE8E3
S3150800E660F08785EA0703B3F1805F0CD3BAF1000F90
S3150800E6702FD1B8F1000F18D0A368B268534013F42D
S3150800E680E04F12D0E9E70023204601A90193FEF7DF
S3150800E69089FA0028E1D1019AC2F30E0215431743FD
S3150800E6A0BD42DAD1B9F1000FE0DB0023204601A90B
S3150800E6B00193FEF777FA0028D0D1009069463046D4
S3150800E6C0FEF770FA0028C9D1DDE900329A42C5D0B2
S3150800E6D0C3E7B268B8F1000F03D0A3685340D90462
S3150800E6E0BBD49304E1D4B8E70023F7B50B600368FD
S3150800E6F0054603F070430B60C2680C46032A00F215
S3150800E7008180012A6ED812B143F000632360D5E9EF
S3150800E7100223900102F0407167D5B1F1407F67D0BE
S3150800E720002B6FD04FF00072236823F04073134319
S3150800E7302360EA68022A07D12A69032A62D823F4E1
S3150800E7407F0343EA02432360EB68032B03D12B695B
S3150800E750F62B57D9A370AB681A0442BF236843F453
S3150800E76000432360EB68032B09D023682A6823F447
S3150800E770FF4323F07F03C2F30E02134323602B6883
S3150800E780AE68002B06F480573EDB16F4E84F39D105
S3150800E7902B6806F4806603F0704303F10043B3F177
S3150800E7A0804F04D21EB1236843F48063236000239C
S3150800E7B0284601A90193FEF7F5F988B92B6813F0E5
S3150800E7C0704139D12368019A23F4FF4323F07F036C
S3150800E7D0C2F30E021343236017B1EB6993B10F20FE
S3150800E7E003B0F0BD43F0806390E7B1F1407F03D1F9
S3150800E7F043B14FF0407297E702F08072002B93D135
S3150800E800002A91D02120EBE7730406F400520CD4B9
S3150800E810002AF7D0236843F400532360002FB7D0AB
S3150800E820236843F480532360B2E7236843F48043A4
S3150800E8302360002AF2D0EDE703F05043B3F1004F0E
S3150800E84005D0B1F1304F02D0B1F1404FDAD1019B7A
S3150800E8502268013B03F07F0322F07F021343236003
S3150800E860002FBDD0EA69002ACCD0B1F1004FB6D14D
S3150800E870117F61B1002EB3D043F400732360537F38
S3150800E880002BADD0236843F480732360A8E7537F39
S3150800E890002BA5D0002EA3D0F4E701234B60C36854
S3150800E8A0013B012B08D88269054B1AB10A60002082
S3150800E8B08B607047034AF9E74FF00053F7E700BF4C
S3150800E8C008000020000E0408012373B5C568064633
S3150800E8D09D420C464B6016D8002301A90193FFF709
S3150800E8E075FE70B9019B05B11C3372699A4207D34C
S3150800E8F032696AB1226043F000530020A36000E049
S3150800E9001D2002B070BD023D012D01D80023F4E799
S3150800E9102120F6E7436813B9416070475B685A6877
S3150800E920012AFBD1596070472DE9F04101290546B6
S3150800E9300E4690461F4692B041D8046824F040031C
S3150800E940802B02D0B4F5807F3CD1202200210AA872
S3150800E9502DF050FC1D4A1E4B0121012E08BF1346FF
S3150800E960E4080993043544F0005306950791089383
S3150800E970184BCDF80C8009A80491059300970191CE
S3150800E98006A90293FFF7C6FF03A9FFF7C3FF694667
S3150800E9902FF078F921464FF480642FF06AF9102198
S3150800E9A02FF067F90C4B9C66BFF34F8F2FF03DF99C
S3150800E9B02FF032F9094B9C6612B0BDE8F0816FF072
S3150800E9C02000F9E76FF07100F6E700BF00010004C8
S3150800E9D000010104100000200090005000A0005023
S3150800E9E0A2E72DE9F0410D4614461E46D4B028B3D9
S3150800E9F021B31AB3038803F44F42B2F5824F14D1F8
S3150800EA00DAB2122A11D123F0FF03B3F5E24F37D158
S3150800EA104388336073B9E30033603368E02B10D062
S3150800EA20B3F5807F28D0C02B28D06FF0850054B06E
S3150800EA30BDE8F0810733B4EBD30FEED06FF0860054
S3150800EA40F5E7744A002318462E19224412F8014D98
S3150800EA5016F8011D0843091B0CBF4FF0FF340024AC
S3150800EA60B54203EA040343EA0103EFD10028E5D0DF
S3150800EA70002BE3DA0020DAE7674AE3E7674AE1E7CB
S3150800EA80B3F5824F40F0C3800B78042BD6D128A863
S3150800EA902FF0E8F80746002840F0B68001468422A1
S3150800EAA0329033A82DF0A6FB01234FF088082022C8
S3150800EAB03946013C20A88DF8C83001352DF09AFB5F
S3150800EAC020223946259418A8E400249564082DF0D8
S3150800EAD091FB32AD2022394610A81C95CDF87480DA
S3150800EAE02DF088FBE02CCDE91458346006D0B4F537
S3150800EAF0807F1BD0C02CA1D1494B00E0494B209305
S3150800EB0018934FF4005322934FF480431A9300232B
S3150800EB100734E40864001A4620A918A81194FFF7D8
S3150800EB208AFD28B1002C89D0013C10E03E4BE6E76F
S3150800EB3003A920A8FEF736F80028F3D1039B5B004B
S3150800EB40882B0BD9002C3FF479AF2120013C0022F9
S3150800EB50013C2A7005F10105FAD251E04FF06063D5
S3150800EB602A90CDE92830309002A918A8FFF7BCFDF5
S3150800EB700028D7D1029928A821F4F06102912FF034
S3150800EB8078F801A910A8FFF7AFFD0028CAD10199A6
S3150800EB9028A82FF06EF807A918A8FFF77EFE002808
S3150800EBA0C0D128A8FFF7B6FE0AA918A8FFF78CFE59
S3150800EBB00028B7D10AA928A8FFF7ACFE04A920A8FF
S3150800EBC0FFF782FE0028ADD104A928A8FFF7A2FE08
S3150800EBD00DA910A8FFF778FE0028A3D10DA928A82B
S3150800EBE02FF050F8032428A82EF036FD012801D16D
S3150800EBF0013CF8D133680733DB085C00002B93D15E
S3150800EC0000283FF437AF19E76FF092000FE76FF06F
S3150800EC1096000CE7200E04083C0E0408080E0408AB
S3150800EC20180000801C000080200000802DE9F04FAD
S3150800EC308946164698460546ABB080B179B172B199
S3150800EC404288D31D072B4FEAD30700F0C5800388F7
S3150800EC5003F4E043B3F5805F04D1520709D06FF09F
S3150800EC60860419E0B3F5005FF7D0B3F5804F00F0DE
S3150800EC70B3802022002118A82DF0BCFA3946284670
S3150800EC8018AAFEF799F8044630B96B681B0A07D02C
S3150800EC90012B30D06FF08B0420462BB0BDE8F08FE7
S3150800ECA0BE42C0F09C804A46334620A8CDE91C23C4
S3150800ECB02EF0D8FFE0B94FF000732290CDE920304E
S3150800ECC0289015A918A8FFF70FFD00286BD11599EC
S3150800ECD020A82EF0CEFF1A9BDB0450D5189B002BDC
S3150800ECE012DB6FF0920420A82EF0BCFF0028D3D0C8
S3150800ECF06FF09204D0E707F12C039E426FD309F117
S3150800ED00100207F11C03D0E74FF0010B1F9C694660
S3150800ED10D4F800A06368CDF804B00093CDF808A035
S3150800ED20FFF7F8FDA36803A9CDF810B00393CDF853
S3150800ED3014A0FFF7EFFDE36806A9CDF81CB006930B
S3150800ED40CDF820A0FFF7E6FD236909A9CDF828B07C
S3150800ED500993CDF82CA0FFF7DDFD63690CA9CDF862
S3150800ED6034B00C93CDF838A0FFF7D4FDA3690FA9EA
S3150800ED70CDF840B00F93CDF844A0FFF7CBFD12A90C
S3150800ED8018A8FFF78AFD70B920A8FFF7C3FD15A9D3
S3150800ED9018A8FFF799FD30B915A920A82EF072FF1B
S3150800EDA02EF05AFC20B148289BD16FF085049AE7CB
S3150800EDB06B681B0A012B06D0424639462846FFF7E0
S3150800EDC06FFA04468FE73246494618A8FEF7E0F878
S3150800EDD004460028F0D086E76FF085045CE76FF0FC
S3150800EDE08C0459E72DE9F04FA5B01546DDE92EABA1
S3150800EDF0884699460746309A002800F0D680002BA8
S3150800EE0000F0D380BAF1000F00F0CF80002900F09F
S3150800EE10CC80002D00F0C98000230688CBF800308E
S3150800EE2006F44F41EB00B1F5824F136052D1F1B2AF
S3150800EE3012290ED126F0FF01B1F5824F02BF083B19
S3150800EE405B0813601368B3F5047F04BF40F2092317
S3150800EE50136000232A46009341466B463846FFF75F
S3150800EE60C0FD044690BB009C30460734E408FFF713
S3150800EE7009FA10B1013D08F101082022002112A863
S3150800EE8000942DF0B7F92146384612AAFDF794FFEB
S3150800EE900446D8B90AAE0DF1480CBCE80F000FC6F7
S3150800EEA09CE80F0086E80F00EB1C23F003032822DA
S3150800EEB021461AA80F93CDE90D482DF09BF97B68DA
S3150800EEC01B0A09D0012B15D06FF08B04204625B0FC
S3150800EED0BDE8F08F2C46D0E7554569D84A465346D3
S3150800EEE01AA8CDE916232EF0BDFE034658B16FF0D9
S3150800EEF09204EBE705F12C039A4559D309F1100260
S3150800EF0005F11C03ECE7012212A90AA8FFF793FBF7
S3150800EF1018B9159B013B012B07D96FF092041AA863
S3150800EF202EF0A0FE0028D1D0E1E74FF080731C90A8
S3150800EF30CDE91A30229007A912A8FFF7D5FB0028B9
S3150800EF40EBD107991AA82EF094FE01A90AA8FFF793
S3150800EF50BBFC0028E1D101A91AA8FFF7DBFC04A92C
S3150800EF6012A8FFF79AFC0028D7D11AA8FFF7D2FCF7
S3150800EF7007A912A8FFF7A8FC0028CED107A91AA846
S3150800EF802EF080FE2EF068FB0028C6D15246494670
S3150800EF9012A8FDF7FDFF0446002897D15A462946D0
S3150800EFA03846FFF77DF90446B9E76FF086048DE722
S3150800EFB06FF08C048AE72DE9F04F0646884691469D
S3150800EFC01D46A5B02BB11AA82EF04CFE28B16FF03D
S3150800EFD09205284625B0BDE8F08F33685A4A23F4CF
S3150800EFE07E13934240F0AC80726BAB181B09B3EBEF
S3150800EFF0121F02F00F0700F09180544B1C90CDE9C8
S3150800F0001A30229017A94046FFF76EFB04460028DF
S3150800F0107DD105EB070B1AA817992BF00F0A2EF0CE
S3150800F02028FE51462EF025FE404602A9FFF735FC7C
S3150800F030044600286BD11AA8FFF76CFC404605A9C0
S3150800F040FFF742FC0446002861D14FF001081AA8D0
S3150800F05005A9FFF75FFC3E4A331D08A90893CDF8BA
S3150800F06024800A92FFF756FC47F00051AAEB0707DF
S3150800F07006F1140347F000570B93CDF830800D9135
S3150800F080CDF83890CDF83C8010970D99019321F072
S3150800F09000510D910BA9FFF73DFC0EA9FFF73AFCAD
S3150800F0A0AAF110012A4A41F000511194CDF848807E
S3150800F0B0139106F124011491CDF8548016921399F0
S3150800F0C041F080411391139921F00051139111A930
S3150800F0D02EF0D8FD14A92EF0D5FD1D4A331D17A90B
S3150800F0E01793CDF8608019922EF0CCFD2EF0B4FA65
S3150800F0F00446019BAAEB0B0129441846ABEB0A020E
S3150800F10049442DF019F9736B2B44736384B1212C90
S3150800F11014BF6FF092056FF086050AE006F1140039
S3150800F1202A46494638442DF007F9736B2B44736316
S3150800F13000251AA82EF096FD00283FF44AAF46E7A8
S3150800F1406FF0880545E700BF0002C003030200040C
S3150800F150100000202DE9F04FA3B00F46DDE92C95ED
S3150800F160DDE92FBA90461E46044628B96FF0860791
S3150800F170384623B0BDE8F08F0029F7D0002AF5D02D
S3150800F180B9F1000FF2D0002DF0D02E9B002BEDD058
S3150800F190BBF1000FEAD0BAF1000FE7D026F0FF0363
S3150800F1A0B3F1062F40F08C802022002110A82DF004
S3150800F1B021F839464246204610ABFFF786F807463F
S3150800F1C00028D5D1238823F0FF03B3F5E24FCDD12C
S3150800F1D031462046FFF788F907460028C8D16388D4
S3150800F1E00733DB08BBEB430F4FEA43046BD318A87E
S3150800F1F02EF038FD002859D1109E344B06F0704683
S3150800F200B6F1404F18BF4FF0C0630DA910A8CDE95D
S3150800F21018371A972097FFF767FA002849D118A8D0
S3150800F2200D992EF026FD29462EF023FD01A910A8DA
S3150800F230FFF733FB00283CD118A8FFF76BFB04A99E
S3150800F24010A8FFF741FB002833D14FF0010804A9A5
S3150800F25018A8FFF75FFB45F0005507A9CDF81C90E5
S3150800F260CDF820800995FFF755FBB6F1404FCDF84C
S3150800F2702890CDF82C800C9502D10AA9FFF74AFBF5
S3150800F2802E9B0DA90D93012318A80E9344F0005345
S3150800F2900F932EF0F7FC2EF0DFF950B9CAF80040AC
S3150800F2A018A82EF0DFFC00283FF462AF6FF0920733
S3150800F2B05EE7012814BF6FF092076FF08B07EFE740
S3150800F2C06FF0850754E76FF0890751E700000206DB
S3150800F2D0F0B591B015461E460C46179F09B9002A87
S3150800F2E02FD11B4B98422FD1202306A83B602EF026
S3150800F2F0B9FC18B16FF0920011B0F0BD04B9EDB9C0
S3150800F3000023144A06A82946CDE9062308930E9336
S3150800F3102EF0AFFC012345F00051009401930291B1
S3150800F320039604930C4B69460593FFF7F3FA03A972
S3150800F3302EF0A8FC2EF090F90028DDD000233B60C3
S3150800F340D8E76FF08600D7E76FF08500D4E700BFEF
S3150800F350090000020004000320000020F0B504465E
S3150800F36008462178174601398BB004293FD8DFE8CB
S3150800F37001F0032A2F343900402114251D4E0C3480
S3150800F38000225943C0E90122026206602EF071FC90
S3150800F390012341F00051079745F00055089309915C
S3150800F3A004A9049405930695019402930395FFF71F
S3150800F3B0B1FA07A9FFF7AEFA01A92EF063FC2EF001
S3150800F3C04BF90BB0F0BD402120250B4E0C34D7E786
S3150800F3D040212025094E0C34D2E780214025084ECD
S3150800F3E01434CDE780214025064E1434C8E7212081
S3150800F3F0E7E700BF0002010300030103000401035D
S3150800F40000050103000601032DE9F0470F461446DF
S3150800F41005468AB0002800F0888061B9002A40F0C5
S3150800F420848068462EF01EFC00287CD06FF092007F
S3150800F4300AB0BDE8F08768462EF014FC0028F5D11E
S3150800F440002C70D02B79032B32D8002BEED0402617
S3150800F450D5F808C005F1080205F13009134614EB82
S3150800F4600C0143F8041B4FEAD6082CD2424453F841
S3150800F470041B0029DAD19A42F9D106F1FF3808EAC5
S3150800F4800C080435A6EB080AB8F1000F2CD1544530
S3150800F49043D3B4FBF6FA3A46534669462846FFF77D
S3150800F4A05DFF0028C2D10AFB06F31F44E41A33E0C5
S3150800F4B0043B012BBAD88026D5F808C005F1080206
S3150800F4C005F15809CAE718465168A2F1040E013138
S3150800F4D05160C6448645C9D050F8041B0029F9D1A5
S3150800F4E0016801310160F5E7544501D2B442CFE71E
S3150800F4F05246394609EB08002CF01EFF01234A46FE
S3150800F50069462846FFF72AFF00288FD1A41B4444E2
S3150800F510A64280465744BCD92CB12246394609EB47
S3150800F52008002CF009FF002082E76FF086007FE7CD
S3150800F5302DE9FF470C9F0E4615469A46044620B904
S3150800F5406FF0860004B0BDE8F0870029F8D00AB944
S3150800F550002BF5D14FF4AE72002120462CF04AFE5E
S3150800F5604B4B3B40B3F1607F53D13388B3F5885F8B
S3150800F570E6D15FFA87F949F0007904F104084946AB
S3150800F5804046FEF7CEFF0028DCD17388DA085245DC
S3150800F5900392D5D8402A04F1DC062DD903AB019392
S3150800F5A080232946009348463346FFF791FE0028F4
S3150800F5B0C8D104F1DB052B46039A02F1DB0121448D
S3150800F5C0994220D102F1DC003621C2F140022044E2
S3150800F5D02CF010FE402231464046FFF715FF002862
S3150800F5E0B0D104F21B1215F8013F83F06A03954265
S3150800F5F02B70F8D12760A5E7072BDAD929463046BC
S3150800F6002CF09AFED5E713F8010F80F03600187033
S3150800F610D6E7204B9F4237D13388B3F5105F33D1F5
S3150800F62073882760DB08182BA36511D0202B1DD003
S3150800F630102B85D1BAF10F0F82D9383405F1100392
S3150800F64055F8042B9D4244F8042BF9D1002079E79C
S3150800F650BAF1170F7FF674AF383405F1180355F869
S3150800F660042B9D4244F8042BF9D1EFE7BAF11F0F9A
S3150800F6707FF666AF383405F1200355F8042B9D4212
S3150800F68044F8042BF9D1E1E76FF085005AE700BF8B
S3150800F6900000C07F0002C00370B5104B0446006826
S3150800F6A00D460340B3F1607F164688B004D1201D8D
S3150800F6B008B0BDE87040A7E60021202268462CF075
S3150800F6C099FD21466846FEF75FFF28B933462A4664
S3150800F6D069462046FFF76FFC08B070BD0000C07F82
S3150800F6E070B501230E46154604468AB01A462946C1
S3150800F6F03046FEF7A0FF20B9B36813F4C04F02D115
S3150800F70021200AB070BDAB6803F4C043B3F5005FAF
S3150800F710F6D1224BA060C4E90030206207A9304622
S3150800F720FEF7E2FF0028ECD1204607992EF0A1FA51
S3150800F730304607A9FFF7B1F80028E2D12046FFF7BF
S3150800F740E9F8304604A9FFF7BFF80028D9D12046C2
S3150800F75004A9FFF7DFF8EB68002BD1D169462846E4
S3150800F760FEF734FF0028CCD1009B6A699A4213D36E
S3150800F7702A6943F0005301920122204601A9029208
S3150800F780032503932EF07EFA20462DF065FF012807
S3150800F790B7D1013DF8D1B4E71D20B2E70000010258
S3150800F7A02DE9F04101290546884616461F4698B0B8
S3150800F7B053D8130754D1046824F04003802B02D091
S3150800F7C0B4F5807F4FD12022002110A82CF012FD1D
S3150800F7D0264A274B0120B8F1010F08BF1346E40853
S3150800F7E00F93043544F00053009501900293214B82
S3150800F7F00397049005930697079008931E9B1F9AF4
S3150800F800099346F000530A9069460B930C920D90A3
S3150800F8100FA80E93FFF77EF803A9FFF77BF809A94F
S3150800F820FFF778F80CA92EF02DFA06A92EF02AFA79
S3150800F83021464FF480642EF01CFA31462EF019FA50
S3150800F8400D4B9C66BFF34F8F2EF0EFF92EF0E4F9BF
S3150800F8500A4B9C6618B0BDE8F0816FF02000F9E706
S3150800F8606FF02100F6E76FF01F00F3E703020004CC
S3150800F87003020104100000200090005000A0005070
S3150800F88070B504680D1B002D02DC6FF05F0070BDBB
S3150800F89094F900602378002E0ADB631C0360237842
S3150800F8A013600368C91A13688B42EED80020EEE786
S3150800F8B003F07F035E1E032E10D89D42E5DD00256A
S3150800F8C00134156004600468166814F8015B013B8E
S3150800F8D045EA062515600460F5D1E2E76FF0630096
S3150800F8E0D5E770B404680E1B002E06DD26789E4206
S3150800F8F007D10134046070BCC2E76FF05F0070BCCA
S3150800F90070476FF06100FAE77F2A034610B51AD9E7
S3150800F91014460120240A00F10100FBD11C68641A70
S3150800F920844212DB19684C1E1C6001F8012C120A6D
S3150800F930F8D1012806D01A68511E196000F17F0314
S3150800F94002F8013C10BD0120E8E76FF06B00F9E70B
S3150800F9502DE9F84F4FF0000A07468946164698469D
S3150800F96055465446DDF828B05C4516D2002318F8EB
S3150800F970040020280CD0ABEB0402012A41D00D2844
S3150800F9803FD108EB040252780A2A6ED10134EBE71C
S3150800F9900134A3454FF00103E9D1A5EB0A0303F0AF
S3150800F9A00303012B30D0AA072ED1AD0805EB450578
S3150800F9B0A5EB0A053560B5BB002508EB0409294601
S3150800F9C03C46DFF8BCA0C14508D018F8010BA0F1E9
S3150800F9D00A03DBB2162B2CD93D282ED1032D3DD197
S3150800F9E02346C1F38F2203F8022BC1F397016170F6
S3150800F9F01C463368E41BA34214BF6FF06D00002059
S3150800FA0004E00A28C2D01BB16FF02B00BDE8F88FBE
S3150800FA100106F9D43D282AD10AF1010ABAF1020FE2
S3150800FA20F2D80135B2E70FB14D45C5D96FF02900B7
S3150800FA30ECE74AFA03F3DB07C5D54FEA811BFDF766
S3150800FA40EBF80135042D40EA0B01BCD10B0C2370F1
S3150800FA500B0A6370A17000250334B4E7022D04BFB6
S3150800FA60C1F30F1104F8011BC3E7002BCCD1BAF17F
S3150800FA70000FC9D1FDF7D0F80028D2DAC4E700BFD5
S3150800FA80F6FFBFFF2DE9F0410D46C9880446164624
S3150800FA90FDF7BAFC014608BB3046FDF7F1F8034608
S3150800FAA01B4EB4F90420F06A0132584022EA0002DB
S3150800FAB0B5F9040027680130D5F8008018400243DC
S3150800FAC0013A4745A280EA8804D08C46A7F1040E7D
S3150800FAD0624506D8DB43E488A24211D30846BDE84E
S3150800FAE0F081F56A5EF8040F5D4020EA050058F8D3
S3150800FAF02C500CF1010C1D402843CEF80000E7E716
S3150800FB0057F82200184047F822000132E4E700BF00
S3150800FB106049002010B5044648B1006818B1E1886C
S3150800FB20890017F011FC00220123C4E9002310BD47
S3150800FB3038B504460D4619B9FFF7ECFF002038BD65
S3150800FB40C2888A4207D10021006892002CF052FB35
S3150800FB500123A380F2E7FFF7DDFF29462046BDE82B
S3150800FB603840FDF751BC884270B505460E4609D0A7
S3150800FB70C988C28841B92AB10123920083800068E6
S3150800FB802CF038FB002070BD4C1E8CB9B6F9043039
S3150800FB900134A242AB8012D221462846FDF734FC36
S3150800FBA00028F0D131682868A2002CF0C5FBE9E7E7
S3150800FBB0336853F82430002BE8D1013CE5E7286880
S3150800FBC0121B0021920000EB84002CF013FBE9E7DE
S3150800FBD02DE9F0411746B1F904509288044612FB04
S3150800FBE005F253430E461DD539463046FDF754F8FF
S3150800FBF0B0F100080DDB3A4631462046FDF727FCF2
S3150800FC0028B9B8F1000F08BF01250020A580BDE876
S3150800FC10F08132462046FDF71AFC0028F7D16D42DE
S3150800FC20A580F4E7874202D0814210D13E460123DF
S3150800FC30B6F80680A380B8F1000FE6D0336803EB68
S3150800FC40880353F8043C3BB908F1FF38F3E7FFF79C
S3150800FC508AFF0028EAD0DAE741462046FDF7D4FBBA
S3150800FC600028D4D1D6F800C0074606462368191FCF
S3150800FC7051F8042F5CF82700B2182CBF012600267D
S3150800FC800137121846F10006B8450A60F0D103EBB1
S3150800FC908703002EB9D0E28807F10108BA4208D8CE
S3150800FCA041462046FDF7B0FB0028B0D1236803EB98
S3150800FCB087031A68474692192CBF0126002643F87F
S3150800FCC0042BE6E770B50E4601210446FDF79CFBBA
S3150800FCD0054648B9E2880146920020682CF08AFA5F
S3150800FCE023681E600123A380284670BD2DE9F341D1
S3150800FCF0054688461646CF883FB1D8F8003003EB4C
S3150800FD00870353F8043C33B13EB90021284602B0B4
S3150800FD10BDE8F041D6E7013FEEE72846791CFDF736
S3150800FD2073FB044670B941462846FFF71CFF044694
S3150800FD3040B9013E00963B46D8F80020E988286875
S3150800FD4022F096FE204602B0BDE8F081C388B1EBEA
S3150800FD50431F3FBF03684A0953F8220001F01F01F9
S3150800FD603ABFC84000F0010000207047C18800680B
S3150800FD70FDF74EB92DE9F84312F0030318BF012326
S3150800FD8003EB92068846314681461446FFF7D0FEB5
S3150800FD900546B8B9B9F80670BE4216D897B1D9F86B
S3150800FDA00090BE000146324648462CF023FA2CB194
S3150800FDB0301B2246414648442CF0BEFA394648468E
S3150800FDC0FDF77FF92846BDE8F8836FF00705F9E7E0
S3150800FDD0034670B51C68DB880846B2EB830F4FEA0A
S3150800FDE0830519D9521B8E1800212CF003FA3046C8
S3150800FDF02A4600231044934210D1002070BD23F0F8
S3150800FE000301615803F00306F600F140C9B281B94F
S3150800FE1001339D42F3D1ECE71346FAE723F00301D9
S3150800FE20615803F00305ED00E94000F8011D0133B0
S3150800FE30E1E76FF00700E1E7F8B504460D46FFF77E
S3150800FE4095FFE3882844B0EB431F25D81F2D236868
S3150800FE50E68805F01F074FEA551413D96FF003001B
S3150800FE60324600FB0430944202F1FF3120D3A21B34
S3150800FE70A64238BF002232441846002192002CF0D0
S3150800FE80B9F9034637B1002103EB8403C7F120050E
S3150800FE90A64213D800200AE010F01F0118BF01215E
S3150800FEA001EB50112046FDF7AFFA0028CED0F8BD79
S3150800FEB050F8212043F821200A46D4E7186801346F
S3150800FEC000FA07F20A4343F8042B20FA05F1DFE7A4
S3150800FED030B5C38823B9CA885AB9002B3DD136E054
S3150800FEE0026802EB830252F8042C002AF3D1013B84
S3150800FEF0F0E70C6804EB820555F8045C4DBB013A43
S3150800FF00EAE7B1F9045003D2B1F90400404226E009
S3150800FF10B0F90420002A03DD002D0CDA01201EE0CA
S3150800FF20002D08DD3AB14FF0FF3018E003F1FF333A
S3150800FF300BD2504213E0013B016851F8235054F8A4
S3150800FF4023108D42F2D9104609E0591CF4D100203D
S3150800FF5005E0002BD8D09342D3D9B0F9040030BDC0
S3150800FF601FB54A1C14BF0B46012301930123C90F71
S3150800FF70C1EBC13149000131ADF80C10ADF80E30B6
S3150800FF8002A901AB0293FFF7A3FF05B05DF804FBD6
S3150800FF9001231DE670B50C460546114620461A464D
S3150800FFA0FFF7F6FF064630B9043529462046FFF71F
S3150800FFB08FFF002801DA304670BD2A4621462046C2
S3150800FFC0FDF745FA0028F0D00646F4E74FF0FF3370
S3150800FFD0FEE570B50C460646114620461A46FFF75A
S3150800FFE0F5FF054688B90436B4F90430002B0CDA57
S3150800FFF000212046FFF7B4FF30B13246214620469D
S31508010000FFF7C6FF0028EFD00546284670BD2DE943
S31508010010F04F0123164600228BB0884207460D464B
S31508010020CDE90823CDE9062306D108A8FFF79BFDEC
S315080100300446002840D108ADB74207D1394606A87B
S31508010040FFF791FD0446002836D106AEB5F80680BD
S31508010050B8F1000F3AD1B6F80690B9F1000F3FD1C1
S31508010060012308EB090A514638460393FDF7CCF9F3
S31508010070044608BB01463846FFF724FE0446D8B9AC
S315080100802A683B680146049218464FEA8A02D6F85E
S3150801009000B02CF0AFF8ABF1040A834600EB8909EE
S315080100A008F10101D94524D1039B7BBBAB88B288F2
S315080100B013FB02F31BB2BB8006A8FFF72BFD08A8AA
S315080100C0FFF728FD20460BB0BDE8F08F2B6803EB40
S315080100D0880353F8043C002BBDD108F1FF38B7E774
S315080100E0336803EB890353F8043C8BB909F1FF39EB
S315080100F0B3E75AF8043F58460093049A43460591D4
S315080101000BF1040B22F0B4FC0599CBE70123D2E7E6
S31508010110B8FA88F35B09A4E72DE9F04F05460F46BF
S315080101201046002197B09346FFF71AFF0028C0F240
S31508010130878105D16FF00B04204617B0BDE8F08F13
S3150801014000230126CDE90936CDE90B36CDE90D3671
S31508010150CDE90F36674B59461293384613AB1193BF
S31508010160FCF79AFD002817DA35B139462846FFF714
S31508010170FAFC0446002849D100212846FFF7F0FE7B
S315080101800028C0F24C8159462846FFF7A1FE0028EF
S3150801019080F24C810024CFE7394609A8FFF7E3FC32
S315080101A0044698BB59460BA8FFF7DDFC044668BB15
S315080101B0F9880DA80231ADF83060ADF82860FDF771
S315080101C023F9044610BB01460DA8FFF77BFD04463B
S315080101D0E0B9F9880FA80231FDF716F90446A8B95E
S315080101E00BA8FFF7C3FD00F01F001F2821D0C0F19F
S315080101F01F03194609A80093FFF71EFE044628B9EE
S3150801020000990BA8FFF718FE044698B109A8FFF74D
S3150801021081FC0BA8FFF77EFC0DA8FFF77BFC0FA856
S31508010220FFF778FC0C2113A817F084F8002CA3D04B
S3150801023082E70094BDF82A60BDF832900BA8A6EBB8
S31508010240090A4FEA4A184146FFF7F6FD044600280F
S31508010250DCD14FEA8A0A0BA909A8FFF739FE00285B
S3150801026038DA41460BA8FCF76DFE04460028CDD1C5
S3150801027009F1FF3301939B0006F1FF38049306F158
S31508010280804609F18043023B013E9B00A6EB090625
S315080102900793B3000293019B43452DD3002DB5D097
S315080102A0009909A8FCF74EFE002840F0B480BB88E7
S315080102B009A92846ADF82830FFF755FC014600285C
S315080102C040F0AB802846FFF74BFE00289ED101235C
S315080102D0AB809BE70D9A09A952F80A300846013303
S315080102E042F80A300BAAFFF771FE04460028B2D07D
S315080102F08CE700BF010003000B9B049A0393134488
S31508010300DDF824900693039B4FEA880A9A5859F810
S315080103102810AAF104030D9E0593029B91421E44DF
S3150801032074D20598002359F800002BF0D3FD002953
S3150801033014BF4FF0FF330346B8F1010F33600EBF08
S31508010340002309EB0A0353F8083C079A1393059B04
S3150801035059F80330149359F80A3015933368013361
S315080103603360039B1344994633680021013B33608C
S315080103700FA8FFF7A7FC00284DD1019B002B48D0F9
S31508010380D9F800200F9B0FA91A60069A0846126829
S315080103905A603268FFF7AAFC00283CD111A90FA8B8
S315080103A0FFF796FD0028DFDC32680BA90FA8FFF7D7
S315080103B09DFC80BB029B0FA84FEAC3094946FFF77C
S315080103C03BFD40BB09A908460FAAFFF7FFFD0146F9
S315080103D018BB09A8FFF7C4FD002812DA0BA90FA854
S315080103E0FFF7C1FBB8B949460FA8FFF725FD90B934
S315080103F009A908460FAAFFF7CBFD60B93368013B87
S315080104003360029B08F1FF38043B43E74FF0FF33A3
S3150801041092E7019AB6E70446F8E60C46F6E65A4626
S3150801042029462846FFF7B4FD0446FFE65A462946FB
S315080104302846FFF7CBFD044600283FF4A4AE7BE629
S315080104406FF0090478E62DE9F04F05468FB010469E
S31508010450164609910A93FFF783FD002840F3958014
S315080104602846F188FFF764FB0446002866D13368FD
S31508010470B5F806900193484F49460198FB6AFB6A0D
S31508010480FCF7C6FDC31DDA08272B2E6804928CBF1C
S315080104901E22FA2213F0180518BF012505EB53157C
S315080104A00292AA00A2EBD301B2180592A9EB0502A2
S315080104B0920023F0070306921B1A721803910792FA
S315080104C00B93A94561D30021039A30462BF092FE7E
S315080104D00021069A05982BF08DFE049A079918981B
S315080104E00A9B9847044648BB1DB129463046FCF786
S315080104F0E8FD494630460B9AFCF7E6FC029B013BB0
S31508010500029345D009993068FCF7F5FB0122C143EE
S31508010510D7F82C80914515D848EA0103D7F82CA0BD
S315080105200893FB6A4B46D7F82C8003F1FF3B8BB93E
S31508010530089AFB6A0AEA020A9A45C2D020460FB00F
S31508010540BDE8F08F56F82200FCF79AFB013248EA1B
S315080105500008DFE7019B53F82B2056F82B3010468D
S3150801056019460D930C92FCF7C6FB0D9B0C9A40EAB3
S31508010570080811461846FCF7BEFB20EA08034AEAB2
S31508010580030A48EA00085B46CFE76FF00304D5E79C
S315080105906FF00D04D2E700BF604900202DE9F04352
S315080105A006460F461046012197B01546FFF7D8FCB7
S315080105B0002840F3CA8100220123394612A8CDE951
S315080105C00E23CDE90C23CDE90A23CDE90823CDE98C
S315080105D01023CDE90623CDE90423CDE90223CDE98C
S315080105E00023CDE91223CDE91423FFF7BCFA04460B
S315080105F008B112A806E0294614A8FFF7B4FA04467A
S3150801060012A81CB3FFF786FA14A8FFF783FA0EA8F7
S31508010610FFF780FA0CA8FFF77DFA0AA8FFF77AFA1E
S3150801062008A8FFF777FA10A8FFF774FA06A8FFF7E4
S3150801063071FA04A8FFF76EFA02A8FFF76BFA684683
S31508010640FFF768FA204617B0BDE8F083FCF726FDE8
S31508010650814614A8FCF722FD804650B9214614A804
S31508010660FFF774FB28B9394610A8FFF77CFA044648
S315080106703CE00123ADF85430ADF84C30002112A806
S31508010680FFF76EFC58B9C145494614A828BF41462B
S31508010690FFF7D2FB04460028ABD114A9E4E712A858
S315080106A0FCF7FCFC014612A8FCF74CFC0446E8B929
S315080106B014A8FCF7F3FC014614A8FCF743FC04460E
S315080106C0A0B914A912A8FFF703FC0028C0F2A2805A
S315080106D012A9084614AAFCF7BAFE044630B9012144
S315080106E012A8FCF72FFC04460028C7D012A8FFF76A
S315080106F011FA14A8FFF70EFA002C88D1012110A8C7
S31508010700FFF72EFC002840F01D812A4639460EA81F
S31508010710FFF702FD044600287FF479AF0EA90CA85D
S31508010720FFF721FA044600287FF471AF294606A887
S31508010730FFF719FA044600287FF469AF294604A889
S31508010740FFF711FA044600287FF461AF01210AA8D0
S31508010750FFF7B8FA044600287FF459AF014608A8FE
S31508010760FFF7B0FA044600287FF451AF014602A804
S31508010770FFF7A8FA044600287FF449AF0121684625
S31508010780FFF7A0FA044600287FF441AF0C9B1B68CB
S31508010790D8074BD5049B1B68DB0776D504A90CA89B
S315080107A0FFF796FB0028C0F2A3800CA9084604AA05
S315080107B0FFF70CFC044600287FF429AF0AA908466E
S315080107C002AAFFF703FC044600287FF420AF08A914
S315080107D06A460846FFF7FAFB044600287FF417AF76
S315080107E000210CA8FFF7BCFB0028CFD1002102A8E5
S315080107F0FFF7B6FB0028C0F29180294602A8FFF749
S3150801080067FB002880F29480304602A9FFF7ABF90E
S315080108100446FCE614A9084612AAFCF718FE044683
S3150801082000287FF463AF012114A85AE701210CA817
S31508010830FCF788FB044600287FF4E9AE0A9B1B688F
S31508010840DF0710D4089B1B68DC070CD401210AA812
S31508010850FCF778FB044600287FF4D9AE012108A8E5
S31508010860FCF770FB8EE70AA9084606AAFFF790FB74
S31508010870044600287FF4CBAE08A908460EAAFFF75E
S31508010880A5FB04460028E1D0C1E6012104A8FCF72E
S3150801089059FB044600287FF4BAAE029B1B68D907A8
S315080108A014D4009B1B68DA0710D4012102A8FCF7AF
S315080108B049FB044600287FF4AAAE01216846FCF7E5
S315080108C041FB044600283FF465AFA0E602A90846A5
S315080108D006AAFFF75DFB044600287FF498AE694631
S315080108E068460EAAFFF772FB04460028DDD08EE69D
S315080108F004A908460CAAFFF769FB044600287FF4F9
S3150801090086AE02A908460AAAFFF760FB0446002834
S315080109107FF47DAE6946684608AA5BE702A92A46BE
S315080109200846FFF735FB044600283FF45FAF6EE63D
S3150801093002A92A460846FFF749FB044600283FF460
S315080109405CAF64E66FF00D0461E66FF0030479E6C7
S3150801095037B545780C46012D13460ED101AB4068D3
S315080109601DF08EF9034628B10A4B04220A4918F0EC
S315080109703FF80346184603B030BD0178012906D170
S315080109802246083003B0BDE83040FDF7CDBF034B22
S31508010990F0E700BF2D620208F00D0408809CFFFFF6
S315080109A02DE9F0439846002385B005460C461746BF
S315080109B000F110016A463830CDE90033CDE902333A
S315080109C0DDF83090FFF7C4FF064658B16B6E43F069
S315080109D010036B666846102116F0ACFC304605B06C
S315080109E0BDE8F0830DEB04010446221D974209D2A6
S315080109F0A742EFD918F804300A5D534009F80430C4
S31508010A000134F5E758F804300859434049F80430E9
S31508010A101446EAE7416E38B501F00303032B044691
S31508010A2006D1826A32B9436B023B012B1CD802629A
S31508010A30002038BD056B2378681E0343606A023AB5
S31508010A40003818BF012043EA80130020520843EA00
S31508010A50C2032370236AC2B2954200F1010006D887
S31508010A6053B141F0100161666FF00C00E1E7C2F184
S31508010A700F02A3541B0AEEE72246214604F1380069
S31508010A80FFF766FF0028D4D0636E43F01003636650
S31508010A90CFE738B590F844300446012B11D1C56B20
S31508010AA04DB12B7A012B02D1686817F045FE0C214E
S31508010AB0284616F049FC2046BDE83840482116F07C
S31508010AC039BC006C18B14FF4AE7116F03DFCE06B01
S31508010AD00028F0D02368DA79034B02F07C0213442C
S31508010AE09B6F9B699847E6E7E40D0408F8B5046C23
S31508010AF00E460734E4089C4228BF1C4611460546A3
S31508010B0022463046FFF736F90746C8B92B6CE1008D
S31508010B10B3EBC40F0DD3343529463046FFF7D8F960
S31508010B2000280DDB2A4631463046BDE8F840FFF776
S31508010B304DBA3046C91AFCF705FA0028EBD0074624
S31508010B403846F8BD0346C06920B15B6A002B14BF5D
S31508010B5001200220704700220123C0E90023C0E9D1
S31508010B600223C0E90423704738B50024012501464C
S31508010B70C0E90254C0E904540470446085611C301C
S31508010B80FFF7E9FFC1E90D45C1E90F44C1E9114480
S31508010B90C1E91344C1E91544CC6538BD10B504460D
S31508010BA0FFF7E2FF0022012304F16800C4E91823D4
S31508010BB0BDE81040CFE738B504460D46FEF7D3FF2A
S31508010BC070B905F1080104F10800FEF7CCFF38B940
S31508010BD005F1100104F11000BDE83840FEF7C3BF66
S31508010BE038BD10B501210446FFF76CF860B901213B
S31508010BF004F10800FFF766F830B9014604F1100060
S31508010C00BDE81040FFF75EB810BD2DE9F8438046F0
S31508010C100D4616461F4613B91D48BDE8F88304302C
S31508010C20FFF7A4F804464046FFF78CFF01288146E2
S31508010C302BD113782BB9012FEED12846BDE8F843FD
S31508010C40CFE70734E40804F10108B845E4D8224699
S31508010C502846711CFFF78EF80028DED1494605F1B2
S31508010C601000FFF72FF80028D7D13378042BD3D1FA
S31508010C7063000133BB42CFD1224606EB080105F1D9
S31508010C800800BDE8F843FFF775B80248C5E700BF95
S31508010C9080B0FFFF80B1FFFFF8B50C460646114646
S31508010CA020461A46FFF7B3F9054660BBB76C37B954
S31508010CB021462046321DBDE8F840FFF72DBAB4F9A2
S31508010CC00430002B04DA01462046FFF749F968BBD0
S31508010CD02046FFF74BF8F36BB0EB430F26D82046B7
S31508010CE0B847054678B90436B4F90430002B04DA56
S31508010CF000212046FFF734F938B931462046FFF777
S31508010D00E7F800280ADA2846F8BD32462146204681
S31508010D10FFF73EF90028E7D00546F4E732462146B3
S31508010D202046FCF794FB0028E7D0F5E7004DEAE7F3
S31508010D3080B0FFFF2DE9F74301F110060546894604
S31508010D4030460021FFF70CF90446A0B3002301271A
S31508010D50314668462A1DCDE90037FFF71FFC0446D0
S31508010D6030BB09F108086B46424641462846FFF75B
S31508010D7093FF0446E0B96B466A4669462846FFF77B
S31508010D808BFF0446A0B96B464A4649462846FFF7F3
S31508010D9083FF044660B96B46424641462846FFF73B
S31508010DA07BFF044620B939463046FEF78BFF0446D9
S31508010DB06846FEF7AFFE204603B0BDE8F083F7B5F7
S31508010DC00D4601230021083504462846CDE90013BE
S31508010DD01646FFF7C5F8211D07462A466846FFF756
S31508010DE0F5F8044648B9002F0CBF002206F00102A7
S31508010DF069462846FEF746FE04466846FEF78AFE19
S31508010E00204603B0F0BD2DE9F0430E460546012103
S31508010E1089B006F11000FFF7A3F80446002840F050
S31508010E2086802846FFF78EFE0128804640F081809D
S31508010E3021463046FFF794F8002878DB06F10809C1
S31508010E4021464846FFF78CF8002870DB2F1D3946E6
S31508010E503046FFF73DF8002869DA39464846FFF774
S31508010E6037F8002863DA4B464A46284602A9CDE9EF
S31508010E700248CDE90448FFF70FFF044600284CD184
S31508010E8033463246284604A9FFF706FF04460028DA
S31508010E9043D1EB68002B36D1032301934FF001139D
S31508010EA004A90793084601AB06AA0693FFF78EF82D
S31508010EB0044690BBBDF91430002B04DA002104A8BE
S31508010EC0FFF74EF8C8B904AA334611462846FFF774
S31508010ED0E3FE044608BB04AA1146284605F1140395
S31508010EE0FFF758F80446C0B904A902A8FEF7F0FFAF
S31508010EF0114B041E18BF1C460FE004A93A460846C2
S31508010F00FFF746F8D4E704AA1146284605F10C036B
S31508010F10FFF740F804460028D5D002A8FEF7FAFDE7
S31508010F2004A8FEF7F7FD204609B0BDE8F083024C98
S31508010F30F9E7024CF7E700BF80B3FFFF80B0FFFF78
S31508010F4038B50546FFF7FEFD01280C4601460ED1C8
S31508010F502046FFF705F800280BDB204605F134018A
S31508010F60FEF7B6FF00280448B8BF002038BD03487D
S31508010F70FCE70148FAE700BF80B3FFFF80B0FFFF37
S31508010F8073B505461E46FFF7DDFD01280C460146E9
S31508010F900ED113462046009605F13402FFF753FA9F
S31508010FA0044B10F10E0F18BF0346184602B070BD68
S31508010FB0014BFAE700B3FFFF80B0FFFF70B5066C7F
S31508010FC00D460736B3EBD60F114604464FEAD6024D
S31508010FD003D200230A482B6070BDB0F866302A6038
S31508010FE04BB1FFF7AFFD012807D104F16000BDE859
S31508010FF07040FEF7EDBE0348EEE76FF06D00EBE7D4
S3150801100000B1FFFF80B0FFFF38B50C46051D294624
S315080110102046FEF75DFF002801DA002006E02A4691
S3150801102021462046FCF713FA0028F0D038BD2DE9F1
S31508011030F84F1E4603F10805C36804468A469046DA
S31508011040002B40F0C08002F110031A462946FFF72B
S3150801105023FE002840F0EF8006F110072B46424692
S3150801106039462046FEF796FF002840F0E48006F14F
S3150801107018092B46424649462046FEF7AAFF00288C
S3150801108040F0D9804B463A4629462046FFF704FEEA
S31508011090002840F0D080032229463046FEF726FE76
S315080110A0002840F0C88031462046FFF7ADFF0028EA
S315080110B040F0C18008F1080B06F110075B465A4655
S315080110C039462046FFF7E8FD002840F0B480394646
S315080110D0204620F095FD002840F0AD803B4642466B
S315080110E029462046FFF7D8FD002840F0A480294666
S315080110F0204620F085FD002840F09D8006F118095C
S315080111003B463A4649462046FFF7C6FD002840F0C9
S3150801111092804946204620F073FD002840F08B80D6
S315080111203346324639462046FFF7B6FD002840F0D9
S3150801113082802B463A4639462046FEF74AFF002862
S3150801114079D12B463A4639462046FEF742FF002812
S3150801115071D13B462A4629462046FEF73AFF002822
S3150801116069D133462A4629462046FFF795FD0028C8
S3150801117061D14B462A4629462046FEF72AFF002812
S3150801118059D15A464946204608F11003FFF784FD0E
S31508011190002850D14946204620F032FD00284AD180
S315080111A039465046FEF7DFFC002844D129460AF1A4
S315080111B00800FEF7D8FCF0BB49460AF11000BDE865
S315080111C0F84FFEF7D0BC13462946FFF765FD90BBDD
S315080111D0032229463046FEF789FD60BB3146204683
S315080111E0FFF712FF38BB04F10C0701463846FEF734
S315080111F0B7FE00283FF45EAF08F110031A462946E8
S315080112002046FFF749FDB0B906F110092B462A46D3
S3150801121049462046FFF740FD68B93B464A462946F6
S315080112202046FFF739FD30B92B463246314620466E
S31508011230FEF7B0FE3BE7BDE8F88F2DE9F14F9A4678
S315080112401B6904460E4691460A9D002B00F0D18083
S3150801125002F1100700213846FEF782FE28B95146E9
S31508011260304601B0BDE8F04FA5E40AF110080021A7
S315080112704046FEF775FE08B94946F1E701214046A1
S31508011280FEF76EFE002840F0B4803B463A462946F2
S315080112902046FFF701FD002840F0AC8005F108085B
S315080112A03B462A4641462046FFF7F6FC002840F011
S315080112B0A18053462A4629462046FFF7EDFC002819
S315080112C040F098804246414620460AF10803FFF756
S315080112D0E3FC002840F08E804B462A4629462046E4
S315080112E0FEF777FE002840F0858009F1080B5B467A
S315080112F0424641462046FEF76CFE00287AD1002177
S315080113002846FEF72DFE014680B94046FEF728FE1F
S3150801131038B92B464A463146204601B0BDE8F04F5A
S3150801132085E6304601B0BDE8F04F5AE42B463A4609
S31508011330204606F11001FFF7AFFC00285AD105F146
S3150801134010072B462A4639462046FFF7A5FC0028F2
S3150801135050D105F1180A2B463A4651462046FFF761
S315080113609BFC002846D14B463A4639462046FFF7AC
S3150801137093FC00283ED139462846FEF7F4FBC8BB44
S315080113802946204620F03CFCA0BB4346424631464E
S315080113902046FFF781FC68BB2B463246314620467C
S315080113A0FEF717FE30BB5346324631462046FEF756
S315080113B010FEF8B933463A4639462046FEF709FE85
S315080113C0C0B943463A4639462046FFF765FC88B90F
S315080113D05B46524651462046FFF75EFC50B95346D6
S315080113E03A46204606F1080101B0BDE8F04FFEF77E
S315080113F0F0BD024801B0BDE8F08F00BF80B0FFFF25
S3150801140010B50446FEF786FB04F10800FEF782FBD9
S3150801141004F11000BDE81040FEF77CBB00B1EFE710
S31508011420704770B5044658B3436C012B11D00C3084
S31508011430FEF770FB04F11400FEF76CFB04F11C00C7
S31508011440FFF7ECFF04F13400FEF764FB201DFEF7FD
S3150801145061FBA36D8BB92046BDE87040602115F08C
S3150801146069BF06FB0500FFF7D9FF0135D4E9160365
S31508011470AB42F6D8FBF7A4FEEDE700251826F5E7FB
S3150801148070BD10B5044650B1FFF7CBFF04F16000FB
S31508011490FEF740FB04F16800BDE81040BEE710BD49
S315080114A038B504460D46FFF7BCFF2046FFF75CFB3F
S315080114B0022D25702DD0032D47D0012D60D1324B39
S315080114C0324AA364324BA260A261A2632262A2627B
S315080114D003F1600262624FF0011203F118016161C2
S315080114E003F13001616303F148016360E16122633D
S315080114F07833E362201DFEF739FCE06304F134001A
S31508011500FEF734FC206400200123C4E91600636455
S3150801151038BD204B204AA364204BA261A360204B0F
S31508011520A2632262A26203F1740262624FF001129F
S3150801153003F12001616103F13C01616303F1580183
S315080115406360E1612263043BD3E7164B134AA36444
S31508011550154BA260A261A2632262A26203F1800214
S3150801156062624FF0011203F12001616103F140014A
S31508011570616303F160016360E1612263943BB8E74B
S3150801158000230A482370C3E72DD500080100060089
S31508011590680E0408F9D500080100070001000800D3
S315080115A0E40E0408D3D70008740F040880B1FFFFBE
S315080115B02DE9F0410D460146284617469846FFF79C
S315080115C06FFF0446B0B92846FFF7BCFA012805F1B2
S315080115D0600612D1424639463046FEF7CBFB044631
S315080115E028B931462846FFF7ABFC044610B1304608
S315080115F0FEF790FA2046BDE8F081014CF7E700BFF7
S3150801160080B1FFFF2DE9F04FCFB0EFF31183302200
S3150801161082F31188AF4C94F87F20002A40F0F385B5
S31508011620012284F87F2083F31188BFF36F8F6FF04F
S3150801163004035021A848A94D13F0800F03F10102B4
S3150801164040F0D9852B445D2A83F800131346F3D15C
S315080116504FF00043A24E072273664AF6CD33A14DD9
S315080116600B206F6C2B64A04BDA6313F0DFFC6B68FD
S31508011670012023F4F87343F480736B6040F2091375
S31508011680AB6040F203132B6121F0B6FAFF0748BF9E
S31508011690964B4FF0800048BF2B64954B5F6E4FF019
S315080116A0004373664AF6CD336E6C2B6413F0BEFCA9
S315080116B02B6AF60723F00F0343F00C032B6248BF8E
S315080116C08A4B8C4848BF2B64002FA2BF4FF00042BB
S315080116D0894B5A662CF0E0FA884AD2F84C3113F451
S315080116E0802300F096854FF07E6292F89C3092F93D
S315080116F09C20002AB8BF2C234FF40001784A022007
S3150801170051664FF4D15102F5B83251627C494F2BDB
S31508011710486028BF4F23012001F58051DBB248609C
S31508011720116911F48031FBD143F48073536140F29E
S3150801173001439360714B5160D3F84C21100300F1BA
S315080117406C85D3F85051EDB26E4B6F4A93F9006030
S315080117506E4B2E441A60664B86F308061B6F03F020
S315080117600703032B01D12BF0B5FE18F0C3F80328A4
S315080117704BD04FF480125A4B4FF0A0615A6645F68A
S315080117800E03634AC2F88030624B99624FF4803186
S3150801179003F580539962936DD903FCD4936D5B006D
S315080117A0FCD45D4B1361936903F0004343EA064396
S315080117B043EA052343F0407343F03C039361136AFC
S315080117C023F00F031362916A544B0B4043F48033A1
S315080117D0936253494E4A936D31EA0303FBD14FF0A5
S315080117E080714C488162136923F4700343F44013F2
S315080117F013614FF000434FF480328361494B99627C
S315080118009A62434A936D5F00FCD44FF4C0223B4B66
S31508011810D3F89850324B5A6603F598335A68012A19
S3150801182000F0028518F066F805280CD100213E481B
S3150801183013F078F92E4A136F43F4806313674FF454
S315080118408032274B1A67394E394B376825F0407570
S315080118509F4202D834481DF0E5FA364BDA6812F091
S31508011860060FFBD19A689D6099684D4015F4F81FDB
S315080118700DBF2D4D9A603D46356018F03BF8052899
S315080118800FD12BF027FE064612F0DAFF0128D4BF46
S3150801189001210021304613F045F913F089FB13F0B5
S315080118A077FBBD4202D800201DF0BCFA4FF4002296
S315080118B00B4D124B2048D3F8C0306A664FF0B4423C
S315080118C023F0407393602CF0E7F94FF4800302226A
S315080118D06B6633E06049002000ED00E000E100E0BE
S315080118E00090005000800950004000503254FFFF1C
S315080118F0008000501011040800A000500080E00F7D
S3150801190000100250C8620020C0175302C4620020AA
S315080119100040005A0050005A2008C00BC7FFFEFEBF
S31508011920030001000060005A00B4C404C06200202C
S31508011930FFB3C4040000015014110408CB4B5A60CC
S315080119409E6816F48036FBD1C94D5E625E6013F05F
S3150801195015F92B6F304623F0070343F003032B6772
S3150801196013F03CFB2B6FC34923F474432B67C24B1B
S31508011970D3F8FC2012F0807200F05D84D3F8FC20C5
S3150801198022F08072C3F8FC20D5F8802022F00302E9
S3150801199042F00102C5F88020C1F88060D3F8FC2026
S315080119A042F08072C3F8FC20B14B4FF48031D3F872
S315080119B02021B24822F0070242F00202C3F8202190
S315080119C0D3F8282122F0070242F00202C3F828219F
S315080119D0D3F8802122F0030242F00102C3F88021E4
S315080119E0D3F8402122F0030242F00202C3F8402153
S315080119F0D3F8602122F0030242F00202C3F8602103
S31508011A00D3F8402222F0030242F00202C3F8402230
S31508011A10D3F8002222F0070242F00202C3F800229C
S31508011A20D3F8082222F0070242F00202C3F808227C
S31508011A30D3F8502222F0030242F00202C3F85022E0
S31508011A40D3F8702222F0030242F00102C3F8702291
S31508011A50D3F8202222F0070242F00102C3F820221D
S31508011A60844A5D6E5166426A22F001024262E803C7
S31508011A705CBF834A51664FF0E0210A6942F00402CD
S31508011A800A61D3F8602222F0070242F00102C3F884
S31508011A906022D3F8942222F0070242F00102C3F829
S31508011AA09422784B5A6F42F001025A67DA6E22F095
S31508011AB03002DA66EFF31187302383F3118894F83D
S31508011AC08060002E45D1704B7048266326601E60E3
S31508011AD02CF0E2F8BFF34F8F6D4D13F021FD6B68C3
S31508011AE0012B00F0B483EE602BF0A0FF4FF0000845
S31508011AF00F214FF00109674A654D674EC5F84880C1
S31508011B005164116413F00CFDC6F80490C5F81090E1
S31508011B102BF00AFD4FF40022604BC5F818805320BC
S31508011B20C3F8882113F04EFDC6F84490EFF31185EA
S31508011B30302383F311884FF4E06013F067F8024607
S31508011B4085F31188BFF36F8F554B1860002840F055
S31508011B508F8387F31188BFF36F8FFCF703F9464A22
S31508011B605049D2F8C03023F0FF0343F0A003C2F86E
S31508011B70C0304D4B99424D4940F085830B684C481E
S31508011B80C2F89830C2F89C0000F5FF2000F2FE70FA
S31508011B90C2F8A00001330B60BFF35F8F0522364BF5
S31508011BA0C3F894205A6A42F480325A62BFF34F8FBF
S31508011BB0BFF36F8FBFF34F8FBFF36F8F3D482CF085
S31508011BC06BF83C482CF068F80123002204210EA882
S31508011BD0ADF83830384C12F0DFFD36482CF05CF899
S31508011BE036482CF059F8636823B140F6FF71204650
S31508011BF013F04EFA304813F069FA2369002123F0ED
S31508011C00870343F08103236123692D4A23F0F803EF
S31508011C1043F080032361E368274823F0F04323F464
S31508011C207023E360A36823F0030343F00103A36071
S31508011C30A368A360A36843F48063A360636A23F47B
S31508011C40772323F4EE6343F480236362636923F005
S31508011C500F0343F002036361A16113F081FA0521C1
S31508011C60154813F07AFA144B2CE000BF00400250D5
S31508011C70008000500090005000ED00E00000085080
S31508011C8000A00050004000504C49002010110408E3
S31508011C9000C00A5000E00A5000D00A5000E100E0F6
S31508011CA050490020C062002060620020444900209B
S31508011CB0030000201811040800C008501C1104086C
S31508011CC0E07072009E6CF64316F440520292F9D106
S31508011CD04FF48173012204210EA8ADF8383012F0B1
S31508011CE05BFD40F202230121029A0BA8ADF82C30C4
S31508011CF012F052FD40F20233012204210AA8ADF87E
S31508011D00283012F049FD40F202430421012209A8B4
S31508011D10ADF8243012F040FDCA4BCB4A4FF4487057
S31508011D20C3F8C8244FF00212C3F8C424A2F58032BE
S31508011D30C3F8CC241C22C3F8B424FBF777F9042191
S31508011D40022020F04FFF1420FBF770F9042102202E
S31508011D502BF0B8FE2320FBF769F90421022020F0B5
S31508011D6041FFBA4B9A6C5206FCD5B9225A649A6C51
S31508011D701706FCD504210220DB6B2BF0A3FE0022FB
S31508011D804FF48173114608A8ADF8203012F004FD0E
S31508011D90002240F20223114607A8ADF81C3012F0C2
S31508011DA0FBFC40F202330122002106A8ADF81830E7
S31508011DB012F0F2FC40F202430122002105A8ADF817
S31508011DC0143012F0E9FCA14813F080F900219D4B6B
S31508011DD09F48C3F8B414C3F8C814C3F8C414C3F8A5
S31508011DE0CC142BF04DFE4FF000639B6A03F1784249
S31508011DF0B2F5C04F52D21A68964B9A424ED1964CBA
S31508011E0094F8815015F0FD0548D194F88230002BDD
S31508011E1000F05A82022384F882304FF000639B6AED
S31508011E20DB69984794F882600746012E40F0C5821F
S31508011E3010F086F8013040F0AF82D4F88820874B3D
S31508011E401A66D4F88C205A66D4F890209A66D4F883
S31508011E509420C3F87021D4F898201A64D4F89C20E9
S31508011E605A64D4F8A0209A64D4F8AC20D60700F1B5
S31508011E70A182D4F8A4207A4B5A66D4F8A8209A6687
S31508011E8026F046FBD4F8843083F31188BFF36F8FAD
S31508011E9084F8825017B9012384F88130714F3A6A60
S31508011EA0511C08BF704B4FF4003108BFD3F894207A
S31508011EB04FF0502308BF3A621967D30700F17F82B2
S31508011EC001210C46084604FA00F3134001F1010109
S31508011ED000F07782654B03EB4003B3F83C33644A61
S31508011EE0062B11685C4C09918AB24FEA114140F000
S31508011EF0B6824FF20F03994240F0AE82B2F5406FB7
S31508011F0028BF4FF4C062A4F8B0204FF000534CF23A
S31508011F103C325A80574A536A43F470235362EFF3AB
S31508011F2008834FF0CD31544A043B934280F0A9828D
S31508011F304C49524812F0CEFA51482BF0ADFE4FF4F7
S31508011F404073012204210EA8ADF8383012F024FCA2
S31508011F5001224C4BC3F84424EFF31185302383F354
S31508011F6011884FF4607012F051FE85F31188BFF3A2
S31508011F706F8F404B00F5D520D3F8F02000F2FC40D6
S31508011F8042F00102C3F8F020D3F8FC203E4D42F09E
S31508011F908072C3F8FC203D4AA3F55D431A603C4BA9
S31508011FA00222B0FBF3F03B4B01381861C3F8F0206D
S31508011FB04FF48072C3F804234FF06043364A304821
S31508011FC0C3F8B02F354AC3F8802ED3F8002E42F451
S31508011FD08072C3F8002EFF2283F82020D3F8002E42
S31508011FE022F48072C3F8002E2BF056FE6B681E068B
S31508011FF005D480232720C5F8843113F0E3FA6B68EA
S31508012000D80506D44FF480732820C5F8843113F017
S31508012010D9FA4FF060450221D5F8003E0EA843F4DF
S315080120208073C5F8003E1E4BCDE90E1320F0D8FC8F
S315080120300122D5F8003E042123F48073C5F8003E39
S3150801204030E000BF00C003500200030000C0085082
S315080120501C11040807B0CD5E6049002000800044C9
S3150801206000800050CC62002000400050E40D0408B6
S315080120700000002000ED00E008000020A84800202C
S315080120801811040800D0035000E100E0FF030040E6
S31508012090F8590D00000004E055CEACC50900010051
S315080120A0006A18100EA8ADF8382012F075FB94F8DE
S315080120B04110022903D194F84030072B1BD094F81C
S315080120C04030DA0703D443F0010384F8403094F82A
S315080120D040309E075FBF012243F0020384F8403077
S315080120E084F8342494F8402011B9D50700F1CC813D
S315080120F0500740F1D0814FF0020B2BF079FAB34B20
S31508012100B34D5B6818F0A0FDB24BDFF848C3CDE9C3
S315080121100EB34FF04073CDE910C305230EA94FF056
S31508012120FF30129305F1B4092AF0AFFB00214FF0F5
S31508012130FF302AF0ADFB05F1D406FAF799FF22F034
S315080121404BFD2022002148462AF054F81822002186
S3150801215030462AF04FF800229F4BA0491A7799601A
S315080121609F491A62D9609F49C3E9002919619E49A5
S315080121709A6159619D4B9E49012099609D491A773B
S31508012180D9609D49C3E9002619619C491A625961BA
S315080121909A612BF0DDF80346002840F0778200208B
S315080121A0002105F5886848E9020141F60B214FF639
S315080121B0FF764FF00109924A05F2E44013609180D7
S315080121C0904A7F21C5F8402410220393ADF8206078
S315080121D08DF822902AF00EF87F214FF0FF3A8A4AAD
S315080121E0039B1170894ACDF838A0126A12F0010FC3
S315080121F040F05681FEE703F00F03043B03441976CA
S315080122001346FFF719BA83F31188BFF36F8FFFF7E8
S315080122101FBAD2F85021FFF76FBA7D4B1D88FF2DE3
S3150801222088BF5A25FFF790BA7A494A605A689607CD
S31508012230FCD4FFF7F7BAD5F8803023F0030343F04F
S315080122400103C5F88030C1F88020FFF7ADBBD5F88A
S315080122500480B8F1010F02D013F062F943E46B6808
S315080122602BF062F902232B616B4BC3F80480F3E769
S31508012270434640F2E731694829F02CFE684B84F859
S315080122808090186065E423F01F03203BB3F1005FDB
S315080122900BD30868634CC2F8980043F00103013078
S315080122A0C2F89C40C2F8A03008605F4A0B684748EC
S315080122B022F01F0242F00302C0F89830C0F89C20B1
S315080122C05A4AC0F8A02065E40127CDE909550B95BE
S315080122D084F88270EFF31183302282F31188C4F8EF
S315080122E0843026F00DF9524B52495A6EC4F8A4208F
S315080122F09B6EC4F8A8304FF480438B664E4B5A68E0
S31508012300C4F8AC204D4A9A601A6EC4F888205A6EF1
S31508012310C4F88C209A6EC4F89020D3F87021C4F8BA
S3150801232094201A6CC4F898205A6CC4F89C209A6CAC
S31508012330C4F8A020424A106C1864506C5864926C18
S315080123409A644F661B6E1E041BD53E4AD368D8078E
S31508012350FCD44FF000639F6A07F17843B3F5C04F89
S3150801236007D200230EA810931BF0FCFC109B5B05FB
S315080123700CD4099A344B1A660A9A5A660B9A9A66C3
S315080123804BE5324AD368D907FCD4E2E73B6C0BAA82
S315080123900AA909A89847ECE70FF0D2FD40F2011304
S315080123A098423FF44AAD2A4B264A5E66D368D80757
S315080123B0FCD442E500229A605BE5012568E5002028
S315080123C088E510297FF47EAD89E500BF00ED00E0C0
S315080123D060490020006A1800B4440020B55B020871
S315080123E0790802083D5502080D5C0208D844002008
S315080123F05B1202088508020889120208911202086E
S315080124009C47002089220208E01D00200080E00F79
S315080124100001E00F00E0015000E00A5018FCFFFF40
S31508012420B044002003000020DF620020E1FF0720FE
S3150801243000800050009000500080004455CEAC004A
S3150801244000C00054000004400090004400000450FD
S3150801245000900040000304004FF4C06253E540F2C7
S31508012460072083420AD14FF20F00814206D19A42D0
S3150801247002BF4FF000524CF23C315180A4F8B03003
S3150801248048E543F8041950E59748FBF73DFB022355
S3150801249084F841302CE642F0040284F840202AE60A
S315080124A0924A414612880EA8A5F85024904A126805
S315080124B0C5F858248F4A1288A5F852248E4A1268FC
S315080124C0C5F85C248022A5F8542405F26442C5F8AF
S315080124D060241A4622F0DEFB00B1FEE787490E9812
S315080124E022F050FF00B1FEE759460E982AF0D4F8BB
S315080124F000B1FEE782490E9823F03EF900B1FEE7E6
S3150801250049460E982AF094FA00B1FEE749460E9814
S315080125102AF09CFA014600B1FEE77A4B402218469A
S3150801252029F068FE494680F83E60A0F83CA00E985E
S3150801253022F016FC744E0E98306000B9FEE740F2A0
S31508012540222358E9025271499A4208BF8D420ED098
S315080125500FF28C1BDBE900AB4FF0FF334FF0FF3274
S31508012560CDE900AB2AF080F8694B43E902AB0021BB
S3150801257068480FF017FB012108462AF0D1FE30689A
S3150801258008A922F0C5FB054600B1FEE7624B634A7E
S3150801259018609880624B908003F2F441116003F54C
S315080125A0B562C3F8782503F5C562C3F884259C226C
S315080125B0C3F8A005A3F87C055A4B1A7002F0B4F8C3
S315080125C0056002F0CBF8031D00F1B4021946103379
S315080125D09342056007D14F4B1A790B2A02D85A79CB
S315080125E00A2A04D8FEE743F8105C0D46EEE74E4A80
S315080125F01360FAF73DFD00200FF02CFB0822306826
S3150801260011462AF081F8054600B1FEE70146306811
S315080126102AF036FA29461822444829F0EBFD444B9C
S3150801262012222946184629F0E5FD4FF6FE7220F8D2
S31508012630022CEFF3108072B61026DFF80881C8F86D
S315080126400050C8F80850A8F804602BF0E0FA394B96
S315080126500E95C8F808308C23374D4FF40C600EA937
S31508012660C5E902631FF01CFF002830D10F220E9B1B
S31508012670C5E90033E968013A19441960E96892B273
S315080126800B44002AF6D14FF0FF321A603B6A4FF429
S315080126900032013308BF294BDFF8ACA004BFD3F8D9
S315080126A094303B624FF050230AF5005797F8386685
S315080126B01A67002E40F0B4864FF6FF72204DCAE91C
S315080126C001662B88CAF80C60934201D1FEE7FEE742
S315080126D0002B46D104210AA80FF0F7F9B0B3FEE79B
S315080126E00AE020FF22020000A449002062580408DB
S315080126F0685804086058040864580408070011005B
S315080127004011040808590020DC1D00200AE020FFBA
S31508012710A04D00209C470020504400208044002002
S3150801272060490020AE4700209847002080470020D6
S315080127303A440020BDDB03080C4800200040005045
S3150801274028440020C0470020E81D00200A9B002BD2
S3150801275000F0ED836FF00042934208BF0123ED4A72
S3150801276013602B88DFF8108401332B80F4F771F896
S315080127700025E94BCAF8140000F180414046CAF821
S315080127801C30CAF82480CAF81850F4F78FFEE34BB8
S31508012790CAE90A55CAE90C35E14BCAE90E55CAF820
S315080127A0483008F12C03CAF850302D238AF84050D6
S315080127B0CAF84450CAF85C5008F14408013B42463D
S315080127C008F1800840F0B5830EB1CAF85C500026BE
S315080127D0D44D4FF0010B05F27460C5F8606685F8B3
S315080127E06866C5F86C66C5F87066F4F768F8CE4B86
S315080127F03146C5F88836032385F896364FF44043A3
S315080128008C2205F2A460A5F894B6A5F89836C5F801
S315080128108C66C5F89066C5F89C66C5F8A06685F805
S31508012820306729F0E7FC05F5E963C5F8743705F55E
S31508012830EC63C5F88C3705F5EF63C5F8A43705F5DC
S31508012840F263C5F8443705F2AC73C5F8D43705F217
S31508012850C473C5F8EC3705F2DC73C5F8043805F618
S31508012860140005F2F473C5F8A837C5F83467C5F836
S315080128703867C5F83C67C5F84067C5F85C67C5F8A9
S31508012880BC6785F80C68F3F7D3FFF4F730FDA74B5F
S3150801289005F63C0905F50168A5F81C08C5F82038B0
S315080128A0484605F50263C5F82838C5F82C88C5F8E1
S315080128B03068F3F7BDFF9E4A05F66C00C5F8442853
S315080128C005F64402C5F84C289A4AC5F85098C5F841
S315080128D06828C5F85468C5F85868C5F85C68C5F825
S315080128E0606809F0A5F9944A944BC5F89028C5F88B
S315080128F06438934A934B3146C5F83428C5F8AC3841
S31508012900802205F6AC0305F6B800C5F8B438C5F853
S315080129109488C5F8388885F8A4B8C5F8A86829F050
S3150801292069FC05F63C1009F083F9874B05F6741026
S31508012930C5F8603905F63813C5F86439F3F778FF31
S31508012940824B05F68810C5F87C3905F67C13C5F85F
S3150801295084391FF0CCFF4FF4E163C5F8E4394FF42D
S31508012960E153C5F8F8397A4B05F52060C5F8FC3905
S3150801297085F8A86985F8D969C5F8DC69C5F8E069F3
S31508012980C5F8EC69C5F8F069C5F8F469F3F750FFBD
S3150801299005F6082009F04CF96E4B4FF0FF39C5F8DA
S315080129A02C3A05F6DC13C5F8303A6B4BC5F8546A70
S315080129B0C5F85C3A05F65C23C5F8643A674BDFF857
S315080129C0BC81C5F8683A05F66823C5F8703A072345
S315080129D085F8563A05F6E423C5F8303C05F614435E
S315080129E0C5F8E03A5E4BC5F8488AC5F85C3D05F678
S315080129F05C53C5F8643D5B4BC5F87C6AC5F870BD88
S31508012A0085F87CBAC5F8406AC5F8446AC5F8586AB3
S31508012A10C5F8746AC5F8786AC5F84C6AC5F8506A83
S31508012A20C5F8006BC5F8446DC5F8486DC5F84C9DE9
S31508012A30C5F8509DC5F8549DC5F8589DC5F8686DEB
S31508012A40C5F86C6DC5F8746DC5F8883D05F68853EB
S31508012A50C5F8903D444B05F6A850C5F89C3D05F6CA
S31508012A609C53C5F8A43DC5F8946DC5F8986DC5F88D
S31508012A70789DC5F87C9DC5F8809DC5F8849DF3F7BA
S31508012A80D7FE08F1150105F6A850F7F721FA3749D7
S31508012A9005F55B6085F8B06D85F8C16DF7F727FD1B
S31508012AA01FF092FB324905F6C150F7F720FD05F5EF
S31508012AB05E6085F8D66DC5F8DC6D20F015FA05F56A
S31508012AC05F6020F011FA4FF01C73C5F8103E294BD0
S31508012AD005F62860C5F8183E05F61863C5F8203EC0
S31508012AE0C5F8046EC5F8086EC5F80C6EA5F8146E1F
S31508012AF020F0FAF905F63C60C5F8386E09F0B6FA21
S31508012B0095F8403E05F6DC6B66F3000385F8403E12
S31508012B1036E000BF2C44002067770008C7C30008C9
S31508012B20C1740008E82D002035720008ED7A000806
S31508012B30D77B0008F166000839B50008175C02085A
S31508012B402D110208DDAD0108C9BD00085FBC0008EA
S31508012B500075120015B8010803E1010839AD01082D
S31508012B6063A900086DA90008D1670008C50604080D
S31508012B70D0060408A5C70108041E00206C11040824
S31508012B800EF050FE4FF0004310210EA8C5F8D83DAF
S31508012B90C5F8243E0EF099FF0EA9324605F6D8501F
S31508012BA009F064FEC5F8006EC5F8486EF4F79FFB98
S31508012BB085F84C0EF4F79BFBE04B0B22C5F8503E0B
S31508012BC0DF4B85F84D0EC5F8543E0F2385F8603E58
S31508012BD0D5F8683E05F6A46003F0FC03C5F8683E1F
S31508012BE0FB23A5F87C3ED74B85F8582E85F86C2E25
S31508012BF0C5F8943E85F84E6EA5F85A6EC5F85C6E12
S31508012C00C5F8706EC5F8746EC5F89C6EC5F8A06EE9
S31508012C1020F06AF905F6B46020F066F905F6C46095
S31508012C2020F062F9C84B05F57068C5F8DC3EC74B5C
S31508012C3005F68660C5F8003F4FF6FE73C5F8E4BE93
S31508012C40A5F8823EA5F8843EC5F8088FA5F8FC9E2E
S31508012C50A5F87E6E85F8806EF3F7EAFDB5F88E3E27
S31508012C6005F6A46003F0FE0343F4FE4343F00103B3
S31508012C70A5F88E3EC5F8906E85F8D96EF6F784FAF2
S31508012C8005F6B460F6F780FA05F6C460F6F77CFA3D
S31508012C905846C5F8D46E85F8D86EF5F725F8404636
S31508012CA0A5F8EC6EA5F8E86E85F8EA6EC5F8F06E3B
S31508012CB0C5F8F46EC5F8F86EF5F716F8D5F8943E2A
S31508012CC005F6B470C5F80C3FA14BC5F8146FC5F8E5
S31508012CD0103FA04BC5F8AC6FC5F8183F05F6187339
S31508012CE0C5F8203FA5F8B26F20F0FEF80EA8F6F752
S31508012CF077FA9DF8383005F57B6023F0010343F038
S31508012D0002038DF83830F5F741FE8822314605F67B
S31508012D10247029F06FFA95F8483E43F0010385F8C7
S31508012D20483E95F87E3E0BB91BF076F98A4809F0BC
S31508012D3053FCB5F8501E8948F5F774FD88480EA965
S31508012D40F6F7C8FAB5F8821E8548F6F7B6FA0022EC
S31508012D5084498548F6F721FAF4F7C9FA0026A5F851
S31508012D60C40F8248F3F7ABFD8148F3F761FD3B7A5F
S31508012D70804823F00F033B727F4BA5F8E86FC7E93C
S31508012D800336C5F8EC6F85F8F86FBE707E6001F002
S31508012D90E1FC4FF4FA63C7E90A36784B4FF0406213
S31508012DA07B64B7F850304FF47A7103F08003A7F8C3
S31508012DB050306FF00113C7E91623F023C7E918133A
S31508012DC06423DFF8E091C7E90C6609F18000C7E9D9
S31508012DD00E667E623E64BB66C7F8AC60C7F8C06023
S31508012DE0C7F84C90F3F724FD654B09F19400C7F831
S31508012DF0CC3009F18803C7F8D43008F019FF614AC5
S31508012E004FF0FF0BC7F8642109F59072C7F86C21DA
S31508012E104FF0AF62C7F880215B4A5C4B314609F136
S31508012E201408C7F8E82109F5A47009F5D272C7F89C
S31508012E30FC30C7F8F021C7E95E66C7F86061C7F8D4
S31508012E40B861C7F8D061C7F8008109F0B1FF09F583
S31508012E50A47087F8C7B187F8C8B10AF04BF84C4A8D
S31508012E603146C7F8002209F5DE72C7F80822494A31
S31508012E7009F13C00C7F81C2209F5EC72C7F82422AF
S31508012E80454AC7E97E66C7F8382209F5FA72C7F8CE
S31508012E90402287F8F461A7F80C62A7F8146287F84C
S31508012EA0286209F085FF09F1340087F8BBB087F875
S31508012EB0BCB0F3F7BDFC09F13C00F7F753FF314607
S31508012EC009F13C0009F074FF404687F8BBB087F862
S31508012ED0BCB009F0F3FD09F5037008F0F5FAD7F867
S31508012EE06032A9F5DF719B0C9B0443F4403343F030
S31508012EF04003C7F8603248F2FE0309F50570C7E9D1
S31508012F009436F8F7F0FA09F5097008F0DDFAD7F8FA
S31508012F107832224A09F50B701A40214B1343C7F838
S31508012F207832F6F75DF9064600283DD0FEE701231B
S31508012F3015E448F8805C012615463FE4FFFF0B0BB4
S31508012F4000F8FF07D84E0020417C0008B996000812
S31508012F503B6700083F670008C03B0020303C002063
S31508012F60643C0020891104089C3D0020B43D0020E2
S31508012F70C83D0020FC3D002015AF01083767000851
S31508012F80B5B301080DDB0108B105020841EC0108DA
S31508012F90A9DA01087DDB010849020208000080FE62
S31508012FA040001F012C3E002009F50F7008F08CFA2D
S31508012FB04FF0FE084FF07F43C7E9A238D7F89032A1
S31508012FC009F5157003F07E41DD4B0B43C7F89032C6
S31508012FD0F3F775FC43F2FF23A7F898324FF4807391
S31508012FE009F51A70A7F8A632F3F769FC43F2FF311F
S31508012FF04FF4807309F50170A7F8AC12A7F8BA3235
S31508013000F3F716FCCF481BF071FFCF4BC7E9B06643
S31508013010C7E9B236CD4BC7F8E062C7F8D03209F531
S315080130202373C7E9B63697F82E3387F8E46223F097
S31508013030030387F82E3309F53E73C7F83433A7F827
S31508013040EC6287F8398387F83A64F4F750F987F818
S315080130503B03F4F74CF987F83A034FF4007087F805
S3150801306038631FF051F8C7F84064C7F84464C7F8D5
S315080130704864F4F73CF94FF6FE73A7F8583497F805
S315080130807E34A7F84C0466F3000387F87E34B04B08
S3150801309009F58D60C7F88434B7F89C34C7F85064CD
S315080130A003EA0803A7F89C34C7F8546487F87464DC
S315080130B0C7F87864A7F87C64C7F8886487F89E64BB
S315080130C0C7F8A064C7F8C46408F0FEF997F8BE34D7
S315080130D009F58C6023F07E0343F0760387F8BE3446
S315080130E087F8BD64F3F7A4FB8123A7F8CA34994B83
S315080130F009F28440C7F8D03409F28C43C7F8D834AA
S31508013100BE23A7F8C83408F0F7FD934B934AC7F8CE
S31508013110EC3409F59563C7F8F4344FF6FF73C7F82D
S31508013120102509F2CC42C7F818258D4AA7F80C359F
S31508013130C7F84025C7F8D03509F2FC42894BC7F8CC
S31508013140482509F5A562C7F87C25C7F8DC3509F5D0
S31508013150A76209F5B363C7F86825C7F8DC64C7F839
S31508013160E064C7F8E464C7F8E8B4C7F80865C7F8BF
S315080131702C65C7F83065C7F83465C7F83865C7F8E8
S315080131803C65C7F84C65C7F85065C7F85465C7F874
S315080131905865C7F85C65C7F86065C7F86C65C7F810
S315080131A0C865C7F8CC65C7F8D465C7F8D865C7F840
S315080131B0E435D5F890166C4B0A46C7F8E83509F593
S315080131C0A963C7F8EC35C7F8F06509F2A453002AD4
S315080131D040F03382654AC2F8F015A2F58052C2F86A
S315080131E090360023FF22614DC5F8FC35C5F8F43544
S315080131F0C5F8F835C5F81C36C5F82036C5F824369D
S31508013200C5F82836C5F82C36A5F834364FF4FA73BE
S31508013210C5F80026564AA5F8FC35C5F8042605F270
S315080132200462C5F80C26534AC5F8102605F5C2628C
S31508013230C5F81826504AC5F83026F4F758F8012378
S315080132404E4A85F83836D2F83836C5F83C064C4821
S315080132500133C2F8383690F8343013B9494911F0B8
S3150801326039F94948F6F716FC4848F6F713FC0023DE
S315080132708DF82C30012308200EAA0BA9ADF8383099
S315080132801AF0EEFE18B99DF82C3085F89E340EA872
S315080132901AF092FF0246002840F0C2800F993C4876
S315080132A009F03EFA3B4B109AC3F8042E119AC3F85B
S315080132B0002EC3F8D42EB3F87C3E9B060AD5EFF34D
S315080132C01183302181F3118833494A6083F31188C8
S315080132D0BFF36F8F9DF8393023F0020343F00403DF
S315080132E085F85B30BDF85C30052B40F099809DF878
S315080132F0383085F85A30023B022B00F29180BDF82E
S315080133003A10C1F3080333B12448F5F7D6FFBDF8DF
S315080133103A30A5F85C30214813A9F5F7DBFFDDE95A
S3150801332015014FF6FE7205F51C7383E80300BDF817
S315080133303A30934274D0C3F30803002B6AD02FE0C6
S3150801334040009F01991104083BAD0108A1AE01088F
S3150801335079E5010825BD01088FAE01089BB401086E
S31508013360ADE70108096202084B110208E83D002091
S3150801337099AE010801770008EDBC010860490020F3
S31508013380A8480020CC6200202C3B0020583B002096
S31508013390C03B0020E82D002008590020643C00208D
S315080133A00023CDE90B330223ADF834300A230BAFE2
S315080133B03946042007AAADF81C301AF051FE814699
S315080133C070BBDFF89C834046F7F7CCFC494640467C
S315080133D009F0EEFC97E80300FF2385F8BB3085F872
S315080133E0BC303B8988E80300A5F8A03095F89E30E3
S315080133F0012143F0F00385F89E30BDF83A30404686
S3150801340003F47C43A5F89C3009F0D2FCB5F89C304E
S31508013410A5F85E3095F8583043F0040385F858301E
S315080134200027B04BB04D1F80B04B38221F80B04BE0
S3150801343039461F80AF4B05F14C00C4F84836AE4BF0
S31508013440C4F83CA6C4F8683605F12003C4F87036FA
S315080134500123C4F84CA6C4F850A6C4F878A6C4F843
S3150801346080A6C4F888A684F89036A4F84076C4F8ED
S315080134705456A4F86476C4F87456C4F87C56C4F84D
S315080134808456C4F88C5628F0B5FE9C4B9C4A9D4937
S31508013490C3F8402A05F19402C3F8442A94F8F03691
S315080134A0994A23F0070384F8F03694F8FC3605F1B7
S315080134B0080067F30003C4F8CCA6C4F8D4A6C4F878
S315080134C0DCA6C4F8E8A6C4F8F4A684F8FC36C4F861
S315080134D05876C4F8D056C5E90577C4F8D856C4F85D
S315080134E0E05684F8E476C4F8EC56C4F8F85601F0C8
S315080134F017FBB4F8B030854AB3F5406F4FEA13218C
S31508013500DFF860A238BF02EB81028148C4F8005790
S31508013510F3F77DF9BAF8B0107E4B0A0A03EB82037A
S31508013520D3F8C033CAB203EB82027B48F3F76FF9CB
S315080135300123BAF8B020120A934040F2A17213424D
S3150801354078D0764BD3E90D21570748BF0024D3E934
S31508013550120B4CBF27461F6DD3F83C9058BF704CD1
S31508013560704B5DBF83468946DFF8FC81DFF8FC8135
S3150801357012F0080F6C4918BF1946E51B1FBF6422D4
S315080135806B0802FB0B33B3FBF5F31ABF9BB21E465E
S315080135902E463B4642466548CDE90049ADB2F3F7AA
S315080135A036F943463246624800951FFA8BF1F3F71E
S315080135B02EF94C4501D34F4503D941465D48F3F7EA
S315080135C026F9564CD4E917231343626E134339D1AE
S315080135D05948F3F71CF940F60522BAF8B030934278
S315080135E00ED8B3F5206F4AD840F20252934254D00E
S315080135F040F20172934258D040F20152934248D0A8
S315080136000024FC2221460FA80E94264628F0F2FD36
S31508013610DFF85CB1414FDFF85C81DFF85C91DFF8D8
S315080136205CA19BF80030002B40F0208114B10EA854
S31508013630F3F7EDF84FB0BDE8F08F9A423FF4D1ADFC
S315080136409268C4E53D48F3F7E2F8A04600274FF033
S31508013650010BDFF82C910025D8F85C200BFA05F34D
S31508013660134203D048467919F3F7D1F80135202DCD
S31508013670F2D12037602F08F10408ECD1ABE7A3F6A5
S315080136800223032B17D8DFE813F07D00A800D60024
S31508013690EF002B48F3F7BBF8B2E72A48F3F7B7F878
S315080136A0216C2948F3F7B3F8AAE72848D4E9251283
S315080136B0F3F7ADF8A4E72648F3F7A9F894F86C30C0
S315080136C09E0702D52348F3F7A2F894F86F305D06F2
S315080136D002D52148F3F79BF894F96F30002B8FDA5E
S315080136E01E48D7E70C190020A84F00200A19002008
S315080136F00819002065460108155C0108E82D002017
S31508013700B788010879E103085CF70308141004086F
S31508013710DE060408E40D0408F4060408C061002066
S3150801372008180020C9060408BD0604081407040879
S31508013730450704087E0704089C070408B10704081E
S31508013740E00704081D0804084D080408670804086A
S31508013750820804089A080408D40804080709040812
S31508013760683E002060490020D9060408B506040809
S3150801377044100408D2E403084D160408540A040840
S3150801378031DF03084B48F3F742F894F86830980795
S3150801379003D0216C4848F3F73AF894F96830002BBE
S315080137A003DA616F4548F3F732F80125444FDFF82C
S315080137B01C81029BA26E05FA03F3134207D0029BF2
S315080137C057F823100B7813B14046F3F720F8029BFC
S315080137D00133082B0293ECD112E73A48F3F717F8AD
S315080137E0216C3548F3F713F894F86930590702D56F
S315080137F03548F3F70CF894F96930002B03DA616F51
S315080138002E48F3F704F808252D4E304FA36EEB40EA
S31508013810DA0706D556F825100B7813B13846F2F7AC
S31508013820F6FF0135102DF1D194F86830002B7FF49D
S31508013830E7AE27482EE72748F2F7E9FF216C1E482D
S31508013840F2F7E5FF10251E4E204FA36EEB40DB076E
S3150801385006D556F825100B7813B13846F2F7D7FF77
S3150801386001351A2DF1D1CBE61B4817E706F00302FD
S31508013870032A14BF43464B46019357F8043B0EA847
S31508013880009352465B464FF48071204421F074F848
S315080138901BF8013B002BFBD1721C12F00305D6B2B3
S315080138A003D02044C5B22C46BBE60EA8F2F7AFFFFB
S315080138B0F9E700BF430904084D0804086809040824
S315080138C0D41104088D090408A40904088509040803
S315080138D0EA0904081A0A0408330A04080348044BC7
S315080138E0834202D0034B03B1184770471064002086
S315080138F01064002000000000064B0749C91A891008
S3150801390048BF0131491003D0044B0BB10148184790
S31508013910704700BF106400201064002000000000FA
S3150801392010B5064C237843B9FFF7D8FF044B13B1FA
S315080139300448AFF300800123237010BD8A6100207B
S3150801394000000000A496040808B5054B1BB10549FB
S315080139500548AFF30080BDE80840FFF7CDBF00BFBB
S3150801396000000000F0580020A4960408A3F5803A48
S31508013970704700BF174B002B08BF134B9D46FFF737
S31508013980F5FF00218B460F461348144A121A28F0F0
S3150801399031FC0E4B002B00D098470D4B002B00D065
S315080139A098470020002104000D000D48002802D088
S315080139B00C48AFF3008020F071FE2000290017F0B3
S315080139C0B1FB20F059FE00BF00000800000000000E
S315080139D0000000000818002008180020C061002017
S315080139E0000000000000000000F50050B0F8CA040D
S315080139F0704708B5FF220021024828F0FBFB00208A
S31508013A0008BD00BF0818002070B506680D46304687
S31508013A1007491FF08FF9044620B9304605491FF0BA
S31508013A2089F910B100202C7070BD2320FCE700BF76
S31508013A30C0DC0308C7DC03080B68181D0860186892
S31508013A4002F141011FF08CBB0B4610B50C49044627
S31508013A5018681FF06FF90246A36803F5075034305A
S31508013A602AB1BDE810400022114609F053B9224691
S31508013A70044909F04FF9002808BF242010BD00BFEA
S31508013A80CFDC03081560010873B50C4606460DF12F
S31508013A900701206815461FF0ABFB28B963682BB9E7
S31508013AA09DF807103068A84702B070BD0720FBE7EC
S31508013AB000B5234B856893F8383689B093B100224F
S31508013AC04FF400331F21CDE90532079209221F2041
S31508013AD0CDE9031211468DE8030008AA12E9070089
S31508013AE010F020FB05F5EF5005F5EE54F5F74CFB04
S31508013AF004F16800F5F748FB1248F5F745FB12484B
S31508013B00F5F742FB1148F5F73FFB1148F5F73CFB82
S31508013B1010481FF00DF94FF002101FF009F90E4871
S31508013B201FF006F90D481FF003F90D481FF000F9BB
S31508013B300C481FF0FDF80C481FF0FAF80EF0D2FFFA
S31508013B40E83D00208C3C00209C3C0020AC3C002039
S31508013B509C3D00200100020003000200040002004F
S31508013B60050002000600020007000200024A096871
S31508013B7008301FF004BB00BF3362000830B50B687C
S31508013B8085B015461A1D0A60186869461FF008FBB4
S31508013B90044628B96B4603CBC5F84900C5F84D104C
S31508013BA0204605B030BD07B50B682032181D1B68C5
S31508013BB00860019310230DF10201ADF8023001A846
S31508013BC000230DF05FFD03B05DF804FB07B50B6834
S31508013BD05E32181D1B680860019310230DF102015E
S31508013BE0ADF8023001A800230DF04CFD03B05DF8D5
S31508013BF004FB73B50C4606460DF106012068154609
S31508013C001FF0E5FA28B963682BB9BDF806103068C4
S31508013C10A84702B070BD0720FBE70B68181D0860AE
S31508013C20186802F15A011FF0D2BA0B68181D08600C
S31508013C30186802F15C011FF0CABA0B68181D086002
S31508013C40186802F158011FF0C2BA0023F7B50C68CB
S31508013C5001930E46206801A917461FF0B8FA0546D2
S31508013C6058BB6168231D3360D1B1013911F8013F91
S31508013C70D3B9A06804F10803336088B10DF10301D3
S31508013C801FF0B6FA00286DD19DF803200C34072AD7
S31508013C90346011D89DF8073062F343038DF8073075
S31508013CA00198C7F86E0008E0722B05D8622B07D871
S31508013CB0432B41D0522B4ED00725284603B0F0BDE1
S31508013CC0633B0F2BF8D801A252F823F02F3D0108C8
S31508013CD0B93C0108433D0108B93C0108B93C010852
S31508013CE0B93C0108B93C0108B93C0108B93C0108CD
S31508013CF0B93C0108B93C01081B3D01080D3D010805
S31508013D004D3D0108B93C0108253D01089DF80630DD
S31508013D1043F001038DF80630A8E79DF8063043F015
S31508013D200203F7E79DF8063043F00403F2E79DF82E
S31508013D30063043F00803EDE79DF8063043F010031B
S31508013D40E8E79DF8063043F02003E3E79DF80630DF
S31508013D5043F04003DEE79DF8073043F001038DF891
S31508013D60073083E70546A8E737B50C4605460DF142
S31508013D70030120681FF03CFAC0B99DF803101F29FA
S31508013D8016D80123AA688B4002F58052D2F8542E20
S31508013D9013420DD0606801A90DF04AFC30B9019BA8
S31508013DA003F50043B3F5803F02D20C2003B030BDC2
S31508013DB00720FBE770B50E6805460C4630461149E3
S31508013DC01EF0B8FF38B1104A616805F10800BDE870
S31508013DD070401FF0B4B930460C491EF0ABFF08B16C
S31508013DE00B4AF1E730460B491EF0A4FF08B10A4A0F
S31508013DF0EAE7304609491EF09DFF08B1084AE3E79C
S31508013E00072070BD29ED0308E9620008D5DC03081F
S31508013E10F1620008DBDC0308F9620008E5DC030847
S31508013E200163000870B50C46096806461D461FF071
S31508013E3086F948B1216831B1636823B92B463068E0
S31508013E40BDE870401847072070BD024B024A08308A
S31508013E50E8E700BF61A5000889630008014B024A2B
S31508013E600830DFE71DA5000881630008F7B50D4690
S31508013E70096807461E461FF082F9044650B12868AC
S31508013E8001A90DF064FC044620B96B682BB90199A8
S31508013E903868B047204603B0F0BD0724FAE7024B5D
S31508013EA0024A0830E2E700BF6B660008796300083A
S31508013EB0014B024ADAE700BF276300081D630008C1
S31508013EC0014B024AD2E700BF536300084963000861
S31508013ED0014B024ACAE700BF1363000809630008D9
S31508013EE073B50C46064601A9206815460DF02FFC48
S31508013EF048B9636833B92B460199306802B0BDE801
S31508013F0070401847072002B070BD38B500F10804A3
S31508013F100D462046054A09681FF031F928B1294698
S31508013F202046BDE83840024ADAE738BD4B66000844
S31508013F30E58700080B68181D0860186802F1740106
S31508013F400DF005BC0B68181D0860186802F15401CC
S31508013F500DF0FDBB0968006828F0FBB9096800681F
S31508013F6028F0F7B90968006828F0F3B90968006804
S31508013F7028F0EFB90968006828F0EBB90968006804
S31508013F8028F0E7B90968006828F0E3B90968006804
S31508013F9028F0DFB910B514460B681A1D0A601868AF
S31508013FA021460DF0F1FA08B92081A07210BD10B5AD
S31508013FB014460B681A1D0A60186804F110010DF001
S31508013FC0E3FA08B92083A07610BD10B50C680B4634
S31508013FD0216849B104341C6002F13000F6F787FA0A
S31508013FE0182808BF002010BD0720FCE730B5136864
S31508013FF0E7B005460C460192BBB9254802A9F6F772
S31508014000DBFA80B9636820AAD35C5BB1E268A3686E
S31508014010511005EB6200D20748BF6A5802A948BF8A
S31508014020D3589847002067B030BD8822002102A8DE
S3150801403028F0E0F86069236910F0010F4FEA600083
S3150801404018BF2A5801A918BFD358284402AA984765
S315080140500028E8D10121636820AA0D4CD15425A86E
S315080140601EF01CFF214625A8F5F73BFC0028DAD1EE
S3150801407002A925A8F6F7E8F80028D4D19DF89251A7
S3150801408020462A4625A928F057F984F8FE50C9E79B
S315080140900818002070B50E6805460C4630461249C8
S315080140A01EF048FE40B12868104900F5EA50043070
S315080140B0BDE87040F5F700BD30460D491EF03AFEE1
S315080140C028B12868094900F5EB501030F0E7304669
S315080140D008491EF02FFE28B1201D0449BDE870408D
S315080140E019F09DBA072070BDAA0704080818002010
S315080140F0ECDC0308F4DC030838B50D6804460D4901
S3150801410028461EF017FE40B120680B4900F5EA5013
S315080141100430BDE83840F6F7E3BB284607491EF0E8
S3150801412009FE28B12068044900F5EB501030F0E784
S31508014130072038BDAA07040808180020ECDC030884
S3150801414030B50D46C1B004466946281D19F067FA0F
S3150801415060B92D680D4928461EF0ECFD40B1694647
S31508014160206800F5EA500430F6F7BAFB41B030BDD5
S31508014170284607491EF0DEFD28B12068694600F584
S31508014180EB501030F0E70720F0E700BFAA07040854
S31508014190ECDC03082DE9F0430E46E5B08822002140
S315080141A0054602A828F026F8FF22002124A828F0AF
S315080141B021F82D4F331D00930DF18008009B1B68D4
S315080141C0ABB93468294920461EF0B4FD00283CD114
S315080141D0204627491EF0AEFD002843D028689DF8E1
S315080141E08E3100F5EB5024AA02A9103035E001A85A
S315080141F0019319F0CFFD009C8146B8B14269D9F8FF
S315080142001030511005EB6200D20748BF6A5804F115
S315080142100404009448BFD358694602AA9847F0B9DE
S315080142200122D9F8043008F80320C7E7394620687F
S315080142301EF080FDB0B1201D24A9009019F0EFF9F8
S3150801424068B9009B04330093B8E728689DF88E3156
S3150801425000F5EA5024AA02A9043019F0B5F965B0A7
S31508014260BDE8F0830720FAE7BAF00308AA070408AD
S31508014270ECDC03082DE9F04FCDB004AD0F460D2255
S3150801428000210646284627F0B5FFFF2200210CA883
S3150801429027F0B0FF0024DFF8D080DFF8D09007F1CF
S315080142A0040BDBF800A0BAF1000F16D13F682C49C0
S315080142B038461EF03FFD00283ED030689DF82E3165
S315080142C00CB10DF1200A294600F5EA50CDF800A0F7
S315080142D00CAA0430F5F732FD23E003A8CDF80CA0AB
S315080142E019F058FD30B10122DA464368EA540AF159
S315080142F0040BD6E7DBF800A0414650461EF01AFD2E
S3150801430040B10BF1040A50460CA919F088F90028A6
S31508014310EDD006E0494650461EF00CFD044618B994
S3150801432007204DB0BDE8F08FDBF8040008A90BF1B2
S31508014330040A1EF035FFEAE738460A491EF0FAFC78
S315080143400028EDD030689DF82E310CB10DF1200A08
S3150801435000F5EB502946CDF800A00CAA1030B9E7B4
S31508014360AA070408ECDC0308BAF003089B0A040848
S31508014370F0B50D46064689B0324928681EF0DAFCC2
S31508014380B8B100270435286804A91EF009FF0446B8
S3150801439060B96C682C4920461EF0CCFC58B16846B9
S315080143A005F108011CF06AFC0446C0B1204609B0B3
S315080143B0F0BD0127E7E7204624491EF0BBFC08B9F2
S315080143C00724F3E7A8680DF103011EF011FF04465F
S315080143D005460028EAD133689DF8034001E06D4699
S315080143E033681B4A03F50053C3F84C25C3F85065D7
S315080143F001A904A819F086F808B10446D6E702907F
S31508014400ADF80C008DF8084035B128460DF10901C3
S3150801441008F05AFA8DF80D001CB19DF80D30002BE5
S31508014420CED101220B4902AB04A81AF065FC044659
S315080144300028BBD1002FB9D0337A242443F00103D5
S315080144403372B3E7CFDC0308F9DC030800DD0308A0
S315080144508D79010890F6030830B50C4687B00546F4
S3150801446001A920681EF09CFE70B9606805A91EF0B6
S31508014470AEFE48B9A3684BB92B68024603F5CE5080
S3150801448001A91C3009F00BF907B030BD0720FBE77D
S3150801449010B50C684CB90068224600F5CE501C30A0
S315080144A0214607F08FFB204610BD0720FCE770B5B3
S315080144B00E6805460C4686B0304619491EF03AFC88
S315080144C0D0B100260434206801A91EF069FE88B916
S315080144D0606805A91EF07BFE60B9A368F3B9286870
S315080144E085F8406000F5B45001AA05F10C011830B1
S315080144F007F0FEFA06B070BD30460A491EF01AFCEE
S3150801450010B103260434DEE7304607491EF012FCD3
S3150801451010B101260434D6E70226D4E70720E9E7D5
S3150801452008DD03080BDD03080EDD0308014651F813
S315080145300C0B00F5B450183007F018BBF8B5054652
S3150801454055F80C6B044606F5B55729463846F2F771
S3150801455073F9B0B9284607F06BFB012384F840309C
S31508014560094B29463846C4E90C34F2F765F930B9DE
S3150801457006F58056D6F8A036E363C6F8A05600209D
S31508014580F8BD1820FCE700BFA18901082DE9F04113
S31508014590804608680F4616461D4688B008B3114678
S315080145A01EF0FEFD002304462B7098B1396891B1BF
S315080145B001A819F0FFFB70B908F50C5002A93430AF
S315080145C00BF069FD58B9304601AA02A9F8F774FA41
S315080145D001232B700024204608B0BDE8F0810D2484
S315080145E0F9E70724F7E770B5114CB4F80031EBB9D0
S315080145F0B4F80461B4F80251C6F580639D42C8BF98
S315080146009DB2A4F800518DB194F806310BB10DF0A5
S3150801461066FAD4F80C314BB106492A46D4F8080192
S315080146203144984710B9012384F8063170BD00BF9B
S31508014630081800202C190020094BB3F80011B3F80B
S3150801464004210A44C2F30902A3F80421B3F802219A
S31508014650521AA3F802210022A3F80021C3E700BFDA
S31508014660081800202DE9F3412D4D0F46B5F80281B2
S31508014670134605F59270B8F1000F14D10A464FF4A6
S31508014680806120F06BF9B0F5806F044607D2A5F872
S315080146900481A5F80201A5F80081FFF7A4FF2046C9
S315080146A002B0BDE8F081B5F804610192B044C8F3DF
S315080146B0090846458CBFA6EB0806C8F58066B6B25A
S315080146C00A464044314620F049F9041EE5DBA64274
S315080146D005DDB5F802312344A5F80231DDE7B4F565
S315080146E0806FDADAB5F8023123B1FFF77CFF0DF0F6
S315080146F0F6F948B13A464FF48061019B094820F022
S315080147002DF9041E03DCFEE7FFF796FFEAE700230F
S31508014710A5F80241A5F80431A5F80031BDE700BFA7
S31508014720081800202C190020084B03F22452D2E85D
S31508014730AF2FD20707D493F8242522B9C3F8282521
S31508014740012283F824250248704700BF0818002073
S31508014750301D00201022002127F04CBD70B5144DE4
S3150801476005F22C53D3E8AF4F14F0010416D195F88E
S315080147702C359BB9C5F8304505F234563019103435
S31508014780FFF7E8FFA02CF9D10B220A4B013A19468B
S3150801479003F1100304D1012385F82C35064870BDB1
S315080147A0D5F8300543F8100CC5F83015EEE700BF0B
S315080147B0081800203C1D0020381D00202DE9F04175
S315080147C015468846E9070746C5F34002C5F380033F
S315080147D0C5F3C0060AD44AB943B93EB9FFF7A4FFDF
S315080147E00268144664B91720BDE8F081FFF79CFFFB
S315080147F0046884B9FFF7B2FF04688CB90320F3E7AC
S31508014800E188B9421FD026462468EBE73268FAB137
S31508014810126832601CE0E388BB420BD02468E8E7E3
S31508014820236803602046FFF795FFFFF77DFF0368BE
S31508014830236004602571E780D8F80030A360D8F8B2
S315080148400430E36009E0002EE0D10AB11368036081
S31508014850FFF784FF0368236004600020C4E71FB5DF
S3150801486000230C4601A98DF80C30F4F7EDFC02463D
S3150801487038B99DF80C30012B06D0022B09D003B9A3
S315080148802072104604B010BD2372BDF8043023808F
S31508014890F7E7237201AB03CB20606160F1E70023E0
S315080148A0037070472DE9F04F0F4605468DB09049C4
S315080148B038681EF03FFA002872D000260437386897
S315080148C008A91EF06DFC0446002865D102A8FFF769
S315080148D0E6FFD7F80490874948461EF02BFA80462A
S315080148E0002800F09D8003A8FFF7D9FF04A9B8683E
S315080148F01EF07EFC044600284ED1FA68002A58D0DC
S31508014900511E11F8013F002B4CD1002C77D0984647
S315080149102A689DF810A09DF80890774902F500527B
S31508014920C9F38003C2F85415C2F8585505A908A851
S31508014930019318F0E7FDC9F3000BC9F340070446D4
S31508014940C9F3C00940BB019BBAF1000F31D003225C
S315080149507F0047EA830747EA0B0747EAC9078DF845
S3150801496018208DF81AA08DF81B70B8F1000F04D025
S31508014970404607A907F0A8FF0446023406A908A875
S315080149808DF819401AF08EF9044628B926B124245F
S315080149902B7A43F002032B7220460DB0BDE8F08F47
S315080149A001268CE7642B16D005D8582B1DD0612B10
S315080149B016D00724F0E76C2B06D0722BF9D19DF897
S315080149C0083043F0040303E09DF8083043F001037F
S315080149D08DF8083095E79DF8083043F00203F7E7AC
S315080149E09DF8083043F00803F2E78A42E1D153788B
S315080149F0002BDED13B69002BDBD1444681E707F169
S31508014A00100103A81CF03AF904460028C4D17B69B1
S31508014A10002BCED12A689DF810A00DF10C087AE773
S31508014A20484636491EF086F90028C2D0D7F80880CC
S31508014A30334940461EF07EF9002833D140463149B4
S31508014A401EF078F9002851D007F10C0103A81CF0D3
S31508014A5015F9002848D1012403AF2B682A4A03F522
S31508014A600053C3F85425294AC3F85855C3F85C2599
S31508014A70C3F8605505A908A818F044FDA0BB9CB960
S31508014A80A7BB07238DF81A708DF81830012306A9DC
S31508014A9008A88DF819301AF005F90022059B83F844
S31508014AA030201AE02746D8E740F20713ADF8183048
S31508014AB00123059C8DF81A30002FE7D00DF11B0153
S31508014AC0384607F001FF01308DF8190006A908A834
S31508014AD01AF0E8F83B7884F8303028B926B1242052
S31508014AE02B7A43F004032B72044655E70720FBE7AC
S31508014AF0CFDC030800DD03087D7A010811DD030810
S31508014B001EDD030824DD0308A37A0108017A0108DA
S31508014B10436810B4D3E9004023465DF8044B1847AF
S31508014B200EB403B503AA52F8041B0192FFF7F0FF6E
S31508014B3002B05DF804EB03B070470149F0E700BF26
S31508014B402DDD03082DE9F041D1F8008004460D4614
S31508014B50404621491EF0EEF8074638B11F4A291D7D
S31508014B6004F10800BDE8F041FFF743B840461C4987
S31508014B701EF0E0F8064670B11A4968681EF0DAF8C0
S31508014B8038B1A36803F5805383F8D67D0020BDE8C4
S31508014B90F081154AE3E7404614491EF0CBF8C8B13F
S31508014BA054F8085FDFF8488005F5805393F8D67DF9
S31508014BB005F5EE551035F3B29F4203D82046FFF7A7
S31508014BC0BCFFE3E74146204635F8022FFFF7A8FF69
S31508014BD00136F0E72320DAE730DD03083D620008F5
S31508014BE034DD03083BDD0308816200083FDD030865
S31508014BF0DBE6030873B50D460446028843881F4958
S31508014C002846FFF78DFF22889AB1237B8BB96388E3
S31508014C109A420ED34FF47A71D31A4B430A2193FB66
S31508014C20F2F3B3FBF1F2284601FB12331449FFF7FD
S31508014C3077FF6288A2B14FF47A7660680023A0FBF9
S31508014C40060127F047F9B0FBF6F306FB1300628964
S31508014C5000900192284622890A499BB2FFF760FF14
S31508014C602846FFF76AFF287A10F0010004D102B03E
S31508014C70BDE8704018F09EBC02B070BD43DD030864
S31508014C8070DD030889DD0308F8B506460C46064FAC
S31508014C908D18AC4200D1F8BD3946304614F8012BBF
S31508014CA0FFF73EFFF5E700BF51E6030810B50446D6
S31508014CB0FFF7EAFF2046BDE810403EE710B50B684E
S31508014CC0044686B07BB954F8080F02A900F5EE50E0
S31508014CD0183009F069FF1022204602A9FFF7E6FFFE
S31508014CE0002006B010BD0193102302AAADF80230C8
S31508014CF00DF10201002301A80CF0C4FC0028F0D133
S31508014D00A46804F5005393F8593083B904F5EE50B5
S31508014D1002A9183009F063FF04F5EA500430F4F7E4
S31508014D20E9FE04F5EB501030F4F7E4FED8E70D2060
S31508014D30D7E70822BAE737B50C68054654B9684675
S31508014D4018F0D0FC05F108006946FFF7F2FF204686
S31508014D5003B030BD0720FBE737B50C6805464CB9EB
S31508014D6050F8081F01F5F4510631FFF7E2FF204616
S31508014D7003B030BD204669461EF0F2F90446002804
S31508014D80F5D1AD6805F5005393F859405CB905F5B9
S31508014D90F35069461C30F4F79DFA05F501501830B1
S31508014DA007F042FFE3E70D24E1E737B50C6805464E
S31508014DB04CB950F8081F01F5ED510831FFF7B9FF55
S31508014DC0204603B030BD204669461EF0C9F904469F
S31508014DD00028F5D1AD6805F5005393F8594084B913
S31508014DE005F5ED5069460830F5F772F805F5EA500C
S31508014DF00430F4F77FFE05F5EB501030F4F77AFE30
S31508014E00DEE70D24DCE7413193E7102220314DE737
S31508014E1010225E314AE710B50C6834B9044991F895
S31508014E20FE20FFF743FF204610BD0720FCE700BF21
S31508014E3008180020FF2330B5C3B005468DF80730A2
S31508014E4099B900680DF1070300F50C5002AA343030
S31508014E5008F081FA044628B928469DF8072002A9D0
S31508014E60FFF724FF204643B030BD0C24FAE7F0B51E
S31508014E701C46002387B08DF8143052EA040306460F
S31508014E8015460ED130230DF113078DF81330304630
S31508014E903A460D49FFF744FE304607B0BDE8F040F3
S31508014EA04BE605AF284621460A22002327F012F8C9
S31508014EB0303207F8012D2A4623460A2A73F10003E0
S31508014EC005460C46EED2E2E779E10308D1E900236B
S31508014ED0CDE7D1E90423CAE74FF4201330B58DB0E5
S31508014EE0044601930023084602AD694608228DF857
S31508014EF008300095F7F7F6F82A4620460249FFF7E3
S31508014F000FFE0DB030BD00BF79E103082DE9F04F62
S31508014F1040231446EBB007460D46ADF86830606885
S31508014F20FF232AAA1AA9F6F703F8002840F0818078
S31508014F30384641492AAAFFF7F3FD002D73D1A84641
S31508014F40AB4606AE402361681AA83381C6E900B1AB
S31508014F50F5F72AFD9DF868301FFA88F9012B02D06A
S31508014F60217F002951D0206814A900F50C5034304E
S31508014F700BF091F8002853D196E807009DF868A030
S31508014F8009AB83E80700A268BAF1010C18BF4FF014
S31508014F90010C002A44D01A4661462046F6F714FA4F
S31508014FA000283DD10E21BAF1010F0BBF228A228BAF
S31508014FB0ADF81220ADF812200CBF628A628B0391FC
S31508014FC0012109ABCDE900310DF1300ACDF808A070
S31508014FD04B46A0680DF11201F6F73EF900BB0DF13B
S31508014FE03A0214A910A8F7F767FD0D98F1F7AFFC77
S31508014FF00590384610A9FFF76FFF3846059A0F49FD
S31508015000FFF78EFD08F101089CE705AB019310AB8C
S31508015010009332464B462046F6F70FFA0028E8D0A9
S315080150203846FFF78AFD284618F0C4FA6BB0BDE882
S31508015030F08F0546F7E700BFB5DD0308CCDD0308A9
S3150801504013460A460146184660E710B50446FFF7B7
S3150801505043FF2046BDE810406FE52DE9F0470D46B0
S315080150600446734928688AB01DF064FE074600B1F4
S3150801507004352E6876BBA3686E4E03F58053D3F8C4
S315080150803457DFF8C88106F1FF390DB900263FE02C
S3150801509004F1080A29465046FFF71EFFAFB16B7C9B
S315080150A0A97C032B98BF09EB8303C1F3400198BF81
S315080150B0DA682B7C0191A97C88BF324601F001018F
S315080150C0009150464146FFF72BFD5046FFF735FD47
S315080150D06D69DAE7304658491DF02CFE00286AD07A
S315080150E0686804A91EF05CF8064688B9089BA46896
S315080150F09B0C9B0443F4403343F4507308939DF887
S31508015100103004F5B958FF2B08F1140804D1072605
S3150801511030460AB0BDE8F087404604AA03A9F7F766
S315080151200AF9E8B104F5BA5308339842EFD304F5FE
S31508015130BD540834A042EAD2402303749DF82130B5
S3150801514043749DF82220837C62F3000383749DF8DF
S315080151502230827CC3F3400363F341028274D7E7AA
S3150801516048F2FE02BDF8103023F47C539BB29342F9
S31508015170CDD004F58054D4F84477D7B1BC467B69C1
S3150801518004ADC4F844370FCDACE80F0095E8030029
S315080151908CE803007B8A3A4623F460737B82D4F851
S315080151A0343701217B614046C4F83477F7F70DF8A7
S315080151B0AEE70326ACE7304620491DF0BBFD78B1C2
S315080151C0686804A91DF0ECFF06460028A0D1A0686E
S315080151D004A900F5B9501430F7F7BFF8064697E762
S315080151E0304617491DF0A6FD40B1204650F8081F64
S315080151F001F509511031FFF728FF47E730461149F4
S315080152001DF098FD28B1204650F8081F01F50A51EE
S31508015210F1E730460C491DF08DFD30B1204650F8B6
S31508015220081F01F509512831E5E7232670E700BF74
S315080152309DF0030891F6030830DD0308D7DC03085F
S31508015240FFDD030809DE03080EDE0308D6DD0308C1
S31508015250F0B50E6805460C4693B0304682491DF0F6
S3150801526069FD78B1D5F8AC4004F517501C3004F542
S315080152700054F2F792FAB4F8D8350133A4F8D835C0
S315080152800020D0E0304679491DF054FD064600B1AC
S31508015290043400213C2203A826F0ACFF7449206897
S315080152A01DF048FD90B1606803A91DF079FF00283B
S315080152B040F0B980D5F8AC0003A900F5B95014300F
S315080152C0F7F776F808B90720ADE008346949206888
S315080152D01DF030FD18B1012304348DF84430214600
S315080152E0D5F8AC000DF1070307AAFFF74FF9002817
S315080152F040F099809DF8073005F1AC073BB1384677
S315080153005D49FFF70DFC384607A9FFF79EFE606861
S31508015310002840F08280A068002840F08680E06876
S31508015320002840F08A802069002840F08D80606955
S3150801533050B102A91DF0B0FA002874D1029BB3F549
S31508015340803FC0D2ADF84030A369002BBBD14B4B8F
S315080153500B934B4BCDE90C37D5F8AC7007F5165EB8
S3150801536007F50057D7F8E4250EF10C0E0EF1500398
S315080153709A4277D107F28C5C03AC0FCCACE80F00EC
S315080153800FCCACE80F000FCCACE80F0094E807008F
S315080153908CE80700B7F8B83513B90823A7F8B83564
S315080153A0B7F8BA3513B90123A7F8BA35D7F8BC3512
S315080153B01BB94FF47A73C7F8BC35B7F8C0351BB9B2
S315080153C040F6B833A7F8C035D7F8BC35002BFFF639
S315080153D07AAF0023C7F8C835C7F8CC354FF6FF733F
S315080153E0C7F8D03597F89C357046A3F1FF025342AA
S315080153F0534187F8D435B7F8D8350133A7F8D835E6
S3150801540010F068FE95F8B43066F3000385F8B430F9
S31508015410002E7FF435AF242005E00EA91DF0D7FE36
S3150801542000283FF478AF13B0F0BD0DF13A011DF035
S31508015430CEFE00283FF473AFF5E70FA91DF02CFA4D
S3150801544000283FF470AFEEE70DF142011DF0D0FEE2
S315080154500028E8D19DF84230B3FA83F35B098DF849
S31508015460433064E70520DEE714DE0308CFDC0308D2
S3150801547019DE03081CDE03081FDE03086580010820
S31508015480F54B01082DE9F74315460E460746202236
S315080154900021286826F0AEFE33682BB92B6000245C
S315080154A0204603B0BDE8F08331462A6838680DF115
S315080154B00603FFF76BF804460028F1D19DF806307C
S315080154C03BB138463249FFF72BFB38462968FFF7C7
S315080154D0BCFD70680028E2D02F6807F110011DF0A5
S315080154E076FE04460028DBD1B0680028D7D007F13C
S315080154F014010CF02CF904460028D1D1F0680028D3
S31508015500CDD007F118011DF073FE04460028C7D156
S3150801551030690028C3D00DF107011DF003FE0446CA
S315080155200028BDD19DF80730D5F80080C3F10203E4
S3150801553088F819307769002FB1D0384615491DF01A
S31508015540F9FB40B9DFF85890384659F8041B1DF0A5
S31508015550F1FB70B1E4B288F81B40B469002C9ED007
S3150801556020460D491DF0E6FB40B102222B681A7749
S3150801557095E70134062CE7D1072491E72046074928
S315080155801DF0D8FB0028F7D001222B68EFE700BFF2
S3150801559042DE0308CC57040868DE03086CDE0308FC
S315080155A0ACF603082DE9F0419CB004AB03930B68F4
S315080155B007460E464BB303AA0431FFF763FF0446B9
S315080155C0F8B93D68DDF80C800CA805F5C9553668AB
S315080155D0F5F7C8FB05F16802414610A88DF8304079
S315080155E0F6F78CF90A4B1835CDE90D37072322460C
S315080155F00093284633460CA9F5F752FB041E08BF4B
S31508015600242420461CB0BDE8F0810724F9E700BF31
S31508015610415001082DE9F0419CB004AB03930B6896
S3150801562007460E4653B303AA0431FFF72BFF044678
S3150801563000BB0CA83D683668DDF80C80F5F792FBCF
S31508015640012305F5C95505F16802414610A88DF8EB
S315080156503030F6F753F90A4B1835CDE90D370723DC
S3150801566022460093284633460CA9F5F719FB041E72
S3150801567008BF242420461CB0BDE8F0810724F9E7B9
S31508015680415001082DE9F0419CB004AB03930B6826
S3150801569007460E4653B303AA0431FFF7F3FE044641
S315080156A000BB0CA83D683668DDF80C80F5F75AFB97
S315080156B0022305F5C95505F16802414610A88DF87A
S315080156C03030F6F71BF90A4B1835CDE90D370723A4
S315080156D022460093284633460CA9F5F7E1FA041E3B
S315080156E008BF242420461CB0BDE8F0810724F9E749
S315080156F07DA1010870B58CB004AB03934B680546D0
S315080157000C4616468BB103AA0831FFF7BBFE50B902
S31508015710039BCDE90053064B2868D4E90012B0472C
S31508015720002808BF24200CB070BD0720FBE700BF86
S31508015730B1A20108004ADDE723BA0008004AD9E701
S315080157403FBA00082DE9F0460C469DB0064604AB63
S3150801575020680DF10A0103931DF039FD70BBA3689A
S315080157607BB3304603AA04F10C01FFF78BFE28BB75
S31508015770D4E901740CA83568BDF80AA0DDF80C90C7
S31508015780F5F7F0FA062305F5C95505F16802494604
S3150801579010A88DF83030ADF862A0F6F7AFF80A4BCD
S315080157A01835CDE90D3607233A4600932846234690
S315080157B00CA9F5F775FA002808BF24201DB0BDE825
S315080157C0F0860720FAE700BF15A60108F0B587B0ED
S315080157D00DF10303044601AA00680D46FEF7D6FE3D
S315080157E0034668BB9DF803303BB120461749FFF7CE
S315080157F097F9204601A9FFF728FC05AF39466868DD
S315080158001DF0E5FC0346D8B9AA68E2B9254655F85C
S315080158101ECB01AA164603CEBE42286069603246EF
S3150801582005F10805F6D132882A80A28B42B904F11E
S315080158300C020CF5B4501146183006F059F9034616
S31508015840184607B0F0BD0723FAE700BF70DE030864
S315080158502DE9F043074601239BB057F80C4B8DF809
S315080158600530037A0646884604F5B55039468DF85B
S315080158700430F0F7E1FF002800F0B7802622002166
S3150801588003A826F0B7FCD8F80830EBB12046414604
S315080158900DAB07AAFEF77AFE0446002844D19DF807
S315080158A034303BB130465449FFF73AF9304607A937
S315080158B0FFF7CBFBD8F804000DF12E011DF087FC8C
S315080158C0044688BB08F108083821002001AA1CF003
S315080158D061FF0546002800F08A80D8F8004047494C
S315080158E020461DF027FA00283ED0D8F804000DA955
S315080158F01DF06DFC044600283FD13023BDF83480E5
S315080159008DF80830B8F1000F12D16B79306813F0B1
S31508015910180F31D000F5B4502A46394603AB183072
S3150801592008F07CFB044640BB20461BB0BDE8F0836B
S315080159300122284602A9F1F7D8FA0446E8B99DF8E2
S3150801594008305A2B0AD07A2B0AD0392B0AD00133C0
S31508015950DBB208F1FF381FFA88F8D1E76123F8E7C7
S315080159603023F6E74123F4E7204625491DF0E2F9FD
S3150801597020B3D8F8043023B907242846F1F741F8AB
S31508015980D2E74FF03209029302230DAA0DF106015F
S3150801599002A8ADF806900BF075FE804608B12428DA
S315080159A027D12846BDF806200DA9F1F79EFA044627
S315080159B00028E2D1B8F1000FE6D1A6E72046114941
S315080159C01DF0B8F908B108F10408D8F80040002C10
S315080159D0D2D0204626F012FD214682B22846F1F79A
S315080159E084FA0446002890D0C7E70D249CE70324CF
S315080159F09AE70446C1E700BF99DE0308BFDE03083C
S31508015A00BAF00308C2DE03084FF434132DE9F04750
S31508015A1094B00293002303AA06460C460D46914606
S31508015A2091F810C08DF820300CF10703DB100DF149
S31508015A3020085F1CCDF804807F0801F1100A9646FC
S31508015A40286869680835AEE8030055457246F6D1F7
S31508015A5029788EF800106BB14FF0FF3103F14F0230
S31508015A606A4412F8440CCCEBC30C01FA0CF1014060
S31508015A7002F8441C102BC3F1100292B209EB030081
S31508015A8088BF0022002126F0B5FB3A46484601A9FF
S31508015A90F6F728FB237C0733772B03D8084901A897
S31508015AA0F1F7A9FC227C074901A8F1F7A4FC4246B3
S31508015AB030460549FFF734F814B0BDE8F08700BF52
S31508015AC0C5DE0308C8DE030879E1030837B50546CC
S31508015AD0CC884B8864BAA4B20A88019489885BBACF
S31508015AE049BA89B252BA00919BB2054992B2FFF7F7
S31508015AF017F8284603B0BDE83040FFF71EB800BFC7
S31508015B00CCDE03084931E1E710B504468CB00846F6
S31508015B10694617F099FD20466A460449FFF700F8D9
S31508015B2020460CB0BDE81040FFF707B879E1030835
S31508015B300CB473B5054606AC54F8046B0A46074B14
S31508015B400749FEF7EDFF2246314628460194FEF73E
S31508015B50DFFF02B0BDE8704002B070474D16040879
S31508015B608AE503080EB417B5044605AA52F8041BBC
S31508015B700192FEF7CDFF2046FEF7DFFF03B0BDE831
S31508015B80104003B07047437F70B50A4604466BB1AF
S31508015B90002931D0BDE87040252997BF174B184B0E
S31508015BA003EB81035B6B17490830DBE7037F03B916
S31508015BB0FEE7242920D000F1080581B928461249B3
S31508015BC0FFF7D0FF002304F120002377F1F7E5FD65
S31508015BD02846BDE870400D4A0D49FEF7A1BF2529A3
S31508015BE098BF064B28469ABF03EB81035B6B044BB0
S31508015BF00449FFF7B7FFE5E770BD00BF90F6030854
S31508015C00DDDE0308EEDE0308FBDE03085CF70308A6
S31508015C1079E103080021C068B5E710B504460868AC
S31508015C2038B9094A094904F10800FFF79BFF002022
S31508015C3010BD07491DF07EF818B140F22522054925
S31508015C40F1E72320F4E700BF5FF7030879E10308CA
S31508015C5000DF030832DF030870B50B68054688B014
S31508015C605BBB846804F5005494F859001DF0B1F83B
S31508015C70014648B11248F2F750FA4FF47A720023F6
S31508015C8026F028F9E16E411A00244FF4A8134FF4BF
S31508015C907A706A46A1FB000102AE0193234600967B
S31508015CA08DF80840F2F747FA05F10800324605492A
S31508015CB0FFF758FF204608B070BD0720FBE700BF75
S31508015CC0FC1D002079E103080B682DE9F041054622
S31508015CD0A3BB00F18C0420461949FEF721FF4FF6B4
S31508015CE0FE72D5F88C3003F50053B3F85854954233
S31508015CF006D120461349FFF735FF0020BDE8F0819C
S31508015D0093F860842046B3F85A74D3F85C64FEF7B6
S31508015D1014FF2A4620460C49FFF724FF424620462F
S31508015D200A49FFF71FFF3A4620460949FFF71AFFB6
S31508015D30324620460749FFF715FFDEE72320DDE750
S31508015D4004DF030811DF030817DF030828DF030848
S31508015D5035DF030847DF03082DE9F04104460868E3
S31508015D6096B0002877D12C2654F8085F01464222BE
S31508015D700DF1160026F03EFA05F58052B2F86036A6
S31508015D8005F5FE50F31AADF81230B2F8623606A9D7
S31508015D900C30ADF81430ADF81060F1F761FA05F57D
S31508015DA0FF5008A9F1F7FFF905F5B3500AA9143010
S31508015DB0F1F756FA05F503500EA90430F1F7F3F990
S31508015DC005F5C05010A91430F1F7EDF905F5C150E4
S31508015DD002A91C30F1F7E7F9BDF84030BDF80820F3
S31508015DE020461344ADF84030BDF80A20BDF84230CC
S31508015DF020491344ADF84230039A119B1E4D1344B2
S31508015E0032461193FFF7AEFE2046BDF812201B4914
S31508015E10FFF7A8FE2046BDF814201949FFF7A2FE90
S31508015E200926DFF8648004AF013E05F1080503D1B0
S31508015E30002016B0BDE8F08155F8083C2046FA184E
S31508015E4051680191528841460092FB5A55F8042C33
S31508015E50FFF788FEE8E70B491CF06CFF38B1A36829
S31508015E6003F58053B3F86026A3F86226E0E7072016
S31508015E70DFE700BF5ADF0308A4F7030864DF030856
S31508015E806DDF0308EFED03087ADF0308034607B55C
S31508015E90086858B90B4A0C4992F9002003F1080021
S31508015EA0FFF760FE002003B05DF804FB0DF1070162
S31508015EB01DF07EF90028F6D19DF80720014B1A70CE
S31508015EC0F0E700BFFE63002088DF0308F8B50F6816
S31508015ED005460E46384610491CF02CFF05F1080404
S31508015EE030B10E4A0E492046FFF73CFE0020F8BDA8
S31508015EF038460C491CF01EFF0028F2D137B131464D
S31508015F002046BDE8F840084AFDF7BEBDA868F0F787
S31508015F10E1F906490246E6E78FDF030800F8FF07BD
S31508015F20CEE9030899DF0308619B000832DF0308FD
S31508015F3070B50E6804460D4630462A491CF0FAFE2D
S31508015F4038B13222284904F10800FFF70BFE002078
S31508015F5070BD304625491CF0EDFE08B10C22F1E76B
S31508015F60E6B9A36804F1080503F5805393F8692E89
S31508015F7028461F49FFF7F6FDA022A368284603F520
S31508015F808053B3F86A3E1B495A43FFF7EBFDA368F2
S31508015F90284603F500539A6E1749D6E7304617493E
S31508015FA01CF0C8FE38B1291D04F10800144ABDE8E1
S31508015FB07040FDF769BD304612491CF0BBFE38B189
S31508015FC0114A291D04F10800BDE87040FDF788BF94
S31508015FD030460E491CF0AEFE08B10D4AF1E707201E
S31508015FE0B6E700BF13F1030832DF030820F10308FF
S31508015FF0A3DF0308AFDF0308BDDF03089BEC030833
S315080160007195000897EE03084996000894ED030870
S31508016010A766000810B5044604490830FFF7A2FD33
S315080160202046BDE810400021ADE500BFCBDF0308DF
S315080160302DE9FF410C680D4600F184062CB1204676
S315080160401A491CF077FE90B10024DFF86C80184FCE
S3150801605058F82420394630460334FFF783FD152CBA
S31508016060F6D12B6803BB232004B0BDE8F081114BA0
S31508016070072200930C2310490DEB03000394F0F754
S3150801608022FC03460028EED082685B68511006EBB5
S315080160906200D20748BF725805F1040148BFD358B8
S315080160A004B0BDE8F04118470020DDE7DEDF03084C
S315080160B079E103086D3F0108E4F7030838B50C4692
S315080160C00546084920681CF035FE48B164683CB9A4
S315080160D005F1080001220449FFF744FD204638BDB1
S315080160E00720FCE7E3DF03082CE6030813B5086875
S315080160F00C4680B109491CF01DFE50B1606850B1CB
S315080161000DF107011DF054F8002808BF0C2002B054
S3150801611010BD0720FBE70C20F9E700BFE9DF0308FC
S315080161202DE9F0470D68044675B9A368083003F5EB
S31508016130805393F80C382BB1A849FFF713FD0020BB
S31508016140BDE8F087A649F8E72846A4491CF0F2FD00
S3150801615000286CD0A56805F5805494F80C38002BF6
S31508016160EDD1A04E96F8483E43F0010386F8483E25
S3150801617096F87E3E0BB917F04FFF9B4F3B7A9A076D
S3150801618006D401201BF04CFE3B7A43F002033B7216
S31508016190012384F80C38D4F8383794491A4622B9B9
S315080161A03BB9924BC4F8383709E08A4213D01269D1
S315080161B0F5E71A461B69002BFBD18C4B136105F5D4
S315080161C0B9558A4C14352246012128461BF0AAFFE7
S315080161D02469002CF7D1864806F026FD0221854858
S315080161E005F02AFD20B944F64C51824808F0CAFC4C
S315080161F0B6F87C386BB902217F4805F01DFD40B918
S315080162004FF2BF017C4808F0BDFC10B17A4805F091
S31508016210D3FC0021794805F00FFD014610B97748EE
S3150801622008F0B0FC4FF080701BF06EFF87E7284638
S315080162306B491CF07FFD002800F0BB80A56805F5B9
S31508016240805696F80C38002B3FF479AFDFF8948125
S3150801625008F63817D8F87449002C63D1674805F051
S31508016260ABFCB8F87C3888F8D94983B1624805F09F
S31508016270A3FC014658B96248F1F7D9FA6148F0F723
S3150801628089FF6148F1F789FA6048F1F786FA5848B3
S31508016290002107F0B7FB574805F08EFC10B95C489A
S315080162A01BF008FF05F5B95705F5BA54D6F83417A2
S315080162B01437083400293BD105F5BD59D6F83847B6
S315080162C009F10C09002C41D12346D6F83857514A11
S315080162D0002D4AD1D6F83857444B002D4DD100240C
S315080162E0414D86F80C482B7A9B079BD51BF0E0FDA0
S315080162F0204617F0A5FE05F5307005F035FDA5F128
S315080163003406D8F8CC4F002C4BD14348F0F742FF5E
S315080163102B7A204664F341032B72C8F8EC4F1BF025
S315080163207FFD7FE70B2221463846F4F7B9FB91E753
S31508016330A142D1F8149007D305F5BD530833994204
S3150801634002D23846F6F709F84946B3E74C45D4F878
S3150801635010A008D305F5C0530C339C4203D221463D
S315080163603846F5F7BDFF5446ACE7954227D02B468C
S315080163702D69ADE7C3F8109027E09D421BD02C4646
S315080163802D69AAE754B9C6F838472A46002138467E
S315080163901BF0C8FE2D69002DF7D1A0E70023236164
S315080163A0F3E730462146F0F719FF2046F0F729FBB7
S315080163B0A7E70720C4E6194B9C42E3D1FEE7DFF8BD
S315080163C02C90002BD6D1C6F838972A460021384694
S315080163D01BF0A8FE2D694D45F7D17BE7F1DF0308D0
S315080163E0F4DF0308E82D0020E83D002038F803080B
S315080163F0403E0020C03E00205436002024370020AD
S31508016400F8350020243600202C36002008360020D6
S31508016410384000204CF80308C83D002060F80308FE
S315080164202DE9F8438568044605F5005595F85900A0
S315080164301CF0CFFC48B3164B083493F83B7395F818
S315080164407C9085F87D7093F83A632046AA6F1149C6
S3150801645085F87E6095F87F80FFF784FB4A462046DB
S315080164600D49FFF77FFB3A4620460C49FFF77AFBB1
S31508016470324620460A49FFF775FB20464246094936
S31508016480FFF770FB0020BDE8F8831020FBE700BF8B
S31508016490E83D0020F9DF03080BE0030820E00308C4
S315080164A019E0030831E003082DE9FF410C680D46A0
S315080164B000F1A0062CB120461A491CF03BFC90B10C
S315080164C00024DFF86C80184F58F8242039463046E6
S315080164D00334FFF747FB0F2CF6D12B6803BB2320A8
S315080164E004B0BDE8F081114B052200930C23104935
S315080164F00DEB03000394F0F7E6F903460028EED006
S3150801650082685B68511006EB6200D20748BF725871
S3150801651005F1040148BFD35804B0BDE8F041184756
S315080165200020DDE7DEDF030879E10308753F01088E
S3150801653074F80308F7B505466846FEF7B0F90C681E
S3150801654094BBAB6801AE03F5005393F85B00314683
S315080165501CF0F4FB9DF8043005F10807D807C3F3CE
S315080165604001C3F3800249BF722333468DF80430D4
S315080165700DF1050311B1642103F8011B12B16E2255
S3150801658003F8012BB34208BF2D234FF0000404BFC3
S315080165908DF804300DF10503324638463F491C7023
S315080165A0FFF7E0FA002019E020463D491CF0C2FB3E
S315080165B018B9013C14F8013F93B99DF80020AC685D
S315080165C0C2F30003C2F34001DB0043EA4103C2F30D
S315080165D08002134399075AB219D5072003B0F0BDB3
S315080165E06E2B0FD0722B06D0642BF6D19DF8003096
S315080165F043F0020303E09DF8003043F001038DF8F0
S315080166000030D7E79DF8003043F00403F7E704F5B7
S31508016610005595F85B7042F004039F42C2D004F519
S3150801662001541834204685F85B3006F09DFA95F832
S31508016630596030461CF0CDFBB8B195F85B1095F85A
S315080166405830C7F34002C1F340008242C3F3C00386
S3150801665004D153B93A0708D50B0706D400232046B7
S31508016660A5F8803107F02AFA9CE7012E0BD10026FE
S315080166702046A5F8806107F093F9314604F5907034
S3150801668006F048FC8EE7022E8CD12046B5F85C1040
S3150801669007F066FE20461DF0CDFE83E779E1030883
S315080166A07C14040838B50D687DB900F10804204644
S315080166B00749FEF735FA20460649FEF731FA20461C
S315080166C00549FFF74FFA284638BD2320FCE700BFE6
S315080166D01DEB030846E0030864EA03082DE9FF41B8
S315080166E00C680D4600F138062CB120461A491CF0F3
S315080166F021FB90B10024DFF86C80184F58F824204C
S31508016700394630460334FFF72DFA0C2CF6D12B689F
S3150801671003BB232004B0BDE8F081114B042200938A
S315080167200C2310490DEB03000394F0F7CCF803464C
S315080167300028EED082685B68511006EB6200D2072A
S3150801674048BF725805F1040148BFD35804B0BDE8E3
S31508016750F04118470020DDE7DEDF030879E1030889
S315080167607D3F0108B0F8030810B50C6803460830E8
S3150801677024B1BDE81040064AFDF7B2BB9B6805493E
S3150801678003F58053D3F8D82DFFF7ECF9204610BD51
S31508016790CD9B000895E8030810B50C680346083038
S315080167A024B1BDE81040064AFDF723BA9B6805499E
S315080167B003F58053B3F8502EFFF7D4F9204610BDE0
S315080167C0999B000808EA030870B50446086886B06C
S315080167D0002840F08D80A66806F5005595F85930D1
S315080167E0022B40F0978001A8F0F769F8B5F89C30BC
S315080167F006F5025671683068ADF80C309B0A8DF8BB
S315080168000E3001AB03C395F8B83008348DF80F3054
S3150801681095F89E3003F00F03DA1F534253419DF852
S3150801682014205B0022F0030243F0010313438DF8A1
S31508016830143095F8B930C3F303138DF8103095F871
S31508016840A430C3F30102C3F381038DF811208DF837
S315080168501230EFF7FEFFD5F888303049C01A4FF4E9
S315080168607A73B0FBF3F0B5F8A0308DF81300FF2B5F
S3150801687028BFFF238DF8153095F8BB3020468DF8D3
S31508016880163095F8BC308DF81730FEF749F92046D1
S3150801689001A9FEF74EFA2046BDF80C202049FFF75C
S315080168A061F920469DF811201E49FFF75BF920463C
S315080168B09DF812201C49FFF755F920469DF813202B
S315080168C01A49FFF74FF920469DF815201849FFF791
S315080168D049F920469DF816201649FFF743F920463F
S315080168E09DF817201449FFF73DF9002006B070BD41
S315080168F012491CF01FFA78B1A06800F5005393F805
S315080169005930022B06D100F505500421383006F01E
S3150801691001FBEAE70D20E9E70720E7E74BE0030873
S3150801692056E003085FE0030873E0030888E00308FC
S3150801693025E0030891E00308A8E00308BCE0030882
S3150801694008B5034A03490830FFF70CF9002008BDCA
S31508016950C3E0030879E103082DE9F04F036899B00C
S31508016960029383886C48ADF80C306C4B02F108062B
S31508016970002918BF0346049300233046ADF85E305C
S31508016980FEF7DBF8664F4FF492034FF6FE710022CD
S315080169900193BDF85E300DF114098B42CDF80090D4
S315080169A08DF8142068D04FF6FF718B4200F0B08045
S315080169B073B34FF6FD718B426BD04FF6EF75BDF889
S315080169C05E406846AC428CBF01251125A246554951
S315080169D0F0F711FD631E04F110081D44DFF84CB1F0
S315080169E01FFA88F8ADB2AA4556D168464E49F0F75E
S315080169F002FDAC426DD168464C49F0F7FCFCBDF886
S31508016A000C30ADF85E80434521D84FF6FE731CE085
S31508016A103E210498F0F79AFC00F10A04A4B2C4F1E5
S31508016A20480404EBD4754FEA6508C5F34F05A5B9C3
S31508016A306846BDF80C30049A3D49F0F7DCFCA4EB36
S31508016A400804A4B28CB94FF6FD73ADF85E304A4618
S31508016A5030463849FFF786F895E73D2239466846B4
S31508016A60013DF0F7C8FCADB2E1E73D22394668467B
S31508016A70F0F7C1FC013CE4E74824013C2D223946E4
S31508016A806846A4B2F0F7B7FC002CF6D14FF6FF73AF
S31508016A90DBE7ADF85E2090E7BDF80C20524513D927
S31508016AA0029A684612F80A202349F0F7A4FC0AF06C
S31508016AB00702072A03D159466846F0F79CFC0AF1F2
S31508016AC001031FFA83FA8EE768461C49F0F793FC1F
S31508016AD0EDE7BDF80C30A34214D9029B13F804A0C4
S31508016AE0BAF17E0F11D850461DF030FF002808BFB5
S31508016AF04FF02E0A5246394668460134F0F77BFCB8
S31508016B00A4B276E74FF0200AF4E74FF02E0AF1E730
S31508016B1019B0BDE8F08F00BFC9E00308CCE003084F
S31508016B20CFE0030820E10308E8E003081FE10308B2
S31508016B30D2E0030879E10308E0E00308E6E0030888
S31508016B400C207047086808B538B125F057FC80B2A3
S31508016B50022814BF07200C2008BD0C20FCE708B545
S31508016B6050F8083F044903F50053B3F85C20FEF7D3
S31508016B70F9FF002008BD00BF39E4030838B50C4603
S31508016B80054628B901462046BDE83840FEF7FBBF51
S31508016B9090F8393008349B0613D500F108021849D4
S31508016BA02046FDF7BDFF20461649FDF7B9FF2046E9
S31508016BB005F119010822FEF767F820461249FDF783
S31508016BC0AFFF20466A8E1149FDF7AAFF29462046DE
S31508016BD00822FEF759F8204695F836200C49FDF7A4
S31508016BE09FFF204695F937200A49FDF799FF204668
S31508016BF095F838200849BDE83840FEF7B3BF00BF0D
S31508016C00EAE00308FAE00308E8E00308F3E003080A
S31508016C10FDE0030805E103080CE1030803460846FD
S31508016C2019460BB9FEF7AFBF0A7893F90130024945
S31508016C300830FEF797BF00BF14E1030808B50349FA
S31508016C400830FEF78FFF002008BD00BF22E10308C8
S31508016C502DE9FF41054608680E46224938B905F16E
S31508016C600800FEF77FFF002004B0BDE8F0811CF0A4
S31508016C7061F8B8B1746894352CB120461A491CF0EC
S31508016C8059F888B10024DFF86C80184F58F8242089
S31508016C90394628460334FEF765FF212CF6D1736879
S31508016CA0002BE0D12320DFE7114B0B2200930C23A5
S31508016CB010490DEB03000394EFF705FE0346002880
S31508016CC0F0D082685B68511005EB6200D20748BFB5
S31508016CD06A5806F1080148BFD35804B0BDE8F04127
S31508016CE0184700BF28E10308DEDF030879E1030836
S31508016CF0853F0108E0F8030838B50D68044695B9DB
S31508016D00A3681C4903F5005393F859200830042A4F
S31508016D1097BF194B194A03EB8203D3F8D422FEF71E
S31508016D2021FF002038BD284615491CF003F838B163
S31508016D30A068BDE8384000F50150183006F0BEBE1F
S31508016D40284610491BF0F6FF70B1A06800F50053FC
S31508016D5093F8592052B193F8791149B900F50550BC
S31508016D60383006F0D7F8DCE70720DBE70D20D9E74E
S31508016D700520D7E779E1030890F603082FE1030810
S31508016D8037E1030840E1030838B50D68044615499B
S31508016D9028461BF0CFFF40B1A0680021BDE8384066
S31508016DA000F50150183009F0C9B928460E491BF0FB
S31508016DB0C1FF40B1A068012100F50150183006F065
S31508016DC021FE002038BD284608491BF0B3FF30B123
S31508016DD00522074904F10800FEF7C4FEF1E723205E
S31508016DE0F0E700BF99F1030814DE0308DDDC0308A8
S31508016DF032DF030813B50446086868B90E4BD3F8A1
S31508016E00D4051EF02BFA0D4942B204F10800FEF72B
S31508016E10A9FE002002B010BD0DF107011CF0C8F94A
S31508016E200028F7D19DF80720034B83F8D8251BF0D6
S31508016E30E7F80AF00FFFECE70818002088DF0308D7
S31508016E402DE9FF410C680D4600F140062CB120469C
S31508016E501A491BF06FFF90B10024DFF86C80184FB8
S31508016E6058F82420394630460334FEF77BFE122CA7
S31508016E70F6D12B6803BB232004B0BDE8F081114B82
S31508016E80062200930C2310490DEB03000394EFF738
S31508016E901AFD03460028EED082685B68511006EB9E
S31508016EA06200D20748BF725805F1040148BFD3589A
S31508016EB004B0BDE8F04118470020DDE7DEDF03082E
S31508016EC079E103088D3F010878F9030830B50446CE
S31508016ED0086889B0C0B94FF4C01254F8083F02AD2A
S31508016EE08DF8080003F1140001920095F1F715F9E0
S31508016EF06A460123F1F71FF92A4620460B49FEF790
S31508016F0031FE002009B030BD09491BF013FF50B10D
S31508016F1054F8080F1430F1F700F902460B462046DB
S31508016F20FDF7A5FFEDE70720ECE700BF79E10308C8
S31508016F30DEE1030873B50E6804460D4630461C4962
S31508016F401BF0F8FE60B1204650F8083F194903F5D1
S31508016F508053B3F8842EFEF705FE002002B070BDFB
S31508016F60304615491BF0E6FEF0B1144968681BF076
S31508016F70E1FED8B1A86878B10DF107011CF038F91E
S31508016F800028EBD1EB688BB9A3689DF8072003F5B8
S31508016F90805383F8602EE1E754F8080FEFF79FF95D
S31508016FA0074902462046D6E72320D7E70720D5E733
S31508016FB046E1030808EA030853E103085BE103080D
S31508016FC032DF03082DE9F0410F4604464349386884
S31508016FD092B01BF0AFFE03467868DBB158B920467C
S31508016FE050F8083F3E4903F50053D3F84024FEF70D
S31508016FF0B9FD002049E009A90AF0A9FB002844D1F6
S31508017000BB68002B66D1A368099A03F50053C3F838
S315080170104024EEE705A91CF0C3F8002835D105463A
S315080170203E1D56F8048FB8F1000F24D13F682D494B
S3150801703038461BF07FFEEEB20546002838D0A56813
S315080170409DF8143005F51150FF2B00F10C001FD1E6
S315080170502421CDE90188009609AB05AA16F0C6FBDD
S3150801706098B9214B05F50055C5F85034237FC5F865
S315080170705444ABB9FEE7232D2CD009AB5919404628
S315080170801CF0B6F801350028CBD012B0BDE8F08166
S31508017090164B2321CDE90063029009AB05AADDE76A
S315080170A004F1200041F28831F0F703FB2420ECE7D4
S315080170B038460F491BF03EFE70B1A068252100F540
S315080170C01150CDE90155009609AB05AA0C3016F009
S315080170D08DFB8EE70720D8E72320D6E762E1030870
S315080170E0CEE903083FDD0308999D0108B3AD010800
S315080170F0EFED03082DE9F0430B68A3B00293384B73
S31508017100054600930E460C233C22364902A8EFF7A2
S31508017110DAFB044678B182686368511005EB6200B0
S31508017120D20748BF6A5806F1040148BFD35823B0AD
S31508017130BDE8F043184737682B4938461BF0FAFD76
S3150801714040BB044695F81490E3B2994546D92B6994
S31508017150384653F8341003EBC4081BF0EBFD013431
S315080171600028F1D00021CBB29A0056F8233001311C
S315080171706BBBD8F80440A869DAB256F8222019463A
S315080171800133002AF8D1013903AAC9B2A04723B0AD
S31508017190BDE8F083DFF84C80144F05F1080658F86E
S315080171A02420394630460334FEF7DCFCB42CF6D1EC
S315080171B000240E4F2A7DE3B29A420DD92A6939462F
S315080171C0304652F83320FEF7CDFC0134F2E7883217
S315080171D06A4442F8803CC6E70020D8E72320D6E770
S315080171E0553F0108C0F90308DEDF030879E1030802
S315080171F02DE9F0478A460025A2B006464FF4C0712C
S3150801720050460195F0F7A2F8B0F5C07F22D2A946FB
S31508017210DFF8108157461AF8014B4CBBC5F120021D
S3150801722001AB202DD2B24FEA820203EB850088BF5B
S315080172300022002124F0DEFF737F002B51D0002CA1
S315080172404ED1019B002B4BD0304601A9FFF752FFC7
S31508017250044608E0737F002B42D1337F002B58D1B7
S3150801726001230624337721463046FEF78CFC4DE090
S315080172705C2C28D19AF80020A2F10903DBB2172B5E
S315080172800CD828FA03F3DA070AD5384625F0B6F8F2
S3150801729051460246384625F035F801E05C2AF4D015
S315080172A01AF8013C002BB5D02DB11AF8023C002B77
S315080172B0B0D11F2D12D022AA6B1C02EB850545F809
S315080172C0847CDDB2A6E7093CE4B2172CE8D828FA93
S315080172D004F4E30748BF0AF8019CE1E707249DE7A0
S315080172E0FEE7337F23B10C4901981BF023FD68B1F2
S315080172F001233377002CB6D1019B002BA4D1074A71
S315080173000749347706F10800FDF70AFC22B0BDE803
S31508017310F0870624E7E700BF90FC03085CF703083B
S3150801732079E10308130080000123F0B504461D2501
S315080173300E4E0F4F8FB04377013D03D1284665772F
S315080173400FB0F0BD56F8041B312201A825F043F809
S315080173500023394604F1080001AA8DF83530FEF7F5
S3150801736001FC204601A9FFF743FFE5E7A0FC030856
S3150801737077E10308F7B50C6805460E461F464CB17A
S3150801738020460DF106011BF022FF044650B12046A6
S3150801739003B0F0BD00689047074902462846FEF744
S315080173A0E1FBF4E7736823B9BDF806102868B84706
S315080173B0EDE70724EBE700BF32DF03082DE9F041CB
S315080173C00F6804460D4638461A491BF0B3FC38B116
S315080173D0194B1A4A291D04F10800BDE8F041C9E70D
S315080173E0384617491BF0A6FC064610B1154B164A36
S315080173F0F0E7384615491BF09DFCC0B1686860B9CD
S31508017400204650F8083F124903F50053B3F8CC2437
S31508017410FEF7A8FB0020BDE8F0810E491BF08AFCA7
S3150801742028B1A36803F50053A3F8CC64F2E7072053
S31508017430F1E700BF7CE10308FD6500082962000841
S31508017440B0F10308D7650008E939010889E103089D
S3150801745032DF0308EFED030870B50E6805460C46E2
S3150801746030460E491BF066FC40B1211D05F10800A6
S315080174700B4B0C4ABDE87040FCF7F8BC30460A498C
S315080174801BF058FC38B1211D05F10800074B084AC5
S31508017490BDE870406EE7072070BD00BF8DE10308A7
S315080174A0E56600089163000895E10308A5630008ED
S315080174B09B630008B1F85A200149FEF753BB00BF88
S315080174C032DF0308B1F85C200149FEF74BBB00BF68
S315080174D032DF03084A6F0149FEF744BB95E8030802
S315080174E04A6D0149FEF73EBB07E0030801F1300288
S315080174F00149FEF737BB00BF79E10308B1F8582007
S315080175000149FEF72FBB00BF08EA030838B50C4648
S31508017510B1F86E2026490546FDF702FB94F870304E
S31508017520D80703D528462349FDF7FAFA94F87030A7
S31508017530990703D528462049FDF7F2FA94F87030E1
S315080175405A0703D528461D49FDF7EAFA94F870301B
S315080175501B0703D528461A49FDF7E2FA94F8703055
S31508017560D80603D528461749FDF7DAFA94F8703094
S31508017570990603D528461449FDF7D2FA94F87030CE
S315080175805A0603D528461149FDF7CAFA94F8713007
S31508017590DB0703D528460E49FDF7C2FA94F8712090
S315080175A02846BDE838400B49C2F34202FEF7DABA6B
S315080175B0DBE603084B080408C7040408D1040408D9
S315080175C0D0E00308540304087CE40308FFF4030825
S315080175D09FE1030831DF03082DE9F047A4B004460B
S315080175E0084602A99146F2F7E7FF074600282FD079
S315080175F0384624B0BDE8F0876B6801A8019316F0F8
S31508017600C9FB4368064690336B4413F8103C6BB1CB
S31508017610514620462A68FDF783FAB9F1000F0AD0C8
S315080176202B7A43B120460D49FEF79CFA0C35B8F181
S315080176300108E1D1DCE7F268B368511004EB620096
S31508017640D20748BF625802A948BFD3589847EDE701
S315080176504FF00E08024DDFF80CA0E8E7A1E1030898
S3150801766010FD03083D170408F0B50E680D4685B0F0
S3150801767000F1300436B932462046224905B0BDE844
S31508017680F040A9E7304620491BF054FB70B10025AC
S315080176901E4F1F4E57F82520314620460335FEF763
S315080176A061FA1B2DF6D1002005B0F0BD03A803969B
S315080176B016F070FB014630B120462A1D05B0BDE81B
S315080176C0F040FCF793BC2B6809220393114B0F4931
S315080176D000930C230DEB0300EFF7F5F8034678B199
S315080176E082685B68511004EB6200D20748BF625892
S315080176F005F1040148BFD35805B0BDE8F040184765
S315080177002320D1E708180020DEDF0308ACFD0308B3
S3150801771079E10308653F010870B505460068C0B000
S3150801772000F5EA500E4604306946F2F7C5F90446F3
S3150801773098B9366836B9024669462846FFF74CFFB6
S3150801774004460AE030460B491BF0F4FA40B1694693
S3150801775028469DF8FE20FDF7A9FA204640B070BDDF
S31508017760304605491BF0E6FA08B10122E4E7072489
S31508017770F3E700BFBAF00308ACE1030870B50546A4
S315080177800068C0B000F5EB500E4610306946F2F7B6
S3150801779093F9044698B9366836B9024669462846C1
S315080177A0FFF71AFF04460AE030460B491BF0C2FAF6
S315080177B040B1694628469DF8FE20FDF777FA20462E
S315080177C040B070BD304605491BF0B4FA08B1012234
S315080177D0E4E70724F3E700BFBAF00308ACE10308BE
S315080177E02DE9F0410B68044692B0002B3ED105689D
S315080177F03849FDF795F905F5CC51204605F580552B
S315080178000831FEF781F92046D5F89C293249FEF759
S31508017810A9F9204695F8A0293049FEF7A3F9304B76
S3150801782095F8A1192F4A2046012908BF1A462E495B
S31508017830FEF798F995F8A3292046052A97BF2B4BF9
S315080178402B4A03EB8203DA692A49FEF78BF995F885
S31508017850A219294A294B2046012908BF1A4628494F
S31508017860FEF780F9002012B0BDE8F08102AB01AA4B
S315080178700193FDF707FE0028F5D12668DDF8048097
S3150801788006F5C957183706F580560AA8B8F1000F44
S3150801789012D01BF02CF841460AAA07F15000F4F75A
S315080178A02DF84046F4F71AF880F0010086F8A80981
S315080178B03846F4F74EF9D5E706F688150AAC1BF0F3
S315080178C016F80FCC0FC594E80F0085E80F0086F867
S315080178D0A889EDE7C0E10308C9E10308E1E1030866
S315080178E0B0E10308B4E10308F3E1030890F60308DD
S315080178F091F6030808E20308B7E10308BAE10308A9
S3150801790018E2030808B50249FEF72CF9232008BD39
S3150801791026E2030808B50249FEF724F9232008BD23
S315080179207EE203080B7870B5DE0705460C4603D5DB
S315080179304A681149FEF716F92378990705D52846A5
S315080179400E4B227A0E49FEF70DF923785A0705D50B
S3150801795028460A4B627A0B49FEF704F923781B0776
S3150801796008D5284694F90A20044B0749BDE8704012
S31508017970FEF7F8B870BD00BFD4E2030818FE030885
S31508017980FAE2030808E303081EE30308F8B5074605
S315080179901C460E46184615491546FDF7C1F83946DF
S315080179A02046FDF752FB76B131462046FFF7BAFF6E
S315080179B0237ADA0719D56FF3000323720020BDE88D
S315080179C0F84015F0F7BD042D09D8094B03EB8503DB
S315080179D0D3F8A82720460749FEF7C4F8E8E7064A78
S315080179E0064BFE2D18BF1A46F4E7F8BD4DE303080A
S315080179F090F6030871E3030841E3030833E3030838
S31508017A0070B50E461C461546074902461846FDF747
S31508017A1087F831462046FDF78CF925B129462046D7
S31508017A20BDE870407EE770BD91E3030870B5054671
S31508017A300E4614460C49FDF773F831462846FDF7FC
S31508017A4004FB042C0AD8094B03EB8403D3F8A827B3
S31508017A502846BDE870400649FEF784B8054A064B34
S31508017A60FE2C18BF1A46F3E7EFE3030890F603085E
S31508017A7020E4030841E3030833E3030810B5144679
S31508017A800A4601462046FFF7D1FF237A9A0707D50A
S31508017A906FF3410323720020BDE8104015F08ABD3B
S31508017AA010BD10B514460A4601462046FFF7BEFF2B
S31508017AB0237A5A0707D56FF3820323720020BDE89C
S31508017AC0104015F077BD10BD10B50C684CB90368A8
S31508017AD0054903F5005393F83823FEF743F8204682
S31508017AE010BD0720FCE700BF32DF03080B6810B59D
S31508017AF004464BB903680C4903F5005393F83A2435
S31508017B00FEF730F8002010BD184608491BF012F997
S31508017B1038B1236803F5005393F8382383F83A24D8
S31508017B20F0E70720EFE700BF32DF0308EFED0308B0
S31508017B302DE9F04300230D46ADF51B7DB6490446F4
S31508017B4016460093FEF70EF87DB9B44FDFF8F082BA
S31508017B50DFF8F0922068694600F50C500CAA34301B
S31508017B6008F08AFA002800F0EA802046AC49FDF7B9
S31508017B70F9FF002300939DB9DFF8A08206AF2368B9
S31508017B8019A803F50C5909F13409FCF7E3FD69460F
S31508017B90484619AA1A9719F098F8002800F058814A
S31508017BA02046A049FDF7DEFF00230093002D40F093
S31508017BB0C280DFF894920DF16408276812AD07F5C3
S31508017BC00C5728463437FCF7C5FD2A466946384618
S31508017BD0C5F8088019F079F84FF6FF73002800F008
S31508017BE076819E4240F0A78020468F49FDF7BAFF6D
S31508017BF00023DFF85882009301AF42F23439266830
S31508017C0028464E44FCF7A6FD2A4669463046EF60EB
S31508017C1019F05BF8002800F089812768042207F526
S31508017C200053D3F8340393F83813014405F0C2FA24
S31508017C3006461A220021284624F0DCFA002E47D0EF
S31508017C404F442A460921384605F068FCB0FA80F007
S31508017C502B7E400960F300030B2138462B760DF184
S31508017C604A0205F05BFCB0FA80F02B7E400960F30E
S31508017C704103122138462B760DF15E0205F04EFCC2
S31508017C80B0FA80F02B7E400960F3C3032B763846A1
S31508017C9013A908F0C1F9B0FA80F040F20B482B7E1F
S31508017CA0400960F382032B767378B71C02331E44AE
S31508017CB0BE420DD93B78083BDBB20A2B04D828FA19
S31508017CC003F3DB0700F156812B7E43F010032B7675
S31508017CD020465649FDF746FF2B7E9E0740F14F8108
S31508017CE020466A885249FCF71BFF2B7ED80740F1CC
S31508017CF04B8120462A884F49FCF712FF2B7E19072C
S31508017D0040F147812046EA8A4949FCF709FF2B7E5B
S31508017D105A0740F1438120462A790DF14D01FCF7B6
S31508017D20B3FF2B7EDB0603D520464349FCF7F8FE55
S31508017D302046FCF702FF0DF51B7DBDE8F0834FF6E3
S31508017D40FF739E4204D0BDF84430B3427FF402AFBC
S31508017D500CA92046FDF758FE9DF841309DF84120B3
S31508017D60590749BF702319AB8DF864300DF16503C6
S31508017D70120744BF612203F8012B9DF84120D00662
S31508017D8044BF642203F8012B9DF84120910644BFA4
S31508017D90632203F8012B9DF84120520644BF722243
S31508017DA003F8012B9DF84120D2091CBF6F2203F865
S31508017DB0012B9DF84220D00744BF732203F8012BFB
S31508017DC09DF84220910744BF6E2203F8012B9DF8C6
S31508017DD04220520744BF442203F8012B00221A709D
S31508017DE09DF8643023B12046144919AAFCF798FE78
S31508017DF09DF84130394643F301035BB20133022B47
S31508017E009ABF09EB8303D3F8BC2742462046BDF83F
S31508017E104430FDF7A7FE9DE62BE4030835E4030885
S31508017E203EE4030846E403085CE4030866E4030841
S31508017E30DBE6030875E403087BE4030878E1030835
S31508017E404D16040890F60308D1DD030801E303087B
S31508017E504FF6FF739E4203D07B8AB3427FF48FAEFF
S31508017E6039462046FDF7D0FD3B7D3A7D180749BFC7
S31508017E70732319AB8DF864300DF16503510744BFBF
S31508017E806E2203F8012B3A7D920644BF612203F85C
S31508017E90012B00221A709DF8643023B1204642490D
S31508017EA019AAFCF73DFE3B7D414643F301035BB24C
S31508017EB00133022B98BF3D4A20469ABF02EB830342
S31508017EC0D3F8BC273A4A7B8AFDF74CFE57E69E4211
S31508017ED004D0B8F80032B3427FF46FAE4946204663
S31508017EE0D8F80420FCF71CFE98F8082020460DF166
S31508017EF06D01FCF7C9FE20462E49FCF711FE204606
S31508017F0098F807215BA9FCF7BFFE98F80631D80750
S31508017F1003D520462849FCF703FE204698F8003089
S31508017F20B8F800222549FDF71DFE46E67B787A78E2
S31508017F30990749BF73232B462B700DF14903D207C5
S31508017F4044BF632203F8012BAB4204BF2D221A70EA
S31508017F504FF0000208BF0DF1490320461A700DF1D2
S31508017F600601FDF751FD2B46414620463A78FDF7B5
S31508017F70F9FD42E63846EFF7C1FE074498E6204682
S31508017F800F49FCF7CDFDB0E620460D49FCF7C8FDC3
S31508017F90B4E620460A49FCF7C3FDB8E62046094976
S31508017FA0FCF7BEFDBDE600BF78E1030890F60308BD
S31508017FB04D160408E8E0030850E4030853E40308EF
S31508017FC0C9DD03087C1404082DE9F74F4FF0000AB0
S31508017FD04FF6FF7304460F4656465546DFF87C8032
S31508017FE0DFF87C90ADF806305FFA8AF357F823B0CC
S31508017FF0BBF1000F09D1BDF80620FDB946B34FF60E
S31508018000FF739A421FD007200FE0414658461AF0DF
S3150801801091FE68B9494658461AF08CFE60B9584629
S315080180200DF106011BF0D3F818B103B0BDE8F08FC6
S3150801803005460AF1010AD7E70646FAE74FF6FF733E
S315080180409A42E0D126B129462046FCF7F3FEECE731
S3150801805020462946FFF76CFD0020E6E703DE030804
S31508018060BAF0030837B50D460446428A094908326B
S31508018070284692B2FCF754FD21462846FCF72CFF08
S31508018080238A28460093A37DA28A0349FDF76AFD40
S3150801809003B030BD7EE403088DE40308F8B505682E
S315080180A00F6805F5D05604461A3627B93146FDF745
S315080180B02BFD0020F8BD4B68BBB938460D491AF0AF
S315080180C039FE20B131462046FCF7BFFFF1E73846B5
S315080180D009491AF02FFE50B105F580552046B5F825
S315080180E02A2A0649FDF73EFDE3E70720E2E72320B2
S315080180F0E0E700BF9B0A0408F2EE030832DF030833
S315080181002DE9F04115461E4A0446FDF711FD2A6878
S315080181103AB120461B49FCF703FDAA7A072A05D975
S31508018120FEE720461849FCF7FBFCF6E7174B204605
S3150801813003EB8203D3F8C8271549FCF7F1FC6E7ADD
S315080181402EB114492046BDE8F041FDF70BBD204686
S315080181501149FCF7E5FCDFF848802B7AF7B2BB42F8
S3150801816001D80E49EEE71FB141462046FCF7D8FC77
S315080181706968204601EB0711FCF7AEFE0136ECE70C
S31508018180ADE4030862040408B3E4030890F603089F
S31508018190BAE40308CDE403081DEB030864EA0308FF
S315080181A0D2E403082DE9F0470D6804460E468AB065
S315080181B045B90268294602F5D2520C32FFF7A0FFEB
S315080181C00020FEE02846AD491AF0B4FD00284FD03C
S315080181D077686FB9236803F58053D3F84C2AA84BFF
S315080181E0002A08BF1A462046A649FDF7BBFCE7E761
S315080181F0D6F80880B8F1000F40F01181384624F00E
S31508018200FDF885B23F2D00F20A81206800F58053FA
S3150801821093F8562A0ABBC3F84C7A00F5D45700F5E9
S31508018220CE501C3003F09CFA6A1C92B2384671682B
S3150801823024F082F8206800F5805393F8562AA2B1F3
S31508018240072ABDD10022C3F84C7A83F8562A00F5CD
S31508018250CE501C3003F084FAB2E7072A40F0618158
S31508018260C3F84C7A83F8568AD7E7C3F84C7AEEE70F
S31508018270284685491AF05EFD88B17368002B40F0DF
S31508018280CE80236803F5805393F8562A072A00D926
S31508018290FEE77E4B03EB8203D3F8C827A3E72846FC
S315080182A07B491AF047FD0746002800F08D80D6F86D
S315080182B004802568B8F1000F17D105F5805595F8A2
S315080182C0556A66B120467349FDF74CFC78E7D5F83F
S315080182D0501A204601EB0311FCF7B7FE013695F853
S315080182E0542AF3B29A42F2D86AE7404669491AF023
S315080182F021FD10B305F5805494F8553A002B7FF407
S315080183005FAF05F5CE551C35284603F04FF9002811
S3150801831057D1614BD3F834374BB9A4F8E039C4F8CF
S31508018320503A4FF480732846A4F8543A92E7DA7C17
S315080183306FF34102DA745B69EEE702AF39464046EC
S315080183401AF02EFF00283CD1B068A8B306A91AF086
S3150801835027FFB0BBF3689BBB4FF00208266841F6BE
S31508018360DC1906EB090A504603F020F948BB06F565
S31508018370805686F8550A05F5D6555046C6F8507AF8
S3150801838086F8548A03F0ECF9394628464FEA08126A
S3150801839023F0D2FF2468A144484603F007F90028D0
S315080183A07FF40EAF04F5805383F8550AC3F8505A83
S315080183B0484683F8548A4DE74FF001082668CEE708
S315080183C003200AB0BDE8F087284634491AF0B2FC02
S315080183D0002865D070688DF808708DF8077068B93F
S315080183E023689DF8084003F5CE5003F5805393F8AA
S315080183F0561A1C30072914D11820E2E702A91AF0E7
S3150801840091FE0028DDD1B0680028E9D00DF10701F9
S315080184101AF088FE0028D4D1F368002BE0D0072093
S31508018420CFE70A1F012A06D893F8DD29C2F30012FD
S31508018430A2423FF4C5AE042693F8DD299DF80750FC
S3150801844064F3041283F8DD29D3F8582A3AB969B9CD
S315080184507DB9072283F8562A03F045F9B0E6D47D9B
S31508018460043C012C88BFD675D269EFE704293FF48D
S31508018470F1AE042283F8562AECE600BF29ED03087B
S31508018480B3E4030879E10308D4F0030890F6030876
S315080184909B0A0408CDE40308E82D002034DD03080F
S315080184A0284622491AF046FC00283CD07368002B5E
S315080184B0B5D1256805F5805696F8DC3905F5CE550A
S315080184C0023B032B05F11C0503D80421284603F0BA
S315080184D080F896F8DD3900216FF3030386F8DD3954
S315080184E04FF4E163C6F8E4390023C6F8583A2B6716
S315080184F06B67AB6796F8563A072B1CBF072386F8B6
S31508018500563A236803F58052C2F8001B03F5D75182
S3150801851003F5E05304311433C2F8301CC2F8E03ACB
S315080185204EE60D204DE723204BE700BF1EDD03086D
S315080185302DE9F74305460E461446DFF8708014B94F
S3150801854003B0BDE8F0832368424600936368314669
S315080185502846FDF7EDFAA3687BB9E17D072910D90D
S31508018560FEE749462846FCF7DBFAA368BAB253F890
S3150801857022200137002AF4D1EFE70027DFF83090EF
S31508018580F3E7084A238A02EB8102A18A2846019168
S31508018590618AD2F8C82700910349FDF7E3FAE4692D
S315080185A0CDE700BF90F60308F1E40308D5E4030814
S315080185B0EDE403082DE9F04F0C6807460E4685B031
S315080185C04CB90368214603F58053D3F8582AFFF7B7
S315080185D0AFFF002444E02046A1491AF0ABFB00286E
S315080185E000F0F1803B6803F58053D3F8E05A002D7B
S315080185F000F02981AB46EA690021C3F8E02A28463A
S315080186004FF4987223F0F6FD05F1340A05F58A73DD
S315080186104BF894ABAB6005F12803EB60012305F138
S31508018620D408C5F804B0AB75C5F82C8005F1100956
S315080186304946F0681AF0CBFD044648B97168084600
S31508018640019123F0DBFE421C402A01990CD907242B
S315080186503B6803F58053D3F8E02AEA61C3F8E05A88
S31508018660204605B0BDE8F08F584623F065FED6F8DA
S3150801867008B0584623F0C2FE421C602AE7D859467C
S31508018680504623F059FE2C21504623F097FE78B91F
S315080186904946F0681AF09BFD04460028D8D130698E
S315080186A0B8B97069E8B9B4691CBB0023AB7533E086
S315080186B005F5887A05F5947B00F8014B2C214AF8D3
S315080186C0040F23F07BFE0028E2D0D345F4D103241E
S315080186D0BEE705F112011AF07AFD04460028E0D03A
S315080186E0B6E705F114011AF072FD04460028DAD03E
S315080186F0AEE720465B491AF01DFB0028D5D129466D
S315080187004023424621F8303F03A80123039408F089
S31508018710B9FF044600289BD1F069002830D1306A98
S31508018720002835D13E6806F58059D9F8588A444655
S31508018730002C3AD12B68002B89D06B68002B86D088
S31508018740EB6813B9AB7D002B81D107232A6AEB7538
S31508018750454BC5F81C809A4294BF2A622B626A6A05
S3150801876000219A4294BF6A626B622846C9F8585A30
S3150801877002F0C7FE06F5CE501C3002F0F1FF28E7DD
S3150801878005F1200108F0E3FF04460028C7D05FE79A
S3150801879005F1240108F0DBFF044600287FF458AFF1
S315080187A0736A002B7FF453AFBCE729682068EEF79C
S315080187B0D9FD20B169686068EEF7D4FD08B9E469A6
S315080187C0B6E7182444E7204628491AF0B3FA814641
S315080187D028B9204626491AF0ADFA002835D0B368DB
S315080187E00193002B33D0D6F80CB0BBF1000F2ED174
S315080187F0D7F8008008F5805ADAF8585A2C460CB989
S3150801880017242DE7616870681AF094FA28B121686F
S3150801881001981AF08FFA002845D1E469EFE7AC42CE
S3150801882017D0ED69002DFAD1EAE79C4222D09B4682
S31508018830DB69002BF9D1E3E7DBF81C300BB3DB6905
S31508018840CBF81C301DE003240AE7232408E7072494
S3150801885006E7E37D043B012B8FD90423E3758CE7F7
S3150801886030DD03087C1404089AC4200034DD0308AB
S315080188701EDD0308BBF1000FDED115B1EB69CAF89D
S31508018880583A0023E361E37D072B1CBF0723E375F1
S3150801889002F066FF3B6803F58053D3F8E02AE261EC
S315080188A0C3F8E04A95E608F5CE501C30B9F1000F39
S315080188B0B8D12B46BDE7F8B5069D1C462B7A0F465F
S315080188C0164633B3252897BF184B194A03EB80037D
S315080188D05A6B28461749FDF745F928461649FDF703
S315080188E041F93A4604212846FFF70AFC2846134966
S315080188F0FDF738F9324604212846FFF719FE4CB12F
S3150801890028460F49FDF72EF9224604212846FFF786
S315080189100FFE04B9F8BD2B68E26903F58053D3F855
S31508018920E01AE161C3F8E04A1446F2E790F6030853
S31508018930DDDE03081EE503083DE5030848E50308EF
S3150801894056E5030870B5054616460C468B894A89CD
S31508018950ADF5BC6DD21A0F49FCF7E2F8284606F1C7
S315080189601001FCF7B9FA2846728C0B4901AEFCF7DF
S31508018970D7F83246A18940F2DB532046EEF73CF997
S3150801898000233246335405492846FDF7EBF80DF521
S31508018990BC6D70BD6CE503087BE5030879E1030846
S315080189A0D0E7044A044B00290CBF11461946FDF7C6
S315080189B0D9B800BF8FF2030880E503080B68F7B53D
S315080189C00446084693B9A36804F1080003F58053E1
S315080189D093F8483E1C07C3F3C00144BF264B93F8DE
S315080189E0D915FFF7DEFF002003B0F0BD0DF1070131
S315080189F0FBF70AF80028F7D19DF8075035B9A3689F
S31508018A0003F58053C3F89C5EC3F8A05EA76807F513
S31508018A10805696F80C386BBB96F8483E294665F39E
S31508018A20C30386F8483E144BD3F8D40583F8D955C1
S31508018A3023F0DEFF00B1FEE796F8483E07F5F2504F
S31508018A405907C3F3800258BFC3F3C00296F88E3E96
S31508018A50083062F3000386F88E3EEFF7F8FE002D24
S31508018A60C1D0A368054A03F58053C3F89C2EC3F801
S31508018A70A04EB8E70D20B7E7081800205969010884
S31508018A800A6813B50B46044662B9036803F58053B1
S31508018A9093F87C1A003918BF0121FFF782FF0020DD
S31508018AA002B010BD18460DF10701FAF7ADFF00280F
S31508018AB0F6D124689DF8071004F58053A1B193F8FF
S31508018AC07C2AC3F8740AC3F8780A002AE7D1012276
S31508018AD004F5CE541C34204683F87C2A02F0EAFFBA
S31508018AE0204605F095F9DAE793F87C2A002AD6D0CC
S31508018AF083F87C1AD3E710B50C680B4634B1BDE888
S31508018B00104000F108011846FAF77EBF017AFFF70F
S31508018B1048FF204610BD10B50C685CB9036803F51B
S31508018B20805393F8DC19003918BF0121FFF739FF83
S31508018B30204610BD0720FCE710B50C680B4634B17A
S31508018B40BDE8104000F108011846FAF75DBF017A41
S31508018B50FFF727FF204610BD2DE9F04F05460E46C3
S31508018B601C461746DFF890B085B003F1FF3802EBD3
S31508018B7081094F4518D128461C49FCF7F3FFDFF850
S31508018B807090DFF87880264449462846FBF7C8FFE7
S31508018B9014F8017B1FBBB442F6D12846144905B027
S31508018BA0BDE8F04FFCF7DEBF57F8043B18F801AFF4
S31508018BB01846039323F022FC02305045039B06D83E
S31508018BC059462846CAF10102FBF7AAFFD1E70093E5
S31508018BD05346284607495A42FBF7A2FFC9E74146C9
S31508018BE02846013FFBF79CFFFFB2D3E720E10308C4
S31508018BF095E503088EE5030888E503087C1404084F
S31508018C00F0B50446144B00F108051A1D0221284641
S31508018C108DB0FFF7A1FFA368104E03F58053D3F873
S31508018C20A0460F4F14B920460DB0F0BD204669463F
S31508018C3014F00AFD6A4631462846FBF771FF04F12E
S31508018C401200694614F000FD6A4639462846FCF7C3
S31508018C5089FF246BE6E700BF78FE030897E503085A
S31508018C60A0E503080023F0B50C6885B005460F4654
S31508018C7020462649ADF80E301AF05CF80646A0B92A
S31508018C80E4B9234B05F1080003F108020521FFF7B2
S31508018C9063FFA868214600F5F2501E4BBDF80E2069
S31508018CA000950830EFF747FE28E0786860B30DF1C4
S31508018CB00E011AF08CFA28BBBC682CB320460DF1BC
S31508018CC00D011AF095FAE8B99DF80D301F2B18D841
S31508018CD001249C40002ED4D00F4B02211A1D05F108
S31508018CE00800FFF739FFA868214600F5F2500B4B3B
S31508018CF0BDF80E2000950830EFF7F7FD10B92420CE
S31508018D0000E0072005B0F0BD0024E5E7AAE5030861
S31508018D1090FE03087D6B010884FE03081D6C01089B
S31508018D200CB473B5044606AD55F8046B094B0A46EF
S31508018D300949FBF7F5FE2A46314620460195FBF718
S31508018D40E7FE2046FBF7F9FE02B0BDE8704002B027
S31508018D50704700BF4D1604088AE503082DE9F74355
S31508018D600E6804460D4686B9083420467549FCF74F
S31508018D70F9FE20467449FCF7F5FE20467349FCF7CF
S31508018D80F1FE002003B0BDE8F08330466E4919F0C4
S31508018D90D1FF002851D0686800283CD154F8085FF3
S31508018DA06B4905F5F95605F580552046D5F8242F62
S31508018DB0FCF7D8FE4FF01108664FDFF8B891043674
S31508018DC0B8F1010807F1080719D1D5F8682F204627
S31508018DD06149FCF7C7FE1127604DDFF89881013F0D
S31508018DE005F10805CDD055F8083C4246F35804214B
S31508018DF00093204655F8043CFFF792FFEFE757F832
S31508018E00083C4A46F35804210093204657F8043C87
S31508018E10FFF786FFD4E7524919F08CFF002800F0C6
S31508018E208E80A968002940F08A80A068882200F50A
S31508018E30F950043023F0DEF9A3E73046434919F027
S31508018E4079FF00284FD0686800283FD154F8085F99
S31508018E500B2705F5005805F501551835284698F8E4
S31508018E60591003F03BFE3F4EDFF80C91B835013F30
S31508018E7006F1080611D106273B4EDFF80091013F9E
S31508018E8006F1080613D120463849FBF749FED8E909
S31508018E9054232046FBF7EBFF73E756F8083C49468F
S31508018EA02046EB5A56F8042CFCF75CFEDFE7204611
S31508018EB056F8042C4946FBF733FE56F8083C20467B
S31508018EC02B44D3E90023FBF7D2FFD8E7244919F04D
S31508018ED031FFA0B3AB6893BBA06800F50150183009
S31508018EE003F0ECFD4DE73046164919F023FF30B380
S31508018EF06868B8B9052754F8085F1D4E05F5005589
S31508018F00DFF870801435013F06F108063FF439AFE2
S31508018F1056F8083C41462046EB5856F8042CFCF70F
S31508018F2021FEF0E70E4919F005FF40B1AB6833B9E8
S31508018F30A06800F500501430FBF70CFC21E7072068
S31508018F4020E700BF35F1030841F103084EF1030894
S31508018F50B1E50308ACFE0308C6E503082CFF0308C0
S31508018F60EFED0308ACFF0308FCFF0308EAE5030875
S31508018F7024000408BEE50308D3E50308DAE5030877
S31508018F8070B515460E46137800F1080420460B4ABB
S31508018F9003F00103FFF7C4FE2B7831462046084A41
S31508018FA0C3F34003FFF7BCFE2B7831462046BDE8E4
S31508018FB07040044AC3F38003B2E600BFFFE5030825
S31508018FC010E603081FE603082DE9F04FE3B016463D
S31508018FD01D460F460390002940F0738500F10804E9
S31508018FE02046A549FBF79CFD05F110012046FBF734
S31508018FF073FF2046A149FBF793FD7589B389ED1ADD
S31508019000ADB2002D6ED12046FBF797FD05B9B5899E
S315080190107389AB4240F2558502232946304607AA91
S31508019020EDF708FE002840F04C859DF81D30FF2B12
S3150801903040F09D8104232946304607AAEDF7FAFD3B
S31508019040002840F03E8505F104091FFA89F96FEAFF
S315080190500903BDF81E709BB27FBABFB29F4228BFF3
S315080190601F4607A8ADF81890ADF81A70EEF746FE38
S31508019070738905EB0008984500F223859DF81CA025
S31508019080BAF12B0F00F26E86DFE81AF07901880132
S315080190909901B801C80182028B03D303F1030104C4
S315080190A06C066C066C066C06E004F004FF043F05CA
S315080190B06C0661056C066C066C06710588059605D5
S315080190C0A805BA05DE056C066C066C066C066C0608
S315080190D07204CC05F005000305061B06500650066A
S315080190E050065006102DA84628BF4FF01008B18922
S315080190F04346394409AA89B23046EDF77DFDA5EB09
S3150801910008054246204609A9B844FBF7BDFDADB29C
S315080191101FFA88F775E75A4608212046FCF708FD25
S3150801912020AB03EB47095146204699F80A20FCF77C
S3150801913019FD99F80B300A212046514A03F0030319
S31508019140FFF7EEFD99F80B300A2120464D4AC3F385
S315080191508103FFF7E5FD99F80B300A2120464A4AB3
S315080191601B09FFF7DDFD01379DF88920BBB29A423D
S31508019170D1D8A84443E020AB03EB87075A467B7A4C
S3150801918004212046FCF7D4FCBB7ADA070CD53F4903
S315080191902046FCF7E7FC08F101089DF888305FFADC
S315080191A088F7BB42E7D831E7C3F3011213F0020F80
S315080191B0009220460CBF52464A463549C3F38103FD
S315080191C0FBF7AEFCFA7A3F2A01D13249E0E720469D
S315080191D03B7B3149FCF7C6FCDDE74A4604212046BC
S315080191E0FCF7A6FC20AB03EB051120460931FBF77A
S315080191F02CFF01379DF88830FDB2AB42EDD81FFA36
S3150801920088F503E755F8083C4A465AF8033004211D
S315080192100093204655F8043CFFF782FD013F05F10E
S315080192200805EFD1EBE755F8083C4A463AF803300A
S3150801923004210093204655F8043CFFF771FD013FD0
S3150801924005F10805EFD10727144DDFF85490013FC2
S3150801925005F10805D3D0204655F8042C4946FBF7F5
S315080192605FFC55F8083C22AA13442046D3E900239B
S31508019270FBF7FDFDEBE700BF2FE603084BE9030803
S3150801928056E6030869E603087BE6030899E6030838
S31508019290ADE60308DFE60308F9E603084400040817
S315080192A03D1704085A4604212046FCF741FC07F1FC
S315080192B0020920AB03EB8909B9F8022020469D492A
S315080192C0C2F3C812FCF74EFC99F802300621204673
S315080192D0994A03F01F03FFF723FD99F80230062187
S315080192E0C3F341132046954AFFF71AFD0621204686
S315080192F0934AFFF715FD52460A210398FFF740FEE8
S3150801930001370AF1040A9DF88820BBB29A42C9D8E6
S315080193102FE78C4A02EB8303D3F8E4298A491FFA1B
S3150801932088F52046FCF71EFC70E64A4604212046CD
S31508019330FCF7FEFB20AB03EB051120460931FBF7D1
S3150801934084FE01379DF88830FDB2AB42EDD856E769
S315080193507E492046FBF7E4FB204622A9FCF7B6FB2B
S3150801936054E67B49F5E77B49F3E77B49F1E705F1E4
S3150801937002091FFA89F96FEA0907BFB26EE60823DF
S315080193802946304622AAEEF790FD002840F0998337
S3150801939072491FFA88F58DF88000F6E329463046AA
S315080193A022AAEEF7B1FD002840F08B830123BDF810
S315080193B088206B491FFA88F58DF88030B1E70123BB
S315080193C0294630460DAAEEF770FD002840F079834C
S315080193D09DF8340022A940F0040019F0AFFC0223DD
S315080193E0204657498DF88030FCF7BCFB04210398C9
S315080193F022AA1FFA88F5FFF7C3FD07E62946304674
S3150801940022AAEEF78BFD002840F05B830323229AFC
S3150801941054491FFA88F58DF8803082E79DF81D308A
S31508019420FF2B00F04E830C23294630460DAAEDF793
S3150801943001FC002840F045839DF83530092B02D8F8
S31508019440072B40F03E839DF836103E4A092B02EB66
S3150801945091129DF8371092F8F4298DF88910BDF804
S3150801946038108DF88820ADF88A109DF83C20BDF893
S315080194703A108DF88E20ADF88C1054D9BDF83D30D0
S315080194805BBAADF890309DF83F3007A88DF8923059
S31508019490EEF734FC04272844334985B220468DF873
S315080194A08070FCF75FFB394620469DF988302F4AC4
S315080194B0FFF736FC394620469DF889302C4AFFF7D6
S315080194C02FFC394620469DF88A302A4AFFF728FCA0
S315080194D0394620469DF88B30274AFFF721FC394645
S315080194E020469DF88C30254AFFF71AFC3946204656
S315080194F09DF88D30224AFFF713FC394620469DF820
S315080195008E30204AFFF70CFCBDF890301E4A3946CA
S315080195102046FFF705FC9DF892301C4A0421204697
S31508019520FFF7FEFB72E54FF4A063ADF89030012317
S31508019530ABE700BF15E7030825E7030831E703088A
S3150801954042E7030890F6030848E7030855E70308C6
S315080195506BE7030885E703089FE70308F2E90308B1
S3150801956000EA030839E90308BBE70308C9E7030862
S31508019570DCE70308EDE70308FEE703080FE803083D
S315080195801EE803082DE803083FE8030851E8030825
S315080195904A2828BF4A209DF81D2083B2FF2A00F0D9
S315080195A09082294630460DAAEDF744FB002840F083
S315080195B088829DF83530082B40F283828446092734
S315080195C00DF1360E013F53D1BCF1200F00F279821D
S315080195D0093BDBB26345C0F074823A464FF0800C12
S315080195E00DABC2F3C4011944C97802F007034CFA5A
S315080195F003F319425FFA82FE15D020AB03EB400351
S3150801960083F80AE00DAB0344D97A62AB03EB400E4B
S315080196108B0803F00C0343EA911343EA0113013063
S315080196200EF8FD3CC0B201323F2AD9D19DF8363039
S315080196308DF8890007A88DF88830EEF75FFB0523BA
S31508019640B749804620468DF88030FCF78BFA04210D
S3150801965020469DF88830B34AFFF762FB042120466D
S31508019660B14AFFF75DFBDFF8F0B2DFF8F0A27BE560
S3150801967000221EF8011F02F1010819B962445FFAB6
S3150801968082FC9FE74A1E11404246F4E70223294617
S31508019690304604AAEDF7CEFA002840F012829DF86A
S315080196A01120FF2A00F00D829DF81030252B40F07D
S315080196B00882AB1C9BB2ADF82030DB439BB29342C8
S315080196C028BF13460DF13409ADF822304A4608235E
S315080196D0304608A9EDF784FB0746002840F0F181DA
S315080196E0082108A8EDF7F8FDB8464FF0800AC8F337
S315080196F0C40219F8022008F007034AFA03F31A42CA
S315080197005FFA88FB31D00223304605AA08A9EDF78E
S3150801971067FB002840F0D581022108A8EDF7DCFD9A
S31508019720BDF8142020AB52BA03EB8701C2F380308F
S31508019730C2F3C03343EA4003C2F3013043EA80036C
S31508019740C2F3812043EA0013887A03F03F0320F02D
S315080197503F0003438B720137C2F3051302F00F0270
S3150801976081F809B0CB720A73FFB208F10108B8F1A2
S315080197703F0FBCD107A88DF88870EEF7BFFA2523ED
S3150801978028446A4985B220468DF880304FF0000892
S31508019790FCF7E8F9DFF8C8B1DFF8C8A1DFF8C89126
S315080197A0FBE49DF81D30FF2B00F08B810A23294627
S315080197B030460DAAEDF73EFA002840F082819DF861
S315080197C03530072B40F27D81DDF83600EDF7BFF81D
S315080197D0BDF83A305649ADF88C30BDF83C30229088
S315080197E0ADF88E30062320468DF88030FCF7BAF99D
S315080197F004212046229B4F4AFFF792FA042120466C
S315080198009DF88C304C4AFFF78BFA042120469DF8C7
S315080198108D304A4AFFF784FA9DF88E30484A04216A
S315080198202046FFF77DFA1FFA88F59DF88F30454ADD
S3150801983074E6FE2F00F245813A46494630460DF157
S3150801984089038DF8887019F091FB072320463E4954
S315080198508DF88030FBF764F920469DF888200DF1D4
S3150801986089011FFA88F5FBF721FAFFF7CFBB3146C5
S31508019870069A22A803F0E7FE0823204633498DF805
S3150801988080300027FCF76EF9DFF8CC90B2E4262386
S31508019890294630460DAAEDF7CDF9002840F0118189
S315080198A09DF83530232B40F20C81DDF83600EDF7B3
S315080198B04EF82290DDF83A00EDF749F82390DDF8E5
S315080198C03E00EDF744F82490DDF84200EDF73FF845
S315080198D02590DDF84600EDF73AF82690DDF84A00BE
S315080198E0EDF735F82790DDF84E00EDF730F82890BA
S315080198F0DDF85200EDF72BF82990DDF85600EDF763
S3150801990026F809232A90124920468DF880300A271D
S31508019910FCF728F90F4DDFF854900DF1880A7DE41C
S3150801992074E803081EE8030866E8030871E80308F3
S315080199307BE8030888E803080BE00308A3E80308A3
S315080199409DE80308B3E80308CAE80308E0E9030841
S31508019950D9E8030888000408C9DD030846E60308B0
S3150801996089E60308B4E10308B0E10308BEE5030884
S315080199704423294630460DAAEDF75CF9002840F044
S31508019980A0809DF83530412B40F29B80DDE912011C
S31508019990BDF836300A275BBAADF88830BDF83830DD
S315080199A0D04D5BBAADF88A30BDF83A30DFF874931A
S315080199B05BBAADF88C30BDF83C300DF1880A5BBA5C
S315080199C0ADF88E30BDF83E305BBAADF89030BDF8D3
S315080199D040305BBAADF89230BDF842305BBAADF8AB
S315080199E09430BDF844305BBAADF89630BDF84630D0
S315080199F05BBAADF8983003F046FECDE92801DDE9FA
S31508019A00140103F040FECDE92A01DDE9160103F050
S31508019A103AFECDE92C01DDE9180103F034FECDE962
S31508019A202E01DDE91A0103F02EFECDE93001DDE94B
S31508019A301C0103F028FE2223CDE932012046AA495A
S31508019A408DF88030FCF78EF8FFF7F9BB012329461C
S31508019A50304622AAEEF729FA98BB0E239DF88820EC
S31508019A60A2491FFA88F58DF880305AE4294630460E
S31508019A7022AAEEF749FA20BB0F23BDF888209C4994
S31508019A801FFA88F58DF880304BE40323B7FBF3F30F
S31508019A9003EB4303FF1A14D18DF888700DF18A0878
S31508019AA0BDF81A30002B00F061819DF888303E2BF5
S31508019AB000F25C81032330460DAA06A9EDF790F959
S31508019AC010B163B0BDE8F08FBDF834209DF83600BB
S31508019AD052BA130991B203F06003C2F3C4221343C5
S31508019AE043EAC113414640F0040021F8023B19F04C
S31508019AF025F99DF888300321013306A88DF88830A9
S31508019B0008F10408EDF7E8FBCAE7FE2F3B4628BF34
S31508019B10FE230DF18902494630468DF88830EDF766
S31508019B206BF81123204673498DF88030FAF7F8FF50
S31508019B3020460DF189019DF88820FBF7A5F82046F6
S31508019B406D491FFA88F5FCF70DF8FFF75FBA294644
S31508019B50304622AAEEF7E2F90028B2D11323229A57
S31508019B6066491FFA88F58DF88030FFF7DABB0823B6
S31508019B702946304622AAEEF798F90028A1D11723DB
S31508019B805F491FFA88F58DF880302046FAF7C8FF35
S31508019B90204622A9FBF7CDF8FFF738BA2946304601
S31508019BA022AAEEF7B1F900288BD118231FFA88F5F6
S31508019BB08DF88030FFF72ABA20222946304622AB93
S31508019BC0EEF746F900287FF47CAF19234D491FFAB1
S31508019BD088F58DF8803022AAFFF7A3BB20222946F3
S31508019BE0304622ABEEF734F900287FF46AAF1A2320
S31508019BF045491FFA88F58DF8803022AAFFF791BBEF
S31508019C0010222946304622ABEEF722F900287FF4C6
S31508019C1058AF1B233D491FFA88F58DF8803022AAD3
S31508019C20FFF77FBB60222946304622ABEEF710F9D3
S31508019C3000287FF446AF232335491FFA88F58DF8A6
S31508019C40803022AAFFF76DBB40222946304622AB57
S31508019C50EEF7FEF800287FF434AF1C232D491FFACE
S31508019C6088F58DF8803022AAFFF75BBB0023CDE982
S31508019C700D36069B22A90DA80F93F0F7FAF90028CD
S31508019C807FF41FAF2423229A23491FFA88F58DF8FA
S31508019C908030FFF746BB0123294630460DAAEEF769
S31508019CA004F900287FF40DAF26229DF834308DF88B
S31508019CB08020032B8DF888307FF62BAB174AFFF7E8
S31508019CC02DBB3146069A22A803F0BDFC2723204660
S31508019CD013498DF880300027FBF744FFDFF84890D9
S31508019CE0FFF730BBD0000408E7E80308F5E80308E6
S31508019CF009E903081EE903082DE903082FE9030802
S31508019D0046E903084EE903085EE903086FE9030813
S31508019D1085E9030898E90308B1E9030891F60308F8
S31508019D20D4E90308D3E50308C9DD03080823304647
S31508019D3022AA06A9EDF754F800287FF4C2AE8DF8D9
S31508019D4080A0AAF1290A1FFA88F5BAF1020F3FF68F
S31508019D50FFAA01A353F82AF0639301086793010840
S31508019D606B9301081FFA88F5FFF752B907A8EDF7B3
S31508019D70C5FF10238046064920468DF88030DFF856
S31508019D8014B0FBF7EFFE0DF18C0AFFF7BCBA00BF62
S31508019D900FEA0308C9DD030810B40446184613463A
S31508019DA00A4621465DF8044BFFF70EB92DE9F0473F
S31508019DB0044615460E46136898B002931389019313
S31508019DC0D38800939388574AFEF7AAFFEB68314672
S31508019DD02046554AFEF7A4FF544A31462046FBF76A
S31508019DE0A7FE204605F11201FBF776F820466A6AB6
S31508019DF04F49FBF7B7FE314620464E4AFBF798FE18
S31508019E0095F82E70002F40F08280AA6AAB8D204605
S31508019E1049490592ADF81830ADF81A70FAF780FE7F
S31508019E200122059858B945492046FAF779FE204690
S31508019E302A6B3F4918B0BDE8F047FBF793BEBDF85A
S31508019E4018100144BDF81A30C6188E42EBD210F824
S31508019E50039006F1010A0AEB090C6145E3D30133C4
S31508019E604B44ADF81A30B9F1000FEBD073783D2B9E
S31508019E70E8D000230DF11B011AF803003D2823D170
S31508019E8003F101085FFA88F660336B44A9EB06060D
S31508019E9003F8447C5AFA88F8B6B21AB92046284912
S31508019EA0FAF73EFE2046274907AAFAF739FEB8F11E
S31508019EB0000F1DD020462449FAF732FE32464146A4
S31508019EC02046FAF7E1FE13E0402B13D11AB92046D2
S31508019ED01B49FAF725FE20461749FAF721FE51468E
S31508019EE020464A46FAF7D0FE20461449FAF718FEE4
S31508019EF0002296E7013301F8010FD8B28145BBD894
S31508019F00002660336B44B04603F8447CC5E7204617
S31508019F100949FAF705FEA96A2046AA8DFAF7B4FE99
S31508019F200A4981E71CEA030845EA03084DEA0308DA
S31508019F303CEA03085AEA03081DEB030864EA030826
S31508019F40D2E4030879E103085FEA030861EA030832
S31508019F502DE9F04F40231446ADF5757D83460E462F
S31508019F60ADF8D0316068FF2334AA74A9F0F7E0FF91
S31508019F70002840F0F78058467E4934AAFBF7F2FDDF
S31508019F80002E40F0F080059613AD00214FF04008F1
S31508019F906268A068C5E90012BDF81430A5F8088002
S31508019FA0002800F0E080228A0DEB0807ADF834207E
S31508019FB00A2203920C22CDE900520297628A0DA960
S31508019FC0F1F74AF9002840F0CE80D4F808A00DA987
S31508019FD05046BDF834908DF82180F0F769FF0028C6
S31508019FE040F0C180A9F10A039AB206923A89BDF8EE
S31508019FF0341052BA92B212FA83F30A33994200F232
S3150801A000B280ADF834900DF190094A4650460DF1EB
S3150801A01021030DA9F0F764FF0790002840F0A380FB
S3150801A0203A89069B52BABAF80A1013FA82F20A3228
S3150801A0308A4200F298804A4658464F49FBF792FDF4
S3150801A040FF22ADF86C204FF4007234AB1A9374AB4F
S3150801A0502193ADF88820079B6268CDE90D33C7E9DE
S3150801A0600032ADF83C30A368A7F8088053B3238AB9
S3150801A070B4F81280ADF82230B8F1000F22D03A4672
S3150801A080A0680DF12201F0F7D1FFD8B90A23009390
S3150801A0900C22A0680AAB0DF12201F1F7AFF81728D7
S3150801A0A054D078B9BDF82230A26868812A6028465A
S3150801A0B02B81AB81CDF82490F0F7B9FE824640B1E9
S3150801A0C017283BD05846FAF738FD059B0133059307
S3150801A0D05BE70122284609A9F0F77CFF70B3BDF8B2
S3150801A0E02230A2680DF16E00ADF83C30CDE90DA223
S3150801A0F0CDF85CA0CDF880A0CDF88CA08DF88AA00B
S3150801A100FAF728FB1A9B33BB0121204617AB0DAA88
S3150801A110F1F7A3FC0028D5D10121204617AB0DAADA
S3150801A120F1F7EDF80028CDD1239B0BB9ADF88830AE
S3150801A1300421584617AAFFF739FEC3E7BDF83030A0
S3150801A140BDF822205BBA1344ADF8223008F1FF3876
S3150801A1501FFA88F890E7BDF86C20002AD4D083F856
S3150801A16000A0D1E70646304613F024FA0DF5757DB1
S3150801A170BDE8F08F66EA030879E1030813460A4643
S3150801A18001461846E4E62DE9F04F14464FF040091A
S3150801A190ADF5757D0DF5E87807460E4660684146CA
S3150801A1A00DF10F0314AAA8F800908DF80F90F0F797
S3150801A1B097FE38B10646304613F0FCF90DF5757D64
S3150801A1C0BDE8F08F34ADFF232A4641466068F0F7B3
S3150801A1D0AFFE0028EED12B463846344914AAFBF7C0
S3150801A1E0C1FC002EE7D1FF23ADF82C304FF40073E4
S3150801A1F00DF12E0A50460A95CDF84480ADF848303F
S3150801A2000796109613968DF84A60B346FAF7A2FA9E
S3150801A2102E701725616824A8CDE904B1ADF8189008
S3150801A220F0F7C2FB9DF89080B8F1010F15D9A8F196
S3150801A2300303022B1BD9E468002CEBD1139B0BB942
S3150801A240ADF84840002DB6D13846294607AAFFF78A
S3150801A250ADFD3846FAF771FCADE710ABCDE900A3C1
S3150801A26000232046194604AAF1F7E7F8E3E7A8F11F
S3150801A27004035D42A8F105005D414142414107AB36
S3150801A280204604AAF1F7E9FBB8F1050F01D1172811
S3150801A29001D000288FD12946204607AB04AAF1F739
S3150801A2A02EF805460028C6D085E700BF81EA0308CF
S3150801A2B013460A460146184665E72DE9F04F40233D
S3150801A2C01746FBB081460E46ADF868307868FF231D
S3150801A2D03AAA1AA9F0F72CFE002840F082814846CE
S3150801A2E0C1493AAAFBF73EFC002E40F0D8800596F4
S3150801A2F0122200210DF15600BDF8144021F07AFF13
S3150801A3003AAB1493FF23ADF854301AAB1893802354
S3150801A3107A8AADF86430A24209D8FB8ABDF81410CE
S3150801A3201344994280F2AA8001238DF866303B8A4C
S3150801A3302246B86809A9ADF82430F0F740FF05466A
S3150801A340002840F04381FF23B8683AAA09A9F0F723
S3150801A350EFFD0446002840F02D81BDF824800A232C
S3150801A3604146B8680AAAECF765FC0546002840F09C
S3150801A3702D81D7F808B0424659460DA8F0F70AFFCD
S3150801A3800446002840F01681BDF8343008F10A0861
S3150801A3905BBAADF84030954B0D22009394490623DC
S3150801A3A01FFA88F810A8ADF82680ECF78CFA8246D1
S3150801A3B000286AD1554618F0F3FABDF82830BDF8D9
S3150801A3C030405BBA64BAADF85630A4B20B98ADF812
S3150801A3D05840ECF7BCFA802CA24628BF4FF0800AF9
S3150801A3E0834653461790ADF864A01AAA002D00F0CB
S3150801A3F0EA8000212846ECF7FFFB284618F0D0FA38
S3150801A4007C4D4846BDF814207B49FBF7ABFB95E824
S3150801A41007000DF1400C8CE807009DF866E0042161
S3150801A420BEF1020F94BF5CF82E50A5F6D725484613
S3150801A430BDF85630714ACDE901B50094FEF770FCB6
S3150801A4403AAB042148466E4AFEF76AFC042148469F
S3150801A4506C4AFBF76DFB524648461AA9FAF714FCF3
S3150801A460802C03D948466849FAF75AFB4846674992
S3150801A470FBF778FB059B0133059339E77A8B134480
S3150801A480994280F2AA8002234FE721460620604AB4
S3150801A49018F080F9054640B918F082FA03263046C5
S3150801A4A013F088F87BB0BDE8F08F204618F078FAEB
S3150801A4B0BDF83C209AF8023052BA92B29A4204D2B6
S3150801A4C0284618F06DFA0626E9E74246594628460F
S3150801A4D0ECF765FD044600286CD19AF8023006901F
S3150801A4E04344ADF826309AF803109DF81830BDF8A4
S3150801A4F0262099421CD8BDF83C30A2EB08015BBA6C
S3150801A5009BB29942DCDC4344BAF804109B1A9BB20D
S3150801A5109942D5D859462846ECF741FD0446002804
S3150801A52048D1BDF828306C895BBAADF856304DE78D
S3150801A53058460DF126010792F0F7BAFC04460028A1
S3150801A54038D1079ABBF1000F04D12846F0F745FC2C
S3150801A55004462AE0CDF840B0ADF84820ADF84A00E7
S3150801A560ADF84C2010A8F0F762FC044630B1172C60
S3150801A5702846EBD018F014FA264690E79DF846309F
S3150801A580013B3E2B1DD828460DF14601ECF7C8FCC8
S3150801A590044650B928469DF84630BDF8442010991E
S3150801A5A0ECF7FDFC04460028DCD0069B0133069334
S3150801A5B0002C98D0284618F0F3F9172C18BF264610
S3150801A5C06DE70724F1E74146B86814E7002018F05B
S3150801A5D0E7F9172D18BF2E4661E7002018F0E0F9B4
S3150801A5E05DE706465BE700BFB7EA0308CF650008E3
S3150801A5F01801040868010408D2EA0308D6EA030820
S3150801A6000AEB030812EB03081FEB030864EA0308C5
S3150801A6106601040813460A46014618464DE62DE921
S3150801A620FF41086808B908F05DFA3E4918F082FB4F
S3150801A630002872D00023012401A8CDE902338DF840
S3150801A640044013F08FFB039B980262D52146364CD2
S3150801A6503D200AF001F963680BB10AF085F8012279
S3150801A660324B5A6063689907FCD402230125A3601B
S3150801A67063622F4B5D600AF077F82B4BE5609A6AA7
S3150801A680D206FCD402221A639F6A17F01007FBD17F
S3150801A6900323264A1E205361A2F5805293610AF0CC
S3150801A6A091FF4AF6E853234CE56EE66E25F003055D
S3150801A6B045F0020546F00306236672B6DFF88C807C
S3150801A6C00AF05CFAD8F87030012023F0070343F04A
S3150801A6D00103C8F870300AF081FC384618F08CFA84
S3150801A6E0D8F864305B0142BF134B144AC3F82024DF
S3150801A6F0134BE566E666E566E666E566E666E566DD
S3150801A700E666E5669B6ABFF34F8FBFF36F8F30BF6F
S3150801A710FEE70C4B0C4A1A6085E7232004B0BDE816
S3150801A720F08100BF23EB030800C0005000E0005091
S3150801A73000D000500040005000E003500000FF0F19
S3150801A740008009500000002002020FF0008000502E
S3150801A7502DE9F7430C4605464549206818F0EAFAFB
S3150801A760002800F083806468A4B9A96801F500533C
S3150801A770D3F8A42412B9D3F8A83433B101F5125188
S3150801A780243105F10800FAF7D4FA0024204603B06B
S3150801A790BDE8F0832046374918F0CCFA40B3AC68D7
S3150801A7A004F50053D3F8A4241AB9D3F8A834002B16
S3150801A7B0EBD004F512552C4605F12406314605F170
S3150801A7C034002C34EFF77CFB70B121462A48F1F7A7
S3150801A7D0EFFD48B1284601F06FFB284601F042FB20
S3150801A7E010B9284601F05BFB3046ECF721F8CCE7B7
S3150801A7F06E462046314618F0B3FC04460028C5D1FA
S3150801A8003046F1F756F878BBD5F8089009F50055A2
S3150801A810D5F8A43409F5125707F1240013B9D5F868
S3150801A820A83423B13146EFF74BFB0028AED196E8A1
S3150801A830030005F2A44888E8030009F512510E48F9
S3150801A8402C31F1F7B5FD0028A0D0384601F034FBCC
S3150801A850D5F8A4343846C5F8B434D8F80430C5F860
S3150801A860B83401F01CFB91E707248FE723248DE711
S3150801A8702EEB03081EDD03081C35002070B50C46B7
S3150801A88005468AB03B49206818F054FA08B1606851
S3150801A89008B9072047E02F2121F090FD0646002838
S3150801A8A03AD10023606802A98DF8203018F058FCC7
S3150801A8B0002838D12D689DF8204005F50C5534350A
S3150801A8C0002C51D004A8EBF7B3FF631E3F2B41D8E8
S3150801A8D0DDE906260DF1170123460846072B3AD866
S3150801A8E0E308C3EB431104EBC10414F0FF040AD0D7
S3150801A8F0C01A0123A3400178DBB25C42013B214027
S3150801A90013400B43037001A904A8EFF725FB28465A
S3150801A91001A905F09DFB06E004A9013006F034FE05
S3150801A92018B11728BDD00AB070BD049B059AB3F5B6
S3150801A930807F72F10002ACD2DBB28DF82030013B88
S3150801A9403F2BA6D83070606806A906F01DFE1728A9
S3150801A950AED1A6E7FEE701F80129083B120A42EA49
S3150801A9600662DBB2360AB9E704A902A8EFF709FBC2
S3150801A970C9E700BF32EB03082DE9F043074608682B
S3150801A98099B058B106A918F033FC0446002848D1F5
S3150801A9909DF818301F2B43D801209840DFF8A8816D
S3150801A9A0D7F8089098F80C38002B00F0BB8009F509
S3150801A9B0005595F8E432002B40F0B6805C4BC5E9AA
S3150801A9C0B03795F82E3323F0030385F82E33D8F8DC
S3150801A9D0543EC5F8E03210B10340C5F8E032102004
S3150801A9E018F0BBF90646002800F0A0804FF6FF7361
S3150801A9F0438295F8ED224F4B019302B3F1238DF86B
S3150801AA001830D5F8E832402A4FEA13418DF81A1062
S3150801AA104FEA13218DF81B108DF81C3005D9FEE776
S3150801AA200724204619B0BDE8F08309F50B51D31C5C
S3150801AA302E310DF11D008DF8193021F07DFC1A23F8
S3150801AA4001A88DF80030EDF759F9C4B295F8ED0271
S3150801AA5018B106A8EDF752F9C0B204446946304662
S3150801AA608DF80140EDF7FAFA0446B8B9314601A85E
S3150801AA70EDF74EF9044688B995F8ED3293B92E4BA0
S3150801AA8009F50B59736202A8C6F82890F1F7BDFAC1
S3150801AA90304602A903F0FAFC044658B13046EBF7F2
S3150801AAA0B0FFBEE7314606A8EDF732F9044600289D
S3150801AAB0E5D0F3E74FF6FF73B8F8504E9C420DD137
S3150801AAC0ECF715FC81B2A142FAD01C48EDF7AAFEB3
S3150801AAD095F82E3343F0020385F82E33FF2309F147
S3150801AAE02C0185F8EC3209F12000EDF705FE002866
S3150801AAF014BF0223012385F8E432114B93F8592038
S3150801AB0032B193F85B301B0702D4012017F0E6F93E
S3150801AB100C4B072103F1080207F10800FEF71CF8A0
S3150801AB2024247EE70D247CE705247AE7032478E7C5
S3150801AB307D6B01088002500005BE0108303C0020EB
S3150801AB40E83D002074010408E82D002070B50D4683
S3150801AB5098B0286804A918F023FB0446002847D1B1
S3150801AB6068680DF1060118F043FB044600283FD139
S3150801AB70A8680DF1050118F03BFB0446C0BB03A903
S3150801AB8004A89DF806509DF8056012F0BBFC044622
S3150801AB9070BB402E31D86B1EDBB2FD2B2DD814208D
S3150801ABA08DF8075018F0D9F8054620B35A2302A99B
S3150801ABB08DF80830731C8DF80930EDF74FFA044605
S3150801ABC098B928460DF10701ECF7AAF9044660B9C8
S3150801ABD03246284608A9ECF788F9044628B92846D2
S3150801ABE004A903F053FC044610B12846EBF709FF04
S3150801ABF0204618B070BD0324FAE70724F8E7F0B534
S3150801AC000D6804460F4687B07DB954F8083F03F529
S3150801AC108053D3F8385715B9002007B0F0BD294637
S3150801AC202046FAF712FA2D69F5E72846374918F04A
S3150801AC3081F800283BD002AE3146786818F0B0FAA0
S3150801AC400028EAD19DF80830A568FF2B27D105F51C
S3150801AC50B950324601A91830F1F730FB08BB2C4F21
S3150801AC6031463846EBF7B6FDE8B93F69002FF7D10B
S3150801AC7005F58055D5F8A847BCB12369C5F8A837A5
S3150801AC8096E80F0084E80F002775D5F838374FF492
S3150801AC9080502361C5F8384717F036FABCE7072014
S3150801ACA0BBE71820B9E72520B7E70320B5E728460B
S3150801ACB0184918F03FF868B1786802A918F070FACF
S3150801ACC00028AAD1A06802A900F5B9501430F1F7F5
S3150801ACD007FBA2E72846104918F02CF840B1204690
S3150801ACE050F8081F01F50A511831FAF7AEF993E73A
S3150801ACF028460A4918F01EF830B1204650F8081FB0
S3150801AD0001F50A512C31F0E7232086E730DD0308E7
S3150801AD104CF80308D7DC030838EB03083EEB0308B5
S3150801AD2037B50446656E084611461DB1A26E0092F6
S3150801AD30E26FA84703B030BD70470020044BD3F833
S3150801AD40C02283F8E40212B1D3F8C412104770473F
S3150801AD50E83D00204378072B08D90388C3F3C700C9
S3150801AD605B074CBFC043404240B270477F207047E3
S3150801AD70142806D80A2806D8022894BF00200120DC
S3150801AD8070470320704702207047024690F820302A
S3150801AD9030B5C4189442154606D1202B08D05A1C42
S3150801ADA080F82020C15403E02D7801328D42F1D17B
S3150801ADB030BD30B40446184643B901F1310323F0D6
S3150801ADC001035B78B3F1440018BF012065681DB122
S3150801ADD0AC46A36830BC604730BC704737B5684697
S3150801ADE018F0BAF80525124C013D009B0AD10199C4
S3150801ADF003F10043013B8B4202D00E48ECF7C4FC39
S3150801AE0003B030BDA27C92070BD5E16949B15B1A43
S3150801AE10002B08DB204617F04DF9A37C6FF341039D
S3150801AE20A3742034E0E76846ECF732FBF9E700BF84
S3150801AE30A03600209436002070B505460446002148
S3150801AE4015F80B0F0FF00EF8FF2629462046EDF7E9
S3150801AE5053FC68B9E27A237B9A420BD0606804F105
S3150801AE60100580B901462846BDE87040ECF721BCBB
S3150801AE70E672EAE7A37A002BF0D0013BDBB2A372B4
S3150801AE80002BEBD170BD2189ECF752FAEAE70148AC
S3150801AE90D2E700BFC44200200048CDE7DC430020CA
S3150801AEA010B50D4C94F8E432012B14D104F53B711D
S3150801AEB004F53870EDF720FC10B1022384F8E4326A
S3150801AEC0237A5A0707D56FF3820323720348BDE82D
S3150801AED01040ECF7CDBA10BDE83D0020F43D002046
S3150801AEE0F8B5036A0D6804469D424FF080000F7954
S3150801AEF0CE790CD017F008F9B4F8C4300133A4F8A8
S3150801AF00C43084F8247084F827602562F8BD17F0E8
S3150801AF1053F9F6E72DE9F041644D8AB02B7A180703
S3150801AF2008D4590706D455F8344CA5F5805624B9E2
S3150801AF30C6F8EC4F0AB0BDE8F0812379E769DA076C
S3150801AF401BD5C3F380185B0617D4204617F082FB7E
S3150801AF50022812D02379677943F010037F092371F8
S3150801AF600DD0DBB268F30413204602212371E76989
S3150801AF7016F0DEFF204617F050FB3C46D7E72B7A42
S3150801AF806A4667F300032B72394628232046EBF7F6
S3150801AF9051FE9DF80830FF2B7ED0454804A9EEF7EF
S3150801AFA0E2F80223434986F8F83F01F5B570EEF752
S3150801AFB0E3F830B9B6F8823EA6F8F03F012386F8E1
S3150801AFC0F83F95F85930012B34D806A8F1F767F8F8
S3150801AFD0074600284FD148F2FE02BDF8183023F47F
S3150801AFE07C539BB2934257D1334808A9EEF7BBF875
S3150801AFF00223AB70237967F3041323712379E76975
S3150801B000D907BAD5A389C6F8EC4F002B48D096F8CC
S3150801B010483EDA078ED596F8493E042B8AD0B6F80B
S3150801B0204A3EDB0686D4042124480AB0BDE8F0412D
S3150801B030EDF750BC9DF81820FF2A12D048F2FE02FF
S3150801B040BDF8183023F47C539BB2934219D11A48A0
S3150801B05008A9EEF788F80223AB7023796FF3041376
S3150801B060CBE7022B07D12379980704D5A37903F0F7
S3150801B0700F03012B05D14FF6FF73A6F8FA3F0123FB
S3150801B080EAE795F89E3003F00F03072B14BF4FF636
S3150801B090FE73B5F89C30F0E7237967F3041363E789
S3150801B0A0237943F008032371B1E700BFE83D002087
S3150801B0B0D83D00206E3C0020E23D0020303C0020B7
S3150801B0C070B500F50A76054630460C4612F057FF6C
S3150801B0D060B1B5F836325BBA9BB2A34206D03046A8
S3150801B0E016F0E8FF31460A48ECF7A1FB2146094864
S3150801B0F0EEF7E3F84FF6FE739C42AC8007D064BACC
S3150801B100A5F836423046BDE8704012F067BF70BDFB
S3150801B110F8350020643C00200346086A10B50C4641
S3150801B12050B1CBB1591CEBF7FBFE30B1206A08B11F
S3150801B130EBF767FC0023236210BD637F0133DBB2A3
S3150801B140FF2B6377F8D14FF4FA71207704F12400C5
S3150801B150BDE81040ECF7ADBA4A69531E13404B617E
S3150801B16023B90B7F0A69013B4A610B77237F04F1F7
S3150801B17024000BB1218BEBE74FF4FA71E8E70023C2
S3150801B18030B587B08DF803300B780546FF2B0C4692
S3150801B19011D0204601A913F0E7FF9DF816309A074A
S3150801B1A009D5DB0741BF9DF8153003F00F0363F09E
S3150801B1B07F038DF8033028460DF10301EBF7B0FE46
S3150801B1C038B99DF8033033B9102221462846EBF7E2
S3150801B1D08CFE07B030BD0822A118F7E737B514462B
S3150801B1E06A460546ECF727FEA0B9009A2072019235
S3150801B1F0120C082A134628BF0823032AADF806307D
S3150801B2000AD92246284601A9EBF7EAFD10B9BDF885
S3150801B2100630237203B030BD0620FBE7F8B50E46AB
S3150801B22015460A4605210746ECF7D8FE044650B9E5
S3150801B2302A4608213846ECF7D1FE20B1172812BF55
S3150801B240062433682B602046F8BD30B585B00D4617
S3150801B2500A220B2101ABECF7D4FD044670B99DF81F
S3150801B2600530072B0DD9DDF80600EBF770FBBDF8A5
S3150801B2700A302860AB80BDF80C30EB80204605B05B
S3150801B28030BD0624FAE713B504220C4601AB562154
S3150801B290ECF7B7FD58B99DF80530012B91BF06208B
S3150801B2A09DF8063023709DF8073088BF637002B099
S3150801B2B010BD70B50C460546C2B001A8164617F072
S3150801B2C0EDFD04F118016A462846C9B2ECF7B3FD4B
S3150801B2D030BBBDF80230FE2B24D86946284601AAA0
S3150801B2E0EBF77EFDE0B9BDF802308DF80231EBF7D8
S3150801B2F0B0FA419001A8EEF713FF88B9002C0CBFEC
S3150801B3000E2133210823324601A8EEF7FCFA38B993
S3150801B310012C024601A914BF03480448EFF76EFA47
S3150801B32042B070BD0720FBE72C3B0020583B0020AC
S3150801B33038B5437804460BB10023437004F1700510
S3150801B3402846ECF72AFA0D4B93F85930022B0ED101
S3150801B35044F620612846ECF7ACF900232279E3701C
S3150801B360012A09D12371BDE8384016F049BD033BCE
S3150801B370012B9CBF0023238138BD00BFE83D002077
S3150801B38010B40B4A92F85940022C0ED192F85B1070
S3150801B39009070AD5516E4FF47A7251430470A1F622
S3150801B3A0B4715DF8044B12F095BA5DF8044B704719
S3150801B3B0E83D002030B58DB06846284D17F0CCFD24
S3150801B3C002A8EBF735FA55F8C41F04A817F0FBFDD8
S3150801B3D0049C7CB969462248ECF7E8F9029904A865
S3150801B3E017F0F1FD1F4C049800BB02A8EBF7D2FE3B
S3150801B3F00DB030BD182300210DEB03022046EBF7F3
S3150801B40019FC0699009B5B1A002B06DA6846ECF7CD
S3150801B4103FF804A8EBF7EFFADAE721462846EBF7F7
S3150801B42098FE214602A816F0A9FDF2E71823002185
S3150801B4300DEB0302EBF7FEFB9DF82C30052B08D02C
S3150801B440072B02D107A817F0CAFC04A8EBF7D3FA11
S3150801B450C9E7204618F0EEFFF7E700BFE83D0020F0
S3150801B460B43E0020403E002038B505464C782B797D
S3150801B4700234E4B29C4208460ED82A6891420BD39C
S3150801B4801A4421448A4207D3521AD2B220F03AFF0B
S3150801B4902B791B1B2B7138BDFEE713B5084C00220F
S3150801B4A004F59F630093D4F80815064BA4F5DC70E0
S3150801B4B0EDF741FA0023C4F8083502B010BD00BF04
S3150801B4C0E83D002009E701081822002120F092BE74
S3150801B4D0034610B55A7C0846D209097C05D01A7C60
S3150801B4E08A4204D00022104610BD8029FBD11C7C5B
S3150801B4F019462246EBF707FA84428CBF002201223D
S3150801B500F1E72DE9F043C37D05468B420C4697B01A
S3150801B51025D041B902AB00934FF4A0030193836888
S3150801B5208DF80810A3B90120EC7517B0BDE8F083B2
S3150801B530002A14BF3A46424649466846EBF75BFF7E
S3150801B5400136A968B2B251F82230002BF0D1EAE7E8
S3150801B5500E46044FDFF81080DFF81090F1E700205F
S3150801B560E3E700BFD2E403084D16040860040408A3
S3150801B57038B50D4B044653F82150036853B1EBF720
S3150801B58068F9D4E90032811A8B4292BF00209B18D0
S3150801B590181A20602368AB422CBF23602560EBF79D
S3150801B5A058F9606038BD00BF6804040890F87A301D
S3150801B5B01A1F012A0BD9072B04D1002380F87A30E8
S3150801B5C00020704713F0FD0FFAD00223F6E70D208D
S3150801B5D0704738B5037804468B4230D0054605F8DE
S3150801B5E0801B0239012902D8DFE801F0062728461F
S3150801B5F0BDE83840ECF7D1B8436ADBB1EBF729F976
S3150801B600D4E90931421A9A4211D21944091AB1F5F3
S3150801B610FA7F38BF4FF4FA71002363620A20EBF709
S3150801B62079FE01462846BDE83840ECF742B84FF4A2
S3150801B630FA71F1E74FF4FA71F0E78168F2E738BD7C
S3150801B6402DE9F04390F87A80044611F808300F4640
S3150801B6504345914614BF01260026C56F8BB018BF16
S3150801B66080F87A3055BBB8F1060F23D094F87A30B2
S3150801B670062B1FD194F8A030042B2ED0052B01D010
S3150801B680032B17D16A46174604F13E0304F14E0C03
S3150801B690154618685968083303C563452A46F7D11C
S3150801B6A0B4F84E303946ADF810300C20122305AAED
S3150801B6B012F099FD30460BB0BDE8F083B9F1010FE0
S3150801B6C002D12B6A002B06DAEB7D2846F95CFFF7D7
S3150801B6D018FF3043C6B2ED69C4E70C2011F0EDFF3F
S3150801B6E00C28E7D1FEE77FB5044601AD00F17003EA
S3150801B6F093E8070085E8070094F87A10072909D125
S3150801B700002222675A609A6094F87A30072B18BF8C
S3150801B71084F87A104FF4E1630421A3602046FFF709
S3150801B72058FF00231A46E16F29B92A462046FFF732
S3150801B730F7FA04B070BDC87DCE69072807D14AB9A2
S3150801B740E06F08B1C069E067CB610B4611460A464E
S3150801B7503146E9E7D0690028F6D0C069D061F3E738
S3150801B7602DE9F3410446684617F0F6FB2778012FC1
S3150801B77034D9236F93B394F87A30072B0CD8DFE8C2
S3150801B78003F01D0B1D0B040B152D01264FF00208A6
S3150801B790E56F45BB16B11DE0052B22D1042F1DD13E
S3150801B7A0694604F18000ECF701F817E0E268009BAE
S3150801B7B09B1A002B15DB022384F87A30E36F6BB1F1
S3150801B7C094F8793013B994F878303BB194F87A3013
S3150801B7D0052BDAD102212046FFF7FBFE02B0BDE8B0
S3150801B7E0F0810026D2E7EB7D062B0DD8DFE803F0C2
S3150801B7F00B0C0B0C0B0C0400A969009B5B1A002BA4
S3150801B80004DB85F817800126ED69C2E76846EBF780
S3150801B8103FFEF9E72DE9F04304460E468BB004A82E
S3150801B82017F029FB2378B589012BADF8005040F2B2
S3150801B8302781042B00F024810C232946304604AACB
S3150801B840EBF7F8F9002840F01B819DF81230DA0968
S3150801B85000F01681C3F3C303052B40F01181BDF82F
S3150801B860103062885BBA9BB2934240F009818C4BD7
S3150801B87093F85B301B0701D411F03EFC00229DF8BA
S3150801B8801330884903F00F03CF5C84F8A2203FB335
S3150801B89094F87A303946012B08BF84F87A200A22AF
S3150801B8A0A3682046B3FBF2F37F4A03EB03139342E3
S3150801B8B094BFA360A260237804F17002052B1CBF14
S3150801B8C0052323700023FFF72BFA1D2F02D0082F1B
S3150801B8D040F0D68020460BB0BDE8F0430EF032BEEC
S3150801B8E0BDF814300C35ADF800509BB1B3F5807F27
S3150801B8F040F0C68069463046EFF7DAFA002840F08C
S3150801B900BF80BDF8003072890433934200F2B880D3
S3150801B910ADF80030BDF81650BDF818306DBA5BBAEF
S3150801B9201D44BDF81A305BBA1D44ADB205BB636947
S3150801B9304FF47A70F02B40F2A680783B584303D037
S3150801B94043F69821EBF7F4FCE3681844E36FE060EB
S3150801B950002B40F09D80012254492046FFF770FED6
S3150801B9602046FFF7C0FE20460BB0BDE8F043F7E6D8
S3150801B97069463046BDF80070EFF79AFA00287FD17C
S3150801B980BDF800900A234946304601AAEBF752F959
S3150801B990002875D1BDF80C3072895BBA09F10A091C
S3150801B9A01FFA83F819FA83F3934269D8ADF8003080
S3150801B9B0BDF80430013DB3F5245FADB2B6D13046CA
S3150801B9C00DF10201ADF80270EFF772FABDF80270D7
S3150801B9D073890A37BFB2B8449845ADF802704FD893
S3150801B9E01FFA88F8B845A1D904233946304607AA6B
S3150801B9F0EBF720F9002840D1BDF81E2052BA92B2C1
S3150801BA00131DD91941453BD8BDF81C109BB2B1F598
S3150801BA10007F2FD1032A33D90C2B28BF0C23394693
S3150801BA20304607AAEBF706F9BDF81E30B3F5806F65
S3150801BA300ED10898EAF78BFF1D4B834228BF0346B0
S3150801BA401F461B4B6761984294BFA061A3616DE7CE
S3150801BA505BBA9BB2072B13D90898EAF778FF074612
S3150801BA600998EAF774FFB8420AD3114B9F4228BFD7
S3150801BA701F46E6E73B449FB2B4E717283FF456AFA3
S3150801BA800BB0BDE8F0834343E06800EB53005DE784
S3150801BA90DA7D02F0FD02012A08BF9861DB6957E7E2
S3150801BAA0E83D00208803040880EE36008004040877
S3150801BAB09AC4200010B50B4B044693F8590017F0A9
S3150801BAC088F968B123785BB994F8A030012B07D1BE
S3150801BAD004F18C004FF47A71BDE81040EBF7E9BD2B
S3150801BAE010BD00BFE83D00201222002120F082BBD4
S3150801BAF0F8B5054610460E461446EFF7EFFE38B977
S3150801BB002378FF2B04D021461748F0F751FC48B398
S3150801BB102246334604F110071C461068516808325C
S3150801BB2003C4BA422346F7D112882280338A43B91D
S3150801BB304FF6FF722B88934205D14FF440432B8071
S3150801BB4033820020F8BD4FF2BF0201339BB2934204
S3150801BB5001D101339BB203F53B52213292B2132A2A
S3150801BB60F7D9ECE70720EDE71C35002038B505467F
S3150801BB7008300C46EAF760FE50B1A96800220B4668
S3150801BB8043B92046FFF7B0FF04F11200FFF7ACFFF7
S3150801BB90002038BD9C4207D01A461B6BF0E7136B91
S3150801BBA03BB11B6B136304E0002AF8D109B10B6B97
S3150801BBB0AB6000232363E4E701460148D6E700BFEB
S3150801BBC08034002070B5037804460D4616462BB31B
S3150801BBD000221649FFF734FD04F12C00FFF7ECFFAC
S3150801BBE0637823F01F03637016B94FF4E163A3600A
S3150801BBF020460021FFF7EDFC0020012D84F8A20064
S3150801BC0003D094F8A03063B970BDD4F89830002BEE
S3150801BC10FAD0D4F89C10BDE8704018470029F3D132
S3150801BC20EFE7002384F8A030EEE700BF8804040894
S3150801BC303822002120F0DEBAF8B504460D46014641
S3150801BC400D48EAF7F9FD00B1FEE72046D4E9097681
S3150801BC50FFF7EEFF2146C4E90976074884F8345010
S3150801BC60EAF7EAFD28B9054BD3F8A0262263C3F8FB
S3150801BC70A0460020F8BD00BF88340020E82D00202A
S3150801BC80036810B5044673B1017BFF2902D0ECF7AE
S3150801BC902BFD40B92146FF2301F80C3F2046BDE89C
S3150801BCA01040ECF729BD10BD70B5866900F1100387
S3150801BCB09E4204460D4603D0837A1D44857270BDA3
S3150801BCC04368002BFBD00368002BF8D0FFF7D8FF99
S3150801BCD0237B2189A572E37201310020EBF71AFB58
S3150801BCE001463046BDE87040EBF7E3BC0121014847
S3150801BCF0DAE700BFDC43002030F8082B72B1084BA5
S3150801BD0093F8591051B1A3F5805393F8483E5B0750
S3150801BD1004D44FF47A715143EBF7CBBCEBF73DBD35
S3150801BD20E83D002008B50B4890F85930022B0DD193
S3150801BD30A0F5805393F8483E5B0707D4B0F8CC3496
S3150801BD4058300133A0F8743418F074FBBDE8084084
S3150801BD500148D1E7E83D0020B042002010B504466D
S3150801BD60EAF777FDA06110BD38B5224D044695F86E
S3150801BD70593033B195F85B0010F0080001D116F07F
S3150801BD80ADF894F82430012B02D0022B0DD038BD22
S3150801BD9004F11000EBF701FD2B7A590705D56FF36E
S3150801BDA0820315482B72EBF763FB144890F8483E5B
S3150801BDB09A060AD56FF3451380F8483E90F8523E25
S3150801BDC000F64860C372ECF742FD94F86E309B07A3
S3150801BDD00AD54FF6FF710A48ECF724FD94F86E3040
S3150801BDE06FF3410384F86E3004F10800BDE838406A
S3150801BDF0EBF73EBBE83D0020F43D0020E82D00208E
S3150801BE00303C002038B592F824300546012B1446FB
S3150801BE1002D0022B1DD038BD09B10F2916D12B79B5
S3150801BE20284643F001032B71FFF798FF0B4B0C4A89
S3150801BE30C5E90934137A04F1100043F004031372B7
S3150801BE404FF49671BDE83840EBF733BC022382F80C
S3150801BE5024302046BDE8384086E700BF05BE010804
S3150801BE60E83D002037B5837F04460DF107012C30E4
S3150801BE708DF8073012F0DAF9054668B99DF80730EA
S3150801BE80A27F9A4208D0A3778DF80030694601232C
S3150801BE90082001AA12F0A7F9284603B030BD0123EC
S3150801BEA010B543770446EAF7D4FC206204F12C0066
S3150801BEB0BDE8104012F092B810B5437F0446022B34
S3150801BEC004D1037FDB0701D517F082F8002294F825
S3150801BED03E30627762F3000384F83E3004F12C00A9
S3150801BEE0BDE8104016F0E6B810B50446FFF7E4FFC2
S3150801BEF0A37F20460133A377FFF7B4FF18B920467D
S3150801BF00BDE81040CBE710BD4FF6FE720D4B10B5DC
S3150801BF10B3F858140446914213D0B3F85A040128C9
S3150801BF200DD911F07FF9B4F844300BB1834208D921
S3150801BF30A4F84400606CBDE8104016F095BF0120D6
S3150801BF40F1E710BDE83D002070B501F1310323F09A
S3150801BF50010393F901300546002B0E4686B01DDA1A
S3150801BF60062306AC8DF8073000F10C030FCB04E964
S3150801BF700F0002A811F043F9002847D0244802A966
S3150801BF80F0F716FA0446D0B19DF80730062B1FD8EC
S3150801BF90DFE803F0192230343838380004213046F6
S3150801BFA00DF10702EBF7C7FF044640B90146102316
S3150801BFB0304602AAECF726F804460028D9D0686C60
S3150801BFC016F052FF05E0EAF744FC032328626B7773
S3150801BFD00024204606B070BD0D4805F12C01F0F786
S3150801BFE0E7F90028F4D02846FFF766FF2846FFF749
S3150801BFF056FFEDE72846FFF75FFFE9E72846FFF713
S3150801C00073FFE5E72846FFF77FFFE1E70224D6E756
S3150801C0101C35002010B5027F1C2B6FF30002044665
S3150801C02002770CD190F84630013B1D2B1DD9BDE88E
S3150801C03010401E2380F84630406C16F015BF23B118
S3150801C040201DBDE81040EBF713BA01B9FEE701F16F
S3150801C050310323F001035B78442B01D01B06EFD58E
S3150801C0602046FFF771FF1C28EAD110BD0023438043
S3150801C0704FF4287303806FF07003837070474FF491
S3150801C080B4732DE9F04FADF54F7D19AE0446059110
S3150801C09074AF0021154630464FF4B272ADF8CC3173
S3150801C0A0729720F0A7F84FF4B2723146384620F05D
S3150801C0B043F900212468182209A8079120F09AF863
S3150801C0C0204609A90CF070FB90B92022314620467A
S3150801C0D008AB0CF087FB58B9089B0090CDE90163C2
S3150801C0E0DDE90B32BDF8241007A806F057F808B1A8
S3150801C0F000230793079B049363B30023749907935B
S3150801C100002940F03681DFF810834FF4AE7276A825
S3150801C11020F070F843464FF48062049807A90CF0A2
S3150801C120A8FA824630B9079F3A88B2F5885F12D0D5
S3150801C1306FF0860A74A80CF005F907980CF084FAD2
S3150801C140504605F043FB044604980CF0F5FA002C1A
S3150801C15000F01281FEE7BDF8D421D7E9086422F47C
S3150801C160FF7222F0010242F49072ADF8D4217A6886
S3150801C170120A012A00F0CF80A64B9A4200F0BE802F
S3150801C180002AD5D1234632463946CDF8008076A80D
S3150801C190F3F7CEF9824630B90423079874930CF065
S3150801C1A053FA8246CCE710F1860FC3D1DDF8D88160
S3150801C1B0B8F1000F40F0DD80974BDFF86092402C14
S3150801C1C008AF7693CDF8DC913C6055D940234FF002
S3150801C1D0000B2246C7F800B031460093484601973E
S3150801C1E009ABF3F775F810F1860F824638D159462F
S3150801C1F0DC2219A81FF0FEFF402349463B6019A817
S3150801C2000BF080FF834658B119A80BF009FFDA46EF
S3150801C210402109A80BF08EF876A80CF068F889E792
S3150801C220199B4B4525D1224631461AA8F3F7ECF856
S3150801C23012F067F80BF0AFF883460028E4D13B46C5
S3150801C240402209A919A80BF0B9FF834619A80BF0D2
S3150801C250E7FE8246BBF1000FD9D110F1860FD7D080
S3150801C260BAF1000FD4D109AE324600233746089CED
S3150801C27010E06FF0880BC7E7002CF4D02246314650
S3150801C28009A820F059F8EEE71178013381F0360153
S3150801C29002F8011BA342F7D1C4F140094A463621E7
S3150801C2A030191FF0A7FF0DF2BF2244450ED1B0ABDE
S3150801C2B04A465C2118191FF09DFF584978A80BF0CA
S3150801C2C04FFF824658B140213846A3E716F8013B8D
S3150801C2D008F1010883F06A0302F8013FE5E709A9B5
S3150801C2E0402278A80BF0E6FE8246402109A80BF009
S3150801C2F021F8BAF1000F8FD101234EE723463246C2
S3150801C3003946CDF8008076A8F3F712F98246002857
S3150801C3103FF442AF0EE7002E3FF40AAF0146B822BA
S3150801C32076A81FF067FF3B88B3F5885F7FF400AFF7
S3150801C33022463146384676ABCDF85882F1F7C5FF25
S3150801C340824600287FF4F6AE7B88DA08203BB3F5EF
S3150801C350F47F9592BFF4ECAE7B9B1C329342FFF4BB
S3150801C360E7AE7EAB18467A991FF0E6FF05237A9069
S3150801C37013E76FF0880ADDE6059807A9EAF78AFA4E
S3150801C380042207A972A8ECF71CF80622244972A808
S3150801C390ECF717F8729E0DF12008C8F80040002E38
S3150801C3A000F000813368002B00F0F6807279D2071D
S3150801C3B040F1F2803779002F00F0EE80202F00F24D
S3150801C3C0EE80042B00F0B980052B00F0C180012B0B
S3150801C3D040F0DF80B268002A00F0DE80114B22F4BB
S3150801C3E07E1199424BD1F368002B46D0F06C002898
S3150801C3F043D000231022099319A909AB12F020F999
S3150801C40010F1860F04460FD088B3933435D16FF0F7
S3150801C4106F040BE002008000090080030900000296
S3150801C420900404080002C0036FF07104102119A8D2
S3150801C4300AF080FF20460AF0AEFF044600286AD0BB
S3150801C44020230020C8F800303071C0F120022121D4
S3150801C45028441FF0CFFE30460BF074FF002C18BF9E
S3150801C460204605F0B3F9002800F09F80FEE73A461A
S3150801C470284619A91FF060FFD8E7534CD6E7534B56
S3150801C4801340B3F1607F40F087800022D6F80C9004
S3150801C4904F495FFA89F343F000738B42099240D002
S3150801C4A003F17E43043B0F2B3ED84A4A134493F8C3
S3150801C4B02EA006F1100B2022584609AB19A90BF03C
S3150801C4C0F9FE04460028BBD1494658460BF048FEFA
S3150801C4D0044658BB5246584606F1F0010BF0EAFDF0
S3150801C4E0044618BB5846099A19A90BF0E3FD0446F8
S3150801C4F0E0B92022584609AB19A90BF0DBFE044620
S3150801C500A0B919A93A4628461FF016FF099911B18B
S3150801C51019A80AF00FFFC8F800700024D8F800001F
S3150801C52093E74FF0400AC4E79246C2E70999002902
S3150801C53086D019A80AF0FEFE82E743463A462946FE
S3150801C54006F1080012F07CF804460028E5D077E7E2
S3150801C550D6F888201D4B1340B3F1607F0ED1D6F86B
S3150801C560AC20CAB197421AD3284606F18C011FF0AE
S3150801C570E3FED6F8AC30C8F80030CEE73B462A468B
S3150801C580CDF8008006F1080106F1880011F096FF42
S3150801C590DAE76FF0860453E76FF0880450E76FF027
S3150801C5A089044DE76FF086005BE7729828B10BF0B6
S3150801C5B0C9FE05F00BF918B1FEE76FF08600F8E73A
S3150801C5C00DF54F7DBDE8F08F009FFFFF0000C07F8E
S3150801C5D003000002680404082DE9F043044697B0F5
S3150801C5E041680EAAFFF74BFD0AAE00220EA904F117
S3150801C5F00800ECF7D2FD06AF304616F075FC02AD21
S3150801C600384616F071FC284616F06EFC01223046B3
S3150801C61012A9ECF7C2FD616820460EAA0139FFF797
S3150801C6202EFD0122384612A9ECF7B7FD61682046AE
S3150801C6300EAA0131FFF723FD2846012212A9ECF7BC
S3150801C640ACFD6368344CDDF81890D4F8A40E03F0F9
S3150801C6507F0808F10108484584F8D88E03D0ECF71D
S3150801C66029F8C4F8A49ED4F8B40EDDF828904845F4
S3150801C67003D0ECF71FF8C4F8B49ED4F8C40EDDF85D
S3150801C6800890484503D0ECF715F8C4F8C49EB4F8E9
S3150801C6907C3E9B063CD5EFF31183302282F3118849
S3150801C6A000221E4C626083F31188BFF36F8F04F179
S3150801C6B00C0C97E80F0004F11C078CE80F0096E8AC
S3150801C6C00F0004F12C0687E80F0095E80F0086E8AD
S3150801C6D00F004FF6FF731022A38784F83E30614698
S3150801C6E0E06801AB84F8018005F0D4F900B1FEE7F2
S3150801C6F010223946E06901AB05F0CCF900B1FEE735
S3150801C70010223146E06A01AB05F0C4F900B1FEE733
S3150801C71017B0BDE8F08300BFE82D002008590020B6
S3150801C720436870B58B420446154605D1BDE870408D
S3150801C7304FF4807015F040BDD00701D5A38F53BBC8
S3150801C7400023154AA362C2F8D43EB2F87C2E92069B
S3150801C7500AD5EFF31182302080F311880F48436020
S3150801C76082F31188BFF36F8F002620466160E66267
S3150801C770FFF732FF04F1400026870949EAF799FFD6
S3150801C780AB0748BF638F4FF4807048BFA387BDE8E6
S3150801C790704015F0B9BC70BDE82D0020085900207D
S3150801C7A080EE360008B50F490F48EAF782FF0F4BAE
S3150801C7B0B3F8102EB3F8141E013292B2A3F8102E54
S3150801C7C011B10139A3F8141EB3F83C1E914207D8DA
S3150801C7D0D3F8DC1D0222BDE80840054801319FE770
S3150801C7E008BD00BF80EE3600003C0020E82D002081
S3150801C7F0C03B00201B4AF8B5CE68D2F8DC4D054689
S3150801C800A6422DD90A7D341B52B3022A1CD10F69BF
S3150801C810384616F021FB18B3012C18D06C7820463F
S3150801C82016F0D7FAE0B1BB7F03F00F03072B17D138
S3150801C830022C15D105F128039F4211D12846BDE8DE
S3150801C840F840012117F024BD012C07D1002444F03A
S3150801C85002023146BDE8F840034861E70022F8E7DD
S3150801C860F8BD00BFE82D0020C03B002030B50446C6
S3150801C870134887B00D4605909AB10598EBF71AFF4C
S3150801C8801023CDE9015301234FF488510D4A009332
S3150801C89005A841F2010305F081FC04F097FF20B1D8
S3150801C8A0FEE705F001F90028E7D02068059B9842C4
S3150801C8B001D0EBF7FFFE059B236007B030BD00BF33
S3150801C8C001000200090080030378024613F0010003
S3150801C8D01CBF40230B70137818BF01209B0710B5A6
S3150801C8E041BF0924431C0C54D8B213785C0741BFD5
S3150801C8F00A24431C0C54D8B213781B0741BF0B22D8
S3150801C900431C0A54D8B210BD7F2930B51FD001EA9D
S3150801C910E17341785B423F298CBF0022012202EB79
S3150801C920D10202F01F0262F3C701417001889BB26E
S3150801C930DB00551EC1F30A049BB205FB043393FBC6
S3150801C940F2F30A4663F30A020280002030BD07208B
S3150801C950FCE743780278FF2B1CBF01334370437809
S3150801C96010B5082B28BF08235C1E04FB021191FB96
S3150801C970F3F1017010BD7F2938B5044620D04378FC
S3150801C980C170072B8ABF8578FF2505F00305FFF7D8
S3150801C990BBFF0246A0B92046FEF7DCF96430030660
S3150801C9A0C1B20ED5022D1FD8124B2B4493F83E3037
S3150801C9B093422CBF00230123A27863F30102A270DC
S3150801C9C038BD022D95BF162014200A4A0A229BBF9C
S3150801C9D0521992F83E30022392F84120884205D333
S3150801C9E08A4205D30A46E3E70223E1E70323E3E79D
S3150801C9F00223E1E7680404080B4610B5C478011D53
S3150801CA00E21D1846D2081FF097FC047410BD38B50C
S3150801CA10037A0D46012B144603D0022B1BD00620A0
S3150801CA2038BD4FF0FF3100230288E1706FF0010134
S3150801CA3023706370A370637153BA2171E3802A7CF2
S3150801CA40402A06D9403A2046D2B205F10801EFF745
S3150801CA50EDFA0020E4E701461046EEF744FDEEE75D
S3150801CA6030B58C880A68032C01D8062030BD1378A6
S3150801CA7003F0D803C02BF8D113885BBAC3F30A03B2
S3150801CA80038053885BBA4380137813F020030BD0D5
S3150801CA90042CEAD005251379DB002A44641B83801C
S3150801CAA000200A608C80E1E70425F6E713220021BD
S3150801CAB01FF0A0BB03681969EFF7DABB10B550225E
S3150801CAC004460021B8301FF095FB0348EBF725FB18
S3150801CAD0C4E9060110BD00BFFC1D002038B5044697
S3150801CAE020480D46EBF719FBD4E90632C31A61EB68
S3150801CAF00202C4E90601D4E93E01C01842EB01016C
S3150801CB00C4E93E01042D0BD8DFE805F0030B131B1E
S3150801CB102300D4E93410C91842EB0000C4E93410E3
S3150801CB2038BDD4E93610C91842EB0000C4E93610FD
S3150801CB30F6E7D4E93810C91842EB0000C4E9381001
S3150801CB40EEE7D4E93A10C91842EB0000C4E93A10F5
S3150801CB50E6E7D4E93C10C91842EB0002C4E93C12E5
S3150801CB60DEE700BFFC1D002030B5044699B024223B
S3150801CB70002104A81FF03EFB02236578ADF8343086
S3150801CB80284616F026F9002844D0A388254AADF888
S3150801CB901230236AD2F8860ED2F88A1E089309AB98
S3150801CBA003C3D4F81802D4F81C12022D03C34FF09C
S3150801CBB005038DF81050ADF83430A5700DD1A06A73
S3150801CBC0E16A01AB03C3B4F848300420ADF80C3070
S3150801CBD00EAA0A2301A911F006FB124DA268D5F87F
S3150801CBE0DC3D03200593D5F8043E04A913440693B6
S3150801CBF0D5F8003E13440793E3780EAA8DF8113051
S3150801CC00262311F0F0FA069BC5F80C3E079BC5F8DA
S3150801CC10083E04E004A811F0CFFA0028DDD019B0C7
S3150801CC2030BD00BFE82D002038B5044600F5FC7577
S3150801CC30284615F03FFA04F500700549EEF753FC4E
S3150801CC40284611F0CBF9BDE83840082015F05CBA42
S3150801CC506E3C002040F60B03F0B5124C85B094F8F3
S3150801CC603B7394F83A630546A06FADF8043084F82F
S3150801CC707D7084F87E60E9F76AFE94F87C30CDF819
S3150801CC8006008DF80A3094F87F30294601A88DF8F8
S3150801CC900B708DF80C608DF80D30EBF739F805B08F
S3150801CCA0F0BD00BFE83D0020054B93F85B20120755
S3150801CCB004D41B21B3F8CA24EBF715BA0020704730
S3150801CCC0E83D002010B504460648EDF75BFC38B18F
S3150801CCD02046BDE8104008231621024AEBF7C1B9E0
S3150801CCE010BD00BF3C3B002070B50546FFF7EAFFC3
S3150801CCF0044658B90648EDF745FC38B12846BDE85B
S3150801CD00704008231721024AEBF7ABB9204670BDDC
S3150801CD10683B002038B505780446BDB9C0E901125B
S3150801CD200B4890F8591001290ED9022902D1583019
S3150801CD3017F0AEFA4FF47A712046012300F80C3B3E
S3150801CD40EAF7B7FC284638BD2946F5E70525F9E788
S3150801CD50E83D002038B500F1100504462846EAF7F3
S3150801CD601CFD0D4B93F85930A3B12378013B012BD8
S3150801CD7003D828466168EAF707FD2378012B09D00D
S3150801CD80237A013B012B05D82846E168BDE83840DE
S3150801CD90EAF7FABC38BD00BFE83D0020838823B90D
S3150801CDA0036813B9062011F04BB9062010F04ABAE8
S3150801CDB010B5837F044603F00F028A420FD061F350
S3150801CDC00303837703F00F03072B08D10448EBF716
S3150801CDD0A4F94FF47A7200231FF07CF8606310BD42
S3150801CDE0FC1D002038B5457804468D4204D1BDE8BE
S3150801CDF03840042015F0E0B94170042015F084F993
S3150801CE00012D0CD1607815F0E4FF40B13748EBF7F6
S3150801CE1084F94FF47A7200231FF05CF860612946A1
S3150801CE202046FFF75BFE6378042B3DD8DFE803F065
S3150801CE30030B11303600B4F8B8300133A4F8B83012
S3150801CE40002D3CD031E0B4F8BA300133A4F8BA3039
S3150801CE50F6E7B4F8BC30012D03F10103A4F8BC30A0
S3150801CE6008D1E378227883F00803C3F3C00363F398
S3150801CE70C302227094F846301B0720D0B4F8483014
S3150801CE80022B1CD9E37883F00803C3F3C00317E028
S3150801CE90B4F8BE300133A4F8BE30D1E7B4F8C030D7
S3150801CEA00133A4F8C030CBE7DDB1002104F1280035
S3150801CEB0FFF77EFF012D14D16378022BD1D0002311
S3150801CEC00B4890F8682EC2F3400199420DD063F3DE
S3150801CED0410280F8682EBDE8384000F64860ECF754
S3150801CEE087BB6378022BC5D0E9E738BDFC1D002056
S3150801CEF0E82D002010B504465C2200211FF07AF9BE
S3150801CF0000212046FFF754FFFF2384F83B3084F8BD
S3150801CF103C3010BDF8B5314D044695F859200E46FA
S3150801CF20002A59D04378002B56D1012A18BF03810C
S3150801CF301430FFF7DFFF6378A670012B1CBF0123AE
S3150801CF40637095F8593004F17006012B42D1208996
S3150801CF5010BB40F2EE21EAF7DDF9411C3046EAF74B
S3150801CF60A8FB95F85930012B36D14FF6FF72238964
S3150801CF7001339BB2002B08BF13462381B5F81A313A
S3150801CF8095F85B00013310F00800A5F81A3123D192
S3150801CF90BDE8F84014F044BF013880B21F2812D802
S3150801CFA041F2AC22834093420DD8FB278740EAF72A
S3150801CFB09EF93223B0FBF3F202FB13013944B9425D
S3150801CFC038BF3946CAE74FF4FA610548EAF7B0F9B6
S3150801CFD00746ECE70121C1E7F8BD00BFE83D00209F
S3150801CFE0804F120038B5037804460D46082B30D811
S3150801CFF0DFE803F0050D202531383E114500887F0D
S3150801D00000F00F00072814BF0020012002E008469F
S3150801D010EBF78BFBF0B14FF6FE726388934202D0B1
S3150801D020AA8B9A4215D1606870B32946BDE8384083
S3150801D030ECF7A2B88B7F03F00F03042BE3E78B7F92
S3150801D04003F00F03012BE6D00C3303F00F03032B78
S3150801D050E1D9002038BD8B7F13F00F0F0CBF0120DB
S3150801D0600020D7E78B7F13F00F0018BF0120D1E707
S3150801D0700846EBF75AFB80F00100C0B2CAE78B7F7E
S3150801D08003F00F03052BBEE70120E3E72DE9F04185
S3150801D0900D4616461F469DF91880C46A0CB9BDE8A7
S3150801D0A0F08115B12379AB4212D1032E10D8DFE8EE
S3150801D0B006F0021F363263799A0709D4DB0709D4C9
S3150801D0C02468002CEBD0002DF5D02379AB42F2D0A1
S3150801D0D02468E3E7E3683946013304F10A00E360AB
S3150801D0E0FFF737FC414604F10800FFF70DFCE7E7B7
S3150801D0F06079C0F340000028EAD0E3683946013375
S3150801D10004F10A00E360FFF724FC414604F1080034
S3150801D110FFF7FAFBDCE76079C0F38000EBE760799B
S3150801D120C0F3C000E7E74378012B0AD9C078073076
S3150801D130C010821C934204D31028CCBF00200120C2
S3150801D140704700207047C378073300EBD3000430DB
S3150801D150704738B505464078A8B195F90230002BD5
S3150801D16012DA012819D0841C4AF6AA70EB784AF615
S3150801D170AA72801A18BF012003EB80030433A34265
S3150801D1808CBF0020012038BD052806D9841CD5F896
S3150801D1900300E9F7DCFBEB79E9E70020F3E790F90F
S3150801D1A00230002BB5BF02230623C078C079184484
S3150801D1B0C0B270472DE9F0410E461746044602F102
S3150801D1C0FF38A31C9E421FD363789D1C2544AE429B
S3150801D1D01AD32278B7EB520F0BD1B8F1050F10D835
S3150801D1E0DFE808F0030F0D0F090D2046FFF79BFF37
S3150801D1F038B92C46E5E72046FFF7ABFFF8E7012BE0
S3150801D200F7D92046BDE8F0810024FAE7014608B5BA
S3150801D210FFF799FF4B78032202331944BDE808400A
S3150801D220C8E72DE9F84306464FF0FF370468327917
S3150801D230336813449C4201D3BDE8F88323785A081E
S3150801D240012A07D0052A5AD0DB0715D56378023398
S3150801D2501C44ECE72046FFF776FF6FF00108054608
S3150801D26063789A1C224495420BD3E2780732A3EBE2
S3150801D270D203DBB2022BE9D121463046FEF7F4F898
S3150801D280D5E72B7895F80190D9072ED55B0821D0DB
S3150801D290022B08D12046FFF7B9FFA9F10201AA1C02
S3150801D2A029448A4203D909F102094D44D8E753882A
S3150801D2B05BBA03F4406353B148B1837803F00F03B3
S3150801D2C0A3F580635BBA9BB222F8043BE9E74FF604
S3150801D2D0FF63F9E709F1FF32AB1C2A449342E2D80E
S3150801D2E01F7083F801800333F8E729463046FEF7B5
S3150801D2F0BBF86378023BA3EB09036370B0E72046EA
S3150801D300FFF74DFF851C25446278931C23449D42F3
S3150801D31004D32046FFF743FF8242ACE72B7895F802
S3150801D3200180DA070DD55B08062B06D1A37803F031
S3150801D3300F03A3F57C735BBA6B8008F102084544B9
S3150801D340E2E729463046FEF78FF86378023BA3EBFE
S3150801D35008036370D8E773B50446009210460022A5
S3150801D3601D468DF804201B7822790E4693428DF8C6
S3150801D370053010D321681EF0DFFF2379012E8DF8C1
S3150801D380043002D16846FFF74CFF00209DF80430AF
S3150801D3902B7002B070BD0320FBE72DE9F04FC5B035
S3150801D3A00C4603AA0C210646EAF745FD074600285E
S3150801D3B046D1BDF80E50FE2D00F28B80BDF80C80CB
S3150801D3C0728905EB08039BB29A42C0F08280A37961
S3150801D3D094F805A00193FE23444C01468DF80B30C1
S3150801D3E004AA0DF10B0304F54D7094F85BB0FFF731
S3150801D3F0B2FF2A4641463046D4F8343315F0B6FD15
S3150801D400D4F8348384F83853C14645444D451BD86E
S3150801D410019B1BF0010F84F83BA384F83A3302D130
S3150801D4203348FFF7FEFE94F83A3494F838234FF45C
S3150801D4300070934238BF134684F83A3414F064FEF8
S3150801D440384645B0BDE8F08F09F10202954237D357
S3150801D45099F8016002364E44B54231D399F8002055
S3150801D4605208012A03D0052A1ED0B146CEE74846FE
S3150801D470FFF759FE20B34846FFF765FE0028F4D0AA
S3150801D4808642F2D9831C9E421AD343789A1C0244D7
S3150801D490964215D30178490806291ED8DFE801F016
S3150801D4A01F1D1B0E1D1D0E004846FFF752FE38B103
S3150801D4B04846FFF774FE02304844E1E7012B0CD8D1
S3150801D4C09DF80B5040462A4604A91EF035FF84F8FC
S3150801D4D038530627B4E79B07F2D11046D0E705492A
S3150801D4E04B43B3F1553FF8D9EAE700BFE83D0020C1
S3150801D4F01C410020ABAAAAAA034610B500680C462F
S3150801D500197904220144FFF755FE30B12246BDE8D8
S3150801D510104041780230EAF785BD10BD10B51446B2
S3150801D520FFF7EAFF58B14378012B0AD9FF2B14BF3D
S3150801D53002230423C35A00205BBA238010BD172097
S3150801D540FCE70620FAE738B5456804460DB9172001
S3150801D55038BD806868B1427802321044697806227B
S3150801D56002312944FFF726FEA0600028EFD00020EB
S3150801D570EEE72846FFF713FE831CE818EEE72DE9C8
S3150801D580FF415C23054608460C468DF807300127FE
S3150801D590E9F795F90DF107082846FFF7D4FF06467E
S3150801D5A0002830D16B6893F902109A780029B4BF24
S3150801D5B0D878D879012826D91B4F002903CF2060AE
S3150801D5C06FF0FF00616060814FF000014FF0FE00CF
S3150801D5D002F00F02A2F57C7252BA2181A081E28182
S3150801D5E0B4BF043308335B782374AB685A8852BADC
S3150801D5F062825A78022A0CBF0B461B79637430463D
S3150801D60004B0BDE8F081D5E9000102AACDF8088089
S3150801D6108DF80C700FF07AFE00236860AB60002865
S3150801D620BAD11726EBE700BF3040002010B50A46ED
S3150801D6300446D0E90001FFF7BDFD18B1437802336E
S3150801D6400344236010BDF7B5044601920D46002236
S3150801D65010270126BDF8063022700F2B11D90E2A84
S3150801D6600FD817FB02621023224401A92846E9F7BD
S3150801D670B7FB102101A8E9F72FFE22780132D2B2B1
S3150801D680E8E703B0F0BD034608BA19BA7047028A3B
S3150801D6900B8A9A4201D1E9F79DB8002070472DE916
S3150801D6A0F041037804460E46904643B100F13E0127
S3150801D6B03046FFF7ECFF00283BD0002520E000F1BB
S3150801D6C02C0702213846FEF7B7FA0546C0B9334694
S3150801D6D004F13E0206F1100153F8040B8B4242F89D
S3150801D6E0040BF9D11B881380A38F63B93A463946CF
S3150801D6F01148FEF7FDF9054628B13846FEF75CFAEA
S3150801D7002846BDE8F08104212046FDF762FF204640
S3150801D710FEF726F8B8F1010FCFD10848EEF719FA46
S3150801D720D4F89830002BC8D03046D4F89C109847C6
S3150801D730C3E70525E4E700BF803400202037002031
S3150801D74030B50D4687B01823144600216A46E9F715
S3150801D75071FA9DF81430AB4209D12046EEF7BEF8AE
S3150801D76018B9214601A8E9F735F807B030BD0020F8
S3150801D770FBE72DE9F04104460D46174606683EB912
S3150801D7803B462A462046BDE8F041072115F04CB82C
S3150801D7902A4607213046FFF7D3FF08B9F669EEE7AF
S3150801D7A0BDE8F0812DE9F0430D4689B0044606A986
S3150801D7B02868FDF74AFD064698B9236A069A9A42E9
S3150801D7C00BD19DF81C2094F824309A4205D19DF876
S3150801D7D01F2094F827309A4207D06378022B1FD06E
S3150801D7E00226304609B0BDE8F0832378DA071FD44C
S3150801D7F0E37813F0010F444B19BF9DF81D2093F8E8
S3150801D8003B339DF81E2093F83A339B1A1B060FD417
S3150801D810002304F5DA70A4F8BC31FFF79BFAE0E7B8
S3150801D820204606A9FDF75CFB237843F00103237024
S3150801D83008231621286804AAEAF7E4FB18B1172871
S3150801D8401ED00626CDE7314904A8ECF79BFF804692
S3150801D8502868B8F1000F07D0182102AAEAF7EBFAEF
S3150801D86000283AD14FF001080823172128680DEB43
S3150801D8700302EAF7C7FB30B11728E2D100270FE008
S3150801D8804FF00008F0E7224902A8ECF77BFF0746AC
S3150801D89028682FB1192101AAEAF7CDFAE8B90127B3
S3150801D8A006A92868FFF779FD0146814618B11728A8
S3150801D8B015D0064695E7B8F1000F03D0286804AAE3
S3150801D8C0FDF7F7FC27B10121286802AAFDF7F1FC4B
S3150801D8D023786FF3000323709AE74FF000096D6808
S3150801D8E02B78FF2B0DD14FF47A710020E9F712FD41
S3150801D8F0421C05F1100104F16C00FFF73AFF4E4690
S3150801D9006FE70A22F5E700BFE83D00203C3B00200F
S3150801D910683B002030B548F2FE020446002385B074
S3150801D9200C4902A8CDE90023EDF7DDFDE56E45B901
S3150801D93064236A46052104F16C0014F075FF05B0ED
S3150801D94030BD6A4605212846FFF7FAFE0028F6D1BA
S3150801D950ED69ECE7683E002030B548F2FE02044660
S3150801D960002387B00D4904A8CDE90223EDF7BBFDD5
S3150801D9706846216815F027FB009D0DB907B030BD33
S3150801D9800521284602AAFFF7DBFE18B129462046DB
S3150801D990E9F7F9FB6846E9F72EF8EDE7683E002056
S3150801D9A070B54FF6FE7204460026154D012105F5A0
S3150801D9B00053A3F8582483F87464FFF713FA04F59F
S3150801D9C09070FDF7B5FC04F16C00FFF7C5FF04F58F
S3150801D9D0E270E9F7E2FE237805F5805566F3C3039D
S3150801D9E023700120A4F8B461A4F8BC6114F076FA96
S3150801D9F095F8483E66F3041385F8483E70BD00BFA6
S3150801DA00E81D0020012970B5044605D12348ECF725
S3150801DA1041F82348ECF73EF863787BB304F16C05CB
S3150801DA2004F17400E9F7B9FE28460025E9F7B2FBC7
S3150801DA3004F5867084F80851E9F7AFFE04F5F0702D
S3150801DA40E9F7ABFE174884F8D051E9F7A6FE204658
S3150801DA50FFF7A6FF04F5157014F08AFB04F510709C
S3150801DA6014F086FB04F50A7014F024FB04F504701F
S3150801DA7014F020FB29462046FFF7B4F994F89C31A7
S3150801DA80012B0AD1D4E96830002284F89C21C4F814
S3150801DA90A02113B1BDE87040184770BD2C3B00208A
S3150801DAA0583B0020003C0020034890F8F411012956
S3150801DAB001D15830A6E77047E83D002010B54378F4
S3150801DAC00446FBB1012B03D190F82131012B17D064
S3150801DAD094F8233113B90C48EBF7DCFF2046FFF71E
S3150801DAE05FFF002104F12800FFF762F94FF6FE7186
S3150801DAF02046FDF7E5FA002104F59070FFF70AFACA
S3150801DB00002010BD0D20FCE7583B002010B51A4C2B
S3150801DB1094F8603173B394F85930012B08D0002377
S3150801DB2084F8603104F5B270BDE81040E9F735BEF6
S3150801DB3094F8613153B904F5B27084F86031E9F7A4
S3150801DB402CFE04F15800BDE81040B7E7013B05215A
S3150801DB504FF47A7084F86131E9F7EAFB014604F576
S3150801DB60B270E9F7A6FD04F158000321BDE810409B
S3150801DB7016F08EBB10BD00BFE83D00201FB5E8F7C3
S3150801DB8068FE204B93F859209AB393F80C22013A70
S3150801DB90012A14D8D3F81022821A002A0FDB93F827
S3150801DBA00D22032A04D9184805B05DF804EB85E768
S3150801DBB003F1580005B05DF804EB16F03BBC93F889
S3150801DBC01422013A012A17D8D3F81822801A0028F4
S3150801DBD012DB93F81532032BE5D848F2FE0200232F
S3150801DBE002A80A49CDE90023EDF77DFC684615F040
S3150801DBF0F6F805B05DF804FB054805B05DF804EBD9
S3150801DC00FFF7A8B8E83D0020403E0020683E002006
S3150801DC10F43F00202DE9F04F14465D2385B00546F3
S3150801DC200F461622002120468DF807304FF0010ACB
S3150801DC301EF0E0FA0DF107092846FFF784FC0646AF
S3150801DC40E0B9D5F80880B8F802305BBAA382002F8C
S3150801DC5037D16B6893F90220002AB6BF93F803807F
S3150801DC6093F8078003F1040B08F1FF385FFA88F887
S3150801DC70A8BF03F1080BB8F1110F12D8D5E90001B5
S3150801DC8002AACDF808908DF80CA00FF03FFB0023EF
S3150801DC906860AB600028CFD11726304605B0BDE8CD
S3150801DCA0F08F20460BF10101E8F7D7FDBBF81130DB
S3150801DCB0B8F1120F5BBA238201D09BF81370A774CF
S3150801DCC0EBE798F80130A3F1020B5FFA8BFBBBF186
S3150801DCD0110F0ED9204608F10401E8F7BEFDB8F880
S3150801DCE01430BBF1120F5BBA238215D098F816705F
S3150801DCF0E5E7042BA0D1094BB8F8022003CB6FF056
S3150801DD00FF036381FE23206061602681A381E2818E
S3150801DD10AB689B885BBA23823746D0E73040002040
S3150801DD202DE9F0430646002491B00AA8884615460F
S3150801DD30FDF7DAFE354BCDE903440293337873B91F
S3150801DD4005A8FDF7D1FE12230C200DF1060205A93F
S3150801DD50ADF8063010F084F9B0FA80F46409172793
S3150801DD6006F13E092CE054B105A90AA8E8F732FDE7
S3150801DD7028B1BDF83820BDF824309A4231D0172F82
S3150801DD800CD09DF83A20AB7C9A4207D818D11022BC
S3150801DD9029460AA81FF060FA002811DA2B460AAAB2
S3150801DDA00DF1380C174603CF6745186059603A4696
S3150801DDB003F10803F6D138681860BA8800279A80F3
S3150801DDC041460AAA02A8FFF725FFD8B996F8A03056
S3150801DDD0033B022BC7D848460AA9FFF758FC002877
S3150801DDE0C1D02A460AAB0EAD1C4603CCAC42106024
S3150801DDF05160234602F10802F6D100272068106017
S3150801DE00A3889380384611B0BDE8F0831C410020F1
S3150801DE102DE9F04304469FB004A8FDF765FE18A84E
S3150801DE20FDF762FE94F8A0504FF00009002D00F0AE
S3150801DE30BB8023781BB1EB1E022B00F2B58004A828
S3150801DE40FDF752FE0021204618AAFFF769FF70B9AF
S3150801DE5094F8A030032B02D0032384F8A03004AE33
S3150801DE6018AF0FCF0FC63B683380002681E06A4B97
S3150801DE7009A8019300234FF01708CDE90233E8F703
S3150801DE801EFD0EA901A8FFF77AFB864678B1B8F1FF
S3150801DE90000F38D00121204618AAFFF741FF0028B4
S3150801DEA0E3D194F8A030052BD9D00523D5E7B8F1ED
S3150801DEB0170F9DF848C010D109AE0EAF0FCF0FC688
S3150801DEC0D7F800800EAFC6F8008013AE0FCF0FC685
S3150801DED0E146C6F80080F046D3E79DF83430A3EB57
S3150801DEE00C031B0605D509AE0EAF0FCF0FC63B684F
S3150801DEF03360CC45C5D913AE0EAF0FCF0FC63B68FD
S3150801DF00E1463360BDE7CDE902880EA901A8FFF70E
S3150801DF1036FB88B99DF848309DF834209342F4D0F1
S3150801DF209B1ADBB2802BF0D809AE13AF0FCF0FC601
S3150801DF308DF85C903B6833600023CDE902330EA966
S3150801DF4001A8FFF71CFB90B309A904A8E8F785FC0B
S3150801DF503523ADF8203094F8A030042B9DF83430E1
S3150801DF6035D194F8A1209A423FF47FAF84F8A130C5
S3150801DF70012623785BB104A904F13E00FFF787FB6C
S3150801DF8000B18EB1002201212046FDF71BFE04A82F
S3150801DF90EDF7A4FC014600B394F8A030033B022B2D
S3150801DFA002D8022384F8A0301FB0BDE8F0839DF89B
S3150801DFB048209DF834309A42C1D19DF835309DF8F4
S3150801DFC04920934228BF13468DF83530B7E784F8C0
S3150801DFD0A130042384F8A030CAE7022D15D008D948
S3150801DFE0033D022D15D90122204604A9FFF757FB47
S3150801DFF0DAE7D4F8942004F18C039A4208BF012188
S3150801E00004F12400FDF7B4FAEDE7294604F12400EA
S3150801E010F8E70321FAE700BF1C410020F0B51C46CA
S3150801E0208DB0074602A80D461646E8F72FFC238C45
S3150801E0302BB12A8A9A4202D007200DB0F0BD234699
S3150801E04002AA04F1200C144618685968083303C457
S3150801E05063452246F7D1186820609B8806A8A380E5
S3150801E060EDF73CFC90B105F112042046EDF736FCBC
S3150801E0700028E1D1234606AA05F1220C14461868A0
S3150801E0805968083303C463452246F7D1BDF82A30D7
S3150801E09023B96B8C002BCFD0ADF82A3002A8EDF747
S3150801E0A01DFC18B1294602A8E8F7D7FB2B8A03B34A
S3150801E0B02B8A0822ADF828305BBAADF80030BDF8D6
S3150801E0C02A3069465BBAADF802307389304608339F
S3150801E0D05BBAADF804300023ADF80630E8F79BFFCC
S3150801E0E00028AAD1B0811122304602A912F038FCC3
S3150801E0F0A3E72A4629463846FDF7FAFC0028D7D071
S3150801E1009BE770B58C4C90B094F8DC39023B032B35
S3150801E11000F28380DFE813F00400DE000901040041
S3150801E12000203821854A0190059014F033FB0546F5
S3150801E1300198A84202D014F033FC0195019B002BEB
S3150801E14000F09980002301A88DF808300BF02AFF0A
S3150801E1500546002874D1019843893033B3F5A06F79
S3150801E1605DD2012276497748FDF76AFA40B1B4F8DB
S3150801E170DE59E9F7BCF880B28542A4F8DE09F8D081
S3150801E18006A814F078FE0C23002106AA0198E8F7E0
S3150801E19051FDB4F8DE3900215BBA0198ADF81830A3
S3150801E1A006AA0C23E8F75FFE012101A80BF06CFE15
S3150801E1B00546002844D14FF40073014606AA019882
S3150801E1C0ADF822300C23E8F74EFE06A8019DE8F7C4
S3150801E1D05DFB5D492A4606ABA1F55C70FFF71EFF9C
S3150801E1E00646054660BB0190E8F733FB94F8DD392E
S3150801E1F0C4F8E80966F303030321524884F8DD39B4
S3150801E200FDF7E7F9514B93F85B301B0702D40B2056
S3150801E2100FF0AEF8019814F0C3FB10B070BD0126DB
S3150801E22029468DF80860E8F70DFC32464849454805
S3150801E230FDF706FA01A80BF0B5FE0546002890D0B1
S3150801E24094F8DC39052B1CBF052384F8DC3994F8CE
S3150801E250DD3903F00F02072A0FD8013262F30303EF
S3150801E2600A21FA2084F8DD39E9F762F801463948C6
S3150801E270E9F71FFACEE70325E2E7D4F8E40978B10E
S3150801E28005214FF6FF73B0FBF1F1994228BF1946F4
S3150801E29089B2B1F5FA7F38BF4FF4FA71E9F748F850
S3150801E2A001462C48E9F705FA0A22D4F8E439294641
S3150801E2B0B3FBF2F3284A03EB0313934294BFC4F862
S3150801E2C0E439C4F8E429254A0023A2F17000FCF7D1
S3150801E2D027FD9FE70A22D4F8E4390221B3FBF2F3BA
S3150801E2E01D4A03EB03131748934294BFC4F8E43954
S3150801E2F0C4F8E429FDF76DF9184A00231C21A2F197
S3150801E3007000FCF70DFD94F87E3AFF2B05D10D48F8
S3150801E31010B0BDE870400CF015B90133DBB2022B21
S3150801E32084F87E3A7FF679AFF1E7064810B0BDE882
S3150801E3307040FDF715BA00BFE82D002066010408F4
S3150801E340AC040408C4370020F0370020E83D00205B
S3150801E350B40404084438002080EE3600343800201E
S3150801E360F0B5044600268BB0FCF7AAFE444D0221FF
S3150801E3702046FEF737FD04F59070FCF7D9FF95F8AE
S3150801E380483E04F5DA776FF3041385F8483E3846B4
S3150801E390A4F8B461A4F8BC61FCF7F2FF3846FEF7AD
S3150801E3A0D9FC84F8086104F58670E9F7F6F994F85A
S3150801E3B0D031022B1ED184F8D061012694F8D131CF
S3150801E3C09E40D5F8543E05F580551E40C5F8DC64D7
S3150801E3D0A6BB05F2EC40E9F7E0F985F8E6644FF4E7
S3150801E3E07A73C5F8E034002303212648A5F8E434F6
S3150801E3F0FDF75AFC4FF6FE72E388934219D0B4F83A
S3150801E40044209A4215D0B4F8003168460133A4F87D
S3150801E4100031E8F73BFA302100201B4A14F0BAF91B
S3150801E420054630B10021E8F70DFB58B12846E8F753
S3150801E430E8FAB4F84430E3800BB0F0BD1148FDF7B3
S3150801E4401FFCCCE7684604F50471E8F706FAD4F828
S3150801E450F001D4F8F41104AB03C34FF07F430693DC
S3150801E460FE23E288694652BAADF81E2028463B22A9
S3150801E470ADF81C3012F074FA0028DAD0D6E700BFDE
S3150801E480E82D0020C4420020660104082DE9F04168
S3150801E4900C4690B0054606A8E8F7F8F923460AACF3
S3150801E4A003F11006224618685968083303C2B342B5
S3150801E4B01446F7D1294906A8E8F7CFF944F64C538B
S3150801E4C0ADF83A30FF2300218DF83C302846012368
S3150801E4D00DF10B02E8F7AEFB9DF80B80B8F1000FC2
S3150801E4E031D103AF1E4E3A4601210A232846E8F7E1
S3150801E4F0A1FBD6F8DC4DD6F8043E2046CDF80D3002
S3150801E500E8F725FA04F07F040A233A460121CDF8F3
S3150801E5101100013428468DF81540E8F7A4FC0B23B1
S3150801E52029464046009706AA0FF0FFFA90B9D6F891
S3150801E530043ED6F80C2E01339342C6F8043E02D3A4
S3150801E5400848FEF711FB08492A4606ABA1F52460DF
S3150801E550FFF764FD10B0BDE8F08100BF3840002028
S3150801E560E82D0020403E0020C03E00200149E8F782
S3150801E57074B900BF68400020F0B593B008A8E8F761
S3150801E58085F94FF2BF035C4CADF8423094F8590057
S3150801E59014F01FFC002800F08A804FF6FE73B4F8C9
S3150801E5A058249A4200F0838094F89C34D9077ED483
S3150801E5B094F85B309A0703D40EF060FE002876D0F3
S3150801E5C094F89D34012B72D194F8C734002B6ED17F
S3150801E5D027200FF0C7F80546002871D094F89D3416
S3150801E5E0012B1FD194F8C774E7B904AE04F2AC4302
S3150801E5F00FCB86E80F001023324639462846E9F73D
S3150801E60030FD00284ED10823032128463B4AE9F765
S3150801E61028FD002846D1022384F89D34E8F719F924
S3150801E620C4F8A00494F85B309B0702D40EF026FECA
S3150801E63098BBB4F858340CAAD4E9920182E80300CD
S3150801E6404FF07F420E92FE225BBA08A8ADF83C2035
S3150801E650ADF83E30FFF78AFF294829460090294B35
S3150801E66008AAA0F54760E9F709F9064630BB94F808
S3150801E6709C3404F28C4543F0010384F89C3404ABC2
S3150801E6800FCB85E80F0094F85B00C4F8C46410F05A
S3150801E69008000CD10EF06CFE09E00DF10F0012F026
S3150801E6A0F1FC30B1032819D02846E8F7AAF913B0C6
S3150801E6B0F0BD9DF80F30A3F57C73BCE70328F2E79C
S3150801E6C094F8C6343BB9052384F8C634D4F8C4048F
S3150801E6D014F0CAFBEBE7052BE9D9F4E794F8C6343D
S3150801E6E0013B042BE0D9052384F8C634D4F8C404C5
S3150801E6F014F0BAFBD8E700BFE83D002058400020D7
S3150801E7006842002015C0010870B50C4606468CB053
S3150801E71060B1428E8B8A9A4206D1012290F8363030
S3150801E7209A400B6913430B610CB070BD0B69002B42
S3150801E730FAD002A8E8F7AAF84FF2BF031920ADF8F4
S3150801E7402A300FF00FF805460028EDD03246684604
S3150801E7502169EBF760FD6A46352128469DF80630A2
S3150801E760E9F77FFC18B12846E8F74BF9DCE7012100
S3150801E7702846A28AE9F7B7FC0028F4D102A8FFF7D0
S3150801E780F5FE04F1100606AA1346206861680834E6
S3150801E79003C3B4421A46F7D12946034802AAE9F740
S3150801E7A09DF90028C0D0DEE7F835002030B5234CA6
S3150801E7B08DB0D4F83C5585B194F838357BB1D4F889
S3150801E7C0301504F21C534842009301401C4BB4F81F
S3150801E7D03625A4F5DC70EAF788F80DB030BD02A835
S3150801E7E0E8F754F84FF2BF03ADF82A30698994F86F
S3150801E7F039350139C91A2846012304F2395289B231
S3150801E800E8F731FB02A8FFF7B1FE06AD04F21C5387
S3150801E8100FCB85E80F00D4F83C1502AAA4F5FE60D3
S3150801E820E9F75CF908B9C4F83C05D4F83C0508B120
S3150801E830E8F7E7F80023C4F83C35CEE7E83D0020C1
S3150801E84019B1010800232DE9F047CCB08DF82C3118
S3150801E85083790646D80731D4634D95F8590014F0E3
S3150801E860B8FA58B395F85B30990702D40EF006FD4D
S3150801E87020B34FF6FE73B5F858249A421ED00023EA
S3150801E88003220593594B05A8596806938DF81C2050
S3150801E8904FF00108EDF7ECFC059F9DF82C418FB967
S3150801E8A064B105A8E7F7F2FF4FF2BF03ADF83630BA
S3150801E8B04FF6FE73B5F858249A422ED101200EF070
S3150801E8C05FFC8EE00F2CECD03B7D13BB0FAB99465A
S3150801E8D003EB041ACA4512D1631C8DF82C314CABD3
S3150801E8E003EB04143B46F43C07F1100C2246186866
S3150801E8F05968083303C263451446F7D107E0484609
S3150801E9003946E7F767FF09F110090028E2D087F8C9
S3150801E910148005A8FEF7CEF8BEE728200EF032FFD0
S3150801E920074600284DD00E234FEA041804A98DF88E
S3150801E93010308DF81180E9F791FB0446002848D17B
S3150801E940424638460FA9E8F7D0FA0446002840D1CE
S3150801E95095F85B309A070DD40EF090FC50B10DF185
S3150801E9600F0012F08FFB044698BB9DF80F30A3F5F4
S3150801E9707C7301E0B5F8583409AAD5E9920182E811
S3150801E98003004FF07F420B92FE225BBA05A8ADF851
S3150801E9903020ADF83230FFF7E9FD3946144B1548FA
S3150801E9A0009605AAE8F76AFF044690B9B37943F0D9
S3150801E9B00103B37195F85B301B0712D40EF0D8FC2E
S3150801E9C00FE001200EF0DCFB0121304600F014F8BF
S3150801E9D007E03846E8F715F801200EF0D1FB032CBD
S3150801E9E0F2D04CB0BDE8F087E83D00201C35002088
S3150801E9F029EA0108F8350020837910B5DB070446B2
S3150801EA0002D583887BB1FEE739B98180FFF71AFF02
S3150801EA102046BDE81040FEF7C1B983880BB199427B
S3150801EA20F6D2A180F4E710BD2DE9F04706220025AC
S3150801EA30C2B007460E461C468DF804518DF80720CC
S3150801EA4013B929B906240025BB79DA0741D4FEE7AB
S3150801EA5001F1310323F001035B78442BF2D1042140
S3150801EA6030460DF10702E9F766FA04460028EBD1AC
S3150801EA700E21304602AAE9F7DEF950B19DF80431B4
S3150801EA809DF807500BB1002DDCD0B5FA85F56D0957
S3150801EA90DAE7BDF80A301907D4D1FF2BD2D8BDF869
S3150801EAA00A309DF80421002BE8D00F2A1FBF531CFA
S3150801EAB08DF8043105AB03EB021202A908BF002247
S3150801EAC010233046E8F78CF9102102A8E8F704FC70
S3150801EAD0E5E76FF30003BB71002303220293274B7B
S3150801EAE002A8596803938DF81020EDF7C1FBDDF8EC
S3150801EAF00890B9F1000F0BD19DF807301C4314F0AB
S3150801EB00FF012AD13846FFF777FF42B0BDE8F08703
S3150801EB1099F81430012B1AD1EDB99DF80431A3B136
S3150801EB2005AA904602EB031AC245464601D10026BC
S3150801EB3007E040464946E7F74DFE08F11008002868
S3150801EB40F2D0B6FA86F35B095B0089F8143002A89D
S3150801EB50FDF7B0FFCBE70223F7E74FF6FE72084B46
S3150801EB60B3F858149142D0D0B3F85A04012803D9FE
S3150801EB700EF058FB0146C5E70121C3E71C35002005
S3150801EB80E83D002010B5044686B001A8ADF814107A
S3150801EB90F5F7E0FD214601AA0248FCF7A9FF06B0F0
S3150801EBA010BD00BF8034002037B5054600680C4605
S3150801EBB002F07AFF58B110222146286801AB02F00B
S3150801EBC069FF00B1FEE7019B102B06D0FEE7204640
S3150801EBD003B0BDE83040F5F7BDBD03B030BD30B573
S3150801EBE003680446002B0D4685B00DDB6946FFF721
S3150801EBF0DBFF29466846E7F7EDFD28B14FF480208B
S3150801EC0013F0DAFA05B030BD29460025012220465F
S3150801EC10FDF72CFE4FF4802013F076FA4FF480703E
S3150801EC2013F072FA20466560FDF7D6FC034BC3E97B
S3150801EC302455C3F89850C3F88C50E3E7E83D002003
S3150801EC4000232DE9F04FAFB0CDE9123314938DF8B7
S3150801EC5054304B79044613F0180F0D469146CDE909
S3150801EC60101240F0B580138A48F2FE0223F47C5351
S3150801EC70934240F0AD804846EDF71DFA0646002856
S3150801EC8000F0A68099F82430FF2B40F0A1800123DB
S3150801EC902846A9890DF11102E7F7CCFF002840F0B3
S3150801ECA0978001212846E7F752FF9DF81130FF2B7F
S3150801ECB040F0C48001232846A9890DF11202E7F71D
S3150801ECC0B9FF002840F0848001212846E7F73FFF75
S3150801ECD09DF81230112B7BD1A84C94F8E432012B04
S3150801ECE076D11A2128460DAAE9F7A5F800286FD189
S3150801ECF03C2200211FA81DF07DFA20238DF8B5308E
S3150801ED006B8A05F12C00ADF8AE302B7A09F11801A2
S3150801ED108DF8B230FCF71EF895F82E308DF8B30051
S3150801ED201FA88DF8B4300027EAF71DFABDF836306A
S3150801ED3073B994F82E33DB0701D5002F48D0D4F8E0
S3150801ED40C032002B44D0D4F8C4121FA898473FE01C
S3150801ED5029460DAA16A8E8F7E7FFC8BB9DF859305A
S3150801ED6043B99DF85830082B3DD009D8022B25D038
S3150801ED70032B30D0BDF85C100DA8E8F7ADFAD5E73E
S3150801ED80122B54D0812BF5D1042328460BAA0DA9A1
S3150801ED90E8F726F8E0B99DF82D30012B18D99DF82A
S3150801EDA02E30C3F3C0021B0943EA02139DF8B520AE
S3150801EDB022F01F0213438DF8B530DBE708232846F6
S3150801EDC0BDF834100DF19502E9F76FF80028D1D096
S3150801EDD02FB0BDE8F08F10222846BDF8341021ABBC
S3150801EDE0E9F736F8F2E7BDF86020002AC2D0102A02
S3150801EDF028BF10221746BDF85E800DF19E008DF8DA
S3150801EE009D20F5F7A7FC3A460DF19E034146284693
S3150801EE1014F0ACF894F82E33DA0706D558490DF1F3
S3150801EE209D00EBF76BF80028D2D03746A2E72846B3
S3150801EE30BDF834102CAAE9F767F8C7E76278002A03
S3150801EE40C6D0002BC4D10DAE0A2332462846A9895D
S3150801EE50E7F7F0FE0028BBD10A212846E7F777FE37
S3150801EE609DF83430152BB3D100964A462946012020
S3150801EE70AB89DDF83970DDF835B00EF056FE00289D
S3150801EE80A6D13846E7F763FD01230DF11202A989D8
S3150801EE9080462846E7F7CEFE09AE0121284609F144
S3150801EEA0180AE7F754FE30465146EAF75CF99DF829
S3150801EEB01270344B0C2FCDE91F361FA866D10EF000
S3150801EEC085FA0646002865D1CDE912B800212846FB
S3150801EED008AAE9F76FF8002840F00081304613F0D8
S3150801EEE0BBFF002800F0FA8094F82131042B40F08A
S3150801EEF0F5800A2128460BAAE9F75CF8002840F0B4
S3150801EF00ED80BDF82C30BDF820209B0AB3EB922F7B
S3150801EF1040F0E480284616A9FCF797F9002840F046
S3150801EF20DD800C2128461FAAE8F785FF002840F056
S3150801EF30D5801621082328461FAAE9F763F8014652
S3150801EF40002800F09C83172840F0C88094F82331E4
S3150801EF50022B02D10C48EAF7CDFD082317212846D2
S3150801EF601FAAE9F74FF8002800F09483172840F004
S3150801EF70B5800548EAF7BEFD91E300BFE83D0020EC
S3150801EF80C44000200100FEFF583B00200EF01EFA87
S3150801EF90064670B1B37F03F00F03072B09D1B36996
S3150801EFA0434533D133699B45FFF412AF0BF1010396
S3150801EFB033613B1FCDE912B81496102B3FF608AF03
S3150801EFC001A252F823F000BF1DF00108D1ED010896
S3150801EFD0D1ED0108D1ED0108E7F00108D1ED0108ED
S3150801EFE09DF20108D1ED0108CDEE0108B1F801083D
S3150801EFF04DFA010835F70108D1ED0108D1ED0108EF
S3150801F00035FC010811FF0108A7FF0108BFF4E0AEAE
S3150801F0100023C6F81880F3607361C7E7607813F0B8
S3150801F020D8FE00285AD00021284616AAE8F7C2FFBA
S3150801F030002853D128461FA9FCF707F900284DD106
S3150801F0406378022B45D104F128039E4246D1B4F8D0
S3150801F0504420BDF858309A4203D02046FEF72EFDCB
S3150801F0603CE0236A1F9A9A4205D19DF8832094F8B9
S3150801F07027309A4207D020461FA9FBF731FF23788C
S3150801F08043F001032370E7F7E4FB20632378DE07E7
S3150801F0900FD4E37813F0010F7F4B19BF9DF8812038
S3150801F0A093F83B339DF8822093F83A339B1A1D0651
S3150801F0B00BD54FF47A710020E8F72CF909F1100104
S3150801F0C0421C04F16C00FEF754FB02238DF8543000
S3150801F0D004E0304613F0C0FE0028D7D1204610A917
S3150801F0E0FDF788FB74E6304613F0B6FE074600289E
S3150801F0F0F4D05921284608AAE8F79DFE06460028B5
S3150801F10076D1DFF894A1DAF84C35002B70D0834616
S3150801F1108046CDE91F002190BDF8221041B9B8F10A
S3150801F120000F40F0AD80BBF1000F61D01FA9A9E027
S3150801F130294608AA16A8E8F7F7FD002858D19DF828
S3150801F1405930A3B99DF85830BBB1052B0FD1B8F189
S3150801F150000F4DD1BBF1000F4AD101232846BDF856
S3150801F160201007AAE8F7A1FE002841D1B846BDF844
S3150801F1705C1008A8E8F7B0F8CEE7B8F1000F37D168
S3150801F180042328460BAA08A9E7F72AFE80BB9DF89F
S3150801F1902D30012B2CD99DF92E309DF82EB0002B40
S3150801F1A00CDB1BF0400F1AD1BBF10B0F50D007D85F
S3150801F1B0BBF1090F2ED0BBF10A0F36D0BB46D6E7F5
S3150801F1C0BBF1400FFAD19DF87C30DDF82F0043F0F2
S3150801F1D001038DF87C30E7F7BAFB2090EEE70723A9
S3150801F1E02846BDF820100BAAE7F724FD0028E7D02A
S3150801F1F0204610A9FEF7D6FA94F8BC310546012B2C
S3150801F20004D0E378180701D40DF076FF002D3FF4FA
S3150801F2105CAF63E79DF87C3043F002038DF87C30E0
S3150801F2209DF82F308DF88430C8E7FF229DF87C3091
S3150801F23043F004038DF87C309DF82F3003EB8313DC
S3150801F2405B007F339BB2B3FBF2F38DF88530B5E7EC
S3150801F2509DF87C307F2243F008038DF87C308223A9
S3150801F2609DF82F1013FB0123FF22B3FBF2F36FF076
S3150801F2707F02823B9342B8BF13468DF886309DE7DD
S3150801F2809DF81C603246DAF84C55DAF8503509F122
S3150801F2901000A847ACE700BFE83D002005F12C0B9C
S3150801F2A05846FBF757FD0021064606AA2846E8F701
S3150801F2B081FE00287FF412AF94F82131042B3FF424
S3150801F2C00DAF122128460DF11602E8F773FE002844
S3150801F2D07FF404AFBDF81630012B7FF6FFAE8DF82B
S3150801F2E08400042128461FAAFBF778FF00287FF42B
S3150801F2F0F5AE9DF88420082A7FF4F0AE04F59671E0
S3150801F3001FA81DF0A9FF00287FF4E8AEDFF82094B6
S3150801F310514616A8E9F727FF99F85930022B0BD160
S3150801F32016A909F18000E9F727FF28B194F82031D9
S3150801F33043F0010384F8203128460BA9FBF785FF22
S3150801F34000287FF4CBAE102128460DF11302E8F709
S3150801F350F2FD00287FF4C2AE0C220F2128461FAB0E
S3150801F3609DF81370E8F74DFD00287FF4B7AE9DF8B8
S3150801F3707D30092B02D8072B7FF4B0AE284605A9A4
S3150801F380FBF781FF30B117287FF4A8AE4FF6FF735C
S3150801F390ADF81430643676B226EAE676F6B2B742A6
S3150801F3A028BF3746012694F852318DF8546003F088
S3150801F3B00F03032B35D116A904F59A70E9F7DCFE7C
S3150801F3C078BB3846FBF7D4FC94F85831BDF81810C9
S3150801F3D003F0030CC3F38103634528BF63469842D0
S3150801F3E0BDF8162040F0B980B4F85031C1F30801D0
S3150801F3F0C3F30803B1FA81F0B3FA83F340095B0951
S3150801F40098420BD19DF87E30C4499B09CB5694F995
S3150801F4107A11994200F09B8003DB5FE600297FF4AD
S3150801F4205DAE284608AA07A9FBF7F8FE00287FF46F
S3150801F43055AE0321284604F27112FBF7CFFE0646A4
S3150801F44000287FF44BAE04F59A755146284604F513
S3150801F450AB79E9F788FE4846E9F798FAB4F85831DE
S3150801F46004F5AD7003F0F00343F4FE43A4F85831F4
S3150801F470E9F78CFA04F5AE70E9F788FA5846FBF70E
S3150801F48069FC01464846FDF776FA84F85361E7F7C1
S3150801F490E0F9BDF81830C4F83C01A4F85031079BCF
S3150801F4A09DF81300C4F84031C4F84831089B03217C
S3150801F4B0C4F84431BDF81630A4F8543194F85231E1
S3150801F4C043F0F00384F85231FBF752FC94F85831B3
S3150801F4D060F3830384F858312846FDF769FC9DF8E3
S3150801F4E082308E4A84F86E31BDF81430C4F84C81E6
S3150801F4F0A4F86F319DF87E309B09D35C84F87A3184
S3150801F5009DF87F3084F87B31BDF88030A4F87C31D2
S3150801F5109DF87D30092B40F2AC80BDF885305BBA89
S3150801F520A4F87E319DF8873084F8803104F5C273DA
S3150801F530DDE90B0183E803009DF8843084F88171C5
S3150801F540012B8CBF0023012384F88C31C6E59DF875
S3150801F5507F1094F87B31994202D03FF662AFBDE540
S3150801F560B4F854319A42F8D19DF87D30B4F87E2129
S3150801F570092B0ED9BDF885305BBA9BB293420DD1E2
S3150801F5809DF8876094F88031B34209D0BFF4A6ADDF
S3150801F59047E7B2F5A06FF5D04FF4A0639342DCE7D5
S3150801F5A09DF8802094F87C319A42D6D19DF8812025
S3150801F5B094F87D319A42D0D199F85B30190754D421
S3150801F5C0D9F8681056484FF41B520023A1FB0001D5
S3150801F5D01CF080FC431C41F10002894603FB01FC37
S3150801F5E04FF41B5102FB00CCA3FB00320646A3FBDA
S3150801F5F0010E944401FB0CE10023494A1CF06AFC04
S3150801F6009DF815309DF814E003EB83035B00A3FB1B
S3150801F61006C203FB09230393AEFB00231CEB02027C
S3150801F62094F870C10EFB01330CEB8C0C4FEA4C0CB1
S3150801F630ACFB06E60CFB096694F86FC10292ACFBBB
S3150801F64000900CFB0100039A42EB03031EEB090E23
S3150801F650029A46EB00069E4208BF964505D07245BA
S3150801F66073EB0606FFF4DDAE38E594F88131BB424B
S3150801F6708CE74FF4A063A4F87E31012354E72846AA
S3150801F6801FAAFBF716FE17283FF460AC00283FF4C3
S3150801F6905DAC23E5012128461FAAFBF70AFE21488E
S3150801F6A0FEF77EF91F4816A9FBF71AFC04F59A73AB
S3150801F6B01F461D4A04F5B67C16461868596808336C
S3150801F6C003C663453246F7D1186830601B79384658
S3150801F6D03371FDF70FFC154B284603F58056B6F82E
S3150801F6E0BB2016A9A3F8FC2EBDF82030A6F89C303D
S3150801F6F0FDF753FEBDF82C1006F15800FEF730FE53
S3150801F70096F85B5015F0080506D128460EF014FB4D
S3150801F710284612F0E3FBD8E40120FAE7840004083E
S3150801F72040420F00403E0020683E0020E82D0020A0
S3150801F730E83D00200323142128460BAAE8F762FCBA
S3150801F74000287FF4CBAC08231621284616AABDF853
S3150801F7502D60E8F757FC00287FF4C0AC1521284630
S3150801F76008AAE8F727FC00287FF4B8AC0223B44DB1
S3150801F7708DF85430BDF8583076BA95F8527EF6B2FF
S3150801F780CBB305F6545116A8EAF7FCFFBE4255D18C
S3150801F790BDF82020B5F8503E9A424FD10028FFF611
S3150801F7A09DAC4ED0A74B93F85930012B3FF496AC3C
S3150801F7B01FA80AF0F7FF002861D094F8D05116A8BF
S3150801F7C0EAF7F0FE012D05D1D4E9762382428B4171
S3150801F7D0BFF484ACBDF82030C4E97601A4F8D2316F
S3150801F7E00123FA2184F8D16184F8D03104F5F07047
S3150801F7F0E7F75FFF72E4DDF85A8005F6545116A85B
S3150801F800EAF7C0FFB8F1000F0BD0BE42C0D00028FE
S3150801F81016DA05F5805393F85930012B7FF45EAC5F
S3150801F820C6E7BE42BDF85E3005D1B5F8501EBDF833
S3150801F8302020914211D0B3F5807F13D000281CDB1C
S3150801F840B6D14FF6FF717F4AB2F82E368B423FF496
S3150801F85045AC0133A2F82E3640E4B3F5807F3FF478
S3150801F8603DAC9BE7304600210AF0FCFA00223046FF
S3150801F87009F110010AF0AAFA30E4724BCBE716A98E
S3150801F8801FA8EAF77FFF002897DBE6F7E2FFD5F81E
S3150801F890A42D6D4B9A4290D0D5F8A03DC21A002AE4
S3150801F8A0BFF61CAC4EF65F221B1A934285D815E4A7
S3150801F8B0304613F0D1FA0023074660788DF89C305C
S3150801F8C08DF8A5308DF8783013F083FA20B994F8BD
S3150801F8D00831012B7FF402AC0021284608AAE8F773
S3150801F8E069FB00287FF4FAAB09F110030DF1A602B2
S3150801F8F009F1200953F8041B4B4542F8041BF9D1B9
S3150801F9001FA80021FBF741FA0B21FBF73EFA032159
S3150801F91028460DF19D02FBF761FC30B117287FF4EB
S3150801F920DDAB00238DF8A53009E004211FA8FBF7FC
S3150801F9302CFA0821FBF729FA0521FBF726FA04F127
S3150801F94028039E426AD11121284607AAE8F7F3FA45
S3150801F950002842D017287FF4C1ABB4F84420BDF87B
S3150801F96020309A427FF479AB7FB1204610A9FDF782
S3150801F97019FF00287FF4B2AB1021284606AAE8F73A
S3150801F980DAFA80B317287FF4A9AB28460BA9FBF747
S3150801F9907AFC18B955211FA8FBF7F7F90D21284656
S3150801F9A00BAAE8F748FA48BBBDF82E602846202E70
S3150801F9B028BF202616AB3246BDF82C1013F0D6FA0E
S3150801F9C016AB1D468DF878601E44AE4219D015F85F
S3150801F9D0011B1FA8FBF7D9F9F7E79DF81C30012B86
S3150801F9E0BBD1FFF73ABB9DF81800FBF7C1F994F8AC
S3150801F9F04C3060F3830384F84C30C6E717287FF44C
S3150801FA006DAB0223204610A98DF85430FCF7F2FE9F
S3150801FA1020461FA914F010FDFFF760BB00211FA89F
S3150801FA208DF89C10FBF7B1F91121FBF7AEF99DF89A
S3150801FA30A530002BECD00421FBF7A7F9E8E700BFB6
S3150801FA40E82D0020E83D0020843B00200027042102
S3150801FA5028461FAA8DF88470FBF7C0FB20B117282A
S3150801FA607FF43CAB8DF884706378012B02D0022BAE
S3150801FA7033D0FEE794F80831012B7FF42FAB9DF8BC
S3150801FA808420082A7FF42AAB04F58C711FA81DF07F
S3150801FA90E3FB00287FF422AB112128460DF116025B
S3150801FAA0E8F749FA30BB2046FEF708F8002304F5C3
S3150801FAB0DA75A4F8B4312846FBF762FC94F8BC3130
S3150801FAC0012B05D14FF47A7104F5DE700DF002FFB2
S3150801FAD02846FDF73FF9FFF701BB04F128039E42CB
S3150801FAE07FF4FCAA94F8463003F00F03072BD3D012
S3150801FAF0FFF7F4BA0121284616AAE8F71CFA0028E6
S3150801FB007FF4ECAA9DF85830E27843F004039A4250
S3150801FB107FF4E4AA6378012B02D0022B1AD0FEE700
S3150801FB2028460BAA08A9FBF779FB00287FF4D6AA71
S3150801FB30089B07216363E3630B9B04F12800A36316
S3150801FB40FDF736F92046A188FEF70AFC237843F02B
S3150801FB50010323700021284607AAE8F72BFA002893
S3150801FB607FF4BCAABDF81C30A2889B0AB3EB922F7E
S3150801FB7099D1204610A9FDF715FE00287FF4AEAAF3
S3150801FB800221284616AAE8F729FA38B317287FF476
S3150801FB90A5AA284606A9FBF776FB002837D0172819
S3150801FBA07FF49CAAE67816F0080636D130460EF0A0
S3150801FBB0C3F8304612F092F91021284606AAE8F74A
S3150801FBC0BAF960B317287FF489AA9DF88430002B07
S3150801FBD014BF012302238DF8543067E794F89C116A
S3150801FBE0169B012904D11BB9B448FDF70BFF5DE744
S3150801FBF0052B38BF0523B3F5E14F28BF4FF4E14381
S3150801FC00E2689342C5D0E36012F0CDF9C1E7AC4B87
S3150801FC10BDF81820A3F8FC2EC4E70120CAE79DF811
S3150801FC201800FBF7A5F894F84C3060F3830384F8C1
S3150801FC304C30CAE7304613F00FF900283FF44EAAB4
S3150801FC405821284606AAE8F7F6F8074600287FF459
S3150801FC5045AA8DF859008DF82D00BDF81A30002BEC
S3150801FC603DD19DF859309BB19DF85A10002900F0F5
S3150801FC7002819DF85B30D6F82C80002B40F0D680A7
S3150801FC80FF2940F0B3808F4AF36A002B40F0B28017
S3150801FC909DF82D303BB19DF814209DF82E30D506E0
S3150801FCA040F1ED80FE2713208DF82C7013F055F8DE
S3150801FCB0054600283FF409AA40F20513ADF87C3041
S3150801FCC04FF4567316A9ADF85830E8F7C7F9002866
S3150801FCD000F007812846E6F794FEFFF7F6B92946AC
S3150801FCE006AA1FA8E8F720F800287FF4F7A99DF8C7
S3150801FCF07D305BBB9DF87C30DDF87E00032B0790D9
S3150801FD002AD0072B22D14FF0030A0BAA9DF85930A6
S3150801FD109DF82D100B437FF4E1A9BDF880305345BA
S3150801FD20FFF4DCA95346284607A9E7F759F88046A0
S3150801FD3000287FF4D3A9514607A8E7F7CDFA079B10
S3150801FD408DF814800893BDF822304BB9BDF88010A0
S3150801FD5006A8E7F7C1FA80E74FF0040A16AAD5E71D
S3150801FD60012328460DF1160208A9E7F739F80028F4
S3150801FD70ECD19DF816300B2B25D008D8092B12D0BB
S3150801FD800A2B18D09DF8143043F0100308E0402BD5
S3150801FD9021D19DF81430DA073FF5A0A943F00103F4
S3150801FDA08DF814301DE09DF8143098073FF596A993
S3150801FDB043F00203F4E79DF8143059073FF58EA97D
S3150801FDC043F00403ECE79DF814301A073FF586A9BA
S3150801FDD043F00803E4E71B06D4D5012108A8E7F791
S3150801FDE07BFA012108A8E7F777FAACE742464AB950
S3150801FDF003274DE71968F162D2F868151960C2F848
S3150801FE00683541E71079884200F0F4801346126894
S3150801FE10EDE71968002900F0F68009681960F2E033
S3150801FE2098F804208A4228D0D8F80080B8F1000F43
S3150801FE30F6D12448D0F868550DB9012728E72A686C
S3150801FE4003F00F03C0F868256A79297122F00F02B9
S3150801FE5013436B719DF8143005F10800AB71E8F78F
S3150801FE6095FD05F10A00E8F791FDF36AC5F80C80DE
S3150801FE702B60F5620CE7FE270AE7022708E7012B44
S3150801FE8022D1D0073FF50EAF9107C2F380030ED4F6
S3150801FE9013B917077FF506AF9DF814203146B08BC5
S3150801FEA0F4F78CFC074600283FF4FDAEFAE6002B72
S3150801FEB0F2D015073FF5F6AEEEE700BF403E00204B
S3150801FEC0E82D0020E83D0020002B7FF4EBAE9007DB
S3150801FED03FF5E8AE51073FF5E5AE13073FF5E2AE4C
S3150801FEE0DCE728461FA9E8F7B9F800287FF4F2AE3F
S3150801FEF028460BA9E7F714F800287FF4EBAE284645
S3150801FF0009F11001FEF7C2FA00283FF4DEA8E1E67E
S3150801FF10304612F0A1FF074600283FF4DFA8DFF8B4
S3150801FF20F480D8F85435002B3FF4CFA85821284639
S3150801FF3016AAE7F780FF064600287FF4C6A8BDF88B
S3150801FF405A306BB9002E3FF4C0A8D8F85435D8F802
S3150801FF5058259DF82C1009F110009847FFF7B5B8F8
S3150801FF60294616AA1FA8E7F7DFFE00287FF4ADA8E1
S3150801FF709DF87D308BB99DF87C30052B0DD1002E6F
S3150801FF807FF4A3A801232846BDF858100BAAE7F762
S3150801FF908CFF00287FF499A83E46BDF8801016A864
S3150801FFA0E7F79AF9CBE7304612F056FF00283FF4F7
S3150801FFB095A85A2128461FAAE7F73DFF00287FF48E
S3150801FFC08DA816AA012328461FA9E6F709FF0246A6
S3150801FFD000287FF483A805F12C00FAF7BBFE95F8F3
S3150801FFE02E709DF8581000903B463046FDF74EF8A6
S3150801FFF0FFF76BB8002B7FF40CAFB8F1000F02D0F6
S31508020000D8F80030F362034BD3F868151160C3F8C9
S3150802001068253DE6E83D002038B50C460821FDF77F
S315080200206BFA054690B14378102B28BF102304F8C3
S31508020030013B2046F4F78EFB6A782046102A28BF31
S315080200401022A91C1CF078F9002038BD1720FCE7FD
S3150802005030B587B00D4601A9FFF7DEFF044648B959
S31508020060294601A8E9F74AFF002808BF17242046AF
S3150802007007B030BD0D24FAE77FB504460D4616468D
S315080200806846F4F767FB6A4629462046009610F04A
S315080200901CFE04B070BD00232DE9F04707460E4644
S315080200A017258CB001930DF1180802A8F4F752FB34
S315080200B0384602AA01A9CDF80C8010F006FE18B13E
S315080200C028460CB0BDE8F0879DF82C406207ECD5AF
S315080200D09DF828904846EBF7F3F90028E5D0172D46
S315080200E019D0317D44F3010241F3010352B25BB2E6
S315080200F09A4210DC4C40A307D7D1347CCA46A145A4
S3150802010028BFA246314652464046E6F7FCFB8245E0
S315080201100BD8A145C9D2344645460FCD0FC495E83A
S315080201200300002584E80300BFE70CAB03EBE003FA
S31508020130C11013F8182C735C9A42EBE7F8B53B4BDF
S3150802014004461B780D46002B6DD1394E96F80C38AD
S31508020150002B68D04FF6FF73B6F8507E9F4207D140
S31508020160E7F7C5F881B2B942FAD03248E8F75AFB3E
S3150802017000272046FDF714FC04F504700DF02EFF47
S3150802018004F510700DF090FB04F515700DF08CFB5C
S315080201902046A188FAF794FF27492848A6F8147E2C
S315080201A0A6F8107EE7F785FA04F59076A4F8287182
S315080201B0A5BB2348E9F76EFCB0FA80F0400984F83B
S315080201C02301204C94F85970A4F86051012F25D1C7
S315080201D04FF6FE72B4F85C3093421FD0C3F308039D
S315080201E0E3B194F85A30022B18D104F18000E8F7EB
S315080201F09CFA98B104F5B87084F86071E8F7F0FFD4
S3150802020004231921284684F86131E7F783F8411C4B
S3150802021004F5B270E7F74DFA0020F8BD0021304622
S31508020220FCF778FEF8E70D20F7E700BFE11D00208E
S31508020230E82D0020303C002080EE3600003C0020ED
S315080202402C3B0020E83D0020F8B5184C94F82852BB
S31508020250012D29D104F15800002194F82972B4F825
S315080202602A62FDF7CFFB00200021A4F5805393F8FC
S31508020270522EB3F8503EC4E98C013946A4F5DC7017
S31508020280A4F82A3284F82922E9F789F93146A4F52D
S31508020290DC70E8F7C7FA022384F82832294604F103
S315080202A05800BDE8F84049E7F8BD00BFE83D002020
S315080202B010B50C4600F5F8712046E9F701FE60B163
S315080202C004F10800EBF721F938B1A07BFB288EBFB1
S315080202D0002080F00200C0F3400010BD10B50C46A5
S315080202E000F5F8712046E9F7EBFD28B104F108009C
S315080202F0BDE81040EBF715B910BD13232DE9F04FF1
S3150802030085B00C4669460746B0F80A808DF8003073
S31508020310E7F7A4FE054600283BD138464049FAF7D6
S315080203202EFF0546A8BB012C27D03E49DFF8F8A0C8
S31508020330A1F67850ECF73CF878B338460AF67851C5
S31508020340FAF71DFF002869D10226DFF8E090DFF8E8
S31508020350E0B0D9F8344714BB0DF0CBFA68B1D9F836
S31508020360381701A8CDE9014A8DF80C40EBF780FF52
S31508020370DFF8C090019C002C3BD17B896A46023B80
S31508020380A3EB08038DF80130414602233846E6F707
S315080203906AFD284605B0BDE8F08F0126D5E7204656
S315080203A0EBF722FE18BB48F2FE02238823F47C539D
S315080203B093421CD021465846FFF77AFFB8B9214620
S315080203C05846FFF78BFF90B920461549E6F702FA19
S315080203D068B920461349E6F7FDF940B92146384679
S315080203E0FAF7CDFED0B90136F6B2042EC5D0646945
S315080203F0B1E799F85B301B0703D52046EBF765FE94
S3150802040040B121463846FAF7BAFE38B90136F6B28D
S31508020410042EB2D001A8FCF74DFBABE70546B8E7B8
S3150802042050400020944200201C350020E82D002070
S31508020430403E0020E83D00202DE9FF4100F1140767
S31508020440064639464448E8F797FE40B1434890F8CD
S315080204505930022B7BD000218030FCF7A9FC0B20F7
S3150802046012F07BFC0546002873D0042196F8593011
S3150802047006F15102E7F7F5FD044600285ED1DFF8DA
S31508020480E88005212846D8F8002EE7F738FE044604
S31508020490002853D108212846D8F8042EE7F72FFE5C
S315080204A0044600284AD108F580580121284698F8BA
S315080204B05B20E7F70DFE044600283FD102212846B5
S315080204C0D8F86420E7F71BFE0446B8BB05221221BA
S315080204D02846E7F708FE044680BB2846FCF7E4FBF5
S315080204E0044658BB98F85B309B072ED428463179C8
S315080204F0FFF703FF044608BB02230D212846184AC4
S31508020500E7F7AFFD0446C8B92846FCF7EDFB0446F3
S31508020510A0B907213846FCF74BFC124B3946C5E908
S31508020520093648F2FE0302A8CDE90034EAF7DBFFF2
S3150802053069462846FDF7AAFF044610B12846E6F79B
S3150802054060FA204604B0BDE8F0810323D5E71824F3
S31508020550F7E70324F5E700BF683E0020E83D0020E0
S31508020560BC0404086D050208E82D0020037970B55D
S3150802057014461A0705460BD50C4B93F85B0010F088
S31508020580080605D101200DF0D7FB304611F0A6FC6E
S315080205902B799B0708D56378042B05D10123237190
S315080205A02046BDE8704047E770BD00BFE83D002021
S315080205B037B5A74C94F8AA3194F8792103F00F03BA
S315080205C0032B0BD1022A12D0032A07D194F87E31C3
S315080205D001A88DF8043009F0BDFBD8B994F8793131
S315080205E0042B3ED8DFE803F03A3F52B8C20001A80E
S315080205F009F0C4FB00B1FEE79DF8043053B994F83C
S31508020600B03103F00302C3F38103934228BF1346B2
S31508020610032B3BD194F85930022B0AD194F87A313C
S31508020620012B02D9033B022B03D894F87831D90758
S31508020630D4D58848FFF700FF0028CFD194F879313E
S31508020640042B07D140F2E241834803B0BDE83040AB
S31508020650E7F72FB8042384F87931F3E70023A4F8DF
S31508020660803103B030BD02237C48002184F87931F9
S31508020670FCF79EFB94F8783101206FF3000384F8A7
S315080206807831002384F87D3111F028FC94F87D3105
S31508020690013384F87D3194F87931022B00D0FEE7D4
S315080206A00DF1020009F06AFB60B99DF80240204686
S315080206B00AF0A4FC012CC5D014F0FD0FD1D140F2EA
S315080206C0EE21C1E70023019394F85930022B4DD04D
S315080206D094F87B31002B49D1614D95F8453DDA07EF
S315080206E004D505F65450E9F74DFF18B194F85B3076
S315080206F09B073BD401A80CF01BFD10B1D5F8543E5C
S315080207000193FF2300258DF803300DF1030101A89B
S31508020710E7F7F2FF2B4601350028F6D0DBB25A1C62
S315080207204FF4AF63B3FBF2F3502B38BF5023A4F850
S31508020730823194F879310120032B1CBF032384F8F4
S3150802074079310AF05BFCFF2384F87E31B4F8821112
S3150802075000297FF479AF84E7424809F0FBFA28B901
S31508020760012194F87E0109F07DFBEFE794F87931CF
S3150802077013B1002384F879313848FCF7BBFB94F8A7
S315080207807B51012D16D0022D2AD094F87A31052BE9
S315080207903FF667AF01A252F823F000BFEF0702083F
S315080207A0430802086306020843080208EF0702081C
S315080207B0EF0702082C48E9F76DF9A0B912F076FBA3
S315080207C0022384F87B3194F879313221012B4FF0D8
S315080207D0000018BF84F87951E6F79CFD411CB7E77B
S315080207E02248E9F757F9002384F87B31CDE794F8D4
S315080207F05930022B0ED194F85B4014F008047FF4AA
S3150802080030AF20460DF098FA204603B0BDE83040D6
S3150802081011F064BB94F82832022B0CD1002394F809
S315080208202912134884F82832E8F7B9FEB4F82A12CE
S315080208300F48E7F7F7FF0F4803B0BDE83040FDF76A
S315080208403DB90021034803B0BDE83040FCF762BB5E
S31508020850E83D0020603F0020D03F0020743F002082
S31508020860E82D0020663F0020583B00202C3B002044
S31508020870303C0020403E0020014B1868704700BFFC
S31508020880B04400204FF0FF30704710B5044600B957
S31508020890FEE7037F1BB1436998470023237710BD00
S315080208A070B5044600B9FEE7038B428B9A420CD90F
S315080208B00022013303830277D0E9025398472B4675
S315080208C001462046BDE870401847036ABDE87040F5
S315080208D001330362D9E7014B5B691847B04400202C
S315080208E010B5EFF31184302383F311880348FFF719
S315080208F0CCFF84F31188BFF36F8F10BDB444002078
S31508020900014B9B6B184700BFB044002010B5EFF3AC
S315080209101184302383F311880348FFF7B6FF84F363
S315080209201188BFF36F8F10BDD84400202DE9F84314
S31508020930064614460D46FFF7A8FF3369984700276F
S315080209402D1947EB07032C1A63F10005012C75F1E3
S31508020950000306DA336A304601333362BDE8F843E8
S3150802096093E7D6E902839847A04277EB05031CD2A0
S31508020970F36898473B460246294620461BF0AAFAE0
S31508020980F368914698473B460246294620461BF09D
S31508020990A1FA4C4683B2002273832146304632833B
S315080209A0C04701233377BDE8F8833B46F3E7094B93
S315080209B010B55C6804B95860EFF31184302383F3E9
S315080209C011880548FFF7B2FF84F31188BFF36F8FCA
S315080209D010BD00BFB0440020B4440020084B10B537
S315080209E09C6A04B99862EFF31184302383F3118861
S315080209F00448FFF79BFF84F31188BFF36F8F10BD7E
S31508020A00B0440020D8440020FEE7F8B50446012782
S31508020A10124D0CB314F001000BD0002024F001048F
S31508020A2005EBC0021668002EF3D05168C0B2B04773
S31508020A30EFE72246013020284FEA520201D0D307B7
S31508020A40F8D507FA00F20F2824EA0204E8D9421E6A
S31508020A5005EBC2021038E5E7F8BD00BFFC440020EA
S31508020A60074BD3F82404D3F8202403F50053104087
S31508020A7000F0553020F0A040C3F82004C5E700BFB7
S31508020A8000C00350074BD3F82404D3F8202403F5F7
S31508020A900053104000F0AA3020F02040C3F820048A
S31508020AA0B3E700BF00C003501A4B2DE9F0411F6D92
S31508020AB05B6D1F4000D5FEE701260025164CDFF8C0
S31508020AC0608037421CD0C8F850602368C3B1A16859
S31508020AD0284601316268A1609847637B012B0FD1D2
S31508020AE070B90E4B03EB451393F8C82160F3410224
S31508020AF083F8C82193F8D82160F3410283F8D821F4
S31508020B000135082D4FEA460604F11004D9D1BDE88D
S31508020B10F08100BF00000450EC450020B0440020DC
S31508020B2000200450416C436910B5DA1CA1F1140483
S31508020B30B2FBF4F203EBC2000330B0FBF4F0B1F5FA
S31508020B40805F00F1010002D1012828BF012001308F
S31508020B5010BD73B506460D460024F36B01225B6988
S31508020B6001A928199847019B013309D1736C0434EA
S31508020B7062196A405B421A42EFD0204602B070BD43
S31508020B800024FAE72DE9F341154690F842201E465D
S31508020B90012A0CBF022304235D43CF7D2C1D844604
S31508020BA005F00205BFB915B1012724F00304486808
S31508020BB008342044DCF83C30012A5B6927D101A9B4
S31508020BC0984717B1BDF806300193BDF80430336073
S31508020BD002B0BDE8F08155B124F0030400230D7E6E
S31508020BE001F1200ED8B2854203D80020E2E72F464B
S31508020BF0F4E73EF8330003F10108A04204D901EBF9
S31508020C00C303D8690834D4E74346241AEAE701221B
S31508020C10314602B0BDE8F0411847D01E009B424259
S31508020C204241187E824211D11A688A420ED85A68FF
S31508020C308A420BD35A6901325A61D3E903028242C4
S31508020C403FBF986840F8221001321A6101207047A6
S31508020C5000234FF0FF3230B544689C4202D100238C
S31508020C60037230BD016801EBC30541F833206A609F
S31508020C700133F2E70023F0B545689D4210D00468B7
S31508020C80DF0054F8332004EBC306B2F1FF3F08D065
S31508020C90C2F31302914204D14FF0FF33E35173605A
S31508020CA0F0BD0133E9E710B5032A029C07D1A26A0F
S31508020CB05340626C5242134201D1FFF7DBFF012017
S31508020CC010BD0023F0B545689D4202D14FF0FF30B2
S31508020CD00EE00468DE0054F83340671C09D0C4F3FA
S31508020CE01307B94205D1240D1470036833445868B2
S31508020CF0F0BD0133E8E773B5164600F108040D4660
S31508020D00204609680DF10702FFF7DBFF032E05D11E
S31508020D106B68834202D12046FFF7ACFF012002B07E
S31508020D2070BD00BF2DE9F043466886B3056898464C
S31508020D304FF0000CA946AE4655F83C400CF1010CA2
S31508020D40C4F31307013401D0B94217D066450EF130
S31508020D50080EF1D12F46002403E0A64207F1080740
S31508020D6012D055F8343001340133F6D1C1F31301E8
S31508020D7041EA0851C7E90012BDE8F08341EA085181
S31508020D80CEE90012BDE8F083B8F1030F03D10123BF
S31508020D900372BDE8F083002303E09E4209F10809C5
S31508020DA0F5D055F833400133C4F30754032CF4D174
S31508020DB0C1F3130343EA0853C9E90032BDE8F083D5
S31508020DC008B508301346D1E90012FFF7ABFF012038
S31508020DD008BD4FF48032064B00209A6641F67132FE
S31508020DE003F51C33DA63012203F50053DA60704710
S31508020DF00090005041F671320121064BDA6303F581
S31508020E000052D1600022DA634FF48032A3F5183318
S31508020E109A66704700000350704737B5054601F1D8
S31508020E200C04436901A9012220469847BDF80430FB
S31508020E300122009369462046AB69984703B030BD44
S31508020E40202A0B681EBF4FF0FF3191408B43590889
S31508020E5001F055315B1A03F033319B0803F0333343
S31508020E600B44017803EB13130A444FF0013103F0E4
S31508020E700F334B43A2EB13620270704737B5044631
S31508020E8000251B22011D0DF107008DF80750FFF7FB
S31508020E90D7FF63689DF80720B2EBD36F03D123F01F
S31508020EA0784003B030BD1B2204F108018DF80750C3
S31508020EB0FFF7C6FFA0689DF80730B3EBD06F0ABFED
S31508020EC0C0434FF0FF3020F07840EAE72DE9F043BF
S31508020ED00646994689B0036908460F4690469847DA
S31508020EE00446002867D1D9F804305B0A012B22464A
S31508020EF04FEA530304F10104F8D899F8035099F814
S31508020F0002302D03DB0203F4006305F480551D430A
S31508020F10B9F800304FF00009C3F30A0352032B4411
S31508020F2092B29D18294B0DF107001B2228F078442E
S31508020F3002A9039302948DF80790FFF781FF9DF8A3
S31508020F4007306FEA054544EAC36404946FEA080465
S31508020F501B2224F0784402A902948DF80790FFF721
S31508020F606FFF9DF807306FEA154544EAC3644FF0F0
S31508020F70FF3301220594069307A9B369079507F17A
S31508020F801000984701220446B36905A907F108002B
S31508020F9098470122484518BF0446B36904A9381D73
S31508020FA098470122484518BF0446B369384603A93B
S31508020FB0984728B1044639463046FFF72EFF01E026
S31508020FC0002CF8D1204609B0BDE8F08301009AB298
S31508020FD0174B10B50446D3F8200100F0070006287F
S31508020FE01FD8DFE800F0040A0E2112161A000123A0
S31508020FF004B1206001B10B6010BD0E4B18680523C1
S31508021000F6E70C4B58680323F2E71CF035F9072379
S31508021010EEE7084B18680623EAE7064B58680423E6
S31508021020E6E700231846E3E702230348E0E700BFA2
S3150802103000800050C0620020002D31014FF480323A
S315080210402DE9F843204B4FF001089A6641F67133B1
S315080210501E4D0446EF69EB631D4B0021C3F80C8055
S315080210600223686121202B6117401CF025FEDFF858
S315080210706890064640B1C9F80C8007B1E9630136A3
S315080210800CD16E20BDE8F88321201CF015FEC9F8A4
S315080210900C8007B1EE63431CF3D008B17120F1E767
S315080210A00C4B9A6801230A3202F01F02934023F07E
S315080210B0030323449C4201D10020E3E754F8042B9E
S315080210C00132F7D03E20DDE70090005000000350C1
S315080210D0001003500080E00F00200350D0F8A03023
S315080210E01B689A6C5206FCD5002059647047D0F8E2
S315080210F0A0301B689A6C120643BFDB6B00200B708C
S315080211001B20704780F89510704790F89500704735
S3150802111038B5202204460D460C3000211BF06AF829
S315080211204FF0FF33C4E90035A36038BD084608B559
S315080211300A8C10300FF0E6FB00280CBF1F20002097
S3150802114008BD096800681BF004B92DE9F0471D4679
S31508021150836D00F150079F4204460E46914688B0B9
S3150802116078D02B78812B75D1AB88B0F84C205BBA36
S315080211709BB293426ED10423304689890DEB030252
S31508021180E5F758FD002865D10198E5F7E0FB02AAC4
S315080211908246904609F1100309F1200E9446186812
S315080211A059680833ACE8030073456246F6D1E5F799
S315080211B050FB4FF6FF73A0EB0A00984228BF184669
S315080211C0B189738982B25B1AADF81820ADF81A3064
S315080211D0EB885BBAADF81C3099F824308DF81E30CE
S315080211E0E38F0133E387236C03442364B4F8463060
S315080211F0934238BF1346A4F84630B4F844309342B3
S3150802120028BF1346A4F8443094F848305BB9E38DF6
S315080212104BB9EB88B4F84E205BBA9BB2934202D123
S315080212203846E6F7BAFA236A13B14046A16A9847DE
S3150802123094F8483073B9E38D63B9EB88B4F84E2055
S315080212405BBA9BB2934205D1636A1BB1A16A04F1E8
S315080212503C00984708B0BDE8F08707B50A4600B9CA
S31508021260FEE7037F03B1FEE7064B01900093416850
S3150802127001234FF0FF301BF04DF900B1FEE703B032
S315080212805DF804FBB7DB03084FF0FF301BF010BB19
S3150802129000B9FEE741684FF0FF301BF04BB910B5B5
S315080212A0044644EA010313F00303084609D19342AC
S315080212B001D1002010BD54F8231040F82310013341
S315080212C0F5E7214692001BF037F8F2E72DE9F74FCA
S315080212D089464FF480314FEA820A384A384C916679
S315080212E0E269804602EA010341F67132012100935E
S315080212F0E263344A8346D16057464A4677B9384646
S315080213000122314BDA60009B13B100222C4BDA63BF
S31508021310431C3DD0002846D071203AE00BF5005513
S3150802132025F4FF5525F01F05C4F814B0A5EB0B05E7
S31508021330E169BD4228BF3D46490731D4164656F8EB
S31508021340041B2A44A161964210D1042200212120BD
S3150802135022611CF0B1FC0028D2D121201CF0ACFC81
S315080213600028CDD13246AB447F1BC7E70821084681
S3150802137001921CF0A1FC019A70B104230122236197
S31508021380114BDA60009B0BB10023E3630130C3D132
S315080213906E2003B0BDE8F08F56F8041BA161D2E7B0
S315080213A04FF0FF30ACE75246494640461BF054FF21
S315080213B0002814BF3D200020EBE700BF0090005034
S315080213C000000350001003500020035038B514469D
S315080213D092B31169D3680139184D994228684FF0BA
S315080213E0FF3118BF00211BF0B7F810F5007F0CD1AA
S315080213F080232375E368226901339A42E3600FD991
S315080214002046BDE838400BF0C3BB002894F91430D7
S31508021410B8BF033040F387008342B8BF2075E9E7B7
S3150802142094F914302868237102230022236080214C
S31508021430BDE838401BF068B938BD00BFDC1D002086
S315080214402DE9F743D0E9043404F17C07D0F80C906F
S315080214500646013B102200213846D4F874809DB214
S315080214601AF0C8FE0B4BC5F30A0543EA0513C4E98D
S315080214701F39012394F8780084F88C30C4F88480E4
S315080214803A46054B009604F1640112F0F3F803B0EC
S31508021490BDE8F083000010309D140208536910B5A8
S315080214A014460022D3F8900083F88C2028B10168EC
S315080214B0C3F890100260FFF7C3FF63681BB10021EF
S315080214C02046A2689847002010BD034693F8942048
S315080214D0084610B5FAB10A69B2F5006F1DD8EFF3DE
S315080214E01184302282F3118893F88C204B617AB1E9
S315080214F003F19002D3F890303BB90360106084F38D
S315080215001188BFF36F8F002010BD1A461B68F3E7D8
S31508021510FFF796FFF3E70E20F6E72120F4E73023DC
S3150802152037B5007D0DF10701434303F1A04303F5E7
S315080215308023DD6E1C6F1CF027FB9DF8070040B95F
S31508021540054B9D4203D184F00204C4F3400003B064
S3150802155030BD0120FBE700BF6C47002010B50446EA
S31508021560FFF7DDFF38B1236DD4E912020244934234
S3150802157018BF184610BD3022237D534303F1A043FA
S3150802158003F58023DB6EEFE72DE9F74F0F46054695
S3150802159028B30378302B1BD1437803F0DF03582B8B
S315080215A016D14FF00108023500244FF0993A264623
S315080215B04FF00A09DFF874B02878B8F1000F0AD09C
S315080215C00DF10701E5F7E1FEB0B103B0BDE8F08F12
S315080215D04FF00008E8E73038C0B2092801D90720D9
S315080215E0F3E7A2457BEB06038DF80700F7D3A4FBC6
S315080215F0094309FB063306E0B6F1805FEFD23301F1
S3150802160043EA147324019DF807200021121953F1A5
S31508021610000328BF012114461E460029DFD115F80A
S31508021620010F0028C8D1C7E90023CEE7999999196D
S3150802163013B50C4610B9072002B010BD02786946E8
S315080216402D2A0ED10130FFF79FFF02460028F3D15B
S315080216504FF00041009B994201998A41EBD35B42C4
S315080216600DE02B2A08BF0130FFF78EFF0028E3D1D1
S31508021670009B019AB3F1004F72F10002DBD20020FF
S315080216802360D9E72DE9F347064600680D46174653
S315080216909846002850D01AF0B1FE00F10109044616
S315080216A04FEA5909B8F1000F09D0B8F1010F40D035
S315080216B0B9F1000F42D10020A5F8009036E02B8838
S315080216C04B4539D104F00104B9F1000FF3D0002CCF
S315080216D03AD1D6F800A00DF107019AF80000E5F70D
S315080216E054FE18BB0AF1010333609DF807301B014B
S315080216F0DBB23B70D6F800A00DF107019AF800009C
S31508021700E5F743FE90B90AF1010333603B789DF889
S31508021710072001341343A14507F8013BCBD0B8F1A2
S31508021720020FD6D12B88A342D3D1242002B0BDE81A
S31508021730F0872B884B45C5D20720F7E72B88002B65
S31508021740F3D000F00104C2E700242346D1E713B51B
S315080217500C466946FFF718FF48B94FF0FF32009B5F
S315080217609A42019A70EB020234BF0720236002B044
S3150802177010BD0A4A091A891030B551430346002298
S3150802178024258A4205FB023005D00BB1046A04B14E
S3150802179030BD0132F5E70020FAE700BF398EE3389B
S315080217A070B50D460668EFF31182302181F3118870
S315080217B00021046A016282F31188BFF36F8F002C3D
S315080217C000DC70BD3046013CA847F8E710F1840FEB
S315080217D014DA10F1990F21DB993014281ED8DFE8A4
S315080217E000F00B1B1B1D1B1B1D1D1D1D1919191D89
S315080217F0131915171F111B0006207047003818BF4A
S31508021800012070470C207047182070470D2070473A
S315080218101720704703207047082070470120704739
S31508021820072070472DE9F04F0027BB46964C9BB020
S31508021830182200210EA81AF0DDFC20460EA906F091
S31508021840B3FF064658BB0F9B1B0A012B27D0BDF8D0
S315080218503830B3F5885F22D040F201130F938B4BD1
S315080218600DF1500C13930EADCDE909000FCDACE87E
S315080218700F0095E8030033468CE8030032462046FB
S3150802188009A9CDE90B66089606F0F3FE064688B165
S315080218900A98002840F0F480099806F0D5FE01342B
S315080218A07B4B47F100075F4508BF9C42C0D11BB07E
S315080218B0BDE8F08F099D6B69A3F50033B3F5003FC8
S315080218C0C0F0C780AB689B07E2D5BDF8383013B1C4
S315080218D02A889A42DCD1BDF83A206B880AB193422B
S315080218E0D6D1B5F80090ADF85230D5F80CA0179BB2
S315080218F05246194648460793ADF8509005F096FEAB
S31508021900804618992A694846CDE9051205F08EFEE1
S31508021910DDE90512B8F1000F04D1079B13B1BAF13C
S31508021920000FB5D110B909B1002AB1D1AA68169B20
S31508021930189013400AA90BAA14A8CDE916380FF075
S31508021940C9FD0028A4D10A9D6B681B0A00F0838092
S3150802195028460CA906F050F9002899D128460C9970
S3150802196005F051FE002893D1DDE90950D5E90812A0
S3150802197006464368D0F820904FEA1328B8F1010FBB
S3150802198056F824EFD5F804C082D16B69A3F500385E
S31508021990B8F5003FBFF47CAF5FEA1C2C7FF478AF42
S315080219A0AD6815F002057FF473AF0D950DAD4B4684
S315080219B0CDE90165CDF800E0EDF714FA00287FF4C9
S315080219C067AF0A9808A910F02AF900287FF460AFD1
S315080219D0099806F039FE054600287FF460AF2046CE
S315080219E006F0AAFE089E0D95A6423FF458AF304669
S315080219F0294614AAECF7E0FB804600287FF44FAF8D
S31508021A00DDF8509001204946EBF7E9FC0546002827
S31508021A103FF445AF0DAB00934A460346414630466E
S31508021A2010F006FC60B9159B3946009320462B46F2
S31508021A300D9AECF751FB014610B93046ECF7DBFB81
S31508021A40002128460D9A1AF0D5FB2846EBF7B8FB73
S31508021A5025E7012639E7099B1EB15A68120A7FF45F
S31508021A6017AFD3E908682846414605F0CCFD002899
S31508021A707FF40EAF42463146286A1AF05DFCA0E7AB
S31508021A8006F022F808E700BF01000200F000020093
S31508021A900800020008B521B106F0A4FEBDE8084018
S31508021AA094E66FF08600F9E710B5044686B0182268
S31508021AB0002168461AF09EFB6946204606F074FE27
S31508021AC0B0FA80F0400906B010BD08B528B106F094
S31508021AD01BF8003818BF012008BD0120FCE7064B99
S31508021AE010B51A782AB100241C70F2F7A5FD204613
S31508021AF010BD0D20FCE700BF0E19002002201BF0C6
S31508021B0027BC08B5064B18681AF0C8FD30B1054B54
S31508021B10B3FBF0F083B20BB1184608BD0120FCE70F
S31508021B20DC1D002040420F0038B50A4CD4F8CC52CE
S31508021B3075B12B68012B05D1074B04F5347118686A
S31508021B401AF0F8FC2846EBF73BFB0023C4F8CC3224
S31508021B5038BD00BFB0440020DC1D002070B5F0B1CE
S31508021B600668022E1BD18468B4B104F500540579BF
S31508021B70FFF7DAFF94F838366DB283B1084B284678
S31508021B8093F87E2E022A18BF83F87E6E0BF070F841
S31508021B90BDE870400EF05CBDBDE87040C4E770BD9C
S31508021BA0E82D0020F8B50646284D33680C46286805
S31508021BB0FBB197211AF006FF024600B1FEE731682B
S31508021BC0286813F071F900B1FEE7316828681AF03F
S31508021BD04EFD3179814200D0FEE7286813F00AFBF0
S31508021BE000B1FEE70122286811461AF01FFF20B14C
S31508021BF0FEE713F0EFFD00B1FEE70322286811465F
S31508021C001AF004FF7F2C1CD028681AF0A7FD0328B7
S31508021C1012D104EB840464002F680A2138461AF0AC
S31508021C209FFD40F6E44138461AF09CFD2146286895
S31508021C3013F0F8FA28B1FEE7286813F00FFB0446FA
S31508021C40EAE7034BC3F8E862F8BD00BFDC1D0020D3
S31508021C50B044002008B5054B00EB80004100186827
S31508021C6013F0E0FA00B1FEE708BD00BFDC1D002054
S31508021C7038B50F4B0C4693F8F022824215D893F8E2
S31508021C80F122824211D303F53B75D3F8E832AB420F
S31508021C9004D10846FFF7DEFF002038BD11F040F8F0
S31508021CA021462846FFF77EFFF6E70720F5E700BF3D
S31508021CB0B04400201FB5FF238DF8043000230446E4
S31508021CC0CDE9023310F09CF901462046FFF7D0FF12
S31508021CD040B9054B2146186801AA1AF039FC0038A2
S31508021CE018BF012004B010BDDC1D002010B5044643
S31508021CF01BF042FB154B227E93F8F012914222D832
S31508021D0093F8F11291421ED303F53B70D3F8E832E9
S31508021D10834202D07F21FFF745FF80220C4B1146F2
S31508021D2018681AF0F1FC18B101200023236009E0B3
S31508021D30207EFFF7BFFF0028F6D120460AF028FFCB
S31508021D400028F1D110BD2120EFE700BFB0440020E2
S31508021D50DC1D0020037A02680079134343EA002057
S31508021D6070476E4A2DE9F0416D4B55686D4C5D65BD
S31508021D70516A99656C49D1F80002D865D1F804020E
S31508021D801866D1F80812586B5966916A10F0040F52
S31508021D909966D16A4FF00000D966116B1967516BC3
S31508021DA05967D26BD8649A67D3E90E1218BF1146DF
S31508021DB05E4A91421A655DD301F12000A04259D8C4
S31508021DC08869C5F308051864CE69062D5E6455D17F
S31508021DD0574DA84252D3574DA8424FD205884DF6C1
S31508021DE0426085424AD11868C3F894005868C3F815
S31508021DF0980040F20170A242154604D22E680432B7
S31508021E00B6F1CD3FF7D00022C3E91F22C3E921224A
S31508021E10C3E92322641BDFF818C1424DDFF814E137
S31508021E209C648D422DD8D3E91FC7D3E92165D3E92E
S31508021E3023414FF0000E013AD2B2FF2A3BD1BEF13E
S31508021E40000F05D0C3E91FC7C3E92165C3E92341CA
S31508021E50B3F85430C3F308030C2B3AD8022B53D9E0
S31508021E60DA1E092A50D8DFE802F030563F424F4FB1
S31508021E704F4F4F4C0021C3E910112C494FF42060F3
S31508021E80B9E755F8044D6445CBD37445C9D2E6077C
S31508021E90C7D50026284F57F8048FA045C1D001366A
S31508021EA0062EF8D12AB1013AD2B203EB8206F467BA
S31508021EB0B7E70522F9E7E0464FF0010EBC4637467A
S31508021EC02E4625460C464146B5E740F60120BDE8B2
S31508021ED0F0814A2B18D1194B9B6913F0020F40F275
S31508021EE0025318BF1846F2E740F60320EFE740F21E
S31508021EF0017240F60423B0F5206F14BF1046184647
S31508021F00E5E740F60520E2E740F60722013B6B2BA0
S31508021F1098BF1046DBE740F60220D8E700ED00E05E
S31508021F20C06100200818002000E100E00800002037
S31508021F3020620008A0DC0308386200200040005B2B
S31508021F401FB54FF000639B6A03F17842B2F5C04FA2
S31508021F501CD21C6B04F17843B3F5C04F16D200238A
S31508021F6001A8CDE902330BF0FDFE039BDB030DD579
S31508021F70029B1A0E0AD0012A03D1C3F307430A2B7E
S31508021F8004D9236C04B0BDE81040184740F201108A
S31508021F9004B010BD0368D90444BF43F480630360E8
S31508021FA003689A0444BF43F400630360704713B599
S31508021FB0044601A80191FFF7EDFF019BA36002B059
S31508021FC010BD2DE9F0410024ACB0CDE90A404FF42A
S31508021FD04051019006A8FFF7EAFF6D4B6D48099339
S31508021FE040F2011304AACDE9060303A906A8CDE91E
S31508021FF0034401940FF06EFA044600283FD1039E6B
S31508022000736AB3B1039D2E466B682F6A1B0A56F88C
S31508022010248F42D0012B00F0AD806FF08604039D19
S31508022020286A10B1696A05F08FF90023C5E90833F1
S3150802203025E0079B1B0A28D1BDF81800BDF81A50DF
S3150802204000F4E043B3F5805F13D0B3F5005F10D018
S3150802205020F0FF00B0F5E24F40F096800735ED0814
S3150802206005953046059905F0CEFA04460028C9D0EA
S3150802207005E0294605F098FA04460028EED00398AA
S31508022080002834D005F020FD31E005A906A805F0A0
S31508022090B3FD04460028E4D0F1E72B885A040BD492
S315080220A02B8803F4E042B2F5805F26D141463846D2
S315080220B005F02AFD044611E003F4E043B3F5805F18
S315080220C0EED0B3F5005FEBD0334642463946284692
S315080220D0ECF7ACFD10F1860F0446E1D00398002C0C
S315080220E09DD101A90FF09BFD04460028C7D12046C1
S315080220F0FFF76CFB2CB0BDE8F081B2F5005FD5D0D6
S3150802210023F0FF02B2F5E24F3BD1DBB2122B6A880B
S3150802211037D1E02A06D0B2F5807F29D0C02A30D13D
S31508022120012400E002240CA8EEF738FD21460CA88B
S31508022130EFF7B6F9044670B90346174A24A90CA85C
S31508022140EEF71EFF044630B943463A4631460CA816
S31508022150EEF734FF04460CA8EFF763F924A8EDF767
S31508022160D9FC26A8EFF75AF9204605F014F9A1E793
S315080221700324D8E73346424639462846ECF756FD45
S3150802218098E76FF085044AE76FF0850477E700BFA2
S31508022190FF06000612710001E57B02082DE9F047E9
S315080221A086B00546DDE90F980C4616460021182228
S315080221B068461F469DF838A01AF01CF8B9F1000FB8
S315080221C041D0B4F5885F1ED04AF48073BAF1010F84
S315080221D0019303D12A68DBB2059283B3394668466E
S315080221E0FFF7E5FEADF8004024F0FF04B4F5824F90
S315080221F0039612D12B4642464946684605F0F4FD37
S3150802220006B0BDE8F087BAF1000F12D13946684622
S31508022210FFF7CDFE0396ADF800404FF6F872B2EB23
S31508022220C80F4FEAC80338BF4FF6FF73ADF802303E
S31508022230E0E740F2011301932B680593E6E740F2C3
S3150802224001130193CAE76FF08600D9E710B5EFF3D9
S31508022250108472B64FF0FF301AF02AFB094BD3F8F6
S31508022260F422C3F8F402824282BFD3F8F82201327A
S31508022270C3F8F822D3F8F812034620461BF0C7FC27
S31508022280184610BDB04400202DE9F04F9846930237
S3150802229007461646EBB040F1B981FEF731FBDFF887
S315080222A044A3814608A9DAF800001AF0CBFABDF869
S315080222B022C0BCF1020F40F2A9814AAC08AD0FCD8B
S315080222C00FC42B68BCF1270F23600AD92723BDF850
S315080222D02420ADF82A31262A82BFADF82C310023F4
S315080222E04D93DAF800004AAA2AA91AF0B2FA9DF81A
S315080222F02A41002C00F08A810A9B0DF1A90016904A
S315080223001B78ADF85C300DF22913209310F098FF74
S31508022310002800F0DF8202A916A8F2F7A0FA9DF8B3
S315080223201030DFF8B8A2012B9AF8FCB29AF9FD42EE
S3150802233010D1F2F7F9F9BDF8083005682DB9A54BA1
S31508022340DB6853B30025AB46E2E0EA889A4211D02D
S315080223502D68F3E7022BF2D1F2F7E6F90568002DAC
S31508022360EDD008220DEB0201A8181AF075FF08B184
S315080223702D68F4E72879974B10F0020FDA68C0F354
S315080223804001C0F3800340F09780002B40F0A880FC
S31508022390010700F19880002AD4D100248D4B9C7243
S315080223A00DA810F0B3FD0023169D8DF81C302846A3
S315080223B08DF801308DF8023010F042FF002800F047
S315080223C02581284610F030FF002800F01F8105A954
S315080223D016A8E6F711FF002840F018819DF81C1090
S315080223E0002900F01381BDF8140010F085FD0028BD
S315080223F040F00C810DF1420116A8E6F725FF0028E8
S3150802240040F004819DF84A30002B00F0FF80169DAB
S31508022410284610F00FFF002840F0E680284610F004
S31508022420F8FE0546E6F703FB002800F0E1810DF108
S31508022430060116A8E6F744FB002840F0E780BDF837
S315080224400630ADF84E3001238DF851309DF85E30D6
S315080224502022002122A88DF8863019F0CBFE5E4B89
S3150802246020A90D939DF801300DA88DF852309DF8DC
S3150802247002308DF85330E6F7BDFB209D284610F052
S31508022480C8FE20F0100080B22870000A6870209DED
S31508022490284610F0BEFE002C00F0B68140F400710A
S315080224A089B22970090A6970169D284610F0B1FE8C
S315080224B0C30540F1AC81FEE78DF804B07BB910F094
S315080224C0080F3BD0012382218234C4EB0424B4FBD7
S315080224D0F1F40DF1040B5D1C0BF8034015E0012124
S315080224E03E4B93F8FE32E31A5BB2002B20DB7F2CBD
S315080224F008BF00238220C3EB0323B3FBF0F30DF1DD
S31508022500040B0BF80130A9B10225002A00F0D88283
S315080225100DA916A8F2F7A3F92E4C28B99DF83C3056
S31508022520012B12D0022B4DD00023A3721C4624E0A5
S315080225300023DFE72B7913F0080FC2E70125002AEB
S3150802254000F0BE820DF1040BE2E74FF6FD72238816
S315080225509342E9D8BDF834209A42E5D101231F4AAD
S31508022560A372B2F8FF32062423F4FF4343F45063FE
S31508022570A2F8FF32042382F8FF32BBF1000F3FF4C0
S315080225800FAF002D3FF40CAFBAF8FF322A4623F4F8
S31508022590FF43AAF8FF322B1D8AF8FF329B238AF8DB
S315080225A00133B8238AF80233EA238AF8033300236D
S315080225B0254459460A4806358AF80433ECB219F016
S315080225C0BBFEEDE60822A11C0DA81AF045FE00285E
S315080225D0AAD1C3E73844002002000020B0440020F4
S315080225E0B5470020DC1D00200DF1010116A8E6F70B
S315080225F09DFA58B99DF80130052B07D10DF1020154
S3150802260016A8E6F7A3FA00283FF408AFF40106F085
S31508022610807240F1828100201AF004FF20201AF00D
S3150802262097FE06F400510446002800F0878121B17E
S3150802263001214FF400401AF073FE16F4404F06D0FB
S31508022640002148F220001AF06BFE1AF095FE3007B8
S3150802265040F18B80DFF834B30321DBF800002AAAA5
S315080226601AF0EEF80146002800F0BD819DF8A83060
S31508022670072B40F0B881DBF800004AAA1AF0E5F801
S31508022680002840F0B081BDF8AA402C9B04F1010A4B
S315080226901B781FFA8AFA534540F0A581E31E7B2B65
S315080226A000F2A1812AA81BF08BFA002840F09B8130
S315080226B0BDF8AC30002B40F059812D9B93F8009061
S315080226C09DF83531002B00F0638109F00703022BD0
S315080226D040F08981A64DDBF8000029682AAA1AF07B
S315080226E0B8F8A5F804A01AF057FE002838D0DFF883
S315080226F098A22A68DAF8C43292781B689B789A42BA
S315080227002ED19DF82E31002B00F06D810234DBF8B4
S3150802271000004AA9ADF82C411AF099F80446002897
S3150802272040F061819DF8363101206B759DF837318D
S315080227304A99AB758F4BAB621AF0E0FE01214FF452
S3150802274080701AF0EDFD8C4821461AF0E9FD1AF060
S3150802275057FE28B119F0100F1CBF01238AF8C83298
S315080227601AF04EFE08B910F0D5FAB20102D50120C8
S315080227701AF058FE16F0084F03D0002104201AF06A
S31508022780CFFDB30705D508201AF0E2FD08B11AF005
S3150802279013FE18F4807F1FD038464AAA2AA919F0D0
S315080227A0B0FE9DF8A830BBB1744800211AF0B8FDF6
S315080227B004201AF0CDFD18B1002104201AF0B0FD4C
S315080227C0FFF79CF918B14FF400701BF039F91BF0AA
S315080227D014FA08B11AF0F0FD18F4007F00F07681B9
S315080227E00022384611466BB0BDE8F04F12F068BDBC
S315080227F02846E6F7CEF800283FF428AE0DF1060182
S3150802280016A8E6F7F5F817E620F4007148E620A8B8
S31508022810A978E6F701F9169810F00CFD60B10DF1EA
S31508022820030116A8E6F7FFFA00287FF4EFAE9DF833
S31508022830031020A8E6F70BFB6CB120A8E6F79CFB71
S31508022840209D22464E49284419F076FDBDF884306B
S315080228502344ADF884304B4BBDF822009A7A8AB1EC
S315080228609C899DF85C304001C0EB431000F5F0707E
S3150802287048440AF053FA054620A8E6F791FB08B140
S3150802288044800580209810F0D5FC28B120A810F0C5
S3150802289015FD00287FF4BAAE08A81BF091F90028A6
S315080228A07FF4B4AEDDE90A43BDF824202098002A55
S315080228B008BF1C4610F0BEFC18B1237843F0040387
S315080228C02370BDF8842038464AA98DF828211AF0C3
S315080228D0CDF89BE6012C06D09DF8A93003F0070334
S315080228E0012B3FF493AE38461AF0BEF818B1022807
S315080228F03FF48CAEFEE708A81BF062F900287FF4C5
S3150802290085AEDDE90A32BDF82410002908BF134650
S315080229101A7862F07F021A7078E608F002031A4300
S3150802292004D04FF400701BF08BF877E606F0A84245
S315080229301A433FF473AE4FF48050F4E749B10121CC
S315080229404FF480301AF0ECFC214640201AF0E8FCDD
S315080229507DE608F020030B433FF479AE40201AF0D7
S31508022960DFFC4FF400601BF06BF870E62C9BA5E6C3
S3150802297080440020E81D00200A00010060000100D2
S31508022980AF47002038440020B0440020DC1D002058
S31508022990504B1B7813B9BAF1040F24D09DF82E3187
S315080229A00BB30234DBF800004AA9ADF82C4119F042
S315080229B04EFFC0B9EFF3108072B6474CB4F8122333
S315080229C0B4F814331BF023F99A420CD0EFF31183AF
S315080229D0302282F31188D4F86053691C08D183F334
S315080229E01188BFF36F8F002528460FF0DDFFBCE67E
S315080229F0294651F80C2BC4F8602383F31188BFF3D8
S31508022A006F8FDBF800002AAA19F023FF85F800A0C9
S31508022A10BDF83C316B709DF93631EB709DF8373154
S31508022A20AB704A9BAB602D4B6B60EFF3108A72B6A4
S31508022A30B4F81223B4F81413B4F810338A4216D22F
S31508022A401344B3FBF1F001FB1033013204EB8303A9
S31508022A50C3F81C53A4F8122350461BF0D8F819F0F1
S31508022A60200923D0012104201AF05AFC7DE6D4F865
S31508022A7018235AB104EB8303D3F81C1304F54470E4
S31508022A80904718B950461BF0C2F8ADE7B4F81033B0
S31508022A9004EB8302C2F81C53B4F814230133B3FBC4
S31508022AA0F2F102FB1133A4F81033D5E794F8C832D1
S31508022AB0002B3FF45AAE10F02DF984F8C89254E66A
S31508022AC00024074B0DF1040B9C725DE56BB0BDE863
S31508022AD0F08F00BFE11D0020B0440020E81D002051
S31508022AE038440020BFF34F8F0549064BCA6802F4E3
S31508022AF0E0621343CB60BFF34F8F00BFFDE700BF11
S31508022B0000ED00E00400FA0508B5302383F31188C6
S31508022B104FF000534FF20F0218805A80BFF35F8FAF
S31508022B20FFF7E0FF08B528B1417800781AF0CAFF26
S31508022B30002008BD2220FCE708B528B141780078B4
S31508022B4010F050F8002008BD2220FCE70B4B93F842
S31508022B506C2362B107280CD803EB001393F84831AB
S31508022B604BB10123064A8340136400207047054887
S31508022B707047054870470548704700BFB0440020B3
S31508022B8000100450028000F0018000F0078000F077
S31508022B900B4B93F86C2362B107280CD803EB00138E
S31508022BA093F848314BB10123064A83401364002047
S31508022BB0704705487047054870470548704700BF83
S31508022BC0B044002000200450028000F0018000F08A
S31508022BD0078000F010B50446007DFFF7B7FF3023E3
S31508022BE0207D434303F1A04303F58023DA6E196F70
S31508022BF0084B9A420BD111F0020104D0216D236AC7
S31508022C00CB1A59425941FFF7C3FF084610BD0021A6
S31508022C10F9E700BF6C4700202DE9F84F90F8943089
S31508022C2004460D46002B65D14FF0300890F8957092
S31508022C308E18B5424CD094F89630BBB32046FFF7AF
S31508022C40C9FF98BBEFF3118988F31188207DFFF736
S31508022C507DFF2046FEF782FCD4F848A0411E514566
S31508022C6038BFE16C94F854B038BF01F1FF31207DCA
S31508022C7038BF5144FFF78CFFBBF1000F12D10B4648
S31508022C80D4F8980098420BD013F80129112A01D0DA
S31508022C90132A20D1A2F111035A425A4184F89C20E0
S31508022CA0C4F8981089F31188BFF36F8F94F89C3093
S31508022CB0002BBED0236EA9462A785B6897B9236E85
S31508022CC020465B6899F80010013598470028B0D06D
S31508022CD00020BDE8F88F9A4582BFE36C03F1FF3303
S31508022CE05344CFE70A2AEAD10D21204698470028FD
S31508022CF0E5D0EDE70E20ECE710B5EFF311843023AB
S31508022D0083F3118800220E490B7B73B90D490260C1
S31508022D1001EB02120121C2F83C3182F8481184F310
S31508022D201188BFF36F8F184610BD0132082A01F1C8
S31508022D301001E9D184F31188BFF36F8F0248F3E7D4
S31508022D40EC450020B0440020048000F038B5054662
S31508022D500C46FDF7E7FE6B6CA3F11402B3F5805F30
S31508022D6002FB00F005D140F6E8736969994288BF0B
S31508022D70CC30E31DB3FBF2F3013304EBC304204466
S31508022D8038BD38B5054644692146FFF7DFFF6A6C48
S31508022D90E31D143AB3FBF2F3AA69144404EBC30421
S31508022DA00C34204438BD03460846EFF3108172B648
S31508022DB0024ADB6BC2F87013DB681847B04400207E
S31508022DC02DE9F0410646406882B0C0B10F469046EA
S31508022DD00024336853F8345003EBC403C5F307528F
S31508022DE0C5F31301013504F1010406D05B683046C8
S31508022DF0CDF80080B84710B170688442E9D302B0B2
S31508022E00BDE8F081036813F07E0F03D1406820F015
S31508022E107C40704713F078001CBF03F07F03D81F6D
S31508022E2070474BF29A22036810B5B2EB134F044669
S31508022E3013D19BB2012B15D1FEF720F8013011D020
S31508022E404FF6FF72E068B2EB104F4FEA10430BD110
S31508022E5080B2C01A18BF012010BD013314BF042066
S31508022E600320F9E70420F7E70220F5E7F0B505465F
S31508022E70002687B0EC69013CB44203D80C462046CA
S31508022E8007B0F0BD01B14C1E6F6C2868EB6B0522CA
S31508022E905B6901A907FB0400984701A8FFF7C1FF70
S31508022EA00128ECD921460136E4E70368F0B5CC1AC5
S31508022EB0436C0646B4FBF3F4002587B0F36937681A
S31508022EC05A1E9542706C06D3736C306803FB040075
S31508022ED0143007B0F0BD0134B4FBF3F203FB12441D
S31508022EE0F36B05225B6901A900FB0470984701A8E8
S31508022EF0FFF797FF0128E7D90135DFE710B423F07A
S31508022F00030422449B070A44436C18BF04325B42FB
S31508022F1082EA0104234202D05DF8044BC5E7104653
S31508022F205DF8044B70472DE9F04F144606460F46E6
S31508022F308BB00393C36B01225B6907A96068984744
S31508022F40F36B01225B69384606A99847079B5D1C05
S31508022F5007D10022A360A275627500200BB0BDE8F6
S31508022F60F08F0122A2750022217E069D04EBC10183
S31508022F70CF610A846068C5F3D31CB84205F07F01A5
S31508022F800CD14FF0FF33C4F800C02175A360237D2E
S31508022F90043B022B26D80023A375DEE794F814E037
S31508022FA020688E4503D1A0EB0C004242424103F051
S31508022FB07F0001288CBF0020012001298CBF002137
S31508022FC00121884218BF002215F07E0FA27503F070
S31508022FD07E0304D1002BDAD00023A375D7E7002B92
S31508022FE0D5D1F9E715F07E0F0FD1F36B02223846D9
S31508022FF05B6908A9984708A8FFF704FF237D032BF6
S315080230004FD8DFE803F0130D045706A8F4E7CC22DD
S31508023010237E04EBC3031A840123694AD35C0AE0BC
S31508023020237E04EBC30318840023F6E7237E04EB0E
S31508023030C30318840123149A1370069A12F07E08A1
S315080230404FEAD26A227E37D1F36B04EBC2020AF048
S3150802305003055B69B2F8209082F8225008A9022279
S315080230603846984720220DF117000DEB02018DF81C
S315080230701780FDF7E5FE1A2209A9FDF7E1FE9DF87C
S315080230801730099A4FF0080BB3EB926F0CBF012366
S3150802309000236375637D33BB0023A3754FF00008D5
S315080230A051E0227E013BDBB204EBC202052B1084FF
S315080230B0C0D8B2E70223B0E7002504EBC202B2F891
S315080230C0209082F8225006A91B2208A88DF82050C3
S315080230D0FDF7B6FE9DF820204FF0040BA2EB0A027C
S315080230E053425341D5E794F81680B8F1000FD5D06C
S315080230F0B9F1000F09D1DDB10123E375637E002B17
S3150802310035D1012D28D1657614E0736C07EB0B02D5
S31508023110594287EA020008421CBF0021A175591EBE
S315080231200A409B1A4B45B7D3A37D002BE3D1B5E7DB
S31508023130E37D43B94FF000084B465A4639463046B6
S31508023140FFF7DCFEA060A27D237EBAB9012B33D835
S3150802315001332376A07D01E796F8343063B9F36A22
S315080231600133E9D1032DE7D10123A376E2E7012D45
S31508023170E9D0032DDED1F7E79846DDE72269012B70
S315080231804A44226118D801332376039B002BE1D0E7
S31508023190E37D002BDED0B8F1000FDBD1032DD9D0A9
S315080231A0A1684B1CD6D0149B2246009330460123B5
S315080231B0FFF7B9FEA075CDE70023A375CAE700BFDE
S315080231C09005040813B50C46002121760093616820
S315080231D013462246FFF7A7FE18B1E37D03B1A07E88
S315080231E0A075A07D02B010BD2DE9F7430446164628
S315080231F01F460D46DFF87480816AE36A8B421ED049
S315080232004B1C1CD0DFF860904846FDF781FF01226F
S31508023210494620460DF10703FFF7D4FF30B13B4676
S3150802322020469DF807201049B04740B1D8F87C13CC
S315080232304A1C07D0012D0DD0E36A9942E4D103B0A6
S31508023240BDE8F083D8F878132046FFF72EFE012D45
S315080232500146D2D1D8F8783381EA0302636C5B421D
S315080232601A42ECD1C9E700BF24480020B044002026
S315080232702DE9F0410F4616469846044688B060B3D3
S3150802328090F83450FDB10121FFF78DFD00210E9B08
S31508023290CDE90511CDE902379DF83C30CDF8048019
S315080232A08DF81C30237C04968BB90D4901AA04F1CA
S315080232B00800FFF785FDDDE90553E06B002E08BF20
S315080232C01D4610F0CBF9284608B0BDE8F081204625
S315080232D0044A01ABFFF788FFEDE70546F3E700BFAF
S315080232E01B0C0208DD3502082DE9F041D0E90A3641
S315080232F09E42044686B028D11422C369456802FB59
S315080233001355284606B0BDE8F0812068676C331A63
S31508023310B3FBF7F3E26B07FB0300D2F8148001A9AB
S315080233200522C04701A8FFF77CFD012804D0636C7B
S315080233301D44013B3340ED1A31462046FFF7B5FDE1
S315080233400646A36AB342E0D1DBE70025F9E72DE991
S31508023350F04F0F469A46002389B004464FF0FF31D4
S31508023360104690468DF80B30FDF7D2FEB7F5801F52
S3150802337020D2394603AA04F10800FDF7A2FC451C2F
S31508023380014605D1237CBBB92D2009B0BDE8F08FD3
S315080233904046FDF7BDFE0122414620460DF10B03CC
S315080233A0FFF710FF0028EDD09DF80B308AF80030A1
S315080233B00020EAE7B81CE5D1E66A711C2CD1204642
S315080233C0616AFFF753FD0646BB1C18BF0123DFF8E7
S315080233D0C4B00093636A626C0193236803A902FB73
S315080233E00639E36B484605225B6909F114099847D1
S315080233F0002549464B1C05D0636C81EA09025B42EB
S3150802340013420FD031462046FFF730FD019BB342E7
S315080234102FD085BB0646DDE72368F61A636CB6FB32
S31508023420F3F6D1E71A48FDF773FE2046009A1849C3
S315080234300DF10B03FFF7C6FE8446B8B1BA1C03D0DA
S31508023440DBF8A033BB4211D145469DF80B30DFF8B5
S3150802345040E08AF80030BEE80F000FC5BEE80F004C
S315080234600FC59EE8070085E807006546DBF8A8133E
S31508023470C0E7002D88D0B7F5801F99D239469AF849
S315080234800030D8F8042004F10800FDF74BFC8FE75A
S3150802349050480020B04400202DE9F04385B00C4680
S315080234A017461E460546DDF83080A0B390F834303C
S315080234B09BB3B1F5801F32D2DFF868900121FFF77E
S315080234C072FC214628460DF10F0309F57372FFF7C0
S315080234D03EFF044688B99DF80F30012B14D1D9F85E
S315080234E0DC2306EB08039A4213D30090434632467E
S315080234F0394628460EF0DCFE0446E86B10F0AEF8B4
S31508023500204605B0BDE8F083022B14BF2D246024A3
S31508023510F3E76324F1E72124F2E71124F0E72924EB
S31508023520EEE700BFB04400202DE9F3411F46002311
S315080235300C46164605463B6058B390F8343053B3EA
S31508023540B1F5801F29D2DFF858800121FFF72BFC3D
S31508023550214628460DF1070308F57372FFF7F7FEB1
S315080235600446A0B99DF80730032B10D0022B0AD1C6
S315080235700123336004233B60E86B10F06FF82046A2
S3150802358002B0BDE8F0813060D8F8DC33F3E72D24C9
S31508023590F2E72124F3E71124F1E72924EFE700BF34
S315080235A0B044002070B58AB001AC84E8070007ADC4
S315080235B094E8070085E8070028461E46FEF7CAFB78
S315080235C006AB014605AA0448FFF7AEFF08B9069BF3
S315080235D033600AB070BD00BFA848002073B50D4617
S315080235E0D11E4A421C461B7E4A419A4228D1296864
S315080235F02368994224D36368994221D8124E0DF161
S31508023600070306F58C62FFF7A2FEC8B9D6F864244A
S315080236106B689A4214D19DF80730DA1E5342534119
S31508023620227E93420CD1636901336361D4E9032391
S31508023630934205D22968A26842F82310013323610E
S31508023640012002B070BD00BFB044002070B500254D
S31508023650044686B00562E369AB4202D8206A06B020
S3150802366070BD666C2068E36B05225B6906FB050084
S3150802367001A9984701A8FFF7D4FB012898BF236A36
S3150802368005F101059CBF01332362E4E738B5044618
S31508023690456C006804F1400305FB0101E06BFDF788
S315080236A015FC05462046FFF7D1FF284638BD2DE909
S315080236B0F04100254FF0FF384FF6FF7304464746A0
S315080236C02E46C0E9085386B0E369B3420DD8A5EB86
S315080236D00805012D06D94FF6FF7300256362E369D3
S315080236E0AB4223D806B0BDE8F081E26B2368606C72
S315080236F0D2F814C000FB0630052201A9E04701A84A
S31508023700FFF78FFB01280FD801A8FDF7B7FB874201
S3150802371088BF6662804528BF8046854238BF05460F
S315080237200746236A013323620136CDE7666C2068B1
S31508023730E36B06FB050005225B6901A9984701357B
S31508023740CDE72DE9F04F97B0CDE908230D460A6972
S31508023750416CD31D1439B3FBF1F3013302EBC302F7
S31508023760036B04469342C0F0D9820023DFF8C09265
S315080237700C93E36AAD4819460693FDF7C9FCD5E9E9
S3150802378003370393099B022B40F02681CC2F40F086
S31508023790A682089B002B00F0F18000266868E36B7E
S315080237A001225B69119611A908309847B04694F828
S315080237B04230012B40F0AD80632E2DD9119B666CE9
S315080237C0069A1293731E1340F61AE36B01225B697B
S315080237D0686814A99847149B13F07E0F14BF042334
S315080237E00823782F059340F20781012200234FF020
S315080237F0080A04922A68C9F8B073C9F8A023099A74
S31508023800032A00F01F81022A00F0C780049A002AC0
S3150802381014BF00220722C4E0612E08D814AB324630
S3150802382029462046FDF7AEF99DF8503023B314AB6E
S315080238303246294620468DF84C80FDF7A3F994F8BE
S315080238404230DDF850A0012B52D14FF6FF739A454C
S3150802385000F09280082214A913A8FDF7F1FA9DF840
S315080238604C20CAF307239A4240F086805FFA8AFA06
S31508023870119B534411937FE094F84230012B2DD1CA
S3150802388032462946204612ABFDF77CF929462046E0
S3150802389013AB721CFDF776F92946204614ABB21C07
S315080238A0FDF770F90823102213A90DF143008DF8CC
S315080238B04330FDF7C5FA102214A9FDF7C1FA129B87
S315080238C0DAB2002A51D19DF84320B2EB132F4CD11C
S315080238D0DDE9133203EB0243119346E0302E2BD96E
S315080238E043E09DF84320B2EB134F3ED1139BF3E717
S315080238F0BAF1FF3F40D0102214A913A8FDF7A0FA87
S315080239009DF84C20CAF307439A4235D11FFA8AFA20
S31508023910AEE7312E3FF652AF89D014AB324629466E
S315080239202046FDF72FF9BDF85030002B7FF47FAF04
S3150802393094F84230012BA3D032462946204612ABD0
S31508023940FDF720F92946204613AB721CFDF71AF932
S315080239501023202213A90DF143008DF84330FDF7F9
S315080239606FFA129B9AB2002ABBD094F84230012B06
S3150802397014BF012302231E44013618E7039B0122C2
S315080239801B684FF0080A12932B680492C9F8A033F1
S3150802399008230593089BC9F8B073049AC2F1020278
S315080239A0D2B289F8B4234FEA9A020E92069A019283
S315080239B000220A920D9207920B92606C019A411E9E
S315080239C01140421A002F3FD053449A4247D8236BDC
S315080239D01B1A0B4423635BE1666C069A731E13403B
S315080239E0782FA6EB030619D8EB7D8BB9089B002B1B
S315080239F07FF4EBAE042305933B1DB3421AD9F7B104
S31508023A00082E3FF6F2AE042300229A460492F1E605
S31508023A10089B002B7FF4D9AE0823ECE7089B002B02
S31508023A207FF4D3AE08230593DFE600BF5048002093
S31508023A30B0440020002304934FF0040ADAE6042374
S31508023A400497F9E7099AACE75245C0D3B846019BF1
S31508023A5053440293079B002B18BF032314E0A2EBDF
S31508023A600A02019B9742B846534428BF904697429A
S31508023A700293EFD90123D9F8B02389F8B7339742CD
S31508023A8043D1019AC9F8A423079399F8B733002BAF
S31508023A903DD099F8B8230199D31C09EBC303C3F89F
S31508023AA0A41307990132A3F8A88383F8AA1389F8FD
S31508023AB0B823B8F1000F14D0099B022B2BD10A9B0D
S31508023AC07BB90D9B4344032B0BD9E36B01229B69FC
S31508023AD0029812A998470646002840F02781012332
S31508023AE00A9399F8B4332E688D4A012B02EAC61650
S31508023AF028F07C4B40F289809A1E012A03D908F1E4
S31508023B00070303F07F031E4385E00223BCE7019BFC
S31508023B10C9F8A433CDE7089B002B31D1039BB8F132
S31508023B20030F03EB080B28D9DDE90201E36B4FEA21
S31508023B3098029B6998470646002840F0CA8018F002
S31508023B4003025FD0039B28F0030633440393029BC8
S31508023B501E444FF0FF33039913A8139318F0ECFB96
S31508023B60E36B304601229B6913A998470646CDF8AE
S31508023B700CB0002EB5D0029B6FE04246029EE8E7E3
S31508023B8005F12003DDF808B00F93EB7D68689BB159
S31508023B9000232E7E0B9AD9B28E4211D90F9903F1C0
S31508023BA0010C31F83310914226D9059905EBC30366
S31508023BB0D8690A44104403E00B9B059A1344184437
S31508023BC0E36B01225B6913A99847139B01221193A0
S31508023BD00B9B584604330B93E36B11A99B699847D1
S31508023BE0029B06464344A3EB0B03042B07D9002882
S31508023BF072D10BF1040BC8E76346521ACBE7CDF82C
S31508023C0008B0B6E7CDF80CB06BE7079A43EAC26389
S31508023C10334343F060464FF000038DF84C30049B63
S31508023C20CDE9146B002B49D0202214A913A8FDF75D
S31508023C3007F91A2215A9FDF703F99DF84C304BEA44
S31508023C4083631593E36B0E9A9B69019814A99847A7
S31508023C50019A061E0C9B18BF134652460C93204621
S31508023C6043460199FFF74AF9236B08F10302A3EBCE
S31508023C700A0322F003029B1AC9F8A8032363002E3B
S31508023C8054D10D9BA7EB080743440D93029B01935E
S31508023C9020460199FFF709F900230190002F7FF4C6
S31508023CA08CAE204A2968D2F8A83304F10800E362E8
S31508023CB0D2F8A423099BFDF735F811E01B2214A9B3
S31508023CC013A8FDF7BDF89DF84C3046EAC36614966C
S31508023CD0B8E7CDF80CB04EE7CDF808B04BE7702739
S31508023CE0384617B0BDE8F08F002760E004F10800F7
S31508023CF0FCF7AEFF3B46394620460B4AFFF774FAF5
S31508023D002A69616CD31D1439B3FBF1F3013302EB53
S31508023D10C302236B9342BFF42CAD6DE01C27DFE789
S31508023D2080FFFF07B0440020C10D02083D2E63D173
S31508023D3004F1080301932768069B2046E16AD4F832
S31508023D4044A0A3EB070BFFF7B0F8A26ABBFBFAFB8A
S31508023D508242D5D0616CD9F8A82301F1FF3C02EA68
S31508023D600C0C226B0C9B521A624422632268E06294
S31508023D709A1AB2FBF1F8C345B6D10AFB0877069B35
S31508023D8007F1140BB3EB0B0711D0E36BBA085946CC
S31508023D909B6998478246E26A069B3A44E262226B2C
S31508023DA00198D21A5A442263FCF752FF57462368EF
S31508023DB0616CE06B01FB0831FDF72FF82046FFF72F
S31508023DC045FC2046FFF773FC626A616C236820464D
S31508023DD001FB02331433A362FFF786FA2063002F2E
S31508023DE084D02A69616CD31D1439B3FBF1F301330C
S31508023DF002EBC30290429ED2374671E72DE9F341A0
S31508023E00089C032A1746266806D1237A012B25D051
S31508023E10012002B0BDE8F081DFF8988030460DF146
S31508023E20070308F58C62FFF792FA60600028ECD166
S31508023E302568D8F86434A96AD5F844C04B40CCF151
S31508023E4000021340207AE0D1012809D1E068D8F8A7
S31508023E50702402447069824202D92374207CD8E70E
S31508023E602868EB6A1B1A081AB3FBFCF3B0FBFCF0D2
S31508023E7083420BD1706CF36A421E1340326B121ADC
S31508023E80134428463363FFF710F8E862D8F870241B
S31508023E90E36808321344E36001223B46044920687A
S31508023EA0FFF74FFC60600028AFD00020B1E700BFE3
S31508023EB010490020B0440020032A2DE9F3410646A2
S31508023EC00D4617461C4606D1237A012B24D001201B
S31508023ED002B0BDE8F081DFF8608009680DF10703DA
S31508023EE008F58C62FFF733FA60600028ECD19DF87A
S31508023EF00720237A032AE7D0D8F864146A6891421D
S31508023F00E2D1012B2969D4F80CC007D172690CEBEE
S31508023F100103934202D92074207CD9E7083161440F
S31508023F20E1603B46012229463046FFF70AFC6060FB
S31508023F300028C9D00020CBE7B04400202DE9F34180
S31508023F4004461F46164688462D4D4FF0FF3105F5A5
S31508023F508C60FDF7DDF89DF820300022204605F535
S31508023F608C61C5F87074C5F86084C5F86C64FFF78F
S31508023F70E8FB236E0746002B3DD020466169FEF713
S31508023F80E5FE626E236B024493422CBF0022012295
S31508023F90984228BF0023257C38BF1B1A002684F8BE
S31508023FA05020636584F85850D5B1DFF858803346F7
S31508023FB03246314620460196CDF80080FFF758F979
S31508023FC001230546CDE9008332463346314620466B
S31508023FD0FFF74EF9E36805449D4294BF3546ED1A4C
S31508023FE094F85030E56513B994F858301BB1236E2E
S31508023FF004F150009847384602B0BDE8F08100BF88
S31508024000B0440020FFFF0F002DE9FF410F469046FE
S315080240101E460546002847D090F83430002B45D076
S31508024020B1F5801F44D2234C0221FEF7BCFE04F5EB
S315080240307372394628460DF10F03FFF788F90246CF
S3150802404020B16B699E4219D9622410E09DF80F309F
S31508024050012BF6D1D4F8DC138E42F2D100934146F5
S31508024060334628460EF024F904460028E9D1E86BBF
S315080240700FF0F4FA204604B0BDE8F08128460EF0A7
S3150802408005FE31462846FEF761FE2C6B844209D3AB
S31508024090012342460093394633462846FFF74EFF28
S315080240A00446E4E71C24E2E72124E3E71124E1E7D6
S315080240B02924DFE7B04400207FB50C46054648B3FD
S315080240C090F8343043B3B1F5801F27D20221FEF7A8
S315080240D06AFE21462846124A0DF10F03FFF737F901
S315080240E00646A8B99DF80F30032B11D028460EF0C4
S315080240F0CDFD032321460093324633462846FFF771
S315080241001DFF0446E86B0FF0A9FA204604B070BDFD
S315080241102D24F7E72124F8E71124F6E72924F4E702
S315080241207C48002082B02DE9F04F4FF0000B9BB07F
S3150802413005AE86E8070024AF47F8043F09AC0CAD84
S3150802414096E8070084E8070097E8070085E807006D
S3150802415094E807000DF13C080DF1480988E80700C4
S3150802416095E8070089E8070040468DF864B0FDF730
S31508024170F1FD01464846FDF7EDFD0B46CDE9000B7C
S315080241800422244815A9FFF773F8034600283DD0F0
S315080241900022D1B204931AAB03EB810151F8141C25
S315080241A01C480392FFF788FF039A049B0132934245
S315080241B0824601D00028ECD096E8070084E807007A
S315080241C097E8070085E8070094E8070088E80700EB
S315080241D095E8070089E807004046FDF7BBFD01465A
S315080241E04846FDF7B7FD0B46CDE9000B0422094800
S315080241F015A9FFF73DF8034610B1BAF1000FC7D06B
S3150802420050461BB0BDE8F04F02B070474FF02D0A7A
S31508024210F6E700BFA8480020F0B504460D46466CEE
S31508024220E36B006887B005225B6901A906FB0500F6
S31508024230984701A8FEF7F5FD012804D801A8FCF75E
S315080242401DFE07B0F0BD29462046FEF70FFE0646BC
S31508024250676C2068E36B05225B6901A907FB060008
S31508024260984701A8FCF70AFE431CEAD0B54238BFB4
S315080242700130E6E72DE9F04F4FF0FF334FF6FF72B4
S315080242800025044600F10808C0E909238BB0C36279
S315080242900562056340468B46FCF7DAFC2046FFF7C3
S315080242A0D5F940BB4FF6FF79676A00264F4514BF1A
S315080242B03D460025E3699E423BD32046FFF7C6F9F1
S315080242C008BB5E2028E02368E26B606C566900FB37
S315080242D00530052205A9B04705A8FEF7A2FD012863
S315080242E01DD129462046FFF797FF421C294620463C
S315080242F0FFF7CCF90135E3699D42E4D32046FFF77F
S31508024300A5F90028CED02046FFF7D1F94FF6FF725D
S31508024310636A934237D167200BB0BDE8F08F033842
S31508024320C0B20128E6D829462046FFF775FF02469D
S31508024330DCE7E26B2368606CD2F814C000FB053038
S31508024340052205A9E04705A8FEF76BFD022807D056
S315080243504F450DD10BF1010229462046FFF796F982
S31508024360E3690135B5FBF3F2013603FB1255A1E702
S3150802437029462046FFF750FFB0F1FF3F14BF024619
S315080243805A460132E8E7E26B666C20685569694667
S31508024390052206FB0300A847626A616C23684B4D37
S315080243A001FB02331433A3624FF0FF336FF00101AE
S315080243B0E362204605AB05F58C62FEF7C8FF0028C6
S315080243C049D1D5F8685429462046E562FCF7C1FB6F
S315080243D0206320B92046E16AFEF767FDE0622946B6
S315080243E02046FEF762FD0546A36A9D4235D1204660
S315080243F0FCF798FB002607463546E3699D423ED3FD
S31508024400B74257D92046616AFEF730FD4FF00008D9
S31508024410054604F1400A464512D8626C2368694685
S3150802442002FB0539E36B05225B69484698476846ED
S31508024430FCF724FD534602464946E06BFCF746FD67
S3150802444029462046FEF712FD08F1010847450546AA
S31508024450E1D1642060E7A56AB5E729462046FCF75C
S3150802446078FB236B29460344064623632046FEF758
S315080244701CFD0546002EB7D1C4E90B06B4E7626CEB
S31508024480236805A902FB0539E36B05225B694846E1
S31508024490984705A8FEF7C5FC012809D8204609F160
S315080244A01401FCF756FB636C143B984208BF0136AD
S315080244B00135A2E74046FCF7CBFB00232046194606
S315080244C0034AFEF791FE002026E700BFB04400200B
S315080244D0C10D02082DE9F8430023A14F0E46D7F86D
S315080244E08C840446C7F88C3418B921252846BDE8B9
S315080244F0F88390F834500DB309680268914240F087
S31508024500248171684268914240F01F81B1688268CD
S31508024510914240F01A81F168C268914240F01581D1
S3150802452031694269914240F01081B169C26B914288
S3150802453040F00B8172691D468261D7E768222946D7
S31508024540D0F8389017F056FE336804F10800236055
S315080245507368C4F838906360336963617369A361E9
S31508024560D6E90223C4E90223FCF772FBB36904F114
S315080245704000E3639B689847002849D1616C11B1F2
S315080245806368B3FBF1F194F84330E161002BACD0D8
S315080245900023656C2366002D00F0DF80002900F0F9
S315080245A0DC802368B3FBF5F205FB1233002B40F0DF
S315080245B0CE80D4F80490B9FBF5F605FB1696002EC4
S315080245C040F0C5802046FEF7DCFB8145C0F0C1807D
S315080245D040F634726369CC3B934200F2BC80B5F56F
S315080245E0805FC0F0BA8003212046FEF7DCFBD4E9DF
S315080245F00001E36B1B6898470546E36B0220DB68FC
S3150802460098473DB184F83460E06B0FF027F86DE700
S315080246102946B8E741462046FFF72CFE6428054698
S3150802462004D141462046FFF725FE0546636C143B36
S3150802463075BB226A204602FB03F6FEF7A2FB8642F8
S3150802464003D284F834505A25DEE70123D4E90096CA
S3150802465084F83430D7F89034D7F894840133C7F8FD
S315080246609034E9F77FFB1F2E16D8BFF35F8F05221A
S315080246703C4BC3F894205A6A42F480325A62BFF31A
S315080246804F8FBFF36F8FBFF34F8FBFF36F8FBBE7AA
S31508024690002384F83430B7E74FF0000C19F01F0FE7
S315080246A006F1FF3618BF29F01F0109EB06030CBFF6
S315080246B049462031DA062B4A18BF23F01F035FFA50
S315080246C08CF0804526D8D2F8C00021F01F0120F4CC
S315080246D07F4040F48070C2F8C00041F00301EFF356
S315080246E01186302080F31188D7F8940423F01F032B
S315080246F043F00303C2F89800C2F89C10C2F8A0302F
S3150802470086F31188BFF36F8FD7F894340133C7F84D
S315080247109434AAE7C2F89800D2F89C00D2F8A060AE
S3150802472020F01F00884226F01F0601D19E429CD027
S315080247308E4201D3984298D9D2F898000CF1010C0E
S3150802474020F0FF00C2F89800B9E75D25CEE65925A4
S31508024750CCE65A25CAE65F25C8E65B25C6E600BF4B
S31508024760B044002000ED00E0034B5A6812B19A6A81
S31508024770002AFAD1704700BF00C0005030B4044680
S31508024780EFF3108072B6256885EA02030B406B4088
S31508024790236030BC19F03BBA2DE9F0470E4617469E
S315080247A00546002845D0EFF31188302383F3118894
S315080247B0214B0478D3F810334B1E0E2B90F801A028
S315080247C02DD989B34FF00009514620464FB319F047
S315080247D079F90F21BAF1070F04EB440488BFAAF14D
S315080247E0080A4FEA0414154895BF4FEA8A0A4FEA9F
S315080247F08A0A04340C3409FA0AF201FA0AF1204444
S31508024800FFF7BCFF26B9287869787FB119F05AF9FB
S3150802481088F31188BFF36F8F0020BDE8F0878946B9
S31508024820D2E70EF0DFF9D4E78946D2E70EF0DAF9D5
S31508024830EEE72220F1E700BF00C0035030C0035064
S31508024840044BD3F88420D206FBD4D3F88400C0F3F1
S3150802485081107047004000504209531E022B96BF32
S31508024860074B002303EB820300F01F0029B103F56F
S315080248708053012282401A60704703F50053F8E715
S315080248806080005038B5174CFF28A26A28D8A36D55
S31508024890154D13F4803F18BF4FF48031134B18BFE0
S315080248A099624FF080719962A36995F9085023F4C9
S315080248B07F03054423F47F4343EA002385F308056F
S315080248C043EA0543A3610A48FFF758FFA36DDB03D2
S315080248D004D54FF480310648FFF750FF002038BD53
S315080248E02120FCE70040005AC06200200050005A0E
S315080248F02840005A38B50F4C0F48A26AA36D13F424
S31508024900803F18BF4FF480310C4B18BF99624FF0A5
S3150802491080719962A569FFF731FFA36DC5F3072573
S31508024920DB0304D54FF480310348FFF727FF2846F7
S3150802493038BD00BF0040005A2840005A0050005AAD
S31508024940014B1872704700BFC0620020014B93F9F1
S3150802495008007047C06200204FF48033104811499E
S31508024960826A8B62836D03F00303032BFAD14FF03D
S3150802497080730D488B620A4B996D30EA0101FBD1AF
S31508024980012008490865996D8907FCD4044B996D7D
S315080249908807FCD5996D8907FCD504490448EDE6D4
S315080249A00040005A0050005A0300010000000101AD
S315080249B02840005A164B10B5D3F82831044603F09E
S315080249C00703013B052B04D8DFE803F00A161E127B
S315080249D00E1A0023184604B1206001B10B6010BDFF
S315080249E00C4B18680523F6E70A4B18680623F2E704
S315080249F018F042FC0723EEE7064B58680323EAE75A
S31508024A00044B58680423E6E702230348E3E700BF9A
S31508024A1000800050C0620020002D31010E4BD3F8F1
S31508024A20403103F00303022B0DD0032B0FD0012BC9
S31508024A300BBF0A2301234FF40042002200B1026091
S31508024A4001B10B60704709234FF40042F6E70C23C5
S31508024A504FF47A72F2E700BF00800050002337B5A0
S31508024A600193154B0546D3F860320C4603F007034B
S31508024A70013B032B1ED8DFE803F0020E19140021AE
S31508024A8001A8FCF7A5FA10230DB1019A2A6004B110
S31508024A90236003B030BD002101A8FFF7BFFF112331
S31508024AA0F2E718F0E9FB07230190EDE7034B0193C0
S31508024AB00223E9E70023E7E700800050002D3101D1
S31508024AC0002337B50193154B0546D3F894320C46A5
S31508024AD003F00703013B032B1ED8DFE803F0020E9F
S31508024AE01914002101A8FCF773FA10230DB1019AD3
S31508024AF02A6004B1236003B030BD002101A8FFF784
S31508024B008DFF1123F2E718F0B7FB07230190EDE7B3
S31508024B10034B01930223E9E70023E7E700800050ED
S31508024B20002D31014FF48032104B10B59A66A3F569
S31508024B3080531B6FC3F3033303FB00000C4BDC6982
S31508024B40144041F67132DA635A6822F4401259B9AE
S31508024B500849884294BF00200120000502435A6092
S31508024B600CB10022DA6310BD0349F2E70090005047
S31508024B7000000350005A6202002D310110B50C4C98
S31508024B8002200AF01BF9236F0A4AC3F38023013372
S31508024B900021094882F89834FFF7C4FF236F43F4CB
S31508024BA0806323674FF4803304F58054236710BD6E
S31508024BB000800050B044002000B4C404124B10B563
S31508024BC0D3F80832044603F00703042B17D8DFE8A4
S31508024BD003F00319090D1100012204B1236001B182
S31508024BE00A6010BD09224FF40043F6E70C224FF47F
S31508024BF07A73F2E718F06EFC0F22830AEDE70022B9
S31508024C001346EAE70A22EEE7008000501FB50023A2
S31508024C10B0F5807F019300F056816AD8002800F02B
S31508024C20F9802038602876D8602874D8DFE810F032
S31508024C30F2000001F20000012101210121012101F6
S31508024C402101000133017E005C01B0007E000001F3
S31508024C500001000173007300730073007300730090
S31508024C6073007300000100010001D2007101000106
S31508024C70730073007300730073007300730073008C
S31508024C8073007300730073007D012101F200F200C4
S31508024C90F2006C017E007E00DE00810195002E0185
S31508024CA073007300730073007300E900F200730067
S31508024CB0210121012101210121012E012E010001DB
S31508024CC07300000100017300730073007300730020
S31508024CD0730073007300730073007300730073002C
S31508024CE0730073007300730073007300730073001C
S31508024CF0EE00B0F5E06F00F00C815BD8B0F5607F8E
S31508024D0000F09D801DD8B0F5007F00F0868006D899
S31508024D10B0F5C07F7ED0019805B05DF804FBB0F50A
S31508024D20207F00F08580B0F5407FF4D118F0D2FBE1
S31508024D30934B1B6FC3F380230133B0FBF3F0400898
S31508024D4066E0B0F5B06F00F0A6801AD8B0F5806FAD
S31508024D5000F08F80B0F5A06FDDD10021884B03915A
S31508024D60D3F8203203F00703042B08D8022B00F2EB
S31508024D708980012B00F08280022B00F09E80039B23
S31508024D80ABE0B0F5C06F00F0AF80B0F5D06FC2D11E
S31508024D907B4BD3F8003203F00700032800F0AF80FC
S31508024DA05B0700F1A680013801288CBF002001208C
S31508024DB0C0032DE0B0F5186F00F0B7800ED8B0F535
S31508024DC0086F00F0C780B0F5106F00F09D80B0F54F
S31508024DD0F06FA0D16A4BD3F860319DE0B0F5286F29
S31508024DE000F0A78007D8B0F5206F94D1002101A85A
S31508024DF0FFF734FE8FE7B0F5406F47D0B0F5486F3E
S31508024E0089D1002101A8FFF75BFE84E718F044FB6D
S31508024E10019080E718F05EFBFAE718F03DFB584B65
S31508024E20D3F89030C3F304630133B0FBF3F0EFE732
S31508024E3018F050FB524B1B6FC3F38023F4E750491B
S31508024E40D1F8802002F00302022A0AD0032A0BD0E4
S31508024E50012A0CD118F020FBD1F88030C3F30113D4
S31508024E60E2E718F009FAF7E7464B1868F4E7184636
S31508024E70F2E7002101A8FCF7ABF84CE703A8FFF715
S31508024E8099FD7CE74FF40043039378E7002101A8D4
S31508024E90FFF790FD3FE70021394B0391D3F88031A4
S31508024EA003F00303022B0CD0032B06D0012B7FF44D
S31508024EB066AF03A8FCF78CF861E718F0DDF90390F2
S31508024EC05DE7314BE0E702934FF0E0231B695A078F
S31508024ED005D518F0FFFA0290029B01931BE703A976
S31508024EE002A8FFF79BFDF7E7002101A8FFF796FD49
S31508024EF011E7042806D118F0EDFA800A88E74FF47C
S31508024F007A7085E7002083E7002101A8FFF756FE9D
S31508024F1001E71B4BD3F8403203F00303032B16D0E9
S31508024F20003B18BF0123DB03D7E7154BD3F85032F2
S31508024F30F2E70021124B0391D3F8703203F0030310
S31508024F40012B7FF41CAF03A8FFF768FD17E74FF4A0
S31508024F507A73C2E70A4BD3F8003103F00303022B34
S31508024F6006D0032B07D0012B07D1064B5B68B4E7A3
S31508024F704FF40043B1E7054BAFE70023ADE700BFA7
S31508024F8000800050C0620020002D310180D5430206
S31508024F9008B58020FFF73AFE034B98429EBF4FF4AE
S31508024FA08032024B1A6708BD005A620200A00050FE
S31508024FB008B54FF4C070FFF729FE0649064A88422B
S31508024FC094BF00200120136F23F4806343EA8023F1
S31508024FD0136708BD80F0FA020080005038B505460E
S31508024FE018F078FA0446FFF72BFC0128D4BF0121F2
S31508024FF000212046FFF796FD002009F013FF25B190
S31508025000FFF7D6FFBDE83840C2E70649064A0B6FE6
S3150802501092F8982423F48063013A43EA82230B67C1
S31508025020F0E700BF00800050B0440020024A536BEC
S315080250300342FCD1704700BF008009504FF000427E
S315080250400F4B70B55D6E03F580535A664AF6CD333B
S3150802505004460C4980204E6C0B64FFF7E7FF0B6A87
S3150802506023F4F85343EA04230B62F30744BF064BBF
S315080250700B64002DA2BF4FF00042044B5A6670BD66
S3150802508000800050008009503254FFFF00A00050F3
S31508025090436D0B42FCD1704708B54368DA0714D54D
S315080250A08368DB0702D50369D90707D50A23502186
S315080250B08363FFF7EDFF836C9A07FCD1012200F5A3
S315080250C000535A6043689B07FCD408BD10B5FFF726
S315080250D0E3FF042300F5805100F500520B611361CA
S315080250E00B6113610B6113610B611361202341F29A
S315080250F0020103610023C360836041614FF4A0216A
S315080251008361836541620549C36103628362C3623F
S3150802511043630365D164036310BD00BFFF3F0D03FC
S3150802512038B50C460121024600F58053596004F051
S315080251300F0540F6FF71FFF7ABFF78218563FFF78E
S31508025140A7FF04F00103610748BF43F00203916C0D
S3150802515001F003019942FAD138BD01B99CE7DFE7AC
S3150802516070B505461446084681B93A4B9D4220D089
S31508025170394B9D421FD003F580439D421DD003F54E
S3150802518080439D4208BF6620FFF740FDAB6813F0D7
S31508025190010F6B6833D0B0FBF4F4D80704F1FF347F
S315080251A04FEA04640BD42B6923F07F4323432B6114
S315080251B070BD5620E8E75720E6E76520E4E7282190
S315080251C02846FFF765FFAB6C990714D1AB6CDA0773
S315080251D013D4AB6C13F0020F14BF0626002628461A
S315080251E0FFF75AFF2B69314623F07F4323432B618E
S315080251F0BDE87040B1E70526F1E70926EFE7AB6D92
S31508025200DB07AB6848BF640003F0E003402B1AD003
S3150802521004D8D3B1202BCBD1082304E0602B16D0B7
S31508025220802BC5D1012363434101B1FBF3F20B4B3A
S31508025230203A284603EAC2020121FFF729FF2A6318
S31508025240BDE8704024E70623EDE71023EBE70423C5
S31508025250E9E700BF0000015B00C00850F8FF7F00C5
S315080252602DE9F04105460F461E4690464AB10123EE
S315080252703022194C8B4002FB004436B304F58254A3
S3150802528023600F21072F05EB450388BFA7F1080402
S315080252904FEA0313114895BFBC00A40004330C332C
S315080252A008FA04F2A1401844FFF768FAB8F1000FA9
S315080252B009D101233021084ABB4001FB05223EB130
S315080252C002F582521360BDE8F08104F50154D7E76E
S315080252D002F50152F6E700BF00C0035030C0035082
S315080252E038B50446D0F8A0301D68AB6C5906FCD513
S315080252F0002394F8A9101A4694F8A800FFF7B0FFFD
S31508025300002394F8AB101A4694F8AA00FFF7A8FFF0
S3150802531094F8B030DA0707D5002394F8AD101A4688
S3150802532094F8AC00FFF79CFF94F8B0309B0707D5BA
S31508025330002394F8AF101A4694F8AE00FFF790FFD0
S31508025340042205F5005328461A65FFF7A5FED4F888
S31508025350A400002118F094FB002038BD0123F0B503
S31508025360C4B2214DA340D1F800C08F7ACC7A0E7B05
S315080253702B65850005F1A04505F58825C5F804C005
S3150802538030256843240591F80DC044EA074400F124
S31508025390A04000F5802044EA465422F00302C0F8F1
S315080253A060C0C4650267EFF3118485F311880F4A5A
S315080253B0087A536500B11364487A00B19363087991
S315080253C08A7942EA0042084882614D79CA790749D0
S315080253D042EA05428A61064A4363936484F3118862
S315080253E0BFF36F8FF0BD00BF0020045000100450B9
S315080253F0000004500123C0B28340EFF3118030222B
S3150802540082F31188054A516D21EA030151659362B7
S3150802541080F31188BFF36F8F704700BF00000450F6
S315080254200123C0B28340EFF31181302282F311883F
S31508025430074AD06A184209D1526B93430CBF01201E
S31508025440002081F31188BFF36F8F70470020F8E7B9
S3150802545000000450114321F0F8014904034B490C9A
S3150802546041F44021063043F820107047008003506B
S31508025470021E30B54FF000000CBF1025042547F672
S315080254800774084952B9831D51F82330234023B1C2
S3150802549001308542F6D14FF0FF3030BD00F11603D8
S315080254A0F2E700BF008003503AB122F0030202F18C
S315080254B0A04202F5603209B9106070470002FBE7A4
S315080254C04FF48032084B5A6603F5EE239B69C3F301
S315080254D0461203F00F010A434280C3F30342C3F3A1
S315080254E003334270037070470090005013B50446A8
S315080254F001A8FFF7E5FFBDF80630012223804FF425
S31508025500807300206380054B9B680A3303F01F03F0
S3150802551002FA03F3636002B010BD00BF0080E00F19
S31508025520054B9A689107FCD45A689207F9D4DA6946
S31508025530002AF6D1704700BF00C00A5070B5EFF3D3
S315080255401186302383F311881A491B4D17F0ECFF95
S315080255508869D5F89C440B6CDB0703D517F0E4FF82
S315080255608869013486F31188BFF36F8F134B834220
S31508025570134BA3411DD3D5F8A024D2B14FF47A73A5
S31508025580A0FB030103FB0411531E13420DD1B2FA09
S3150802559082F2C2F11F04531CD243E04001FA03F31C
S315080255A0184321FA02F2104370BD002316F092FC4A
S315080255B0FAE7FEE700C00A50B0440020EFA7C64B40
S315080255C037894100002807DB01234109034A00F015
S315080255D01F00834042F82130704700BF00E100E017
S315080255E008B52B4B83F30A884FF48041294A2A4B84
S315080255F09360D2F8883043F47003C2F88830274B98
S3150802560099664FF0FF31264B19666FF400315966D9
S315080256100D2199660221C2F8D010BFF34F8FBFF34E
S315080256206F8F01214FF44034A2F54062C2F880110F
S315080256300020DC60FFF7C6FF1A4B1B481C611B4B98
S31508025640C01A801004F06CF9194B1A498B4212D30E
S315080256500020194B19498B4218D3EEF78BF91868B3
S3150802566050F82240586840F822400132986882422F
S31508025670F5D30C33EAE70022F8E71C6844F822005F
S3150802568001325C68A242F8D30833E4E70022F8E75D
S315080256900800002000ED00E00060000800900050BD
S315080256A000A000440080004420620008C06100088F
S315080256B0AC960408B8960408B8960408B89604087E
S315080256C0EFF31183302282F31188044AD2F8A40434
S315080256D083F31188BFF36F8F704700BFB044002071
S315080256E02DE9F0410568044695F89410002972D10F
S315080256F0EFF31183302787F31188C5E9161183F36F
S315080257001188BFF36F8FFFF7DBFF8442334E09D14F
S31508025710EFF3118387F31188C6F8A41483F311886B
S31508025720BFF36F8F2B6E93F91030002B11DB01221A
S3150802573003F01F015B099B0003F160438A4003F5EE
S315080257406143C3F88021C3F88020BFF34F8FBFF3AC
S315080257506F8F96F86C33287D43B1072806D806EB77
S31508025760001393F848310BB1FFF744FE287D0DF07C
S31508025770B0FAEFF31187302383F311880023184A0E
S31508025780117BC1B90133082B02F11002F8D1154A6F
S31508025790C2F88430BFF34F8FBFF36F8FFF22124BCD
S315080257A0202059659A625960FFF756F82120FFF7BB
S315080257B053F886F86C1387F31188BFF36F8F0023AB
S315080257C0C4E90033C4E90533E3602B6E2846BDE815
S315080257D0F041DB6818470F20BDE8F081B04400208D
S315080257E0EC45002000E100E0000004502DE9F04FEE
S315080257F0044685B0007D04F13806FDF7A7F90021B5
S315080258001022304616F0F6FC4FF0300B4FF4447374
S31508025810DFF80CA1207DDFF80C910AF52F77638754
S315080258200BFB0093C4E90F77DB6EBB4204D105B0CC
S31508025830BDE8F04FFDF7ACB90DF10F0118F0A4F968
S315080258409DF80F70002F62D12046FBF787FE9AF863
S315080258506C238046237DEAB1072B1BD80AEB031A71
S315080258609AF84821B2B1EFF311818BF31188D9F86E
S3150802587034000BFB0399D9F8642081F31188BFF32E
S315080258806F8F012101FA03F3034204BFC2F30A131D
S315080258905F183D4604F11807102200213846D4F84D
S315080258A0109016F0A7FC3022237D013D5343C5F321
S315080258B00A052D0145F04075C4E9065903F1A043CE
S315080258C0C4F8208003F580231A6F94F8241052082E
S315080258D062F3410184F82410196F94F8242027F002
S315080258E0030761F3000284F824201B6F626A9B088F
S315080258F063F39F0247F00207626267640094207DA1
S3150802590032462146054B0DF0B5FE207D8FE794F809
S3150802591044306FF3410384F84430EFE7455B0208ED
S31508025920B0440020000004502DE9F04F9B460023A6
S31508025930044687B005910392CBF80030DBF8005095
S31508025940039B5E1B00F09980059B5D1900F095800C
S315080259502046FDF73FF98246002840F08E80204611
S31508025960FBF7FCFD216D94F8968088429CBFD4E92A
S315080259701203C018401A864228BF0646B8F1000F1D
S3150802598000F0AB80EFF311830493302383F311887D
S315080259903746D4F850902046FBF7C1FD09EB0602BC
S315080259A09145D4F8983071D1D4E912120A44934237
S315080259B008BFC4F89810049B83F31188BFF36F8F4E
S315080259C08046207DFDF7C2F82046FBF7A8FD05466E
S315080259D02046FBF7C3FDD4F850A08146504540F255
S315080259E08A80A36CB5B29A457DD1236910220493A5
S315080259F004F128030021184616F0FCFB3021049A0C
S31508025A00013DC4E90B2A227DC5F30A054A432D0145
S31508025A1020F0030302F1A04245F0407543F0020369
S31508025A2002F58022A5621367236DD4E91212334464
S31508025A300A44934208BF0B464B45236505D1012309
S31508025A40204684F85430FFF7D1FE207DFDF7A0F8F2
S31508025A5094F896303BB1B8F1000F04D0236E1121A9
S31508025A6020465B689847DBF8003037B1039A3B4417
S31508025A709342CBF80030FFF461AFDBF80030002B1D
S31508025A8014BF00201B2007B0BDE8F08F09F10109F9
S31508025A9009F1FF318B4210D1C4F8989019F8013CEC
S31508025AA0112B01D0132B14D1013FA3F111014B4243
S31508025AB04B41C24684F89C3072E719F8013C03F060
S31508025AC0FD01112906D1013FBAF1000F3FF468AF73
S31508025AD0EBE7C24605F8013B62E73246284616F06E
S31508025AE02BFC37466DE7238DC3F30A12154465F37B
S31508025AF00E13238598E7207D95B93023434303F196
S31508025B00A04303F58023596E5A6EC1F30A1122F493
S31508025B10FF42314422F0700242EA01125A6683E7D2
S31508025B20CDE900644A462369216805F024F8302243
S31508025B30237D534303F1A04303F580235A6E22F4CF
S31508025B408012EBE792F8543037B5144633B1936DA9
S31508025B500BB1D06D9847002384F8543094F89630E8
S31508025B601BB32046FBF7DBFCF8B1236E1321204654
S31508025B705B6898471025236E20461B680DF10701BE
S31508025B80984778B99DF8073003F0FD02112A05D126
S31508025B90A3F111025342534184F89C30013D15F09A
S31508025BA0FF05E8D12046FFF721FE002084F85400BD
S31508025BB003B030BDF7B50D46044600B9FEE7037FCC
S31508025BC003F0FF0603B1FEE70E4B1A68914215D899
S31508025BD040F2E7303146D3F8A0744FF47A720023C4
S31508025BE0E5FB070116F076F90123CDE900630146C4
S31508025BF02346054A606817F0CDFD00B1FEE703B0FB
S31508025C00F0BD00BFB0440020B1DB030800B9FEE7CF
S31508025C10406817F011BE2DE9F0471D46B34EB44B46
S31508025C2090B014460691009329220423314606A809
S31508025C30E0F749FE50B1801BC0F38700262805D835
S31508025C40132807D890B30B2800F0FE80002010B066
S31508025C50BDE8F08714381228F8D801A353F820F0C3
S31508025C60295D02084D5C02084D5C02084D5C02087B
S31508025C704D5C02084D5C0208555E02085D5E02082C
S31508025C804D5C02084D5C02084D5C02084D5C020838
S31508025C904D5C02084D5C02089B600208155F02080B
S31508025CA06B5F020809600208C35E020804F1310349
S31508025CB023F001035B78022B30D12046E0F7DDFDA5
S31508025CC030B12B78FF2B03D0294620460DF0ECF98C
S31508025CD010230021204606AAE2F794F9F0B9082310
S31508025CE00321204604AAE2F78DF9B8B9814B824D01
S31508025CF0D3F8344794B1204606A9E0F76BFD20B1E4
S31508025D00284604A9E4F7DCF808B16469F2E72046F4
S31508025D1007F075FA20B17948F6F7E6F8012096E712
S31508025D2020460CF0C7F9F9E704F1310323F0010321
S31508025D305B78022BF2D1362120460DF10B02E2F7EF
S31508025D40FAF80028EAD19DF80B303721012B38BF23
S31508025D500123032B28BF0323204603AA8DF80B3001
S31508025D60E2F728F90028D9D1382120460DF10E028A
S31508025D70E2F720F90028D1D1204604A9E4F738FA37
S31508025D800028CBD1049F002FC8D0132007F0EAFCC5
S31508025D9080465B4ED6F83C05804504D008B1E0F74C
S31508025DA030FEC6F83C85D6F83C85B8F1000FB5D06A
S31508025DB00022394606A8E4F72EFA352140469DF810
S31508025DC01E3006AAE2F74DF90028A7D13923D6F8DC
S31508025DD03C0506A98DF81830E2F740F900289DD14E
S31508025DE09DF80B3086F8390586F83835BDF80C303B
S31508025DF04FF47A71A6F83435BDF80E304148C6F824
S31508025E002C75C6F83075A6F8363505F12007E1F780
S31508025E1050FC06F21C5605F11003324618685968FA
S31508025E20083303C2BB421646F7D12046E0F725FDE2
S31508025E3000283FF473AF2B78FF2B3FF46FAF294648
S31508025E4020460DF031F969E72A4621462E48E3F73E
S31508025E504DFF63E72A4621462C48F8E704F1310349
S31508025E6023F001035B78022B7FF458AF204606A97C
S31508025E70E4F7BEF900287FF451AF0121204604AAAF
S31508025E80E2F798F800287FF449AF1D4E069B06F5FF
S31508025E909F67C6F8083505F1200C05F110033A4646
S31508025EA018685968083303C263451746F7D1BDF81F
S31508025EB010304FF47A711648A6F80C35E1F7F9FB5B
S31508025EC0B3E704F1310323F001035B78022B7FF475
S31508025ED025AF2046E0F7D1FC18B1294620460DF039
S31508025EE0E3F821460548F6F72FF817E79805040858
S31508025EF043110208E82D002058400020684200207D
S31508025F00E83D0020284300202C3B0020583B002077
S31508025F10F84200202046E0F7C5FC00283FF4FEAE12
S31508025F20674807F015FC214607F046F90646002899
S31508025F303FF4F4AE03795A0706D463794279C3F378
S31508025F40410363F3420242713146204603F0F6FCEE
S31508025F5018B13046E0F755FDE0E62A46314659487B
S31508025F60E1F7BCFD0028F4D1D8E604F1310323F0A9
S31508025F7001035B78022B7FF4D1AE2046E0F77DFC65
S31508025F8018B1294620460DF08FF806A8E0F77EFCE0
S31508025F904FF2BF032220ADF83A3007F0F3FB06466C
S31508025FA000283FF4BBAE03795B0706D463794279CE
S31508025FB0C3F3410363F342024271212120460DF1E4
S31508025FC00E02E1F7F7FFB0B13146204603F0B6FC00
S31508025FD00028BED13C4B0422304604A90493E0F7BC
S31508025FE084FF00287FF49AAE06A905F1100007F08F
S31508025FF0D7FB06AAB2E721213046BDF80E20E2F702
S3150802600072F80028E0D0A4E72046E0F74BFC002807
S315080260103FF484AE02232046A18906AAE0F70AFEC7
S31508026020064600287FF47AAE9DF81830122B7FF4C4
S3150802603075AEA789DFF898800237BFB2A8F158096A
S31508026040A8F59A7A9DF81930F1B28B427FF6F7AE27
S31508026050394489B20123204604AAE0F7EBFD01463A
S3150802606000287FF45BAE9DF81030222B09D0242B32
S315080260700BD0092B03D18822504616F0BBF80136FD
S31508026080E0E74046F6F71AFDF9E7D9F84434002B5B
S31508026090F5D0D9F848049847F1E72046E0F702FC1C
S315080260A000283FF43BAE094BD3F85064002E3FF468
S315080260B0C6AE2A4621460020D3F85434B047BEE677
S315080260C066010408F835002020028000E83D002019
S315080260D0403E00202DE9F04397B00446E0F7B9FBAD
S315080260E0054602A8E0F7D2FB214602A8E0F7B5FB6F
S315080260F006AE04F1100304F12007324618685968FF
S31508026100083303C2BB421646F7D194F8363094F8E0
S3150802611038208DF82C3094F837303821DB0043EAE2
S3150802612002139DF82D2003F0180322F018021343D8
S315080261300020334A8DF82D300CF02CFB0746002838
S3150802614046D02846E0F703FC04220C900CA93846F0
S31508026150E0F7CBFE00284DD1A18D7B898B4244D333
S31508026160DFF8A0800CA8B8F894360CADA4F84E3027
S3150802617002AEB4F84C90E0F789FB0FCE0FC50FCEEE
S315080261800FC596E8030045F8040B29806846E0F730
S315080261904FFB80238DF80030B8F8943699FA99F9AE
S315080261A05A1CA8F894265BBA082269463846ADF8FE
S315080261B00490ADF80630E0F72EFFD8B9B8813A2236
S315080261C038460CA90AF0CCFBA0B9A38F0133A387E2
S315080261D0E38D04F15000013B9BB2E38573B1216B59
S315080261E017B0BDE8F043E1F764BA3846E0F72AFC8F
S315080261F00028B5D03846E0F704FCE9E7A18EEFE7B8
S3150802620066010408E82D00200748B0F8BA3513B12C
S3150802621000F28C505EE7D0F8B03523B1D0F8B41549
S3150802622000F5B96018477047E83D002010F1860F5F
S3150802623013D010F1850F0BDA20F0020393330FD037
S3150802624010F1970F0CBF6FF06D004FF0FF307047DB
S31508026250003818BF0120404270476FF0710070473E
S315080262606FF06F007047023802288CBF00200120A9
S3150802627070474368D86B704700F19903142B1AD8F4
S31508026280DFE803F01717191919191917191919191E
S315080262901319191A150B0F0D1100084870470848EB
S315080262A070470848704708487047084870470848C2
S315080262B0704708487047B9E70748704700C3FFFFA9
S315080262C080C6FFFF80C5FFFF00C1FFFF80C0FFFF3A
S315080262D080C1FFFF00C2FFFF80C7FFFF022243689B
S315080262E00A70024A68334A608B607047541404087D
S315080262F0023801288CBF002001207047031F58422C
S31508026300584170470E4B0340B3F1607F06D1B1F591
S31508026310885F14BF6FF0860000207047B3F1707F64
S315080263200BD101F4E043B3F5005F06D111F4E06F37
S315080263300CBF6FF08600002070476FF0860070472A
S315080263400000C07F8A42F8B507460C4600F0BE80B8
S315080263505F4922F4FF7323F001038B4207D022F42C
S315080263607F7323F0030301F500718B4228D1594B41
S3150802637024F0FF0199420FD114F0FF0036D0564B94
S3150802638040F00070984240F09F8082EA0400FF289D
S315080263908CBF0020012029E0504B9942ECD0A3F58E
S315080263A088539942E8D024F4FF7323F00103B3F12A
S315080263B0062FE1D04A488142DED04A498B42DBD0D9
S315080263C004F0FE43B3F1A06F11D102F0FE43B3F11C
S315080263D0A06F79D114F4004008D0624022F47E12EC
S315080263E0C4F3054422430CBF01200020F8BDB3F1D3
S315080263F0407F69D102F0FE43B3F1407F64D182EA5D
S31508026400040535F47E155FD139462046FFF77AFF33
S31508026410002859D1344BC4F305461340B3F1607FC3
S3150802642022D1324BD2B242F000729A4234D002F1F1
S315080264307E42131F0F2B0AD8DFE803F03D3D092ED3
S31508026440262A0828262A0909262A08283025043A47
S315080264500F2A29D8DFE802F0303028211E2D2325FD
S315080264601E2D28281E2D2325B3F1707F1CD107F473
S31508026470E043B3F5005F17D10121C7F30223994020
S315080264800D46DEB90E4610E01C25E0E74025DEE79C
S315080264902025DCE71C21F4E710251021F1E730213D
S315080264A0EFE76EB9402600E056B9AA1B50425041A2
S315080264B09CE72021E5E714251421E2E7B14205D03D
S315080264C0230493D5AE4263E700208FE701208DE7C8
S315080264D00002000600030006FF0000020013000681
S315080264E000090006000400060000C07F030000023F
S315080264F0037E022B06D1C3695A1C03D00133C3613A
S31508026500002070476FF09600704770477047064B39
S31508026510D3F8F00908B9D3F8F809D3F8EC3913B166
S31508026520984228BF18467047E82D00201B49026A80
S31508026530D1F8F83932F0004208BF1A4630B5184C7D
S31508026540436AD1F8FC59A24228BF2246002B08BF4B
S315080265502B46A34228BF2346C07D934238BF134623
S31508026560052808D8032808D9D1F8F4298AB193420C
S315080265700FD0002010E00628FBD1D1F8F00908B1A7
S315080265808242F6D1D1F8F40908B18342F1D1C1F8B1
S31508026590F0290120C1F8F43930BD00BFE82D0020EA
S315080265A09AC4200010B50446EAF76BFF2046BDE8F8
S315080265B01040E6F705BE2DE9F341064617461D4685
S315080265C00190014402236A4601A8E9F78AF918B933
S315080265D0009B23B96FF0670002B0BDE8F081019A0B
S315080265E092F9000011780028F4DB71B1DDF8008019
S315080265F0A845EFD8019CA5EB080021464246384437
S31508026600444415F099FEA01BE6E7511C013B019193
S315080266100093002BEAD05378002BE7D1DAE737B597
S315080266200C461546027832B15A1BA2420ADA6FF0B4
S315080266306B0003B030BD013C00F10100F2D16FF0EE
S315080266406700F6E71B1B224601461846019315F01A
S3150802665073FE90F90020002A08DA421B002AE6DDBA
S31508026660421E01920022013400F8012C22462946D4
S3150802667001A8E9F749F90028DBDB019B20445D1BE9
S31508026680002DD4DD0222013003F8012CD1E710B522
S3150802669080210120E6F7A3FE044608B1EAF77EFA4E
S315080266A0204610BD2DE9F0434FF000084FF00109CE
S315080266B085B007460D461046414614461E46CDE9A4
S315080266C00289E9F74DFC80B931463846EAF79BFB61
S315080266D0044618B92846EAF784FA044602A8E9F7EE
S315080266E019FA204605B0BDE8F08349462046E9F77F
S315080266F037FC58B931463846EAF785FB044600287E
S31508026700ECD131462846EAF756FAE6E74FF0FF316A
S315080267102046E9F725FC18BB31463846EAF773FBEB
S3150802672004460028DAD131462846EAF744FA0446EE
S315080267300028D3D1083501462846E9F711FC2A462E
S315080267400646391D02A8E9F741FC04460028C5D1C8
S31508026750321E18BF0122284602A9E9F793F9BCE7B7
S315080267603346224629463846CDF800800BF08CF887
S31508026770B3E72DE9F043C7B00C469146984607465B
S315080267804E9E509D002800F0DC80002900F0D9803A
S31508026790002A00F0D680002B00F0D380002E00F0ED
S315080267A0D0802DB96FF09404204647B0BDE8F08337
S315080267B0282200211AA815F01DFD202200210AA868
S315080267C015F018FD21464A4638460AABE7F77DFD1D
S315080267D004460028E8D17B880733DB08B5EB430F6C
S315080267E0E0D14FF006213846E7F77EFE0446002838
S315080267F0DAD101462490842225A815F0FBFC3B88B1
S3150802680023F0FF03B3F5E24F30D112AF0DF1280C96
S31508026810BCE80F000FC79CE80F0087E80F00149B1F
S315080268201AA823F0407323F4804343F400531493C5
S315080268300023159324AB16938823179317F012FA9D
S3150802684010BB12AA0AA91AA8E8F74AFF07461AA805
S3150802685017F008FA074317D10DF1280C12AF0FCF1C
S31508026860ACE80F0097E80F008CE80F001AA817F09B
S31508026870F9F948B90C9B9B0409D46FF092041AA83B
S3150802688017F0F0F900288FD06FF092048CE70A9F70
S315080268902D4B2E4A07F07047B7F1404F18BF1346E3
S315080268A01C90CDE91A30229012A90AA8E7F71CFF14
S315080268B0002836D112991AA817F0DBF931461AA818
S315080268C017F0D7F901A90AA8E7F7E7FF48BB01A914
S315080268D01AA8E8F71FF804A90AA8E7F7F5FF00BB04
S315080268E004A91AA8E8F716F801234F9A46F00056A3
S315080268F045F00055B7F1404FCDF81C80089309962C
S3150802690012921393149513D112A91AA8E8F702F84A
S3150802691007A91AA8E7F7FEFF1AA816F09DFE00288F
S31508026920ADD02C280AD00128A7D16FF08B04A6E790
S3150802693007A91AA8E7F7EEFF12A9EAE76FF0940487
S315080269409DE76FF086042FE70000030600000106A4
S31508026950F8B5436804460D461BB140F6FF71FEF7CB
S3150802696097FB2046FEF7B2FBE9896B7B62690B430C
S31508026970298A22F44C520B4322F00F021343636115
S31508026980A268297E2B7B22F080420B4322F0E20288
S3150802699013436A6904F580511343AA68A360EB6935
S315080269A082B9A06840F00040A0609BB901234B6001
S315080269B020462978FEF7D1FBA36CDB4313F4405F2C
S315080269C0FAD1F8BD33B901234B6020466968FEF750
S315080269D0C7FBEDE7987A1E7A4004A76840EA865014
S315080269E0574E3E4030439E8806F4C04630435E7892
S315080269F040EA86005E7B40EAC6009E7B40EA0610B5
S31508026A009E7840EA8620A060E768D3E90406304308
S31508026A104C4E3E4030439E7940EA8620DE7940EA73
S31508026A204620E0601878484E01281BD1E06840F0FD
S31508026A300400E060B4425FD0444884425ED000F568
S31508026A40804084425CD000F5804084420CBF03201B
S31508026A504FF0FF30400100F1A04042F2944600F5A3
S31508026A6070301CE003283DD1E06840F00400E06085
S31508026A70B4423BD0354884423AD000F5804084423D
S31508026A8038D000F5804084420CBF03204FF0FF3017
S31508026A9041F29446400100F1A04000F57030022709
S31508026AA08751587A886218B1E06840F40060E0605D
S31508026AB0D87A58B1E06840F40040E060224884423F
S31508026AC020D1187B224E00F00F007067606ADB7BCC
S31508026AD020F003000343636201234B60002A3FF45C
S31508026AE067AF72E702380128C2D9A3E70020CFE7C9
S31508026AF00120CDE70220CBE70020ABE70120A9E77A
S31508026B000220A7E71148844206D1187B104E00F0EE
S31508026B100F00C6F88000D9E70E48844206D1187BD2
S31508026B200B4E00F00F00C6F88C00CFE70A488442E5
S31508026B3001BF187B064E00F00F00C6F89800C5E79D
S31508026B40E39BBDFFFFF9F0870000015B00C0085018
S31508026B5000900350000009500040095010B5044641
S31508026B600089216818B1BDE81040E4F741B94B899C
S31508026B702381054BD3F84C0AE4F705F910B92168C5
S31508026B80E088F0E710BD00BFE82D002030B5114BB4
S31508026B9085B001930546FFF7BAFC0C46DFF7D7FE28
S31508026BA04FF4805302902046ADF80C30FFF7D6FF1B
S31508026BB070B90A22206801A9E0F797F940B91022AC
S31508026BC029462068E0F791F910B963890133638190
S31508026BD005B030BD001C00012DE9F04F036A0C46D2
S31508026BE043F000430968C67D036205468FB0006814
S31508026BF0B1F80A90E4F7C7F88346002840F01781EF
S31508026C002168E088E4F7F4F88346002840F00F810B
S31508026C10043EF6B2012E00F2AE80AB4A0492DFF7CA
S31508026C2096FE059020680A2204A94789E0F75DF9CD
S31508026C308346002840F0FB8021686868B1F80A801C
S31508026C40E4F794F88346002840F0F1804846216824
S31508026C50E4F7CEF88346002840F0E98039462068F2
S31508026C60E4F780FA628901326281AA68002A40F052
S31508026C70878040462168E4F7BBF88346002840F03F
S31508026C80D6804FF0FF220A92DFF761FE0A220B90A6
S31508026C900AA92068ADF830B0E0F727F9D946834645
S31508026CA0002840F0C4806289012E02F10102628145
S31508026CB040F2BD8040462168E4F79AF8002858D188
S31508026CC0824A0A92FFF723FCDFF741FE6A8A0B9093
S31508026CD052BAADF83220AA8A206852BAADF83420E0
S31508026CE02A8A0AA952BAADF8362010224689E0F74E
S31508026CF0FCF800283DD12046FFF730FF002838D19E
S31508026D0031462068E4F72EFA628940460132216844
S31508026D106281E4F76DF860BB6D4A2068049204A9A3
S31508026D200A224789E0F7E1F818BB8DF81C905E46FF
S31508026D304FF03D09226895F8168008925289ED6847
S31508026D40ADF82420B2B2904559D89DF81C20002AE5
S31508026D5000F0A680012A00F0B48000220DF10F018E
S31508026D608DF80F2007A80122E0F7F7F8002800F0AF
S31508026D70A08083465BE0574B0493FFF7C8FB4EE7B8
S31508026D80012E7FF676AF5F46DA46AA68BBB252F89C
S31508026D9023002168019300283FF46BAFE3F7E6FF6F
S31508026DA08346002843D1019B216833BB4A48B1F880
S31508026DB00AA0E3F7DBFF8346002838D14846216854
S31508026DC0E4F716F88346002831D120680A22438957
S31508026DD004A90193E0F789F8834640BB4046216837
S31508026DE0E4F706F80137834608BB01992068E4F7F9
S31508026DF0B9F9638901336381C7E75046E0E7286832
S31508026E008DF80E9058B9696831B12A8922B107A856
S31508026E10E0F7A3F80028ACD101360C3592E74FF417
S31508026E208071E0F793FA824628B94FF0070B584665
S31508026E300FB0BDE8F08F6A6862B98DF80F000122BB
S31508026E400DF10F0107A8E0F788F8002891D15246FC
S31508026E502968DCE72A8911180131FF29E5D80132A8
S31508026E6002448DF80F200DF10F01012207A8E0F761
S31508026E7074F800287FF47DAF5246296807A8E0F720
S31508026E806CF800287FF475AF01220DF10E0107A8F0
S31508026E90E0F763F800287FF46CAF2A896968B6E7D9
S31508026EA0089ABDF824105289521A92B2002A3FF45F
S31508026EB054AF39462068E4F755F96289013262818E
S31508026EC0B5E7BDF82420F1E7000C00FE0021000119
S31508026ED000100001000C00015C1404082DE9F04FB3
S31508026EE09846436B05460F46144691B0002B00F0B0
S31508026EF0B08001214046E9F733F80028C0F2AB809A
S31508026F0005F1340631464046E8F7E2FF002880F2EA
S31508026F10A2800AA8E9F71FFE002201234FF00C09F6
S31508026F20CDE90423CDE90623CDE90823B9F1010900
S31508026F3000F08D804FF00C0A05F11C0BBAF1010A1C
S31508026F4000F08580DDE91C2304A92846EAF718F82B
S31508026F500146002869D1414B0AA9009328465B4697
S31508026F6004AA0AF091FC014600285ED10AA9324613
S31508026F703846E9F7D1F80146002856D13846E8F7E7
S31508026F80EFFF0028DAD006A92846DDE91A23E9F731
S31508026F90ADFD0146002848D1034608A928462F4ACE
S31508026FA0E9F7EEFF014600283FD139464246204618
S31508026FB0E9F72DF80146002837D106A908462246E0
S31508026FC0E8F7E6FF014680BB06A9084608AAE9F7DC
S31508026FD01EF8014648BB04A9084608AAE9F717F8A5
S31508026FE0014610BB04A908463246E9F795F8014658
S31508026FF0D8B904A932462046E9F7D0FA0146A0B91B
S315080270002146204606AAE9F702F8014668B921464A
S3150802701032462046E9F780F8014630B90390204601
S31508027020E8F79EFF0399002880D00AA80391EAF799
S31508027030E7F904A8E8F76EFD06A8E8F76BFD08A8C5
S31508027040E8F768FD0399084611B0BDE8F08F0449D0
S31508027050EBE70449F7E70449F5E700BFE57B0208D1
S3150802706000B3FFFF80B0FFFF80B3FFFF38B5114CB6
S31508027070B4F87C3E1B061BD5D4F8083F04F57060AD
S31508027080834215D0A023B4F8E85E5D43E0F72CFEF0
S31508027090D4F8F03E04F67C605B1BC4F8F03ED4F8E4
S315080270A0F43E5B1BC4F8F43EBDE83840E2F734B957
S315080270B038BD00BFE82D002037B50D4C6846D4F818
S315080270C0E01F0BF080FF04F5805504F57E640099F5
S315080270D009B903B030BD4B7920465B0902BF2B6A5A
S315080270E001332B62E0F74FF86846DFF784FCEEE7D8
S315080270F0E82D00202DE9F047054688B095F870304E
S315080271000DF110088946D0E90001174688E8030000
S3150802711006AE002B3ED186E80300314602A8F5F7F3
S315080271209FFC10B9BDF80C30BBB9BDF81C30A3B131
S31508027130069B1B7803F0E003602B0ED1334605F15C
S3150802714020020DF1070105F1340005F065F9044640
S3150802715028B1204608B0BDE8F0871724F9E795F864
S315080271603A30112B07D03A2B57D0062B0FD11422BF
S3150802717005F15C014DE09DF8073005F15C00002B36
S3150802718045D0314605F0CCFA04460028E1D1012360
S3150802719085F87030B5F834A09AFA9AFACAF3851ABD
S315080271A00AF038041F2C3AD8082C3AD0103C18BFDB
S315080271B0012495F83A303A2B35D195F95C30002BF3
S315080271C0A8BF03240021012332460846ADF8183029
S315080271D08DF819400BF0DEFA3860002842D04B468B
S315080271E0424605F1200105F015FB04460028B0D1F8
S315080271F0BDF8142004993868DFF777FE044600289C
S31508027200A7D1BDF814103868DFF7A1FCA1E7082258
S3150802721001463046DFF7CFFBB6E70822A8E7022485
S31508027220C7E70024C5E7112BCCD144F64D43B5F880
S315080272305E209A4212D052BA92B205F14C0105F179
S315080272403C0009F05FFB0028BCD0BAF10F0F07D04B
S31508027250BAF1170F0CBF00240324B3E70324B1E7DE
S315080272600124AFE7032474E738B504460D4669B12D
S3150802727003685BB94B6A13B90020256038BD984785
S3150802728060600028F8D1A0F57E50F7E70048F5E7D8
S3150802729080C1FFFF84B08DE80F0028B10378023B56
S315080272A0022B94BF0846002004B07047F0B5036865
S315080272B00646062B0C46A5B011D01B4825B0F0BDD4
S315080272C073686A689A4203D1B16815F0C5FF50B16E
S315080272D0143528680028F3D1A0F56850EEE7134D57
S315080272E0F7E71348EAE704F1100790223946684699
S315080272F02E7C15F021F894E80F00FFF7CBFF9022B9
S3150802730039460546684615F017F894E80F00FFF760
S31508027310C1FF03780BB19E42E3D13146284625B018
S31508027320BDE8F040EAF7BCB880B1FFFF04150408CF
S3150802733000C3FFFF034B0A4610B500211B6804462B
S31508027340984710BDFC62002010B5044610B109B179
S31508027350FFF7F0FF2046BDE81040E5F731BF10B54C
S315080273600446006810B16168FFF7EEFFA068E5F70A
S3150802737027FF2046BDE810400C21DBE7036810B55D
S3150802738004461BB19B6A0BB1406898472046BDE884
S315080273901040A021CEE7434213F07F031CD05F2B97
S315080273A0C3F1000000F3B48010F10E0F31DA10F1C8
S315080273B03B0FC0F2DB8010F1100F00F0F28010F1E3
S315080273C00F0F00F0898010F1210F1FD010F1200F46
S315080273D067D010F1220FBBE010F56E5F00F0D8807F
S315080273E000F3938010F59C4F76D05DDC10F5C44F00
S315080273F000F0C58031DC10F5C74F00F0C3803FDBD3
S3150802740010F5C64F68D010F5C54F39D16FF0860012
S315080274107047012300F10E02934040F217521342BD
S31508027420F4D100283FD010F1080F08BF6FF0890089
S3150802743018BF6FF083007047012300F16C02934076
S3150802744041F250521342E1D1DB0700F1A78010F155
S315080274506A0F08BF6FF08C00EAE710F5A24FD5D085
S3150802746011DC10F5C14F1CD006DC10F5C34F00F035
S31508027470988010F5C24FC8E710F5A34F00F0918027
S315080274806FF08300704710F59E4F00F0878005DC89
S3150802749010F5A14F05D010F59F4FB6E710F59D4F91
S315080274A0EED16FF08500704710F5785F6DD01EDC5F
S315080274B010F5994FAAD008DC10F59B4F71D010F53C
S315080274C09A4FDDD16FF09300704710F57E5F68D052
S315080274D005DC10F5984FD3D16FF09400704720F071
S315080274E0800010F57C5F08BF6FF08600A0E710F5F4
S315080274F0705F4DD0C4DC10F5725FD2D0C0DC10F5D7
S31508027500765F83D010F5745F7FE710F15F0F29DA93
S3150802751010F16C0F90DA10F1700F3CD010F16F0F6A
S315080275201ADA10F5645FD7D00DDC10F5685FB8D0AB
S3150802753006DC10F56C5F3FF469AF10F56A5FAFE7DA
S3150802754010F5665FACE710F5625F27D010F1720F8F
S3150802755008BF6FF085006BE710F16E0F08BF6FF07A
S31508027560960065E700287FF71FAF89E710F13D0F00
S31508027570A8DA10F1400F08BF6FF0930058E76FF0D2
S31508027580950070476FF0960070476FF0910070474C
S315080275906FF0840070476FF0920070476FF08900B1
S315080275A070476FF08C00704741F2052398421AD84B
S315080275B0B0F5905F09D241F2010398420CD0B0F5BA
S315080275C0885F09D06FF0850070472923A0F590508F
S315080275D080B2C340DB07F5D511F0070F0CBF0020B8
S315080275E06FF086007047B0F5105FEBD121F04003CB
S315080275F0802B06D0B1F5807F0CBF00206FF0860085
S3150802760070470020704770B5046A05460E463CB9B5
S315080276100120E5F7E4FE286228B120466E6270BDB5
S315080276206FF08A00FBE76FF08C00F8E79142F8B535
S3150802763006460C4600F01D8121F0FF00B249884239
S315080276400CD122F0FF0383423CD114F0FF0334D05D
S31508027650AE4943F000738B422FD10AE1AC4DA842E2
S3150802766016D0AC4B98420DD024F4FF7323F00103D5
S31508027670B3F1062F06D0A84FB84203D0A7F5A067E4
S31508027680BB4267D122F0FF038B422DD10022F0E0E4
S3150802769022F0FF038B42F9D0834227D184EA020300
S315080276A0FF2BF3D89A4B984200F0FE8099498842FC
S315080276B040F04C8114F0FF010FD112F0FF0340F0A5
S315080276C0E1801EE192498B4210D184EA0201FF2928
S315080276D0DCD814F0FF0100F0DC808C4841F0007120
S315080276E0814240F0EA80C4E0AB42D6E7894DAB421C
S315080276F000F09B8022F4FF7121F00101B1F1062FFF
S3150802770006D0854FBB424AD005F50075A94221D15C
S3150802771084EA0201FF29B9D87B4D24F4875121F066
S315080277201F01A94240F00E8114F0FF01D5D1794913
S315080277308B4200F0DD8022F4FF7121F00101B1F1E4
S31508027740062F00F0D5807448834200F0D180734B2F
S315080277509942B2D004F0FE45B5F1A06F2AD102F0E3
S31508027760FE43B3F1A06F91D184EA020333F47E1388
S315080277708CD12504C4F30543C2F3054002F4004143
S3150802778040F1F280002900F0EB80834238BF0346BD
S3150802779024F47E1242EA034242F4004269E084EA91
S315080277A00201FF2940F2998004F0FE45B5F1A06F67
S315080277B03FF46CAFB5F1407F7FF468AF02F0FE4349
S315080277C0B3F1407F7FF462AF84EA020333F47E1595
S315080277D07FF45CAF31462046FEF794FD00287FF41D
S315080277E055AF14F47C1300F0C780C4F3054312F4B2
S315080277F07C1504F4004C02F4004700F00C81C2F335
S315080278000540BCF1000F00F04F810546002F00F03D
S3150802781047819D4238BF1D462D0405F47C1524F484
S315080278207E142C4344F4004223E084EA0201FF2931
S31508027830BAD8354988421ED001F5805188420FD000
S31508027840984240F0838014F0FF017FF446AF314935
S315080278508B424DD112F0FF0314D104F0FE45A9E77D
S3150802786014F0FF033FF429AF284943F000738B4213
S3150802787004D11046F8BD14F0FF03F5D112F0FF0348
S315080278803FF404AF214943F000738B427FF462AFA1
S3150802789008E012F0FF02ECD01C4B42F000729A424A
S315080278A07FF4F4AE2246E4E714F0FF030AD0174940
S315080278B043F000738B42DCD0034615498B427FF4B2
S315080278C036AF15E012F0FF02D3D0104B42F000712A
S315080278D099420CBF22460022CBE70B4988421FD1A8
S315080278E014F0FF0304D0094943F000738B42C0D059
S315080278F012F0FF03C6D104F0FE45B5F1A06F7FF47E
S3150802790059AF1A46B5E700BF00030006FF0000029A
S31508027910001300060002000600090006000400061D
S3150802792063498842DCD0A8428DD0624D24F47F7127
S3150802793021F00301A94201D09842BED114F0FF01F9
S31508027940BBD0CAE65C4988423FF4EEAE594D24F4F0
S315080279507F7121F00301A942F0D058498842ECE729
S31508027960834288BF002284E700293FF48FAE834210
S315080279702CBF224600227CE751492140B1F1607FA3
S3150802798038D15048E1B241F00071814241D001F14B
S315080279907E4104390F293FF62AAF01A050F821F09B
S315080279A0E5790208E5790208EF770208137A0208F0
S315080279B0E1790208E9790208ED790208F179020803
S315080279C0E1790208E9790208EF770208EF770208F7
S315080279D0E1790208E9790208ED790208F1790208E3
S315080279E01C2304E7142302E7202300E73023FEE6DC
S315080279F04023FCE6B1F1707F7FF4F9AE06F4E0416C
S31508027A00B1F5005F7FF4F3AE0123C6F302218B4082
S31508027A10EDE61023EBE62A491140B1F1607F1ED14B
S31508027A202848D1B241F00071814237D001F17E4136
S31508027A3004390F2916D8DFE801F00A0A1531080CAD
S31508027A400E10080C1515080C0E101C20D9E6142069
S31508027A50D7E62020D5E63020D3E64020D1E6B1F19C
S31508027A60707F11D03846BCF1000F7FF4CFAE002FDD
S31508027A707FF418AF83427FF409AE1B0403F47C1328
S31508027A8024F47E121A43F4E606F4E041B1F5005FE7
S31508027A90E8D10120C6F30226B040B2E61020B0E6CD
S31508027AA0AB4288BF0022E4E6002FE3D05FE700BFBF
S31508027AB0001300060004000600020006000900067C
S31508027AC00000C07F0300000238B50446006A10B100
S31508027AD0616AFFF739FC237E012B0FD0023B012B8B
S31508027AE00FD8E369012B0CBF00256FF096052822F3
S31508027AF00021204614F07EFB284638BDE369002B98
S31508027B00F1E76FF09605F2E72DE9F041334B0446AB
S31508027B105A780E46022A8EB05CD11B78072B59D1A9
S31508027B2004A816F09FF8054628BB0090002E4FD0F1
S31508027B300CB336F0030706F0030821D04FF0E063D2
S31508027B40CDE9043001230194069002930C9047F084
S31508027B50005301A904A8039316F094F804A8394619
S31508027B6016F087F804A815F077FD48B13A46294673
S31508027B70204614F03FFB6FF092000EB0BDE8F0818C
S31508027B80B8F1000F24D000254FF0E063CDE90435A3
S31508027B900123CDF804D00293114B01A904A803933B
S31508027BA006950C9516F06EF804A8042116F061F8ED
S31508027BB004A815F051FD08B13246D8E7009A3C44AC
S31508027BC0C300013022FA03F3804504F8013BF7D1DA
S31508027BD00020D2E76FF08800CFE700BFA049002057
S31508027BE004000020084608B51146FFF78DFF002855
S31508027BF018BF6FF03B0008BD426870B5120A0588C7
S31508027C00438806D0012A56D000236FF086000B60FF
S31508027C1022E005F4E042B2F5805F02D0B2F5005FD9
S31508027C2005D10733DB0840D16FF0850014E005F46F
S31508027C304F42B2F5844F03D10733DB080AD1F3E783
S31508027C4047F20102954208D15B080133DB0803EBD0
S31508027C50C3033B3300200B6070BD44F20102954218
S31508027C6002D1DB081033F5E747F20202954204D146
S31508027C70DB0803EB43035A33ECE744F2020295426C
S31508027C8004D1DB0803EB43034A33E3E725F0FF0598
S31508027C90B5F5E24FD0D0B5F5824FC5D10733DB082B
S31508027CA05B000133012BD5D1BEE725F0FF05B5F5FB
S31508027CB0824FCFD1F6E705F4E046DC1DB6F5805FC4
S31508027CC025F0FF004FEAD40202D0B6F5005F06D1CE
S31508027CD0002A4DD0B0F5824F07D1134643E005F48A
S31508027CE04F46B6F5844F05D1C2B3D31C23F003031E
S31508027CF02C33AFE747F20106B54210D15B080133D0
S31508027D00DB0803EBC3033B330333920723F0030376
S31508027D1001D1072CECD1B0F5824F30D0E8E744F216
S31508027D200106B54202D1DB081033EDE747F2020637
S31508027D30B54204D1DB0803EB43035A33E4E744F2C2
S31508027D400206B54204D1DB0803EB43034A33DBE7F9
S31508027D50B0F5E24FC8D0B0F5824F02D00B680333B4
S31508027D60C4E753000133012B00D10B68013BCBE773
S31508027D70B0F5824F0B68F2D1023323F003030433C2
S31508027D80B6E72DE9F74305460E4600F168090021D4
S31508027D90783017469846E8F7E3F880B13346424604
S31508027DA049462846009709F02CFDFFF7F4FA0446DF
S31508027DB0A0B13A460021304614F01CFA0EE0094BEF
S31508027DC005F160020093494605F11C03284609F0AD
S31508027DD05BFDFFF7E0FA04460028DFD0204603B031
S31508027DE0BDE8F083E57B02082DE9F04F8DB00593D7
S31508027DF0144600230792059A07460E46CDE909332B
S31508027E001360002C00F00381B4F1005F80F0028158
S31508027E1009AA0AA909F05EFB8346002837D10A9DFA
S31508027E206B6A53B30A9DAA466B88D5F820800893D5
S31508027E306B685AF8249F1B0A012B00F0D780774AF1
S31508027E40934200F09D8003BB2B8803F44F43B3F59E
S31508027E50824F32D0288800F4E043B3F5805F3DD1E3
S31508027E60089B002B42D00899FFF79EFB834670B900
S31508027E700731B4EBD10F28D007E07B681B0A14D070
S31508027E80012B0BD0654A93420FD06FF0860B0A98E6
S31508027E90002800F0A780FFF717FEA3E0384607A9D7
S31508027EA0FFF7AAFE83460028F1D128460799FFF76D
S31508027EB0AAFB83460028B5D0E9E72246314628467A
S31508027EC008ABE6F78EFD834620B9A14568D26FF066
S31508027ED0890BDCE710F1860FD9D1BBE7B3F5005F52
S31508027EE0BED0430405D46FF0850BD0E7E3000893B0
S31508027EF0B9E720F4435323F03F03B3F5824FF2D197
S31508027F0000230B930BAB698832460093234609F08C
S31508027F1027FB0B9C834630B12046E9F7B2FA204686
S31508027F20E5F74EF9B3E72B88216C23F4435222F086
S31508027F303F02B2F5824F03D1DAB2412A08BF0131B4
S31508027F4003F4E043B3F5804F089110D153464A46ED
S31508027F5041462046FFF715FF83462046E9F791FA80
S31508027F602046E5F72DF9BBF1000F1FD08FE74B46E8
S31508027F70424651462046E9F721F8FFF70CFAEBE7A5
S31508027F802B8803F44F43B3F5824FACD122463146D0
S31508027F90284608ABE6F725FD8346002895D076E7FE
S31508027FA022463146404614F0C7F96C620A98089B85
S31508027FB0428842BB43804FF6F872934293D83B8875
S31508027FC01BB102889A427FF460AF7B881BB1428854
S31508027FD09A427FF45AAF059909F021FE8346002892
S31508027FE07FF455AF58460DB0BDE8F08F08ABCDE922
S31508027FF001A32246434631462846CDF80090E6F7C5
S31508028000F1FE8346AFE79A427FF43FAFD3E76FF0BC
S31508028010860BE7E76FF0850BE4E700BF02008000F6
S31508028020036810B504462BB1054A934205D10430BC
S31508028030E6F7A2FA0020206010BD6FF08800FBE781
S315080280400900000210B50446006838B1012806D0B6
S31508028050042808D06FF088000023236010BD201D75
S31508028060FFF7DEFFF8E7201DE6F786FAF4E710B514
S315080280700446F0B10368E3B1806838B12279012A6F
S3150802808011D1FFF7DFFFA068E5F79AF8E06820B19B
S31508028090236899784900FFF757F92046BDE810404A
S315080280A01021FFF747B91B78092BECD1E6F764FADA
S315080280B0E9E710BD38B505462B683BB112B900246D
S315080280C0204638BD012B04D0042B15D06FF0880446
S315080280D00EE068680A4B9842F8D105F10800E7F7FE
S315080280E093F906F00EF9FFF756F904460028E6D08A
S315080280F02846FFF7A7FFE3E7281DE7F785F9F4E720
S3150802810009000002036870B505460C4613BB134BFB
S31508028110994215D1061D3046E6F72EFA2146304613
S31508028120E6F7FFF906F0EDF8064628B92C60304660
S31508028130BDE87040FFF72FB92846FFF771FFF6E74B
S3150802814001F0FE44B4F1007F14BF6FF086006FF0B1
S31508028150850070BD6FF08800FBE700BF09000002CA
S31508028160F8B50E4601680546F9B906F0FE43B3F1BD
S31508028170007F20D1071DDC22384614F03BF8314631
S315080281803846E6F7CEF9044668B110F1860F0ED1E5
S3150802819031463846FFF7B6FF044640B901230024A4
S315080281A02B602046F8BD0423F9E76FF088042846B9
S315080281B0FFF748FFF5E76FF08604F8E72DE9F34184
S315080281C014461D460378394A43F00073934207461C
S315080281D088462C6006D1002C62D16FF0890002B065
S315080281E0BDE8F08103F17E43043B0F2B22D801A29E
S315080281F052F823F08B8202088B8202083582020823
S31508028200D7810208838202087B82020873820208E7
S315080282106B820208838202087B8202083582020880
S3150802822035820208838202087B8202087382020868
S315080282306B82020824B122462121404613F0DAFF56
S3150802824000263A681A4B9A422CD10023202241462C
S315080282500193381D01AB06F070F806F052F8FFF7E5
S315080282609AF80028BBD12E60B9E7002CB5D0402673
S315080282700EE0002CB1D030260AE0002CADD0202624
S3150802828006E0002CA9D01C2602E0002CA5D0142654
S3150802829022462121404613F0ADFFB442D1D29CE7D3
S315080282A01026F5E76FF0880099E700BF0300000281
S315080282B00900000238B500241C600546006898B11A
S315080282C0012808D004280BD06FF088042846FFF747
S315080282D0B9FE204638BD281DFFF770FF0446F5E7AC
S315080282E0281D06F02AF8F9E76FF08804F1E7026814
S315080282F038B504464AB1114B22F47E11994206D189
S315080283000430E8F7C6FB00232360002014E00C4B78
S315080283101340B3F1607F08D14021E830FFF70AF82D
S3150802832004F10800FFF78EFEEDE74FF49472002180
S3150802833013F060FF6FF0880038BD00BF0002C0036B
S315080283400000C07F10B50446006888B1042810D022
S31508028350052817D0012817D104F10800FFF7C7FF2F
S3150802836000232360A38823F4FF7323F00103A38069
S3150802837010BD4FF4AE72002104F1080013F03AFF63
S315080283800020EDE7B822F6E76FF08600E8E7F8B5D1
S315080283901E4D064695F848330F4683B300242B46EE
S315080283A02246197ED1B13CB9022905D1D96919B932
S315080283B01979002918BF1C460132152A03F1280328
S315080283C0EFD114B96FF08C0006E02046FEF790F85C
S315080283D02046FFF779FB10B100240EE01C46237EE7
S315080283E083B9012323763EB1651BED1003F1CC3325
S315080283F05D4305F18045356000203C60F8BD6FF0AD
S315080284008800E9E76FF09600E6E700BF4C4A0020CD
S3150802841000232DE9F0470F460B608949064691F875
S31508028420482386B0002A00F0058100F14042142A4A
S315080284304CD8282303FB02110B7E022B3BD039466C
S315080284400020FFF7A4FF0446002856D10125D7F8D5
S31508028450008021463046C8F81460C8F8045004AAB9
S31508028460E5F7AAFE044618BBDDF810A028465146D1
S31508028470E4F7B5FF0546002800F0D08021463046CD
S3150802848004AA0394E5F798FE044668B903AB2146A5
S31508028490009352462B46304609F0CAFE039B044611
S315080284A09A452ED06FF0980451462846FEF74CFF9F
S315080284B000210846A7E04B699842C0D10846FEF754
S315080284C017F80446B0B93960002416E0002840F3CC
S315080284D0B4800A46107E022802D15069864205D027
S315080284E00133152B02F12802F4D1A8E7282202FB50
S315080284F00311E3E710F18C0FA1D0204606B0BDE8C0
S31508028500F0870028D0D1BAF1230F68D90822284665
S315080285104C4914F0A1FE002861D1AB68002B5ED14C
S315080285202E6AAAF124039E425AD8B6F5005F57D29C
S315080285308EB331460120E4F752FF814600285DD00A
S31508028540324605F1240113F0F7FEEB685146C8F8E6
S3150802855004302B8A2846A8F800306B8AA8F802301D
S315080285606B69C8F80830AB69C8F80C30EB69C8F80B
S315080285701030B9F1000F00D07EB9FEF7E5FE31469C
S315080285804846FEF7E1FE3868FFF79EFA6FF0910457
S3150802859000233B60B1E7B146D7E7FEF7D5FE314681
S315080285A04046FFF730F8044658BB32464946D8F8E3
S315080285B0200013F0C1FE31464846FEF7C5FE3C6868
S315080285C004F10800F9F7E6FC237E012B2FD020469A
S315080285D0FDF78EFF044600283FF476AFD8E7264615
S315080285E06FF0980451462846FEF7AEFE3146002043
S315080285F0FEF7AAFE3868FFF767FAC9E76FF08C0438
S31508028600F0E731464846FEF79FFE3868FFF75CFA00
S3150802861014F18C0F08BF6FF08704B9E72146FEF7FD
S3150802862093FE3868FFF750FA6FF08C04B0E702231E
S315080286302376CCE76FF088045FE76FF087045CE780
S315080286404C4A002054150408034668B1017E8A1E66
S31508028650012A0BD80329C26903D1012A01D1FFF7DE
S3150802866033BA1AB1013ADA61002070476FF0960000
S3150802867070472DE9F843884617461C46FFF7C8FE99
S31508028680054688BBD8F80060B6F8009009F4E043BE
S31508028690B3F5804FB36808BF27F0010737EA03032B
S315080286A01AD10CB3204A24F0FF0393421FD114F0C7
S315080286B0FF0304D01D4A43F0007393422FD022468B
S315080286C04846F168FDF73EFE074668B9224648461F
S315080286D03169FDF737FE28BB6FF084050023304663
S315080286E0C8F80030FFF7B0FF2846BDE8F883104AFD
S315080286F09342DCD024F4FF7323F00103B3F1062F6F
S31508028700D5D00C4A9342D2D004F0FE43B3F1407F4F
S31508028710D5D0B3F1A06FD2D0044B9C42CEE76FF00E
S315080287208605DBE73D46DFE700030006FF00000299
S3150802873000020006000400067FB5044618B301A924
S31508028740FFF766FE0446F0B9019D2B7E022B25D162
S3150802875003232B762B79FF2B23D073B16E6921461F
S31508028760304602AAE5F728FD8C3006D03046214667
S31508028770E5F741FD50B16FF098042846FFF764FF0C
S31508028780002818BF0446204604B070BD304621466C
S3150802879002AAE5F711FD8C30EFD0ECE76FF09604EC
S315080287A0EBE76FF08404E8E773B50C460546182232
S315080287B00021204613F01EFD002328461A4601A969
S315080287C0FFF757FF60B9019E35460FCD0FC495E8EE
S315080287D0030084E80300304602B0BDE8704033E780
S315080287E002B070BD2DE9F04789469A469046A6B072
S315080287F02AB96FF08905284626B0BDE8F087002316
S315080288000122CAF8003001A9FFF733FF05460028FE
S31508028810F1D1019C6368D4E908761B0A07D0012BBB
S315080288203BD02046FFF710FF6FF08605E3E7238863
S3150802883003F4E042B2F5805F16D0B2F5005F13D0BA
S3150802884044F2010223F4405191420DD003F44F43FE
S31508028850B3F5824F08D0B3F5844F05D02046FFF70B
S31508028860F3FE6FF08505C6E7464503D92046FFF7AE
S31508028870EBFEBEE732463946484613F05DFD002157
S31508028880A8EB060209EB060013F0B4FC2046CAF868
S31508028890006026B0BDE8F047D6E6002FC1D0002E0C
S315080288A0BFD0B9F1000FBCD0A368DB0705D42046B8
S315080288B0FFF7CAFE6FF084059DE7014620220CA841
S315080288C013F098FC3246394620460CABE5F7FDFC18
S315080288D0054618B12046FFF7B7FE8CE714AE0CAF73
S315080288E00FCF0FC697E80F0086E80F0002A914A853
S315080288F026880295E5F76AFE05463046E5F7C2FC84
S31508028900012804BF042309F8013B4FF0000308BFFE
S3150802891008F1FF38CDE9173908F1030323F00303F9
S31508028920064619932DB12046FFF78EFE6FF0920583
S3150802893061E7029FB84599D3282229461CA813F055
S3150802894059FC1CA815F08EF90028ECD12B460122F9
S3150802895014A90CA8E5F76FFE18B90F9B013B012B6A
S315080289600ED96FF092061CA815F07CF90028DAD108
S315080289702046FFF769FE0546002E3FF43CAFD5E7D1
S315080289804FF0817309A90CA8CDE91C351E952495CB
S31508028990E5F7AAFE0028E4D109991CA815F069F999
S315080289A003A90CA8E5F779FF0028DAD103A91CA8C0
S315080289B0E5F7B0FF06A90CA8E5F786FF0028D0D18F
S315080289C006A91CA8E5F7A6FF09A914A8E5F77CFFDE
S315080289D00028C6D11CA809A915F054F91CA814F038
S315080289E03BFE0028BDD13E44CAF800600026BAE71D
S315080289F030B401EB8202914201D130BC18470C46D1
S31508028A00B4F9005004318542F5D1B4F9020030BCFC
S31508028A10704770B5044600B30368F3B102791B7850
S31508028A20012A10D1092B0E4D18BF00258068FFF7C1
S31508028A3009FB2946A068FFF793FBBDE870400422AC
S31508028A40084B0949D4E7092B07D105498068E5F798
S31508028A5068FDBDE8704005F054BC044870BD00BF0F
S31508028A60090000022D6202085C15040800AFFFFF28
S31508028A7010B5B8B10368ABB10479012C08D1806886
S31508028A80FFF718FBBDE810400422074B0749AFE77A
S31508028A901B78092B06D18068E6F7B6FCBDE81040BC
S31508028AA005F02FBC024810BD2D6202085C150408A9
S31508028AB000AFFFFF10B4046824B1C36813B15DF8B0
S31508028AC0044BD5E701485DF8044B704700AFFFFF3A
S31508028AD038B5036804465BB1C5684DB1FFF799FF1F
S31508028AE038B92368294620469A78BDE83840BFE750
S31508028AF0004838BD00AFFFFF07B5E8B10268DAB132
S31508028B000379012B0BD101AB52788068FFF7D2FBB0
S31508028B1004220B4B0B4903B05DF804EB68E71378A4
S31508028B20092B09D1202201AB806805F006FC03B0A7
S31508028B305DF804EB05F0E5BB034803B05DF804FBFA
S31508028B402D6202085C15040800AFFFFF2DE9F0410B
S31508028B500E461746054688B000286DD00368002BD6
S31508028B606AD0C268002A67D09B78BB4214D2FFF744
S31508028B7050FF044600283BD13A4631462846FFF7BD
S31508028B8077FF0446A0BB69462846FFF7B5FF0446A9
S31508028B9070BB6E462B685F782B68D5F80C809A787E
S31508028BA03621404608EB020413F024FB2B685C21AD
S31508028BB09A78204613F01EFB0023191D8F4208EBF4
S31508028BC003021DD29F4223D80023191D8F4204EBAC
S31508028BD0030224D29F4228D82846FFF71AFF0446E2
S31508028BE030B92B68414628469A78FFF741FF044672
S31508028BF020216846FEF79EFB204608B0BDE8F081B4
S31508028C00F25858F80300424048F803200B46D4E7C6
S31508028C10F05C11780133414002F8011BD2E7F258A1
S31508028C20E0584240E2500B46CFE7F05C1178013338
S31508028C30414002F8011BCDE7004CDDE700AFFFFF1C
S31508028C40F0B5036804460D4689B0F3B1C668E6B1C5
S31508028C5069469F78FFF750FFA8B92046FFF7D9FE65
S31508028C6088B9236820469A78F119FFF701FF50B9A7
S31508028C702368694620465A78FFF7FAFE18B9294644
S31508028C802046FFF739FF09B0F0BD0148FBE700BFF0
S31508028C9000AFFFFF2DE9F047066805460F469046E6
S31508028CA08AB006B1767897B3B8F1000F0CBF4FF0C9
S31508028CB001094FF002090023294C05F1100A9945CA
S31508028CC08DF804301BD92846FFF702FF0446B0B9CF
S31508028CD0324651462846FFF7EDFE044678B9012288
S31508028CE0284601A9FFF7E6FE044640B9B9F1020F84
S31508028CF010D0284602A9FFF7A3FF044698B102A896
S31508028D002021FEF717FB20460AB0BDE8F0874FF090
S31508028D100109D0E7424639462846FFF7CBFE044604
S31508028D200028E6D0EBE73246284602A9FFF70EFFEF
S31508028D3004460028E3D1324651462846FFF7BAFED2
S31508028D4004460028DBD151462846FFF779FF044638
S31508028D500028D4D19DF804300133DBB2AFE700BF57
S31508028D6000AFFFFF2DE9F04F1F460023B3B01646AA
S31508028D703E9A11F0FF0A0D46136009D0AD4A4AF031
S31508028D800073934200F04C81F63A934240F04B81CD
S31508028D903D9B002B00F04A812B464FF4805208A9CE
S31508028DA0FFF767FC834650B9DDF82080B8F8003033
S31508028DB003F4E043B3F5E04F03D06FF0860B0024CB
S31508028DC069E0D8F80440D8E90812240A0ED0012C22
S31508028DD0F3D13E9B404604933D9B009603933C9BEE
S31508028DE0CDE901732B46E6F7B5F94DE03E9B4046C1
S31508028DF004933D9B009603933C9BCDE90612CDE96D
S31508028E0001732B46E6F7A6F9DDE9061210F1860F7D
S31508028E1083463AD147F20103B8F800009842CCD00B
S31508028E2000F44F43B3F5824F35D1B8F802C009AB07
S31508028E30009313460A466146099408F091FB834655
S31508028E4048BB0123DDF82480CDE90B30D8F83C4035
S31508028E500D930734E40804FA03F307933D9B0A903B
S31508028E60B3EB440F28D20AA8E6F754FE0CA8E6F795
S31508028E7051FE714D099C2046E8F703FB2046E4F7AC
S31508028E809FF92846FEF787FA83463E9BBBF1000FF9
S31508028E901C6818BF00243D9B21211A1B3C9B1819EC
S31508028EA013F0A8F90898FFF7CFFBBBF1000F18BF1C
S31508028EB0584633B0BDE8F08FEB0540F1A280BAF10F
S31508028EC0000F0AD0D8F8405008F160030735BAF106
S31508028ED0090F06934FEAD50907D0584D0AA8E6F7AF
S31508028EE019FE0CA8E6F716FEC4E700214FF0010B9F
S31508028EF00DF1800A48225046CDE90E1B13F07AF985
S31508028F0042F210734A46069810A92F93E6F760FFB5
S31508028F100546D8B93B46324640460EA9E7F7E6FD6E
S31508028F20054698B910AB4A4603EB09010EA8E6F7BF
S31508028F304FFF054650B9424ACDE92200E02158467C
S31508028F402092E4F74CFA229058BB3E4D20A8FFF730
S31508028F508EF820A84821FEF7EDF942F210720EA803
S31508028F602F92E6F7D7FD002DB8D122463C990AA8DA
S31508028F70E6F72EFF05460028B0D13C9B2246191972
S31508028F800CA8E6F725FF05460AA8E6F7C3FD0CA8CE
S31508028F90E6F7C0FD002D7FF46DAF3E9B079A1A6077
S31508028FA068E7402102208DF884B0E4F718FA239086
S31508028FB018B95046FFF75BF8C7E72022504624A99E
S31508028FC0FFF7C4FD05460028C0D12022594624A829
S31508028FD013F010F950464FEA490210A9FFF75AFE54
S31508028FE005460028B2D1184B4046CDE90173CDF8A3
S31508028FF00CA0069B00960CAA0AA9FDF76FFF054668
S31508029000A4E700230393114B4046CDE9017300966A
S3150802901008F160030CAA0AA9FDF760FF0546A2E754
S315080290206FF0860045E76FF0850042E76FF089002A
S315080290303FE700BFFF00000200B1FFFF80B0FFFF5D
S315080290406C15040880AEFFFFA7900208E57B0208AC
S3150802905070B5456B0446B5F5C07FE0B01DD84FF430
S31508029060C0720021684613F0C5F82A466946236C81
S31508029070606C9847A0B9666B694632462046FFF788
S3150802908009FE054608B9012323631EB1314668461F
S31508029090FEF750F9284660B070BD6FF00405F9E78F
S315080290A06FF00805F6E72DE9F843066804460F4609
S315080290B0154606B17678B5F5806F3BD8236C63B949
S315080290C004F11008BDB92A4629462046FFF7E2FDF3
S315080290D078B9236B013323630BE0A36B012B03D00F
S315080290E0226BE36B9A42EBDD2046FFF7B1FF0028BD
S315080290F0E6D0BDE8F883AE422046B14628BFA94667
S31508029100FFF7E6FC0028F4D1324641462046FFF72F
S31508029110D1FC0028EDD141462046FFF791FD0028F3
S31508029120E7D138464A46414613F006F94F44A5EBBD
S315080291300905C7E76FF00200DBE7022807D0032814
S3150802914008D0012809D0002318460B607047E0238F
S315080291501220FAE74FF48073FAE7C023F8E72DE9FD
S31508029160F04F4668DBB03546DDE964B715F8680B9B
S3150802917006A99946FFF7E1FF41232946009390463F
S31508029180044649AB304607AA08F03BFB014688B9B4
S31508029190079B069D0590182217A8049305F1070A4E
S315080291A013F028F805994FEADA0A08914FEA4A06AF
S315080291B024B9A34908465BB0BDE8F08F4FF40051C5
S315080291C017A844F48244ADF85C40F8F7F0FE4FF075
S315080291D00623049A1A9349A908AB17A8FEF704FEB0
S315080291E058B1FDF749F804460898FFF7A5FA01466B
S315080291F0002C00F01B812146DCE7089B402E0493D5
S3150802920003D91846FFF798FAD3E7CDF874B02DB903
S315080292100498FFF791FA6FF06701CBE70BEB0701AA
S31508029220302323AA1DA8E6F75CFB0146002837D19E
S31508029230324639A812F0DEFF1D9D239C534621466D
S31508029240284639AAFDF7B7F9011E29DB0D44641A27
S3150802925039AA21465346284652442394FDF7ABF9C8
S31508029260011E1DDB0D441D95A5EB0B05641ABD42B7
S31508029270239413D1324639A929A813F05DF84FF081
S3150802928006234FF40052049809A9FFF7F2F968B1C8
S3150802929007226C4B6C49FFF7ABFBA4E76FF065013D
S315080292A004980591FFF748FA059983E7DDF824A0A3
S315080292B0DAF80440DAE90852240A09D0012C00F047
S315080292C078815046FFF7C0F96FF086073846DFE720
S315080292D029ABCDE9009329464346504602960592A4
S315080292E0FDF747FA10F1860F0746059A40F0918076
S315080292F044F20103BAF8000020F4405C9C45E0D031
S3150802930000F44F43B3F5824F03D05046FFF79CF95A
S31508029310DCE70DF1280B1346BAF80210CBF8004029
S315080293202A46CDF800B008F01BF907460028ECD10A
S315080293300123DBF80050CDE90C30EC6B0B900734B7
S31508029340E408B6EB440F0E9340F03081224629A971
S315080293500BA8E6F70FFDFEF71EF8074600284CD1C4
S3150802936029AB224619190DA8E6F704FDFEF713F8EC
S315080293700746002841D1014605F1780005F1680B38
S31508029380E6F7EEFD50B9314B59460093284605F1EA
S315080293901C0305F1600208F077FA07463846FDF71E
S315080293A0FAFF074648BB01241DA8E7F7D4FB6B6BF7
S315080293B0CDE91047CDE91247CDE914470F97169420
S315080293C0002B00F0F18021460BA8E6F7C9FD00281C
S315080293D040DA1F4C1DA8E8F713F80FA8E6F79AFB20
S315080293E011A8E6F797FB13A8E6F794FB15A8E6F784
S315080293F091FB2046FDF7CFFF07460BA8E6F78AFB47
S315080294000DA8E6F787FB2846E8F73BF82846E3F770
S31508029410D7FE5046FFF718F9002F7FF457AF0028FA
S315080294207FF436AF0498FFF787F9014600293FF41F
S31508029430C1AE08465BB0BDE8F04FFCF71DBF00BFE2
S3150802944080C1FFFF7962020870150408E57B0208ED
S3150802945000B2FFFF05F1340631460BA8E6F738FDE0
S315080294600028B6DA21460DA8E6F77AFD0028B0DB11
S3150802947031460DA8E6F72CFD0028AADA4B464246E5
S3150802948028460FA9E7F732FB04460028A2D132463E
S315080294900DA911A8E7F782F8044600289AD111AA5D
S315080294A00FA913A8E6F7B3FD0446002892D113A91B
S315080294B032460846E6F730FE044600288AD111AA43
S315080294C00BA915A8E6F7A3FD0446002882D115A91B
S315080294D032460846E6F720FE044600287FF47AAFAD
S315080294E02846E7F72FFB0128074605F11C0902D093
S315080294F0A4F59D446EE74FF0040823A8E7F72BFB73
S3150802950039ABB8F1010803F1080323F8047C23F800
S31508029510024C43F8084CF4D14B46284613AA23A911
S31508029520FDF7C0F80446B0B95B46284615AA1DA938
S31508029530FDF7B8F8044670B939AB00931DAB194666
S31508029540284623AAE7F779FE044620B928461DA924
S31508029550E7F7F0FB044639AB03EB080008F1080805
S31508029560E6F7D8FAB8F1200FF5D123A8E7F748FFAE
S31508029570002C7FF42FAF214621A8E6F7F1FC00283C
S315080295803FF427AF1DA932460846E6F7C5FD04464D
S3150802959000287FF41FAF0BA91DA8E6F799FC04461D
S315080295A000283FF417AF14E7074C22E76FF0940739
S315080295B023E729ABCDE9009329464346504602964E
S315080295C0FDF7D7F8074624E780B0FFFF2DE9F04FED
S315080295D00025AFB0D0F804B08846DDE938642946DC
S315080295E091460AA8182204933A9F089512F002FE99
S315080295F09BF8000007A9FFF7A0FD079A0590073216
S315080296004FEAD20A002800F0E280B2F5847F80F0A1
S31508029610E1800BF16000524616A9E6F7D9FB059BD5
S31508029620834650B116A82021FDF784FE2846FFF787
S3150802963083F858462FB0BDE8F08F43F4E2434FF45F
S3150802964080510AA848F0C06BADF828304BF4E06B9D
S31508029650F8F7ADFC16A9524608AB0AA8CDF834B0FD
S31508029660FEF7C2FB0146B0B1FCF706FE202104460E
S3150802967016A8FDF75FFE0898FFF75EF88346002CEA
S3150802968040F0AB80BBF1000FD3D058462FB0BDE8EF
S31508029690F04FFCF7F1BD089D182210A812F0AAFD9A
S315080296A010A92846FFF780F8014628B107224C4B35
S315080296B04C49FFF79DF9D9E7182210A8BDF842A030
S315080296C012F098FD049B4A4659462846CDE90147B9
S315080296D00096FFF747FB034668B18533E6D14A464B
S315080296E02846CDE90147049B009648F00621FFF774
S315080296F039FB0028DAD10AF1070334443A684FEAFB
S31508029700D3090994BAF1000F57D0B2EB490F54D1D5
S31508029710B3F5847F34D24A4631461EA812F00CFEAF
S315080297204A4606EB090126A812F006FE23463246E9
S31508029730494626A8FCF773FFB0F1000BFFF672AF95
S31508029740A4EB0B042346324649461EA8FCF767FFDC
S31508029750D846B0F1000BFFF665AFD844A4EB0B046C
S315080297604246314609A80994E6F7CEF8B0F1000B4D
S31508029770FFF658AF099908F101088B1B002B09DC83
S31508029780202116A8FDF7D6FD2846FEF7D5FF6FF06D
S315080297906B0B4EE730230BEB080401F8013D22461A
S315080297A0304612F0AFFD202116A83C60FDF7C2FD37
S315080297B02846FEF7C1FF834664E7202116A8FDF76F
S315080297C0B9FD2846FEF7B8FF6FF0670B31E7DFF8F9
S315080297D018B02EE76FF06D0B2BE7A34629E700BFFB
S315080297E0796202087015040880C1FFFFF0B50C46BD
S315080297F00021D1B01822064604F1100728A825919F
S3150802980012F0F8FC90223946684612F095FD94E863
S315080298100F00FDF73FFD27A90078FFF78EFC279D6D
S315080298200735ED0818B9324C204651B0F0BD40F460
S31508029830E2400121ADF8A00028A8F8F7B8FB90226B
S315080298403946684612F078FD94E80F00FDF722FDC6
S315080298502A462EA96030E6F7BBFA044620B1412112
S315080298602EA8FDF767FDDFE72A4625AB2EA928A80D
S31508029870FEF7BAFA044641212EA8FDF75BFD2046FB
S31508029880FCF7FAFC04460028CED1259F24AA3846BE
S315080298902EA907F019FFFCF7EFFC04463846FEF737
S315080298A04BFF002CC0D120B151B0BDE8F040FCF707
S315080298B0E3BC902206F11001684612F03DFD96E8D7
S315080298C00F00FDF7E7FC412326AA009300F1680181
S315080298D03FAB07F096FF04460028A5D12A463FA9C2
S315080298E02EA813F0B9FC044600289DD09BE700BFBA
S315080298F080C1FFFF094B186F00F00700431E032BB8
S3150802990003D8DFE803F00608090400207047082098
S315080299107047022070470520704700BF008000503C
S31508029920044A054B013800D2704753F8041B42F823
S31508029930041BF7E760620020C06100082DE9F047C2
S3150802994006469CB020220C4603A8002112F052FCBF
S315080299501221304602AADEF76EFA0546002840F0C2
S315080299608F808027BDF80A30002B00F089800123FA
S3150802997030460DF1070202A9DDF732FA00287ED138
S31508029980012102A8DDF7A8FC9DF807301CAA02EB04
S31508029990D30010F8642C03F0070147FA01F11142CB
S315080299A05FFA81FCDED142EA0C0200F8642C242B11
S315080299B0D8D801A252F823F04D9A02085B9A0208F7
S315080299C06B9A02089D9A0208659902086599020827
S315080299D0B59A0208FF9A02080D9B02087D9B0208A7
S315080299E06599020865990208659902086599020847
S315080299F06599020865990208659902080B9D02088D
S31508029A006599020865990208659902086599020826
S31508029A1065990208899A0208979A0208DD9C020843
S31508029A20EB9C0208F39C0208039D0208659902084A
S31508029A3065990208659902086599020865990208F6
S31508029A40219C0208FB9C02081B9D02080823002190
S31508029A50B84A2046DEF705FB0EE00121B64BB3F8FD
S31508029A605C202046DEF73FFB06E0B34B0221204688
S31508029A7093F85B20DEF72CFB00283FF473AF05460C
S31508029A8028461CB0BDE8F0870BA803F02BFE082376
S31508029A9017210BAADDE705221821E2E7A64B93F860
S31508029AA05B2012073FF55EAF032120465A6EDEF7AA
S31508029AB026FBE1E740F60603DFF87C82ADF82C3098
S31508029AC098F83BA398F83A93D8F8780088F87DA0D6
S31508029AD088F87E90DCF73BFF98F87C30CDF82E00AC
S31508029AE08DF8323098F87F308DF833A08DF834909F
S31508029AF08DF8353021460BA8DEF70AF9BCE78E4AFF
S31508029B00072192F83833D2F83423A2E70023DFF884
S31508029B104082D8F83427591C02BB9AB21201FE2A8F
S31508029B204FEA03131DDC082220460BA98DF82C20C8
S31508029B308DF82D30DEF792FA0028A0D1D8F83487AE
S31508029B40B8F1000F3FF40EAF102241462046DDF76A
S31508029B50CCF9002893D1D8F81480F1E70B4652695C
S31508029B60D9E74FF608725BBAADF82C2020460422D4
S31508029B700BA9ADF82E30DDF7B8F9DDE742F2094355
S31508029B80DFF8CC81ADF82C30D8F8840FDCF7DFFE8D
S31508029B90D8F8982FD8F8943FCDF82E001344D8F861
S31508029BA09C2FD8F8A80F1344D8F8A02F1344D8F836
S31508029BB0A42F13441844DCF7CAFECDF83200D8F8AD
S31508029BC05C0FDCF7C4FECDF83600D8F86C0FDCF76C
S31508029BD0BEFECDF83A00D8F8700FDCF7B8FED8F812
S31508029BE08C3FCDF83E00D8F8880F1844D8F8903F35
S31508029BF01844DCF7ACFECDF84200D8F8280FDCF79B
S31508029C00A6FECDF84600D8F82C0FDCF7A0FECDF854
S31508029C104A00D8F8640FDCF79AFECDF84E0069E7D9
S31508029C20DFF8148198F8591008F15800F2F756FF30
S31508029C30D8E9540144F22223ADF82C30B8F8103191
S31508029C405BBAADF82E30B8F812315BBAADF83030DF
S31508029C50B8F814315BBAADF83230B8F816315BBAD7
S31508029C60ADF83430B8F818315BBAADF83630B8F812
S31508029C701A315BBAADF83830B8F81C315BBAADF8B0
S31508029C803A30B8F81E315BBAADF83C30B8F85831FC
S31508029C905BBAADF83E30F3F7F6FCCDE91001D8E928
S31508029CA04A01F3F7F0FCCDE91201D8E94C01F3F7C2
S31508029CB0EAFCCDE91401D8E94E01F3F7E4FCCDE953
S31508029CC01601D8E95001F3F7DEFCCDE91801D8E907
S31508029CD05201F3F7D8FCCDE91A010BE72022192124
S31508029CE0164B2046DEF7E4F9C6E620221A21144B63
S31508029CF0F7E710221B21134BF3E760222321124BAD
S31508029D00EFE740221C21114BEBE740F21113ADF8A5
S31508029D102C3000238DF82E30ECE6074B0122D3F8BF
S31508029D2040140BA8E0F777FA24219DF832300BAAE3
S31508029D308FE600BF6E3C0020E83D00205803040869
S31508029D40590304085A0304085B0304085FF7030867
S31508029D50E82D0020002313B5044601A8019303F059
S31508029D60E7F918B1044BD3F8543E0193214601A8EA
S31508029D70DEF7C2FC02B010BDE82D0020124B93F8A4
S31508029D807A21052A07D10222027093F87D31012B26
S31508029D9013D91720704701210170B3F8801193F87F
S31508029DA07D3101290BD8042A09D0062BF1D8012ABC
S31508029DB003D0022B01D80023037000207047022B20
S31508029DC0E7D8F8D1F9E700BFE83D0020F7B5054620
S31508029DD00E46014621481746DEF786FCD8B10F2003
S31508029DE008F0BBFF0446B0B100220379057243F0BE
S31508029DF002031B4D037195F8523E8DF800205BBA9B
S31508029E00ADF801306A4603231421DEF72AF920B198
S31508029E102046DCF7F6FD03B0F0BD012F1AD14FF04C
S31508029E208073009001936A46082316212046DEF7BE
S31508029E3018F90028ECD115212046B5F8502EDEF780
S31508029E4052F90028E4D131462046F4F71FFB0028D0
S31508029E50E1D0DDE72046F2F735FFEAE73C3C002091
S31508029E60E82D00207FB505460E466C46054B0FCBFE
S31508029E7084E80F00324621462846FFF7A7FF04B0BA
S31508029E8070BD00BF38F80308F0B5DFB0054624A850
S31508029E900C4609F049F8182200210DEB020012F0CF
S31508029EA0A9F93D4B012C05934FF00D038DF820308F
S31508029EB025D02B685B89AB812868E0F78EFF0446BC
S31508029EC0B8B928681C2205A94689DDF70EF80446A2
S31508029ED078B92846FCF742FE044650B9402228685B
S31508029EE014A9DDF702F8044618B931462868E1F7DD
S31508029EF039F924A809F00EF820465FB0F0BDA98901
S31508029F002868DCF79FFD28681C2205A94689DCF724
S31508029F10ECFF04460028ECD1204F2968D7F84C0AF2
S31508029F20E0F731FF04460028E3D12968D7F8480A42
S31508029F30E0F773FF04460028DBD124A8DEF776FB98
S31508029F40296806F10A024B8992B20A3B9B1B9BB20D
S31508029F5024A8DEF784FB22463346296824A8DEF7BE
S31508029F607EFB0CA924A8DEF795FB04AB02934023DB
S31508029F70019314AB00930A4920230CAA2869FEF719
S31508029F80F1FEF7F723FC04460028B2D131462868C9
S31508029F90DCF758FD90E700BF001800FFE82D002007
S31508029FA0090600062DE9F047D8B0054605A808F0C7
S31508029FB062FF0023A348EB80AB6028618DF8BD30B1
S31508029FC0F7F772FD002855D09F4C05A9B4F8DE397B
S31508029FD00C225BBAADF814304FF480732868ADF8DA
S31508029FE01830ADF81E30DCF780FF0146002840F035
S31508029FF0EB802968D4F8480A4B89EB80E0F70DFF15
S3150802A0000146002840F0E080904B30A904222868D7
S3150802A0103093DCF76AFF0146002840F0D58094F8B1
S3150802A020563AD4F8586A043B012B40F2418232462A
S3150802A030D4F8F8C9D4F8FCE9854FC4F8F009C4F88D
S3150802A040F409002A40F0CC80002E40F0F6802B79E5
S3150802A050002B40F01A814FF47A79D4F8586ADFF85F
S3150802A060F081002E00F01181F37D062B00F0F081BD
S3150802A070F669F6E77E230B2030AA10A9ADF8C030A0
S3150802A08003F0EEFF002840F0A380CDE930003290BD
S3150802A090704930A89DF8BD60FDF7E6F805F110088D
S3150802A0A008AC28BB26B306F1FF3910AB13F8093002
S3150802A0B0C4E90000A060002B60D104AF2046664ABE
S3150802A0C06649009710AB04F02DFB00283BD1614985
S3150802A0D030A8FDF7C9F828B9D4E9001230A804F067
S3150802A0E0ABFBE8B130A8FDF749F92046FDF737F989
S3150802A0F02023CDE90143012347F21211584A00935E
S3150802A10040464FF44053F8F749F8F7F75FFB002843
S3150802A11054D10B2003F0D1FA0C287FF455AFFEE791
S3150802A1202046FDF71CF9DDE93030002B44D01B78B8
S3150802A130023B032B28BF0020202260300DEB0201D0
S3150802A140E5F746FED4E710F59C5FD1D010F5845F9B
S3150802A150CED110AB13F8093083B92046414A424999
S3150802A160009710AB04F0DEFA28B9D4E9001230A839
S3150802A17004F05CFCB5E710F5845FB9D1324610A944
S3150802A18030A804F053FC0028CDD030A8FDF7F6F825
S3150802A1900023304930A8CDE930333293FDF764F80D
S3150802A1A030B9324610A930A804F046FB0028BAD0C6
S3150802A1B030A8FDF7E3F89BE71846BDE72869F7F7E5
S3150802A1C000FF01460028A4D0084658B0BDE8F0872B
S3150802A1D02869F7F7F6FE014600283FF4F5AEF3E7DD
S3150802A1E0136A33F0004014BF01466146536A10628F
S3150802A1F0D07DB94228BF3946002B08BF73460328CB
S3150802A20003D0052809D0012815D1D4F8F00910B1D0
S3150802A210814200D0FEE7C4F8F019BB4228BF3B468C
S3150802A2208B4238BF0B46D4F8F41911B18B4200D0D1
S3150802A230FEE7C4F8F439D26903E7F37D062B15D194
S3150802A240F66901E707000200E82D00200006000172
S3150802A2509AC4200008040408611404087E14040839
S3150802A260FF0600069D140408B71404083046FCF7D6
S3150802A2705DF90028E4D029463046FCF7ADFC0146D4
S3150802A2800028A1D12B79002BDAD0D4F8F029D4F8FA
S3150802A290F839A549002A08BF1A46D4F8FC09D4F8A1
S3150802A2A0F4398A4228BF0A46002B08BF03468B4266
S3150802A2B028BF0B46C4F8F4399A4294BFC4F8F02969
S3150802A2C0C4F8F0392846FCF749FC07460146002837
S3150802A2D07FF47AAF4FF0FF233093DCF738FB30A9CF
S3150802A2E0319006460A222868ADF8C870DCF7FDFDEB
S3150802A2F0014600287FF468AF6B8994F8557A0133D2
S3150802A3006B81002F00F00981D4F83477A4F8E009AC
S3150802A310002F40F0DA80B4F8E0399BB92946834821
S3150802A320FCF734FC014600287FF44EAF804A92F8C7
S3150802A3307B3243F0020382F87B32B4F8E039013308
S3150802A340A4F8E0392846FCF709FC014600287FF400
S3150802A3503BAF784B0893FCF7DAF8DCF7F8FA764B5A
S3150802A36009900A9340F6035308A90E222868ADF805
S3150802A3702C30DCF7BAFD014600287FF425AF2869A0
S3150802A38004AA30A907F0A0F907460DF1C1030DF199
S3150802A390400C0DF2011E624618685968083303C25A
S3150802A3A073459446F7D13846F7F710FA014600285E
S3150802A3B07FF40AAF402228680DEB0201DCF795FD0F
S3150802A3C0014600287FF400AF6B89286801339BB2E7
S3150802A3D06B815BBAADF81C3005AA0C23DCF743FD8A
S3150802A3E02868E0F7FAFC014600287FF4EDAE534BE5
S3150802A3F011961093C6F30746514BD4F8F00966F046
S3150802A4007F0630938DF84660DCF7A1FAD4F8F46932
S3150802A41031903046DCF79BFA4FF44063329010A92C
S3150802A4200A222868ADF84830DCF75FFD01460028A5
S3150802A4307FF4CAAE30A90C222868DCF756FD01461D
S3150802A44000287FF4C1AE2846FFF71EFD0146BBE68B
S3150802A4503046FCF76BF800283FF40AAE376AD4F8A0
S3150802A460F83937F0004708BF1F46D6F818A0DCF7B8
S3150802A470F0F9474528BF474609FB07F7A0EB0A004C
S3150802A48010EB57003FF5F4ADF37D2946022B18BFB2
S3150802A4900223304618BFF375FCF79EFB01460028D7
S3150802A4A03FF4E6AD90E6336A43F000433362F66959
S3150802A4B0002EF8D194F8DD39C4F8F069DB0658BFE6
S3150802A4C0D4F8FC69C4F8F469FCE6384604F02EFEB2
S3150802A4D090B129463846FCF759FB014600287FF415
S3150802A4E073AEFB7C43F00203FB74B4F8E039013324
S3150802A4F0A4F8E0397F690BE7FB7C60F34103FB7440
S3150802A500F8E7D4F8500A294600EB0310FCF73EFB9D
S3150802A5100137014600287FF457AE94F8542AFBB255
S3150802A5209A42EED80EE700BF9AC420005040002097
S3150802A530E83D00200019000100440201002904F840
S3150802A540000200082DE9F04104468EB003A8F1F78F
S3150802A550CBFA03A8F1F7C8FA237833B194F8A01016
S3150802A560042902D01DD8032936D003A8E1F7B6F983
S3150802A570A0B903A904F13E00F3F789F870B994F873
S3150802A5807A300BB184F87A00012220461146F1F797
S3150802A59019FB0122204603A9F3F781F80EB0BDE89C
S3150802A5A0F0814B1F5E425E4194F87A30012BDCD86B
S3150802A5B00025114F04F13E0808A8F1F795FA002381
S3150802A5C0CDE9013300973146684608AAF3F722FB1C
S3150802A5D020B1002DF0D1C8E70026E5E735B103AD75
S3150802A5E008AE0FCE0FC533682B80BEE7404608A9D2
S3150802A5F0F3F74DF80546E6E71C4100202DE9F04140
S3150802A6000C460546164694B004A8E0F7CDF92B4B3E
S3150802A61001A8C5E90034139B002B18BF1E46B4894E
S3150802A620E0F758FA21460C233046AE6001AADCF759
S3150802A63001FB04F10C01002489B2BDF80830A2B26C
S3150802A6405BBA9BB29342ADF802102BD8BDF80A80CA
S3150802A650298298FA98F81FFA88F20DF10201304613
S3150802A660E0F7ADFDBDF80C70BDF802307FBAAB82DB
S3150802A670BAB20DF102013046E0F7A1FDBDF80E406F
S3150802A680BDF8023064BA30462B83A2B20DF102013C
S3150802A690E0F795FD1298A5F81280EF826C8314B044
S3150802A6A0BDE8F0810DF102013046E0F701FCBDF884
S3150802A6B002100134043189B2BFE700BFE81D002049
S3150802A6C070B5D4B00C46054613A808F0E7FB00237C
S3150802A6D00D21204601AA8DF84830DDF7ACFB08B3F8
S3150802A6E013A92846DFF754F940F201336846ADF854
S3150802A6F0003003F02DF8214602F05EFD04460028DC
S3150802A7004BD1002432E001236A4601A92046DCF730
S3150802A71067FB9DF8001002A8DFF7FCFA012101A8E1
S3150802A720DCF7DAFDBDF80630002BECD19DF848308F
S3150802A730002BD5D02B78012BD2D1342102A8DFF7F2
S3150802A740E9FACDE79DF84820297892B905291AD160
S3150802A75096F83E3EDB0716D42846DDF7CFFA0544BF
S3150802A7609DF84A3113AA13449D42EBD3204654B0AE
S3150802A77070BD02AB1A449A421846EDD000780133EE
S3150802A7808842F8D1E2E721462846DDF7C1FA0028D1
S3150802A790E2D02046DCF735F9B3E7014E13ADDFE721
S3150802A7A0E82D002010B5C2B0044601A808F076FBD1
S3150802A7B0074801A9DFF7ECF810B1172042B010BD1F
S3150802A7C0214601A8DFF76CFB0028F7D0F5E700BFA2
S3150802A7D0583B00202DE9F0431646054685B0AB489E
S3150802A7E00F46DDF781FA0E2E07D00F2E00F089806C
S3150802A7F01EB10B2E00F0B080FEE72B7FC3F3800458
S3150802A8005B0743D4002F40F09B80FCF72FFCA04B3C
S3150802A810B3F87C3E9C0608D5286808F00BFD20B1E3
S3150802A8202C7F14F0010440F0BD800022984B83F877
S3150802A8307F2E002E40F0A0804FF00008286808F00E
S3150802A840F3FC00238DF80C30AB888146904C002B24
S3150802A85000F06F81284601A9DEF7CEFC01A802F0B6
S3150802A860CBFD002800F01681B9F1000F40F0DE801A
S3150802A870002E40F01181D4F8243F0133C4F8243F56
S3150802A880D4F8383F0133C4F8383F46E1AA79804BF9
S3150802A89093F8521E914207D093F8681EC9071ED52F
S3150802A8A093F8691E91421AD1B3F8B22F4FF6FF7088
S3150802A8B0B2F5007F3CBF0132A3F8B22F002C18BFB5
S3150802A8C00020B3F8B21FB3F8B0EF01F1FF3C4A0813
S3150802A8D00EFB0C220244B2FBF1F2A3F8B02F87BB9F
S3150802A8E0FCF7C4FB6A4BB3F87C3E9A0606D5286881
S3150802A8F008F0A0FC10B12B7FD80753D4002C60D0E7
S3150802A90093E72B7FDFF8888113F0040FC3F38004E3
S3150802A9100ED1B7B9FCF7AAFBB8F87C3E980648D41C
S3150802A920D8F8943E1B7F5C0752D488F87F7E23E0D2
S3150802A930D8F85C3FAA7901330024C8F85C3FA6E739
S3150802A94001242846DEF725FB0028C9D0F7F77EFC46
S3150802A9504F4BC3F8F80EC3E7DFF83481B8F87C3EEC
S3150802A96013F0200302D188F87F3E05E0286808F034
S3150802A97061FC88B988F87F0E454BB3F87C2E5207DE
S3150802A9803FF55AAF93F8808E6B7E98452CBF4FF0F1
S3150802A99000084FF0010851E72C7FC4F3000314F0B6
S3150802A9A00104E0D028460DF10201DEF7CFF828B3FC
S3150802A9B0FEE7286808F03EFC0028B1D02B7FDB07AB
S3150802A9C0F0D4334BD3F8943E1B7F59077FF52DAF4E
S3150802A9D02F4AB2F87C3E03F00C03002B7FF425AF16
S3150802A9E092F87F3E297E99427FF61FAF013382F89D
S3150802A9F07F3E05B0BDE8F04302F010BB9DF8023079
S3150802AA00082B7FF47BAF284601A9DEF7AFF800B121
S3150802AA10FEE728460DF10301DEF705FA00B1FEE767
S3150802AA209DF80310019802F039F967E7B6B10E2EC0
S3150802AA3032D1C38CC3EBC31303F580333F33DB092F
S3150802AA40C384B8F1000F2AD1D4F8243F0133C4F8DD
S3150802AA50243FB9F1000F3FF413AF0AE0C38CC3EBEE
S3150802AA60C3134033DB09C384D4F8243F0133C4F843
S3150802AA70243FD4F8303F0133C4F8303F002E4CD17E
S3150802AA80D4F8343F0133C4F8343F46E0C43C0020CE
S3150802AA90E82D0020002ED7D0B8F1000F27D0D4F821
S3150802AAA0503F0133C4F8503F94F8803E0E2E03F10E
S3150802AAB0010384F8803E2B7F43F002032B7798D15B
S3150802AAC094F87E3E94F8D90E062B1CBF062384F80A
S3150802AAD07E3E02F005F994F8D93E0133DBB2052B26
S3150802AAE028BF052384F8D93E05B0BDE8F083D4F81B
S3150802AAF0243F0B2E03F10103C4F8243F2CD1D4F8CA
S3150802AB00603F0133C4F8603FB9F1000F3FF4B8AEB5
S3150802AB10D4F8303F0133C4F8303F9DF80C10BDF825
S3150802AB20040008F0E9F900B3D4F82C3F0133C4F85D
S3150802AB302C3FB8F1000FB7D194F87E3E3246022B6D
S3150802AB4018BF02233946284618BF84F87E3E05B048
S3150802AB50BDE8F04305F056BA0F2E7FF47AAFD4F863
S3150802AB60643F0133C4F8643FCEE7D4F8283F013383
S3150802AB70C4F8283FDDE72DE9F04F98462A4B87B0FF
S3150802AB801B78054691460091002B46D0072846D8E1
S3150802AB90002A44D0B8F1000F41D0109BB3F5006FDC
S3150802ABA03DDCDFF89CB003010BEB001701933B7BFE
S3150802ABB0002B36D00024DFF88CA043010AEB40169E
S3150802ABC01022214630460193CDE90344059411F03B
S3150802ABD011FB009BC6E901890293109B13495A1E71
S3150802ABE0019BC2F30A025AF803001201014042F01D
S3150802ABF044720A434AF803200D4B2A014BF80230E5
S3150802AC00119B2846324602A9C7E901347C73FAF732
S3150802AC10A5FB204607B0BDE8F08F0648FAE70648C6
S3150802AC20F8E70648F6E700BF1C4800200F80EFF059
S3150802AC30455B0208028000F0018000F0078000F000
S3150802AC40EC4500206C4600202DE9F04F00254FF414
S3150802AC50702BABB0CDE909550B95CDF820B01BACDE
S3150802AC6008AE0FCECDE904550FC4C44B069503931F
S3150802AC7003AEDFF878A3DFF878930FCE20ACC04E88
S3150802AC800FC40FCE13ACCDF81C90CDF830A00FC46C
S3150802AC9096E80F0084E80F000DAB294618221846DD
S3150802ACA011F0A8FA03230126B64F8DF83430B64BB5
S3150802ACB0B64C7B60B64B04F52178C7E902352946BE
S3150802ACC04546B44B1A908C2204F526703B618DF8E2
S3150802ACD03A6011F08FFACDF86CB04FF0800BCDF8D0
S3150802ACE07CA00DF16C0CBCE80F000FC5A34BC5F890
S3150802ACF000A0CDF89090209304F53A750DF1800CDA
S3150802AD00BCE80F000FC504F54E73C4E9B4B3C4F822
S3150802AD10CC32C4F81C333B1DC5F80090C4F8E432A3
S3150802AD20DFF8D0929C4B84F82063C9F804309B4B19
S3150802AD3084F8D862C9F80830994BC9F80080C9F86E
S3150802AD400C30984BC9F81430974BC9F81830974B02
S3150802AD50C9F81030EFF31183302282F31188DFF835
S3150802AD6098A29AF800500DB383F31188BFF36F8F38
S3150802AD709AF8003073B102A8F7F7BEFF50B9029BE2
S3150802AD8084F898329AF80030002B46D194F8980243
S3150802AD9007F09FFF10250122854B13A8CDE913233F
S3150802ADA007F01EFE28462BB0BDE8F08F8AF8006031
S3150802ADB083F31188BFF36F8F7E4B314620201D73B4
S3150802ADC01D7783F82C5083F83C5083F84C5083F84F
S3150802ADD05C5083F86C5083F87C50F9F73DFD314698
S3150802ADE02120F9F739FDFF22734B23205E609D600F
S3150802ADF09D619A624FF000429D631D645A654FF049
S3150802AE00FF3203F500531A6508226C4BC3F88421F6
S3150802AE1083F823B3FAF7D6FBAAE702A8F7F76CFF7B
S3150802AE200028B3D1029B94F8980284F8FC32F7F70B
S3150802AE308DFE0028AED1CDF80480D4F8D032009326
S3150802AE40D4F89432D4F8CC22D4F8841294F898021E
S3150802AE50FFF791FE00289DD1302294F898324FF4DC
S3150802AE608011534342F2640203F1A04303F580239F
S3150802AE70995097F91400002808DB012200F01F01F7
S3150802AE808A4043094D49603341F82320FAF79AFB71
S3150802AE900023C4F81433EFF31183302282F31188A6
S3150802AEA0474AC2F8009083F31188BFF36F8F45486B
S3150802AEB0FAF79CFC94F89802F7F76AFE054600280A
S3150802AEC07FF468AF40F201533F4E40494048C4E917
S3150802AED0CB13331DC4F82433C4F8286312F0DCFEFE
S3150802AEE00123042208212846FAF7BAF90123022285
S3150802AEF009212846FAF7B4F9304684F8345312F091
S3150802AF00CBFE344813A9FBF723FD1421324A94F8E1
S3150802AF103433C2F894144FF40021C2F8AC144FF437
S3150802AF20102143F00503C2F8A414012002220521C8
S3150802AF3084F834332B46FAF793F994F834332846CF
S3150802AF4043F0020384F8343304222B462946FAF7DF
S3150802AF5087F994F83433D80708D5204B204AC3F822
S3150802AF609C240222C3F89424C3F8A0541D4B1E4AFB
S3150802AF7005211848DA64FAF7D3F80CE701000F003E
S3150802AF809C150408FC620020EF10020848590020AC
S3150802AF90DD100208E1520208192C0208CB14020835
S3150802AFA029590208051102080B110208E15602087E
S3150802AFB000C201C0EC4500200000045000E100E098
S3150802AFC054490020CC5B0020BC150408000800097F
S3150802AFD0181104080000015B00C0035000D003509A
S3150802AFE0010005000020015BFF3F0D033C00015BE9
S3150802AFF04400015B101900201C4800207FB5044656
S3150802B0002048DEF7EDF8012C17D014F0FD0F0CBF1F
S3150802B01001250025ED01092007F09FFE044670B3BD
S3150802B020194E012196F85B20DDF752F838B1204611
S3150802B03004B0BDE87040DBF7E4BCC025EBE70823A3
S3150802B0400321204606F5C272DDF70BF80028EED179
S3150802B0502A460E212046DDF73BF80028E7D10522CD
S3150802B06012212046DDF73FF80028E0D16846E0F7CE
S3150802B070CCFF69462046F3F709FA0028D7D104B06F
S3150802B08070BD00BF6C3F0020E83D002030B5CDB052
S3150802B0900BA807F003FF1F480BA9DEF779FCB8B91E
S3150802B0A001A90BA8DEF7FCFE90B91B4901A8DFF738
S3150802B0B069FB002811DD33210BA8DEF75DFC34217C
S3150802B0C00BA8DEF759FC012214480BA9DFF796FBF9
S3150802B0D01048DEF70FFD4DB030BD05210BA8DEF78F
S3150802B0E0EFFA0028F4D0821C03AD00F112032C46B5
S3150802B0F010685168083203C49A422546F7D10848AF
S3150802B10007A9F3F751FD03A907A8DBF763FB002894
S3150802B110D1D0DDE7583B00203C3B00202C3B0020E9
S3150802B120C03B00202DE98048AFB0E6F76BFADFF89E
S3150802B130B482AB4B1B6803F5005292F83826002AF4
S3150802B14075D1A74B00241B6810940193012388F834
S3150802B150803098F8803003F0FF0753B180222146E9
S3150802B160A04811F047F8A048C568002D72D188F8A2
S3150802B1708050F6F7B4FCEFF3108072B69B4B5E88EC
S3150802B18012F045FD002E40F0D2804FF4F85012F02E
S3150802B190DFF818B34FF4807012F0DAF8944D0446CB
S3150802B1A0002800F00D862B6831461B684FF4807024
S3150802B1B01B78904C13F0200F08BF002412F0B0F849
S3150802B1C0324600232868C0E90433836A03F500532C
S3150802B1D093F8383613B12146FFF7FCFA864B1868FE
S3150802B1E028B18368019A9A4201D1F6F7B7FC8349D6
S3150802B1F0A1F12400F6F7BDFA002800F006867F4979
S3150802B200A1F12400F6F7B5FA0446002840F00786AD
S3150802B2107B49A1F12400F6F7ACFA0446002888D047
S3150802B22020467849F6F7BCFA20467549F3E7002521
S3150802B2305C685D60002C84D06068844204D1204634
S3150802B2402368656098477CE74368636003684560DE
S3150802B2509847F1E780226349006810ABA84788F847
S3150802B2608040002885D1BDF840605E4DDFF8B49174
S3150802B270654C4644AE427FF67CAF2B780D2B28D020
S3150802B28011D8082B11D00A2B1FD02388B3F5FF7FBC
S3150802B29048D80121284607F0DDFF23882A78591C59
S3150802B2A0218043440EE07F2BEFD12388002B39D02F
S3150802B2B00321564807F0CEFF00222388013B9BB2A2
S3150802B2C02380434483F882202CE098F881300D2BA2
S3150802B2D028D00221484607F0BDFF002210462388DF
S3150802B2E008EB030181F88220494919442BB902B1B6
S3150802B2F02380484B186880B9FEE711F801CDBCF1E6
S3150802B3000A0F02D0BCF10D0FF1D15A1E93B218FAE8
S3150802B31082F282F882003A46E8E73D49EBF768FF8F
S3150802B3200023238015F8013B88F88130A2E74FF005
S3150802B330000388F88232EFF3108072B62B4B5A88D4
S3150802B34012B912F064FCFEE7284C013A2388254616
S3150802B35004EB8301D1F80C90A1880133B3FBF1F415
S3150802B36001FB14336A802B8012F051FCB9F1000FED
S3150802B370E9D0294D99F80C30EA7DC3F3800363F3CB
S3150802B3804102EA7599F80C30002003F0FB0389F8AC
S3150802B3900C30EA7DDB0963F30002EA7599F80C3092
S3150802B3A003F07F0389F80C3099F80130AB714B46EC
S3150802B3B013F80C2BAA802B6099F90330174A6B7580
S3150802B3C0137099F80230164AAB751370D9F804301F
S3150802B3D0D9F80810AB6212F091F8019B23BBFEE77D
S3150802B3E09C4F00204859002010190020C047002011
S3150802B3F074470020804400207C470020D84400205F
S3150802B400FC440020F5640008A04F002096150408A5
S3150802B410CA5900206050002050440020AD47002041
S3150802B420AC470020941504089B4B28461A789B685B
S3150802B4302A752B61DDF781FD88B10378C3F3830290
S3150802B440032A0CD19F070AD4286807F0E2FEAC88C3
S3150802B45000F44050092C02D9002800F0DA82019B38
S3150802B46003F5005393F83836002B00F0D2828B4C42
S3150802B47098F88272D4F89C3E002B00F0C28087B3FB
S3150802B480B4F87C3E9E0606D5EB7D980703D5297D42
S3150802B490286901F003FC00238DF824308DF830303A
S3150802B4A0D4F8683F0133C4F8683F083F152F00F205
S3150802B4B07D81DFE817F067047B017B017B017B0155
S3150802B4C07B017B017B017B016D0473047904E40033
S3150802B4D07F04C7007B017B017B017B017B017B012A
S3150802B4E039023946D4F8A02E6D489847B4F87C3EFE
S3150802B4F0990608D5EB7D9A0705D5297D286901F0B5
S3150802B500CDFB002FC7D1B4F8E83E002B40F083806C
S3150802B510FBF7ACFD00238DF824308DF83030D4F8D3
S3150802B520683F0133C4F8683F94F8483ED90740F1AA
S3150802B5303D815B48DDF7E3FC07460028B5D107A93C
S3150802B5405748DDF781FE56480AA9DDF755FE9DF8EC
S3150802B55024A0BAF1000F65D007A801F04DFF0646F0
S3150802B5609DF830B0BBF1010F5ED0BBF1020F6FD070
S3150802B5704B480DF10E01DDF73BFA48B94FF6FF725B
S3150802B580BDF80E30934203D0B4F8502E9A4259D1E0
S3150802B590BAF1010F63D0BAF1020F6AD05946BDF863
S3150802B5A0280007F0A9FC00286FD0D4F8703F0133B1
S3150802B5B0C4F8703F286807F03DFE002800F01381A2
S3150802B5C0374804A9DDF7B2FA9DF81030052B40F08A
S3150802B5D0D98310A93248DDF7C9FA314805A9DDF73A
S3150802B5E0B5FA9DF814B0BBF1080F5FD0BBF1100F86
S3150802B5F000F09780BBF1000F40F0C483294A07A9DF
S3150802B60091E0B4F87C3E9E067FF57BAFEB7D9B0707
S3150802B6107FF577AF71E7EB7D980744BFAB68C4F84F
S3150802B620F83E75E756469BE7BDF82830B4F8822EF1
S3150802B6309A429DD094F8482E520703D54FF6FF72C8
S3150802B640934295D0D4F88C3F0133C4F88C3FE0E19D
S3150802B65015490AA8DDF790FD002889D1F2E7002EE0
S3150802B66000F0A2833068716807AB03C302238DF822
S3150802B67024300D4907A8DDF77FFD00288ED0D4F8BF
S3150802B6809C3F0133C4F89C3FC3E1D4F86C3F0133B5
S3150802B690C4F86C3F8EE700BF08590020E82D002049
S3150802B6A050440020103C00206E3C0020002E00F082
S3150802B6B06983B4480DA9DDF7B6FB9DF83430D4F892
S3150802B6C0DCAD013BDBB20AF07F0293428DF83430DF
S3150802B6D022D00AF1FF3202F07F018B421ED00AF114
S3150802B6E0010A0AF07F02934240F04C83A64AB37FCE
S3150802B6F003F00F03072B0DD1B369534500F24283BA
S3150802B70008D1109BF168581C814200F013819942B6
S3150802B71000F2388307A908E09C4AE8E792469C4A61
S3150802B720E5E79C499C4A4FF0000A9648DDF7ACFCCF
S3150802B730002840F02783BBF1080F54D1B37FDFF806
S3150802B74060B203F00F03072B36D09BF85030DB07A5
S3150802B75000F1FB80002730468A4901F057FAD5F8EE
S3150802B76000A0504607F066FD002844D085480DA97A
S3150802B770DDF7ECF99DF83430082B3CD1B37F03F0A2
S3150802B7800F03062B04D0072B35D0012B40F00C8370
S3150802B7909AF8003003F00703032B07D110A801F02B
S3150802B7A014FA18B99DF84030042B24D0D4F8A83FCF
S3150802B7B00133C4F8A83F2CE1B369726953451CBF2B
S3150802B7C0C6F818A03061109B0133934288BF736193
S3150802B7D0F360D4F8DC3D9A45B7D9032251466F483F
S3150802B7E0F0F79EFFB1E76E4B93F85030D80700F199
S3150802B7F0AC80002EAFD194F8493E022B00F0B580FA
S3150802B800062B00F0CF80012B40F0D980D5F800A096
S3150802B8109AF8001011F0070140F0A780D4F87C3F8F
S3150802B8200133C4F87C3FD4F8703E002B7AD010AEB0
S3150802B8303C2230468DF83C1010F0DCFC9AF80030B9
S3150802B8405B076FD10DF1340A51464E48DDF7FCFC11
S3150802B850002867D19DF83C30022B63D19AE8030091
S3150802B86086E8030047480DF17201DDF729F920B190
S3150802B87044480DF17201DDF7BBF8AB7941488DF802
S3150802B88076306B7D8DF87730AB7D8DF87830DDF7C5
S3150802B89066FB82463B48DDF750FBBAF11D0F0546AB
S3150802B8A03AD940F6FF7302889A4235D183789BBB10
S3150802B8B0C3788BBB0379032B2ED142799DF8793055
S3150802B8C0120962F303038DF87930427905A962F306
S3150802B8D086138DF8793043799DF87920C3F3C0032E
S3150802B8E063F30412831D0593102312A88DF8792099
S3150802B8F08DF81830DEF7DDFD12A810F07FFD01463F
S3150802B90012A8DBF787FD68B1D5F81630CDF859309D
S3150802B910D5F81A30CDF85D303046D4F8703ED4F8F2
S3150802B920741E9847002F74D0D4F8903F0133C4F898
S3150802B930903F6EE094F8493E062BF5D1184B1D2729
S3150802B94093F85030D9077FF506AF154B286893F858
S3150802B95050206FF3C60283F8502007F05AFCC2063D
S3150802B9607FF547AF06F0D6FF43E794F8582E94F8CA
S3150802B970523E9A4223D0D4F8843F0133C4F8843F16
S3150802B980D0E700BF50440020AC3C00209C3C00207D
S3150802B9908C3C00208C1504089C3D0020C03B0020EE
S3150802B9A0E83D00209DF830303BB1A848DBF7F5FEAC
S3150802B9B0002384F8493E04F09FFA002FB4D12B687D
S3150802B9C01E7806F00706012E00F0C680032E07D061
S3150802B9D0002ED0D1D4F87C3F0133C4F87C3F22E054
S3150802B9E010A801F0F2F89DF84030042B16D0072B68
S3150802B9F040F0AC80D4F8803F0133C4F8803F94F815
S3150802BA00483EDC0705D5D80603D531469048DCF70B
S3150802BA1061FF484606F0C8FFFFF7ADBBD4F8783F8A
S3150802BA200133C4F8783F00238A4E8DF868308DF8C2
S3150802BA3072308DF8B030337A990740F183808648A0
S3150802BA40DDF77BFA82468448DDF789FA18A9ADF84C
S3150802BA5044008148CDF840A0DDF7F6FB002871D1F5
S3150802BA600DF16A017C48DDF7C7FB0146002869D15A
S3150802BA70182212A810F0BEFB774812A9DDF720F8A3
S3150802BA8018B1754812A9DCF7B3FF73480DA9DCF79C
S3150802BA90AFFF18B1BDF84830ADF834304FF6FF7233
S3150802BAA0BDF8343028689A1A534253419DF84D20FE
S3150802BAB063F341028DF84D2007F0BCFB80B166485E
S3150802BAC00DA9DDF743F89DF8343013F0F70F0CBFD4
S3150802BAD0012200229DF84D3062F300038DF84D30A5
S3150802BAE0AB79DFF87CA18DF84A306B7D8DF84B3047
S3150802BAF0AB7D8DF84C30D6F8D834534512D09DF824
S3150802BB004D30DB070ED596F85930022B0AD118A804
S3150802BB1001F072FCAAF58A63834203D1AAF10800EE
S3150802BB20F0F7EAF82B681B7803F00703012B09D113
S3150802BB30BDF84420109B042A14D91A7802F0C002D0
S3150802BB40802A10D14248DCF782FEEBE6D4F8843F1D
S3150802BB500133C4F8843F66E7D4F8743F0133C4F866
S3150802BB60743F60E77ED11A7802F0D802C02A7CD1E7
S3150802BB70002310A905A80493F0F772FF002840F0E5
S3150802BB80DC80BDF81850002D40F0A480BDF8146082
S3150802BB9004AA314610A8FBF7ADFA002840F0CD807A
S3150802BBA0049D6B89B34200F2C88031462846DAF70B
S3150802BBB049FF002840F0C180BDF8163028466B615F
S3150802BBC0F0F7CCF8BDF8483005F12C006B829DF8E9
S3150802BBD04A302B729DF94B10F0F796FE05F12E00AE
S3150802BBE09DF84C10F0F7B5FE9DF84D302846C3F384
S3150802BBF0400203F001035B0043EA0223AA8822F407
S3150802BC0081721343AB8002F0E1FF002840F0958071
S3150802BC1094F8483E580704D42B79990701D5FBF7BF
S3150802BC204BFA0E48294606F0A9F9002001F00AFB4C
S3150802BC30049DAA896B899A4284D329460748DBF769
S3150802BC4088FA284608F008FB7CE700BF003D00207A
S3150802BC50303C0020E83D002050440020C83D00202A
S3150802BC60B8420020002A3FF46DAF1B7803F0E003C8
S3150802BC70602B7FF467AF00210DAA10A80D91FBF780
S3150802BC8039FA28BB0D9DBDF8483005F12C006B82A8
S3150802BC909DF84A302B729DF94B10F0F735FE05F1E7
S3150802BCA02E009DF84C10F0F754FE9DF84D302846AC
S3150802BCB0C3F3400203F001035B0043EA0223AA88A6
S3150802BCC022F481721343AB8002F080FF0028B8D0B9
S3150802BCD00D9833E0D4F8E01F0DA807F074F90D9B10
S3150802BCE0FBB1BDF814205989914215D1BDF8160049
S3150802BCF05A69824210D19A8995420DD1BDF84420DB
S3150802BD002A448A4208DC19799DF84D20C1F340017C
S3150802BD1002F00102914203D00DA8DAF76CFEDEE7C3
S3150802BD20049394F8483E049D5A070DD475B99DF8B4
S3150802BD304D30DB0701D5FBF7BFF9049800283FF41D
S3150802BD4001AFDAF75EFEFDE6002DF6D0BDF8443007
S3150802BD50109A2846A989DBF786F82846BDF84410C2
S3150802BD60DAF7F5FE9DF94B1005F12C00F0F7CCFD3C
S3150802BD7005F12E009DF84C10F0F7EBFD2846EFF77B
S3150802BD80EDFF55E7D4F8A03F0133C4F8A03F40E6DB
S3150802BD90D4F8A43F0133C4F8A43F3AE6D4F8943F52
S3150802BDA00133C4F8943F34E6D4F8983F0133C4F813
S3150802BDB0983F2EE6D4F8883F0133C4F8883F28E630
S3150802BDC04FF4007011F0C4FA064638B121464FF412
S3150802BDD0007011F0A5FA0F22FFF7F3B94FF480604D
S3150802BDE011F0B6FA044640B131464FF4806011F0BC
S3150802BDF097FA34460E22FFF7E4B901464FF480500B
S3150802BE0011F08EFA0B22FFF7DCB90949A1F12400D9
S3150802BE10F5F7AFFC00287FF4F2A9FFF78AB92046A6
S3150802BE200449F5F7BDFC20460349FFF7EBB900BF05
S3150802BE30FC440020DD640008D844002000F0F0032A
S3150802BE40E02B19D100F00E000E2819D8DFE800F011
S3150802BE50091808180E1810181818181818181200A1
S3150802BE602B200870002070471120FAE72C20F8E7EB
S3150802BE703C20F6E72920F4E700F0F800F028F3D092
S3150802BE8006207047F7B500F1310525F00105AB89A3
S3150802BE9004460B2B0F4616463DD8C3F10B031B016E
S3150802BEA00C29DBB21DD8C9B20DF101020B43694652
S3150802BEB08DF800306389521A3B4413FA82F3B3F5BC
S3150802BEC0007F26D2204692B2DBF70FF838B90B2349
S3150802BED03A4631462046AB81DBF707F8E8B103B0AC
S3150802BEE0F0BDB1F5867F07D8A1F10D028DF80120C4
S3150802BEF00D210DF10202D9E76FF486728A18C2F390
S3150802BF0007218DF801108DF802200E210DF103028A
S3150802BF10CCE70320E3E70720E1E763892B82DEE724
S3150802BF2013B500241C2001A9019406F0B9FA00B140
S3150802BF300194019802B010BD064890F8483EDB0706
S3150802BF4005D500F6586100F65C60DCF7D5BB0B2018
S3150802BF50704700BFE82D002070B50B4CE36C04F166
S3150802BF604405AB420ED006F02BF8E66B864209D1A1
S3150802BF70DAF76FFCE26BA06301462846BDE870401B
S3150802BF80DBF792BB70BD00BFE83D002010B5044642
S3150802BF90F4F7B6FC002C00DAFEE721180248BDE8E1
S3150802BFA01040DBF743BE00BFC43C002073B51546FC
S3150802BFB0044678B10222DAF785FD02216846F5F7CA
S3150802BFC084FD022269462046DAF79CFD30B12046F6
S3150802BFD0DAF717FD0024204602B070BD114B53F85C
S3150802BFE025502B461E4613F8012B7AB9284610F01F
S3150802BFF005FA2A4681B22046FFF744FF0028E6D111
S3150802C0002046DAF78FFF0028E5D0E0E72F2AE9D1A4
S3150802C010711B2A46204689B2FFF734FF0028D6D17B
S3150802C020751CDEE79805040870B50C4600268B7960
S3150802C03086B005462A4904F108008DF804308DF8C1
S3150802C0400560DAF7C7FB50B340F26D238DF80A6034
S3150802C050ADF80830234A02A892F83037591C8DF8F1
S3150802C0600B3082F83017E0F77CF8831C13F00703CD
S3150802C07023D102A8E0F775F802A902462846DAF79C
S3150802C080CAFF50BB0222284601A9DAF7C4FF20BB21
S3150802C090A388A0715BBA08335BBAA3801DE040F29D
S3150802C0A06D43ADF8083040238DF80A300E4BB3F8CD
S3150802C0B05C305BBAADF80C30CCE7C3F10803D9B2F1
S3150802C0C004A8E0F777F804A8E0F74BF804A90246B3
S3150802C0D02846DAF7A0FF0028CBD006B070BD00BF0D
S3150802C0E068400020E82D0020E83D0020002200B527
S3150802C0F089B0049209224FF400330792ADF818006A
S3150802C10008AAADF80C0012E903008DE803000293B1
S3150802C11002AA07CAF8F706F809B05DF804FB2DE982
S3150802C120F0431E4B054693F838368846164685B0C0
S3150802C13093B3FFF7DBFF08B12D281ED136B30024CF
S3150802C1404FF4003901AFCDF80490ADF808500394C6
S3150802C1506B4697E80700F7F725FA2D2811D13846D6
S3150802C160CDF80490ADF808500394F5F7F3FD33467D
S3150802C170014642460A48F7F747FF2D2807D9012004
S3150802C18007E00134092CDED1012000E02120054B0D
S3150802C190185C05B0BDE8F0831120F8E7E83D0020F9
S3150802C1A0A8480020A4160408F0B58DB004460D462A
S3150802C1B01E46129F002B3FD0002F3DD01F49204B11
S3150802C1C0002A08BF0B460360002309A9C0E9013308
S3150802C1D003622846E2F788FA60BB2046099911F0FD
S3150802C1E048FD1021204611F044FD69462846E2F72B
S3150802C1F054FBF8B969462046E2F78CFB284603A9A0
S3150802C200E2F762FBB0B9204603A9E2F783FB06967A
S3150802C21001260C4D204606A907960895E2F77AFBF1
S3150802C220204609A909970A960B9511F02BFD204677
S3150802C23011F012FA0DB0F0BD2120FBE7000100044F
S3150802C24000010104100000202DE9F04794B00446CD
S3150802C250DDE91D65DDE91F789246894629B96FF041
S3150802C2608604204614B0BDE8F087002AF7D0002ECF
S3150802C270F5D00DB9002FF2D12388B3F5105F4DD151
S3150802C280282200210DEB02000FF0B4FF2022002124
S3150802C29002A80FF0AFFF0AA811F0E4FC00283AD171
S3150802C2A020465246494602ABE2F70FF804460028F2
S3150802C2B0D7D1029B23F00802102A01D0202BCED117
S3150802C2C0AE4221D206F110039D421DD20F2FC6D9C6
S3150802C2D031461022284610F015F82E46334600221B
S3150802C2E0009502A90AA8FFF75FFF064678B13A4603
S3150802C2F0002128460FF07EFF0023012EC8F80030E1
S3150802C30009D16FF08B04ACE70F2FE7D8A7E7102304
S3150802C310C8F80030A5E76FF09204A2E76FF085042B
S3150802C3209FE773B50223154601AA0446E3F7D9FA2D
S3150802C33018B9019B1BB96FF0630002B070BD226881
S3150802C34092F90020002AF6DB06462268117839B1EE
S3150802C35006B10193042BEED809D10B06EBD406E0FD
S3150802C3600132013B4FF001062260EED10193002310
S3150802C3702B60019B013BE0D322682E6812F8011B51
S3150802C38041EA062129602260F4E773B505460846A4
S3150802C3900C46F0F78BFB1F4B7DB9A27C657422F025
S3150802C3A0030242F00302A27403F5127303CB40237D
S3150802C3B020606160237402B070BDD3F8342393F809
S3150802C3C038331344CDE9002301216846F1F72EF9E3
S3150802C3D006460028EFD0F0F719FF0028F4D0837834
S3150802C3E003F00F039D42EFD1A37C214643F00203DB
S3150802C3F0A3748378A27CC3F3001363F30002A274C6
S3150802C4008378304603F00F03637402B0BDE87040C8
S3150802C410F0F7F2BAE83D00202DE9F0478CB0044661
S3150802C4208A4618460DF1060190461D46DAF7D9FAEC
S3150802C430074620B1062738460CB0BDE8F087BDF896
S3150802C440066006F46043B3F5C04FF3D1330640F1F4
S3150802C4508F80284601A9DAF7C2FA0028EAD19DF8A0
S3150802C46004904FEA191009F00F0902A9FFF78DFF88
S3150802C470484607A9FFF789FF24220021201D0FF04D
S3150802C480B9FE002360226370A370E37006F4C053FA
S3150802C490B3F5C05F227036D0AB88002BCAD02B68A2
S3150802C4A030051B784FEA930303F0300363700ED40A
S3150802C4B001A92846DAF793FA9DF804202178C2F3EF
S3150802C4C083030B432370637843EA82136370F10490
S3150802C4D019D4AB88022BADD92B6862781B7803F086
S3150802C4E00F03134363702B68A2785B781343A37018
S3150802C4F02B68E2789B781343E370AB882A68033B80
S3150802C50003322A60AB8016F4806933D1284601A922
S3150802C510DAF765FA00288DD19DF80430A3714B46E7
S3150802C5208AF8003006F44073B3F5007F24D0B3F5D9
S3150802C530407F23D0B3F5807F22D0284601A9DAF7B7
S3150802C5404EFA00287FF476AF9DF80430E37106F0C0
S3150802C5503003202B47D015D8EBB1102B3AD07306EF
S3150802C56049D46FF0010323726FF07F0363721DE0F3
S3150802C57081467AE70123D3E74023E7E7FF23E5E786
S3150802C5800123E3E7302BEAD1404604F1100202A95F
S3150802C590F0F73DFAE3E7720608D41022284604F1BA
S3150802C5A00801DAF708FA00287FF444AF310706F0E3
S3150802C5B003026DD4022A4FD0032A56D0012A25D067
S3150802C5C073073FF537AF102204F118012846DAF748
S3150802C5D0F2F986E0082204F110012846DAF7EBF9A7
S3150802C5E00028BCD026E7FF23E374FE230222237524
S3150802C5F004F11601F1E79DF81A3098077FF51AAF8C
S3150802C60002A904F10800DFF729FDCFE7082204F1A1
S3150802C61020012846DAF7CFF900287FF40BAF760710
S3150802C6202BD46FF0010323766FF07F036376B9F19B
S3150802C630000F3FF400AFAB88002B3FF4FBAE2B682C
S3150802C6400DF105011878FFF7F9FB00287FF4F2AE21
S3150802C6509DF80530A371EEE6FF2384F82330FE2306
S3150802C66004F1260184F82430D3E704F1200207A94D
S3150802C67008F10A00F0F7CBF9CEE79DF82E309807B5
S3150802C6807FF5D8AE07A904F11800DFF7E7FCCEE775
S3150802C690FF237107237627D4022A0FD0032A19D03B
S3150802C6A0012A90D1284604F11901DAF798F90028E7
S3150802C6B07FF4C0AE052204F1230187E7284604F178
S3150802C6C01901DAF78CF900287FF4B4AE032204F1D3
S3150802C6D025017BE702232846637604F12701DAF768
S3150802C6E07EF90028A3D0A5E6002A7FF4A3AE9DF81A
S3150802C6F02E309B077FF59EAE0222284604F11901C9
S3150802C700DAF759F900287FF495AE9DF82C30042201
S3150802C710E37607AB03CB2162E06104F1240155E716
S3150802C72073B50C460023054669462046ADF8023025
S3150802C730ADF80430DAF753F9D8B99DF8006006F077
S3150802C740F803F02B15D12846DAF772F806F0030338
S3150802C750022B3CD0032B4AD0012B20460DF10201B5
S3150802C7600AD0DAF73EF920B9204601A9DAF739F9EB
S3150802C770A8B1062002B070BDDAF733F90028F8D15D
S3150802C78020460DF10101DAF72AF90028F1D19DF8C0
S3150802C79001306FEA03536FEA1353ADF80430BDF85C
S3150802C7A002305BBA2B80BDF804305BBA6B809DF809
S3150802C7B000305B07DDD420460DF10601DAF711F9E0
S3150802C7C00028D6D1BDF806305BBAEB80D2E7204600
S3150802C7D00DF10101DAF703F90028CAD19DF80130F3
S3150802C7E06FEA03536FEA1353ADF80230BCE72046EB
S3150802C7F00DF10101DAF7F3F80028BAD14FF2B003C6
S3150802C8009DF8012043EA121102F00F02ADF8021058
S3150802C8101343C2E72DE9F04F8FB005468946904685
S3150802C8201C468789134604A80A460DF10101FFF73B
S3150802C830F3FD00283FD12822284604A9DAF755FB3A
S3150802C8400646C0BB28212846DAF781F9B2469DF882
S3150802C850013083B9002C00F0DB80283CE41B391D2B
S3150802C86064BAA4B20223284602AA89B2ADF80840DD
S3150802C870DAF7F9FA20E0B8F80420E2B1D8F800109D
S3150802C8800B7803F0F000E02840F09E8003F00E00DB
S3150802C8900E2815D100230131013A8DF80130C8F866
S3150802C8A00010A8F804202346424649462846FFF7C0
S3150802C8B0B1FF0028CBD0062630460FB0BDE8F08F70
S3150802C8C003F0010340460DF103018DF80130DAF752
S3150802C8D086F80028EFD19DF80330DB075FD540467E
S3150802C8E00DF10201DAF77BF80028E4D19DF802304F
S3150802C8F0B8F804105A1C9142DDD3D8F8002001A9D1
S3150802C900D05CFFF79BFA0028D5D19DF802300222A7
S3150802C9100933DB08013B284601A98DF80530DAF709
S3150802C920E4FA0028C7D102212846DAF710F9284680
S3150802C9309DF80220D8F80010DAF7D7FA0028BAD1FB
S3150802C9409DF802B028465946DAF701F9B8F80430D4
S3150802C950D8F80020A3EB0B035A440BF1020B1BF089
S3150802C960070BC8F80020A8F804303FF470AFCBF1E3
S3150802C9700801C9B202A8DFF71DFC02A8DFF7F1FB1E
S3150802C98002A902462846DAF7B0FA002893D102A885
S3150802C990DFF7E7FB01462846DAF7D9F857E74046B4
S3150802C9A001A9DAF71CF8002885D140460DF10201E3
S3150802C9B0DAF715F800287FF47EAF9DF80220B8F85A
S3150802C9C004309A42A1D976E703F0F803F02B7FF4F4
S3150802C9D072AF414602A88DF801A0FFF7A1FE002812
S3150802C9E07FF469AF8CB9B8F80430083308225BBA09
S3150802C9F09BB228460DEB0201ADF80C30DAF775FA50
S3150802CA0000287FF458AF0821C5E7AB89E31AEDE79A
S3150802CA10B8F80440AB89283C1C441FE770B50223CA
S3150802CA200D461646DAF7DCF9044660B97378698862
S3150802CA300133B1EBC30F4FEAC30206D302212846DC
S3150802CA406A80DAF749FC204670BD0624FBE7012A0C
S3150802CA5038B504460D680DD000230B600068854280
S3150802CA6002D005F09DFF25602368002B0CBF03202A
S3150802CA70002038BD28466989DAF704FB054620688E
S3150802CA80A842EDE70D4B93F89636013B032B03D8E4
S3150802CA90DFE803F00409120F002070470078FF3818
S3150802CAA018BF012070470078A0F1FF035842584189
S3150802CAB070470830DEF729BD01207047E82D0020AF
S3150802CAC0002010B5124AD2F8CC3FD2F8EC1F23B98F
S3150802CAD0642894BF0020012010BD1A79D20713D505
S3150802CAE08B4211D05A79520902F00504012C0DD055
S3150802CAF052B95A8901307F2A80B205D960247F3A11
S3150802CB00B2FBF4F2104480B2DB69E0E70130FAE7DF
S3150802CB10E82D00202DE9F0411B4B9F79F4F7EEFF33
S3150802CB2018B17F242046BDE8F081184D2E683EBB19
S3150802CB301C20FFF7F5F94FF0800807830127C0E9A3
S3150802CB400266076080F804800446F4F7DAFF1023C9
S3150802CB50C000B3FBF0F31028C8BF3B4684F8148024
S3150802CB60204623612C60F5F7C1F848B9286838B120
S3150802CB700368012BFCD0047964B2F4F7EFFFD1E71E
S3150802CB80F4F7D2FFCDE700BF504400207C470020CF
S3150802CB9073B50A4E0A4D3146044628680FF0CAFC98
S3150802CBA0F4F7AFFF074B01940093C2000123314605
S3150802CBB028680FF0AFFC02B070BD00BF80470020A6
S3150802CBC0DC1D0020CD1302087047F8B50E4E054647
S3150802CBD03046DCF75CF9FF28044612D03768384637
S3150802CBE006F02EFB08B9013CE4B20748DCF740F927
S3150802CBF0B288631C0344934203DC00203B5D2B701E
S3150802CC00F8BD0620FCE700BF5044002073B50D4668
S3150802CC10044690F8246091F915102230EFF7ABFE1E
S3150802CC202B6800211A7895F9153002F0070200934D
S3150802CC30AB7D2046F0F72AFA0C4B06F0030693F86A
S3150802CC405920022A10D103F1800294420CD193F89A
S3150802CC50A43003F00303B34206D04FF0004002B0FB
S3150802CC60BDE8704005F050BA02B070BDE83D00203C
S3150802CC70094B07B5D3F8702E5AB17F2809D093F815
S3150802CC80581E8DF805008DF8041001A8D3F8741EF5
S3150802CC90904703B05DF804FBE82D002038B50E4D29
S3150802CCA0044695F8D83E8B4214D1D5F8003E9842F0
S3150802CCB009D3D5F8082E431C9342C5F8003E02D381
S3150802CCC00648EFF751FFD5F8D43E9C4224BF0134FB
S3150802CCD0C5F8D44E38BD00BFE82D0020403E0020DE
S3150802CCE0012110B581400020DAF714FB4FF4A07336
S3150802CCF003FB00F4084B93F88E2ED20709D5D3F816
S3150802CD00943E987905F09EF92046BDE81040FFF753
S3150802CD103DB905F0C3F9F7E7E82D002038B5A02399
S3150802CD200C4DEC685C4308B9F3F7EAFD2B69B3FBD3
S3150802CD30F4F204FB1233B0FBF4F204FB12002344B0
S3150802CD40181AB0FBF4F304FB1300A023B0FBF3F0AC
S3150802CD5080B238BD384400202DE9F04F054689B027
S3150802CD6005F04EF98C4C0146A54200D0FEE72A682A
S3150802CD708A4B9A4200D0FEE7237F98070DD4642394
S3150802CD8084F82C30A079F4F773FF0646002840F0A1
S3150802CD90FE80F4F7B3FE68B1FEE794F82C30022B56
S3150802CDA084BF023B84F82C3094F82C304F2BE9D8F8
S3150802CDB05023E5E731464FF4F85010F0B1FA217FD7
S3150802CDC0774B784D1020C1F38001A3622C6010F0D6
S3150802CDD0A7FA237F744FC3F3C003BB72FB6883B100
S3150802CDE0D5F80080D8F814305BB94FF0FF300FF051
S3150802CDF05FFD40F6B8322B68C8F810005A61012365
S3150802CE00BB72D5F80090FB68D9E904028BB199F890
S3150802CE101C10C9070DD41044A0301FFA83F8FFF777
S3150802CE207DFF07464846DCF7BBF810B1A0F802803A
S3150802CE300780286806F042FAEFF31188302383F355
S3150802CE4011880121022010F06BFAF4F757FE00B997
S3150802CE50FEE72B6803B9FEE79B884FF0000B8DF8B7
S3150802CE600B300123DFF854911A460DF10B01D9F85C
S3150802CE7000000FF0E3FC9DF80B202968023A002314
S3150802CE8092B20968D9F800000FF0D8FC474BCDF8E2
S3150802CE9014B006932B68CDF81CB093F82C202020EA
S3150802CEA08DF814201B6805AF93F800A0CAF3401A40
S3150802CEB010F04EFA50B105F033FF5946202010F013
S3150802CEC02FFA59464FF4004010F02AFA29684B699E
S3150802CED003BB102010F03CFA98B12A68344B117E35
S3150802CEE0997034490978D970917900975246D9F8D8
S3150802CEF000000FF029FB38B34FF4805010F0A0FD64
S3150802CF0022E029683B4652468979D9F800000FF093
S3150802CF1019FBF0E70022962004920A6989791344DC
S3150802CF20234AA3F59B7310820C320092019703934E
S3150802CF305246D9F8000003AB0FF008FB0028DBD1F4
S3150802CF400121402010F0ECF988F31188BFF36F8FA6
S3150802CF504FF4805010F0FCF9C8B1174D95F83836E1
S3150802CF60ABB1A5F58055D5F89C3E23B10121D5F87C
S3150802CF70A02E09489847B5F87C3EDB0707D42068F7
S3150802CF8006F052F918B14FF47A50FEF7FFFF304611
S3150802CF9009B0BDE8F08F00BFD84E0020084F002028
S3150802CFA0E81D0020744700203844002020A107000D
S3150802CFB014630020FE630020E83D0020DC1D0020EB
S3150802CFC010B5154C94F87E3E032B23D1B4F87C2E6B
S3150802CFD0D4F8943ED20613D5042384F87E3ED4F8B8
S3150802CFE0940EFFF7B9FE0D2808D1D4F8940E4369BA
S3150802CFF02BB10023C0E90433FFF7AEFE50B1FEE7BA
S3150802D000987905F01FF800B1FEE794F87E3E042BE6
S3150802D010E5D0E1E710BD00BFE82D00200E4B93F8DE
S3150802D0207E2E93F87F0E032A1CBF032283F87E2ED8
S3150802D030D3F8942E117E69B1127F52070AD5B3F836
S3150802D0407C3E03F00C032BB90330C0B2052828BF77
S3150802D050052045E6B4E700BFE82D002037B5234C86
S3150802D06094F87E3E052B3FD0D4F8945E286806F0E5
S3150802D070E1F870B32B7FD8062BD428460DF10701A9
S3150802D080DBF764FD28BB2B7FD90704D4284694F81E
S3150802D090D81EDBF7DCFEB4F87C3E9A0619D49DF856
S3150802D0A00730082B15D1D4F8940E114B8360037FF1
S3150802D0B0DB0709D4D4F8D45E2946DBF767FD284690
S3150802D0C094F8D81EFFF7EAFD0A49D4F8940EDBF75E
S3150802D0D06DFF002384F87F3E84F8803E84F8D93EAB
S3150802D0E003B0BDE8304099E7FEE700BFE82D00200F
S3150802D0F09C3C00206E3C00200C4890F84330032BE1
S3150802D10013D903F0FC02FC2A0FD0FC3380F8433013
S3150802D110DBB2032B09D890F8513001216FF30713BC
S3150802D12080F851303830DBF708BB7047E83D0020FD
S3150802D13030B5C3B0054601A805F0B0FE0E4801A9F0
S3150802D140DCF726FC044628B9352101A8DCF7B8FA2B
S3150802D15018B91724204643B030BD6946DCF7D0FF1C
S3150802D1600028F7D1054B009AD3F8543E13402B609A
S3150802D170002BEFD1EDE700BF2C3B0020E82D002065
S3150802D18030B5032200250B4B85B00446596801A821
S3150802D190019502938DF80C20DFF76AF8019B0BB90B
S3150802D1A005B030BD1A7D01A8A24208BF1D75EFF76A
S3150802D1B081FCF3E71C35002038B50D460446A8B1B4
S3150802D1C044220221D9F77EFC05F1310323F001033B
S3150802D1D05A8804F1310323F00103294620465A806E
S3150802D1E0D9F7AAFC28B12046D9F70BFC0024204619
S3150802D1F038BD2046D9F796FE0028F8D0F3E710B5D1
S3150802D200074991F874444CB1224601F26441D9F7B0
S3150802D2107AFB84428CBF0020012010BD2046FCE721
S3150802D220E83D0020012810B5044600D8FEE7DAF7E3
S3150802D2305EF8013C83B2B3FBF4F204FB1230013010
S3150802D24080B210BD01230C4A8340516C10B50B43C2
S3150802D250146D536402F148039C420CD1DAF747F87D
S3150802D26040F2E933B0FBF3F101FB13012046BDE8B6
S3150802D2701040DAF71EBA10BDE81D0020054B93F8D8
S3150802D2809E0010F00F0004D0B3F8A000831E584287
S3150802D29058417047E83D002010B51A4C024694F8EA
S3150802D2A05B309B0702D4FFF7E9FFA8B14FF6FE737E
S3150802D2B0B4F8581499420FD0B4F85A04D4F85C1446
S3150802D2C092B9B1F5967F38BF4FF496714808013086
S3150802D2D00939DAF71FF80BE00023C4F878340A484C
S3150802D2E0BDE81040EFF75ABD012809D9FFF79AFFA2
S3150802D2F0D4F878340BB18342F1D9C4F87804EEE74E
S3150802D3000120F5E7E83D00206042002073B5036876
S3150802D3101546027931B148781344023001445B1A42
S3150802D320DAB20B464AF6AA7600931344019305210C
S3150802D3306846F0F77BF90446B8B194F90230002B37
S3150802D34009DBD4F80300D9F702FBB042EFD1E3793F
S3150802D35004F1080101E0E378211D2A799342E6D314
S3150802D36028680FF079FF0028E1D1204602B070BD87
S3150802D370144B10B493F8432093F8514002F0FC0181
S3150802D380FC291CBF043283F84320002808BF082062
S3150802D39093F851201109814238BF014661F30712F9
S3150802D3A083F8512093F85030DB0707D50F2C05D8A0
S3150802D3B0012105485DF8044BDBF7BFB95DF8044B5C
S3150802D3C0704700BFE83D0020203E002010B50849FE
S3150802D3D00446EFF707FE40B920460649EFF702FE74
S3150802D3E00028044808BF002010BD0148FCE700BF1A
S3150802D3F0683E0020743F002007B5037A012B0DD141
S3150802D400038800200122019068468DF80020ADF8B5
S3150802D4100230FFF7DBFF03B05DF804FB022B18BFEF
S3150802D42000204FF6FE73EDE74FF4805370B50646BB
S3150802D4304B8001F10E000C461546FFF7DDFFB0B131
S3150802D440144B93F8683EDB0709D594F8213043F06C
S3150802D450020384F821304FF40053638007E090F802
S3150802D46030309907F7D45A07F5D41B07F3D47DB1A0
S3150802D4706B89B3FA83F35B0994F82120314663F387
S3150802D480820284F821202046BDE87040DBF7B2BB51
S3150802D4900123F1E7E82D0020F8B51F46174B06468B
S3150802D4A010461A7A0D469307C2F3400411D5FFF7C0
S3150802D4B0A3FF044668B1306805F0B6FE48B13046A7
S3150802D4C0DBF767FD38B1002F0CBF04200F2025B902
S3150802D4D0E5772046F8BD0420F9E70E2DF9D1E37F5A
S3150802D4E0A28B0133DBB2C2F30802E377002AF0D13A
S3150802D4F09842EED80248F0F7E1FAEAE7E83D00205A
S3150802D500403E00201FB5002348F2FE020B608DF84C
S3150802D5100C3003880C4623F47C53934202D0132022
S3150802D52004B010BD00F1080101A8DBF71CFE0223B6
S3150802D53001A88DF80C30FFF75FFF20600028EED0B7
S3150802D540038C032B34BF1B200020E9E7F8B50E46EF
S3150802D55000211D461960436A04468B42174622DBA0
S3150802D5600620134A05F016F92860F0B12146402232
S3150802D570D9F7BBFC044638B929686EB93846296812
S3150802D580DDF74BFC044628B1286818B1D9F739FAF1
S3150802D59000232B602046F8BD3046DDF7E7FB04463C
S3150802D5A00028EBD0F0E70724EEE70324ECE700BFF8
S3150802D5B066010408034B0146186800B9FEE7E8F756
S3150802D5C0E2BA00BF60500020F0B5C3B00F46054668
S3150802D5D001A81C46164605F061FC0023394601A837
S3150802D5E08DF80231DCF730FE9DF802012318FE2B76
S3150802D5F013D801AB2246314618440EF09DFE9DF81B
S3150802D600023128461C4401A98DF80241DCF722FBA7
S3150802D61008B9C5E9090043B0F0BD0320FBE7FE23BC
S3150802D62013B5ADF8023003680C460A4601930DF1AC
S3150802D6300201012301A8F4F725F818B9BDF802304A
S3150802D64084F8FE3002B010BD4FF440134FF4201296
S3150802D65030B58FB001930392002308220446009145
S3150802D6600B7004AD0DEB02018DF810300295DEF752
S3150802D67039FD2A466846238A0249D9F7BCFE0FB005
S3150802D68030BD00BFE2150408024670B501F108056F
S3150802D690082411F8010B538883EA002006B24300D6
S3150802D6A0002E98B2BCBF13885840631E13F0FF04BD
S3150802D6B0F4D1A9425080EBD170BD08B5074B93F857
S3150802D6C0383633B1FEF712FD2D2804D8044B185C00
S3150802D6D008BD1120FAE70120FAE700BFE83D00205D
S3150802D6E0A416040830B50446154A85B01068516870
S3150802D6F002AB002C03C304F1FF350ED1114B0734DC
S3150802D7009A6CDB6CCDE900232B4602AA12F8011D9E
S3150802D71003F8011FA342F9D110E02A460A4B0B4926
S3150802D72013F801098B4202F8010FF9D108222046A3
S3150802D7300DEB02010FF090FD0028DFD005B030BDD9
S3150802D740EA1504080080E00F0900E00F0100E00F67
S3150802D750024608B53821002005F01CF808B1002356
S3150802D760838108BD13B540F20133044601A8ADF81A
S3150802D7700430FFF7EDFF2246002102B0BDE8104053
S3150802D780FEF714BC10B504460448FFF7E1FF22462B
S3150802D790BDE810400021FEF709BC00BF6601040877
S3150802D7A038B503780446FF2B08BF91F825300D4695
S3150802D7B004BF43F0100381F82530DEF77CFC70B114
S3150802D7C028460949D9F749F82046103504F11003C5
S3150802D7D050F8042B984245F8042BF9D138BD28464F
S3150802D7E0F0F7C4FEF0E700BF384000202DE9F04309
S3150802D7F08DB08846074602A81C4616469DF85090E4
S3150802D800D9F744F84FF2BF03B8F1240FADF82A301E
S3150802D81033D12348FFF79CFF42460121FEF7C6FB98
S3150802D8200546002839D003795B075FBF0122437991
S3150802D83062F342034371B9F1000F22D1B8F1240F02
S3150802D84009D13B88212101339AB228463A80DAF770
S3150802D8504AFC0446E8B9304602A9FFF7A1FF169B1F
S3150802D860294600930F48159B02AADAF707F80446D9
S3150802D87078B920460DB0BDE8F0834046FFF782FF2F
S3150802D880CEE722464B461221DAF7EBFB044600287E
S3150802D890D4D02846D9F7B5F8EBE70324E9E700BF61
S3150802D8A066010408F835002008490246D1F8380707
S3150802D8B0034633B91061C1F838270548012104F037
S3150802D8C031BC9A4201D01B69F3E77047E82D002064
S3150802D8D01C35002070B506460C46D8F7BAFF054631
S3150802D8E024B120460521D9F723FD0446254475604F
S3150802D8F070BD0C4991F85B3083F008029B07C2F3AE
S3150802D900C0020CD491F89E3013F00F0005D0B1F87E
S3150802D910A000022894BF002001201043704700206F
S3150802D920FBE700BFE83D002073B505460F48D0F86F
S3150802D9303433C1B14A780232114490F83823134479
S3150802D940CDE9001301216846EFF770FE044638B1A7
S3150802D950E67828463246211DD8F7D5FF8642F1D801
S3150802D960204602B070BD1946E7E700BFE83D002031
S3150802D9702DE9F04F4FF0000A07469146564655469E
S3150802D98085B0DFF8C880019129460198FFF7CCFFD8
S3150802D990054640B9002E55D033885BBAA9F800303F
S3150802D9A005B0BDE8F08F294602A895F803B005F040
S3150802D9B097FFAB78BB42E7D10EB1D345E4D9002134
S3150802D9C002A8EFF733FE0028DED04378841C013B19
S3150802D9D0C2189442F3D87EB3D3452DD8A3789B09AF
S3150802D9E018F90310B3789B0918F9033099421FD125
S3150802D9F02346154933F8030BB1F85CC0318840BA9F
S3150802DA0080B249BA89B2604514BF4FF0000E4FF092
S3150802DA10010E614514BF002101218E4503D19A42A8
S3150802DA20CDD31C46D8E76045F9D1DA462646F6E74D
S3150802DA3004F10303F3DDF8E7264603349442DA4693
S3150802DA40CAD9BCE70420ABE7E83D002084000408F5
S3150802DA502DE9F84F13F0010804460E4617461D46EF
S3150802DA60DDF8289002D1043B0C2B55D9FEE7104667
S3150802DA701B0A421C002BFAD1C0B2022838BF022068
S3150802DA80C0F10F0A022818BF5FFA8AFA331E18BFB6
S3150802DA900123AA1E013852109B015FFA80FB43EA52
S3150802DAA0C2034BEA030352464946237404F11100A2
S3150802DAB00EF042FC3A460F2304F120019A452ED372
S3150802DAC004F1100211462046DAF77CFB26B14FF024
S3150802DAD00208637C734063745246494684F820B050
S3150802DAE004F121000EF028FC0AF121000021CAF1F6
S3150802DAF00F0220440EF07EFB0023C4E91137E364CB
S3150802DB00102384F854A084F855502664A4F850804B
S3150802DB10A4F85230BDE8F88F13464046A9E7013B00
S3150802DB2001F8012DDBB2120AC8E72DE9F04FA9B0B8
S3150802DB301F4614AB12930823ADF84C304B890128C3
S3150802DB40A3EB070406460D469046A4B202F1100A54
S3150802DB5007D1791D994200F28C80D0469246043C40
S3150802DB60A4B20DF11009484608F10801DBF7FBFAE1
S3150802DB7099E80300329B0DF1180B8BE80300D3F8E2
S3150802DB80010008A9D8F786FE05238DF82430329BB2
S3150802DB90DFF8E890D3F80500D8F7D9FED9F8DC2DD6
S3150802DBA00146824240D00AAA09F6D850EEF767FA29
S3150802DBB000220AA909F55F60DBF7EFFA09F55F6348
S3150802DBC0196812A805F0C3F9042322462A2112A8C5
S3150802DBD0CDF800B0FFF73CFF1022414612A8DAF74B
S3150802DBE002FB1022514612A8DAF7FDFA0A223299E6
S3150802DBF012A8DAF7F8FA394628460AAB0DF10E02E8
S3150802DC00ADF80E40D8F7C1FFBDF82C407CB90AA979
S3150802DC1012A8DAF7B8FBBEB9042228460AA9D9F728
S3150802DC2064F929B0BDE8F08F09F55E63C8E70A9A78
S3150802DC3012A8114623460096DAF712FB0AA90DF135
S3150802DC400E0004F0DFFADFE769890423043928465F
S3150802DC5000940AAA89B2D9F7CFF860B16989284629
S3150802DC60042994BF491A043989B2D8F7EBFE20462B
S3150802DC70D7E70620D5E70820D3E700BFE82D00201E
S3150802DC802DE9F0431E460023DFF8A890A1B00793BA
S3150802DC900F4690464B464FF4807207A9FAF7E9FCFD
S3150802DCA00446079814B1FAF7CFFC0DE04568D0E9A7
S3150802DCB008122D0A012D26D01D4B9D4223D04DB1A7
S3150802DCC0FAF7C2FC6FF0860400232046336021B0BF
S3150802DCD0BDE8F0831023CDE90047CDE90283049617
S3150802DCE008ABFEF7B1FA10F1860F044616D14C229C
S3150802DCF029460DA80EF07EFA0EA8CDF83090E2F766
S3150802DD00C8FE0798CFE71023CDE9028300230496BD
S3150802DD100093019708ABFEF797FA04460798FAF7B5
S3150802DD2093FC002CD0D10028D1D00446CCE700BF02
S3150802DD300200800000444004094A92F85030C3F3B6
S3150802DD40400181420AD060F3410382F85030DB0772
S3150802DD5004D5012102F13800DAF7EFBC704700BF9B
S3150802DD60E83D00204FF000639B6A03F17842B2F562
S3150802DD70C04F03D21968064A914203D000230370A2
S3150802DD8083607047012202709A689B694260F7E7CE
S3150802DD9007B0CD5E07B5054B0F2200930449182339
S3150802DDA0D8F791FD03B05DF804FB00BF5D3F01089B
S3150802DDB0C001040870B5461EC41C002206200D4682
S3150802DDC02B780131303BDBB2092B04D906F8012F37
S3150802DDD058B1062070BD02EB820203EB42039AB2E7
S3150802DDE0FF2A4FF00000EAD9F3E7A642287803D0C3
S3150802DDF02E28EED1691CE0E70028EBD0E9E72DE9E9
S3150802DE00F04F0B7880463A2B0C4685B024D14B78D6
S3150802DE103A2B1DD1002602344FF0000927785FFA03
S3150802DE2089F5002F4AD023464FF0000A1F4613F8F9
S3150802DE3001BB03A95846CDE90033D9F7A6FA68B952
S3150802DE409DF80C20009B02EB0A1ABAF5803FEDD327
S3150802DE50062005B0BDE8F08FFF26DDE7A742F7D01A
S3150802DE60BBF12E0F0CD1062DF2D82BD1214603A8D1
S3150802DE70FFF7A0FF0028ECD1039BC8F80C301FE07F
S3150802DE80BBF13A0F02D0BBF1000FE1D1B9F1080F8D
S3150802DE90DED09AFA9AFA28F819A03B783A2B03D1D7
S3150802DEA07B783A2B04D001373C4609F10109B5E7DC
S3150802DEB0FF2ECDD10135EEB20237F5E7082D1DD179
S3150802DEC00020C6E701274FF0060AFF2EC0D0AD1B79
S3150802DED0E8B2054608EB4606AAEB000031466A0098
S3150802DEE008EB40000EF00EFAAAEB090200213046B2
S3150802DEF052000EF07FF9002FE2D0B7E74FF0080A7A
S3150802DF00E3E72DE9F043044690461F4685B00C9E8A
S3150802DF101022B6F80C907589A5EB0905ADB2ADF8D5
S3150802DF200250DCF736FD102241462046DCF731FD69
S3150802DF302046290ADCF71EFD2046E9B2DCF71AFD5F
S3150802DF4000212046DCF716FD39462046DCF712FD8D
S3150802DF504946304601AB0DF10202D8F716FEBDF866
S3150802DF60082012B905B0BDE8F08320460199DCF70E
S3150802DF7010FD01A90DF1020004F044F9EFE7074B81
S3150802DF80D3F8343723B91720B0FA80F0400970471E
S3150802DF90984201D05B69F5E70020F5E7E82D0020F5
S3150802DFA038B504460D46FFF7EAFFA0B1A37C03F095
S3150802DFB001038B420FD0224600210748DEF705F9F6
S3150802DFC0A37C224665F30003A3740121BDE8384009
S3150802DFD00148DEF7FAB838BD1C350020024608B5F6
S3150802DFE0C37CDB0741BF0A4B03CB10605160104666
S3150802DFF0FFF7C5FF58B907480121D0F8343700F2B0
S3150802E00034705361BDE808400260DEF7DEB808BD29
S3150802E01030400020E82D002008B501200FF098F9BD
S3150802E02004F03CF840B9054B93F87E2E012A02D03B
S3150802E030012283F87E2E08BDFEE700BFE82D0020E8
S3150802E040012303FA00F20548436C23EA02034364F8
S3150802E05013B94830D9F7A1BB704700BFE81D0020A5
S3150802E0602DE9F04F504B064693F838368A469046C5
S3150802E0708FB0002B38D000234FF400370A93089745
S3150802E080ADF8240008AACDE9043307CA04ABF5F7AC
S3150802E09089FA0446002845D1DDF81090B9F1000F37
S3150802E0A07DD0484605A904F0FBF90446002839D173
S3150802E0B0059D002D75D00D900BA80B97ADF8306015
S3150802E0C0F3F748FE394E0146074607AB304606AA1D
S3150802E0D0F5F72AFA044628BB96F83430DDF81CB060
S3150802E0E043B92846DFF76CF81124314B185D0C2822
S3150802E0F02ED1FEE7B7F5801F04D32846DFF760F86E
S3150802E1002924F2E701213046F4F74DFE3946304616
S3150802E110284A0DF10F03F5F71AF9044648B1F06BD0
S3150802E12005F09CFA059808B1DFF74AF82D2C0ED8A7
S3150802E130DBE79DF80F30012B29D11E4B1B699B4546
S3150802E14009D0F06B05F08AFA2846DFF739F801207C
S3150802E1500FB0BDE8F08F00225B46294613480092AD
S3150802E16004F0A6F80446F06B05F078FA002CD9D12B
S3150802E170B8F8002029464A4528BF4A4650460EF0B6
S3150802E180DBF82846A8F80090DFF71AF8ADE7022B65
S3150802E190F06BD7D005F062FA2846DFF711F82D247E
S3150802E1A0A3E70124A1E700BFE83D0020A848002014
S3150802E1B0A41604087C48002037B5262500212A46DD
S3150802E1C004460EF017F8022384F824300023214669
S3150802E1D084F825300DF106020320ADF80650FFF744
S3150802E1E03FFF03B030BDF7B516460D460DF10602E0
S3150802E1F0314607461C46ADF80630FFF731FF48B9E7
S3150802E200BDF80630A34205D12246314628460FF00C
S3150802E21023F848B1224629463846FDF780FF0C28DE
S3150802E22000D1FEE700B1FEE703B0F0BDF0B5202449
S3150802E230CDB02B4B054612A80F46019304F074FE87
S3150802E24007200AAA02A9ADF82840FFF709FF70B10C
S3150802E250214602A8F3F739FC18B1214602A8F3F7BA
S3150802E26034FC202307200AAA02A9FFF7BCFF4FF4B1
S3150802E270807612A8DAF7DAF92A7C29460732D20812
S3150802E28012A8DAF7E1F9042212A80DEB0201DAF76D
S3150802E290DBF90122394612A8DAF7D6F9202202A9B1
S3150802E2A012A8DAF7D1F90AA912A8DAF7F3F90AAB2A
S3150802E2B003CBA860E96005F10800DDF7FAFA04461F
S3150802E2C038B13B78013E0133B6B23B70002ED0D14D
S3150802E2D0012412A804F01EFE20464DB0F0BD00BF70
S3150802E2E07770616E08B5002814BF0220012091F8E4
S3150802E2F0FE20FDF714FF0C2800D1FEE700B1FEE769
S3150802E30008BD10F1860F12D010F1850F0ADA10F146
S3150802E310930F0FD010F1870F0CBF6FF073004FF0F9
S3150802E320FF307047003818BF0120404270476FF02F
S3150802E330710070476FF06F0070472DE9F04F97B084
S3150802E3408A46984604460092002800F0A6800CA841
S3150802E3500FF088FC009A20B16FF0920017B0BDE862
S3150802E360F08F2379271D013B042B1BD8DFE803F026
S3150802E370030D222B370014264B4904F1100307F12B
S3150802E380040C04F1300BB14609E020264FF01C09B3
S3150802E390464904F1100307F1040C04F1300B402539
S3150802E3A04A4526D2D422002138460DF023FF6FF0C3
S3150802E3B08900D3E720263E4904F1100307F1040C2D
S3150802E3C004F1300BDFE740264FF03009394904F1F2
S3150802E3D0180307F1040C04F1580B8025E0E74026E0
S3150802E3E03549B14604F1180307F1040C04F1580B38
S3150802E3F0F3E70CF104020CEBD50E52F8040B0028D5
S3150802E40045D17245F9D1DCF80020013D1540CDE928
S3150802E4100C100E90294614900CA8019300920FF046
S3150802E42028FC009A0CA811460FF023FC019B45F024
S3150802E43000550393012346F00056049303A9059653
S3150802E4400CA8CDF818B007930895CDF824A00A931E
S3150802E45049F000530B93E0F75DFA06A90CA8E0F71A
S3150802E46059FA09A90CA80FF00DFC0CA80FF0F4F83C
S3150802E4700546D422002138460DF0BCFE4DB9237854
S3150802E480032B0DD120232846C8F8003066E70F254E
S3150802E490EFE7212D7FF460AF89E76FF086005DE72D
S3150802E4A06FF088005AE700BF000203030003030364
S3150802E4B00004030300050303000603032DE9F04FD6
S3150802E4C0A3B0054618A88B4691461E460FF0CAFB0E
S3150802E4D0804628B16FF09204204623B0BDE8F08F3B
S3150802E4E02B68102E28BF102613F47C1FC3F305428F
S3150802E4F002D0964228BF16464E4A23F47E1393420A
S3150802E50040F095802822002118A80DF073FE0023FA
S3150802E510CDE91433CDE916336B6B05F1040A0F2BDB
S3150802E52067D80023444A584611A9CDE918231A93F5
S3150802E5302093E0F7D9F80446002866D1119918A85D
S3150802E5400FF097FB6F6B18A80F2F8ABF07F00F0102
S3150802E550394610310FF08DFB584602A9E0F79DF9AE
S3150802E5600446002851D102A918A8E0F7D3F958465B
S3150802E57005A9E0F7A9F90446002846D105A918A86D
S3150802E580E0F7C8F901232D4ACDF820A009930A928B
S3150802E59007F00F02143542F000520B950F2F0C9319
S3150802E5A00D920E950F9347F0005310933DD90A9B8F
S3150802E5B008A923F0005318A80A93E0F7ABF90BA9A8
S3150802E5C018A8E0F7A7F9012314AD119512931B4B6E
S3150802E5D011A918A813930FF055FB18A80FF03CF8C9
S3150802E5E0044690B93246294648460DF0A5FEB0467D
S3150802E5F011E001225946CDF800A005F1240318A816
S3150802E600FDF7D2FD044600288BD0212C14BF6FF0EB
S3150802E61092046FF086042C9B18A8C3F800800FF0AA
S3150802E62021FB00283FF458AF54E70EA9C8E76FF05C
S3150802E630880451E70002C003000004041000002009
S3150802E6402DE9F04717469846354A036805461A40A3
S3150802E650B2F1607F0E46B4B04CD100225FFA83F95C
S3150802E66049F0007909F17E430A3B012B03923BD913
S3150802E67000F1DC0C634604AC00F58E7E224618686F
S3150802E6805968083303C273451446F7D1802200211C
S3150802E69060460DF10C0A0DF0ADFD5346802214A911
S3150802E6A0281DFFF74AFE0446D0B9C023039A0093F1
S3150802E6B004AB19464846CDF804A04032E0F708FEF6
S3150802E6C0044668B96D8815F03F0508BF039DAF4239
S3150802E6D00DD32A46304604A90DF02EFEC8F800507E
S3150802E6E0204634B0BDE8F0876FF08804F8E76FF08B
S3150802E6F08904F5E72022002104A80DF07BFD2946AE
S3150802E70004A8DFF741FF04460028E9D13B46324612
S3150802E7102846CDF8008004A9FFF7D0FE0446DFE7B5
S3150802E7200000C07F2DE9F043064685B018460D461F
S3150802E730914698460DF06AFE0746002862D0494679
S3150802E74040460DF063FE044600285BD0874259D244
S3150802E75028460DF053FE3B5C3D18202B08BF0135B9
S3150802E7602B780D2B08BF01352B780A2B4AD1484640
S3150802E7700DF044FE235C2218202B08BF01321378C1
S3150802E78001350D2B08BF013213780A2B08BF013257
S3150802E790A2EB08020C9BA4EB0508B8F1150F1A6048
S3150802E7A005DD162228461D490EF056FD60B3AC4219
S3150802E7B02CD900212B460846CDF8008003AAE1F79A
S3150802E7C0C7F82C3024D0039C24B321460120DEF757
S3150802E7D006FE074600B321462B46CDF8008003AA5B
S3150802E7E0E1F7B6F8044648B138460399F8F7ACFD9E
S3150802E7F0A4F58854204605B0BDE8F083039B37602C
S3150802E8007360F7E7064CF5E7064CF3E7064CF1E7C3
S3150802E810064CEFE7064CEDE7064CEBE7F315040862
S3150802E82080EFFFFF00ECFFFF00EFFFFFD4EEFFFFD4
S3150802E83080EBFFFF80EEFFFF2DE9F043002304463D
S3150802E8401046C5B0CDE92A332C93269130230144CC
S3150802E85025AA26A8E1F745F810B1A0F574503CE0C0
S3150802E860DDE925371F44394624AA26A8FDF759FDAE
S3150802E8700028F2D1249B012B40F0C7800423394695
S3150802E88025AA26A8E1F72DF80028E6D1DDE92565AF
S3150802E890AB199F4226932FD0A023394625AA26A82C
S3150802E8A0E1F71FF828BBDDE92523002A03EB020856
S3150802E8B040F3AD801B78062B2A9340F0AA80414686
S3150802E8C02BAA26A8E1F70DF850B1B0F5745004D179
S3150802E8D021462AA8F8F7EAFC70B145B0BDE8F083EC
S3150802E8E0269B2B9A2C93134498452693F0D04A4894
S3150802E8F0F3E710F1620FB0D1902204F110016846D5
S3150802E9000DF01AFD94E80F00F8F7C4FC33460146E9
S3150802E9102A460078E2F74CFE10B1B0F57450DCD105
S3150802E920269B9F423AD0A123394625AA26A8E0F774
S3150802E930D8FF78BBDDE925371F443946032325AAC4
S3150802E94026A8E0F7CEFF002887D1259911B96FF0DE
S3150802E950670082E74B1E2593269B1A78002AF6D172
S3150802E9605A1C0B449F422692C1D1D4F80480BB1A82
S3150802E97008F1680949464046E2F747F928B949467F
S3150802E9804046E2F740FA0028A7D010F59D4F05D079
S3150802E9902248A2E710F1620F7FF45FAF676827A9E2
S3150802E9A03878FAF7CAFB0446162200210DF1B6009A
S3150802E9B00DF020FC44F4E24401212DA8ADF8B44040
S3150802E9C0F3F7F5FA3246294628AB2DA8F9F70CFAD9
S3150802E9D020B145B0BDE8F043F7F74EBC289D29AAF9
S3150802E9E0284633A902F070FE04462846F9F7A4FE23
S3150802E9F00CB12046EDE70028EBD13846299B33AA0D
S3150802EA0007F16801E2F701F967E7054865E705488E
S3150802EA1063E7054861E700BF9AC2FFFF00C3FFFF2D
S3150802EA2080C2FFFFA0C2FFFF9EC2FFFF2DE9F0438F
S3150802EA308D188BB0064602913023294601AA02A8F0
S3150802EA40E0F74FFF10B1A0F574544FE0DDE9013746
S3150802EA501F446A46394602A8FDF763FC0028F2D12C
S3150802EA60009B002B40F08F80CDE90433069339468C
S3150802EA70302303AA02A8E0F734FF00283CD1029CFF
S3150802EA803B1B002B36DD237808AA0793039B02A8B3
S3150802EA901C4421460623E0F724FF68BBDDF80880FC
S3150802EAA0DDF82090CDF8248008EB09039C420293F6
S3150802EAB009D10C2104A8F8F73DFC3B4C2068002834
S3150802EAC051D13A4C12E018F8092001330492214632
S3150802EAD005AA02A80293E0F7D3FE68B9029B059A33
S3150802EAE0069313449C420293E7D0314C20460BB05E
S3150802EAF0BDE8F0832F4CF9E7B0F56A54F6D1042342
S3150802EB0039460DEB030202A8E0F7EBFE00289AD17C
S3150802EB10019F002F39D0A4F102085FFA88F8B8F1EC
S3150802EB20020FCED8244B53F828100029C9D03046F4
S3150802EB30F8F79AFB04460028D8D1B8F1020FC0D0DC
S3150802EB40314604A8F8F7B2FB044640B9DDF8088056
S3150802EB503A4641463046FFF76FFE044668B13046EC
S3150802EB60F8F70CFCC2E76368994504D14A46414660
S3150802EB700EF072FB58B11434A0E7104BB844454561
S3150802EB8018BF1C46B2E70E4CB0E70E4CAEE7247C23
S3150802EB90012CB4D1049B052B00D013B9059B002B7D
S3150802EBA0ADD0094CA2E700BFD416040880C3FFFF04
S3150802EBB01AC5FFFF20C5FFFF3C0404089AC2FFFFDF
S3150802EBC080C2FFFFA0C2FFFF80C5FFFF10B5037911
S3150802EBD00446C3F340019B0790B002D5002010B04B
S3150802EBE010BD3C2201A80DF005FB214601A8DDF760
S3150802EBF09BFA18BB9DF80A30112B0AD03A2B1FD064
S3150802EC00062B0CD11423282120460BAAD8F712F872
S3150802EC1004E0282120460BAADCF74FFC70B907A8A6
S3150802EC20DDF749FA50B11C4B93F85930002BD5D071
S3150802EC309DF80A30062B20D0112B07D00220CEE7EA
S3150802EC40282120460BAADCF738FCE7E744F64D41B3
S3150802EC50BDF82E2053BA8A429BB2BFD00F4A02F59C
S3150802EC60805191F8D61D01F6E96102EB41020C4981
S3150802EC708A42084606D1002008E0BDF82E305BBA63
S3150802EC809BB2EBE7048802319C42F1D1B0FA80F0DC
S3150802EC9040094000A3E700BFE83D0020E81D002028
S3150802ECA0BA3B0020F7B5074612200E4604F055F87F
S3150802ECB00546F8B1582330468DF80430D9F71EF8C0
S3150802ECC001A98DF805002846D9F7C8F9044658B9A6
S3150802ECD029463046D9F71CF8044628B93946284643
S3150802ECE0EFF7D4FB044610B12846D7F78AFE20462A
S3150802ECF003B0F0BD0324FAE72DE9F34106460720DF
S3150802ED000C4690461F4604F028F80546002850D0BF
S3150802ED10224643460D21D9F7A4F90446002844D1D0
S3150802ED2057B357238DF800307B79002B3BD0053338
S3150802ED30DBB2694628468DF80130D9F78FF90446C1
S3150802ED4098BB012128463A78D9F7C2F9044660BB2E
S3150802ED507B798BB10222284601A98DF804208DF809
S3150802ED600530D9F77BF90446F8B928467A79791C29
S3150802ED70D8F7BBF80446C0B92846EDF7B5FF0446EE
S3150802ED8098B931462846EFF781FB044668B90A4B1B
S3150802ED9093F85B301B0702D40820FEF7E9FA2046EF
S3150802EDA002B0BDE8F0810323C3E72846D7F729FE58
S3150802EDB0F5E70324F3E700BFE83D002038B504462B
S3150802EDC0F5F73EFDA04228D00EF066FB012C05465B
S3150802EDD002D12146F5F7A6FEEFF3108072B64FF080
S3150802EDE000710E4A0E4B51664FF48062611E8A40CC
S3150802EDF01A675A6E910103D4D3F88420920609D56C
S3150802EE000EF005FF022C08D12846BDE8384000213D
S3150802EE10F5F788BED3F88420EBE738BD00600050CA
S3150802EE200040005008B508B90EF036FBBDE80840A8
S3150802EE300220C3E7F7B50D46114605F108066A46EC
S3150802EE401C46089FEDF7E3FD31466846DBF738F8BE
S3150802EE5030B10020238843F03003238003B0F0BD8D
S3150802EE603046DCF752FB238848B143F0200323805F
S3150802EE70E989384649BA89B2D7F78FFDEEE743F0F2
S3150802EE8010030822314638462380D7F773FDE5E793
S3150802EE90F7B50D46114605F108066A461C46089F4F
S3150802EEA0EDF7B5FD31466846DBF70AF830B10020C2
S3150802EEB0238843F00303238003B0F0BD3046DCF712
S3150802EEC024FB238848B143F002032380E9893846A4
S3150802EED049BA89B2D7F761FDEEE743F00103082282
S3150802EEE0314638462380D7F745FDE5E72DE9F04157
S3150802EEF0014604463348DAF7E3FF00285FD1206863
S3150802EF006168304D304F03C5D7F83447A5F51476F6
S3150802EF10A5F61C3524BB2D4DD7F8384705F114083C
S3150802EF20A5F66437A4BB06F51A7206F5127393E8BA
S3150802EF30030082E80300264A06F52C7482E80300D9
S3150802EF4006F5277282E80300402284E8030086F861
S3150802EF509B2286F8AF221020BDE8F04103F0D4B810
S3150802EF60E37CDB0712D5224600212846DDF72DF978
S3150802EF70E37C22466FF34103E37406F5127303CB6F
S3150802EF802060616028460121DDF71FF96469C1E73F
S3150802EF90AC4201D0444510D122460021384603F03E
S3150802EFA0C1F806F5127303CB40236060A1602246BE
S3150802EFB001213846E37003F0B5F82469B2E7BDE8E3
S3150802EFC0F08100BF30400020E82D0020804000205C
S3150802EFD0684000202DE9F04385B00746DBF7A0F824
S3150802EFE0054640B93C46484E06F63C6897F8FE3058
S3150802EFF03B449C4203D3284605B0BDE8F0832378F8
S3150802F0000C2B20D8DFE803F007242B301F3F1F44C0
S3150802F0101F1F1F1F4800B4F803903C4899FA99F934
S3150802F0205FFA89F94946DAF7BAFA054658B1252840
S3150802F03098BF374B4A4694BF53F82030354B36496A
S3150802F040364802F0CBFE2046D8F758FE0444CDE7F0
S3150802F05061882E4849BA89B2D9F7E4FBF3E7304802
S3150802F060A11CDAF735FFEEE76378A21C102B28BF3E
S3150802F070102302A92B4802928DF80C30DBF719FAF5
S3150802F08003F0A2F8DFE72848A11CEFF7A8FDDAE7A4
S3150802F090A01CFFF72BFFD6E72046DAF792FF02906D
S3150802F0A080B201289CBF0223ADF80830BDF80830AB
S3150802F0B0B6F83C2E9A4206D05D2253436422B3FB2D
S3150802F0C0F2F3A6F8123E0422404602A90EF0C4F84C
S3150802F0D088B94FF4801003F06FF8B6F8102EB6F818
S3150802F0E03C3E9A42AFD3D6F8DC1D02220E480131C5
S3150802F0F0EDF716FBA7E7029B4FF48010C6F83C3ED5
S3150802F10003F002F8E9E700BFE82D0020303C0020B2
S3150802F110C4F60308DDDE03080A16040824170408E1
S3150802F120903B0020983B0020C03B002008B5817C1C
S3150802F13011F0020FC1F340030FD011F001030CD0F6
S3150802F14048F2FE02038823F47C53934207D005490A
S3150802F150DAF7B6FE80F00103DBB2184608BD0023D3
S3150802F160FBE700BF3040002070B5064608460C464D
S3150802F170EDF79CFC30461B49DAF7A2FE68B100237C
S3150802F1806374A37C23F0030343F00303A374154BB0
S3150802F19003CB40232060616023740025294630464C
S3150802F1A0FEF7C2FB054600B970BDEEF72FF8002838
S3150802F1B0F4D0EA78237C9A42F0D9A37C214643F01C
S3150802F1C00203A3748378A27CC3F3001363F30002D9
S3150802F1D0A2748378284603F00F036374EDF70CFCD8
S3150802F1E0DCE700BF30400020FF232DE9F04F074639
S3150802F1F088461546A5B003932B68384605936B686F
S3150802F2001AAA0793BB8902934FF4C0430299ADF831
S3150802F2102A302823D7F70EFD0446002840F02D830E
S3150802F2201CA80BA9FFF7A0FF9DF83E30D80702D409
S3150802F2300BA8EDF73BFC10A920A8FFF795FF9DF850
S3150802F2405230D90702D410A8EDF730FCAB884FF438
S3150802F250C04128460693D7F7A0FB0646044600286F
S3150802F26040F00B839DF83D209DF8513052EA030188
S3150802F27033D19DF868A09DF869209DF86A909DF89B
S3150802F2806B104FEA8A0A0AF03C0A93004AEA921A73
S3150802F29049EA010902F00F0252EA090903F0C0031A
S3150802F2A030D0BAF1000F40F09E80BDF82A101A43FA
S3150802F2B041F40061ADF82A10284615A98DF85420A4
S3150802F2C0D7F777FB8146002840F0D68202222846E5
S3150802F2D00DF16A01D7F74EFB80E04FF4C14143EACC
S3150802F2E00213ADF82A10284615A98DF85430D7F717
S3150802F2F060FB04460028BCD07B89029A934280F0C0
S3150802F300BE82FEE75AEA0303BDF82A205CD142F41C
S3150802F310C052ADF82A209DF86E30112B03D0292B46
S3150802F32001D0002B7CD1039A012A79D0BDF82A3064
S3150802F33043F48063ADF82A309DF86F30402B79D0BC
S3150802F340FF2B7CD0012B7FD1BDF82A3043F4807382
S3150802F350ADF82A301CA8DCF7C1FA00287FD0BDF820
S3150802F3602A3043F04003ADF82A309DF88030FF2B4F
S3150802F37040F09481BDF82A400DF1810244F0080359
S3150802F380ADF82A309146022312F8011F002900F02F
S3150802F390EC809DF881200DF1540A022A40F08680FD
S3150802F3A00F2B40F083809DF88F3044F00B045146B2
S3150802F3B02846ADF82A408DF85430D7F7FAFA0446AB
S3150802F3C0002800F0D68097E742F48052284615A90D
S3150802F3D0ADF82A208DF85430D7F7EBFA0446002800
S3150802F3E099D04E4688E74AEA0303284615A98DF8B6
S3150802F3F05430D7F7DEFA044600287FF47DAF9DF82D
S3150802F4006930284603F00F0315A98DF85430D7F74B
S3150802F410D0FA814600283FF459AF264604466BE7E0
S3150802F420284615A98DF85430D7F7C3FA044600289A
S3150802F43082D061E7BDF82A3043F4007388E7BDF845
S3150802F4402A3043F4407383E7284615A98DF85430C9
S3150802F450D7F7AFFA044600283FF47CAF4CE748F2E8
S3150802F460FE02BDF8703023F47C539BB293420CD152
S3150802F470404600950DF12A030BAA1CA9FFF7DAFCF0
S3150802F480044600283FF471AF36E79DF83E309A07E6
S3150802F49006D5BDF82A3043F04003ADF82A30E7E72F
S3150802F4A0102228461CA9D7F765FAE9E70C2B18D9C2
S3150802F4B044F00A0451462846ADF82A408DF85420ED
S3150802F4C0D7F777FA044600287FF416AF03220DF120
S3150802F4D08D012846D7F74EFA00284AD02646044612
S3150802F4E00AE70A2B11D944F0090451462846ADF811
S3150802F4F02A408DF85420D7F75CFA044600287FF490
S3150802F500FBAE05220DF18B01E3E75046EDF7CEFA85
S3150802F510B94B93E8030040238AE80300ADF8643048
S3150802F5209DF8663023F0030343F003038DF8663033
S3150802F5309DF88330402B40F0CF800822504621A9FF
S3150802F5400DF08AFE002840F0C78044F00C0402221F
S3150802F55049462846ADF82A40D7F70CFA0446002849
S3150802F5607FF4CAAE042223A9B3E70133102B7FF432
S3150802F5700BAF012628213846D7F7E9FA9DF86E908F
S3150802F580039B9E4280F01181B9F1110F00F0C780EA
S3150802F590B9F1290F00F05C81B9F1000F40F005813D
S3150802F5A0BB89384604930499022309AAD7F742FB72
S3150802F5B00446002840F0A98002213846D7F7C7FA40
S3150802F5C09DF82490B9F1110F00F08C80B9F1290F3A
S3150802F5D000F08880E023284615A98DF85430D7F71D
S3150802F5E0E8F90446002840F090804B46284615A9BB
S3150802F5F08DF85430D7F7DDF90446002840F08580A7
S3150802F6009DF82530DB0003F1060BBBF1FF0F7BD813
S3150802F610BA89ADF85420D24392B25A4528BF5A46FF
S3150802F620ADF85620BDF856A0BAF1000F5CD15CB110
S3150802F6309DF82820012A07D80AA8DCF792FD8246F7
S3150802F640ABEB00031FFA83FBBA8979895A44524401
S3150802F6508A4260DC284615A98DF854B0D7F7A9F96D
S3150802F6600446002851D1AA88E8880BEB0204844292
S3150802F670B98952D828685B4602443846D7F7DAFA77
S3150802F6800446002841D1AA8838465A44AA800BEB78
S3150802F6900A010136D7F75BFAF6B271E748F2FE02BB
S3150802F6A0BDF8803023F47C539BB2934209D100956E
S3150802F6B00DF12A0310AA20A908F10A00FFF7E8FBB0
S3150802F6C07DE69DF852309B0706D5BDF82A3043F0F1
S3150802F6D00403ADF82A30EAE71022284620A9D7F70C
S3150802F6E049F96CE6E12381E7394615AA0AA8DCF747
S3150802F6F03FFD044648B90AA8DCF733FD014615A8BA
S3150802F700D7F7EAFD01248DE701247B89049A9342FF
S3150802F710BFF4F2ADFEE70624F7E70324F5E7B7F8E8
S3150802F7200CB03846594615AADBF7C7FE0446002828
S3150802F73079D14FF2B001BDF854A0BDF856909AFAA5
S3150802F7409AFA1FFA8AFA2AF00F0399FA99F98B425A
S3150802F7501FFA89F99AB233D129F00F03934234D1A9
S3150802F760F32328460AA98DF82830D7F722F9044642
S3150802F770002858D109F00F0949EA0A1928460AA9A0
S3150802F7808DF82890D7F715F9044600284BD1BDF80D
S3150802F7905A10284649BA89B2D7F7FFF8044600280C
S3150802F7A041D108213846D7F7D2F90024BDF82A30C4
S3150802F7B02A6806995BBA5352204625B0BDE8F08FEF
S3150802F7C00AF47F43B3F5704F18D1F22328460AA9E3
S3150802F7D08DF82830D7F7EDF8044620BB28460AA943
S3150802F7E08DF828A0D7F7E5F80446E0B94946284631
S3150802F7F0D7F7D3F8C8E700BF3040002009F47F43A3
S3150802F800B3F5704F14D1F12328460AA98DF828308A
S3150802F810D7F7CFF8044630B951462846D7F7BDF888
S3150802F82004460028AAD07B895B45BFF465ADFEE78E
S3150802F830F02328460AA98DF82830D7F7BAF80446DD
S3150802F8400028F0D10422284615A9D7F793F89BE792
S3150802F850EE23284615A98DF85430D7F7AAF8044698
S3150802F86000287FF449AD2A4641463846FFF7BCFCD4
S3150802F8700446002899D03FE5044600263CE5029B4B
S3150802F880BB81059B2B60079B6B60002E94D0039669
S3150802F890B2E47F2300222DE9F04F864D95B0D5F8C4
S3150802F8A00C4FE376237FA28023F01F0343F0040361
S3150802F8B0237795F8483ED80740F1C18195F8493E25
S3150802F8C0013B062B08D8DFE813F0080007006200A0
S3150802F8D0FF0091000700C502FEE74FF6FF7002F02F
S3150802F8E031FA0BA8D5F80C4F03F010FB01238DF85B
S3150802F8F042308DF8493007234FF6FF7200268DF8FD
S3150802F9004C30032321460BA88DF83860ADF83A200F
S3150802F910ADF846200B93D9F76DF9002C00F08F81CC
S3150802F920314695F8583EA371A3762046D9F774F85E
S3150802F9300423237695F8603E6376237FD90600F181
S3150802F940B482206803F076FC002800F0AE822046D6
S3150802F95006A9D9F7FBF89DF81830082B00F0A582FE
S3150802F960102B00F07982002B40F0A782524BA3603D
S3150802F970237FDA0709D42046D5F8381ED9F706F9BF
S3150802F980D5F8383E0133C5F8383E4C4987E20BA80C
S3150802F99003F0BCFAD5F8860ED5F88A1E0CAB03C35B
S3150802F9A002238DF83830B5F8503E0026ADF84430BB
S3150802F9B0012321460BA88DF848308DF842600B9634
S3150802F9C0D9F718F92046D9F7B8FA4FF0FF3303707A
S3150802F9D00F2386704370C67095F8533EA371A376BB
S3150802F9E095F84C1E4B1C85F84C3E9EE795F8533EFF
S3150802F9F0334FA371A3760423237695F8603E0BA8AA
S3150802FA00637603F083FA97F8AA2107F1800602F0D3
S3150802FA100F0207F5C677072A08BF3E463046D8F7CB
S3150802FA2084FE002800F00B814FF6FE73B5F8822E8D
S3150802FA309A4201D0BE4233D103CE0223CDF83A0010
S3150802FA40CDF83E10D5F8860ED5F88A1E0CAA8DF882
S3150802FA50423003C28DF83830B5F8503E2046ADF82C
S3150802FA604430ADF846300323ADF82C30154B00224E
S3150802FA70129304230BA98DF84C30FDF7D5FC2046CA
S3150802FA80D9F787FA18B10022D5F80C3F5A7695F8B5
S3150802FA904D1E20464B1C85F84D3ED8F7BDFF4CE758
S3150802FAA0B38BADF83020ADF83A3001238DF84230E9
S3150802FAB0D0E700BFE82D0020103C00206E3C002055
S3150802FAC0E83D00200101050895F8533EC24FA3718F
S3150802FAD0A3760423237695F8603E63763A7A9107ED
S3150802FAE040F1AD80D5F8EC3F002B00F0A88042F03B
S3150802FAF008023A725A79520940F0A8819A7902F0B4
S3150802FB000F02012A08D1DA79102A00F0908095F8B6
S3150802FB10682ED20700F1B7803B7A0BA803F00103DF
S3150802FB200093BB88D5F8EC6FB7F806A001934FF09F
S3150802FB30000B03F0EBF9222200210BA80CF05AFB6A
S3150802FB4033799F0710D505238DF84A30B37903F028
S3150802FB500F03032B08D0012B03D1F3790F2B00F0E7
S3150802FB60978008238DF84B30B5F8503EADF84430EF
S3150802FB70ADF8463040F20113ADF84830B379C3F315
S3150802FB80030203F00F03012B09D1F3790F2B00F0BF
S3150802FB908180103B012B02D8738AADF846304FF0AC
S3150802FBA001090CAF05F57F6CBCE80F00ADF82C9087
S3150802FBB00FC7DCF8003032463B600BA92046FDF73A
S3150802FBC033FC2046D9F7B9F980462046D9F7BFF95A
S3150802FBD007462046D9F74CF93B189BB2C3F17F0773
S3150802FBE0CDF81080B6F80C80BFB2ADF814B0ADF8F7
S3150802FBF0167005F57F6CB8F1000F40F0EF80C3F17F
S3150802FC007B03ADF81630009B002B50D0019B8DF874
S3150802FC102090ADF81830ADF822A08DF82A9030461B
S3150802FC2004AA06A9FFF7E0FA00284BD0FEE797F8E0
S3150802FC30E432012B0CD013F0FD0F7FF46DAF0021D7
S3150802FC400B22D5F80C0F818015B0BDE8F04FD9E12B
S3150802FC5097F8EC32A7F5D670A371A37697F8EC62FB
S3150802FC603146D8F741FD00283FF456AF95F8483E8D
S3150802FC70A7F5DC7043F0200385F8483E85F8536EF5
S3150802FC80D8F7E5FD48E71A7942F002021A7143E706
S3150802FC90102367E7337AA376A37195F8523EA376C3
S3150802FCA04FF6FF738DF84920ADF8463077E70DF128
S3150802FCB0180EBCE80F00AEE80F00DCF80030CEF8EC
S3150802FCC00030ACE77389B6F80C90BDF81420A3EBA4
S3150802FCD00909B91A1FFA89F989B28945ADF8167060
S3150802FCE028D931798807C1F3400C04D4B07900F0D9
S3150802FCF00F0001285CD0716900295FD0C3F30A039B
S3150802FD006FEA83436FEA9343B18A5BBAADF80C3064
S3150802FD104BBAADF80E30131DBB425CD8049F394668
S3150802FD20381D0CF0EFFA039B3B60BDF81430043320
S3150802FD30ADF81430BDF81610BDF814208B1A9BB214
S3150802FD404B453CBF23F007031FFA83F909EB02036D
S3150802FD508B4264D804994B460A443046B189D6F791
S3150802FD6069FF00285BD1BDF8147020464F44BFB224
S3150802FD70ADF81470D9F7EBF882462046D9F778F829
S3150802FD80B3898244994473891FFA89F957444B45C2
S3150802FD90A78009D92768384603F03BFA40F01000D5
S3150802FDA080B23870000A78707389434538D2FEE704
S3150802FDB041F00201A6F80CC03171BCE6B5F8C41FC1
S3150802FDC011B90121A5F8C41FB5F8C41F481CA5F826
S3150802FDD0C40F716192E7FEE7E83D00207389B28A93
S3150802FDE0C3F30A036FEAC3436FEAD3435BBAADF8B8
S3150802FDF0183053BAADF81A3005224FEAD80306A9C5
S3150802FE0004A88DF81C30D6F7B5FD00B1FEE7B6F8A2
S3150802FE100A90B389A9EB03091FFA89F98AE7FEE76B
S3150802FE20D5F8EC3FA6F80C80A5F8E89F9A7902F077
S3150802FE300F02012A05D1DA790B2A02D11A7990071B
S3150802FE4004D4237F6FF34103237720E65B89A5F861
S3150802FE50E83FF4E62283F2E64FF0FF330B93174BA3
S3150802FE602046A360D5F8AC1F0131C5F8AC1FD8F7F8
S3150802FE708DFE2046D8F74BFEFF28064600D1FEE740
S3150802FE8027680536385CD8F79AFE0BA90246B819D0
S3150802FE900CF052FAFF212046D8F7D9FF0849237FEA
S3150802FEA01B0702D42046D9F781F8002385F84E3E6F
S3150802FEB015B0BDE8F04FFDF7D1B8FEE79C3D00202E
S3150802FEC08C15040810B5FCF737F810B9BDE81040D0
S3150802FED0DFE4084CB4F8500E01F034FF0020D4F8E1
S3150802FEE0703E84F8490E13B1D4F8741E9847BDE8DB
S3150802FEF0104001E0E82D002010B53E4C94F8493E2A
S3150802FF00002B76D194F8483E13F0010307D1A4F8E2
S3150802FF104A3E04F61870BDE81040D7F73EBCB4F85E
S3150802FF204A3E5A0603D5062384F8493E2EE01806A9
S3150802FF3008D5D6F78EFCD4F8643EC01A002801DB31
S3150802FF400723F1E7B4F84A3E990701D50123EBE7FF
S3150802FF505A0701D50223E7E7180701D50323E3E782
S3150802FF609906C3F3001202D482B10423DCE72AB34A
S3150802FF7094F8483E9B0721D4B4F8483E03F0FD03A3
S3150802FF8043F4806343F00203A4F8483E94F8493EDA
S3150802FF90B3B101229A40B4F84A3E174823EA02034B
S3150802FFA0A4F84A3ED7F7F9FB94F8493E072B20D81E
S3150802FFB0DFE803F0060B0E11111114110523B3E73E
S3150802FFC00E48BDE81040D8F742BCBDE8104079E7B4
S3150802FFD0BDE810403CE3BDE810405AE494F8531ECD
S3150802FFE0074802F075FFBDE8104064210248D7F7BA
S3150802FFF060BB10BDE82D0020003D0020303C0020EB
S31508030000643C00202DE9F04704468CB000680F468F
S31508030010154603F009F9A3888046002B00F0DD8016
S31508030020002603A920468DF81460D9F7E5F89DF84C
S315080300301410BDF80C0002F05FFF70B1AF4A92F8D6
S315080300404E3E0133DBB282F84E3E23B9FDF706F87E
S315080300500CB0BDE8F08782F84E6EB8F1000F00F0D9
S31508030060BC80002F00F0B980002D40F0B68003A8AD
S31508030070FDF7C2F93E68814630468DF820508DF863
S315080300802C5003F0D7F8002879D0304603F0D8F877
S31508030090002800F0A1803846D8F731FF002840F041
S315080300A09B80384601A9D8F741FD9DF80430052BF6
S315080300B040F0928038460DF10701D8F747FD9DF8C1
S315080300C00730082B40F088800DF105012046D8F744
S315080300D0AAFE38460DF10601D8F7A5FE9DF806A037
S315080300E09DF80530534577D102A93846D8F73EFD22
S315080300F0384606A9D9F7A8F89DF82030002B60D012
S3150803010006A8FDF779F99DF820300646022B61D03B
S31508030110002861D00068716806AB03C302238DF813
S315080301202030764A0AF1FF33D2F8DC1DDBB201F040
S315080301307F0083428DF806305ED0481E00F07F00AC
S3150803014083425CD0013101F07F018B4244D102F630
S31508030150C462B37F03F00F03072B03D17169029BB4
S31508030160994239D8384606A9D8F78EFFA0BBB37F7C
S3150803017003F00F03072B02D1029B01337361B9F115
S31508030180000F2AD039464846FCF740FD3846D8F7CB
S31508030190F3FE06463846D8F77AFEFF2E05D0FF2823
S315080301A003D0DFF86CC1B0422CD2544B93F8483EC7
S315080301B0590712D42046D8F7ECFE70B1FBF7CCFEEC
S315080301C00BE0204609A9D9F717F89DF82C301BB17F
S315080301D009A896E70028A4D10E25484E96F8493E65
S315080301E0013B062B2BD8DFE813F02B002A00380037
S315080301F0DF0044002A007D0102F6B462A9E702F68D
S31508030200A462A6E73B689A5B9919C2F3C7129B5D7A
S315080302107AB90A7991F803E0120442EA0E2291F8B0
S3150803022002E042EA0E02624503D14A79002A00F047
S31508030230BF8103F07F0302333344DEB2B3E7FEE73D
S31508030240D6F8483FB6F85A1E2D480133C6F8483F34
S315080302500CB0BDE8F047D7F72CBAD6F8443F0133BC
S31508030260C6F8443F002386F8493E0CB0BDE8F0477C
S3150803027042E6A3881BB1B8F1000F00D1FEE76DB9BA
S3150803028067B196F8483EDA0708D5386802F0C1FF21
S31508030290C30603D506211B48D8F71CFBD6F8403FEF
S315080302A00133C6F8403F002386F8493E164E8DF8BB
S315080302B02C3096F85030DF07D7D5A3884BB109A958
S315080302C02046D8F799FF01232946204609AAFDF7B0
S315080302D0E3F80E4F96F8AA2107F5867302F00F0284
S315080302E0072A18BF3B469B7F180713D101F0E0FD89
S315080302F0A7F12800EDF7E2FBB7E700BFE82D0020DA
S31508030300003D0020303C0020E83D0020683E0020E8
S315080303109BB8EA0005F0FB030B2B26D065BB96F8C2
S31508030320513096F850200F2BC2F380020AD8002AC0
S315080303309BD0B6F8503023F4706323F00403A6F871
S3150803034050300DE0F03386F85130DBB20F2BEED880
S3150803035096F8433065F3870386F84330002AE8D1D5
S3150803036001219048D8F7E9F97FE796F8503043F02A
S31508030370040386F85030F3E796F8513020465D1C9F
S3150803038005F00F0565F3030386F85130D8F701FE28
S3150803039000280CBF04230F239D42CADA96F850306F
S315080303A059073FF562AFE2E7D6F83C3F0133C6F893
S315080303B03C3F6DB1D6F8543F0133C6F8543F00238A
S315080303C086F8493E4FF44843EB40DA0702D4FEE782
S315080303D086F8495E4FF00009DFF8D0818DF82C9036
S315080303E098F8083069F3C30388F808309B0727D5BC
S315080303F0A28852B109A92046D8F7FEFE09AA4B4698
S3150803040029462046FDF748F80246D6F8EC1FA1B15F
S315080304100B79D80700D4FEE73DB16FF3C3030B711D
S31508030420D6F8EC3F5B89A6F8E83FD6F8EC0FB6F8A2
S31508030430E83F4189994228D983815B48D7F718F859
S3150803044098F85030DA077FF510AF98F89E301B07F7
S315080304503FF40BAFB8F8A030022B7FF606AF20683F
S3150803046002F0E8FE00283FF400AF237F9E0704D579
S315080304702046D8F78EFD0446F0B9002D7FF4F5AE75
S31508030480002F3FF4F2AE2C461CE06AB10179138DB6
S3150803049011F0080F4FF6FF7118BF0021C3EBC31302
S315080304A040330B44DB091385294601F041FDD6F891
S315080304B0EC0F02F0B2F8C0E715B102F02BFAD4E656
S315080304C0002FFAD098F850306FF3C60388F85030E7
S315080304D0386802F09EFEC006EFD4FBF73DFD002CFC
S315080304E0EBD1C2E6D6F83C3F304F0133C6F83C3F62
S315080304F0002386F8493EFE6A3B63A6B10E2DFB62CE
S3150803050014D00F2D24D015B10B2D21D0FEE796F864
S31508030510483065F3060386F8483096F8463065F39F
S31508030520040386F846300023FB629EE6206802F041
S3150803053081FE10B1237FD90714D596F848305A1C83
S3150803054002F07F0262F30603032A86F848300AD8C4
S31508030550A388002BE7D02568284602F05AFEC20571
S3150803056005D5FEE7FEE7002386F84830F0E7AB78C3
S31508030570284686F8453002F05DFE0028D3D0237F4F
S31508030580DB07D0D509A92046D8F7F0FA099B2046F8
S31508030590336406A9D8F747FC9DF8183086F8443023
S315080305A0C1E700BF203E0020F43D0020E83D0020BF
S315080305B003F07F03043BDBB2022B3FF6F6ADDFF80D
S315080305C08CC0DCF85C65002E3FF4EFAD99F830007B
S315080305D010F0020F8DF8240004D073B38A798DF8CE
S315080305E02C20012210F0040F01F1060111D09342C9
S315080305F00FD94FF0FF0A02F1010E8A5C02EB821251
S3150803060052007F3292B2B2FBFAF28DF82D205FFACE
S315080306108EF2000711D593420FD9895C82237F2274
S3150803062013FB0123FF22B3FBF2F36FF07F02823B36
S315080306309342B8BF13468DF82E304946DCF8603529
S31508030640B9F81C0009AAB047AFE500BFE83D00208A
S315080306502DE9F047FBF770FC424C98B9B4F85A3EBB
S3150803066094F8581ED3B904F67C6594F8581E2846A0
S3150803067002F02EFCFCF74EFAFCF7FAFAFBF75CFCE1
S315080306800028F2D00020D4F8703E84F8490E13B13E
S31508030690D4F8741E9847BDE8F0472DE494F8483E0D
S315080306A05A0703D404F67C6002F012FC94F87E3EE3
S315080306B094F8587EB4F85A6E002BE3D0033B032B09
S315080306C0E0D9B4F87C3E9B0733D5DFF8A080D8F889
S315080306D000A0BAF1000F21D14FF47A731C205E43B0
S315080306E0FBF71EFC4FF08009078301271E4B0760A3
S315080306F0C0E9023A80F804900546F1F702FAC00009
S31508030700B6FBF0F3864238BF3B4685F81490284675
S315080307102B61C8F80050F1F7E9FA08B1F1F704FAC2
S3150803072094F87E3E052B02D0052384F87E3EBDE869
S31508030730F087384601F086FC00B1FEE794F87E3E62
S31508030740052B1CBF052384F87E3E7F2384F88F3E42
S31508030750D6F77FF83044C4F8900E0020BDE8F0477A
S31508030760FBF714BCE82D0020E81D00207C47002079
S3150803077000232DE9F047DFF888818EB05C4F02939A
S31508030780404608AA02A9EFF777FC064610B10EB051
S31508030790BDE8F0879DF831301907F1D59DF8323059
S315080307A05A07EDD49DF83030402BE9D1D7F8A8384D
S315080307B05BB905254F4C013D0DD1D7F8344714BB1A
S315080307C005214C4B8DF8074033E04B4808A9984759
S315080307D00028EED0D4E7A37C9B0704D5214608A8B6
S315080307E0EAF776FE08B92034E5E7E369002BC7D0B4
S315080307F09DF831305D07C3D5002301212046E36107
S31508030800FDF7CEFBBCE7214608A8EAF761FE0028F8
S31508030810B6D16469D3E79A7C90075BD5DA693AB1AE
S31508030820002C55D0E069121A34EA220428BF1C4664
S3150803083020330139EFD1002CA2D0A37C9A0702D525
S31508030840204601F037FC0023E3619DF831309DF81B
S315080308503090DA09204614BFCA464FF0800AC3F31C
S315080308608005EAF731FE01236374A37C204623F04F
S31508030870030245F002031343A37484F810A008A9DE
S31508030880DBF7ECFB1D4BD3F8342393F838331344C7
S31508030890CDE90323012103A8ECF7C8FE0546D8B919
S315080308A00DF1070120466676FDF7C0FC00232046B6
S315080308B0237603A9FEF758FC9DF81E309B0703D53C
S315080308C09DF81D3003B123762046FDF787FB57E7CE
S315080308D01C46ADE71C46B0E7EB789945DAD14A469C
S315080308E008A9281DD6F70FF84845D3D3AE78D7E716
S315080308F0E82D0020A0360020E81D0020E83D002052
S315080309001C41002010B50C464FF2BF018A4222D182
S3150803091048F2FE02038823F47C53934204D120460B
S31508030920BDE81040DBF7C7BB0C49D9F7C9FA88B14C
S3150803093020460A49D9F7C4FA60B92046DBF7AFFB64
S3150803094040B92378FF2B05D12046DBF789FBC31E65
S315080309505842584110BD0020FCE700BF3040002034
S315080309602DE9F04F4579112A04460E469146B0F80B
S315080309700A809FB001F11007C5F3410540F0AD8029
S315080309804A8C30463946FFF7BDFF002800F0A5809C
S31508030990002D00F0A880032D0CBF07250F25602323
S315080309A0AD0145F4C0456DBA96F825200A93ADF80E
S315080309B02850C5F3072502F0030325F0300545EA59
S315080309C0031596F8243098FA98F88DF82950ADF857
S315080309D02C808DF82E901BB912F0080F08BF402300
S315080309E030468DF82F30DAF779FF00287FD1337830
S315080309F0FF2B7CD033460CAD2A4618685968083352
S31508030A0003C2BB421546F7D110AA924606F1100354
S31508030A1006F1200C154618685968083303C563455B
S31508030A202A46F7D1337CFF2B00F0D58028222046AF
S31508030A300DEB0201D6F7EFFA0546002840F0D980F8
S31508030A40B9F1110FADF850008DF8520000F0D580BA
S31508030A50B9F13A0F29D14FF002080023A18920469C
S31508030A604144ADF826300DF12602022389B2D6F7A2
S31508030A70FAF94B4652460CA914A80094FDF741FA15
S31508030A804FF6FF72A389204608EB0301BDF85030E1
S31508030A9089B293421CBFDB439BB25BBAADF82630DF
S31508030AA00DF126020223D6F7DEF93846DBF70DFBEE
S31508030AB0002840F0A58096F825302279C3F3001361
S31508030AC063F3451222716289236AB2F5A06F00F2B5
S31508030AD0BE809C4200F0BE80FEE735B1A91E4D429A
S31508030AE04D416D015BE7172559E7082557E7384652
S31508030AF0DBF7B6FA4FF0000A049039465948EFF780
S31508030B00D7FB5546584B0590D3F834B7BBF1000FBE
S31508030B1003D1002D53D114256BE059465148EFF7FD
S31508030B20DDFB28BB802259463846D5F7ECFE9BF8F1
S31508030B3010305FFA80F8434503931CD85846DBF711
S31508030B40A7FA0246DDF80C80394658460792D5F7C8
S31508030B5041FE98BBA5B15846DBF79AFA0690284694
S31508030B60DBF796FA0699079A814206D2914207D28B
S31508030B70DBF814B0CAE7049AE6E70BD99042F7D232
S31508030B80039B434503D85846DBF782FA0490C246CB
S31508030B905D46EDE79BF81210AA7C4A40D20702D5B8
S31508030BA0CB07EDD4E4E7C245EAD3E1D159462D484C
S31508030BB0EFF77EFB059B8342DAD1E1E75D460CAA94
S31508030BC005F1100C134628686968083503C365459B
S31508030BD01A46F7D118E73846DBF742FA03287FF4B3
S31508030BE025AF20460AA9FBF71FFA054600283FF456
S31508030BF01DAF28461FB0BDE8F08F4FF006082CE757
S31508030C0060231493BDF82C3016AF5BBA28335BBA4E
S31508030C10ADF85430154B0FCB87E80F00144B1EAFB6
S31508030C200FCB07E90F0044F22903204614A9ADF8B0
S31508030C305630FBF7F9F908B10546DAE728222046C4
S31508030C4014A9D6F7E8F900283FF435AFF4E79C4230
S31508030C5000D0FEE721460748D6F71DFB0648D6F718
S31508030C6007FCC6E7403E0020E82D00206840002028
S31508030C70980104085C3400207034002038B50B68EA
S31508030C8004460D4673B1E3F70AFE2B68013B13F8D6
S31508030C90010F40B16D38052804D8DFE800F00E03CC
S31508030CA003050A12072038BD227842F00102227092
S31508030CB0EDE7227842F00202F9E7227842F00402CD
S31508030CC0F5E7227842F00802F1E713682DE9F74FB2
S31508030CD082460F4615469BBB53688BBBD368003BBE
S31508030CE018BF01234FF0000B0193DAF8001097F8A9
S31508030CF000809AF8042001EB08060A44B31C9A42BA
S31508030D00C0F083817378023333449A42C0F07D81FD
S31508030D1011F808305B08012B14D0052B00F08480EA
S31508030D20DAF80020904498F8013087F801B00233C6
S31508030D309844A8EB020887F8008087F802B0D4E73E
S31508030D400123CFE7019B002BEAD03046ECF7EBF9FA
S31508030D500028E5D03046ECF7F6F90028E0D07C7891
S31508030D607378044402333344A21C9342D8D394F8C9
S31508030D7001C00CF1020222449342D1D332785208BD
S31508030D80012A40F0EA802178490802295CD0032920
S31508030D9000F0B680002959D16B68002B56D04FF066
S31508030DA0030CBB785A1CBA706278B2FBFCF29A42FF
S31508030DB04CD90222032010FB0327C5E90211296037
S31508030DC06D68182228460BF015FA04EB070829461E
S31508030DD03046EBF711FE98F802208D489309C35C59
S31508030DE0C2F3401103F00303C2F3001243EA81037B
S31508030DF043EA42132A7D22F0270213432B752278EE
S31508030E0062F3C3032B75E35B824A5BBA6B82E35BCC
S31508030E10B2F85C205BBA9BB29A1A534253412A7DB5
S31508030E2063F304122A7567E0AB68002B3FF478AFC7
S31508030E303046ECF78EF900283FF472AF3046ECF7EC
S31508030E40AEF9023030448AE72B683BB9637887F8F2
S31508030E5002B0023323441B1A7B7080E7BB785A1C03
S31508030E60BA706278B3EB920FF0D201EB83070021D5
S31508030E70C5E90111E9602D68182228460BF0BAF96D
S31508030E8004EB070829463046EBF7B6FDB8F80230F7
S31508030E905F485BBAC3F38132825CC3F3403102F025
S31508030EA0030242EA8102C3F3003142EAC102C3F3F1
S31508030EB0C02142EA0112C3F3802142EA4112C3F375
S31508030EC0402142EA8112C3F3002142EAC1126A743D
S31508030ED0C3F38012C3F3C0135B0043EA8203AA7CFD
S31508030EE022F006021343AB74E35B5BBAAB82227848
S31508030EF0AB7C62F30003AB74002003B0BDE8F08F4C
S31508030F00D5F80C90B9F1000FA0D0BCF1010F9DD90B
S31508030F10B97800299AD1C5E90011A960A178019287
S31508030F2001F00F0189F80010A07899F80110C0F3B1
S31508030F30001060F3000189F80110207860F341017D
S31508030F4089F80110304609F10201EBF755FDE178FE
S31508030F50019A89F81210BA70CEE7D5F80890B9F154
S31508030F60000F3FF473AF22785208062A7FF46EAF58
S31508030F70B97800297FF46AAFBCF1010F7FF666AF33
S31508030F80C5E90011E9604FF4017248460BF032F9DE
S31508030F90B27896F9021002F00F020029B4BFF57869
S31508030FA0F57989F8002096F90220B4BF06F10408FA
S31508030FB006F10808002A25DBD6F80300D5F7C7FC8F
S31508030FC02A464146C9F8040089F8085009F1090078
S31508030FD00BF0B2F9207899F80611627860F30001EC
S31508030FE089F806116188023AD2B249BAA9F80012F9
S31508030FF089F80721211D09F584700BF09DF9012352
S31508031000BB7079E74AF6AA70DAE7172075E700BFD7
S3150803101084000408E83D002000232DE9F041064634
S315080310200F46ADF5067DDFF85880009305AD01A898
S31508031030E3F790FB6946404601AA0395FFF745FE89
S31508031040044608B1172415E04AF6AA7369682A7A8A
S315080310509942ECD133799A42E9D130680DF11D01F1
S315080310600CF0FAF80028E2D195F80631DB07DED54D
S315080310702B783B7020460DF5067DBDE8F08100BF51
S315080310801C4100201FB50C4B0146B3F858244FF6F4
S31508031090FE739A420DD001230DF1070202A88DF8BB
S315080310A0073002928DF80C30FFF7B6FF05B05DF8EE
S315080310B004FB1720FAE700BFE83D0020F0B5064613
S315080310C015461F460C469DB0002959D0002A57D00D
S315080310D02022002102A80BF08DF821462A46304625
S315080310E002ABDDF7F2F80446E0B90AAD02AE0FCE5D
S315080310F00FC596E80F0085E80F007B1C0E93402367
S315080311000C9A01A922F0807222F4804242F400521A
S315080311100AA80D940F930C920194DDF757FA20B1A0
S315080311206FF0920420461DB0F0BD019D0135412D97
S31508031130019528D82822214612A80BF05BF812A895
S315080311400CF090FD0028EBD10AAA02A912A8DEF733
S31508031150C7FA012811D058B1482814BF6FF0920472
S315080311606FF0850412A80CF07DFD0028DAD0D7E7C6
S3150803117004233B70229B1D60F4E76FF08B04F1E7B1
S315080311806FF08604CEE76FF08904CBE713F07E0F82
S315080311902DE9F0470C4615460CBF4FF0010A4FF0F0
S315080311A0000A07465246294620461E46C3F3450803
S315080311B0DEF768FC48BB04F108095246484605F1C0
S315080311C00801DEF75FFC00BB08F1FF33D3F1000823
S315080311D048EB03084246204605F11801DEF752FCA0
S315080311E098B94246484605F12001DEF74BFC60B93B
S315080311F021463846F209DFF7E2FD30B904F110005B
S315080312000121BDE8F047DEF75DBDBDE8F087F0B51F
S3150803121013460E460122002185B0CDE9021200913C
S31508031220021D0546022102A8DFF70DF9044648BB4D
S3150803123006F110021146284602ABDFF72DFD0446D8
S3150803124000BB06F108073A463946284602ABDFF7DC
S3150803125023FD0446B0B902AB1A4619462846DFF7FA
S315080312601BFD044670B932463146284602ABDFF702
S3150803127013FD044630B93A463946284602ABDFF72A
S315080312800BFD044602A8DEF745FC034814F10E0FCE
S3150803129018BF204605B0F0BD00B3FFFF0CB413B565
S315080312A00B4C05AA2068019260B108300949E3F797
S315080312B02FFC206800B9FEE70830E3F73EFC2368F5
S315080312C003B9FEE702B0BDE8104002B0704700BF9D
S315080312D06050002079E10308036B826B2DE9F04126
S315080312E09A4288BF8363426C436A076892B002FBDB
S315080312F00377C36B0E46052203A95B690446384682
S31508031300984703A8F1F78DFD01280146307070D080
S31508031310656CE26B2368606AD2F814C005FB00307B
S31508031320052208A9E04708A8F1F77BFD01284FF035
S3150803133000053CD0D4E90A3201219342CDE90D4593
S315080313408DF83C5010958DF8441043D11946204624
S31508031350F1F7ABFD236B626C14339B1AE0622363CC
S315080313600E9B1BBB9DF8443003B3636A626C256806
S31508031370D4F83C8002FB03550C350122D8F8143007
S3150803138001A9284698474FF6FF72019B99B29142E5
S315080313900CD11B0C1B0443F4254343F0A50302930A
S315080313A001222846D8F8183002A998470E9DE36B00
S315080313B005225B6903A93846984703A8F1F731FD67
S315080313C030702846236BA26B9A4288BFA36312B078
S315080313D0BDE8F081237C33B91C490DAA04F1080042
S315080313E0F1F7EEFCBCE72046194A0DABF1F7FCFE14
S315080313F0B6E7237C23BB2246164904F10800F1F716
S31508031400DFFC616A2046F2F707FF616A421C204641
S31508031410F2F73CF9054620B9236B626C1344143B77
S3150803142023632046A16AF1F740FD2368A062C01A28
S31508031430636CB0FBF3F060622046F1F755FFB6E73D
S3150803144000232046044AF1F7CFFEDAE7FD3D0208FA
S31508031450B93E0208A70C0208F70C0208F8B50446B9
S315080314604518073549420D40A5F108063046DCF70D
S315080314704BFBA188301B628801EBE00189B2A2EB22
S31508031480E00225F8041C25F8062CA288C310A2B18D
S31508031490A4EBC2025788D180D9195180E2889AB140
S315080314A0D31A9BB204EBC20425F8023CA380084A6C
S315080314B09368034493603046F8BD15F8082C42F048
S315080314C0020205F8082CE9E725F8022CEFE700BF26
S315080314D0AC4900200023F7B50679136004460F4686
S315080314E0436926B1FF2E12D16FF0860532E0002B31
S315080314F0FAD1836823F47F4323F00303002BF3D144
S315080315004FF6F87342889A4227D801A810E06FF07D
S315080315104042013B9342E7D2806820F47F4020F0A3
S3150803152003000028E0D14FF6F87362889A4214D86C
S315080315303946F6F72CFF054660B90FCCD7F800C035
S3150803154067460FC794E8030087E8030016B9019BAB
S31508031550CCF81430284603B0F0BD6FF08505F9E7DB
S315080315602DE9F84300F4E049B9F5804F06460C46E1
S3150803157090461F4612D100F44F43B3F5824F02D16A
S31508031580C3B2412B0AD0FB0705D57B0844B1E21D3C
S31508031590B3EBD20F05D06FF0860664E03B46F5E75A
S315080315A0DC0080210120DBF71AFF0546002800F03E
S315080315B08880DFF7F3FA06F44F43B3F5824F07D172
S315080315C0F6B2302E5DD006D8122E17D0172E63D05A
S315080315D06FF086040AE0412EFAD1B4F5807F58D815
S315080315E0FE2C8CBF6FF085046FF086042846DFF760
S315080315F048FF2846DBF7E4FD264634E040F2092394
S315080316009C4259D03AD8B4F5807F4AD02ED824F0D4
S315080316102003C02BDCD1E02C45D0C02C4CD10121B2
S315080316202846DFF73DFFF5F7B6FE0646002846D1FE
S31508031630B9F5804F39D105F168093B464246494613
S315080316402846DFF7E2FAF5F7A6FE04460028CDD1C9
S3150803165049462846DFF7D7FBF5F79DFE04460028DB
S31508031660C4D1089B1D603046BDE8F883B4F5C07F36
S315080316700CBF6FF085046FF08604B7E7B4F5047FF3
S31508031680F6E724F08003B3F5807F15D0B4F5007F21
S31508031690EEE7B4F5E07FEBE7C02C0DD0B4F5807F19
S315080316A0E6E70321BCE70221BAE73B464246294659
S315080316B02878DFF77DFFCFE76FF0850496E70446C2
S315080316C094E76FF08C06CEE700232DE9F04385B047
S315080316D013600F46904602A91A46F6F7CAFF044650
S315080316E040B9029D2B885A0408D42846F6F7ACFF5E
S315080316F06FF08604204605B0BDE8F0836A68D5E92D
S315080317000896120A0BD0012AEFD13B4632464946C0
S315080317102846CDF80080FFF7D1FC04462DE003F4F4
S31508031720E043B3F5804F1CD1288800F4E043B3F5B2
S31508031730804F20F4405244F2010337D19A4207D02E
S3150803174000F44F40B0F5824F02D0B0F5844F2FD145
S31508031750412E029C18D92046F6F776FF6FF08904C6
S31508031760C8E73B46324649462846CDF80080FFF788
S31508031770A5FC10F1860F0446D6D00298F6F764FF47
S31508031780002C08BF0446B5E73246494638460AF0F0
S31508031790D3FD0021C6F14102B8190AF02BFD2046F4
S315080317A0C8F80060F6F750FF0446A3E79A4205D146
S315080317B00298F6F749FF6FF085049BE700F44F4359
S315080317C0B3F5824FF4D10023039303AB69884A46E2
S315080317D000933346FFF7C4FE044618B10298F6F79A
S315080317E033FF87E7039D4346412239462846F6F7E2
S315080317F0C8FA04462846DFF744FE2846DBF7E0FC2A
S31508031800BBE72DE9F843814604300D4617461E46C5
S31508031810DEF7ACFA04464846DFF794F90128814611
S31508031820DDF8208029D1002105F11000DEF798FBA9
S3150803183048B9B8F1000F02D11148BDE8F8833070F2
S31508031840C7F80090F9E70734E408630001339845BD
S315080318503B60F1D3314604232246284601F8013B6F
S31508031860DEF7B6FA0028E8D1611C2246314405F1B1
S315080318700800BDE8F843DEF7ABBA0248DDE700BF68
S3150803188000B1FFFF80B1FFFF2DE9F04FB7B0CDE9F7
S315080318900312114606469A46DFF752FB044600280A
S315080318A040F09E8151463046DFF7ADFA04460028DC
S315080318B040F096813046DFF745F90128834640F024
S315080318C09881336C1821013302204FEA5309DBF759
S315080318D086FD0546002800F08A8105F11808DFF71A
S315080318E03AF94046DFF737F915AB03221F46013AA3
S315080318F003F1080323F804BC23F8024C43F8084C05
S31508031900F5D251462846DFF756F9044698BB824670
S315080319104FF0180BD1451DD141463046DFF70AFA79
S31508031920044640BB43462A46414630460097DFF7FE
S3150803193084FC0446F8B941463046DFF7FBF904460A
S31508031940C8B905F11000DEF7E5F805F12800DEF75A
S31508031950E1F810E0BAFBF9F101238B4009FB11A169
S31508031960DBB20BFB0352F9B13B4611463046DFF7B0
S315080319705EFB044638B34FF0000A07EB0A000AF188
S31508031980080ADEF7C7F8BAF1200FF6D1F4B1B36D3A
S315080319909D422CD02846DFF741FD4046DFF73EFD42
S315080319A02846DBF70DFC22E003F0FE0101EB5301A9
S315080319B0104605EBC1010592DFF7FDF8059A0446C3
S315080319C00028D1D0D7E70AF1010AA3E7012306F1D4
S315080319D0340B21465846CDE90D4307940893DEF7A1
S315080319E0B5F9012811D0B36D9D4204D1824C0398F1
S315080319F0DFF714FDF4E02846DFF710FD4046DFF76E
S31508031A000DFD2846DBF7DCFBF0E721460498DEF7F5
S31508031A109DF90499824607A8DEF7A5F8044630B16E
S31508031A200DA8DEF777F807A8DEF774F8AFE7594687
S31508031A30049A0DA8DEF7CAFA04460028F0D1BAFAC2
S31508031A408AFA4FEA5A1A52460DA907A8DEF71AF870
S31508031A5004460028E4D1014609F1010238460AF092
S31508031A60C9FBBB463B462746B945049361D039466D
S31508031A7007A8DEF76BF9049B09EB07011C78013706
S31508031A80044307A8DEF762F9E4B2049B44EA400478
S31508031A9003F8014BE8E79BF801009BF8003080EA5E
S31508031AA0020C6FEA0C0101F0010113FB01F310406C
S31508031AB003EA0C0283EA0C030BF8013F1BF8013C0B
S31508031AC0024343EAC1130BF8013C0134A742E2D2AD
S31508031AD00DF134094846DEF71DF807A8DEF71AF8AC
S31508031AE007A8DFF738F803224B4601200021013AFD
S31508031AF003F1080323F8040C23F8021C43F8081C13
S31508031B00F5D207F1D8036B442A46304613F8843CCA
S31508031B100399FFF73BFB044660BB409B002B63D04E
S31508031B201A4630460399FFF772FB00285CD0044631
S31508031B3020E000220124C9E7039A4B4611463046A2
S31508031B40013FDFF774FA0028F1D12A4630461BF81D
S31508031B50073007A9FFF71AFB0028E8D1039A30468E
S31508031B601146CDF8009007ABDFF767FB0028DED1F7
S31508031B70002FE1D107A8DFF743FC00270DABD819DF
S31508031B800837DDF7C7FF202FF8D1002C7FF4FFAE07
S31508031B90524630460399DFF712F9044600287FF4C4
S31508031BA0F6AE409B43B11A4630460399FFF72FFB1F
S31508031BB0044600287FF4EBAE30460399DFF7BAF8FC
S31508031BC0B36D04469D4208D02846DFF727FC4046F6
S31508031BD0DFF724FC2846DBF7F3FA002C7FF407AF7C
S31508031BE0204637B0BDE8F08F0DF1540BC0E7034C20
S31508031BF0FDE6014CF4E700BF80B0FFFF80B2FFFFAC
S31508031C0038B50C46054601212046DEF715F928B9ED
S31508031C1021462846BDE83840DFF7F6B938BD2DE931
S31508031C20FF47037906468846002B6AD0D0E908950C
S31508031C30B9F1000F7AD0002D78D0B5F5005F78D2C8
S31508031C4005F1240739460120DBF7C9FB04460028BA
S31508031C5072D04FF0000A3A4AC0F808A013684946FA
S31508031C6003605368243040F8203C73682A4640F8DA
S31508031C70183C338820F8143C738820F8123CB36860
S31508031C8040F8103CF36840F80C3C336940F8045CB0
S31508031C9040F8083C0AF050FBD6F8149051464846DB
S31508031CA002AADCF789FA8C3009D039462046F5F7BB
S31508031CB04BFB6FF08A05284604B0BDE8F08751460A
S31508031CC023463A464846CDF800A0DCF705FA01460E
S31508031CD028BB484602AADCF76FFA054620B9029BD9
S31508031CE09F420AD06FF0980548460021DCF783FA2D
S31508031CF039462046F5F728FBDDE739462046F5F74A
S31508031D0023FB73690025C8F80030337E012B0BBF0C
S31508031D100223C8F8005033766FF09605CBE73946A9
S31508031D202046F5F711FB6FF09805C4E76FF08605B3
S31508031D30C1E76FF08D05BEE76FF08C05BBE700BF03
S31508031D404417040808B5054B01461880044B0022BE
S31508031D5018680AF03BFE00B1FEE708BD7061002073
S31508031D60DC1D00204FF41603F0B5ABB0044603930D
S31508031D7000230D46164604AF4322134902A88DF8DD
S31508031D8010300297D5F737FB0E212046D5F7DEFA32
S31508031D900E4B0E22034400930D49234602A80D4C0D
S31508031DA0D5F729FB3246294602A8D5F703FB214670
S31508031DB0094A02A8D5F71FFB3B46224610210120F4
S31508031DC0FFF76CFA2BB0F0BD331704084C17040859
S31508031DD03917040879E103084D1604080EB403B548
S31508031DE0054904AA05480192FFF7BCFF02B05DF84E
S31508031DF004EB03B0704700BF0A1604082417040847
S31508031E00064890F85930022B06D190F85B309B07A9
S31508031E1002D45830EBF77EBD704700BFE83D00207B
S31508031E2010B51F4C94F8483EC3F38002824235D05E
S31508031E3060F3820384F8483E70B994F8483EC3F3C6
S31508031E40C00394F88E2E174863F3000284F88E2E87
S31508031E50BDE81040D6F7FBBCB4F84A3E590609D587
S31508031E6004F61870D5F799FCB4F84A3E23F04003F4
S31508031E70A4F84A3E94F8493E062B08D10A48D5F7F2
S31508031E808CFC0023094884F8493ED5F7F1FA94F8FF
S31508031E90482EC2F380035207CFD5D2E710BD00BF41
S31508031EA0E82D0020303C0020003D0020F83C0020AF
S31508031EB008B50848D5F771FC074B93F843206FF329
S31508031EC0870283F84320B3F8502002F08002A3F870
S31508031ED0502008BD2C3E0020E83D002010B50446DE
S31508031EE0FFF79EFF34B1FFF7E3FFBDE810400D4847
S31508031EF0D5F753BC0C4890F85030D9070CD490F852
S31508031F005B20120700D5FEE743F0010380F8503043
S31508031F1001213830D6F711FCBDE810400348E9F72C
S31508031F20EBBE00BFB8420020E83D0020B0420020C7
S31508031F300379DA071ED500226FF300030371828142
S31508031F4019B1DBB262F3C303037143795B090BD19E
S31508031F50037913F0080F084B15BF5A69DA6901327A
S31508031F60013214BF5A61DA61436A1BB10022426225
S31508031F70826A1847704700BFE83D00200B6A9942FA
S31508031F8000D0FEE70B796FF382030B71036823B95D
S31508031F90C1E907330160416070470023CB61436899
S31508031FA00B62D961F7E7054890F85030DB0703D58C
S31508031FB001213830D6F7C1BB704700BFE83D002082
S31508031FC00D4A0E4B506EA2F58051984228BF18460B
S31508031FD04FF47A7391F8681E5843C90708D5926E69
S31508031FE05A43904228BF1046834238BFC01A7047E7
S31508031FF04FF47A63F8E700BFE83D00209BC420004E
S3150803200007B50D4B0DF1060118680AF049FB0B4B92
S31508032010BDF8061093F90020094B7F2A0B4413F9E0
S315080320200B0C05D17F2808BF002003B05DF804FB1D
S315080320309042A8BF1046F8E7DC1D0020E01D0020EB
S31508032040444E002038B50546EFF758FDE0B9104B66
S315080320501B6813B11B68012B16D0FFF7D1FF014686
S315080320602846EFF705FE044660B92846EFF722FE31
S31508032070044658B9014620200BF052F9054B9D71C9
S31508032080054B9D71204638BD0D24FBE70124F9E76E
S315080320907C470020504400208044002008B5EFF711
S315080320A02DFD014620B920200BF03AF90BF064F90F
S315080320B0002008BD10B4124C0246D4F83407002198
S315080320C0034613B95DF8044B70479A4207D019467D
S315080320D05B69F6E74B6943B15B694B6105E0002928
S315080320E0F8D110B14369C4F83437D37C00216FF3B0
S315080320F0410304485DF8044BD374DAF766B800BFA6
S31508032100E82D00201C350020054B9A6A02439A6283
S31508032110DA6A024303F13000DA62D5F7A9B900BFD8
S31508032120E81D0020F7B5054601290CBF4FF480507A
S315080321304FF400500C461746FFF7E6FFAE68AEB1FC
S3150803214038460097D9F78CFFBDF8042000F00F0333
S315080321501B0222F47F5222F03F0243F0800313430B
S3150803216021466846EA68ADF80430B04703B0F0BDC7
S3150803217010B40F4C0246D4F838070021034613B9A6
S315080321805DF8044B70479A4207D019461B69F6E770
S315080321900B6943B11B690B6105E00029F8D110B13E
S315080321A00369C4F83837002102485DF8044BB9E7D8
S315080321B0E82D00201C350020024BDB6A184200D1AB
S315080321C0A2E77047E81D002008B510B1182806D005
S315080321D008BD4FF48030FFF797FF0020F8E74FF468
S315080321E08030FFF7E9FFF8E710B5044690B00146DB
S315080321F06846D8F7D9FB0D9B002B14BF1846204613
S3150803220010B010BD03880BB98B8070478B681B68A9
S315080322108B6003B9FEE704330B607C238B8003884A
S315080322207C2B28BF7C238B800288D31A03807047B4
S31508032230F0B507460C461E4615468DB052B1002B1F
S3150803224031D0B3F1005F2ED3C2F1005303F5002357
S315080322509E4228D81022002108A809F0CBFF0022A5
S3150803226007AB029305AB019306AB214600933846A9
S3150803227008ABCDE90522DBF7FFFD044680B9059BCC
S3150803228032469D4228BF1D46129B07991D60074883
S31508032290069B0095F1F700F9002818BF6FF0910423
S315080322A020460DB0F0BD6FF08604F9E7A848002074
S315080322B02DE9F04F9A468BB09DF85030DFF854B1AC
S315080322C00293DBF81030804653450D461646C0F098
S315080322D09B80D146DBF804300193B9F1000F00F077
S315080322E08F80D8F83C3001225B6907A90198984783
S315080322F0079BDBF80010C3F3D312914240F08780A3
S3150803230013F07E0F1CD1D8F83C3002225B6908A96A
S315080323100198984708A8F0F775FD08270446019B16
S31508032320029A3B44002A3CD1A6420FD9361B1446CF
S3150803233040460199F0F7B9FDA9EB04090190CCE7EA
S3150803234007A8F0F75FFD04270446E8E7A41B5445EE
S3150803235028BF5446032C03EB0607AAEB040A4FEAE5
S3150803236094021CD9D8F83C30294638465B69984705
S3150803237024F0030304F003061F441D44002ED7D09C
S31508032380D8F83C3001225B6908A938469847324693
S31508032390284608A9354409F0CFFF0026C8E726468C
S315080323A0ECE7274604F00302039223442A1904920E
S315080323B00593049BDD1B059BD81B039B9F420FD1EB
S315080323C0002FB5D0D8F83C30012208A95B69984795
S315080323D03A46284608A90AF03FFF78B93D44A7E7D5
S315080323E0D8F83C30012208A95B6998470422284695
S315080323F008A90AF031FF08B9043FDAE74FF03609AE
S3150803240048460BB0BDE8F08F4FF06309F8E74FF085
S315080324106F09F5E77C48002030B5204DD5E905342A
S3150803242052B38B420FD0E1B92B6973B92A6982B3C8
S31508032430002818BF04462278D20714D5A28842B3C7
S31508032440A4EBC204F7E72B698BB140B92B681A785A
S31508032450D2070CD5DA884AB103EBC203F7E703467A
S31508032460F5E78C42E2D0C5E9053430BD13468C4204
S31508032470DCD00029DAD0F6E78B4208D0834228BF9E
S3150803248003468C4207D0844238BF0446EBE703462B
S31508032490F7E71446E7E70446E5E700BFAC4900203B
S315080324A000232DE9F04789460B60002800F0928047
S315080324B0494F7B68984280F08D80073020F00705E6
S315080324C0EFF3118A302383F311887E69AEB133782B
S315080324D07288DB074FEAC20204D5F3886BB106EBB1
S315080324E0C306F4E79542F8D816F0070303D045EA7E
S315080324F003018A42F1D3EB1806D18AF31188BFF395
S315080325006F8F1920BDE8F08772883969C3EBC20259
S315080325100139272A39614AD99D4205F1080841D06C
S3150803252008213046FEF79AFF0446A0444046DBF7E7
S31508032530EBFA628805F10F01A2EBD102A8F8022093
S31508032540E288CB08A8F8043072B3D31A9BB204EB1B
S31508032550C202A8F806309380B8F80430ED08E38081
S315080325600022314640466580FFF756FFBB680833AD
S31508032570BB60237843F0010323703B6901333B6156
S315080325806288BB6803EBC203FA68BB60934288BFE1
S31508032590FB608AF31188BFF36F8F08340020C9F8EC
S315080325A00040AFE73446C0E7A8F80620D4E79D42C3
S315080325B00ED008213046FEF751FF04462378012240
S315080325C043F00103314620462370FFF725FFD7E77B
S315080325D03446F3E7212095E7AC49002038B505468C
S315080325E0D6F7CAFC04462846D6F751FCFF2C024602
S315080325F001D0FF280ED1002038BD2B68195B1819A6
S31508032600C1F3C7111A29F7D01B5D03F07F03023301
S315080326101C44E4B2A242F0D2EDE7037910B513F0F5
S315080326200103044611D1094AD2F8EC1F8842014630
S31508032630074804BFC2F8EC3FA2F8E83FD4F7CEFD3B
S315080326402046BDE81040D4F7DCB910BDE82D0020BC
S31508032650B43D002070B504468AB0D4F7FAF8237956
S315080326600546DB07A6690FD5A3896BB961794909BD
S315080326700AD128236A462046D4F7DCFA02A9164863
S31508032680D9F796FE014610B100200AB070BDA81B03
S31508032690B0F5FA7F9DF80130F6D313F0300FC3F384
S315080326A0011202D0B0F57A7F08D302212046FFF73C
S315080326B03FFC2046FFF7B1FF0220E6E7032AE3D0F3
S315080326C023F0300343F030038DF801306A4628239C
S315080326D02046D4F7C8FBD7E71C35002070B5172466
S315080326E00B4DD5F8CC0F08B9204670BDD5F8EC3F8D
S315080326F0C669984209D00379DA0706D5DB0604D4F6
S31508032700FFF7A8FF022808BF00243046EBE700BFFF
S31508032710E82D0020F8B506461B4FFC6D14B3236855
S315080327201A4AFB65B2F86036B2F8621601339BB2F1
S315080327308B42A2F8603638BF0B46A2F862360023EE
S3150803274023601EE06B79C3F34103B34219D22846CB
S315080327500321FFF7EDFB2846FFF75FFFDDE70028B8
S31508032760DBD00EE0FFF7BAFF1728F8D12346084A4D
S3150803277052F8045F002DE5D10133DBB2042BF7D100
S315080327802C462046F8BD00BFE81D0020E82D002092
S31508032790B43D0020F8B5064650780F461546FFF7B0
S315080327A0B9FF0446002838D08022002109F022FD0B
S315080327B02878A388400040F4086040EA463023F0AE
S315080327C0820320F4EF605B0520F005005B0D1843D8
S315080327D0E781A08024626A78032A03D9236A9C4284
S315080327E00CD0FEE76379002162F342032046637146
S315080327F0D4F728F90028F1D12046F8BD094901F58F
S315080328008050CD6DB0F860261C68013A1D6092B2FF
S315080328101D4624B9CB65A0F860260024ECE72346B9
S31508032820F2E700BFE81D00202DE9F04106460F46F2
S31508032830144600210620174A86B09846FFF7AAFFD2
S315080328400546D0B1D4F705F822464044009001ACBA
S3150803285002F1100C234610685168083203C3624517
S315080328601C46F7D11822694628468DF81470D4F702
S315080328703CFB28B12846D4F7C4F806B0BDE8F08176
S31508032880009906F10800D4F77FFF29463046FFF77B
S3150803289075FBF2E766010408002370B54FF47A72F4
S315080328A00A250B60441E14F8010F00B970BDA0F188
S315080328B03006F3B2092B11D8B2F57A7F0B6805D027
S315080328C002FB0633B2FBF5F20B60ECE76B430B60D6
S315080328D02078303802FB00330B60E4E72E2804D156
S315080328E0B2F57A7F01D16422DDE70720DEE710B56A
S315080328F006490446FBF783FA352341F65832238201
S31508032900034BC4E905230123237710BD5B1704088A
S315080329100301010538B5204C94F85030DA0736D54B
S31508032920A4F5805595F8483E5B0730D494F8AA3148
S3150803293004F1800203F00F0304F5C670072B18BFD2
S315080329401046D5F7F2FE10B304F14400D4F725FF79
S3150803295095F8482ED0071AD595F8493E052B10D079
S31508032960B5F84A3E99060CD4C3F3001383F0010362
S3150803297063F341020521A4F5DC7085F8482ED5F7E3
S31508032980A9FFBDE8384000210448D5F7D6BEBDE8FF
S315080329903840FFF78DBA00BFE83D0020203E0020EF
S315080329A008B1D4F72EB8704710B5A8B10B4B1A68FF
S315080329B0904211D3D3E9024104FB012290420BD280
S315080329C0EFF31182302181F3118859680160586049
S315080329D082F31188BFF36F8F10BD00BF0C48002028
S315080329E070B500244FF060412246204E052A28D8A8
S315080329F0DFE802F038031D1F21230C23D1F8805E7C
S31508032A00ED0710D5D6F8FC5045F08075C6F8FC508E
S31508032A10D1F8005E45F48075C1F8005E0D6A002D95
S31508032A20F0D081F820300132112ADFD170BDD123CD
S31508032A30E4E78023E2E70023E0E7651C2346ECB2DC
S31508032A40DCE7A2F10E03012B0ED9102A07D14FF0AA
S31508032A506043D3F8803EDB07E8D55D23D2E7831FBF
S31508032A609B5CCBE75B23C9E75A23C7E700ED00E086
S31508032A708B4228BF0B462DE9F04705464FF0000E5B
S31508032A80A1EB030A03F00707089CDB084FEA431C7C
S31508032A9002EB43139A4205F120050FD1604405461C
S31508032AA04FEA870C03EB8707BB4240F081806044FB
S31508032AB0BAF1010A80F08B80BDE8F087166855F8ED
S31508032AC0201CA4FB066816EB0E0648F100087618C8
S31508032AD045F8206C566855F81C1CA4FB069E48F15D
S31508032AE0000616EB09064EF1000E761845F81C6C1F
S31508032AF096684EF1000EA4FB06961EEB090E46F1E8
S31508032B00000855F8186C55F8141C1EEB060645F80C
S31508032B10186CD66802F12002A4FB069E48F100064B
S31508032B2016EB09064EF1000E761845F8146C52F8A2
S31508032B30106C4EF1000EA4FB06961EEB090E46F129
S31508032B40000855F8106C55F80C1C1EEB060645F8DC
S31508032B50106C52F80C6CA4FB069E48F1000616EBA3
S31508032B6009064EF1000E761845F80C6C52F8086CF7
S31508032B704EF1000EA4FB06961EEB090E46F100085D
S31508032B8055F8086C55F8041C1EEB060645F8086C40
S31508032B9052F8046CA4FB069E48F1000616EB0906D8
S31508032BA04EF1000E76184EF1000E45F8046C71E7E7
S31508032BB053F8042B2968A4FB022612EB0E0246F1EE
S31508032BC00006521846F1000E45F8042B6CE7036815
S31508032BD013EB0E032CBF4FF0010E4FF0000E40F817
S31508032BE0043B65E7012303FA01F130235843014BFC
S31508032BF01950704740E003504FF0004238B51D4B5B
S31508032C001D4C5A664AF6CD33656C236405F00105F7
S31508032C10C0B90120F2F70AFA6368D90701D42DBBB4
S31508032C2038BD0122154B5A60154B226BD207F6D4D1
S31508032C30013BFAD1F3E70133216B080705D5934224
S31508032C40F9D1ECE700230F4AF6E79342E7D02022AF
S31508032C500A4B9A620122A3F580535A60084B064A27
S31508032C60916A8906DBD4013BFAD1D8E7024B064AB7
S31508032C701A64D5E7009000500080095000A0095057
S31508032C8041420F0040420F003254FFFF73B500253F
S31508032C9004468DF8075020466169F0F757F8266B06
S31508032CA0864209D2236AB5EB430F05D220460DF1B6
S31508032CB00701FEF711FB50B19DF80730012B04D12C
S31508032CC020460DF10701FEF707FB02B070BD01357B
S31508032CD0E1E70B4B1B788BB107280FD8EFF311826B
S31508032CE0302383F31188074B03EB0010037B0BB1E7
S31508032CF00023037382F31188BFF36F8F704700BFF6
S31508032D001C480020EC4500204FF0FF3070474FF079
S31508032D10FF307047014B186802F018B8DC1D002015
S31508032D20024B01220021186809F0EFBBDC1D0020C5
S31508032D30F5F702BD08B1D4F715BB7047C0F3C00257
S31508032D4000F00203134380000A7800F004000343EB
S31508032D5022F0070213430B7070474FF4407330B5E4
S31508032D6087B005463821002002AAADF80830FFF7D8
S31508032D7011FD044648B3A5F11003012B4FF0FF33A9
S31508032D8088BF002301228DF807308379C57162F362
S31508032D90030383710DF10701D4F7C2F890B99DF8BF
S31508032DA0073043B915230A22204603A98DF80C30A8
S31508032DB0D4F79BF830B9204603A98DF80C50D4F7FD
S31508032DC0AFF818B12046D3F71CFE0024204607B0F7
S31508032DD030BD023802288CBF00200120704738B561
S31508032DE0194C054694F85900FFF7F3FF50B394F8C6
S31508032DF058200023C2F34002013228461349D2B2AF
S31508032E00FBF77AFF94F85930022B17D194F85B3005
S31508032E101B0713D494F815324FF47A71FF2B1CBF92
S31508032E20013384F815320123094884F81432FAF772
S31508032E3051FDBDE838400748E9F78CBF0023A4F8DD
S31508032E401432F6E738BD00BFE83D002070170408C2
S31508032E50FC3F0020F43F002028B1807F00F00F00DC
S31508032E60C31F58425841704710B90520FBF7E8B805
S31508032E700520FAF7E7B910B50446D7F72BFEA3786A
S31508032E8023F0780343F02803A37010BD002814BF6A
S31508032E904FF000504FF08050FFF736B90021FE225D
S31508032EA080F8FE10C0F8001109F0A4B900B5C3B044
S31508032EB001A8FFF7F3FF054801A9D6F769FD10B97D
S31508032EC001A8FCF787F843B05DF804FB583B0020DC
S31508032ED010B504460846FFF7B5F820B9A378022BC0
S31508032EE01CBF0223A37010BD10B50446E1F732FCDC
S31508032EF04FF00043236010BD012905D14FF6FF7338
S31508032F00C31A5842584170470020704722220021AD
S31508032F1009F070B9006808B520B1F5F793F8EEF72C
S31508032F2055FC00B1FEE708BD30B5E024B9B000F1A1
S31508032F3008052246056084800021684609F05AF987
S31508032F4022466946284609F0F7F939B030BD0368C1
S31508032F500BB119607047FEE710B50446D3F779FC41
S31508032F60206000F100400138606010BD10B41446BB
S31508032F701A4623465DF8044BD3F73EBE07B502222D
S31508032F80ADF806100DF10601D3F7F4FC03B05DF8AE
S31508032F9004FB10B50A7A0446012A02D0022A04D091
S31508032FA010BD0988BDE81040E8E78388E28803F185
S31508032FB008009042F4D820681844D6F714F9A38871
S31508032FC00833A380ECE7016001B1C9694160704722
S31508032FD070B5124B92B00546D3F8141802A8FFF73A
S31508032FE0F2FF0F4E029C0CB912B070BD214604A81D
S31508032FF0D3F72BFE0D9BB3420BD10E9BAB4208D1E5
S315080330000B2200232146CDE90032064804AAD4F749
S31508033010F4FB02A8D3F7EFFCE4E700BFE82D002092
S3150803302015C00108F83500202DE9F84302F13107E8
S3150803303027F0010799467B788046013B032B0E460A
S31508033040154628D81748FAF783FB044618B32846C3
S31508033050D3F70CFC014630B101281ED02046BDE843
S31508033060F843D3F7CEBC324602212046D3F72AFDCE
S315080330707A8804F1310323F001035A80294620464E
S31508033080D3F75AFD0028E9D14A4621464046D4F7E4
S3150803309025FD0028E2D1BDE8F88332462046D3F75A
S315080330A011FDEBE76601040870B504460D46D3F730
S315080330B0E4FB30B12B462246BDE870404421014863
S315080330C0B2E770BDF83500202DE9F04106461046F3
S315080330D0884614461F46D3F7D0FBF8B11048FAF7CB
S315080330E037FB0546D0B131344146002224F00104AA
S315080330F0D3F7E8FC628805F1310323F00103284678
S315080331005A80D3F7D4FE3A4629463046D3F7BCFB52
S3150803311020B12846BDE8F041D3F773BCBDE8F0817A
S315080331206601040813B50C4601A9EEF710FB20B98E
S31508033130019B003B18BF0123237002B010BD38B5AD
S3150803314005460C4641B90068904704490246284695
S31508033150E2F708FD204638BD0720FCE779E10308B6
S31508033160082307B50A460190ADF802300DF10201AE
S31508033170002301A8EEF786FA03B05DF804FB38B519
S3150803318005460C4641B90068904704490246284655
S31508033190E2F7E8FC204638BD0720FCE707E003080A
S315080331A00346084619460BB1FAF729BE07207047A6
S315080331B013B50C4601A9EEF73BFA30B9019B03F1A7
S315080331C08002FF2A8CBF0720237002B010BD13B5F7
S315080331D00C466946EEF7D8F940B9009B019AB3F550
S315080331E0803F72F100022CBF0720238002B010BD76
S315080331F013B50C466946EEF7C7F940B9009B019A21
S31508033200B3F5807F72F100022CBF0720237002B04A
S3150803321010BD0088704708B5FFF7FBFF10F4807FE1
S315080332200CBF0320022008BD08B5FFF7F2FFC0F361
S31508033230401008BD08B5FFF7ECFFC0F3C00008BD92
S3150803324008B5FFF7E6FF00F44050A0F500535842CF
S31508033250584108BD2DE9F04104460F46144D154E55
S315080332602B88B6F800C0C3F580639BB2BB4228BF60
S315080332703B46DFF844E0E01884420AD1FB1A9FB2C2
S31508033280E1F7B1F98FB1EEF72AFC70B9E1F7D4F992
S31508033290E6E72A8814F8018B0CEB0201C1F309014E
S315080332A001320EF801802A80E6E7BDE8F08100BF07
S315080332B00A1900200C1900202C1900202DE9F04FBB
S315080332C0066804469BB03046FFF7B4FF002800F0B3
S315080332D0B981204607A9D5F739FC0546002840F0E9
S315080332E0B1819DF81C70082F40F0AC81237FDA0664
S315080332F000F1A88196F8008008F00708B8F1020FD4
S3150803330019D18DF81C0007A92046D5F78CFD9DF821
S315080333101C10002900F0A081BD4B5B785A1E914210
S315080333200CD08B4209D00133994200F00881384604
S315080333301BB0BDE8F08FB64B5978012510230C2234
S3150803334013FB0523B24D2B44A360237FDB0710D45D
S315080333503378204603F00703022B02BF6B682970F4
S31508033360AB60D5F774FD696820464B1C6B60D5F7CF
S315080333700DFC002320680293FFF75CFF002800F08A
S31508033380618120460DF10701D5F7D0FB002840F0EF
S315080333905981204602A9D5F7E9FB002840F0528156
S315080333A09C4A03AB106851689DF8075003C30298FB
S315080333B01946D3F76FFA20468DF81850D5F758FDF6
S315080333C0A368861E5FFA86F816F00106139340F083
S315080333D0B8800638C0B20C2800F2B3802046D5F769
S315080333E0BEFD3546074603466A1C002B40F0AA80F5
S315080333F0EDB2022D38BF02252046022DC5F10F096D
S3150803340018BF5FFA89F9D5F7A2FD021E18BF012274
S31508033410013DA8F10203EDB25B1045EAC30343EA93
S31508033420821303A94A4683460DF11D008DF81C3005
S3150803343008F082FF0BAA39460F2392469945C0F036
S31508033440848007AA114613980AF046FBBBF1000FBE
S3150803345006D002269DF81D308BEA03038DF81D302E
S315080334604A4603A90DF12D008DF82C5008F064FF88
S3150803347007AB09F11100C9F10F020021184408F03E
S31508033480B9FE10238DF864904FF000092046CDE964
S315080334901597CDF850B0CDF85C90ADF86060ADF8EF
S315080334A062308DF86580D5F752FD8345054652D3BC
S315080334B026688719B7424FD1159B1D44149B15954A
S315080334C09D420AD1BDF8603023B107AA1146139865
S315080334D00AF002FB0023ADF860302046D5F73FFD1E
S315080334E0179B169A0344934205464FD82046D5F7A9
S315080334F024FD002680462F18474548D1179B1D44AF
S31508033500169B17959D4215D3BDF8603023B107AABC
S31508033510114613980AF0E0FA9DF864200E2A09D892
S3150803352002F1110007AB0021C2F10F0253FA80F032
S3150803353008F060FEDDE916329A426DD0FEE745468D
S31508033540FCE6FEE715461B0A4EE7013B02F8011D9A
S31508033550DBB2090A72E7FEE7BDF86030102B06D125
S3150803356007AA114613980AF0B7FAADF86090BDF8A2
S3150803357060305A1C6833ADF860206B4416F8012B8B
S3150803358013F84C1C4A4003F84C2C93E7FEE7BDF8A6
S315080335906230102B12D10FA90F200A469DF864C07A
S315080335A0604505DD11F8013D0133DBB20B706BB3E2
S315080335B0514613980AF090FAADF86260BDF8623086
S315080335C098F800905A1C6833ADF862206B4413F8D8
S315080335D02C3C89EA030308F8013BBDF86030102B3D
S315080335E006D107AA114613980AF076FAADF8606071
S315080335F0BDF860305A1C6833ADF860206B4413F885
S315080336004C2C89EA020903F84C9C75E70138C7E78D
S3150803361008590020304400202046D5F729FCA688FF
S315080336200FAA361A5146139825680AF055FA002246
S3150803363007ABA8199DF865108A4205DB237F43F07B
S3150803364010032377002772E613F8011B0132DD7F87
S31508033650694000F8011BEDE7012768E608B5C3686A
S3150803366000209847024B1868BDE808400AF0CFBA0D
S3150803367020480020F0B40C4D049E2D788DB1072800
S315080336800FDC0A4D070105EB001494F80CC0BCF1D6
S31508033690000F06D0EB5100236660A360F0BCF1F778
S315080336A05DBEF0BC704700BF1C480020EC450020F7
S315080336B02DE9F04F0026056893462A7999B0D20971
S315080336C080460C46B1469DF888A0019304962AD0F5
S315080336D0814FD7F86C2632B36A89B2F5A06F22D820
S315080336E07E4904F10800D6F7EBFB019B08B3D3B177
S315080336F097F868360BB318342046D8F7E6FCE0B9D2
S31508033700BBF1110F63D0BBF13A0F16D12046F9F777
S31508033710B9F990B12846A9890EAAD7F7CEFE9DF81E
S315080337203830802B09D1049819B0BDE8F04FFFF75C
S3150803373037B997F86826002ADCD15246414604A8C9
S31508033740F9F785F90028EED1049DADF814006B89C5
S315080337500EAAADF8163005A928232846D3F740FB49
S31508033760282105A8D3F7B8FD9DF83E30002B7AD15A
S31508033770284602AA05A9F9F751F90446002872D181
S31508033780BDF81630002B34D1022C6AD8002C6AD027
S31508033790BDF81480A8F10806B6B2002E6CD108212C
S315080337A02846D3F7E0F9022C7FD19DF808308DF827
S315080337B03E30BDF83C3000215BBA083B5BBAADF836
S315080337C03C3028230EAA2846D3F74DFB4BE00EAA16
S315080337D02846A989D7F771FEBDF83A30D7F8A02647
S315080337E05BBA9BB2002AA8D0118A99429BD0126B66
S315080337F0F8E7294605AA03A8D8F7BAFC98BB9DF8A3
S315080338000C30012B1FD96D2B25D164BB03A8D8F720
S31508033810A8FCBDF816800646404528BF4646062836
S31508033820BDF81490B6B21ED8B9F12A0F02D19DF885
S315080338300930A3B1C84409F108041FFA88F8A4EBB0
S3150803384008035C425C4103A8D8F78BFC014605A82C
S31508033850D3F742FD94E7002C18BF0324F3E70224A9
S31508033860F1E7032C2DD0002328460493D7F87016C6
S31508033870D7F86C36984756E7202EB14628BF4FF03F
S315080338802009A6EB0906B6B2A8EB09084B4631464A
S3150803389006AA28461FFA88F8D3F7AEF94B464146D7
S315080338A0284606AAD3F7DFFA77E79DF809302821D1
S315080338B0013B8DF809302846022302AAD3F7D3FA27
S315080338C077E7F1B206A8D8F775FC06A8D8F749FC36
S315080338D04946034606AA76E7E82D0020304000202D
S315080338E038B50C4605460846E9F72DFC63780233D6
S315080338F01C44C5E9000438BD2DE9F04FABB00746B3
S31508033900016820A8D8F710FC002840F033813C68EA
S315080339106679C6F3C106012E0DD19DF89830FF2BA3
S315080339202BD123799806C3F3401817D44FF0010A0D
S31508033930CDF808A037E022A8D8F756FB002840F0B0
S31508033940198126A8D8F750FB8046002840F0128133
S315080339509DF89830FF2B10D1002EE2D1874826AA6E
S3150803396016A9D8F7ABFCCDF80880B0F1000818BF44
S315080339704FF001084FF0010A15E0814826A9D8F748
S3150803398017FD8046002840F0D98048F2FE02BDF8AC
S31508033990983023F47C539BB293420AD1331E18BF43
S315080339A00123824602933B685A89272A00F2C98073
S315080339B0FEE7744926A8D6F783FA029000284ED064
S315080339C001234FF0000A0293EDE7214616A8FFF7F5
S315080339D087FF022116A8E9F729FE002833D12146D5
S315080339E026A8F9F7A1FF04460028EED1664BD3F8BB
S315080339F03447002C35D1DFF89C91214622A8F9F7E4
S31508033A0093FF0446002837D10525604C013D17D09E
S31508033A10A37C980740F19080E369002B00F08C8023
S31508033A208022214622A8D2F76EFFC0B23F2840F271
S31508033A308380607E0CAA26A9F9F79AFF00283DD051
S31508033A404FF0000896E74378821C023B03449A42E8
S31508033A50BFD8518849BAC905B2D40432F7E7029CDC
S31508033A60BDE78022204626A9D2F74DFF237CC0B2A4
S31508033A708342A5D96469BCE7E9F765FB6178022245
S31508033A8002312144E9F796FB0028B6D0A0780CAAA0
S31508033A9026A9F9F76DFF88B1214616A8FFF720FF77
S31508033AA00025DFF8ECA0022116A8E9F7BFFD70B9D7
S31508033AB0002DA2D02B885BBAADF83030344BBDF855
S31508033AC03020B3F85C309A427FF47AAFB8E742788D
S31508033AD0831C023A10448342E5D85A8852BA91B2F3
S31508033AE0920524D535B38A0B19F902106A8852BA96
S31508033AF0C2F3813219F9022091421AD119882A8808
S31508033B00BAF85CC049BA89B252BA92B2A1EB0C06AA
S31508033B10D6F1000EA2EB0C0B4EEB060EDBF1000200
S31508033B2042EB0B02964502D0614508BF1D46043396
S31508033B30D1E7FCDD1D46FAE7203467E74FF0000AB4
S31508033B40F6E628229DF886409A81B8F1000F02D13D
S31508033B50002C40F0C38138680223818907AAD3F76A
S31508033B6069F838B92C2C00F04F8115D8CCB12B2C19
S31508033B7040F0B1812BB0BDE8F08F00BF203500209F
S31508033B801C35002030400020E82D0020A0360020F8
S31508033B90E83D0020840004083B2CEBD03C2C40F085
S31508033BA05D81D7F80090B9F80C30B9F80A10ADF86A
S31508033BB0303099422CBFC3EB0102C3EB0302DB434C
S31508033BC092B29BB2934228BF1346484608AA0CA949
S31508033BD0ADF83230F8F722FF04460028CAD1BDF8FB
S31508033BE032305BBB002C00F0E880BDF85C201D4634
S31508033BF052BAADF8162092B203929DF85B209C4602
S31508033C000492924A9E4610461646D478002C5AD1F8
S31508033C108F4C0EF2A95E04EB8E04BCF1000F40F044
S31508033C209880E2782046002A40F09180844240F248
S31508033C30BA80864B984280F0DE80FEE749460CAA96
S31508033C400AA8D8F795FA002894D19DF82830012BAD
S31508033C502FD96D2B2AD1002C8CD10423484616AABA
S31508033C600CA9D3F7BDF8002884D19DF85A3003F080
S31508033C70C002402A11D002D822B1012419E019063C
S31508033C80FBD577E724A8D7F740FC00283FF472AFA3
S31508033C90BDF89630ADF85C30EFE70623484616AA1A
S31508033CA00CA9D3F79DF80028E7D063E73F2B3FF627
S31508033CB061AF0AA8D8F755FA01460CA8D3F70CFB47
S31508033CC08DE7A446A1E7B2F800B03488A3450ED021
S31508033CD00399A14205D1BCF1000F02D194460135DF
S31508033CE0EDB29D4284BF2B463046002516460399FE
S31508033CF0644659451FD192F802B0049959450ED125
S31508033D000522544B03EB8E0383F8A72699F805304F
S31508033D1013F0180F3FF42EAF4FF000084DE0BCF137
S31508033D20000F08D10499A1EB0B0B1BF0800F1EBFE4
S31508033D3014460135EDB20EF1010E0135BEF1230F1E
S31508033D40EDB202F10402BCD1C278002A4CD01DB9E7
S31508033D50FEE720466446F7E7328803998A4237D155
S31508033D604CB90135EDB2AB4202D3012BCED9064687
S31508033D703046394C0AE0AB4203D2012DC6D0304651
S31508033D8001E0012BC2D0314B9C42BFD934F8043C25
S31508033D90039A9342BAD1A0427FF648AF2146021B43
S31508033DA0201D08F0AFFABDF8163008202380049BBF
S31508033DB0A3700523E370F9F745FABDF83220BDF879
S31508033DC030301344B9F80A209BB29A4217D2FEE759
S31508033DD0AB4206D2012D99D03046002CD3D10446E6
S31508033DE0E1E7012BF9D191E7A0427FF61FAF174B05
S31508033DF09C42D3D2FEE7043C221A011DD1E7A9F857
S31508033E000C309DF81C40A0E6012322463846009351
S31508033E1020A94346FFF74CFC3C6816AA2046A1890D
S31508033E20D7F74BFB00287FF4A5AEBDF85A305BBA2B
S31508033E309AB2C3F3CC03002B7FF49CAED2073FF5AB
S31508033E4099AE08212046D2F782FEDAE78C340020A1
S31508033E50E81D0020E82D002018350020B8F1000FD2
S31508033E603CD00123224620A938460093FFF720FCBD
S31508033E7000230CA80793D2F709FD0CA8D2F706FD71
S31508033E8010AD22AB0FCB85E80F0026A90CA8D2F7F5
S31508033E90E4FC9DF887309DF855208DF854309DF83D
S31508033EA08130112C4FEA131363F301028DF8552061
S31508033EB001D03A2C0DD13946029A07A8F8F7C7FD5F
S31508033EC038B9112CDDF81C8000F086803A2C00F0F6
S31508033ED0F48007982EE0B8F1000F0BD1BAF1000F62
S31508033EE02AD0029B5BBB22463846009320A9FFF7DC
S31508033EF0DFFB3FE6292CB4D13B680C9093F804808A
S31508033F003946029A0CA8C8F34018F8F7A0FD18B169
S31508033F100C98FEF745FD2DE60C9D2B79284668F38C
S31508033F204513A9892B71D2F71EFE16A81695FFF716
S31508033F30E3FC1698FEF734FD029B43B91AE6012300
S31508033F40224600933846002320A9FFF7B1FB3868B9
S31508033F50437913F0180F0BD1B94B93F85930033B38
S31508033F60012B3FF607AE9DF88730013B8DF8873066
S31508033F709DF88730002B3FF4FDAD8DF858300721A7
S31508033F80012316AAD2F76FFF3A2C386840F00F813F
S31508033F900123818916AAD2F74DFE00287FF4EAADDC
S31508033FA007239DF85810A74A013B3FF4E3AD12F8DF
S31508033FB0010B8842F8D100233C683B602279A38130
S31508033FC042F00102636120462271E7F7C7FE236ABE
S31508033FD09C4200F00481FEE74046B8F80C1016AA86
S31508033FE0D7F76BFA00287FF474AF2346ADF8280099
S31508033FF08DF82A000CAA2946CDF800800AA8F9F7F5
S3150803400080FF4FF6FF73BDF828209A427FF461AF0D
S3150803401008214046D2F79BFDDFF830A2169BDAF853
S315080340209C961BBA1493B9F1000F31D1DAF8A0960E
S31508034030BDF852B0BDF850A0B9F1000F3FF449AF2F
S31508034040B9F81030534520D14846D7F747FC20B96D
S3150803405048460CA9D2F7BEFBB8B1B9F82230002BF3
S3150803406000F0E2805B4510D109F112031846039369
S31508034070D7F734FC002840F0D780039B2946184617
S31508034080D2F7A8FB002840F0CF80D9F83090D3E7C1
S315080340904146D9F80430D9F808000CAA98470028ED
S315080340A07FF417AFD9F80090BDE74146D9F8243015
S315080340B0D9F828000CAA98470BE74046B8F80C101D
S315080340C008AAD7F7FAF9814600287FF402AF2346F0
S315080340D0ADF858008DF85A000CAA2946CDF8008089
S315080340E016A8F9F70EFF4FF6FF73BDF858209A4244
S315080340F07FF4EFAE9DF82030802B42D116A8D2F775
S31508034100C5FB0CA8F8F7BEFC00283AD00AA8D2F7D4
S315080341108FFB8123484630214B4A8DF82830FEF71A
S3150803412039FB814668B304220AA9B8F80CA0D2F76A
S31508034130DCFE002837D1B8F80A300AF1040292B235
S315080341409B1A414648469BB2D2F729FF58BB95E8C6
S315080341500F000DF1680C8CE80F009DF83030FF2B2B
S3150803416003D00CA916A8D2F778FB3A22484616A913
S31508034170FCF7F6FBB8B94846B9F80C100AAAD7F7FC
S315080341809CF908214046D2F7E2FC304BD3F8905607
S31508034190002D3FF49EAED5E90060414608AB0CAA54
S315080341A0B047AD68F4E74846D2F72BFC91E6437966
S315080341B0C3F3C103022B7FF4FEAE112C7FF4FBAECF
S315080341C0818916AAD7F779F900287FF4D3AC4BF679
S315080341D0F073BDF85A209A427FF4EDAECAE421463D
S315080341E01B48D3F758F81B48D3F742F92579EB0749
S315080341F018D5F8F765FCA8B1C5F3001645F0100500
S315080342002571FEF76BFA237966F30413237110B944
S31508034210F8F756FC30B120460221FDF789FE204601
S31508034220FEF7FBF9002074E64046B8F80C10D2F7FF
S315080342309AFCB8F80C30002B3FF437AFFEE700BF03
S31508034240E83D00207217040866010408E82D0020DB
S31508034250B43D0020F43D0020437907B55B0908BF48
S315080342600A4A019002BF936901339361838823F451
S31508034270C45343F08003838001A8FFF73DFB0198ED
S3150803428003B05DF804EBFEF78BBB00BFE83D0020E7
S315080342902DE9FF4100F12807044638460E46D4F7B0
S315080342A044FA28B9204604B0BDE8F041E9F706BC4C
S315080342B004F16C00E9F750FB012E24D894F8B531C4
S315080342C004F5DA75FF2B1CBF013384F8B531574B58
S315080342D0284693F8682ED20745BFA022B3F86A3E4C
S315080342E04FF47A71534341BF4FF47A7203F5FA7365
S315080342F0B3FBF2F39918012384F8B431F9F7EAFA10
S315080343002846E8F727FD0D20FEF727FD0546002872
S315080343107FD00121E278D3F7DBFEC0B9012E09D09D
S31508034320032E0BD06178042953D8DFE801F0145320
S315080343301514140004F58C70D4F752FF08230321CF
S31508034340284604F58C72D3F78CFE0028EAD0284653
S31508034350D2F757FB5DE0FEE7DFF8D4800021284655
S31508034360B8F85C20D3F7BFFE0028F0D12846E8F753
S3150803437071FC02460028EAD1022E18BFE268022120
S315080343802846D3F7BCFE0028E1D12846E8F78CFC7B
S315080343900028DCD1254B93F8682ED60719D593F850
S315080343A0693E8DF800005BBAADF801306A4603230F
S315080343B050212846D3F755FE0028C8D1D8F86820D7
S315080343C00AB9D8F8642055212846D3F798FE002859
S315080343D0BDD10021E37898071ED548F2FE020023D3
S315080343E0394602A8CDE90023D7F77DF8694628465A
S315080343F0EAF74CF80028AAD1E3781B0712D4FDF78D
S315080344006DFD0A4B93F8680EC04300F00100F9F7F7
S3150803441093FC04B0BDE8F0812846EBF76EFF00284D
S31508034420DBD094E70120FDF759FDF2E7E82D0020DC
S31508034430E83D002000212BE72DE9F04F054685B01E
S315080344400E200E46FEF789FC044668B3B0464FF0C5
S31508034450000A96F82090634FB14407F5805BC1457F
S3150803446025D1204606F12A01EAF710F8002865D176
S31508034470BAF1000F18D048F2FE075A4ED6F8344759
S31508034480002C40F09380EB781B070DD4564BD6F8D7
S31508034490381701A8029301948DF80C40D7F7E8FE64
S315080344A0019B002B40F0978005B0BDE8F08F18F804
S315080344B0013B132B2CD8132BD1D801A252F823F086
S315080344C02D4503085F440308514503085F44030861
S315080344D083450308954503085F4403085F440308B7
S315080344E09D4503085F4403085F44030849450308D9
S315080344F05F4403085F4403085F4403085F440308F3
S315080345005F4403085D4503085F44030869450308D8
S315080345101B2B47D0552BA2D197F8683EDA079ED5B1
S31508034520324B9A6E02B95A6E552113E00021204682
S31508034530BBF85C20D3F7D7FD002890D0204605B0FA
S31508034540BDE8F04FD2F75DBA2046E8F783FBF3E7F9
S315080345500221EA682046D3F7D2FDEDE701221121AD
S315080345602046D3F7B5FDE7E7EB7899073FF577AF2D
S3150803457001212046EBF7C1FE0028DFD14FF0010ADF
S315080345806DE70421204696F8293006F12102D3F770
S3150803459068FDD1E70521D7F8002EDBE70821D7F810
S315080345A0042ED7E72046E8F77FFBC5E7238823F4DD
S315080345B07C53BB4214D021462846EBF779FE78B9DB
S315080345C021462846EBF78AFE50B9204605F50471BD
S315080345D0D2F700F920B9284605B0BDE8F04F29E718
S315080345E064694DE7E82D00201C350020E83D0020CE
S315080345F000F00CB800F00AB800F008B800F006B8E6
S3150803460000F004B800F002B800F000B872B61EF065
S31508034610080F09D01EF0040F0DD0DFF850E0AEE8FE
S31508034620FF1F6FF002000CE0DFF840E0AEE8FF1F63
S315080346306FF00E0005E0DFF834E0AEE8FF1F6FF019
S3150803464006006946EFF309828EE80700864608489E
S31508034650084C854501D3A54501D384F30888EDF7AE
S3150803466080FB84F30888EEF74FFA0000C061002048
S31508034670480000200818002008B5064B044613B165
S315080346800021AFF30080044B1B6803B1984720460B
S31508034690D9F77FFB00000000385E002070B50D4D8A
S315080346A000260D4C641BA410A64209D10B4D002607
S315080346B00B4C09F0F5FA641BA410A64205D170BD8C
S315080346C055F8043B01369847EEE755F8043B01369F
S315080346D09847F2E704640020086400200864002071
S315080346E00C6400202DE9FF470F7E914680460C4651
S315080346F0782F9A460C9E01F1430207D8622F0AD8EF
S31508034700002F00F0DD80582F00F0C38004F1420625
S3150803471084F842703AE0A7F16303152BF6D801A192
S3150803472051F823F07D470308914703080D4703080B
S315080347300D4703080D4703080D4703089147030868
S315080347400D4703080D4703080D4703080D470308DC
S31508034750A74803081F4803085F4803080D470308CB
S315080347600D470308C94803080D4703081F480308EC
S315080347700D4703080D4703086748030833681A1DDE
S315080347801B68326004F1420684F842300123A8E02C
S3150803479031682368081D30601E0601D50D6803E0DD
S315080347A05D06FBD5B1F90050002D616878DA2D2036
S315080347B00029A16084F843002DDA6D425D480A2377
S315080347C01646B5FBF3F103FB1157C75D06F8017DE2
S315080347D02F460D46BB42F4D9082B0BD12368DF07B6
S315080347E008D5236961689942DEBF302306F8013C80
S315080347F006F1FF36921B22614B4603AA2146404621
S31508034800CDF800A007F0FEFC01306FD14FF0FF3062
S3150803481004B0BDE8F08723F004032360CDE72168DD
S315080348203368080653F8045B02D4490648BFADB299
S315080348306F2F33603F4814BF0A230823002184F8E7
S3150803484043106668002EA660BADB216821F00401CE
S315080348502160002DB4D1002EB2D11646BCE72368D9
S3150803486043F02003236078273348236884F8457088
S315080348701F06316851F8045B02D45F0648BFADB220
S315080348803160D90744BF43F0200323601DB11023C9
S31508034890D4E72848E9E7236823F020032360F6E7EB
S315080348A024480A23CDE733682568181D61693060F3
S315080348B02E061B6801D5196002E06806FBD5198028
S315080348C000231646236197E7336800211A1D3260D1
S315080348D01E686268304607F007FD08B1801B6060F2
S315080348E063682361002384F8433085E723693246E6
S315080348F049464046D047013088D023689B0714D4DD
S31508034900E068039B9842B8BF184681E701233246FD
S3150803491049464046D04701303FF478AF0135E3684E
S3150803492003995B1AAB42F1DCEAE7002504F11906A1
S31508034930F5E700BFAE570408BF570408024B034404
S31508034940587800F020007047AD560408024B03441C
S31508034950587800F097007047AD56040807B50093DA
S3150803496013460A4601460348006807F0FCFC03B0F1
S315080349705DF804FB546300200CB4184B30B50C1EC9
S315080349809DB01D6808DA8B234FF0FF302B601DB0EE
S31508034990BDE8304002B070474FF4027302900690A8
S315080349A002A9ADF8143014BF04F1FF332346209A45
S315080349B02846049307934FF6FF73ADF8163021ABD9
S315080349C0019300F00DF8431CBCBF8B232B60002C0E
S315080349D0DDD0029B00221A70D9E700BF546300207A
S315080349E02DE9F04F98468B899DB007461B060D4661
S315080349F0144610D50B6973B94021D9F774F82860A2
S31508034A00286130B90C233B604FF0FF301DB0BDE879
S31508034A10F08F40236B610023CDF80C804FF001091A
S31508034A20DFF8A081099320238DF8293030238DF8E8
S31508034A302A3023469A4613F8012B0AB1252AF9D1B7
S31508034A40BAEB040B0BD05B4622462946384607F0D9
S31508034A50F3FC013000F0A780099A5A4409929AF8A0
S31508034A600030002B00F09F8000234FF0FF320AF13D
S31508034A70010A049307938DF853301A93CDE9052356
S31508034A80544605224F4814F8011B07F02DFC049AD7
S31508034A90D8B9D00644BF20238DF85330110744BF35
S31508034AA02B238DF853309AF800302A2B15D0079A02
S31508034AB0544600204FF00A0C214611F8013B303BBF
S31508034AC0092B4BD9B0B1079214E0A0EB0803A24611
S31508034AD009FA03F313430493D2E7039B191D1B68CF
S31508034AE0002B0391BBBF5B4242F002020793079375
S31508034AF0B8BF049223782E2B0AD163782A2B32D196
S31508034B00039B02341A1D1B6843EAE3730392059356
S31508034B10DFF8C0A003222178504607F0E5FB38B139
S31508034B20A0EB0A004022049B0134824013430493FA
S31508034B3014F8011B062224488DF8281007F0D4FB25
S31508034B40002836D0214B1BBB039B073323F00703EF
S31508034B5008330393099B334409936AE70CFB023230
S31508034B600C460120A8E7002301344FF00A0C194626
S31508034B700593204610F8012B303A092A03D9002B4E
S31508034B80C6D00591C4E70CFB012104460123F0E7CF
S31508034B9003AB2A4604A9384600930D4BAFF30080AE
S31508034BA0421C0646D6D1AB895B063FF52DAF09985D
S31508034BB02CE703AB2A4604A938460093044BFFF7B0
S31508034BC091FDEDE7D0570408DA5704080000000002
S31508034BD039C40308D6570408014807F0D7BC00BFF1
S31508034BE0690345EC1046044A1368591E033102D873
S31508034BF00021116018477047A4630020034B186807
S31508034C00034B002808BF1846704700BF3C5E0020C8
S31508034C100C580408014807F06CBE00BF445E002028
S31508034C2013B50B4C0229226005D10A4807F061FE29
S31508034C30002002B010BD0A4600930146064B0548FC
S31508034C4007F038FE003818BF01204000F1E700BF1F
S31508034C50A4630020445E0020E54B0308014807F0DF
S31508034C6059BE00BF445E00200021014807F074BE08
S31508034C70445E002008B5064B1B68013305D0FFF7D1
S31508034C80EDFF80F00100C0B208BD0020FCE700BFBD
S31508034C90A46300202DE9F843DFF860900646D9F8A7
S31508034CA0008008461746B8F1000F03D00E242046A5
S31508034CB0BDE8F88306B3336801331DD1E1B100F0CB
S31508034CC075F805460028F1D0C9F8000000F0DAF8AF
S31508034CD0284607F062FC044640B14046C9F80080FE
S31508034CE000F0D0F8284607F053FCE0E73560002FBC
S31508034CF0DDD02846B847DAE72124D8E7405E002006
S31508034D00024B1868003818BF01207047405E002020
S31508034D1038B50C4601F00EFEA3780B4A13705A1EDB
S31508034D2055425541A8420CD0012B04D02846BDE86C
S31508034D30384001F0E1BD204601F0CEFD0028F5D04C
S31508034D4038BD0020FCE700BF8B610020002108B5B1
S31508034D50024B08465B689847002008BDC0630020DD
S31508034D6010B5FFF74BFF0D4B0C461A1A5342534126
S31508034D708B4201D1002010BD094B1B683BB9094A78
S31508034D80064B002C08BF1346074A1360F2E707F0E1
S31508034D90E6FE0028F3D00220EDE700BFE457040837
S31508034DA0405E00200C5804083C5E0020F8B5044613
S31508034DB008F01FFF002607460E4B1B6893B19E6833
S31508034DC0AEB196F82420D20711D435460FCC0FC5B9
S31508034DD00FCC0FC523682B6096F8243043F00103E4
S31508034DE086F82430384608F012FF3046F8BD1B68AB
S31508034DF0E4E700BFB4630020431E033306D8044B1D
S31508034E00984228BF1846642838BF6420704700BFF5
S31508034E1040420F0038B5184B05461B680C4603B1CC
S31508034E20984744B1236833B11B68013303D0E36859
S31508034E300BB1A36843B908F025F900209122412153
S31508034E4000F0C4FA212038BD204603F085F8002374
S31508034E500A4A85F84831C5E93A43136053606369DA
S31508034E6043B1074A42211068B322C31A584258412C
S31508034E7000F0ACFA0020E6E798600020A86300205B
S31508034E80D060002010B5044618B9054B054A1360CF
S31508034E9010BD00F0AFFDD4F8F430002BF6D1F4E7DB
S31508034EA06DC60308B8630020084B10B4002A14BF64
S31508034EB014461C46064B1C6019B15DF8044B07F0F3
S31508034EC0E2BB08465DF8044B704700BF6DC603088E
S31508034ED0B863002008B502460868FFF78DFF086027
S31508034EE04868FFF789FF48608868FFF785FF886089
S31508034EF0C868FFF781FF0B69C860581C03D00B48C5
S31508034F00834228BF03460B614B69581C03D00748E5
S31508034F10834228BF034688694B61FFF76DFFBDE8E7
S31508034F2008408861104601F067BC00BF40420F0085
S31508034F30D0F8EC302DE9F04105460C4613B1038E43
S31508034F408B424CD0D5F8E830002B4BD09E68002E08
S31508034F5048D0D868002845D0013800B200281ADBA3
S31508034F60002106E0128A591CA24217D209B28842C6
S31508034F7011DB0B1803EBD3735B1003EBC30206EBCE
S31508034F808202B2F80EC003F1FF3EA445EAD90FFA2E
S31508034F908EF08842EDDA2120BDE8F0814FF6FF72E4
S31508034FA099B29142F7D09BB203EBC30306EB830690
S31508034FB02846B6F9122095F83C11D5F8FC80D8F79F
S31508034FC055FF0746B8F1000F04D00023324628469A
S31508034FD01946C0472C86C5F8EC6085F8457100204C
S31508034FE0BDE8F0810E20BDE8F08100BF2DE9F0474A
S31508034FF082B004460F46164601F0A2FC00287CD16F
S31508035000584D2B68D4F8E890D4F8EC8013B14B4587
S3150803501000F087804FF0000AAF6002F071F90128AB
S31508035020074604D001210022084607F0F1FA204674
S3150803503007F034FF002851D12B68D9F80010D8F8A7
S31508035040002013B11868884278D0204607F0F7FE87
S31508035050454BC5F800901A78C5F804808DF80760A3
S315080350606ABBD4F8FC50002D6FD0114620460DF1CB
S315080350700703A847204601F027FF0546BAF1000FA4
S3150803508000D08EB1B5FA85F040F2FE3233214009DD
S3150803509000F09CF93146204602F038F8334B0546B2
S315080350A0414620461B689847D4F898304BBB012FD6
S315080350B001D06DBB0025284602B0BDE8F087D4F8B9
S315080350C0EC30B4F9481023B1B3F912309942A8BFAA
S315080350D019463246204601F04BFECBE794F82530B5
S315080350E09A07A9D5D4F8A0305B05A5D5204B01228C
S315080350F0002120461B6898479EE70023194D6B60DD
S315080351007FE700224FF40073204600F083FCCEE7C6
S31508035110184B00215B6803209847284602B0BDE870
S31508035120F0876B68002B3FF475AF43457FF472AF86
S31508035130AB689F42BED04FF0010A6DE7696811B1AB
S315080351400968914284D059687FE794F82A1094F83D
S3150803515045313246994228BF1946204601F0D6FD05
S3150803516088E700BFA8630020AC560408B86300208C
S315080351709C600020C0630020F8B50F46054608F07A
S3150803518038FD394606462846FFF7D2FE044620B1BF
S31508035190304608F03CFD2046F8BD02F091F8224659
S315080351A039462846FFF722FF04460028F0D1284649
S315080351B007F074FE0028EBD095F8253013F00203A8
S315080351C00DD0D5F8A0305B050DD5B5F83631BB4201
S315080351D00BD0B5F83831DB1BB3FA83F35B09044A02
S315080351E082F8DC30D4E72346F9E70123F7E700BF63
S315080351F0003E00B070B504460E4608F0FAFC314688
S3150803520005462046FFF7B8FF044620B9044B014676
S315080352105B6803209847284608F0F9FC204670BDCA
S31508035220C063002070B5044600200D4607F02EFF24
S31508035230094B1B784BB9D4F8FC6036B1294620468E
S31508035240B446BDE870401A46604729462046BDE87D
S31508035250704007F0E3BD00BFAC56040813B56946B2
S31508035260044607F086FA0C4B1B783BB19DF80030D1
S315080352700C2B03D0B4F94E0002B010BD204607F03C
S31508035280AFFCFF28024605D020469DF80010D8F744
S31508035290EFFDF1E70148EFE7AC5604080080FFFF8E
S315080352A030B4064DBDF908402D781DB1029430BCC3
S315080352B007F0B7BD0E2030BC704700BF95610020CC
S315080352C0F0B507460E46154685B00AB9D0F8985084
S315080352D02946384607F05DFAEB0702D5384604F047
S315080352E0EFFF02F0B1FAEC46254B04460FCB05F463
S315080352F080358CE80F00002E2ED0FF2C0DD1336895
S3150803530000937368019385B1009B01332ED122461E
S315080353106146384607F022F90CE056F8242004AB18
S3150803532003EB840343F8102CD5B922466146384665
S3150803533007F043FE70B96EB1FF2C0FBF009B04AB99
S3150803534003EB840353F8103C05BF3360019B46F80F
S315080353502430736005B0F0BD002DE6D0FF2CD3D002
S3150803536004AB03EB840353F8103C00E0019B0133C1
S31508035370CDD022466146384602F000FADAE700BF86
S315080353804058040808B50B460249194007F0F3F9D3
S31508035390002008BD07001100024B1860024B196074
S315080353A0FEE700BF5C600020BC63002038B5044DEF
S315080353B0044C054B286021601A60FFF7EDFF38BDE2
S315080353C05C600020BC6300206060002010B550B903
S315080353D00548064B0160064802601868054B1860C5
S315080353E01868FFF7E3FF10BDBC630020405E00208A
S315080353F0606000205C600020054B1B680BB91846EB
S315080354007047834201D01B69F8E70120704700BF44
S3150803541068600020094A13680BB918467047834227
S3150803542007D11B6901201360054A1368013B136002
S31508035430704703F110021B69EEE700BF686000209E
S31508035440646000202DE9F74F064608F0CCFBDFF829
S315080354502881012398F800B0DFF820910190BBF169
S31508035460000F06D089F8003003B0BDE8F04F08F006
S31508035470B5BB3F4F88F8003089F800B007F0A0FAAB
S3150803548008B107F09BFA3D683A495DB9DFF8F0A021
S31508035490DAF800200024AA423B682ED84FF0FF31E1
S315080354A034483AE06B7D8BB12B68B34202D09A1B22
S315080354B08A420BD96A6813442B60AB68003A18BF53
S315080354C00122003B18BF01236A75AB752D69DCE71A
S315080354D0907D20B1107D88429CBF0146144612690F
S315080354E0002AF5D1002CD9D094E80B00A275411AED
S315080354F0E268204698470135CAE71A46FF21EFE7CF
S315080355005A7D4AB11A68B24224D0921B824221D8E4
S31508035510914201D311461C461B69002BF0D15CB19D
S315080355202046FFF777FF38B13B683C602361DAF81A
S3150803553000300133CAF800303B685A7D6AB907F070
S315080355403BFA064699F80030002B95D1019888F85E
S31508035550003089E71C460021DEE7186800F0D2F818
S31508035560044607F029FA0646002C85D1EAE700BF68
S3150803557068600020FCFFFFBF8D6100208C6100205E
S315080355806460002038B5054608B31822002106F0E2
S3150803559031FE08F028FB02462846FFF72DFF20B107
S315080355A0104608F01BFB022038BD0A4B1C6854B989
S315080355B009491D600B68104601332C610B6008F01E
S315080355C00DFB2046F0E704F110032469EFE72120D9
S315080355D0EAE700BF686000206460002038B5044627
S315080355E0FFF70AFF08F0FFFA05462046FFF704FF10
S315080355F0637D23B9284608F0F1FA0E2038BD002347
S315080356006375064B1B68A34203D107F0D5F9FFF769
S3150803561019FF284608F0E2FA0020EFE76860002041
S315080356202DE9F84FDDF82890984604460D4692462C
S31508035630FFF7E2FEDDF830B008F0D5FA074607F0C3
S31508035640BBF906462046FFF7D7FE637D23B12046FE
S31508035650FFF7C4FF0023A375BAF1010F21D175B96A
S31508035660B8F1000F1FD1B9F1000F03D05A463146DE
S315080356702046C847384608F0B1FA002017E03544F3
S315080356800C4BAA1B9A420ED8012363759DF82C303E
S31508035690304684E820032375C4F80CB0FFF7D2FE1E
S315080356A0E8E7AE42ECD1384608F098FA2120BDE87F
S315080356B0F88F00BFFCFFFFBF2DE9F0410746884678
S315080356C0FFF79AFE08F08FFA3D68064607F074F965
S315080356D07B7D7BB185420DD0094B2C1A9C4209D898
S315080356E0304608F07BFAB8F1010F08BF254628466D
S315080356F0BDE8F081304608F071FA0025F7E700BFE8
S31508035700FCFFFFBF0023024A194600F083BA00BF15
S3150803571083C903082DE9F0418AB001AB0C46054657
S3150803572024221846134906F007FE0027002C08BF53
S315080357300446384604F10C0690B95FFA87F84246E0
S315080357402846218807F0ADFB50B942462846E1882A
S3150803575007F0B8FB20B942463146284607F0C5FB91
S315080357600137032F06F1080604F10204E4D10AB04F
S31508035770BDE8F08174580408F0B589B005460E46AD
S3150803578001F086FE044600BB01AC06F10C070FCFF9
S315080357900FC497E8070084E8070001A92846FFF71E
S315080357A099FB2846311D07F006F8044648B92846EA
S315080357B0074900F0D5FF044618B9284601F032FE1A
S315080357C0044628463168FFF7A5FF204609B0F0BD11
S315080357D06C580408024B0022196807F0F5B800BF95
S315080357E0AC550408024BD868C0F30360704700BF82
S315080357F0000002B810B5054C237823B104F0B2F8BB
S315080358000020207010BD0E20FCE700BF9061002029
S3150803581008B504F075F80122014B00201A7008BD7B
S31508035820906100202DE9FF478F7880460F2F0D469C
S3150803583003D9212004B0BDE8F08727B901224A4BD2
S315080358401A700020F6E70E784C7826BB002CF0D1A8
S31508035850E88803F0B7F9C30943EA4163C01A61EB61
S31508035860D11103F0EFF9FF288146E2D056EA040383
S31508035870A888DFF80CA113D003F006FB4FF6040340
S31508035880BAF8002001469A4268D1B442234638BF83
S315080358903346002431E0082ECBD8082CC9D8D7E7DD
S315080358A003F0F2FA4FF60403BAF8002001469A42C7
S315080358B008D12E4B1B6E9BB2934208BF4FF60503C6
S315080358C0AAF80030B1F5803F284B0FD902221A6691
S315080358D08022C3F88020082301241E4649084FF670
S315080358E0FF720139914228BF114608E0012480223C
S315080358F01C66C3F8802008231E460029EFD1002220
S3150803590002920122013FFFB200920197324608F53F
S31508035910827003F0DDF81CB14FF48012144B5A65FC
S3150803592095F90310484603F0C1F90221114BAA68F9
S315080359301A600D4B197098F82E30013B8B4280D8AC
S31508035940032301200C4AC2F850320C4BC3F8500209
S31508035950C2F864120422C3F8642272E70348026693
S31508035960AAF8003091E700BF8E61002000C001B895
S3150803597000D001B878600020006001B8005001B873
S31508035980F4630020F8B504460F46164608F031F9C5
S315080359900546A047044620B1284608F038F92046AC
S315080359A0F8BD06F0AFF804220549D1F8F03E23EA1C
S315080359B007033343C1F8F03E024B5A64ECE700BFD2
S315080359C0003000B0002002B800F01803182B0AD0E4
S315080359D003070AD440F2011310F0100018BF184643
S315080359E0034BD86770470020FAE70120F8E700BFA2
S315080359F0003F00B038B10368044A002B08BF1346BA
S31508035A00034A13607047014BFAE700BF99CA0308B4
S31508035A10D463002010B4D0E9584122400B4052EA1F
S31508035A20030104D003495DF8044B096808475DF888
S31508035A30044B7047D46300200F2938B505460C4636
S31508035A400ED801F05DFC01280CD1074A2846936E4F
S31508035A5023F00F032343936607F0A5FA002038BD06
S31508035A602120FCE70220FAE7003F00B008B50E4BF9
S31508035A705A6C12F0A00F01D0002008BD9B6C5B077F
S31508035A800FD40A4BD3F8F03E23F07F4323F0FF03EA
S31508035A903BB1FFF7A7FE0928EED00C3818BF012043
S31508035AA0EBE70120E9E700BF000002B8003000B0C9
S31508035AB0074A084B30B10221C2F864120422C3F81C
S31508035AC0642270470421C2F864120222F7E700BF72
S31508035AD0006001B8005001B870B50D46064620B9F6
S31508035AE01A4B1B68CBB10E2016E001F009FC0128FE
S31508035AF02AD1174BD6F8F00093F9004007F059F965
S31508035B00C4F11C04241A641BC4F12B03002BB8BF6D
S31508035B105B42232B0CDD212070BD01F10F03002B03
S31508035B20B8BF5B42232BF6DC094B19700020F3E759
S31508035B3086F8285008F05DF8054660B201F018F8B3
S31508035B40284608F064F8F1E70220E5E7405E0020FE
S31508035B508F61002010B5044607F0A0F910B10120A3
S31508035B6001F050FC204601F069FB04F07FFB08F0C6
S31508035B7040F80A4A0121D2F8C03E044623F020031E
S31508035B80C2F8C03E0222064B08469A60054B5B687C
S31508035B909847204608F03BF8002010BD003000B0B7
S31508035BA0001002B8C063002008B506F076FF80220D
S31508035BB0024B9867024B1A6108BD00BF003F00B04D
S31508035BC0000002B8014B1868704700BF84600020C4
S31508035BD037B508F00EF801230022002400930023AA
S31508035BE0054619461046019405F08CFD052002F07A
S31508035BF061FE064B21461C60054B02205B689847ED
S31508035C00284608F004F8204603B030BD8C6000200F
S31508035C10C06300202DE9FF4102290D461646984622
S31508035C20039004D1FFF7D4FF04B0BDE8F08107F071
S31508035C30E0FF1E4F04463B683BB1B34205D007F06D
S31508035C40E6FF002321203B60EEE7194B0022C3F849
S31508035C5000803E60002301264FF0000810461946CF
S31508035C600196009605F04EFD124B052083F8008039
S31508035C7002F020FE43462A46052003A902F038FE11
S31508035C800D4B039A1A6008B92046D8E70B4D2B68C3
S31508035C909847212804D0204607F0B9FF0020C3E718
S31508035CA031466B6802209847F5E700BF8C600020F1
S31508035CB0886000209361002084600020C063002070
S31508035CC0044B5B6E9B044EBF0120034B187800F010
S31508035CD00100704700C001B89361002090F827308F
S31508035CE0023B022B05D84B7C9BB1012B13D0022B0D
S31508035CF013D0D0F868311B0609D5D0F8A4300D2B7C
S31508035D0002D00F3B022B02D88B8A1A2B07D806F030
S31508035D103FBF04487047044870470448704704481F
S31508035D20704700BF20A1070048E8010040420F0062
S31508035D3080841E000A78022A11D0101F424242416B
S31508035D4052004B781201022B0BD0191F4B424B41C1
S31508035D505B000549054842EA8312FFF713BE012291
S31508035D60EFE70123F5E700BFF0FFFF0049730308D8
S31508035D700B78022B10D0181F434243415B004A7825
S31508035D80022A0BD0111F4A424A4152000F210448E6
S31508035D9043EA8202FFF7F6BD0123F0E70122F5E79E
S31508035DA075730308D0F8B03010B5994204460ED07F
S31508035DB0C0F8B01002F0EAF90649A4F84001012335
S31508035DC0054AD1F8FC1004F5827004F08BFB002019
S31508035DD010BD00BF004F00B0A43F00B02DE9F74344
S31508035DE004460F4615461E46FFF740FE38B3A38AF8
S31508035DF02BB3204606F041FD78B9754BD3F8F02E40
S31508035E001EB10E2003B0BDE8F08302F03003102B59
S31508035E10F7D002F0C002402AF3D0DFF8DC8104F0A1
S31508035E2025FAD8F81430D907EBD507F0E2FE06466B
S31508035E30032002F043FE20B1304607F0E8FE0220B5
S31508035E40E0E7D8F8142012F00608F5D1304607F033
S31508035E50DEFE5F4B4FF400612046D3F8F09ED3F87D
S31508035E60C86E05F0B7FF40B14FF400720121594BD4
S31508035E7008465A64424606F0CBFB94F825309A073F
S31508035E8007D5D4F8A0305B0542BF4FF40022524B26
S31508035E905A6439462046FFF76FF94D4BC3F8F09E0F
S31508035EA0C3F8C86E0028ADD194F82430980601D4F7
S31508035EB0002D4ED0C5F3400004F0DCFD022315F493
S31508035EC0807F1FBF444A002153644FF03A420BBFF9
S31508035ED0404A91615364536305F014FE4FF480639B
S31508035EE015F0040F14BF3D4A3D4A3A4E1365042381
S31508035EF028467364FFF768FD204606F093FE38B11B
S31508035F004FF4807315F0010F16BF334A7364536455
S31508035F10A90647D54FF6FF72B4F8423093420FD01D
S31508035F20304A3149526F100CC2F301120132B3FBE6
S31508035F30F2F30880294A2A492C481B044867536701
S31508035F40003D18BF012594F8243065F3451384F8FA
S31508035F502430204606F0A2FFF0B1204606F062FE82
S31508035F60D0B14FF40031204605F034FF431C032219
S31508035F709BB21F4801A907F07CF89DF8042002F09C
S31508035F800703052B9DF8053015D112070DD443F4E5
S31508035F908073184AC2F8D030002003B0BDE8F04336
S31508035FA007F074B801F06CF9CAE713F0040F09D1C6
S31508035FB09DF80630EBE703F03002202A05D113F0EB
S31508035FC0010FF4E74FF48073E3E79DF80630E0E743
S31508035FD0003000B0002002B8001002B8005001B823
S31508035FE0006001B8004001B8F66300200000FFFF17
S31508035FF00C0000BA003E00B000C001B82DE9F34119
S315080360000646884615461F4607F0F3FD0446032051
S3150803601002F054FD38B1204607F0F9FD0E24204658
S3150803602002B0BDE8F081042002F048FD0028F2D151
S31508036030204607F0ECFD01232A4641463046FFF782
S31508036040CDFE04460028EAD1DFF8CC8067B388F88A
S31508036050000039463046FFF7E5FB00284ED198F88D
S315080360600030012B1DD02022254B5A64254B9B6FEC
S31508036070B3F5817F20D2012007F024F807F0B9FD94
S31508036080214B06461B680193D3B902F073FD15F03D
S31508036090800527D1012002F079FD284604F0E8FBA4
S315080360A026E004F0FBFBBAE798F80030012BF8D09A
S315080360B0002BD8D12124B2E78022144B1A61DAE7E0
S315080360C0042002F0F7FB00230122042001A902F0B1
S315080360D00FFC0028D9D104F02FFD2124304607F000
S315080360E096FD9CE700220A4B01209A6702F04EFDB3
S315080360F0084B01215B6800209847EFE704468EE7C3
S31508036100001002B8003F00B078600020000002B813
S3150803611000C001B8C06300208E61002010B50C468C
S3150803612019B106F0BBFE00B10434204602F0ACFEFA
S31508036130024B4042C3F8E00E002010BD003000B009
S31508036140C38E70B593420C4615461CD3036D8B421A
S3150803615008BF002407F04DFD0646FFF743FBC31FA0
S31508036160DBB2022B01D90C2803D1084B5B6C9B03CA
S3150803617004D401222946204601F09EFC304607F046
S3150803618046FD002070BD2120FCE700BF000002B8D1
S315080361902DE9F0410B460646154611B92120BDE8FF
S315080361A0F081002AFAD0032905D8002201F0F6FD6A
S315080361B003460028F2D01C889A78B4F5804F02F07B
S315080361C0070180F08480A1F1070C1879DF88DCF1D8
S315080361D0000343EB0C0305292B7394BF0023C2F377
S315080361E00013C2F3801C6B73930985F810C003F080
S315080361F00203C2F3C00C43EA0C03C2F34012E87469
S315080362006B74AA74D6F8A030AF82D8064BD4063975
S31508036210012948D8B6F81280F76908F1FF38083C0F
S3150803622004EA0804395D002080290CBF6FF07F015A
S315080362303239284B18BF49B25B6DA973A86096F823
S3150803624027300134FF2B04EA08040BD13B5D5B01BD
S3150803625003F47E63FF2B9CBFDB43D8B2D6F8F83032
S3150803626003B19847631CE87303EA0803F95C01332F
S3150803627003EA0803FA5C013303EA080341EA022145
S31508036280FA5C013303EA0803F85C41EA0241002396
S3150803629041EA00616A7C304604F0D2F90623286095
S315080362A0AB7100207BE700230020EB730A4BDA6906
S315080362B0C2F30723120448BF63F0FF035AB212F16D
S315080362C0800F1CBF323B5AB2AA730346E7E7022084
S315080362D065E700BF004000B800C000B870B50646C1
S315080362E00C468D88FFF7FAFC96F82720617C042A6A
S315080362F04FEAC5031DD1012998BF0333E0B1B3F5AE
S31508036300803F19D84FF22441420901FB03220009B1
S31508036310B2FBF0F2236800209B1A084A2360D2F8DE
S31508036320AC2002F01F02A3EBC20323600523A3716B
S3150803633070BD023A012ADFE70220F9E7003E00B002
S31508036340F8B507460D4614468BB106F076FD294681
S315080363503846BE8A01F064F9B44228BF3446A4B26B
S3150803636022462946044801F0D9FA2046F8BD06F024
S3150803637077FC0646F0E700BF0C0000BA082310B105
S31508036380024A53647047024AFBE700BF001002B88B
S31508036390002002B82DE9F743DDF828800746894629
S315080363A016461D4607F025FC0446032002F086FB25
S315080363B038B1204607F02BFC0E24204603B0BDE86F
S315080363C0F083524B20465B6913F0060FF2D107F0B0
S315080363D01EFC0123324649463846FFF7FFFC0446AE
S315080363E00028EAD1002D7ED0B8F1000F7BD0DFF864
S315080363F03891D9F80030002B46DB04224FF4345188
S31508036400D9F80000EFF726F8E8220021D9F80000AA
S31508036410EFF74AF84FF480723C4B414638469A6583
S31508036420FFF700FA04460028C7D1394B1B78012B1E
S3150803643059D02022374B01205A64374B9B6FB3F54B
S31508036440817F22BF8022354B1A6106F03BFE07F097
S31508036450D0FB334A8046136813B329682C790B4457
S3150803646013600193E3B1042002F024FA00232246C1
S31508036470042001A902F03CFA90B904F05DFB21243B
S31508036480404607F0C4FB98E701213B20EEF7E4F901
S315080364902046EEF7EDFF0028C9F80000ADDA8BE7D2
S315080364A002F068FB16F080001FD00022174B9A678C
S315080364B06879431E58425841FFF760FF2A792B68CB
S315080364C0012AD7F8141101D18B4211D35B1A019310
S315080364D00320082301A902F00BFA58B904F02CFB90
S315080364E0404607F094FB212467E704F0C1F9DFE788
S315080364F00023ECE70B4D2B68984721280446BFD1A8
S31508036500012100206B6898470024B9E700C001B849
S315080365108E610020001002B8003F00B0000002B8E8
S3150803652078600020C0630020C8630020054A12680B
S315080365301AB190F82A1119B91047084602F09EBFF6
S31508036540014870477060002000FEFFFF394B2DE9B4
S31508036550F3471C6801F4007900F00103174653EA70
S31508036560090206460D463FD04FF000088BB30023B9
S31508036570002201200021CDF80480CDF8008005F023
S31508036580C1F841462046FFF7D1FF01224FF0FF3AF3
S3150803659041466086DFF8B080104606F039F8D4F82D
S315080365A0A01094F8270003F00FF8D8F8000000F0BD
S315080365B019FAC8F800A0DFF89480D8F8000000F0AC
S315080365C01FFA94F82430C8F800A043F0040384F8AB
S315080365D02430B9F1000F07D00121204606F025FE25
S315080365E025F4007506430D432B4632462046FFF72E
S315080365F011FAFB070FD51049104A086800211368DA
S31508036600116001210E4A117003B198470D4B002101
S3150803661002205B68984717F00E0F08D040F2C7129E
S315080366203B21002002B0BDE8F047FEF7CFBE02B01B
S31508036630BDE8F087405E0020886000208C6000205B
S3150803664093610020C0630020D0630020CC63002040
S3150803665008B558220021064805F0CCFD1022FF2173
S31508036660044805F0C7FD05F0FBFB002008BD00BF85
S31508036670F43E00B0383F00B073B5314A3149137858
S3150803668009784FF0FF350B4386211370A0F82011C4
S315080366906F228221C0F80C21C0E944126422C0E9A2
S315080366A0462240F2FF320C2382854FF4004200262D
S315080366B080F83C314FF6FF730446A0F84820224A77
S315080366C00386026400F154020265204AC3844263C6
S315080366D0C0F8B0504585856380F8286004F08AF8C9
S315080366E02046FFF7B5FF0122194B2046C3F8382287
S315080366F094F92810FFF7F0F96023164A41F6FF715B
S31508036700D3644FF03A4211631167134A2946D36497
S315080367104022124B20465A64D4F8A02006F013FAF6
S315080367200E2300220193009340F2022310461946D2
S3150803673004F0E8FF01F0C6FC304602B070BD00BFA6
S3150803674095610020AC5604080700FFFFFFFF4000D1
S31508036750005001B8004000B8005000B8002002B845
S3150803676010B50C46FFF774FFCCB1A378082B18D8DD
S31508036770E278082A15D843EA021313F0FF030CBF7D
S3150803678019466168084AC2F8F410217882F8481154
S31508036790617882F84B3182F8491105F061FB0020D4
S315080367A010BD2120FCE700BF003E00B0012A10B54A
S315080367B012D8032B10D803EB82020123074C93400C
S315080367C094F84A01DBB221B10343002084F84A3125
S315080367D010BD20EA0303F8E72120F9E7003E00B0DD
S315080367E0044BD3F8F03E13F0806F14BF2320002028
S315080367F0704700BF003000B00246F8B5B0F8404114
S3150803680000F58275FFF7ECFF0B688E68013304BF4A
S31508036810D2F80C310B604B68013304BFD2F8183138
S315080368204B60771C3FD1D2F81431CF688B607E1C3E
S3150803683040D1D2F810610F69CE60013704BFD2F890
S3150803684004710F614F69013704BFD2F808714F61AC
S315080368508F69013704BFD2F81C718F618F6987BBB3
S31508036860C0F1640408688C6110B16F2838BF6F20C3
S31508036870C2F814314B68C2F80C01C2F818310B6917
S315080368802846C2F804314B691149C2F81061C2F8A7
S315080368901C41C2F80831D1F8FC1007230D4A03F04E
S315080368A021FE0020F8BD04F16F031B1AB34238BF5B
S315080368B03346BAE704F18606361ABE4238BF3E4661
S315080368C0B9E76F34241ABC4238BF3C46CAE700BF4F
S315080368D0004F00B0A43F00B038B5054C054B4178CE
S315080368E000782568236002F089FF00B1256038BD6A
S315080368F090600020A05804080A4B10B51B6804468C
S3150803690073B1094B48B10121084A1A60022003F002
S31508036910C3FC0020064B1C7010BD01461860F5E742
S315080369200220F9E790600020946000209858040834
S3150803693094610020014B1878704700BF94610020CA
S315080369404FF40022034B586C03F500535A64C0F303
S31508036950C0407047000002B8024B586900F00100B6
S31508036960704700BF00C001B830B56FF040440E4D04
S315080369702040C5F850420D4CD2B2C4F850024FF02D
S31508036980FF30C5F85402C4F85412FF21C5F864123F
S31508036990C4F864220649074A0020C2F8C810A2F5BB
S315080369A08052C2F8C83030BD006001B8005001B843
S315080369B00000FFFF00E000B890F92430002B0CDA42
S315080369C04FF08053064A29B19360A2F58052D360EB
S315080369D000207047D3609360FAE70E20704700BF24
S315080369E0006001B8431C07D06FF0FF02034B104049
S315080369F05A62A3F580535862704700BF00E000B897
S31508036A00431C06D06FF07E42024BDA63A3F580532C
S31508036A10D863704700E000B8014BD86E704700BFD3
S31508036A20003F00B0014B0020D9667047003F00B015
S31508036A3003282DE9F74F0C4691467ED8404B13F8A9
S31508036A4000A0404B1E5C404B13F800B007F0D1F88A
S31508036A50804605F021F8074640B10023002201933A
S31508036A60009301200023002104F04CFE05F01CF8D6
S31508036A7048B10023002201930093002000234FF41A
S31508036A80004104F03FFE002E4AD0304BDD6C05F082
S31508036A9008050AEB06002E4B23305844DD64C0B2C2
S31508036AA001F068FE3146504605F044F85A46314629
S31508036AB0504605F0ADF8274BDD649FB14FF0FF351F
S31508036AC0254B1B68D3F8A01093F8270002F07CFD2A
S31508036AD022490868FFF786FF0D6021490868FFF712
S31508036AE08FFF0D60B9F1000F04D01E4B0021032060
S31508036AF05B689847B4B14FF400521B4B1D6F03F5FF
S31508036B000053C5F340351A67404607F080F800F08E
S31508036B10F7FB012808D15DB9002003B0BDE8F08F63
S31508036B203546B6E72546EFE7002CF0D10520F4E70E
S31508036B304FF400520D4B1A67EEE72120EDE700BF2D
S31508036B40B8580408B4580408B0580408004000B8F4
S31508036B50006000B8005000B8405E0020D0630020F3
S31508036B60CC630020C063002000C001B800D001B880
S31508036B70054AC002136A00F4FF2023F4FF231843CF
S31508036B8010620020704700BF00C000B8094B0846D2
S31508036B901A6D91020BD4D3F84021D20708D4D3F83F
S31508036BA0803013F4706F14BF012000207047012052
S31508036BB0704700BF004001B8F8B50D46144601F00A
S31508036BC00B0323EA0201494A2340D1646F07A2F55E
S31508036BD080520646D36410D50121FFF7D7FF60B16B
S31508036BE004F090FF4FF4007314F0040F14BF404AE7
S31508036BF0404A13650422404B5A64E90606D514F045
S31508036C00100F14BF00221B223C4B5A652A0618D5BF
S31508036C10230611D54FF40012354BDA6406F0E9FF63
S31508036C200E210746032002F009FC40F20122334BEA
S31508036C303846DA6206F0EBFF214696F8270002F09B
S31508036C40C3FCEF0503D5E00538D502F08DFCA9058D
S31508036C5003D5A20535D502F093FC15F48C6F18D02D
S31508036C6014F4806232D096F825309B070CD5328E01
S31508036C70B6F83631934227D0B6F838319F1A7B4295
S31508036C807B411F4A82F8DC303046D6F8F010FEF70F
S31508036C908BFF2B0510D504F035FF1A4A14F4006F41
S31508036CA0D2F8F03E14BF43F0006323F00063C2F842
S31508036CB0F03E0422104B5A640020F8BD02F04EFC45
S31508036CC0C5E702F057FCC8E70123DAE76805DBD511
S31508036CD096F825309907D7D5094B114683F8DC2052
S31508036CE0094B30461B689847CEE700BF006000B8DB
S31508036CF0005001B8006001B8002002B8004000B88F
S31508036D00003E00B0003000B09C60002070B5054618
S31508036D1090F83C010C460C2822D0FF2901D12120EA
S31508036D2070BD1AB14FF0FF320F4B1A6006F0B2F975
S31508036D30064695F83C0101F01BFA844228BF04462F
S31508036D40E4B2B44238BF3446E0B285F82B0001F00A
S31508036D503BFB064A0346107820B9FF2BE0D1DEE752
S31508036D600220DDE70020DBE7D8630020AC560408E1
S31508036D707FB51C4B04461B780E4615460BB3D0F855
S31508036D80EC306BB302AAB3F9123000920022D7F79C
S31508036D9012F802992046C1F3813106F01BF870B93F
S31508036DA0BDF90C30029902460093C1F30D0103465F
S31508036DB02046FEF775FA2946204606F073F904B00D
S31508036DC070BD02A905F0D5FC32469DF80810204689
S31508036DD0D7F74CF82A4601462046FFF797FFEEE712
S31508036DE01846ECE7AC560408F8B50D4690F83C117E
S31508036DF004460C29174603D12E4B1B78002B51D07A
S31508036E002A462046A4F84850D7F730F8D4F8EC3089
S31508036E1084F82A00002B41D0274A1678D4F8FC2098
S31508036E204EB1002A40D1B4F94800B3F9121088428A
S31508036E3006DC002607E0BABB94F84521824202D253
S31508036E400126B3F9125000222946204684F82D70EC
S31508036E50FFF78EFF08BB76B1C4F8EC00204605F0B1
S31508036E6051FC4FF6FF739842014615D02046BDE8FC
S31508036E70F840FEF781B9114B1B7813F0FD0F0BD1C0
S31508036E80204601F083F90E4901230E4AD1F8FC1076
S31508036E9004F5827003F026FB0020F8BDFF2384F86F
S31508036EA02B30F9E70220F8E7B4F94410B3F91220B6
S31508036EB09142BDE7AC56040895610020F8630020AB
S31508036EC0004F00B0A43F00B0F0B504468FB000F001
S31508036ED013FCD4F8A8300546012B00D010B1284678
S31508036EE00FB0F0BD7549204606F033F9D4F8EC60C7
S31508036EF00146258EC4F8F0003EB133682BB15B68B2
S31508036F001BB11A68032A00F2B58006F072FED4F89C
S31508036F10F030002B7BD01A68032A78D99F6A7F0E34
S31508036F2006F075FED4F8F010B3898DF80E70B068C4
S31508036F307268EB1A9BB200FB03226148ADF80C306A
S31508036F4003680292994202D02046FEF72DFE5D4D54
S31508036F505D4E00F0D5F90128FBD12B6CDB07F8D47D
S31508036F60736CDF01F5D4D4F8F01020460D919DF823
S31508036F700E20029908AB02F0A9FF00285AD100F0A7
S31508036F80BFF90128FBD1504A4E49536CD801FCD4AA
S31508036F900B6CDB07F9D408A901A803F00FF905461A
S31508036FA0002847D1228E494B5A6494F8243060F35B
S31508036FB0410384F8243000F047FCD4F8EC305969CF
S31508036FC0431E0E68DBB2FD2B049637D84B6801289F
S31508036FD0059343D10126DF1C06D901333C4B5B6875
S31508036FE059D0DA1C54D80593024604A9204600F062
S31508036FF0C5FB002E7FF473AFD4F8643199053CD4EE
S3150803700094F8243043F0020384F8243067E72F4BBF
S31508037010DB6BC3F3C20213F0380F03F0070718BF7D
S31508037020574313F4E07FC3F382123FF479AF02FBAD
S3150803703007F775E7022528460FB0F0BDF71C13D9E5
S31508037040234B01361B6818BF0126DA1C1BD8049389
S315080370504B68FF280593BED00020C5E702462046A5
S3150803706004A900F08BFB3AE74B68FF280593B1D0D8
S315080370702A46F4E79F6A7F0E56E720464FF4803187
S3150803708006F0D3F82BE7FF284B6813D00593B0E730
S31508037090FF28AED1E0E7DE1C06D80246204604A93F
S315080370A0059300F06BFBA7E7FF28A5D1002220462E
S315080370B004A9F6E7012005938DE700BFFC4F00B04E
S315080370C07460002000C002B8000002B8008001B84E
S315080370D0E063002010B504234FF03A4101240A4A1D
S315080370E0D1F81801C2F81831C2F814314C634FF4B9
S315080370F000511163410742BFC2F81431A2F5805209
S31508037100C2F8183110BD00BF002000BA2DE9F041BE
S3150803711004460E4619B990F824305A0650D43D4B06
S315080371203D4A5B6AA18EC3F3032313704FF6FF73BD
S315080371309942D4F8F07004D0384B1B680BB120463B
S315080371409847374D2B68BB425DD0364B1B6833B126
S31508037150002F5BD0396801B1B968204698474FF0CC
S315080371600708204601F012F8002E41D02E4B93F95A
S315080371700030C3F11C0317B197F926209B1A062082
S3150803718094F9286023499B1B0A6ADB0222F4FF222F
S3150803719003F4FF2313430B62D4F8F020234B2A602E
S315080371A0986701F0BDF900250121214A214B117089
S315080371B0204683F8845005F0F6FE2846BDE8F0819C
S315080371C04FF6FF7C66F38613124A80F82430536A17
S315080371D0134D1149C3F30323D0F8F0700B702B68D2
S315080371E0A0F834C0BB42B0D100F0D0FF4FF001087D
S315080371F0114A4346D2F8FC1004F58270A2F65C7273
S3150803720003F070F9B2E74FF00108AAE739462046BA
S315080372109847A4E700C000B8926100208060002068
S31508037220746000207C6000208F610020006000B835
S3150803723091610020003F00B0004F00B010B504462E
S31508037240D0F824210B4B4FF40061C3F8C42090F8FF
S315080372502420D20102F4006204F0A8FD94F8243035
S3150803726013F0100F4FF4007314BF034A034A536411
S3150803727010BD00BF003E00B0001002B8002002B8DF
S3150803728038B506F0B6FC4FF6FF710A4A13888B42E7
S3150803729003D106F0BCFC0E2038BD074C074D1B0472
S315080372A06567A4F580546367118006F0B0FC002077
S315080372B0F2E700BFF6630020006001B80000FFFF95
S315080372C008B50C4BD3F84C21531C11D012F080424D
S315080372D00ED1094B1B681BB111460320FFF7A8FB08
S315080372E04FF08062054B1A6501225A6102229A629F
S315080372F008BD00BF0080E00F405E0020001002B802
S315080373000F4BDB68C3F30363013B0B2B0FD8DFE893
S3150803731003F006060C06060606080A0808080220ED
S315080373207047042070470520704703207047054BB4
S315080373305B6913F0060F0CBF01200420704700BFDA
S31508037340000002B800C001B8094AD368C3F303634F
S315080373500B2B08D06FF49050184100F0010080F011
S31508037360010040007047506C10F48030EDD170472F
S31508037370000002B80C4AD368C3F30363062B07D885
S31508037380042BD8B20BD8C31E584258414000704745
S31508037390072B06D1D2F868010028ECD170470220E2
S315080373A070470020704700BF000002B8094BDB682E
S315080373B0C3F303639A1E012A8CBF00220122012B01
S315080373C002701EBF4FF4026222FA03F303F00103AD
S315080373D00B707047000002B8094AD368C3F3036306
S315080373E0032B01D0072B08D1936CDB0605D4D06C8D
S315080373F080F00800C0F3C00070470020704700BF44
S31508037400000002B8024B1B6803B11847704700BF58
S31508037410A8600020024B1B6803B11847704700BFDA
S31508037420A460002010B5FF224FF6FF71044605F04D
S3150803743038FD68B9FF224FF6FF71204605F042FD75
S3150803744030B92046BDE81040FF22024905F04DBD7C
S3150803745010BD00BFC458040810B55B0743EA0243CE
S315080374609DF8082043EAC163520502F0BC621A4339
S31508037470064942F4C872044604F098FC00222046E2
S315080374801146FEF75DFE002010BD00BF9007E12DF3
S3150803749037B50C4605460B4B1A680B4B19680B4B4D
S315080374A0186801F009FE94F828302846009394F8E2
S315080374B02B3094F8292094F82A10FFF7CDFF03B050
S315080374C030BD00BF38610020346100203C610020D4
S315080374D008B5FFF781FF88B1094BDA6912030DD5A1
S315080374E0586C10F4003009D1DB6C13F0100F4FF011
S315080374F010030CBF034A044AD36408BD0220FCE701
S31508037500000002B8001002B8002002B838B50546D4
S31508037510FFF762FF98B10B4B5C6C14F400340ED181
S315080375200220094B094A1B681B6DD0642246AB42ED
S3150803753014BF2846002000F0BFFA204638BD0224AF
S31508037540FBE700BF000002B8405E0020001002B847
S3150803755038B54B1E012B05460C4616D8022915BF0E
S3150803756000220122022100210A480A430A4B0B4939
S31508037570FFF7FAF9003C18BF012495F824300020D8
S3150803758064F3C71385F8243038BD0022044811462E
S31508037590EBE700BF91D106190000E2EC9E0C4B54B1
S315080375A090D1061904292DE9F04104460F462ED831
S315080375B04E1EF6B2032E8BBF0025164BA84613F8AC
S315080375C006809CBF144B9D5D05F068FC80B94FF09F
S315080375D000084FF460320020104B6D045A6245EAE6
S315080375E0C835A3F580535D6284F82E70BDE8F08133
S315080375F02046FFF711FA80B28428E8D8022EE8D885
S3150803760094F824102046C909FFF7A2FFE1E72120D1
S31508037610ECE700BFC0580408BC58040800E000B8EB
S3150803762010B590F82700FF2814D0304BD3F8A420C0
S3150803763012F0060F01D001280DD94FF470622C4BB6
S31508037640DA604FF48072A3F58053DA600022274B81
S31508037650C3F8A02010BD02F0020412F0040202D0FF
S315080376600B789B0637D4002C39D00B7803F00F031D
S31508037670072B34D14B78022B31D98B7813F03E0F75
S315080376802DD0CC7814F0040F29D014F0010F0CBFB9
S3150803769004230A23A40748BF0633CB5CFBB1002A9D
S315080376A014BF02220122012840F6FF7003F01F01CE
S315080376B008BF4900013940EA01310E4801654FF414
S315080376C070600B491202C860A1F58051CA60074A67
S315080376D0C2F8A030BEE7002CC7D18B7823B90023A4
S315080376E0044A13650122EAE70222DCE7003E00B0FA
S315080376F0006000B8004000B810B590F827100129BB
S3150803770003D8174BD3F89C300BB1002010BD028E5B
S31508037710272A22D8134B14481B68834219D03124CD
S315080377201248181A434243415B000D48A0F8B64075
S3150803773050246343282404FB01330D491944895C07
S31508037740FA31A0F8BC100B490B449A5C0A4B1A7021
S31508037750DBE76FF003040123E7E70E20D6E700BF54
S31508037760003E00B0D060002000F04902005A6202D1
S31508037770B4950408C4940408B561002010B5124BE7
S315080377800C68C3F87842C3F87C42C8B1D0F8EC3029
S31508037790B3B15B69A3B1501EC0B2FD2812D9013437
S315080377A004BF6FF0010008600868FF2A186007D154
S315080377B04A68013202D16FF001024A604A685A6088
S315080377C0002010BD012AF2E7004001B8F0B585B0E4
S315080377D06D460E460F4B074614460FCB85E80F003A
S315080377E00D4BD3F848020090D3F84C2201923EB1D0
S315080377F0631EDBB2FD2B0AD93060FF2C00D1726001
S31508037800224629463846FFF7B9FF05B0F0BD012CD5
S31508037810F4E700BFCC5804080080E00FFF2818BF20
S31508037820C3434FF0180108BF1023064A18BFDB00ED
S31508037830C2F8FC1318BF03F00803A2F58052C2F876
S31508037840FC337047002002B8024BD3F8F807C0F39D
S31508037850C0407047000002B84FF03A43D3F81421EA
S31508037860D2031ED54FF480320E49C1F81421A1F56F
S315080378708051C1F818215A6DD1B2C2F30722C3F851
S31508037880A410C3F8A4200422C3F8A4200022C3F832
S31508037890A420C3F8A420C3F8A420C3F8A420C3F8DB
S315080378A0A4207047002000BAF0220B4B01219A64EA
S315080378B0A022A3F580539A644FF03A43026DC3F8A6
S315080378C0F410FC21C3F8CC10C3F8D0204FF40052AF
S315080378D0C3F8F020704700BF006000B8F8B54FF052
S315080378E03A440D461746064606F083F90123042251
S315080378F06363084BE76026616561C3F814214FF497
S315080379000042054BC3F8842106F081F90DB1022321
S315080379106363F8BD002000BA00E100E02DE9F041F9
S3150803792005460124006800F00700063004FA00F350
S31508037930A868EC685E1EA04200F0928000EA06077B
S315080379406C6810441E430640D81B07EB040C82429E
S31508037950644638D9D31AFA18A0B3431E062B74D92A
S3150803796041EA0C039B0770D14B1CACEB0303022BB8
S315080379706BD90B4620F0030E8E44ACEB01071C684B
S31508037980DC5104339E45FAD120F0030310F0030FAC
S3150803799001EB030EA0EB03040CEB030700F088804E
S315080379A011F80380012C0CF8038000F081809EF8FF
S315080379B00130022C7B7018BF9EF80230084418BFAA
S315080379C0BB7001466C685AB3531E062B01F10103BB
S315080379D02FD9E01A02282CD941EA0400800728D1B6
S315080379E0234622F0030CA444081F50F8047F43F8E7
S315080379F0047B6345F9D122F00303D01A920701EBFE
S31508037A00030C04EB03070BD0CA5C0128E25407D026
S31508037A109CF8013002287B7002D09CF80230BB70B8
S31508037A2006F0E7F80223AE60AB62BDE8F04106F064
S31508037A30EEB80A4404F1FF3C00E0013313F8011CD5
S31508037A4093420CF8011FF8D1EAE70B460844ACEB5E
S31508037A500107D91913F8014B83420C70F9D1B0E722
S31508037A60042A0DD90878043AA86148780431A8612C
S31508037A7011F8020CA86111F8010CA861A8685DE762
S31508037A80013A032A12D8DFE802F00F1507020B465C
S31508037A9013F8012B1946AA610A4612F8013BAB6192
S31508037AA0114611F8013BAB610B78AB61BDE8F08178
S31508037AB0084486E70A46F3E738B50B4615460146F2
S31508037AC04FF03A4468B101221048C4F8F4201A4624
S31508037AD0FFF724FF25B14FF03A430422C3F8F420F5
S31508037AE038BD73B1D4F8D8209A4284BF0122C4F8AA
S31508037AF0F4204FF03A42C2F8D4300223C2F8F430E5
S31508037B00E8E70123C4F8F430E4E700BFCC0000BA81
S31508037B1038B5044606F06DF84FF03A420121A38FB3
S31508037B20054651674BB3B3FA83F3C3F11903DBB2C3
S31508037B30A069C2F8B410C2F88C300723C2F89000C3
S31508037B40C2F8B0304FF4A02302F50052C2F814313C
S31508037B50A2F58052C2F8183100220D4B1A600D4B5C
S31508037B605B6C5B0209D54FF480020B4B5A64D4F85D
S31508037B70A01094F8270001F027FD0023E3870723C5
S31508037B802846A4F84030BDE8384006F040B800BFA0
S31508037B90AC600020000002B8002002B82DE9F843C3
S31508037BA005460C46B1B1D0F81880878F06F021F840
S31508037BB0B5F83EC0791E01EA0C0323F00702032C2D
S31508037BC00646DFF800E1424461D1DEF8004024B9F5
S31508037BD006F01DF80E20BDE8F88324F00104DEF84C
S31508037BE0000020F00100A04256D10023CEF8003051
S31508037BF0238894426FEA43436FEA5343238041D170
S31508037C00B5F8403008EB07091846083880B202F180
S31508037C1008044C4528BF4446082804D9B4F800E0AC
S31508037C20BEF5804F43D263440F431B1A3B409BB2B6
S31508037C30EB87A5F84000947811884FF03A42C1F3D0
S31508037C400C019165C2F89830C2F8B0004FF480224F
S31508037C50184B04F00704C3F814214FF40042164BDB
S31508037C60C3F88421FFF7F8FD042C0BD14FF48002E7
S31508037C70124B5B6C124B5A64D5F8A01095F8270083
S31508037C8001F0A2FC304605F0C2FF0020A3E7601E00
S31508037C90012898BF1446A2E7B5F840004344E31AFF
S31508037CA048BFDB1908389842A2DC304690E72246DB
S31508037CB0ABE700BF002000BA00E100E0000002B80D
S31508037CC0002002B8AC600020164B10B51968B1F84D
S31508037CD04020CB8F888F13440138073B8C690340B8
S31508037CE023F007031C4402F108034FF03A429BB200
S31508037CF0A1F84030C2F8B0304FF480220A4BC3F8DB
S31508037D0014214FF40042094BC3F88421A07800F0EC
S31508037D100700042803D1064AD3681B03FCD4054B82
S31508037D201C6010BD405E0020002000BA00E100E0A0
S31508037D30000002B8AC60002010B5064C216839B1C2
S31508037D40CB0703D4044B1868FFF728FF00232360E7
S31508037D5010BD00BFAC600020405E00204FF48032A7
S31508037D600C4B0D49C3F818214FF03A43C1F81421B7
S31508037D70D3F8AC10D3F88C20012302F0070206329D
S31508037D809340C1F30C01083B994201D8FFF764BD40
S31508037D90704700BF002000BA001000BA2DE9F0476B
S31508037DA080460C4616468769858F05F022FFB8F884
S31508037DB03E2005F1FF3C02EA0C0323F00701032CDE
S31508037DC082463944B8F8400019D14A4C24689CB90C
S31508037DD00244073A02EA0C0222F00702BC183B44A3
S31508037DE0E31A48BF5B19834210DB504605F00FFFC1
S31508037DF000242046BDE8F08724F00104EFE7012CB0
S31508037E0002D0022CEBD108380C46E8E7002E3FD007
S31508037E108C4241D14FF03A42D2F858904FF03A414A
S31508037E20D1F8AC20B8F81270C2F30C02934247DAC1
S31508037E302588B5F5804FD8D2A378C5F30C0503F08A
S31508037E4007037A1EA5EB09053A43052B337005EAA2
S31508037E5002052DD82DB2E84340F245420421C00F4E
S31508037E60FDF7B4FA7580E3783374D8F81C207B1EC3
S31508037E7003EA0903D118B160A9B213FA85F5AF422B
S31508037E802FBF0023FF1AB780F26024BFB180F360C7
S31508037E90504605F0BCFEACE7A4F10802974284BF3E
S31508037EA0ED0802EBC502B2F80090C9F30C09B5E771
S31508037EB0114B5B6D003B18BF0123A5EBC305C9E74F
S31508037EC04B6D7A1EA3EB09033A431A400B4915B2C5
S31508037ED0002DCB680BDCC3F30363D81E434243412F
S31508037EE0DB003370CB6C72801B0A3374BDE708233F
S31508037EF0F7E700BFAC600020004000B8000002B8F6
S31508037F00134B70B51E684FF03A43748ADD6D621ED3
S31508037F105B6DADB292B242EA04015B1B0B40191EBC
S31508037F2018BF0121C90001700A492A40C96C438058
S31508037F30090A0174F169D618A64201EB0205D2BFF4
S31508037F400021A31A9BB285608380C160002070BD9F
S31508037F50405E0020000002B8054BA822D3F84C0166
S31508037F603121431C0CBF0120C0F38070FDF72EBAE4
S31508037F700080E00F10B50F4B1C78ACB90E4BD3F845
S31508037F80F8375B0309D490B10F23441EB4FBF3F40B
S31508037F9010300444E4B2204610BD40F648023F219F
S31508037FA02046FDF713FAF6E70001C4B2F3E71024F7
S31508037FB0F1E700BFF8630020000002B8014B5880C0
S31508037FC000207047F863002038B5284D0446297801
S31508037FD019B92022264804F00DF92378254A26499B
S31508037FE013704FF2F002C1F8C821244A4BBBA1F51E
S31508037FF00051D1F8F81711F4002F4FF0FF011CBFF9
S315080380001F48C0F8DC3011704FF040731A4AC2F8A3
S3150803801034311C4BD3F8F83713F480230BD14FF4C0
S315080380207F01C2F830111849C1F8303148F2C80146
S31508038030164BC3F8F4100723C2F8FC330122124B7C
S315080380400DE000240E48022BC0F8DC404FF0FF0079
S315080380501070D9D107230422C1F8FC330A4BC3F89D
S31508038060FC23012300202B7038BD00BF9661002036
S31508038070E03F00B0F8630020002002B80264002045
S31508038080004001B8000002B8001002B8003F00B073
S3150803809010B5044601F0C6F8094BD3F8F80734B906
S315080380A000F44020B0F5402018BF012010BD022C73
S315080380B00ABF80F400300020C0F34040F6E700BF53
S315080380C0000002B82049D1F8FC37FF2B31D01F48EE
S315080380D0C3F303120270D1F8F81703F00F03090369
S315080380E05BBFC2EB02120F3B02F1FF32D2184ABF43
S315080380F003EB0213D3B2DBB2154A16491370097898
S31508038100154B1A68E9B1B2F1A06F1AD3D3F8501216
S31508038110124A134BB1F1FF3F18BF1346114A1360B6
S3150803812041F66A02104B1B68B3FBF2F30F4A13605E
S315080381307047D1F8F83713F4002F0CBFB4235A232A
S31508038140DAE7074BEAE700BF000002B8036400203A
S3150803815098610020016400200080E00F5082E00F40
S31508038160DC580408B0600020D0600020B46000200A
S3150803817020B1022804D1034B18787047024BFBE75A
S315080381800020704703640020986100202DE9F74F0B
S31508038190D0F8B0404C22022C38BF02247B49013C5C
S315080381A0CB6CD1F8DC507A49C3F38213DA400B68F7
S315080381B00646A34290F83C71764BDFF800A2DFF837
S315080381C00092DFF8008202F0010216D11878904275
S315080381D013D19AF80000B8420FD1D6F8B40060B1AB
S315080381E0A8420AD196F82B5099F80000854204D183
S315080381F0B8F8040003B0BDE8F08F98F800001A70C9
S315080382000C60FFF7B5FF0346002A00F091800423AC
S315080382104FF07F41604AC2F8BC30604BC3F8BC10CC
S3150803822096F82B301B06C2F8BC30002040F27122A8
S315080382305B4B19211B68B3FBF2F36343182BB3FBA0
S31508038240F1F14FEA004400F29380002C00F09B8082
S31508038250B4FA84F2C2F12002C2F10F03012B38BF2C
S315080382600123D440A14201D2013B6408421C03F016
S315080382701F0152008A40121BDFF838B19208CBF867
S31508038280B0201A0242EA03121343019300EB0023B8
S3150803829000EB0325434B40F6C20218682B2100382E
S315080382A018BF0120FDF792F8FA223E4B02FB04F0B1
S315080382B01B6840F6FF72B0FBF3F00A2358433A4BA8
S315080382C000F57A74C3F8D820019AA3F58053C3F846
S315080382D0D820364AA3F58053C3F8DC50D2F8F827DA
S315080382E0520308D4D3F8DC3003F47F02C3F30353F1
S315080382F01343CBF8FC30C6F8B4502D4D00F6B8300E
S315080383002C6002F079F84FF47A722A4BC3F8A4006A
S31508038310C3F8F8002B68B4FBF2F0B3FBF2F3A8F842
S31508038320043096F82B308AF8007089F8003061E734
S3150803833096F82B00984228BF1846C0B22FB1022FD1
S315080383407FF473AFFFF716FE70E7184BD3F8F837C9
S315080383501903F7D450B10F230138B0FBF3F00130FA
S31508038360154B1B68034413F8010C5FE70120F7E775
S31508038370B1FA81F23CB1B4FA84F3D21A002A3FF770
S315080383806BAF0F236EE70F2370E700BF004001B8FA
S31508038390D863002097610020001002B8002002B8B5
S315080383A0D0600020B4600020006001B8000002B865
S315080383B0B8600020003F00B0B060002000640020D1
S315080383C0FF630020F863002038B5254B05461A7865
S315080383D0244C0C2A02D1FF20207038BD104604F025
S315080383E059FE01461046FFF7C3FEA84228BF284692
S315080383F0C0B2884238BF08462378C0B28342ECD05D
S3150803840020703ABB184BD3F8F83713F4002321D15D
S315080384104FF2F001154AC2F8C811C8B10F23013843
S31508038420C0B2B0FBF3F3591CC3EB0313C01A431CC6
S315080384300D4A1B01D2F8C80143EA01330343C2F8C4
S31508038440C831D2F8C8210A4BC3F8FC202078C4E700
S315080384500121EDE7074B1868FFF798FEF6E700BF1B
S31508038460F863002002640020000002B8002002B866
S31508038470003F00B0405E0020014B1870704700BFF4
S315080384800164002010B50446FCF73AFC78B1154B95
S315080384901B786BB964B1144B1B784BB1134B1B7820
S315080384A0013B012B04D84FF40042114B1A6510BD4A
S315080384B0104B1B6D1B04FAD405F09BFB044603F013
S315080384C021FB4FF400420C4B2046BDE810401A65C9
S315080384D002220A4BC3F814250422054B5A6405F0F5
S315080384E096BB00BF996100209A610020BC600020FA
S315080384F0002002B8000002B8001002B800D00350EA
S315080385000122024B00201A70FFF7BCBF99610020B5
S315080385100022024B01201A70FFF7B4BF99610020AD
S31508038520054BD3F8843013F0030F4FF4802314BF9D
S31508038530024A034A93647047004000B8005000B8E3
S31508038540006000B8F7B50646534C00F06BFE0121F0
S315080385503A20ECF781F9514B2578514F1E7085BBAC
S315080385602846FFF78FFF2378013B012B19D8E37BB6
S3150803857001A88DF80430237C8DF80530EAF7DCFA78
S31508038580C7F814554FF6FF72464BC3F88420F822F2
S31508038590A3F58053C3F884200022414BC3F814255E
S315080385A00DE04FF6FF723F4BC7F81455C3F8842006
S315080385B0F822A3F58053C3F88420C7F814553A4B19
S315080385C05BE00020FFF75EFF2378013B012B08D809
S315080385D0E37B01A88DF80430237C8DF80530EAF790
S315080385E0ABFA0023C7F81435002ECBD062685AB30A
S315080385F02E4B1B6803EB5203B3FBF2F3013B1B023F
S3150803860043F0F80326782749022E294A1ED0032E5B
S315080386104FF6FF75224826D0012E36D143F00203C2
S31508038620C1F88450C2F884300723C0F81435E37BB5
S3150803863001A88DF80430237C8DF80530EAF772FA21
S315080386400120FFF71FFF17E0F823DBE74FF6FF705C
S3150803865043F00103C1F88400C2F884300622104BA4
S31508038660C3F81425E3E743F00503C1F88450C2F8B9
S3150803867084300423C0F814350E4B4FF080421A6534
S315080386800020FFF74DFF03B0F0BDC1F88450C2F8D0
S3150803869084300023EEE700BFBC6000209A61002007
S315080386A000C00350006000B8002002B8D060002064
S315080386B0005000B8001002B8F0B52B4F06463D46E9
S315080386C004460FCE0FC5336885B02B6000F0AAFDAC
S315080386D001213A20ECF7C0F80022244BC3F81425ED
S315080386E0A17A627A42EA0142C3F82025217CE27B19
S315080386F042EA0142C3F81C25217B627B41EA024018
S31508038700C3F818053B78032B2AD8DFE803F02202BF
S315080387100C178DF8041004218DF805200DEB0100C4
S315080387200022ECF739F8E37B00228DF80830237C26
S31508038730042102A88DF80930ECF72EF8637A012292
S315080387408DF80C30A37A042103A88DF80D30ECF7C5
S3150803875023F8074B187805B0BDE8F040FFF7F2BEDB
S31508038760212005B0F0BD00BFBC60002000C0035047
S315080387709A610020034B1B6D002BBCBF024BC3F849
S3150803878088007047000002B8004000B82DE9F0479A
S3150803879000F0A2FD4FF47A762D4BB0FBF6F618607F
S315080387A04FF4FA73734307462A48190E1B0218181F
S315080387B0294A4FF0000341F1000103F08BFB274BD5
S315080387C0A0F5807205461A6320B94A222B21FCF7C5
S315080387D0FDFD01254FF47A724FF0000A6A435346AA
S315080387E05008310203F076FB1C4B1D4AB7F57A7F16
S315080387F09A601C4B4FEA056819601B4B8946044669
S3150803880018604FEA152505D29D222B215046FCF701
S31508038810DDFD01264FF47A73A8FB030103FB05115B
S315080388207308C01841F100010023324603F052FBD6
S315080388300E4B023419600E4B49F10009A40818605F
S3150803884044EA8974054B013C9C63BDE8F08700BF85
S31508038850D060002020A1070040420F0000C001B8E5
S3150803886002110100E4600020E0600020DC600020C3
S31508038870D86000204FF40022034BC3F884215A60C2
S315080388800122024BDA60704700E100E000C001B83C
S3150803889010B50446A242A2EB0000A3EB010104D2E1
S315080388A0034B01399B6B0133184401F0030110BDD7
S315080388B000C001B838B501250A4B02019D504FF493
S315080388C080730446084A8340536605F092F9074ABB
S315080388D0A540137823EA05031370BDE8384005F06D
S315080388E096B900BF00E101B800E001B8A461002011
S315080388F02DE9F84F164605468A461F4605F079F9C7
S31508038900022E00F09180804605F06DF9604B614AAE
S31508038910D3F8209092F87D405A6EE4B2520744BFCA
S31508038920D3F82090013404F0030405F057F94846B8
S31508038930214600F097FA8446DAF80000012E04BFB0
S3150803894001306044ACEB000C08BFCAF80000BCF168
S31508038950804F7DD300F098FA8145A1EB040188BFC7
S315080389604B4BDFF854C188BF01F1FF3101F0030116
S3150803897088BF9B6BA0EB090E0CF80510A1B1F9078C
S3150803898042BF41F61F72444B5A67BA0742BF424B6E
S31508038990424A5A677B0742BF00223D4B9A673C0708
S315080389A042BF00223A4B9A6511244FF0010A384B0D
S315080389B005F11002120103EB051BCBF80C0138492C
S315080389C09C501A6A0AFA05F4586E0B78A2EB090248
S315080389D0E4B2234372450B7025D34FF48073AB403F
S315080389E0034220D11CF80520002A4CD10EB32D4A88
S315080389F0F807536607D541F61F7140F20110264B57
S31508038A00596750675967B90706D5234B234A25493A
S31508038A1025485A6748675A677A0742BF0122234B94
S31508038A201A613B071AD4404605F0F1F80120BDE860
S31508038A30F88F1F4A2D0142F805A042F89C3C05F021
S31508038A40D8F817490B7823EA04030B7005F0DFF807
S31508038A50404605F0DCF80020BDE8F88F2120FFF733
S31508038A6089FE4FF480310A4A124BD1601A78002ADC
S31508038A70D9D000222D201A70FFF77CFE1022094B4D
S31508038A8040465A66D0E7074A40465366CCE700BFD6
S31508038A9000C001B8003E00B000E001B800001F1F87
S31508038AA0A461002000D001B800000101000002B84B
S31508038AB000E101B89B6100209C610020034B103044
S31508038AC00001185800F00100704700BF00C001B844
S31508038AD02DE9F0419DF818800D46B8F1000F08BF3F
S31508038AE00022214EB5F5803FB168074621F470018F
S31508038AF041F4A001B1609DF820409DF81C104FEA8F
S31508038B00042444EA016444EA031444EA084444EAAC
S31508038B1002044FF018014FF436722CBF00200120CF
S31508038B207465FCF753FC3564B8F1000F1AD00F4B84
S31508038B30BC68D3F8B8306F2C38BF6F245B0606D5EC
S31508038B4000F08EFC18B10A4BB3FBF0F31C44204625
S31508038B5000F09AF90130854238BF0022024B34BF30
S31508038B605A645864BDE8F08100C001B800C000B873
S31508038B7000093D00034B044A5A6741F201429A67CA
S31508038B80704700BF00C001B8011B011810B50446A1
S31508038B902120FFF7EFFD1CB14FF48032064BDA6054
S31508038BA0064B1A783AB100222D201A70FFF7E2FD18
S31508038BB01022034B5A6610BD00C001B89B61002002
S31508038BC000D001B82DE9F0411C4D0446EB6BDB01DF
S31508038BD02DD500F0A5FC0646A0FB0447E86B4FEA33
S31508038BE01028050C10F0FF0005D140F219422B217D
S31508038BF0FCF7ECFB0120EDB2AD01B5FBF0F55FFA2E
S31508038C0088F815EB881506D1284640F21E422B2113
S31508038C10FCF7DCFB01252A4600232046394603F0E8
S31508038C2059F9B6FBF5F5064A1560BDE8F08100F07B
S31508038C3017FC0546A0FB0401F5E700BF00C000B812
S31508038C40D46000200246012030B50B4CA0F1200366
S31508038C50C0F1200524FA05F504FA03F32B4304FAB5
S31508038C6000F595428B4100D330BD0F2801D0013062
S31508038C70ECE7FF20F8E700BF40420F0038B504F0E1
S31508038C80B2FF084B084A1D6A92F87D405A6EE4B251
S31508038C90520744BF1D6A013404F0A0FF284604F0B6
S31508038CA0030138BD00C001B8003E00B000232DE91A
S31508038CB0F74FDFF88CB1574F8BF80030564B0191BD
S31508038CC01B680446B7FBF3F3009304F092FF534E75
S31508038CD08046D6F860A001F085FD336C05460A2B5D
S31508038CE040F28A804FF0FF33726D02F00F02934011
S31508038CF03AEA03030CBF4FF001094FF000091027A6
S31508038D00464B20205E6CFFF735FD454A976085B1D3
S31508038D10002200200821FDF719FC424A5766A2F5EE
S31508038D208052176716B1B9F1000F02D080223E4B65
S31508038D301A6102F095FB4FF4801233263B4B3A4FE8
S31508038D40C3F88421F96801F07061B1F1807F03D813
S31508038D50731E13F0FF0652D12DB1B9F1000F02D0DD
S31508038D6001238BF800302D4B4046C3F860A004F06E
S31508038D704EFF4FF033082E4DEB6813F4603F04D1D2
S31508038D8008F1FF3818F0FF083DD1012300982B6539
S31508038D9004F098F904F02DFF072C214628BF072174
S31508038DA00F276B6A621E23F4706343EA0223AA6AD7
S31508038DB022F0E05242EA81621E49C1F8B8701E49A0
S31508038DC044F010070978A1421C492BBFAA62C1F8CF
S31508038DD0B870C1F8B8706B622CBF6B62AA6204F0F4
S31508038DE016FF134B5B6ADBB2802B10D0019803B0D6
S31508038DF0BDE8F04F00F0CABB4FF001097FE70A2030
S31508038E0004F060F99EE70A2004F05CF9B4E703B0BE
S31508038E10BDE8F08F40420F00D460002000C001B8BF
S31508038E20001002B800E001B8000002B800E100E053
S31508038E3000C000B800E000B89261002000D000B876
S31508038E409B6100200346064A103302EB00111B01FF
S31508038E50D1F80C01D158C1F3400104F03EB900BF63
S31508038E6000C001B8064B1B68434303EB8171054BEE
S31508038E701B68A3FB003013F1004341EB0000704766
S31508038E80DC600020D86000200C4A20F040430146ED
S31508038E9010B5002014684FF00042E4FB0320084A8B
S31508038EA0890F126802FB0300064B9B6B984204D991
S31508038EB001330131C01A01F0030110BDE06000203F
S31508038EC0E460002000C001B8044B01F0F0711030D3
S31508038ED041F0030100011950704700BF00C001B8F3
S31508038EE008B52220FFF746FC4FF48022014BDA60CF
S31508038EF008BD00BF00C001B840B1836833B1064955
S31508038F00C268096803F13043032A00D8704743F857
S31508038F10041B043AF8E700BF1861002070B516462B
S31508038F20054600B3F9B1F2B14268104B0068033243
S31508038F301B68920800F130409847044688B9EA68E6
S31508038F40A86803323146920800F1304004F0E5F888
S31508038F50044630B9286921466A6900F1304003F0AE
S31508038F6049F9204670BD2124FBE700BFDC630020D6
S31508038F7070B50C68651C15D0C4F302669E42C4F32B
S31508038F80074530D1A4B294422DD804EB8506B242E4
S31508038F9029D2141BA50824F003040E59340F04D050
S31508038FA0012C08D00022212402E06B1C51F823204F
S31508038FB0C0E9002470BD0E4C34F8133042EA03436B
S31508038FC01A686B1C51F8234001EB83014B68224056
S31508038FD05E4036F0704404D11B0F032B04BF8B6825
S31508038FE01A430024E4E7013501EB8501C1E700BF15
S31508038FF0F058040807B501A8ECF762FA264B274987
S31508039000D3F86022D2B2FF2A1DBFD1F87801130222
S3150803901043EA0213D1F878311CBF20F47F62134365
S31508039020C1F8F8330C20ECF709F801213F20EBF7D8
S3150803903013FC4FF000421A4B42F201015A60C82250
S31508039040184B5A654FF4C02203F51043C3F8682139
S315080390504FF48032C3F86C21134AC2F8701202F532
S315080390602042D2F8F827120308D44FF470610F4A46
S31508039070C2F8A0104FF42062C3F8A02001220C4BBB
S31508039080C3F8002403F53043D3F86821094B1A6063
S3150803909003B05DF804FB00BF0080E00F000002B8D0
S315080390A000900950008001B8006001B8002002B89A
S315080390B0005001B8A0600020836810B4074C03F180
S315080390C0304324681B689C4203D15DF8044BFFF7C1
S315080390D025BF00205DF8044B704700BF18610020C8
S315080390E0134B1B78002B20D0124B134A00201A600F
S315080390F0124B134A1A60134B134A1A60134B1A6816
S31508039100134B1A60134B144A1A60144B144A1A6009
S31508039110144B154A1A60154B154A1A60154B164A0D
S315080391201A60164B164A1A6070470220704700BF2A
S31508039130A561002024610020E46104081C61002065
S315080391404C590408206100206C590408F063002078
S31508039150186100203C61002034590408346100205A
S31508039160EC5C040838610020685904083061002063
S315080391701C59040828610020705904082C61002032
S31508039180645904080022012138B51E4B5A649A64AF
S31508039190DA641D4A516102219162DA68C2F30362F5
S315080391A00D2A01D0002AF8D111220124174DDA63BA
S315080391B04FF0FF302C70D4F7FCFD00232B70144DB1
S315080391C04FF4B76228685421C01A18BF0120FCF768
S315080391D0FDF8104B28681A680F4B1968FFF79EFEAF
S315080391E001F068FA0D4B1868FFF786FE0C4B1868F2
S315080391F0FFF782FE4FF08062034B5A6103F58053F3
S315080392005C6138BD000002B8001002B8A5610020F1
S315080392101C61002020610020246100203C6100209D
S315080392203061002001230D4A0D49C2F88032916648
S315080392300C4A53600C4A53600C4A5360A2F58042A9
S315080392405360A2F54042536002F5C032536002F5FB
S3150803925080425360A2F50042536070470090005065
S31508039260FF0B001600D000B8001000BA005001B872
S3150803927010B50324FFF7D6FF114A124B1A65FFF7F9
S31508039280B9FE114BC3F8104100F068F900F0EEFF80
S315080392904FF460720D4B5A614FF400721A65FEF76C
S315080392A0D3FA0021FEF7BAFA4FF48002084B1C647E
S315080392B0A3F580535C64074BC3F884215A6010BD39
S315080392C00048F000000002B8005001B8001002B8C8
S315080392D000E0095000E100E008B504F0DDF8044BAE
S315080392E01B6FC3F300430133B0FBF3F008BD00BFA4
S315080392F00080005070B5044698B1B1B13A4A52F8A5
S31508039300043B834213D10023384A116CC907FCD4A2
S31508039310374800EB830003F009FF364B1060012240
S315080393201A6470BD01330C2B02D1334D2CE0012393
S3150803933052F8041BA142F5D1304A32F81330E3E759
S31508039340C2F3016335F81300110C93B211F0FE0F43
S3150803935043EA0043606820D00434CAB2022A21686B
S3150803936008D96668A068033AC3E9001698600C34FE
S315080393700C33F3E704D16268C3E90012083403E047
S31508039380012A01D1043419602268531CD8D100225A
S31508039390164B1A6003F58053C1E7120F072AEDD857
S315080393A0DFE802F00704090D1013181DC04303F57F
S315080393B000531860E2E71A6842401A60DEE703F5CD
S315080393C08053F6E703F07EFED8E7012203F58053C0
S315080393D08240F2E7012203F500538240EDE71A685B
S315080393E030EA0202FBD1C9E7E860002000C002B8F0
S315080393F0404000B000D002B8F0580408706100205D
S315080394000B4B1B68D3F8F03023B11A68022A01D92B
S31508039410186A7047074B9A6E90B238B1064BC2F377
S3150803942007421B68DB085343B3FBF0F0704700BFE2
S31508039430405E0020004001B8D0600020064BDB6880
S31508039440C3F30363984206D1044A936E23F0F003E9
S3150803945043EA011191667047000002B8003F00B065
S31508039460054B1B68D3F8F03013B11A680A2A01D8DA
S31508039470FFF7C6BF186C7047405E00202DE9F74317
S31508039480064603F018FE00248046DFF8909004F0A1
S31508039490B0FB0DF1070105460DF10600FDF786FF42
S315080394A09DF806308BB9721C29D003F004FEA0EB95
S315080394B00804284604F0ABFB9DF8063013B99DF85B
S315080394C007303BB3A642E2D824E0D9F80C3013F4AC
S315080394D0603FE8D0D9F8180003F07BFE731C0746F3
S315080394E003D003F0E8FDA0EB0804284604F08FFB3D
S315080394F017F5007FE0D0384603B0BDE8F083284669
S3150803950004F085FB9DF80630002BC0D19DF8073083
S31508039510002BBCD1004FEEE700FEFFFF00C000B8EA
S315080395200B4A10B5136F0B4C116F03F00703E35C7B
S31508039530C1F3CD0101FB0333126F0748C2F345425A
S3150803954002FB033300688001B0FBF3F010BD00BFD4
S31508039550004001B8E8580408D06000200122014BF6
S315080395601A657047001002B80122014B1A65704745
S31508039570002002B84022014B1A657047002002B842
S315080395804022014B1A657047001002B810F1800F8C
S3150803959004D04D28CEBF7F20323040B2FF22034B82
S315080395A0C0B25A62A3F580535862704700E000B808
S315080395B0044BD3F8B03010B1C3F30332027003F08F
S315080395C00F007047000002B8064B01F080015B6C80
S315080395D003F480030B4302BF4FF40012024BDA6411
S315080395E0704700BF000002B8006001B80F4B1B7834
S315080395F08BB1012B11D10E4A012102F580528B4200
S3150803960091600FD80A4A0B49002B08BF0A4693688C
S315080396109B07FCD47047074AEEE700224FF48053B2
S315080396209A60FFDE00239B68FBE700BFA661002064
S31508039630004003B8000003B838B50B4B0B4C0028A1
S3150803964018BF1C46A569E3691D4007D0084B1B686C
S315080396502BB12846984704F50054A56138BD6B0518
S31508039660F9D5FFF7C3FFF6E7004003B8000003B8D0
S31508039670406100204FF604014FF60502044B012012
S315080396801B6C9BB28B4208BF1346024A136670478C
S315080396900080E00F00C001B82DE9F74F81460F4659
S315080396A04FF0FF35FFF7EAFA002601908A462C4663
S315080396B03046DFF8D8B006F110031B015BF8033018
S315080396C003F00308B8F1010F15D13046FFF7BAFBCB
S315080396D002460B4601985146FFF7DAF8DBF8643081
S315080396E006F10802D340DB0739D5002F40D0002501
S315080396F02C463E6040460136082EDCD160B3234A29
S315080397000027D2F808C0916B0CF440330131A4FB4F
S315080397100141641941F10001B3F5003F30D1536BA0
S315080397200CF4405C013347F10006BCF5805F22D197
S31508039730156B15F5807505FB06F647F1000203FB65
S315080397400266A5FB03323244594304FB0212A3FB08
S3150803975004341444C9E9003403B0BDE8F08FA842C1
S3150803976071EB0403C6D207B13E6005460C46C1E752
S315080397703D463C46BEE7320242EA13621B02E3E772
S31508039780136B13F5807347F10002DDE700C001B8D8
S31508039790F8B5062003F0B2FC044603F08CFC42F24B
S315080397A01073041B9C42054618D94FF080624F2458
S315080397B00B4B5A6441F26F770A4E0BE003F07BFCBE
S315080397C0401BB8424FF4837221468CBF0020012008
S315080397D0FBF7FCFD736C5B01F0D5F8BD1A24E9E7CA
S315080397E0002002B8000002B8034B1A6E596E03F53F
S315080397F000530A401A66704700C00A50FF28F8B596
S3150803980006D1FF294FF0070006D0002968D103E0E7
S31508039810FF2963D10F2863D80026324C324D84F8CA
S31508039820780084F87960686940F25D124B2100F08C
S315080398300100FBF7CBFD11234FF48012AB662B4BCC
S315080398406E66C3F888219A6001213B20EBF704F87A
S3150803985094F87910264A94F878300A43254906334A
S3150803986041F82320244B3E201D68EBF7CFF96F08F8
S31508039870ED07024633462846394602F02BFB090212
S3150803988041EA1061C0F3C05040EA41001B4BA06691
S31508039890186B10F5807005D14FF4D6722B21FBF7A0
S315080398A095FD0220024600230020012102F012FB47
S315080398B0E0663E20EBF7AAF940F649435843000D04
S315080398C0FF2828BFFF20022838BF0220002184F87A
S315080398D07C00012000F0E0FC0020F8BD0F2894D995
S315080398E02120FAE7003E00B000C00A5000E100E07C
S315080398F0020D0C0000800350D060002000C001B8A0
S3150803990070B5FFF745FF0021022000F0C5FC03F000
S31508039910D2FB04460F4D104ED5F8F4331B070BD56F
S3150803992004F067F9BDE8704002220C4BDA600122A5
S315080399300B4B1A7004F06BB903F0BDFB001BB04266
S315080399404FF405724FF045018CBF00200120FBF749
S315080399503DFDE1E7000002B83F420F0000C001B831
S31508039960A7610020224910B50B78002B3ED00122AF
S31508039970204C94F879300133DBB202FA03F31E4A1A
S31508039980536613664FF400221C4BC3F88821002341
S315080399900B7003231A4A39211364A2F580525364C0
S315080399A0184B40F2C322586CC0F38060FBF70EFDD8
S315080399B04FF48041144A154BC2F89410144A216F88
S315080399C0D26E914202BFD3F86C216267D3F8643131
S315080399D0606F08BFA4F87E30B4F87E1000F0DEF896
S315080399E0BDE810400121022000F056BC10BD00BF9F
S315080399F0A7610020003E00B000E00A5000E100E045
S31508039A0000E00950000002B800E001B800C001B840
S31508039A1000C00A5010B504463E20EBF7F7F860433A
S31508039A20034B00F5F42000F59070B0FBF3F010BD7E
S31508039A3040420F002DE9F74FFFF7ECFF0446FFF707
S31508039A40A7FE04F0D6F800214B4F05466846397041
S31508039A50FFF722FE494B80469E69494BDB6813F0A4
S31508039A60706F1CD1474B5B6913F0060A17D1E0B137
S31508039A70454B611D1868A1FB00B93E20EBF7C6F8F4
S31508039A80534602464946584602F024FA009B090201
S31508039A9041EA106100029842019B994105D3284681
S31508039AA003B0BDE8F04F04F0B2B80021022000F07D
S31508039AB0F3FB03F000FB8146DFF8C4B0DFF8D4A05C
S31508039AC0DBF8F4331B0741D5B8F1000F4DD0DDE9B8
S31508039AD000893E20EBF79AF84FEA182141EA096113
S31508039AE04FEA1923A0FB019800FB0388264B1A6843
S31508039AF012B9FFF7F1FB024600234846414602F036
S31508039B00E9F90121214B013493F87930DFF86CC068
S31508039B1001331F4A361BDFF880E0DBB201FA03F391
S31508039B200644CEF86030CCF86C605366DCF818202F
S31508039B30DCF86C60241A921BA24216D2CEF8643063
S31508039B400220CEF8603000F0A7FBA8E703F0B3FACB
S31508039B50A0EB0900504540F26A224FF045018CBF3D
S31508039B6000200120FBF732FCAAE70222054BDA6044
S31508039B7001233B7093E700BFA761002000C00A508A
S31508039B80000002B800C001B8D0600020003E00B053
S31508039B9000D00A503F420F0000E00A5001232DE986
S31508039BA0F74F9A4F044697F879208A469340984A7E
S31508039BB00E46936697F87820964B0546C3F8F02029
S31508039BC04FF40032944B4FF0000B1A610223DFF86F
S31508039BD05482C8F80C30914B9B6903F1FF39A3EB08
S31508039BE00903002B40F3D4800BF1010BBBF1020FE1
S31508039BF057D9EC220D210020FBF7E8FB4FF08053E1
S31508039C00874A884F53664FF40031804BC7F86C5127
S31508039C10C3E91C950025C7F86461A3F87E60116142
S31508039C207C4AC2F8F05093F8792001239340784A86
S31508039C30936603F0DEFF2A462B464FF4807E3E6A80
S31508039C40D7F864C002F110010901795801F003013C
S31508039C50012910D10EFA02F111EA0C0F0BD107EB09
S31508039C600215B442D5F80C5100F2A580AC4202D2D3
S31508039C70AE4280F0A3800132082AE3D16A4D2968EF
S31508039C80012940F29E803BB16049B1F87A201A4314
S31508039C90A1F87A20604A536603B0BDE8F04F03F093
S31508039CA0B6BF012397F879205C4D9340584A9366CB
S31508039CB003F09FFF4FF08052594B01905A66AB69E8
S31508039CC003F10109C5F86C90D8F83010D8F80830B4
S31508039CD0DD036DD53A6FBE6EA9EB0202A2FB06261B
S31508039CE0FB6E01F58071A6FB03E5A2FB03C313EB29
S31508039CF00E03A1FB03EC45F1000501FB05CCB2EB12
S31508039D000E0266EB0C06120A42EA06625244B2EBEC
S31508039D10112F4FEA112603D3013345F10005921B90
S31508039D20043E964228BF1646C8F8186097F87D2061
S31508039D30D8F82010E318D2B245F100058C42D8F8BA
S31508039D40381084BF02F1FF32D2B2481C0ED04FF04E
S31508039D50000E01F1010C99427EEB050008D201328F
S31508039D60B3EB0C03D2B265F10005F4E72A44D2B289
S31508039D701D4602F0030287F87D20C8F82030012328
S31508039D8097F8792001989340284A936603F03FFF92
S31508039D90224B9B6900BF00BF00BF00BF00BF00BFC7
S31508039DA000BF00BFD8F86420D2007FF518AF25E7B7
S31508039DB056462546E3E7AC42BFF45AAF19438BB27E
S31508039DC059E71B4A1478142C01BF0024194E147042
S31508039DD03470147801341470002B3FF45DAF0B4EC6
S31508039DE0B6F87A401C43A6F87A400B4C6366114CC6
S31508039DF023780133DBB2022B23707FF44DAF0023A4
S31508039E00013129601370237046E700BF003E00B096
S31508039E1000E00A500080035000D001B800C00A5081
S31508039E2000E001B800C001B86C60002000D00A50F9
S31508039E30A9610020A86100204FF40052014B5A6023
S31508039E40704700BF00E100E04FF40052034BC3F82C
S31508039E508420BFF34F8FBFF36F8F704700E100E095
S31508039E60F8B50B46002213F8044B944225D91D680E
S31508039E70854224D106245A791D79124B88181E68FF
S31508039E8004FB0503104F33F8063C7B43B3420ED954
S31508039E9000238A5A7A43964202D804FB0300F8BD84
S31508039EA09D42FAD9013304FB03F2825AF2E740F2E0
S31508039EB044423D210020FBF789FA0020EFE70833E7
S31508039EC00132D2E74461002040420F0000202DE909
S31508039ED0F84FA2FB017BAA4EDFF8DCC2BE199846EF
S31508039EE06BF10003B44570EB030307D240F23E223D
S31508039EF00E21FBF76BFA0220BDE8F88FD8F814A0F9
S31508039F000C461546BAF1000F04D0DAF80030032BD5
S31508039F1000F2A9809B4B9C4A9B6BD2F8FCA0C3F327
S31508039F2014099A4B1B6F58074EBF4FF440039B0502
S31508039F3003F0E07349EA0309954BD3F8EC3059006B
S31508039F4048BF49F0807949EA456903F0D1FA012DFA
S31508039F500646D0D10028CED08E4B984200F0948086
S31508039F6003F5122303F5F863984200F0B6808A4B8B
S31508039F70984200F0BE80002502462B4600204FF08B
S31508039F80007101F0A7FF2B46013007FB03F3C9F362
S31508039F90130100FB0B33A7FB0070A1FB0662034406
S31508039FA001FB052220339B09C8F800307B4BF60CCE
S31508039FB01C6046EA42367A4B19F4801F08BF76427C
S31508039FC01E60784B34441C60BAF1000F48D0002356
S31508039FD0DAF81C5019F0807F18BF6408C8F80830EF
S31508039FE0C8F80430002D53D1DAF800600023062E92
S31508039FF0C8F80C30C8F8103032D9DAF830307BB3E9
S3150803A00003F076FADAF83010FFF72AFF044618B198
S3150803A0108378002B40F0998003F038FADAF8301089
S3150803A020FFF71EFF0446D8B18378CBB140794FF4C6
S3150803A030AE62003818BF01203D21FBF7C7F9207926
S3150803A04040F2715200384FF03D0118BF0120FBF76B
S3150803A050BDF9237962791B0243EA0213C8F8103063
S3150803A0600020BDE8F88F042BDAF828907FF46DAF4B
S3150803A07019F0807F14BF4FF4400309F0E07329F009
S3150803A080E07949EA030960E7002347481D467CE768
S3150803A0903E4FD7F83C21D2022FD4DAF800601CB120
S3150803A0A0B4FA84F107291CDD2B462102B1FBF3F12F
S3150803A0B04B0067020133E40D01E002330131A5FBCE
S3150803A0C00302874274EB0202F7D2C1F30E010903B6
S3150803A0D041F00061C8F8081088E7002333481D4695
S3150803A0E053E7C1F1080325FA03F304FA01F101332F
S3150803A0F0DCE700232E481D4647E719462D4AC9F3D0
S3150803A100815912F80920002EB8BF764292066008D4
S3150803A110C2FB0601224601F0DDFEDAF800600E2EC8
S3150803A1200ED9184B9A6BBB6CD7F83C11DB0607D5CF
S3150803A13002F4801201F400110A4308BFC0F5801027
S3150803A140C0F31300C8F80400A9E7407940F2555252
S3150803A150003818BF01203D21FBF738F9207940F272
S3150803A1605652003818BF01203D21FBF72FF92379F2
S3150803A17062791B0243EA0213C8F80C304CE700BFA6
S3150803A180006CCA88008001B8004F00B0004001B8CF
S3150803A190000002B800F04902005A62024C6100202E
S3150803A1A048610020446100200A3BB2DF313641DCB6
S3150803A1B0D694BFD6F8580408807C814A10B504465D
S3150803A1C086B059B9214B4168D3F8FC30827A2048C6
S3150803A1D0059300686B46FFF779FE69461D4B0A68C7
S3150803A1E05A631A4BD3F8FC3033B34B6843B11A4B53
S3150803A1F01A4AC3F83C214A68A3F58053C3F83C219D
S3150803A2008B6843B1144B164AC3F81C218A68A3F515
S3150803A2108053C3F81C21134AC868D2F8983123F42B
S3150803A220EE630343C2F89831D2F89031096923F4EF
S3150803A230EE630B43C2F89031002022890A4B9A62D7
S3150803A24003F5A033186406B010BD00BF004F00B075
S3150803A250405E0020008001B8006001B8FFFF0F00D0
S3150803A26000F0FF0F000002B8004000B8074BD3F810
S3150803A2708022D20707D55B6E002B4FF48043B4BF09
S3150803A280034A044A13650020704700BF0080005044
S3150803A290002002B8001002B8064B1A6C9207FCD4C9
S3150803A2A0022240EA01205860034B1A640122034B39
S3150803A2B01A70704700C002B800D002B8AA6100201D
S3150803A2C02DE9F041364F0646FB68C3F30363022BB9
S3150803A2D064D102F0F0FE0546DFF8DC80BC6A14F4AC
S3150803A2E0802449D103F085FCFB680546C3F3036361
S3150803A2F0022B3BD1304602F0D1FD28B1294B93F806
S3150803A300DC200AB183F8DD400022274B83F884203A
S3150803A310234B5B6C98053DD5224BD3F8C43059883B
S3150803A3209A68C90748BF1821D66848BF927806F4C1
S3150803A330000044BF01FB023303F10C021B4B06F07A
S3150803A34008069B6993608022194BDA6038B14FF48B
S3150803A350003203F5A043CF20DA61FEF70BFACEB13C
S3150803A3604FF40072134B5A6402229A60284603F08C
S3150803A3704EFC2046BDE8F08102F09DFE401B404599
S3150803A3804FF064024FF047018CBF00200120FBF712
S3150803A3901DF8A3E78022024B1A61E7E70224E8E7E0
S3150803A3A0000002B8003E00B0003F00B000C000B88D
S3150803A3B000C001B8002002B83F420F0010B590B1A3
S3150803A3C00468012C0FD902696AB11168094B102C6C
S3150803A3D0196051685960916888BFD268996094BFBB
S3150803A3E0D960DA6010BD10220021024801F002FF8D
S3150803A3F0F8E700BF54610020084BC1171A68A2FB8F
S3150803A400000302FB013310F1807043F10003400E91
S3150803A41040EAC310803820EAE07070476461002080
S3150803A4200722194B70B51A64184B194A1D68194B3C
S3150803A430EC08E005C0184FEA153141F10001002385
S3150803A44001F048FD144B154E18601548FFF7D4FF65
S3150803A4504042C6F8DC0049F65800FFF7CDFFC6F8B8
S3150803A460A8001048FEF710FD024660B1E301500844
S3150803A47018184FEA15714FF0000341F1000101F076
S3150803A48029FDC6F8B40070BD000002B8D0600020EC
S3150803A49065CD1D00B2E60E0064610020003F00B0E2
S3150803A4A07011010040420F0010B5044698B10B4BDA
S3150803A4B0D3F8FC00FFF782FF4FF47A7303FB04F02B
S3150803A4C0074BA0F6AC50DA689B681044C01ABDE87F
S3150803A4D01040FFF791BF4AF6C870F8E7004F00B07F
S3150803A4E0546100202DE9F8430546084614461E46DE
S3150803A4F0FFF764FF9DB106F0020716F0040610D1B4
S3150803A5006FB1284600F0C6F820636B69002B7ED12D
S3150803A51047F23050FFF770FFE062002E58D1BDE8CE
S3150803A520F8832869002869D04FF47A7358433F4B58
S3150803A530A0F6AC509B68C01AFFF75EFFA062A88B13
S3150803A54000285ED04FF47A735843384BA0F6AC50C4
S3150803A5509B68C01AFFF750FFE061354BE968D3F8EB
S3150803A5600080002950D04FF47A7359432F4BA1F634
S3150803A570AC519A685B68891AC91A2E4BC8171A68A8
S3150803A580DFF8B890A2FB011302FB003311F18071C7
S3150803A59043F10003490E41EAC3118039264B216270
S3150803A5A0D3F8C4306362D9F8003053B1404602F099
S3150803A5B075FC30B12246D9F800301C49D8F8E400B6
S3150803A5C098470021A869FFF76FFF6063002F98D1AA
S3150803A5D0A86828BB47F23050FFF70EFF60614FF4B7
S3150803A5E07A702B6858432BB1104B1B6803F51C5321
S3150803A5F010331844FFF700FFA06190E74AF6C870C6
S3150803A6009AE74AF6C870A5E74AF6C871B5E7074A4E
S3150803A610D0684FF47A7202FB0300A0F5FA5079E783
S3150803A6204FF47A735843A0F5FA50D5E754610020DE
S3150803A630405E002064610020003F00B050610020A6
S3150803A64070B5064608461C4602F05FFD0546D6F871
S3150803A650F00000F011F84368054A002BA8BF4FF431
S3150803A660FA721A44034B601992FBF3F2104470BD55
S3150803A6700CFEFFFF18FCFFFF40B10368012B05D949
S3150803A6800069034B002808BF1846704700487047FF
S3150803A6900059040843684FF47A7058432BB1044BA6
S3150803A6A01B6803F51C5310331844FFF7A5BE00BFF8
S3150803A6B05461002070B588B06D46184C0FCC0FC591
S3150803A6C094E80F0085E80F00EC220021144801F0F6
S3150803A6D091FDAC220021134801F08CFD20220021B4
S3150803A6E0114801F087FD02F090FD104B1B783BB132
S3150803A6F06D460A4E0FCD0FC695E80F0084E80F0086
S3150803A7000C220B490B4801F017FE0B4B0B4AD3F8E7
S3150803A7107831C3F38243536608B070BDE03F00B097
S3150803A720683E00B0543F00B0E04F00B09661002089
S3150803A73010590408B03E00B0000002B8003F00B04C
S3150803A740064BD3F8F00E064B9B6C1A0103D4054B44
S3150803A7509B6E1B0401D500F580707047003000B06E
S3150803A760000002B8004000B810B503F042FA0E2103
S3150803A77004460320FEF762FE40F20122034B2046FD
S3150803A780BDE81040DA6203F042BA00BF004000B8E1
S3150803A790064B00201B6893F82430DB0902BF03220B
S3150803A7A0034BC3F85022FBF783B900BF405E002072
S3150803A7B0006001B8012370B5074C2370074B1E6868
S3150803A7C0074B3240D3E9005319402840FBF7BEFE36
S3150803A7D00023237070BD00BFAF6100206C610020A9
S3150803A7E0E8580020024B5868C0F3C000704700BF02
S3150803A7F0E858002010B50446FEF73AFD00F006FFB8
S3150803A8002046FDF751F8FEF7BDFCFDF7BFFFFEF73F
S3150803A81031F8FFF705FE13490723134AD1F8FC104D
S3150803A82004F58270FFF75EFE4FF080710020FEF795
S3150803A8304BFB4FF000720D4B4FF400110120C3F888
S3150803A8400021FEF741FBFEF715FF20B940F223125C
S3150803A8501421FAF7BBFD02F0D6FCBDE8104001202F
S3150803A860FDF770BE004F00B0A43F00B000D001B89A
S3150803A8708023074A5364082340B15364054AD2F830
S3150803A880C03E23F02003C2F8C03E7047024AF4E7ED
S3150803A890001002B8003000B0002002B810B503F06B
S3150803A8A0A8F9012104460020FFF7E2FF044B1961CA
S3150803A8B0044B5B6898472046BDE8104003F0A7B9E8
S3150803A8C0000002B8C0630020F0B583B014460646FC
S3150803A8D0FFF7CCFCFCF740F8002800F0A980594B99
S3150803A8E05D6915F0060540F0A38003F082F9237924
S3150803A8F00095022B054647D1237B022B33D0032031
S3150803A900FEF7DCF820B9504BDB685B0440F1928014
S3150803A910A37B277B003B18BF0123A2684B49012F62
S3150803A92001920B706FD000F063FE0420FDF7C2FF9F
S3150803A9300420444E0223716F3A4621F0F85121F45C
S3150803A940F81141F0506141F4803171670DEB000154
S3150803A950FDF7CEFF0446002860D0012030223C498B
S3150803A9603C4B08701A653C4E3368984721280446C1
S3150803A97004D101210020736898470024284603F070
S3150803A98046F9204603B0F0BD0320FEF797F80028E2
S3150803A99050D12279D6F80C31012A226830D0D01A40
S3150803A9A000900020274B2D4A2D495A679867637BE9
S3150803A9B02C4A23F040000028C3F380130B700CBF06
S3150803A9C0012300231370284B274AD3F8C03E4FF0C0
S3150803A9D003000CBF43F0200323F02003C2F8C03E54
S3150803A9E0FDF768FF174B214A03205A676946012377
S3150803A9F02279FDF77DFFF8B101221D4B1A707BE71B
S3150803AA009A42CDD3CBE72379022B8CD0009BD6F879
S3150803AA100C1100270B441344019384E70320FDF725
S3150803AA2049FF28460D4A124B72671C7003F0EFF86C
S3150803AA300E24A6E72846F9E7284603F0E8F8212472
S3150803AA409FE700BF00C001B8000002B8B461002048
S3150803AA50B1610020001002B8C063002000000101A4
S3150803AA60B2610020B3610020003000B0010C010080
S3150803AA70AE610020F8B5194C0546207840F27D22D0
S3150803AA80B0FA80F03E214009FAF7A0FC55B9607880
S3150803AA9040F27D22BDE8F840B0FA80F03E21400935
S3150803AAA0FAF794BC4FF440660D4F0E4DD7F80831AC
S3150803AAB040F27D22C3F381232370C5F808616078C9
S3150803AAC03E21B0FA80F04009FAF780FCD7F80C313A
S3150803AAD0C3F381236370C5F80C61F8BDAB6100202D
S3150803AAE0004000B8006000B810B5104B104AD3F800
S3150803AAF0B8001478596A9A6A00F00F0021F4706155
S3150803AB0022F0E052844241EA042142EA84624FF089
S3150803AB101F04084835BF9A6259625962C0F8B8409B
S3150803AB2034BFC0F8B8409A6210BD00BF00C000B871
S3150803AB309261002000E000B8A82238B51C4B5D6C72
S3150803AB4003F500535A6410229A60A3F5804302F171
S3150803AB5000521A675A6600F0AFFF164B1B7813B9F3
S3150803AB600320FDF7A7FE0024134B9C6700F0CAFFDA
S3150803AB70124A134BD2F8F01E0B40C2F8F03E0422D9
S3150803AB80104B5A64104BC3F8C840FFF7ADFFAB062A
S3150803AB9007D50E4B9B6FB3F5817F22BF8022044BEB
S3150803ABA01A61FCF76DFB0022094B1A7038BD00BF0A
S3150803ABB0000002B8AE61002000C001B8003000B042
S3150803ABC0DF0000FF002002B8003E00B0003F00B0DF
S3150803ABD0AD6100200D4A10B5D2F8A030D2F8A41002
S3150803ABE00B40B3F1804F0CD34FF040400849094C52
S3150803ABF0C1F8A400D467C1F8A0004FF48021064A1F
S3150803AC00D161034AC2F8A03010BD00BF004000500E
S3150803AC10006000500000FF01001002B89C4B2DE9AC
S3150803AC20F04F9A6EDB6E85B002EA0308994BC3F8B8
S3150803AC3068804FF03A43D3F81461D3F818311E40AD
S3150803AC40954BC3F81461954B9A68DB6802EA030AC5
S3150803AC50934BC3F808A003F52043DA691B6A02EA93
S3150803AC600309904B09F47702DA618F4BD3F8042270
S3150803AC70110306D4D3F804311A03C3F3C04740F1CA
S3150803AC80E58002F0B6FF894B5A695F6E1B6F12F0B7
S3150803AC90060F07EA0307864A27F0007323F40063BF
S3150803ACA014BF4FF0010B4FF0000B53667B0706D515
S3150803ACB0804A92F87D300133DBB282F87D3002F0A8
S3150803ACC0A6FFB8F1000F00F0DF8018F4004427D080
S3150803ACD002F08FFF0146FFF733FD0446764B1D68E6
S3150803ACE02A682B689A42FCD02A689A42FCD0FFF756
S3150803ACF027FDA04240F0AC80084602F088FF6F4B60
S3150803AD001C606F4B5D6C15F4E05240F0A38024F091
S3150803AD107F4424F0DF040CB9FFF70EFF4FF080746D
S3150803AD2018F0020F4FF0000514D0654B5D495B6CB4
S3150803AD3003F460424A64002A00F0A0801D0400F16F
S3150803AD40A08013F4005F0CBF4FF000534FF000636D
S3150803AD5000251C43C8F340384FEA4808594B33408B
S3150803AD60002B4BD016F4206F0AD040F2BC520621B2
S3150803AD700020FAF72BFB002000F022FF26F480269A
S3150803AD80F00506D5FF22474B44F4C0649A60FFF7E3
S3150803AD90EBFC16F0090F0BD040F2D1520821002024
S3150803ADA0FAF714FB00F000FF4FF03A4301225A6307
S3150803ADB016F0106F0CD040F2DA5209210020FAF788
S3150803ADC005FB00F0F1FE002211461046FCF774FE5F
S3150803ADD016F4202F0AD040F2E25207210020FAF790
S3150803ADE0F5FA002000F0ECFE26F48026F10301D5DF
S3150803ADF0FCF7B4FF002EB8BF48F0080872070ED553
S3150803AE004FF03A431B6B13F4005F4FF4005317BF1D
S3150803AE10214A2D4A136344F4000408BF13637305D8
S3150803AE2048BF44F0040416F48023019300F0B58068
S3150803AE30FCF74AFF0138062848D8DFE810F038013E
S3150803AE403B0138013E01410144014401BB4638E751
S3150803AE50044645E70192FFF76FFE124B019A5A64BF
S3150803AE6015F4805307D115F4806F0CBF4FF0805447
S3150803AE704FF0806454E74FF0804451E74FF0007376
S3150803AE8066E74FF0004363E74446454666E700BF77
S3150803AE90004000B8006000B8002000BA004001B8BE
S3150803AEA0006001B8002002B800E100E000C001B864
S3150803AEB000E001B8003E00B0AC5804086861002001
S3150803AEC0000002B8090B0B89001000BA40F213629E
S3150803AED003210020FAF77AFA4FF03A420121D2F811
S3150803AEE08C30D2F8AC0003F00703063301FA03F3F8
S3150803AEF0C0F30C001B1A9BB2072B12D97A4B5B6C57
S3150803AF0058020ED47948D36CD26E406D58B103F00B
S3150803AF10070306339940C2F30C03C91A89B20729F2
S3150803AF2001D844F40074724B1B78002B35D04FF0CC
S3150803AF303A43D3F8143113F4A02F2ED16D4B6E4A2E
S3150803AF401B7893B9FB0410D4137873B1E3086B49E0
S3150803AF5043EA457383F00103D1F8F01E03F00103B6
S3150803AF605B0021FA03F3980717D10420FDF7A2FC27
S3150803AF70634B6449596700F03BFB5F4A137843B94F
S3150803AF80614B1B782BB1614B614A1B682340134203
S3150803AF9001D144F4804427F48057BAF1000F27D02F
S3150803AFA01AF4805F18BF44F480241AF4807F18BF0C
S3150803AFB044F400241AF4005F18BF44F010041AF48A
S3150803AFC0007F18BF44F020041AF4806F18BF44F0BA
S3150803AFD040041AF4006F18BF44F080041AF0805F27
S3150803AFE006D04C4B0021186845F48055FBF7E4FC62
S3150803AFF0B9F1000F3AD019F4802F18BF45F400753C
S3150803B00019F4803F18BF44F4805419F4801F18BFFD
S3150803B01044F4003419F4001F18BF44F0020419F469
S3150803B020003F18BF44F4801419F4800F18BF45F085
S3150803B030100519F4002F19D0304BD3F8C03E13F07E
S3150803B040C00F13D0284AD368C3F30363032B01D075
S3150803B050072B05D1936CD90602D4D36C1A0735D5B9
S3150803B0604FF400222C4B29F40029DA61002F00F053
S3150803B0701E813B0540F188802849214A91F803A09F
S3150803B080274BBAF1000F51D04FF400600AF1FF3A8B
S3150803B09058665FFA8AF3CB7033B9224B1B78C3B170
S3150803B0A040F60142204B5A67002300226AE044F423
S3150803B0B0803411E744F400640EE744F480640BE734
S3150803B0C044F4807408E744F0080405E744F40014DC
S3150803B0D0CCE7936F13F4A05F15BF4FF4807340F664
S3150803B0E0014393659367DFE7000002B8004000B8A1
S3150803B0F0B1610020B0610020B3610020003000B0C8
S3150803B10000C001B800000101B2610020E858002020
S3150803B110088D0100405E0020002002B89C610020D3
S3150803B12000E001B8AE61002000D001B80320FDF7A6
S3150803B130C1FBAA4AAA4B526912F0060F77D05046AA
S3150803B140FDF724FD4FF40061A54BA44A59665369DC
S3150803B150A44813F0060308BF9367B0F87A30A249E8
S3150803B16013F4006267D023F40063A0F87A300B78EF
S3150803B17003F0FF0A002B62D1FDF7B2FEFFF7DCFCF2
S3150803B180534620221C431543B80009D52E20FDF744
S3150803B190F1FA4FF00052924B45F008051A675A66C2
S3150803B1A0F90608D52B20FDF7E5FA10228C4B45F452
S3150803B1B000151A675A6617F0306F05D1FA046AD56F
S3150803B1C0BBF1000F00F0CA803B0115D52920FDF716
S3150803B1D0D1FA864B8649DB6803F48042C3F380338E
S3150803B1E00B70FFF7FFFA28B1824B7D4982484B66FD
S3150803B1F003673ABB45F0040517F0007B2FD00420FC
S3150803B200FDF758FB2720FDF7B5FAFFF795FC4FF036
S3150803B2100072734B5A66794BD3F8F02E510600F138
S3150803B22084800222764B9A6045F002052EE041F6A9
S3150803B2301F725A6786E70B784FF40053A2E74FF459
S3150803B240004332E70B6720204B66FDF793FA45F474
S3150803B25000152D2045F00C05FDF78CFACCE717F001
S3150803B260807FDFF878A14BD00420FDF723FB282045
S3150803B270FDF780FADAF87830002B3ED1FFF75CFC4D
S3150803B280574B5C4A45F001051A675A66FFF780FA79
S3150803B2900022524B9A65BA0409D55A4A5379002BA8
S3150803B2A000F0D180013B5371002348EA0308534B4E
S3150803B2B0D3F8C03E1B0603D520462946FCF7AAF851
S3150803B2C0424620462946FFF775FA019B0BB1FCF760
S3150803B2D033FD4FF400424C4B06F00436C3F81461B1
S3150803B2E04A4B19F4002FC3F884211EBF4FF40022DA
S3150803B2F0434BDA6105B0BDE8F08FCAF878B0BFE70B
S3150803B300F804C5D50420FDF7D5FA414BCAF87430BD
S3150803B310FDF7E6FDDAF8643013F0407FB8D12A204A
S3150803B320FDF728FAFFF708FC75E7D3F8C03E9A0637
S3150803B3303FF57AAF0222374B9A60374B1B6893F86F
S3150803B34025309B077FF570AF264B93F8DC30002B2F
S3150803B3503FF46AAF8022254B1A6165E7294A1379B8
S3150803B3604BB1013BDBB2137113B9234B2B4A5A6713
S3150803B37000231C438FE70420FDF79CFA0320FDF7FF
S3150803B38099FA164B224A5A6702F033FC82460DF1A4
S3150803B3900F00FEF70DF9224B83461B780BB1FFF717
S3150803B3A0E3F9BBF1030F0ED1DFF840B00020FEF737
S3150803B3B0FFF8032807D1DBF82830D807F6D4DBF8DB
S3150803B3C04830D903F2D49DF80F30032B2CD1012230
S3150803B3D0144B50461A7002F01AFCC9E700C001B8AC
S3150803B3E000E001B8003E00B0AE610020000002B8DC
S3150803B3F0AD6100201000002000D001B8003000B075
S3150803B400002002B89C610020002000BA00E100E099
S3150803B41000000101001002B8405E00200000010D83
S3150803B420B4610020B06100204FF03A43D3F81431D9
S3150803B43013F4A02FCBD100F0DBF8504602F0E7FB5C
S3150803B4404FF4804395E70520FDF734FA01232CE7EB
S3150803B4500122024B1A62DA61704700BF002002B864
S3150803B460094A08B5D369116A0B40084923F47F00D2
S3150803B470DB07C86106D5D1684FF0FF30C1F3036116
S3150803B48001F0CCFE08BD00BF000002B8002002B8D8
S3150803B4900C4A08B5936CD26C13400B4A9364DB07CA
S3150803B4A00FD50A4B40F65F021878122100F0010007
S3150803B4B0F9F78CFFBDE80840002201200021FFF7B9
S3150803B4C079B908BD00C000B800E000B8E858002004
S3150803B4D070B5154D2C6C6B6C1C40144B24F0020292
S3150803B4E01A64E20705D540F6C60200202968F9F76B
S3150803B4F06DFFA30716D502220C4B1A640C4A6B6818
S3150803B50014687CB1DBB2042B07D100220121094B55
S3150803B51018682346BDE870401847052B02D1002258
S3150803B5201146F4E770BD00BF00C0095000E009509A
S3150803B5309C600020405E002038B50C4C0C4DD4F8B6
S3150803B5408430DB0706D4A36FD4F884201340094A52
S3150803B550936738BDD5F804315A02F0D5FFF7B8FF1B
S3150803B5604FF48003C5F88431E9E700BF008001B8CA
S3150803B57000E100E000A001B808B502F03AFB0E4B63
S3150803B5801A78A2B90D4A126812F4843F0FD10C4AED
S3150803B590102111651B7863B9084B1B68DB0508D4B2
S3150803B5A0074B20221A65BDE8084002F030BB054A5E
S3150803B5B0EEE7044BF5E700BFB1610020E858002029
S3150803B5C0002002B8001002B810B502F012FB0E21D3
S3150803B5D004460320FDF732FF40F20122034B2046BF
S3150803B5E0BDE81040DA6202F012BB00BF004000B8A3
S3150803B5F00022044B1A70044B197811B11A70FFF71D
S3150803B600BBBF7047B0610020B161002038B502F0B6
S3150803B610F0FA4FF48043274C0546C4F88430BFF349
S3150803B6204F8FBFF36F8F4FF40043C4F88430BFF3D3
S3150803B6304F8FBFF36F8F4FF48033C4F88430BFF353
S3150803B6404F8FBFF36F8F4FF40033C4F88430BFF3C3
S3150803B6504F8FBFF36F8F4FF48023C4F88430BFF343
S3150803B6604F8FBFF36F8FFEF7EFFB4FF40023C4F83A
S3150803B6708430BFF34F8FBFF36F8F4FF48013C4F833
S3150803B6808430BFF34F8FBFF36F8F4FF40013C4F8A3
S3150803B6908430BFF34F8FBFF36F8F4FF40003C4F8A3
S3150803B6A08430BFF34F8FBFF36F8F2846BDE838400A
S3150803B6B002F0ADBA00E100E038B502F09AFA0546A1
S3150803B6C04FF480430E4C63604FF4004363604FF4BA
S3150803B6D0003363604FF480236360FEF7ADFB4FF4DA
S3150803B6E0002363604FF4801363604FF400136360B1
S3150803B6F04FF4000363602846BDE8384002F087BA72
S3150803B70000E100E02DE9F047DDF820A003EA01088F
S3150803B710099B06460D4602EA000703EA0A09BAF137
S3150803B720000F40F04F81031F0B4300F00F810528DC
S3150803B73071F1000380F0E58050EA010300F075819A
S3150803B740431E0B4300F02581FFF760FFB84AD2E991
S3150803B750004323EA050324EA06043C4343EA0807AD
S3150803B760B44BC2E900471E6826EA0A0646EA0906F2
S3150803B7701E60FFF701FF14F02A4F14BF48F20203B5
S3150803B7804FF40043AC4AB007D26EAC4848BF43F403
S3150803B790005383EA020122EA0302C266A84A0B405F
S3150803B7A08166D366C4F380421203210348BF42F479
S3150803B7B08072E30648BF42F40052A24BA50648BF6F
S3150803B7C042F40072600648BF42F480622106D968D3
S3150803B7D048BF42F4006282EA010323F080539A4881
S3150803B7E019401A40C1608360984B17F4007FDA60EA
S3150803B7F0974B07F4007200F0048101224FF4802569
S3150803B80083F88820E30448BF45F48035A00348BF7E
S3150803B81045F48015A10748BF45F4001514F4001F25
S3150803B820DFF8688206D0D8F8000001F013FD08B9DE
S3150803B83045F40025E20248BF45F40035FB06854B6F
S3150803B84048BF45F480051A6A834985EA020323F04B
S3150803B85001031A400A621D40CB61804B16F0010FA3
S3150803B8601D627F4B7F4A18BF1A467F4B7D071B6FA6
S3150803B87048BF42F000627D4882EA030123EA0203D5
S3150803B88003677B4B0A4041661A677A4A04F0010349
S3150803B890D16CA0F5803081EA030221EA0301C16471
S3150803B8A082641A40744B2002DA64D8F8002048BF31
S3150803B8B0724B92F8022158BF714B610748BF43F494
S3150803B8C0806322B114F4C06F18BF43F48073320740
S3150803B8D04FF03A42BDE8F047D2F8181148BF43F093
S3150803B8E0004383EA010222F4A02266481140C0F805
S3150803B8F018111340C0F81421634AC2F81831FFF728
S3150803B900DBBEA0F580630B4306D020F48063A3F562
S3150803B91000730B437FF418AF02F06BF94449D1E97E
S3150803B920003223EA060322EA050242EA08023B43F7
S3150803B930C1E90032554A126892F80211514A09B30D
S3150803B94013F4C06F1ED04FF4807311E002F051F95F
S3150803B950374AD2E9003123F004033B4341EA08019D
S3150803B96057EA0807C2E900314FF48063454A0BD00A
S3150803B970C2F81431A2F58052C2F81831BDE8F0476F
S3150803B98002F045B94FF48073C2F81831C2F814317E
S3150803B990F4E702F02EF9264AD2E9003123F001032F
S3150803B9A03B4341EA0801C2E900310123384A57EA11
S3150803B9B008071BBF9364A2F58052D364D36408BFF8
S3150803B9C09364DBE750EA01037FF4BEAEBAF1010FD5
S3150803B9D07FF4BAAE02F00DF9164A136823F0010391
S3150803B9E043EA090313604FF40053204AB9F1000FE1
S3150803B9F004D05366A2F580521367BFE713675366ED
S3150803BA00BCE793F8881071B183F88820214BD3F8E3
S3150803BA10A41003F50053C3F8A410C3F8A0104FF0FD
S3150803BA205023C3F8A4200025ECE6BDE8F08700BF41
S3150803BA30E85800206C610020004000B8006000B898
S3150803BA40005000B8004001B8006001B8005001B8C2
S3150803BA50003F00B0000002B8002002B8001002B888
S3150803BA60043800030418000300C001B800E001B855
S3150803BA7000D001B800C000B800D000B80D0A0A0902
S3150803BA80090A0A09002000BA001000BA405E00201D
S3150803BA9000E000B800400050024B186800F00100AF
S3150803BAA0704700BFE8580020024B5868C0F3C030FF
S3150803BAB0704700BFE85800200A4B197801F0FF02C7
S3150803BAC029B10021197008499202C1F80821597849
S3150803BAD001F0FF0229B1002159709302024AC2F804
S3150803BAE00C317047AB610020005000B84FF4006278
S3150803BAF0034B5A644FF40042A3F5E0339A66704742
S3150803BB00001002B8F8B5084C084D636C0423084FB7
S3150803BB106B64636C5B0300D4F8BD042602207E6461
S3150803BB2001F0D0FA6E64F4E7000002B8001002B818
S3150803BB30002002B838B5044679B948B1164BDB6814
S3150803BB401B0E13F00E0F04D04FF4C062134B9A6505
S3150803BB5038BD134B1B6CD907F6D4FFF735FD0E4DCD
S3150803BB600020FDF725FD032801D0092805D1AB6A76
S3150803BB70DA07F5D4AB6CDB03F2D4FFF7C3FF012274
S3150803BB80084B5A6102229A62042203F580535A64C7
S3150803BB90002CDDD0D8E700BF000002B8006001B86A
S3150803BBA000C002B8001002B808B503210920FDF742
S3150803BBB045FC2022014B1A6108BD00BF000002B8EC
S3150803BBC038B5054602F015F80E4B04461868FBF718
S3150803BBD09FFF35B1FFF70CFD2046BDE8384002F05C
S3150803BBE016B8094B1B78002BF6D0084B1D78002D89
S3150803BBF0F2D1FFF7FDFC2A464FF480400021FEF7F9
S3150803BC00D9FDE9E7405E0020B0610020AF6100205E
S3150803BC102DE9F84F584B06460D4614465B6C002A29
S3150803BC2040F0A78013F0A00F14BF4FF001094FF09F
S3150803BC300009FBF725FBFEF757FFA0234FF0000A81
S3150803BC40DFF84C810320C8F84430FCF733FE0420A0
S3150803BC50FCF730FE494FFFF7CBFC494B4FF0040B7B
S3150803BC607B67C7F878A0FFF74DFF464B4FF4807103
S3150803BC70D3F8C02E42F02002C3F8C02EFF22C8F81C
S3150803BC8008203D4A1161D3F8F02E3F491140C3F805
S3150803BC90F01EC8F844B0C3F8C8AE7B6913F0060FA4
S3150803BCA004D0FDF71DF95846FCF704FEB9F1000F59
S3150803BCB001D0FFF71BFF66B1344BDB6C180701D4C1
S3150803BCC0FFF782FCFFF770FF0420FCF7F3FDFFF78D
S3150803BCD0F3FE294B5A69D10746D5DA6812F0706F15
S3150803BCE0FBD12B4B2B4A5A642B4A936E23F0F00352
S3150803BCF0936615B12046FFF763FF284BD3F84C31FB
S3150803BD005A1C01D05B0002D50122214B5A615CB350
S3150803BD101E4BDA6E03F500539A6603F5D0331B6A96
S3150803BD201B4A23F00103D3611D4BD96803F500535E
S3150803BD30996003F50053D3F8841003F50053996704
S3150803BD404FF03A43D3F8181103F50053C3F8141107
S3150803BD50144BD96C03F500539964134903F58033DF
S3150803BD6059664FF6084353640020BDE8F84FFBF7BE
S3150803BD7049BB4FF000095CE7000002B800C001B8F0
S3150803BD8000000101003000B0DF0000FF004000B8EA
S3150803BD90002002B810003000003F00B00080E00F1A
S3150803BDA0004001B800C000B85000002F38B514464B
S3150803BDB00D4601F01EFF064BD3F8C02E54402C4007
S3150803BDC05440C3F8C04EBDE8384001F020BF00BF59
S3150803BDD0003000B0034BD3F8C03E99430CBF012093
S3150803BDE000207047003000B02DE9F04117460A439A
S3150803BDF0012A1D469DF818409DF81C60DDF8208031
S3150803BE0029D8B44227D2082E25D8032B23D8B8F12C
S3150803BE10000F20D00A460021FAF7C8FCFF21EB00E1
S3150803BE209940C943DFF834C008F1FF38FF00E2B28E
S3150803BE30964202D80020BDE8F0813D190CEB850532
S3150803BE40D5F8F82018F8010F0A4098401043C5F8AA
S3150803BE50F8000134EBE72120EDE700BF003E00B010
S3150803BE60174BD3F8C02E12F0010312D0154B93F8D3
S3150803BE704C30154A43F08073C2F8D0304FF4801320
S3150803BE8002F50052C2F8B430A2F58052C2F8B830AF
S3150803BE9070471106EDD40D4B93F84B1121B1D20619
S3150803BEA002D593F84831E4E74FF480120020084B93
S3150803BEB00549C3F8B820C1F8D000C3F8B4207047C1
S3150803BEC0003000B0003F00B0004000B8003E00B0AC
S3150803BED0006000B853B94AB9002908BF00281CBF37
S3150803BEE04FF0FF314FF0FF3000F082B9ADF1080C87
S3150803BEF06DE904CE00F006F8DDF804E0DDE9022377
S3150803BF0004B070472DE9F04F099D0C46002B4DD11F
S3150803BF108A420F4684469646B2FA82F360D94BB1F3
S3150803BF2002FA03FEC3F120029F4000FA03FC20FA3B
S3150803BF3002F217434FEA1E461FFA8EF44FEA1C42D3
S3150803BF40B7FBF6F106FB117701FB04F042EA074259
S3150803BF50904208D91EEB020201F1FF3702D2904242
S3150803BF6000F231813946121A1FFA8CFCB2FBF6F03D
S3150803BF7006FB102200FB04F44CEA024C644508D97C
S3150803BF801EEB0C0C00F1FF3202D2644500F21E814F
S3150803BF90104640EA0140ACEB040C002125B12CFA0B
S3150803BFA003F30022C5E90032BDE8F08F8B4205D9B9
S3150803BFB00DB1C5E9000100210846F5E7B3FA83F197
S3150803BFC000294DD1A342C0F0F380904280F0F0805F
S3150803BFD0064623460846002DE6D0C5E90063E3E78F
S3150803BFE0002B40F0A3808A1A4FEA1E471FFA8EF6E3
S3150803BFF00121B2FBF7F407FB14204FEA1C4242EA7D
S3150803C000004206FB04F090420FD91EEB020204F12C
S3150803C010FF382CBF4FF001094FF00009904203D9AE
S3150803C020B9F1000F00F0CC804446121A1FFA8CFCB3
S3150803C030B2FBF7F007FB102200FB06F64CEA024CAC
S3150803C040664508D91EEB0C0C00F1FF3202D2664591
S3150803C05000F2B3801046ACEB060C40EA04409DE7B9
S3150803C060C1F120068B4004FA01FE22FA06F720FAEC
S3150803C07006FCF4408A401F434EEA0C0300FA01FE0D
S3150803C0804FEA17484FEA13491FFA87FCB4FBF8F03F
S3150803C09008FB104449EA044400FB0CF9A1450ED9F0
S3150803C0A03C1900F1FF3A2CBF4FF0010B4FF0000B80
S3150803C0B0A14503D9BBF1000F00F08B805046A4EBD2
S3150803C0C009041FFA83F9B4FBF8F308FB134403FBCB
S3150803C0D00CFC49EA0444A44506D93C1903F1FF3884
S3150803C0E001D2A4457BD8434643EA0040A4EB0C049B
S3150803C0F0A0FB02984445CC46434602D306D1CE4517
S3150803C10004D20138B9EB020C68EB0703002D6CD097
S3150803C110BEEB0C0264EB030422FA01F304FA06F6F7
S3150803C120CC4000211E43C5E900643DE702FA03FE3D
S3150803C130C3F1200104FA03F200FA03FCCC404FEAE8
S3150803C1401E4720FA01F11FFA8EF6B4FBF7F00A43ED
S3150803C15007FB1044110C41EA044100FB06F48C4228
S3150803C1600ED91EEB010100F1FF382CBF4FF0010970
S3150803C1704FF000098C4202D9B9F1000F2CD0404682
S3150803C180091B92B2B1FBF7F407FB141142EA014209
S3150803C19004FB06F1914207D91EEB020204F1FF38AC
S3150803C1A001D291421ED84446521A44EA004120E776
S3150803C1B0861A64EB030301200DE7F44402384AE7C1
S3150803C1C0023C724431E702397244CCE6F44402383D
S3150803C1D0DFE602383C4472E702387144D0E7023B93
S3150803C1E03C4481E7023C7244DEE72946DCE600BFAD
S3150803C1F0704700BF02440346934200D1704703F8D1
S3150803C200011BF9E72DE9F047164698468A6807465B
S3150803C2100B690C46DDF820909342B8BF134633608A
S3150803C22091F843200AB1013333602368990642BF64
S3150803C230336802333360256815F0060506D104F121
S3150803C240190AE36832689B1AAB422BDC94F843302D
S3150803C2502268003B18BF0123920630D404F1430237
S3150803C26041463846C847013023D023681A3454F860
S3150803C2700A2C03F00603042B0ABF54F80E5C0025A8
S3150803C28033684FF0000608BFED1A54F8123C08BF8E
S3150803C29025EAE5759342C4BF9B1AED18B5421AD130
S3150803C2A0002008E00123524641463846C847013074
S3150803C2B003D14FF0FF30BDE8F0870135C1E7E11838
S3150803C2C05A1C30200233224481F8430094F845105F
S3150803C2D082F84310C2E70123224641463846C84737
S3150803C2E00130E6D00136D9E7C9B20346024410B590
S3150803C2F09342184601D1002003E0047801338C42A7
S3150803C300F6D110BD884210B501EB020402D9844266
S3150803C310234607D8431EA14208D011F8012B03F878
S3150803C320012FF8E7024401468A4200D110BD13F8EB
S3150803C330014D02F8014DF7E70A44431E914200D125
S3150803C340704710B511F8014B914203F8014FF9D123
S3150803C35010BD10F8012B11F8013B012A28BF9A4298
S3150803C360F7D0D01A704730B514469BB005461A461F
S3150803C370002C05DA8B2303604FF0FF301BB030BD6A
S3150803C3804FF40273009104916946ADF80C3014BF5B
S3150803C39004F1FF332346029305934FF6FF73ADF873
S3150803C3A00E301E9BF8F71CFB431CBCBF8B232B606C
S3150803C3B0002CE3D0009B00221A70DFE7C9B20346BC
S3150803C3C0184613F8012B12B18A42F9D1704700298E
S3150803C3D018BF002070470139034610B532B111F86A
S3150803C3E0014F013A03F8014B002CF7D11A440021F7
S3150803C3F0934200D110BD03F8011BF9E7034613F86E
S3150803C400012B002AFBD1181A013870470A7870B530
S3150803C4106AB970BD9A4209D10C46054614F8013F1C
S3150803C420002BF6D015F8016F9E42F7D0013003783A
S3150803C430002BEFD11846ECE72DE9F0471F468E6827
S3150803C44082460C46BE4290460B682DD8B1F90C209D
S3150803C45012F4906F26D06569096905EB4505A3EBC8
S3150803C46001097B1C05EBD5754B446D109D4238BFFE
S3150803C4701D46530527D52946D1F735FB064660B32E
S3150803C4804A462169FFF758FFA38923F4906343F0CB
S3150803C4908003A38126614E446561A5EB09052660E1
S3150803C4A03E46A560BE4200D93E463246414620680E
S3150803C4B0FFF728FFA36800209B1BA3602368334468
S3150803C4C02360BDE8F0872A46D1F746FB06460028CF
S3150803C4D0E0D121695046D1F711FB0C234FF0FF3009
S3150803C4E0CAF80030A38943F04003A381E9E7022091
S3150803C4F070470220704700207047012070470020CC
S3150803C50070470E207047FAF7FBBE0846114601220C
S3150803C51000F07EB870B50C4611461A46F8F76EFB5E
S3150803C520059B049E0493456933462046AC46BDE8FD
S3150803C5307040604710B5F8F761FBBDE810408369A2
S3150803C5400846184700F072BBF9F758BDF9F722BF3A
S3150803C55000F0DCB800F0EDB8F9F7E8BF70B50446AB
S3150803C5600D4616464FF4881100F013F9324629464C
S3150803C5702046BDE87040FBF729B9431E012B03D9B2
S3150803C580031F5842584170470120704700F07CBD8D
S3150803C5904FF4E0720021FFF72DBE70B50446FAF793
S3150803C5A06BF80546A8B9A169F1B1238AD3B1204628
S3150803C5B004F1100200F0D5FB38BBE16919B3638AAD
S3150803C5C0A3B1204604F1120200F0A0FB78B1054698
S3150803C5D003E00023A3612361E36100232846636123
S3150803C5E0236270BDA061E8E72082E6E7E361216A7A
S3150803C5F00029F2D0A28A002AEFD02046E38ABDE8B2
S3150803C600704000F042BB6182F1E76582E561DEE7CF
S3150803C610FAF70EBA0A7838B505461046FFF7ADFF9E
S3150803C62060B14C782046FFF7A8FF38B12243530779
S3150803C63004D42846BDE83840F9F77CBB212038BD29
S3150803C64010B504460878FFF798FF58B14A7810469C
S3150803C650FFF793FF30B1042A04D02046BDE8104003
S3150803C660F9F786BB212010BD00F030BA704711B91F
S3150803C670D0F8E81021B1CB6813B18B68D889704715
S3150803C6804FF6FF70704710B5F8F7C4FB044608B9B0
S3150803C69000F0FEFC204610BDF9F7CEB900F062BAE9
S3150803C6A0D0F8EC300BB90E2070474FF6FF72038EA5
S3150803C6B093420B80F7D000207047F8B506460D461F
S3150803C6C0F8F7A8FBD8B94FF6FF734FF0240CEF68B9
S3150803C6D0C1B28F4208D81C4621463046F8F74CFDAE
S3150803C6E000F0D6FC2046F8BDAA680CFB0122D489C3
S3150803C6F09C4202D2002CEFD023460130E8E74FF6DE
S3150803C700FF74EFE7008E704700F01DBA38B504468C
S3150803C7100D4600F0B2F850B129462046F8F72CFD2D
S3150803C72030B929462046BDE83840F9F713BA0E2032
S3150803C73038BD70B504460D46164600F09EF858B146
S3150803C74029462046F8F718FD38B9324629462046C1
S3150803C750BDE87040FEF7B8B80E2070BD00F02DBBDB
S3150803C760F9F720BB00F030BA002070470846FBF7FC
S3150803C77083BE00F025BB38B504460D4601F039FAE9
S3150803C7800023C4F89C50C4F89830BDE8384001F03B
S3150803C7903EBA38B504460D4601F02BFAD4F89C3058
S3150803C7A01D40D4F8983023EA0505C4F8985001F0DB
S3150803C7B02EFA284638BD73B50D7806460C4635B3AA
S3150803C7C004238DF804302379304601A98DF8053002
S3150803C7D0FFF736FF0546B8B92278A37952BB8DF819
S3150803C7E00430E379304601A98DF80530FFF712FFC7
S3150803C7F0054648B923783BB161883046F9F78EFC7C
S3150803C8000121304600F0F4F9284602B070BD2946E6
S3150803C81000F0EEF92946304600F012FA294630466A
S3150803C82000F016FA2378002BCAD123798DF8043041
S3150803C8306379C9E702228DF80420D3E7F9F780BDA7
S3150803C840FBF7ACBA0846FBF75BBBF9F7A1BCF9F7EC
S3150803C85045BD0B4610B514461846A1689288FFF7DE
S3150803C8606BFDE168034631B1A0886288121A92B259
S3150803C8701844FFF761FD002010BD0346408A18B12E
S3150803C880188A003818BF012070470846FBF714BFFB
S3150803C890431C08BF0020F9F71FB910B5044600F07A
S3150803C8A06EF820B92046BDE81040F8F76BBE10BDF8
S3150803C8B000F001BC2DE9FF41984604460E4617468B
S3150803C8C001F091F905462046FFF7E7FF0A9B3A462A
S3150803C8D002930023314601932046CDF80080F8F7EA
S3150803C8E09FFE0446284601F079F9204604B0BDE8C0
S3150803C8F0F08138B5044601F076F905462046FFF778
S3150803C900CCFF2046F8F76AFE0446284601F066F986
S3150803C910204638BD38B5044601F065F90546204674
S3150803C920FFF7BBFF204600F039F80446284601F016
S3150803C93055F9204638BD38B5044601F054F905467D
S3150803C9402046FFF7AAFF204600F02EF8044628469D
S3150803C95001F044F9204638BD70B504460E4601F089
S3150803C96042F905462046FFF798FF31462046F8F771
S3150803C970A3FE0446284601F031F9204670BDF8F7B0
S3150803C9803BBD10B501F02FF9044600F015F8F8F78A
S3150803C99059FD2046BDE8104001F020B9024608B506
S3150803C9A0F8F72AFD507D08BD024608B5F8F724FDB9
S3150803C9B0507D80F0010008BD00F07DBBF9F708B98A
S3150803C9C000F0CDB800F0EABA00F045BA022A01D859
S3150803C9D000F067BA21207047022A01D800F072BA1C
S3150803C9E021207047022A01D800F07FBA2120704718
S3150803C9F038B504460D4600F051FA28B129462046B3
S3150803CA00BDE8384000F081BA022038BD70B5044647
S3150803CA100D46164600F042FA30B1324629462046FC
S3150803CA20BDE8704000F079BA022070BD0E20704749
S3150803CA3038B504460D4600F031FA28B12946204692
S3150803CA40BDE8384000F09ABA022038BD38B5044626
S3150803CA500D4600F023FA28B129462046BDE838409A
S3150803CA6000F094BA022038BDFAF732BD0346DB8ECE
S3150803CA7008469342114601D3FAF748BD2120704769
S3150803CA80FAF790BD0020704700207047013001D1A6
S3150803CA90FCF726BB212070477047D0F8A03003F077
S3150803CAA06003402B0DD0602B03D0203B58425841DE
S3150803CAB0704749B10B68012B06D9486940F0010054
S3150803CAC0704740F20110704700207047F7B50446D7
S3150803CAD01046D4E958C7DDE908268CEA020587EA31
S3150803CAE006010540194085EA0C057940C4E9585101
S3150803CAF0002523F4004106EA010320F0010043F46C
S3150803CB000073024043F0020301950095FEF7FAFD10
S3150803CB1094F824309A0713D5D4F864319B050FD5B6
S3150803CB204FF48811204600F080FB94F8243002461F
S3150803CB3065F3410384F8243020460B46F8F76AFF69
S3150803CB40002003B0F0BD30B4D0F8A0300A4023EA81
S3150803CB5001031343C0F8A03030BCFAF72DB80520FB
S3150803CB60FBF7ACBF08B5D0F8F0304BB11A68022A08
S3150803CB7006D993F825204AB1186AB0FBF2F008BD26
S3150803CB8040F6E8224C210020F8F720FC0020F6E7BF
S3150803CB90D0F8F02008B57AB11368022B0CD9536A7A
S3150803CBA013F47F4FC3F3072106D0126ADBB253434C
S3150803CBB08B42B3FBF1F006D2002040F607324C2134
S3150803CBC0F8F704FC002008BD0346B3F83E210846DF
S3150803CBD08A4203D0A3F83E11FBF7F0B90020704749
S3150803CBE090F83C310C2B14BF90F82B00FF207047AC
S3150803CBF038B50C464FF400610546FFF7EBF860B10C
S3150803CC006CB195F82A3163B94FF480722846BDE8AA
S3150803CC1038404FF48071FFF7C9B82202F6E7224677
S3150803CC20F4E738BD4FF48071FFF7D4B810B5002385
S3150803CC30F9F7D4F8044608B9FDF730FE204610BDC7
S3150803CC4008B54A024FF40071FFF7B0F8002008BD93
S3150803CC5008B58A024FF48061FFF7A8F8002008BDDB
S3150803CC6038B54FF03A430546DC6A808AC4F30C04A8
S3150803CC70A04234BF0020012041F216420821F8F7EA
S3150803CC80A5FBA88A001B80B238BD2DE9F04188466A
S3150803CC9018F0030706461546194633D1B2F5805FE1
S3150803CCA030D89A422ED33F2A28D9B2FA82F40122DF
S3150803CCB00120C4F11F03DBB29A4092B2AA422CBFE9
S3150803CCC0C4F11904C4F11A04E2B2931DDBB2984005
S3150803CCD080B2A84214D096F80131ABB9012096F870
S3150803CCE0253060F3000386F825304046FAF7F6FD4B
S3150803CCF0C6F82080B5823846BDE8F0813A46EAE7A9
S3150803CD000020ECE72127F6E70E27F4E7F8B511F03C
S3150803CD10030607460D46144621D102B313883F2B53
S3150803CD201DD9B3FA83F3C3F11901C9B2062901D888
S3150803CD30192B12D0062928BF062101238A1DD2B230
S3150803CD4093402846238000F08AF923883846FD61F4
S3150803CD507B82FAF7DDFE3046F8BD3146EDE721263C
S3150803CD60F9E738B5148811F003054FEAC4041ED150
S3150803CD703F2C1CD9B4FA84F4C4F11903DBB2052B8E
S3150803CD8001D8192C11D0052B28BF052301240633F6
S3150803CD90DBB204FA03F3C3F3CF041480816104827C
S3150803CDA08387FAF7B5FE284638BD2B46EEE72125D5
S3150803CDB0F9E708B190F92600704790F82D007047F7
S3150803CDC008B50B46062200F59E711846FFF7B4FA16
S3150803CDD0002008BD0429F8B505460C460AD10026E5
S3150803CDE0F7B23846FBF754F908B13C4602E0013678
S3150803CDF0042EF5D12046FBF74BF958B195F83C318B
S3150803CE00A34209D085F83C4105F59E70BDE8F84074
S3150803CE10FBF7DAB82120F8BD0020FCE70022F9F772
S3150803CE20E3BFA0F84C30BDF90030C0F89410A0F861
S3150803CE304A20A0F84E3000207047FAF74BB910B5D0
S3150803CE40144608460121FCF755FA2046BDE810406A
S3150803CE500121FCF74FBA70B5044615460E4609B9C3
S3150803CE60212070BD130617D400F013F93146204666
S3150803CE70FFF723FC4FF6FF739842F1D000F009F948
S3150803CE8020464FF400310022FEF790FF294620463C
S3150803CE90BDE87040F9F7C6BD0E20E2E78021FEF72C
S3150803CEA099BF7FB5531C05AA02920222019200225A
S3150803CEB0ADF8141000921146DBB2FEF795FF07B0E2
S3150803CEC05DF804FB7FB5531C05AA4FF0040C0292C8
S3150803CED00222ADF81410CDE9002C01210022DBB2A1
S3150803CEE0FEF782FF07B05DF804FB1FB54FF0080C89
S3150803CEF0531C0022CDE9002C01220291DBB2114614
S3150803CF00FEF772FF05B05DF804FB08B50A044FF493
S3150803CF108031FEF74BFF002008BDF8B514468A0793
S3150803CF2007460E4601F0010309D4D3B1A2044FF410
S3150803CF308021384602F48022FEF738FF11E065089F
S3150803CF403BB104F0010305F00105AB42EED0212005
S3150803CF500AE04FF48021FEF73DFF05F00105A842DC
S3150803CF60F5D1730701D40020F8BDA2064FF080510E
S3150803CF70384602F08052FEF719FFF4E708B50A05AA
S3150803CF804FF48011FEF712FF002008BD08B5CA0446
S3150803CF904FF40021FEF70AFF002008BD09B141F04E
S3150803CFA01001F9F73FBD10B50446F9F735FD0146FB
S3150803CFB02046BDE81040F9F735BDD0F8EC30C3B1CB
S3150803CFC05869B0B1531EDBB2FD2B09D8012A05D126
S3150803CFD043689A1C01D14FF0FF334B60002070471A
S3150803CFE0036813F1020F08BF4FF0FF33FF2A0B60E4
S3150803CFF0EDE7212070472DE9F74F01251C469DF8DB
S3150803D0003030064601930368174603F007030633D1
S3150803D0109D4005F1FF380B46A1B1416804EA080BA8
S3150803D020A5EB0B0A41F00059524509EB0B0114D93C
S3150803D03052461846FFF780F949467A1B5A44504424
S3150803D040FFF77AF9019B2BB13C4448EA050804EA41
S3150803D0500804F46003B0BDE8F08F1846F0E74FF014
S3150803D0603A4301225A6741F6FF72D96418651A676B
S3150803D070704737B5002514460095FFF7BCFF2046D1
S3150803D08003B030BDFAF71CB900207047002070477B
S3150803D0907047704710F0FD0F14BF4FF0FF300020A4
S3150803D0A0C0B270470A4690F89410A02901D8F9F738
S3150803D0B02DBE2120704708B5FBF7E0FDBDE8084003
S3150803D0C0FBF7D0BE38B50446FFF7F5FF0546FFF76D
S3150803D0D0F2FF431BA342FAD338BD38B50D460446BF
S3150803D0E0FBF7CCFD35B1844200D90139204601F05E
S3150803D0F0030138BD844238BF0131F7E708B5FBF7AA
S3150803D100A1FEBDE80840FBF7ADBE08B50121FFF750
S3150803D110E4FFBDE80840FBF7A5BE08B521B19200B8
S3150803D120FFF70AF9002008BD2120FCE700F06F434A
S3150803D130B3F1804F02D0B3F1204F02D120F07040F3
S3150803D140704700F06043B3F1204F08BF20F08050CA
S3150803D15070470B0C23F48053B3F5284FF7B50D46E8
S3150803D1608FB2064699B216D04AF60103994214D0ED
S3150803D1704AF60203994212D0B1F5204F14BF04248C
S3150803D1800324D6F8EC300BB1196851B9D6F8E83050
S3150803D19093B928680EE00024F3E70124F1E7022493
S3150803D1A0EFE7234668463A46FBF7E2FEDDE9000366
S3150803D1B0002BEBD103B0F0BD19680029E9D023464B
S3150803D1C068463A46FBF7D4FEDDE90003002BE0D1B7
S3150803D1D0F0E70204C0F3891307D56FEA83536FEAAE
S3150803D1E0935313F5007F18B206D0A3F1C8006FF462
S3150803D1F0FF739842B8BF184670470020FCF71CBA5D
S3150803D2000120FCF719BA0E2070477047FDF706BDD3
S3150803D210FDF704BDFDF702BDFDF700BD08B50846D9
S3150803D220FEF716F908BDFDF7F9BC38B505460C46F1
S3150803D23000F0DFFCD5F89C301C40D5F89830234322
S3150803D240C5F8983000F0E3FC211E18BF0121002021
S3150803D250490238BD002070470139024410B590428F
S3150803D26001D1002005E0037811F8014FA34201D04C
S3150803D270181B10BD0130F2E74FF400221B4B5A6608
S3150803D2804FF0B4439868C0F304400C280AD8DFE883
S3150803D29000F00B0709092709191B1D1F2123250060
S3150803D2A013487047002070479B6803F04073B3F137
S3150803D2B0807F17D0B3F1007F16D00E4A002B08BF24
S3150803D2C0104670470C4870470C4870470C4870471F
S3150803D2D00C4870470C4870470C4870470C48704711
S3150803D2E00C4870470C4870470C487047009000502C
S3150803D2F0404B4C0000093D00405DC6000024F40085
S3150803D300C0EA2101002D310180BA8C010048E801E9
S3150803D310005A62028096980080841E0040420F00DD
S3150803D320EFF31182302383F31188084B49B1D3F8FD
S3150803D330C0120843C3F8C00282F31188BFF36F8F84
S3150803D3407047D3F8C01221EA0000F3E7B04400207F
S3150803D350EFF31182302383F31188064BD3F8C032D7
S3150803D36082F31188BFF36F8F034214BF0120002095
S3150803D370704700BFB044002008B5064B1868FFF78E
S3150803D380C2F8012801D0F5F7CBFCBDE80840F5F74C
S3150803D390C1BC00BFDC1D002008B5E4F7AFFB38B1FC
S3150803D3A0044BD3F8C40218B103681878C0F34010C5
S3150803D3B008BD00BFB044002008B5FFF7EDFF00B96C
S3150803D3C0FEE700F01AFC00B9FEE701214FF480607E
S3150803D3D0FFF7A6FF00210220FFF7A2FF00214FF463
S3150803D3E08030FFF79DFF00210820FFF799FFF5F727
S3150803D3F091FC0022014B83F8C82208BDB0440020E3
S3150803D40008B5E4F77BFB50B1054BD3F8C40230B13A
S3150803D4100368188800F00700C31E5842584108BD20
S3150803D420B0440020014610B568B1174C002104200A
S3150803D430FFF776FF94F8C83223B1F5F76BFC0023A0
S3150803D44084F8C83210BDE4F759FB0028FAD0102037
S3150803D450FFF766FFFFF7A0FF044628B1012108205E
S3150803D460BDE81040FFF75CBFF5F754FC01214FF404
S3150803D4708070FFF755FF21460220FFF751FF21462B
S3150803D4804FF48030ECE700BFB0440020014B186826
S3150803D490704700BFC06200200A4B1B6F03F00703E7
S3150803D4A0013B032B03D8DFE803F00B030609FEE76A
S3150803D4B0054B18687047044B58687047034870470C
S3150803D4C00348704700800050C062002080D543029D
S3150803D4D0002D310108B5FFF7DFFF044B1B6FC3F3BC
S3150803D4E003330133B0FBF3F008BD00BF00800050DF
S3150803D4F0014B5868704700BFC062002038B50C4618
S3150803D5000546E4F7A3FE0023844228BF01F1FF3151
S3150803D5101B191DB1024AC2E9023138BD014AFAE7AD
S3150803D5208044002050440020034B5A68D20702D592
S3150803D530DA69002AF9D1704700C00A5030B50E4C93
S3150803D540416123688BB9206083600DE0891A9A6864
S3150803D5501D4641616AB113465A698A42F6D935B1FD
S3150803D560A860521A83605A6130BD0025F4E720602B
S3150803D570F7E798608260F7E7604900200D490B6872
S3150803D58098B100229BB1834203D1836822B90B6009
S3150803D59003E01A469B68F5E7936083681BB15A69EB
S3150803D5A041690A445A6100207047222070470220C5
S3150803D5B0704700BF6049002038B50025FFF7B4FF60
S3150803D5C0094B0A489C69036B0268E31A2AB123B11B
S3150803D5D05169994203D3C91A5161046338BD556128
S3150803D5E05B1A9268F2E700BF00C00A506049002040
S3150803D5F038B5164B5A6E42F004025A66D3F880229F
S3150803D60042F00102C3F88022114B5B68C3F3080397
S3150803D61043B14FF0A842D36B13F0430FFBD1142445
S3150803D620204638BD4FF0A843DC6B14F04304FBD106
S3150803D630084DAB6F23B9042105F17800EAF764FABC
S3150803D640AB6F013343F00043AB67E9E70080005053
S3150803D65000ED00E06049002010B54FF480641B4BD1
S3150803D6609C66BFF34F8F00F0E0FA00F0D5FA184B2B
S3150803D6709C6680B1B0F5E02F1ED012D8B0F5403FB6
S3150803D6801CD009D8B0F5803F1AD0B0F5003F08BFC3
S3150803D6902A2018BF012010BDB0F5802F08BF4B20E4
S3150803D6A0F7E7B0F5302F0DD0B0F57F0F0CD0B0F5F6
S3150803D6B0202F08BF1020ECE72120ECE72C20EAE70F
S3150803D6C04820E8E71120E6E70620E4E70090005043
S3150803D6D000A000502DE9F0412A4D2B68002B4ED0AF
S3150803D6E05C69294B002C3ED02A6B284F144402222E
S3150803D6F05A64EFF3108872B6FFF716FFBE6900F097
S3150803D70095F9FB6C3A6C900704D49A1B032A01D843
S3150803D7109E420FD1A31B022B98BFF41CB4F1FF3F03
S3150803D72038BF013C00F082F90222184BDC6403F58A
S3150803D73080535A64404600F06AFA154B1A7F22B1A1
S3150803D7400121114A916400221A7700232A6885F871
S3150803D7507D302AB1D188890709D5012385F87D301B
S3150803D7600020BDE8F08102225A641A64EDE7926844
S3150803D770002AF5D051690B44012BEBD9F0E7222097
S3150803D780EFE700BF6049002000D00A5000C00A50E6
S3150803D790CC6200202DE9F0410D4616461F46044685
S3150803D7A0002841D00023C361EFF31183302282F3AB
S3150803D7B01188DFF88080D8F8000010B184421ED1A2
S3150803D7C0012083F31188BFF36F8F78BB9DF8183058
S3150803D7D0C4E903602371BDF81C302760E380A060A9
S3150803D7E0FFF7A2FE124B9B692B44A3614DB96561F2
S3150803D7F016B139462046B0470020BDE8F081806857
S3150803D800DBE7EFF3108672B6FFF7D6FE2946204606
S3150803D810FFF794FED8F800309C4201D1FFF75AFF70
S3150803D820304600F0F4F9E7E72220E6E70320E4E7C9
S3150803D83000C00A506049002038B5044638B3EFF3F0
S3150803D840108572B6FFF7B8FE124B1868A04209D0C6
S3150803D8502046FFF793FE0446A0B1284600F0D7F901
S3150803D860204638BDFFF78AFE04460028F5D1FFF7A0
S3150803D87031FF222806D10122074B1A77074B9A64F0
S3150803D88002225A64284600F0C2F90024E8E7222453
S3150803D890E6E700BF60490020CC62002000E00A509A
S3150803D8A02DE9F84FEFF31187302383F311885A4B89
S3150803D8B05A491B6C03F0010213F0020F03F003032A
S3150803D8C00B640ED13AB1564A136801331360FFF756
S3150803D8D073FEFFF7FFFE87F31188BFF36F8FBDE86B
S3150803D8E0F88F3AB14E4A136801331360FFF764FEA3
S3150803D8F0FFF7F0FEEFF31189302383F311884FF016
S3150803D900000AFFF759FE5546464EDFF80C81346880
S3150803D9100CB16369CBB10023012D86F87E3004D19F
S3150803D9201AF0020F18BF86F87E50FFF7D3FE222897
S3150803D93006D101223C4B1A77384B9A6402225A6461
S3150803D94089F31188BFF36F8FC5E723465A693AB936
S3150803D9501A792179914288BF1C469B68002BF5D119
S3150803D96089F31188BFF36F8FD4F810A0BAF1000FAB
S3150803D9701ED0FFF7D9FDD8F81820A369A2EB03092F
S3150803D9804FEAE972D14572F1000212DB5344A361EF
S3150803D990E36813B1204621689847B4F806A0013511
S3150803D9A0EFF31189302383F31188FFF705FEAEE7FA
S3150803D9B0D146EFF3118B302383F311882046FFF703
S3150803D9C0DDFD8BF31188BFF36F8F2369002BDFD03F
S3150803D9D0A38BBAEB090133B1E28B13449BB2B3F5BC
S3150803D9E07A7F11D2E383EFF31189302383F3118806
S3150803D9F02046FFF7A3FDA36922691344A36189F3AC
S3150803DA001188BFF36F8FC3E7A3F57A73E383A3691B
S3150803DA100139013BA361E6E700C00A5000E00A505A
S3150803DA204C49002060490020CC620020034B5A6809
S3150803DA30D20702D59A6D002AF9D1704700C00A5059
S3150803DA4010B50446E4F75AF8B0B1B4F5007F4FF0C1
S3150803DA5001010ED12046FFF763FC00211020FFF7D2
S3150803DA605FFC00210548FFF75BFCBDE81040F5F7AE
S3150803DA7051B94FF48050F2E710BD00BF0A00010008
S3150803DA8090B1036813F4E07F03F03F00C3F38212F7
S3150803DA900BD0012A0BD0022A06D1074B49B103F54D
S3150803DAA08053012282401A607047044BF6E7044B01
S3150803DAB0F4E703F50053F4E76C80005064800050E4
S3150803DAC068800050012303FA01F130235843014BC0
S3150803DAD01950704740D003504FF4807370B596B011
S3150803DAE0029201242122019310230394049305929D
S3150803DAF0069107940893099201AA0A9206AA0B9219
S3150803DB0004220C9211220D920AAA0E900F921093D8
S3150803DB1040F611031193194B12930EAB1393184B3B
S3150803DB20149346F611031593FFF762FD142804466A
S3150803DB3020D1EFF3108072B64FF0A8431E681D6913
S3150803DB4000F065F84FF0A843032212A95A63196037
S3150803DB5002A919619A63DA6B9207FCD1142C06D1D0
S3150803DB60EFF3108072B61E601D6100F050F8054B86
S3150803DB705B6801E00028E5D016B070BDD8490020DF
S3150803DB800400002000ED00E0074A10B512780C46A1
S3150803DB904AB1072807D8054A02EB00131B7B13B1C2
S3150803DBA0E7F73EFC207010BD1C480020EC4500201A
S3150803DBB00846E2F775BE1046E2F772BE00207047C4
S3150803DBC083884BB18268013B013282604288838035
S3150803DBD0013A4280002070470120704780F311887C
S3150803DBE0BFF36F8F7047EFF31180302383F31188E8
S3150803DBF07047EFF3108072B6704708B5E3F77EFFF8
S3150803DC0020B1BDE808400820FFF7A2BB08BD10B93C
S3150803DC1062B6BFF36F8F70474FF098435A6CD202C0
S3150803DC20FCD5586D00F470207047036A052B14D889
S3150803DC304FF09842116CC902FCD504339B00136557
S3150803DC400168103B11604168116050F8081F1160A4
S3150803DC504FF098420344984200D1704750F8041F86
S3150803DC601160F8E708B528220021FEF7C3FA002059
S3150803DC7008BD036A042B9FBF00EB83020133D160FF
S3150803DC8003627047836813B9816070475B685A6893
S3150803DC90012AFBD1596070470121FFF7F1BE000045
S3150803DCA0F8B500BFF8BC08BC9E467047F8B500BF78
S3150803DCB0F8BC08BC9E4670475FF800F06162002016
S3150803DCC0656E61626C650064697361626C650061A7
S3150803DCD073796E63006D6F64656C0073777665722E
S3150803DCE073696F6E0061707075726C0070656E642F
S3150803DCF0696E6700746C76730073696E676C65008A
S3150803DD00666F7277617264002D75002D62002D6847
S3150803DD1000656E68616E6365642D61636B00636C91
S3150803DD20656172007265676973746572000D0A002E
S3150803DD306164640072656D6F766500616C6C00677B
S3150803DD406574002575207061636B6574732074723E
S3150803DD50616E736D69747465642C20257520706112
S3150803DD60636B6574732072656365697665642E00F3
S3150803DD70205061636B6574206C6F7373203D202597
S3150803DD806C752E257525252E0020526F756E642D0C
S3150803DD9074726970206D696E2F6176672F6D61786D
S3150803DDA0203D2025752F25752E253033752F25758E
S3150803DDB0206D732E00444E5320726573706F6E7315
S3150803DDC06520666F72202573202D20002054544C3D
S3150803DDD03A256C752000206F726967696E3A257358
S3150803DDE020706C656E3A2575207072656665727269
S3150803DDF065643A25752076616C69643A2575006C05
S3150803DE00696E6B6C6F63616C00726C6F63006D6C2B
S3150803DE106569640073746F70002D49002D6D005099
S3150803DE20696E67696E672073796E74686573697A54
S3150803DE306564204950763620616464726573733A63
S3150803DE40200053796E74686573697A65642049504E
S3150803DE50763620444E532073657276657220616464
S3150803DE6064726573733A2000746370007564700096
S3150803DE70436F6E6E656374696E6720746F2073797A
S3150803DE806E74686573697A656420495076362061CD
S3150803DE906464726573733A200053656E64696E67CA
S3150803DEA020746F2073796E74686573697A65642064
S3150803DEB04950763620616464726573733A20002D7F
S3150803DEC073002D74003A3A002F25640025783A2505
S3150803DED0783A25783A25783A3A2F363400556E6BD0
S3150803DEE06E6F776E4572726F7254797065004572FC
S3150803DEF0726F722025753A20257300446F6E65008C
S3150803DF0061706900424252205072696D6172793AB2
S3150803DF1000204E6F6E650073657276657231363A08
S3150803DF2020307825303458007365716E6F3A202097
S3150803DF30202025750064656C61793A202020202508
S3150803DF407520736563730074696D656F75743A201C
S3150803DF5020256C75207365637300746F74616C3A5E
S3150803DF6020257500667265653A202575006D61780A
S3150803DF702D757365643A2025750025733A20257532
S3150803DF8020257520256C750025642064426D007371
S3150803DF907570706F72746564007072656665727207
S3150803DFA06564006368616E6E656C3A20257500705A
S3150803DFB06572696F643A20256C7575730074696DAB
S3150803DFC0656F75743A20256C75730046696E6973B7
S3150803DFD068656420646574616368696E670068656B
S3150803DFE06C70006C6576656C006C6E616761696E52
S3150803DFF000757000646F776E005061727469746996
S3150803E0006F6E2049443A20256C7500576569676821
S3150803E01074696E673A20257500537461626C6520CE
S3150803E020446174612056657273696F6E3A2025756B
S3150803E030004C656164657220526F75746572204978
S3150803E040443A2025750031352E340045787420412D
S3150803E0506464723A2000526C6F633A202578004C48
S3150803E060696E6B205175616C69747920496E3A2023
S3150803E0702575004C696E6B205175616C697479203E
S3150803E0804F75743A202575004167653A20256C75E6
S3150803E0900043534C20636C6F636B20616363757233
S3150803E0A06163793A2025750043534C20756E636581
S3150803E0B0727461696E74793A2025750073656172A5
S3150803E0C063680045465233320054580052580025B7
S3150803E0D063005B2573206C656E3D253033755D00E3
S3150803E0E0202530325800202020007C20252D31366B
S3150803E0F07320007C2025303478207C2000207C2067
S3150803E10025327520007C2025336420007C202533A6
S3150803E11075207C007C20253275207C2025346420DC
S3150803E1207C0066616C736500636C69656E7400696F
S3150803E1306E76616C6964006465746163686564001E
S3150803E1406368696C6400616C7473686F7274616484
S3150803E15064720072657472696573006469726563D3
S3150803E16074006E6F6E707265666572726564636855
S3150803E170616E6E656C73002420257300636865639E
S3150803E1806B74696D656F7574006661696C636F7529
S3150803E1906E74657200677561726474696D650052A1
S3150803E1A0005B52656461637465645D002D6E73007C
S3150803E1B0796573006E6F00646973616C6C6F7700C1
S3150803E1C05365727665723A2000526573706F6E7383
S3150803E1D06554696D656F75743A20256C75206D7382
S3150803E1E0004D61785478417474656D7074733A2080
S3150803E1F0257500526563757273696F6E4465736935
S3150803E2007265643A20257300536572766963654DB2
S3150803E2106F64653A202573004E617436344D6F6416
S3150803E220653A2025730054686520636F6D6D616ECA
S3150803E2306420226C696E6B6D6574726963732071F1
S3150803E240756572792220686173206265656E20722E
S3150803E25065706C6163656420627920746865206300
S3150803E2606F6D6D616E6420226C696E6B6D65747279
S3150803E2706963732072657175657374222E00546819
S3150803E2806520636F6D6D616E6420226C696E6B6DBC
S3150803E290657472696373206D676D74222068617390
S3150803E2A0206265656E207265706C616365642062C1
S3150803E2B0792074686520636F6D6D616E6420226CC6
S3150803E2C0696E6B6D65747269637320636F6E6669D5
S3150803E2D067222E00202D2050445520436F756E74F7
S3150803E2E065723A20256C752028436F756E742F5313
S3150803E2F0756D6D6174696F6E2900202D204C514927
S3150803E3003A20257520257300202D204D61726769F3
S3150803E3106E3A202575202864422920257300202D6E
S3150803E32020525353493A202564202864426D2920F4
S3150803E330257300556E6B6E6F776E206572726F72FA
S3150803E340004F74686572206572726F720052656356
S3150803E3506569766564204C696E6B204D65747269D0
S3150803E3606373205265706F72742066726F6D3A20FC
S3150803E370004C696E6B204D65747269637320526530
S3150803E380706F72742C207374617475733A202573D5
S3150803E390005265636569766564204C696E6B204D2A
S3150803E3A0657472696373206461746120696E2045BC
S3150803E3B06E682041636B2066726F6D206E656967B0
S3150803E3C068626F722C2073686F727420616464725A
S3150803E3D06573733A307825303278202C2065787443
S3150803E3E0656E64656420616464726573733A00528A
S3150803E3F065636569766564204C696E6B204D657443
S3150803E40072696373204D616E6167656D656E74200D
S3150803E410526573706F6E73652066726F6D3A20006E
S3150803E4205374617475733A2025730050726566696F
S3150803E4307865733A00202573202530347800526FA7
S3150803E440757465733A0053657276696365733A0042
S3150803E450207300202530347820257500436F6E74A9
S3150803E460657874733A00436F6D6D697373696F6E7C
S3150803E470696E673A002530347820002065002575D3
S3150803E4802062797465732066726F6D20003A20697D
S3150803E490636D705F7365713D257520686C696D3DA5
S3150803E4A025752074696D653D25756D73006E616DFF
S3150803E4B0653A00286E756C6C29002C207374617498
S3150803E4C0653A25732C2061646472733A0061757426
S3150803E4D06F002C2000696E7374616E63653A22259A
S3150803E4E073222C206E616D653A222573002C2573E1
S3150803E4F000222C2073746174653A25732C20706F7F
S3150803E50072743A25642C207072696F726974793A49
S3150803E51025642C207765696768743A256400535225
S3150803E5205020636C69656E742063616C6C62616309
S3150803E5306B202D206572726F723A257300486F73CC
S3150803E5407420696E666F3A0053657276696365204F
S3150803E5506C6973743A0052656D6F766564207365EA
S3150803E5607276696365206C6973743A002564206260
S3150803E570797465732066726F6D2000202564200008
S3150803E580456E61626C6564007C20252A73007C25D0
S3150803E5902A2E2A73002B007C20252D34377320005E
S3150803E5A07C20252D343773207C00656E6572677968
S3150803E5B0005478546F74616C3A20256C7500257382
S3150803E5C03A20256C75005278546F74616C3A20258D
S3150803E5D06C750025733A2025750054696D652025E9
S3150803E5E073204D696C6C693A200054696D65205433
S3150803E5F07261636B6564204D696C6C693A200052DD
S3150803E600784F6E5768656E49646C653A20256400D1
S3150803E610446576696365547970653A202564004EC6
S3150803E6206574776F726B446174613A20256400449C
S3150803E6304941475F4745542E7273702F616E7320A5
S3150803E64066726F6D2000526F75746549643A20309F
S3150803E6507825303278004C696E6B5175616C697434
S3150803E660794F75743A202575004C696E6B5175613F
S3150803E6706C697479496E3A20257500526F7574650D
S3150803E680436F73743A202575002D20526F75746590
S3150803E6907249643A252D32750020546865207175D0
S3150803E6A065726965642064657669636500204861F7
S3150803E6B0734C696E6B3A252D3373204C696E6B5117
S3150803E6C075616C6974794F75743A2575204C696E52
S3150803E6D06B5175616C697479496E3A257520004EDC
S3150803E6E0657874486F703A6E61204E657874486F22
S3150803E6F070436F73743A6E61004E657874486F7031
S3150803E7003A252D3275204E657874486F70436F73BA
S3150803E710743A2575004368696C6449643A2030780D
S3150803E720253034780054696D656F75743A202575FC
S3150803E730004C696E6B205175616C6974793A2025B2
S3150803E74075004D6F64653A004252205374617465CF
S3150803E7503A202573004252204C6F63616C204F4D5B
S3150803E76052205072656669783A200042522044481E
S3150803E770435076362D5044204F4D522050726566CD
S3150803E78069783A20004252204C6F63616C204F6EC1
S3150803E7902D6C696E6B205072656669783A20004263
S3150803E7A052204661766F726564204F6E2D6C696ED2
S3150803E7B06B205072656669783A2000436F6E6E6502
S3150803E7C0637469766974793A00506172656E745038
S3150803E7D072696F726974793A202564004C696E6BA5
S3150803E7E05175616C697479333A202575004C696EE5
S3150803E7F06B5175616C697479323A202575004C69D9
S3150803E8006E6B5175616C697479313A202575004CC4
S3150803E8106561646572436F73743A202575004964AC
S3150803E82053657175656E63653A2025750041637492
S3150803E830697665526F75746572733A202575005348
S3150803E840656442756666657253697A653A20257505
S3150803E85000536564446174616772616D436F756ED5
S3150803E860743A20257500526F757465446174613A6C
S3150803E87000456E68526F7574653A004C6561646548
S3150803E8807220446174613A00506172746974696FE5
S3150803E8906E49643A2030782530386C7800537461B1
S3150803E8A0626C654461746156657273696F6E3A206A
S3150803E8B02575004C6561646572526F757465724996
S3150803E8C0643A20307825303278004E6574776F7253
S3150803E8D06B20446174613A20004D414320436F75B0
S3150803E8E06E746572733A004D4C4520436F756E74AA
S3150803E8F06572733A0042617474657279204C657661
S3150803E900656C3A202575252500537570706C79203A
S3150803E910566F6C746167653A2025756D56004368B2
S3150803E920616E6E656C2050616765733A2027004DEA
S3150803E9306178204368696C642054696D656F7574E2
S3150803E9403A20256C750045554936343A20005665F4
S3150803E9506E646F72204E616D653A202573005665A5
S3150803E9606E646F72204D6F64656C3A20257300568A
S3150803E970656E646F722053572056657273696F6E9E
S3150803E9803A2025730056656E646F722041707020B5
S3150803E99055524C3A202573005468726561642053B6
S3150803E9A07461636B2056657273696F6E3A202573BB
S3150803E9B0004E6F6E2D7072656665727265642043CC
S3150803E9C068616E6E656C73204D61736B3A2030789F
S3150803E9D0256C7800425220496E6672612D6966205D
S3150803E9E04950362041646472657373204C697374A5
S3150803E9F03A0045787420416464726573733A20005B
S3150803EA00526C6F6331363A203078253034780043B8
S3150803EA1068696C64205461626C653A00506F72745D
S3150803EA203A25642C205072696F726974793A2564A1
S3150803EA302C205765696768743A25642C2054544C0E
S3150803EA403A256C7500486F73743A257300486F73DB
S3150803EA5074416464726573733A005458543A003DBA
S3150803EA60002E2E2E5D00444E532062726F77736517
S3150803EA7020726573706F6E736520666F72202573D7
S3150803EA8000444E5320736572766963652072657315
S3150803EA906F6C7574696F6E20726573706F6E7365CC
S3150803EAA020666F7220257320666F722073657276EF
S3150803EAB069636520257300444E5320717565727921
S3150803EAC020726573706F6E736520666F7220257387
S3150803EAD02000257529005265636F72645479706541
S3150803EAE03A25752C205265636F72644C656E67749C
S3150803EAF0683A25752C2054544C3A256C752C2053AA
S3150803EB00656374696F6E3A2573004E616D653A25C0
S3150803EB1073005265636F7264446174613A5B002ED5
S3150803EB202E2E00626F6F746C6F616465720069697B
S3150803EB306400636865636B006C6C61746E00726C69
S3150803EB4061746E00546F41646400416464696E675E
S3150803EB5000546F526566726573680052656672651E
S3150803EB607368696E6700546F52656D6F76650052F8
S3150803EB70656D6F76696E670052656769737465724A
S3150803EB8065640052656D6F766564006D656400683B
S3150803EB906967680043616E6E6F7420737570706F72
S3150803EBA07274206E657720736572696573005365A1
S3150803EBB07269657320494420616C726561647920C2
S3150803EBC0726567697374657265640053657269650E
S3150803EBD073204944206E6F74207265636F676E698C
S3150803EBE07A6564004E6F206D61746368696E672089
S3150803EBF073657269657320494400616E737765723C
S3150803EC0000617574686F7269747900616464697404
S3150803EC10696F6E616C00756E7370656300737276E7
S3150803EC20007372765F747874007372765F7478749F
S3150803EC305F736570007372765F7478745F6F707450
S3150803EC400050656E64696E672054696D65737461F7
S3150803EC506D700070656E64696E6774696D6573744B
S3150803EC60616D70004163746976652054696D6573D7
S3150803EC7074616D700061637469766574696D657333
S3150803EC8074616D700057616B652D757020436861FB
S3150803EC906E6E656C0077616B6575706368616E6E21
S3150803ECA0656C004368616E6E656C204D61736B001D
S3150803ECB06368616E6E656C6D61736B0044656C6148
S3150803ECC0790064656C6179004578742050414E205B
S3150803ECD049440065787470616E6964004D657368AC
S3150803ECE0204C6F63616C20507265666978006D65A8
S3150803ECF073686C6F63616C707265666978004E65DC
S3150803ED0074776F726B204B6579006E6574776F72D3
S3150803ED106B6B6579004E6574776F726B204E616D08
S3150803ED2065006E6574776F726B6E616D650050531F
S3150803ED304B630070736B630053656375726974790B
S3150803ED4020506F6C696379007365637572697479AA
S3150803ED50706F6C6963790061747461636874696D53
S3150803ED60650062627200627566666572696E666FD1
S3150803ED70006363617468726573686F6C64006368C3
S3150803ED80696C647375706572766973696F6E00630F
S3150803ED9068696C6474696D656F757400636F756E05
S3150803EDA0746572730063736C00646174617365746C
S3150803EDB00064656275670064657461636800646905
S3150803EDC073636F76657200646E7300646F6D616951
S3150803EDD06E6E616D6500647561006575693634002C
S3150803EDE06578746164647200666163746F727972BC
S3150803EDF0657365740066656D006966636F6E66693B
S3150803EE006700696E7374616E63656964006970612E
S3150803EE106464720069706D61646472006B6579730A
S3150803EE20657175656E6365006C65616465726461B9
S3150803EE307461006C696E6B6D657472696373006CDB
S3150803EE406F67006D756C7469726164696F006E65CE
S3150803EE507464617461006E657473746174006E65BD
S3150803EE6074776F726B646961676E6F737469630035
S3150803EE706E6574776F726B6B657972656600706120
S3150803EE8072656E740070696E6700706C6174666F84
S3150803EE90726D00706F6C6C706572696F6400707266
S3150803EEA06F6D697363756F7573007263700072654E
S3150803EEB067696F6E00726C6F633136007363616ED8
S3150803EEC00073696E676C65746F6E00737270007495
S3150803EED06172676574706F776572007468726561CD
S3150803EEE064007478706F77657200756E7365637501
S3150803EEF07265706F727400757074696D65007665F6
S3150803EF006E646F72004966496E556E6B6E6F776EE7
S3150803EF1050726F746F73004966496E4572726F72E9
S3150803EF20730049664F75744572726F72730049664A
S3150803EF30496E5563617374506B7473004966496E01
S3150803EF4042726F616463617374506B7473004966CC
S3150803EF50496E44697363617264730049664F7574D5
S3150803EF605563617374506B74730049664F757442C5
S3150803EF70726F616463617374506B74730049664F8F
S3150803EF807574446973636172647300547261636B65
S3150803EF90656454696D650044697361626C6564549C
S3150803EFA0696D6500446574616368656454696D6574
S3150803EFB0004368696C6454696D6500526F757465BE
S3150803EFC07254696D65004C656164657254696D6553
S3150803EFD00044697361626C6564526F6C65004465CD
S3150803EFE0746163686564526F6C65004368696C6431
S3150803EFF0526F6C6500526F75746572526F6C65005B
S3150803F0004C6561646572526F6C6500506172746910
S3150803F01074696F6E49644368616E67657300426518
S3150803F02074746572506172746974696F6E4174742D
S3150803F030616368417474656D7074730050617265B9
S3150803F0406E744368616E67657300756E696E69747D
S3150803F05069616C697A65640064697361626C656485
S3150803F0600073746F707065640072756E6E696E678F
S3150803F0700062696E6400636C6F736500636F6E6E1E
S3150803F080656374006C696E6B73656375726974790D
S3150803F090006F70656E00697061646472202D760076
S3150803F0A06E6574646174612073686F77006E657446
S3150803F0B0646174612073686F77202D7800706172BC
S3150803F0C0746974696F6E69640073727020636C691E
S3150803F0D0656E742073746174650073727020636C53
S3150803F0E069656E7420736572766572007372702033
S3150803F0F0636C69656E7420686F737400737270202D
S3150803F100636C69656E7420736572766963650063FB
S3150803F110736C2061636375726163790063736C2032
S3150803F120756E6365727461696E747900636F756E63
S3150803F1307465727320697000636F756E7465727394
S3150803F140206D616300636F756E74657273206D6CF1
S3150803F150650064656C617974696D657200636F6DCA
S3150803F1606D697400696E6974006D676D746765749B
S3150803F170636F6D6D616E64006D676D74736574633B
S3150803F1806F6D6D616E6400726F75746572006C6580
S3150803F19061646572006175746F7374617274006378
S3150803F1A0616C6C6261636B006B65796C6561736531
S3150803F1B0696E74657276616C0074746C004D4143B4
S3150803F1C02041646472657373004368004C514900B7
S3150803F1D052535349006D61786C656E6774680073A2
S3150803F1E074656572696E6764617461004C6F636107
S3150803F1F06C204164647265737300506565722041BF
S3150803F200646472657373006D676D740070726F6200
S3150803F2106500717565727900726571756573740039
S3150803F220736C616163006468637036006D616E7543
S3150803F230616C0062726F777365007265736F6C76C3
S3150803F24065007265736F6C766534007365727669EB
S3150803F2506365686F737400457874656E64656420C6
S3150803F26050414E005478537563636573730054783D
S3150803F2704661696C65640052785375636365737395
S3150803F2800052784661696C656400526F6C65204468
S3150803F290697361626C656400526F6C6520446574BA
S3150803F2A0616368656400526F6C65204368696C64C2
S3150803F2B000526F6C6520526F7574657200526F6CDD
S3150803F2C065204C656164657200506172746974697E
S3150803F2D06F6E204964204368616E676573004265F3
S3150803F2E07474657220506172746974696F6E204113
S3150803F2F0747461636820417474656D707473004235
S3150803F300657474657220506172656E7420417474F5
S3150803F31061636820417474656D707473005061721B
S3150803F320656E74204368616E676573005278556E1F
S3150803F330696361737400527842726F6164636173BF
S3150803F3407400527844617461005278446174615060
S3150803F3506F6C6C005278426561636F6E0052784237
S3150803F3606561636F6E526571756573740052784F84
S3150803F370746865720052784164647265737346698A
S3150803F3806C74657265640052784465737441646489
S3150803F3907246696C74657265640052784475706C5C
S3150803F3A06963617465640052784572724E6F46727A
S3150803F3B0616D650052784572724E6F556E6B6E6F4E
S3150803F3C0776E4E65696768626F7200527845727226
S3150803F3D0496E76616C696453726341646472005260
S3150803F3E07845727253656300527845727246637341
S3150803F3F00052784572724F74686572005478556E78
S3150803F400696361737400547842726F6164636173EC
S3150803F4107400547841636B526571756573746564DA
S3150803F42000547841636B65640054784E6F41636B8F
S3150803F43052657175657374656400547844617461C3
S3150803F44000547844617461506F6C6C00547842655B
S3150803F45061636F6E005478426561636F6E526571BE
S3150803F460756573740054784F7468657200547852DE
S3150803F47065747279005478457272436361005478EF
S3150803F480457272427573794368616E6E656C005492
S3150803F4907845727241626F72740054784469726572
S3150803F4A063744D61785265747279457870697279B7
S3150803F4B0005478496E6469726563744D6178526560
S3150803F4C074727945787069727900366C6F20736542
S3150803F4D06E6400366C6F207265617300697036005E
S3150803F4E06D706C00636F6170207365637572650078
S3150803F4F06170706C69636174696F6E20636F6170A4
S3150803F500004F4B0044726F70004E6F42756673006E
S3150803F5104E6F526F75746500427573790050617248
S3150803F520736500496E76616C69644172677300534B
S3150803F530656375726974790041646472657373519E
S3150803F54075657279004E6F41646472657373004E14
S3150803F5506F74496D706C656D656E74656400496E8C
S3150803F56076616C69645374617465004E6F41636BAD
S3150803F570004368616E6E656C4163636573734661C8
S3150803F580696C75726500466373457272004E6F4601
S3150803F59072616D65526563656976656400496E7661
S3150803F5A0616C6964536F75726365416464726573EC
S3150803F5B0730044657374696E6174696F6E4164643C
S3150803F5C07265737346696C7465726564004E6F740D
S3150803F5D0466F756E6400416C7265616479005265A5
S3150803F5E07365727665644572726F72323500497057
S3150803F5F07636416464726573734372656174696FC1
S3150803F6006E4661696C757265004E6F74436170610D
S3150803F610626C6500526573706F6E736554696D65C8
S3150803F6206F7574005265617373656D626C7954699D
S3150803F6306D656F7574004E6F74546D66004E6F6E0C
S3150803F6404C6F7770616E446174614672616D6500D3
S3150803F65052657365727665644572726F72333300E9
S3150803F6604C696E6B4D617267696E4C6F7700496EB4
S3150803F67076616C6964436F6D6D616E640050656E87
S3150803F68064696E670052656A6563746564000000A1
S3150803F69059756E6B6E6F776E00000000DBEE03081C
S3150803F6A020F2030826F203082CF2030816EC0308D3
S3150803F6B01DEC030825EC030821EC030829EC0308D1
S3150803F6C035EC030801F5030883F2030804F5030878
S3150803F6D009F5030810F5030818F503081DF50308CB
S3150803F6E023F503082FF5030838F5030845F503083A
S3150803F6F094F403084FF503085EF503086BF503084E
S3150803F70071F503089DF2030886F503088DF50308CA
S3150803F710BBF303089DF50308BDF50308B2F5030813
S3150803F720CDF50308D6F50308DEF50308EEF5030859
S3150803F73009F6030814F603089CF3030824F60308DA
S3150803F74036F603083DF6030850F6030860F6030881
S3150803F7506EF603087DF6030885F603083E20005374
S3150803F7604C2D4F50454E5448524541442F332E3065
S3150803F7702E302E305F4769744875622D36316534ED
S3150803F78033636666623B2045465233323B204E6FEF
S3150803F7907620323120323032352031383A34363A0F
S3150803F7A03033000008000000CAF403081000000004
S3150803F7B0D3F4030818000000DCF403082000000053
S3150803F7C0E0F40308280000004EF1030830000000A7
S3150803F7D0FCF4030838000000E4F4030840000000C2
S3150803F7E0F0F4030833F20308855601080000000005
S3150803F7F0FBED0308E17701080000000012F2030895
S3150803F80045570108000000003AF20308A555010808
S3150803F8100000000042F20308155601080000000024
S3150803F82007F1030835570108000000004BF20308E7
S3150803F8303D57010800000000FF0200000000000019
S3150803F8400000000000000001AC010408FF020000EC
S3150803F85000000000000000000000000260F8030832
S3150803F860FF03000000000000000000000000000283
S3150803F87038F80308FBED0308A54801080000000053
S3150803F88007F2030815790108000000000CF20308C3
S3150803F8904DAB01080000000012F2030805790108C0
S3150803F8A00000000018F20308714301080000000075
S3150803F8B0D8F10308C97A010800000000D5F1030846
S3150803F8C0ED7A010800000000A8F00308C97F0108C3
S3150803F8D000000000DFF103087DA80108000000000E
S3150803F8E095F10308818A0108000000009FF10308C7
S3150803F8F0F78A010800000000F7F00308A58101084C
S3150803F90000000000A8F10308C13E0108000000003A
S3150803F910ABF10308B13E010800000000E5F0030857
S3150803F9209D8001080000000007F10308B58501085A
S3150803F9300000000099F1030859440108000000007B
S3150803F940D4F00308178B01080000000014DE03082F
S3150803F9509144010800000000B9F10308D13E0108EB
S3150803F9600000000058F0030837E1030840E10308E4
S3150803F97087F103088EF1030871F00308AF44010801
S3150803F9800000000076F003082D450108000000007A
S3150803F9907CF00308CD5701080000000084F0030833
S3150803F9A0398B01080000000091F003083D45010862
S3150803F9B000000000CEF403085158010800000000B7
S3150803F9C057ED0308595C01080000000062ED0308BF
S3150803F9D0C95C01080000000066ED0308595D0108CB
S3150803F9E00000000071ED03088D5E010800000000A9
S3150803F9F09BEC0308CD5E0108000000007EED0308BA
S3150803FA00BD730108000000008FED03089F3E01083F
S3150803FA10000000009CED03085D8D0108000000004E
S3150803FA20A5ED0308315F010800000000A9ED0308EE
S3150803FA306976010800000000B1ED0308297301087F
S3150803FA4000000000B7ED0308493A0108000000006A
S3150803FA50BEED030879A9010800000000C7ED0308F5
S3150803FA603160010800000000CBED03084B3E010896
S3150803FA7000000000D6ED030851A7010800000000A6
S3150803FA80DAED0308374D010800000000E0ED03082E
S3150803FA90594D010800000000D3EC0308AB4D0108DB
S3150803FAA000000000E8ED0308B13A01080000000071
S3150803FAB0F5ED0308ED60010800000000F9ED030801
S3150803FAC0216101080000000002EE03086D3B0108EE
S3150803FAD0000000000DEE03085B500108000000005B
S3150803FAE014EE0308FFAB0108000000001CEE030830
S3150803FAF0597401080000000028EE03082164010870
S3150803FB000000000033EE0308A964010800000000A2
S3150803FB103FEE0308BD6001080000000041F1030839
S3150803FB20356F0108000000000B0D04083565010850
S3150803FB300000000043EE0308A56601080000000064
S3150803FB404EEE0308DD6601080000000056EE0308C2
S3150803FB50018C0108000000005EEE0308C56F01086A
S3150803FB60000000000AED0308BD4C01080000000070
S3150803FB7070EE0308696701080000000022ED030818
S3150803FB805D3E010800000000D6EC030899670108EA
S3150803FB90000000007EEE0308C967010800000000A4
S3150803FBA085EE030851520108000000008AEE030897
S3150803FBB0416901080000000093EE03080B3F0108A2
S3150803FBC0000000009EEE0308BD890108000000003E
S3150803FBD0AAEE0308416B010800000000AEEE030815
S3150803FBE0456B010800000000EFED03081FA6010896
S3150803FBF000000000B5EE03085F6B01080000000073
S3150803FC00BCEE0308658C010800000000C1EE03087A
S3150803FC103D6C010800000000CBEE0308516C010897
S3150803FC2000000000D4F00308F96C01080000000086
S3150803FC30CFEE0308693D010800000000DBEE030868
S3150803FC40896D010800000000E2EE0308F56D01085E
S3150803FC50000000006CDE0308416E01080000000086
S3150803FC60EAEE0308454B010800000000F7EE030817
S3150803FC70CD6E010800000000FEEE0308B53D01083D
S3150803FC8000000000DDDC03081B5C0108000000001F
S3150803FC90666163746F727972657365740000000038
S3150803FCA0DDDC0308D4F00308F7EE030857ED030871
S3150803FCB09BEC0308D6EC0308D3EC030896F0030879
S3150803FCC014EE0308A0F00308ADF00308BDF003081B
S3150803FCD028EE030866ED030856EE0308E0ED03086D
S3150803FCE0B5EE0308C9F00308DAF00308ECF00308D5
S3150803FCF0FCF0030871ED0308A5ED03080FF10308EB
S3150803FD001CF103082CF1030838F1030845F103082D
S3150803FD1041EC030853EC03080000000064EC0308F5
S3150803FD2075EC0308000000008DEC03089BEC030840
S3150803FD300000000085EC030895EC030800000000AA
S3150803FD40A3EC0308B0EC030800000000BCEC0308AE
S3150803FD50C2EC030800000000C8EC0308D3EC030850
S3150803FD6000000000DCEC0308EEEC030800000000CA
S3150803FD70FEEC03080AED03080100000015ED03086D
S3150803FD8022ED030800000000CCEC0308D6EC0308B8
S3150803FD90000000002EED030833ED03080100000000
S3150803FDA038ED030848ED030800000000AA07040815
S3150803FDB019770108000000001EDD0308F33901085E
S3150803FDC0000000005DF10308F94001080000000087
S3150803FDD064F10308954001080000000069F103086F
S3150803FDE0754201080000000078F1030895410108EF
S3150803FDF000000000ECDC03087D7701080000000022
S3150803FE00ADED03084141010800000000F4DC0308D6
S3150803FE10174E010800000000284578706F6E656E5E
S3150803FE207469616C204D6F76696E672041766572D9
S3150803FE30616765290000000079F2030894EB03085B
S3150803FE40AEEB0308CBEB0308E4EB0308BCE10308BA
S3150803FE508BEB03088FEB030844EB03084AEB030811
S3150803FE6051EB03085BEB030866EB03086FEB030828
S3150803FE7078EB030883EB030831310000ECF1030840
S3150803FE80FAF1030804060000C9F10308D0F10308D0
S3150803FE90061204050500000060F20308BDF1030815
S3150803FEA0C9F103088BDF0308CCF10308040000003B
S3150803FEB0FCF303080800000006F403080C0000001E
S3150803FEC012F403081000000021F4030814000000CC
S3150803FED029F40308180000003AF403081C0000007C
S3150803FEE041F40308200000004CF403082400000032
S3150803FEF055F403082800000065F403082C000000E5
S3150803FF006DF403083800000075F403084000000088
S3150803FF107EF403083C0000008FF403083000000059
S3150803FF209AF4030834000000B1F4030848000000FB
S3150803FF302CF303084C00000036F3030850000000B6
S3150803FF4042F303085400000049F30308580000006D
S3150803FF5054F303085C0000005DF303086000000027
S3150803FF606DF303086400000075F3030868000000D6
S3150803FF7087F303086C0000009AF303087000000077
S3150803FF80A7F3030874000000B4F30308780000001D
S3150803FF90CBF303087C000000DFF3030880000000AE
S3150803FFA0E8F3030884000000F1F3030800000000E7
S3150803FFB08AF203080200000098F20308040000000E
S3150803FFC0A6F2030806000000B1F2030808000000C1
S3150803FFD0BDF203080A000000EFF203080C00000054
S3150803FFE0C9F203080E000000DEF203081000000041
S3150803FFF0FFF20308480000001DF303081800000079
S315080400008FF20308200000009DF203082800000070
S31508040010ABF2030830000000B6F20308380000000B
S31508040020C2F203080000000064F203080800000096
S315080400306EF203080400000077F203080C000000BF
S3150804004081F20308180000008BEF03082000000063
S3150804005097EF030828000000A4EF03083000000007
S31508040060B1EF030838000000BBEF030840000000A6
S31508040070C6EF03084AF0030858F0030861F00308BA
S3150804008069F00308000100FF0000000005EF0308FB
S315080400900400000017EF03080800000022EF030815
S315080400A00C0000002EEF0308100000003CEF0308C4
S315080400B0140000004EEF0308180000005BEF030865
S315080400C01C0000006AEF0308200000007DEF030807
S315080400D000000000D1EF030802000000DEEF030869
S315080400E004000000EBEF030806000000F5EF030820
S315080400F00800000000F003080A0000002DF00308B9
S315080401000C0000000BF003080E0000001EF00308A4
S31508040110100000003CF0030802000001000005007E
S31508040120000100000600000214000C000001000093
S315080401300F00020100001100000200001200020173
S3150804014000001500020100001A0002020000210046
S315080401500601000024000201000027000001000037
S315080401602F00000102000101FAEB030801EC030861
S315080401700BEC0308121206120405050015ED030814
S3150804018057F2030860F20308BDF10308C9F103082E
S315080401908BDF0308CCF10308FF030000000000000E
S315080401A000000000000000FC00000000FF0300003F
S315080401B00000000000000000000000019801040887
S315080401C075EC030800000000CD4E0108000000008D
S315080401D0953F0108000000009BEC03080800000096
S315080401E0B5740108000000001B3C0108000000006B
S315080401F0B0EC03080B000000D574010800000000E9
S31508040200353F010800000000C2EC030806000000A0
S31508040210E174010800000000453F010800000000E1
S3150804022052F1030806000000E1740108000000000A
S31508040230453F010800000000D3EC03080400000051
S31508040240074E010800000000393A010800000000C2
S31508040250F2EC030805000000055B01080000000035
S315080402607D3B010800000000EEEC030805000000D1
S31508040270055B0108000000007D3B01080000000042
S315080402800AED0308020000000B4E010800000000F6
S31508040290A73B01080000000022ED03080300000044
S315080402A0ED74010800000000CB3F010800000000BF
S315080402B0D6EC030807000000FD74010800000000DE
S315080402C03B3C01080000000053EC03080100000051
S315080402D0D34E010800000000AF3F010800000000EB
S315080402E033ED030809000000114E01080000000060
S315080402F0CD3B01080000000048ED03080A00000091
S315080403000D750108000000004B3C010800000000C0
S3150804031095EC03080C000000C574010800000000F1
S315080403202B3C01080000000010190020256C756498
S315080403302E00253032753A253032753A2530327515
S31508040340002E253033750045434453410045435F29
S31508040350444800454300000000000000AF090208B5
S31508040360E1080208D7080208DD0902080D0902088F
S3150804037001090208506C6174666F726D00141C20C2
S315080403803040050305040406000601170C081D1D64
S315080403901708060C0101010101010101061B0600EB
S315080403A002020204040607000400000047030408C6
S315080403B073620208FD6202085F910208CD9502087D
S315080403C00000000000000000ED9702088F6602088E
S315080403D0A5650208DD620208030000004D0304084F
S315080403E073620208F16202080000000000000000BF
S315080403F00000000000000000ED9702088F6602085E
S31508040400A5650208DD620208020000005303040819
S3150804041073620208676202085F910208CD950208B2
S315080404200000000000000000ED9702088F6602082D
S31508040430A5650208DD620208000000000804040835
S31508040440D8030408A8030408011000240011127133
S31508040450000000800044400409008003FF060006EB
S315080404602573222573220000BC0200001027000011
S31508040470102700001027000010270000102700008E
S31508040480000602060407060700020202040402071D
S3150804049054687265616440400000404080808080F2
S315080404A00000908868480402020C0C0A0101030340
S315080404B00505060700020202040406070A0C096178
S315080404C02F616500612F616E00612F617100612FD4
S315080404D0617200612F617300612F736400612F7963
S315080404E06C00622F626100622F626D7200622F6275
S315080404F07100632F616200632F616700632F617265
S3150804050000632F617300632F636100632F636700C1
S31508040510632F637000632F637300632F6463006340
S315080405202F657200632F657300632F6A6500632F56
S315080405306A6600632F6C6100632F6C7000632F700A
S315080405406300632F706700632F707100632F7073E5
S3150804055000632F727800632F746500632F74780024
S31508040560632F757200632F757400642F64610064C9
S315080405702F646700642F647100642F6472006E2F01
S31508040580646E006E2F6472006E2F6D720000000098
S315080405900202030000000000BF040408C40404089F
S315080405A0C9040408CE040408D3040408D8040408B7
S315080405B0DD040408E2040408E7040408ED04040856
S315080405C0F2040408F7040408FC04040801050408F2
S315080405D0060504080B05040810050408150504088F
S315080405E01A0504081F05040824050408290504082F
S315080405F02E05040833050408380504083D050408CF
S3150804060042050408470504084C050408510504086E
S31508040610560504085B05040860050408650504080E
S315080406206A0504086F0504087405040879050408AE
S315080406307E050408830504088805040813B779FAAF
S31508040640C925DDB7ADF3CFE0F1B614B80102000051
S3150804065000000000FFFFFFFF020000000100000089
S315080406600000000000000000000000000000000078
S315080406700000000000000000000000000000000068
S3150804068000000000000000000000000000800000D8
S31508040690A84800206A09E667BB67AE853C6EF37214
S315080406A0A54FF53A510E527F9B05688C1F83D9AB2B
S315080406B05BE0CD190070726F636573730048616EF1
S315080406C0646C6572004F70656E5468726561640087
S315080406D044656661756C74446F6D61696E00526534
S315080406E073657420696E666F3A20307825782028F9
S315080406F025732900457874656E64656420526573AC
S31508040700657420696E666F3A203078253258202839
S31508040710257329002573206D6F6465207573696ECA
S315080407206720257320737461636B202825346C78DD
S3150804073020746F2025346C78292C205350203D20B2
S3150804074025346C7800257520627974657320757371
S3150804075065642028257525252920696E202573209A
S31508040760737461636B20286F7574206F6620257512
S3150804077020627974657320746F74616C2900535010
S31508040780206973206F7574736964652025732073F3
S315080407907461636B2072616E676521004E6F206910
S315080407A06E746572727570747320616374697665A4
S315080407B000496E7465727275707473206163746926
S315080407C0766520286F72207072652D656D70746564
S315080407D06420616E6420737461636B6564293A00EE
S315080407E052657365742063617573653A205761743D
S315080407F06368646F6720657870697265642C206E17
S315080408006F2072656C6961626C65206578747261C3
S3150804081020696E666F726D6174696F6E00526573D6
S3150804082065742063617573653A20576174636864F7
S315080408306F672063617567687420776974682065D3
S315080408406E68616E63656420696E666F00496E73CF
S315080408507472756374696F6E206164647265737308
S315080408603A2025346C780052657365742063617583
S3150804087073653A204173736572742025733A256C3F
S31508040880640052657365742063617573653A20481C
S31508040890617264204661756C7400484653522E563C
S315080408A045435454424C3A206572726F72207265FD
S315080408B06164696E6720766563746F722074616219
S315080408C06C6520666F7220616E2065786365707446
S315080408D0696F6E00484653522E464F524345443A72
S315080408E020636F6E666967757261626C65206661FE
S315080408F0756C7420636F756C64206E6F7420616305
S3150804090074697661746500484653522E44454255C7
S31508040910474556543A206661756C742072656C6155
S3150804092074656420746F206465627567202D20657C
S315080409302E672E2C20657865637574656420424B92
S3150804094050540052657365742063617573653A2063
S315080409504D656D6F7279204D616E6167656D656E63
S3150804096074204661756C7400496C6C6567616C200B
S3150804097061636365737320616464726573733A2093
S3150804098025346C7800434653522E257300526573FA
S3150804099065742063617573653A20427573204661F0
S315080409A0756C740041646472657373206973206F8F
S315080409B06620616E20696E737472756374696F6EEE
S315080409C020616674657220627573206661756C743D
S315080409D0206F636375727265642C206E6F7420745D
S315080409E068652063617573652E00434653522E2845
S315080409F06E6F6E6529206C6F6164206F7220737444
S31508040A006F726520617420616E20696C6C6567611C
S31508040A106C2061646472657373005265736574202F
S31508040A2063617573653A2055736167652046617518
S31508040A306C740052657365742063617573653A2036
S31508040A404465627567204D6F6E69746F72204661DE
S31508040A50756C74002573203D2030782530386C7801
S31508040A602573004941434356494F4C3A20617474EF
S31508040A70656D7074656420696E73747275637469E0
S31508040A806F6E2066657463682066726F6D206120D8
S31508040A906E6F2D6578656375746520616464726527
S31508040AA07373004441434356494F4C3A2061747466
S31508040AB0656D70746564206C6F6164206F72207351
S31508040AC0746F726520617420616E20696C6C656749
S31508040AD0616C2061646472657373004D554E53549A
S31508040AE04B4552523A20756E737461636B20667275
S31508040AF06F6D20657863657074696F6E20726574AE
S31508040B0075726E20636175736564206163636573CA
S31508040B10732076696F6C6174696F6E004D53544B1C
S31508040B204552523A20737461636B696E6720667224
S31508040B306F6D20657863657074696F6E206361757F
S31508040B40736564206163636573732076696F6C618A
S31508040B5074696F6E004D4D415256414C49443A20D2
S31508040B604D4D415220636F6E7461696E73207661D0
S31508040B706C6964206661756C74206164647265735B
S31508040B807300494255534552523A20696E7374723A
S31508040B90756374696F6E2070726566657463682020
S31508040BA063617573656420627573206661756C7418
S31508040BB0005052454349534552523A207072656370
S31508040BC06973652064617461206275732066617552
S31508040BD06C7400494D5052454349534552523A2084
S31508040BE0696D7072656369736520646174612062F6
S31508040BF07573206661756C7400554E53544B455293
S31508040C00523A20756E737461636B696E67206F6EF2
S31508040C1020657863657074696F6E20726574757281
S31508040C206E206361757365642064617461206275FE
S31508040C3073206661756C740053544B4552523A20BE
S31508040C40737461636B696E67206F6E20657863657C
S31508040C507074696F6E20656E74727920636175733A
S31508040C606564206461746120627573206661756CBD
S31508040C7074004246415256414C49443A2042464140
S31508040C805220636F6E7461696E732076616C696451
S31508040C90206661756C7420616464726573730055AB
S31508040CA04E444546494E5354523A20747269656413
S31508040CB020746F206578656375746520616E207588
S31508040CC06E646566696E656420696E7374727563AD
S31508040CD074696F6E00494E5653544154453A206917
S31508040CE06E76616C69642045505352202D20652E1A
S31508040CF0672E2C20747269656420746F2073776973
S31508040D0074636820746F2041524D206D6F646500CA
S31508040D10494E5650433A20657863657074696F6E18
S31508040D202072657475726E20696E7465677269746B
S31508040D307920636865636B73206661696C65640012
S31508040D404E4F43503A20617474656D70746564201F
S31508040D50746F2065786563757465206120636F70A8
S31508040D60726F636573736F7220696E7374727563D9
S31508040D7074696F6E00554E414C49474E45443A20B6
S31508040D80617474656D7074656420616E20756E6136
S31508040D906C69676E6564206D656D6F727920616331
S31508040DA0636573730044495642595A45524F3A206B
S31508040DB0617474656D7074656420746F20657865F4
S31508040DC0637574652053444956206F722055444907
S31508040DD05620776974682064697669736F72206F20
S31508040DE066203000F06200200000000000000100C8
S31508040DF0000000007AFF809F79FF009F73FF809EA2
S31508040E000000000000000000FFFFFFFFFFFFFFFFD8
S31508040E10FFFFFFFF99DEF836146BC9B1B4D2283147
S31508040E20FFFFFFFFFFFFFFFFFFFFFFFFFFFF16A206
S31508040E30E0B8F03E13DD29455C5C2A3DFFFFFFFF61
S31508040E4000000000FFFFFFFFFFFFFFFFBCE6FAAD4F
S31508040E50A7179E84F3B9CAC2FC632551581204081D
S31508040E603C12040800000000FFFFFFFFFFFFFFFF1E
S31508040E70FEFFFFFFFFFFFFFFFFFFFFFFFFFFFFFF71
S31508040E80B1B946C1ECDEB8FE49302472ABE9A70F06
S31508040E90E7809CE5190521643128D2B4B1C96B14DD
S31508040EA036F8DE99FFFFFFFFFFFFFFFFFFFFFFFF97
S31508040EB01210FF82FD0AFFF40088A143EB20BF7CD1
S31508040EC0F69030B00EA88D181148791EA177F973DB
S31508040ED0D5CD246BED11106378DAC8FF952B190765
S31508040EE001000000010000000000000000000000EE
S31508040EF0FFFFFFFFFFFFFFFFFFFFFFFFFFFFFFFFF0
S31508040F0000000000B4FF552343390B27BAD8BFD7CE
S31508040F10B7B04450563241F5ABB3040C850A05B450
S31508040F203D2A5C5C4529DD133EF0B8E0A216FFFFB6
S31508040F30FFFFFFFFFFFFFFFFFFFFFFFF211D5C1100
S31508040F40D68032342211C256D3C1034AB990133219
S31508040F507FBFB46BBD0C0EB7347E00859981D5442A
S31508040F606447075AA07543CDE6DF224CFB23F7B541
S31508040F70886337BDFFFFFFFFFFFFFFFFFFFFFFFF8C
S31508040F80000000000000000000000000010000004E
S31508040F90FFFFFFFF4B60D2273E3CCE3BF6B053CC57
S31508040FA0B0061D65BC86987655BDEBB3E7933AAA99
S31508040FB0D835C65A512563FCC2CAB9F3849E17A705
S31508040FC0ADFAE6BCFFFFFFFFFFFFFFFF00000000CE
S31508040FD0FFFFFFFF96C298D84539A1F4A033EB2D3D
S31508040FE0817D0377F240A463E5E6BCF847422CE129
S31508040FF0F2D1176BF551BF376840B6CBCE5E316B6D
S315080410005733CE2B169E0F7C4AEBE78E9B7F1AFE30
S31508041010E242E34F554E4B004649420042544C00C7
S315080410204558540050575200574447002053570018
S31508041030435253004653480042414400464C540028
S3150804104042524F005230005231005232005233009D
S315080410505234005235005236005237005238005284
S315080410603900523130005231310052313200523196
S3150804107033284C5229004D535000505350005043C6
S315080410800078505352004D535020757365640050D0
S31508041090535020757365640043535441434B20628F
S315080410A06F74746F6D004943535200534843535247
S315080410B000494E545F4143544956453000494E54FD
S315080410C05F41435449564531004346535200484606
S315080410D053520044465352004D4D41522F42464105
S315080410E052004146535200526574300052657431B9
S315080410F000526574320052657433005265743400C4
S3150804110052657435004461743000446174310000DA
S315080411101E000000160000001A0000005700000018
S315080411200104010303060105010501090600060B6E
S315080411300000070B050B000000000000000000007B
S31508041140000000000100A00202020202640000007E
S31508041150B600000064000000000100000000000062
S3150804116000000000000000000B00000064656661D2
S31508041170756C742E736572766963652E6172706117
S3150804118000DEAD00BEEF00CAFE78581686FDB458D8
S315080411900FB092546AECBD1566FDDEAD00BEEF00D5
S315080411A00000000050140408F8130408C4130408C3
S315080411B0B8130408B0130408A41304089413040801
S315080411C08C130408801304087013040850130408C5
S315080411D030130408630A0408A30A04084D1604080D
S315080411E0DB0A04081C0B04084D1604084D160408EB
S315080411F0550B0408820B0408B10B0408D30B040826
S31508041200F90B0408380C04084D1604084D1604088E
S31508041210720C04089F0C0408D50C0408100D040865
S31508041220400D04084D1604084D1604084D16040806
S315080412304D160408750D0408A50D040802000000DF
S31508041240000000000000000013D1000813D10008B4
S31508041250B1DA0008ADD3000802000000E1E900088D
S31508041260A1F700088DCF00088FCF0008CBDA000855
S31508041270C9D30008000000000000000000000000B8
S31508041280008000000080000000800000008000004C
S31508041290008000000080000000800000008000003C
S315080412A0008000000080000000800000008000002C
S315080412B00180000001800000018000000180000018
S315080412C00180000002800000028000000280000005
S315080412D003800000048000000580000006800000EA
S315080412E0088000000C8000000F8000000900000040
S315080412F00A0000000C0000000E00000011000000A7
S3150804130013000000160000001B0000002200000065
S315080413102D000000D30D0208F50D0208ED5402084D
S31508041320190E02083D1002089F120208CD1202087F
S31508041330554E4B0055502000525020004150300065
S315080413404150310041502000445020004445430098
S31508041350554E4B00485244004D454D0042555300E6
S315080413605553470044424700444D410056435400F0
S31508041370554E4B004C434B0058544C004F424600C4
S31508041380554E4B0056465900494E4800554E4B009B
S3150804139041535400554E4B005242540044534C009A
S315080413A0454D3400554E4B00455850004C574D009A
S315080413B0554E4B0048562000554E4B0050494E009A
S315080413C0454D3400554E4B00474F200042544C00BF
S315080413D04241440046544C00465243004F5441008F
S315080413E044534C004241500055504700544D450063
S315080413F046415500545A4600474F200042544C0073
S31508041400474F3200474F3300474F3400474F3500A4
S31508041410474F3600474F3700474F3800474F390084
S31508041420474F4100474F4200474F4300474F440048
S31508041430474F4500474F46004A4D50004244520024
S315080414405550520042544D004D534D0046544C00DD
S31508041450554E4B0065636B65792E51005F73756253
S31508041460002D2D2D2D2D454E4420454320505249FF
S3150804147056415445204B45592D2D2D2D2D002D2DE6
S315080414802D2D2D424547494E204543205052495655
S31508041490415445204B45592D2D2D2D2D002D2D2DEF
S315080414A02D2D454E442050524956415445204B450E
S315080414B0592D2D2D2D2D002D2D2D2D2D42454749E8
S315080414C04E2050524956415445204B45592D2D2DF1
S315080414D02D2D002A8648CE3D0301010073656370ED
S315080414E031393272310073656370323234723100C5
S315080414F02A8648CE3D030107007365637032353684
S3150804150072310000D314040808000000DC1404082F
S31508041510DC14040801000000DC15040805000000BA
S31508041520E6140408E614040802000000F01404088B
S3150804153008000000F9140408F9140408030000005C
S315080415400000000000000000000000000000000089
S3150804155000000000505341004B45590000000000AC
S315080415607AFF80AF79FF00AF73FF80AE0920400091
S31508041570000000007BFF80B079FF80B078FF80B15F
S3150804158076FF00B16CFF00B36BFF00B23506FEB8F8
S3150804159023D487120D0A082008000000050000005D
S315080415A00000000000C20100000200000010000054
S315080415B000000000000000000000000056000000C3
S315080415C00000015B15000000BC150408D8150408C2
S315080415D0D415040801000F0000000F002B81040035
S315080415E021005B25735D3A257500FFFFFFFFFFFFAA
S315080415F0FFFF0050726F632D547970653A20342CBE
S31508041600454E43525950544544004661696C6564D5
S3150804161020746F207365742050414E206368616E90
S315080416206E656C20746F202575207768656E206159
S3150804163070706C79696E6720646174617365743A55
S31508041640202573002A864886F70D01010100727366
S3150804165061456E6372797074696F6E005253410006
S315080416602A8648CE3D02010069642D656350756279
S315080416706C69634B65790047656E657269632045D5
S3150804168043206B6579002B8104010C0069642D6580
S31508041690634448004543206B657920666F7220458C
S315080416A0434448000001010101010101010101014E
S315080416B001010125010701010101010101010101DE
S315080416C001010101010707010101010101010101EC
S315080416D00117000044160408090000004E16040801
S315080416E05C160408010000006016040807000000E0
S315080416F0681604087716040802000000861604080B
S31508041700050000008C16040894160408030000005B
S3150804171000000000000000000000000000000000B7
S3150804172000000000446174617365744D616E6167FD
S315080417306572005B25635D2000252E2A7325733A9E
S3150804174020000000505341004B4559002D2D2D2DE6
S315080417502D2D2D2D2D2D2D2D2D2D00323030313AB8
S31508041760343836303A343836303A3A383838380035
S315080417700C0901020304808150C30000F22B000007
S31508041780EE020000EE02000050C3000076160000C8
S315080417907701000077010000193F010604100100D3
S315080417A00001010600102700000C000000000000DC
S315080417B000000000F5DA0200A41F000090010000F2
S315080417C090010000E5BF0000282300006B03000019
S315080417D06B03000002000000C01753020614000041
S315080417E0802FA60405380000A00800000000580948
S315080417F001040706100A01040707C80A00040807B3
S31508041800800B00040808380C000409086108000065
S3150804181000008A0800000000C709010404032C0B11
S3150804182001040404920C01040504000050C30000DA
S31508041830E62D0000D0070000D0070000193F010676
S31508041840041001000001010600102700000A000028
S315080418500000000000000000140000002449920063
S315080418600000000098170408781704080000000010
S31508041870000000000024F40040420F000101F800B3
S31508041880C224500300000000D41704080000000016
S3150804189000000000000000002B420F0000000000BA
S315080418A00000000000000000000000001400000012
S315080418B0666666000000000098170408881704087E
S315080418C000000000000000000048E80180841E00B3
S315080418D00101F800F147500200000000D41704087B
S315080418E00000000000000000000000007C841E00C8
S315080418F000000000000000000000000000000000D6
S31508041900140000001CC77100000000003C180408FD
S31508041910B417040800000000000000000051250266
S3150804192040420F000108F600F147100200000000CB
S31508041930D41704080000000000000000000000009E
S315080419402A420F000000000000000000000000000A
S3150804195000000000140000001CC77100000000000D
S315080419603C180408C417040800000000000000001E
S315080419700051250240420F000102F600F147100209
S3150804198000000000D417040800000000000000004E
S31508041990000000002A420F000000000000000000BA
S315080419A00000000000000000140000001CC77100BD
S315080419B0000000003C1804082C1804080000000065
S315080419C0000000000051250240420F000108F600FD
S315080419D0F147100200000000D417040800000000B4
S315080419E000000000000000002A420F00000000006A
S315080419F0000000000000000000000000030A0000C8
S31508041A00FC4F010358180408104001000141000066
S31508041A103C4001000000000048400100A007000304
S31508041A2050400100000000005C4001000000000076
S31508041A3008410100FF4C000054C007005111300052
S31508041A400E0009E62D00000004050607080000003C
S31508041A50D1B6020064350000404007010000505129
S31508041A600000A01110000000000000861FC08100BD
S31508041A70000000200000000064400501000000404A
S31508041A80B904F800400800000200000092000400AF
S31508041A9088400F01B7033B00000000E00000000087
S31508041AA00002050D1C2F42536269686053402E1FBD
S31508041AB0110A0808080807060504030302020201B6
S31508041AC00101010100000000000000000000000000
S31508041AD01C4101010060B18C38410701BC200AF0A1
S31508041AE0F6625200055B98408E6E82941C784852C2
S31508041AF0893B4000C00300805C410101FFDD000012
S31508041B0068410701E853FA0000000040000000009D
S31508041B1000000000000000000000000000000000B3
S31508041B20D0410301000000AAD000000004001200FE
S31508041B30E041130100000000FFAB000A5CF10F004E
S31508041B40D341020095EDB100197BD80F1208B904E8
S31508041B50EA1B6D1FC9B7C20A0B203B0043060000E7
S31508041B605962F300727E9600A73D1900D022F13B14
S31508041B70000000A00000000038000000000000007B
S31508041B804C420101080003046842010101000000F7
S31508041B9038800101C2241000A08002017078030075
S31508041BA0D0000000A8800111F0010000A8800131CE
S31508041BB00542CB01AC800111F0010000AC80013173
S31508041BC0053EFD00EC000112E00F0000EC000132B6
S31508041BD00C2051518401010200100000FFFFFFFF91
S31508041BE003020000FC4F0103AC180408104001006E
S31508041BF0014100003C40010000000000484001008B
S31508041C00A007000350400100000000005C400100EA
S31508041C100000000008410100FF4C000054C0070002
S31508041C20512130000E000DE62A00000004050607BF
S31508041C3008000000D1B60200600500004040070114
S31508041C40000050510000A02110000000000000868A
S31508041C501FC0810000000020000000006440050148
S31508041C60000000404902F00040080000020000009D
S31508041C709200080088400F01DA032A00000000E0F9
S31508041C80000000000102071121374B5A67696254A4
S31508041C904029150500000000010203040404030397
S31508041CA0030303020202020202010101000000000A
S31508041CB0000000001C41010100B0B18C3841070145
S31508041CC0BC200AF0B6555200055B98408E6E829485
S31508041CD0233C4852893B4000C00300805C41010113
S31508041CE0FFDD000068410701E853FA0000000040E0
S31508041CF000000000000000000000000000000000D2
S31508041D0000000000D04103010000AAAAD000000088
S31508041D1004001200E041130100000000FFAB000AB2
S31508041D205CF10F00D341020095EDB100197BD80F81
S31508041D301208B904EA1B6D1FC9B7C20A0B203B0077
S31508041D40430600005962F300727E9600A73D190007
S31508041D50D022F13B000000A0000000004000000073
S31508041D60000000004C420101080003046842010116
S31508041D700100000038800101F1471000A08002012B
S31508041D8070780300D5C00000A8800111F001000096
S31508041D90A88001310542CB01AC800111F001000095
S31508041DA0AC80013105228D00EC000112E00F000021
S31508041DB0EC0001320C2051118401010200000000DC
S31508041DC0FFFFFFFF03080000FC4F0103AC180408DB
S31508041DD010400100014100003C40010000000000E1
S31508041DE048400100A007000350400100000000001D
S31508041DF05C4001000000000008410100FF4C00009F
S31508041E0054C00700512130000E000DE62A000000D8
S31508041E100405060708000000D1B6020060050000A4
S31508041E2040400701000050510000A02110000000A6
S31508041E30000000861FC0810000000020000000008A
S31508041E4064400501000000404902F0004008000013
S31508041E50020000009200080088400F01D7032A00F8
S31508041E60000000E0000000000002050D1A2D3F5096
S31508041E706068696357463525150D0908070605057B
S31508041E80040404030303030202020202010101011A
S31508041E9001010101010101011C41010100B0B18CDC
S31508041EA038410701BC200AF0B6555200055B984034
S31508041EB08E6E8294233C4852893B4000C0030080BE
S31508041EC05C410101FFDD000068410701E853FA009F
S31508041ED000000040000000000000000000000000B0
S31508041EE00000000000000000D04103010000AAAA77
S31508041EF0D000000004001200E041130100000000B5
S31508041F00FFAB000A5CF10F00D341020095EDB10066
S31508041F10197BD80F1208B904EA1B6D1FC9B7C20A80
S31508041F200B203B00430600005962F300727E9600BC
S31508041F30A73D1900D022F13B000000A000000000D4
S31508041F4040000000000000004C42010108000304A0
S31508041F50684201010100000038800101F1471000C0
S31508041F60A080020170780300FFC00200A880011156
S31508041F70F0010000A88001310542CB01AC800111B3
S31508041F80F0010000AC800131050A0D00EC000112D5
S31508041F90E00F0000EC0001320C205111840101020B
S31508041FA000000000FFFFFFFF03030000FC4F0103CE
S31508041FB00019040810400100004100003C400100DB
S31508041FC010000000484001002007000350400100AB
S31508041FD0000400005C4001000D0F000008410100E8
S31508041FE003C0010054C00700511130000E000DE66D
S31508041FF02A000000080B0C0D0D000000D1B60200E3
S315080420008005000040400701000020700000A01170
S3150804201010000000300000461FC881000020003070
S31508042020008000006440050100000000B904F800BF
S31508042030400800001000000092000A0088400F01C2
S31508042040B703120000000060000000000002050D3E
S315080420501C2F42536269686053402E1F110A0808F0
S315080420600808070605040303020202010101010127
S315080420700000000000000000000000001C410101EF
S3150804208000302C8C38410701BC200AF049C05100A5
S3150804209001000040B7563512007808500908400078
S315080420A0C00300805C41010100000000684107018B
S315080420B04CD4E83B04190D70080E141A20262C3249
S315080420C0383E10325476980A1D6940B4D04103014B
S315080420D000000000D000000000000200E0411301E7
S315080420E000000000E2CFDD2C7EB63A006009190034
S315080420F05122E2004CB9510E3982A904D8229B29EF
S31508042100E2CFDD2C7EB63A00600919005122E200BE
S315080421104CB9510E3982A904D8229B290000000023
S3150804212000000000440000003C3C3C3C4C420101D9
S31508042130080000046842010100000000388001011B
S31508042140F1471000A080020170380300D000000097
S31508042150A8800111F0010000A8800131055AFD018B
S31508042160AC800111F0010000AC800131053EFD0090
S31508042170EC000112E00F0000EC0001320C205111B2
S315080421808401010200000000FFFFFFFF03040000B2
S31508042190FC4F0103541904081040010000410000D3
S315080421A03C400100100000004840010020170003CD
S315080421B050400100010400005C4001000D0F0000BE
S315080421C00841010003C0010054C007005111300042
S315080421D00E000DE62A000000080B0C0D0D00000089
S315080421E0D1B60200800500004040070100002070B7
S315080421F00000A01110000000300000461FC881002E
S315080422000020003000800000644005010000000042
S31508042210B904F800400800001000000092000A0003
S3150804222088400F01B7031200000000600000000098
S315080422300002050D1C2F42536269686053402E1F25
S31508042240110A08080808070605040303020202011E
S315080422500101010100000000000000000000000068
S315080422601C41010100302C8C38410701BC200AF0BE
S3150804227049C0510001000040B7563512007808508D
S3150804228009084000C00300805C4101010000000009
S31508042290684107014CD4E83B04190D700A10161C52
S315080422A022282E343A4010325476980A1D6980A49E
S315080422B0D041030100000000D00000000000020025
S315080422C0E041130100000000E2CFDD2C7EB63A009F
S315080422D0600919005122E2004CB9510E3982A90449
S315080422E0D8229B29E2CFDD2C7EB63A006009190074
S315080422F05122E2004CB9510E3982A904D8229B29ED
S315080423000000000000000000440000003C3C3C3C87
S315080423104C42010108000004684201010000000063
S3150804232038800101F1471000A080020170380300CB
S31508042330D0000000A8800111F0010000A880013136
S31508042340055AFD01AC800111F0010000AC80013191
S31508042350053EFD00EC000112E00F0000EC0001321E
S315080423600C2051118401010200000000FFFFFFFF49
S3150804237003050000FC4F0103A819040810400100D6
S31508042380004100003C4001000000000048400100F4
S315080423902007000350400100000000005C400100D3
S315080423A00D0F000008410100FF4C000054C007004F
S315080423B0511130000E000DE62A000000080B0C0D22
S315080423C00D000000D1B60200E004000040400701F9
S315080423D0000020700000A011100000000000004654
S315080423E01FC0810000000020008000006440050131
S315080423F000000000B904F8004008000010000000BE
S315080424009100040088400F01B70312000000006021
S31508042410000000000002050D1C2F42536269686023
S3150804242053402E1F110A0808080807060504030363
S31508042430020202010101010100000000000000007F
S31508042440000000001C41010100302C8C38410701B2
S31508042450BC200BF049C05100055BA0408E6E8294E7
S315080424602182485209084000C00D00805C410101E0
S31508042470FFDD0000684107014CD4E83B04190D5000
S31508042480080E141A20262C32383E10325476980A2E
S315080424901D0040B4D041030100000000D000000034
S315080424A004001200E041130100000080E2CFDD2C95
S315080424B07EB63A00600919005122E2004CB9510E61
S315080424C03982A904D8229B29E2CFDD2C7EB63A00AC
S315080424D0600919005122E2004CB9510E3982A90447
S315080424E0D8229B29000000000000000044000000D8
S315080424F03C3C3C3C4C42010108000304684201018F
S315080425000000000038800101F1471000A080020194
S3150804251070380300D0000000A8800111F001000003
S31508042520A8800131055AFD01AC800111F0010000B3
S31508042530AC800131053EFD00EC000112E00F0000FD
S31508042540EC0001320C205111840101020000000044
S31508042550FFFFFFFF001A0408809C2B8F80841E004F
S31508042560000000002500FF7F2C6300200000000007
S31508042570FC19040800000000001A0408809C2B8F2C
S3150804258080841E00000026002600B7002C63002065
S3150804259000000000FC19040800000000001A0408E2
S315080425A0809C2B8F80841E000000270027008C0047
S315080425B02C63002000000000FC1904080000000039
S315080425C0E41B0408809C2B8F80841E0000000000F6
S315080425D02500FF7F2C63002000000000E01B040890
S315080425E000000000E41B0408809C2B8F80841E00D6
S315080425F0000026002600A0002C630020000000002E
S31508042600E01B040800000000E41B0408809C2B8FD0
S3150804261080841E00000027002700FF7F2C6300200B
S3150804262000000000E01B040800000000C81D0408A0
S31508042630809C2B8F80841E00000000002200FF7FF0
S315080426402C63002000000000C41D040800000000DC
S31508042650C81D0408809C2B8F80841E00000023005C
S315080426602300B6002C63002000000000C41D0408E3
S3150804267000000000C81D0408809C2B8F80841E005F
S315080426800000240024009D002C63002000000000A4
S31508042690C41D040800000000C81D0408809C2B8F74
S315080426A080841E000000250025007D002C63002080
S315080426B000000000C41D040800000000C81D04082A
S315080426C0809C2B8F80841E00000026002600530061
S315080426D02C63002000000000C41D0408000000004C
S315080426E0C81D0408809C2B8F80841E0000002700C8
S315080426F02700FF7F2C63002000000000C41D040887
S3150804270000000000AC1F0408809C2B8F80841E00E8
S31508042710000000002500FF7F34630020000000004D
S31508042720A81F040800000000AC1F0408809C2B8F17
S3150804273080841E00000026002600B70034630020AB
S3150804274000000000A81F040800000000AC1F0408CD
S31508042750809C2B8F80841E000000270027008C0095
S315080427603463002000000000A81F040800000000CD
S3150804277090210408809C2B8F80841E000000000092
S315080427802500FF7F34630020000000008C21040824
S315080427900000000090210408809C2B8F80841E0072
S315080427A0000026002600B70034630020000000005D
S315080427B08C2104080000000090210408809C2B8FBB
S315080427C080841E000000270027008C003463002044
S315080427D0000000008C21040800000000742304088B
S315080427E0809C2B8F80841E00000000002500FF7F3C
S315080427F03463002000000000702304080000000071
S3150804280074230408809C2B8F80841E0000002600F5
S315080428102600B70034630020000000007023040873
S315080428200000000074230408809C2B8F80841E00FB
S315080428300000270027008C003463002000000000F5
S3150804284070230408000000000C4001000181010007
S315080428502040020000000000010000003040030090
S3150804286000000000000000000000000040400200D4
S315080428700000000000400000604001000101000063
S31508042880A840010007000000BC4004000000000046
S315080428900000000000000000000000000C410300D6
S315080428A0FF4C0000FF4D0000FF4D000020C0011042
S315080428B000F8070020C00130F502280124C00110E1
S315080428C0FF00000024C001300013000028C00800DF
S315080428D0EC80B30343754051A00F00F80040000094
S315080428E0A8AA07000000000000000000000000007D
S315080428F070C00900BA100000000420000418800003
S315080429000B3C2001187C10022FFCE0067F00000017
S315080429100000000000000000A8C00500BD4B7215A9
S3150804292011A3180510325476980A00000000000016
S31508042930CCC00400010000000000000001000A00E9
S315080429400100280008000101080700001800010119
S31508042950AAAAAA00200001010060DA005C4002016C
S315080429600000000300000020784004012941767124
S31508042970000000008C000C0000000000C4400401A4
S315080429800000000000000000000000000000000035
S31508042990E04001010002000010410201331E050057
S315080429A0000000002041060100000000FF04830720
S315080429B08813C83AFF06660CFF0483078813FF03C7
S315080429C05841010100000000644101010C010000A6
S315080429D08441050101010000000000000000000018
S315080429E00000000000000000A441020100000000ED
S315080429F000000000B04102010000000058923EC0E9
S31508042A00BC4103010000000000003C006990060078
S31508042A102C4203016018004000000000000000007A
S31508042A203C42010100000000444202011400000077
S31508042A30000000008042020100000000810000003E
S31508042A40984205013F000002FFFF0000FFFF000057
S31508042A50FF030000FFFF0000B4420101000000006C
S31508042A6030430A0140002001A0000000085000017C
S31508042A701F1F1F1F1F1F1F1B18151311100E0D0CC8
S31508042A8045C1872F000000000000000010800101E6
S31508042A90030000003C800101010000009C80010144
S31508042AA000000000B08002010003000237000001A4
S31508042AB09C000102000C0004D8000302050040AA89
S31508042AC088010000C0000000F00001022B0100008C
S31508042AD01001011200FF0F0010010132020000313B
S31508042AE05001011200C0010050010132C100A200C8
S31508042AF07401010269F11B0C7801011200001C0023
S31508042B00780101321004E0CF800101127907000030
S31508042B108001013202000000880101025000000011
S31508042B20FFFFFFFFED170000ED170000F40100009A
S31508042B300000000050C3000076160000770100006C
S31508042B4077010000193F010604100100000101067F
S31508042B5000102700000C000000000000000002001E
S31508042B600000C017530206140000802FA604053877
S31508042B700000A00800000000580901040706100A0E
S31508042B8001040707C80A00040807800B000408089C
S31508042B90380C000409086108000000008A080000CF
S31508042BA00000C709010404032C0B01040404920C55
S31508042BB001040504E1190000E1190000F40100000C
S31508042BC000000000193F0106041001000001010677
S31508042BD000102700000900000000000000000000A3
S31508042BE0140000006666660000000000C42B040892
S31508042BF0B42B0408000A000000000000005A620210
S31508042C0080841E000420F800F147500200000000EA
S31508042C105E2B04080000000000000000000000000D
S31508042C2062841E000000000000000000000000008E
S31508042C30000000001400000066666600000000003C
S31508042C40442B0408342B040800000000000000008C
S31508042C500048E80180841E000101F800F14750028B
S31508042C60000000005E2B04080000000000000000BD
S31508042C70000000007C841E00000000000000000024
S31508042C8000000000000000001400000066666600EC
S31508042C9000000000C42B0408B42B0408000B000031
S31508042CA000000000005A620280841E000420F80016
S31508042CB0F1475002000000005E2B040800000000E3
S31508042CC0000000000000000062841E0000000000EE
S31508042CD000000000000000000000000014000000CE
S31508042CE06666660000000000C42B0408242B04084A
S31508042CF00000000000000000005A620280841E00E2
S31508042D000420F600F1475002000000005E2B040878
S31508042D1000000000000000000000000062841E009D
S31508042D200000000000000000000000000000000091
S31508042D30FC4F0103342C04080C4002000CB11100AA
S31508042D40004100003040040025080000000100008E
S31508042D50FF00000041030100504001000B00000081
S31508042D605C4002000F0D0000010100000841040048
S31508042D7001400000FF0C000001410000FF0D0000A7
S31508042D8020C0011000F8070020C00130F502280110
S31508042D9024C00110FF00000024C001300013000005
S31508042DA044C001000000000054C00700512130004F
S31508042DB00E000DE62A0000000405060708000000B8
S31508042DC0D1B6020060050000D0C001000000000072
S31508042DD0080001010E17000018000101FFFFFFFF9C
S31508042DE0200001012083B8ED40400601000050513F
S31508042DF00000A02110000000000000861FC081000A
S31508042E000000002060401701000000200000004078
S31508042E104902F00040080000020000009200080081
S31508042E207C4E78AB000000008C000C00000000000B
S31508042E30DA032A00000000600000000001020711FE
S31508042E4021374B5A6769625440291505000000006A
S31508042E500102030404040303030303020202020235
S31508042E600201010110410101331E05001C41020142
S31508042E700030B38C0000000038410701BC200AF07A
S31508042E80F8545200055B9840D51E723E263C4852BB
S31508042E90893B4000C00300805C410101FFDD00005E
S31508042EA06C410B0100000040000000000000000017
S31508042EB000000000000000000000000001010000FE
S31508042EC000000000000000000000000000000000F0
S31508042ED0A841010100000000B441010158923EC016
S31508042EE0D041030100005555D0000000040012002B
S31508042EF0E4410E01FFAB000A5CF10F00D341020066
S31508042F0095EDB100197BD80F1208B904EA1B6D1F99
S31508042F10FFAB000A5CF10F00D341020095EDB10046
S31508042F20197BD80F1208B904EA1B6D1F2442030142
S31508042F304000000000000000601800403C42010107
S31508042F40000000004C42010108000304804202010B
S31508042F500000000081000000A0420301FFFF0000FA
S31508042F60FF030000FFFF0000B44201010000000057
S31508042F703043030140002001A0000000085000016E
S31508042F804C43010145C1872FA080020170780300D4
S31508042F90D5C00000A8800111F0010000A880013105
S31508042FA00542CB01AC800111F0010000AC8001316F
S31508042FB005228D00B080010100030002740101029C
S31508042FC069F11B0C7801011200001C00780101321A
S31508042FD01004E0CF80010112790700008001013254
S31508042FE002000000840102020000000050000000F4
S31508042FF0FFFFFFFFFC4F0103DC2C04080C40020012
S31508043000018014007F4000003040040000000000E6
S31508043010000000000000000000000000504001000D
S31508043020000000005C4002000000000000000000F0
S315080430300841040000400000FF4C00000041000065
S31508043040FF4D000020C0011000F8070020C0013021
S315080430501402280124C00110FF00000024C0013016
S315080430600043000044C001002E02000054C00700BB
S31508043070514130000E000DE62A000000080B0C0D25
S315080430800D000000D1B60200C0060000D0C0010041
S3150804309000000000080001010407000018000101EF
S315080430A000000000200001010884000040400601D9
S315080430B000000000000000001000000020F91304BE
S315080430C00702620038700000604017010068010FAB
S315080430D040B824404902F0004108000002000000FC
S315080430E0B0070800A70000002F00000023630000B3
S315080430F09BC34A74F0030F0000800060BE0A0000F8
S315080431000101103050707F7F0000000000000000AD
S31508043110000000000000000000000000000000009D
S31508043120000000000000000010410101331E0500E4
S315080431301C4102010090C28B590B0000384107015B
S3150804314090200AF0F854520000000000B7563512D1
S3150804315000000050803B0000000000005C410101B3
S31508043160001E00006C410B0100148CC0141A21289F
S315080431702E343B42495043557698BA0C28690000C8
S31508043180010100001721286414171A002004C869CD
S31508043190A1203A09A841010129000000B44101010E
S315080431A000002000D041030100000000D000000008
S315080431B000000200E4410E01DE635E36BF6F0700BD
S315080431C06FEA1600E530CE00B2B9D90E4B849404E2
S315080431D05A1FA924DE635E36BF6F07006FEA16001E
S315080431E0E530CE00B2B9D90E4B8494045A1FA924EB
S315080431F0244203012C00000007EE753660180040CF
S315080432003C420101000000004C4201010800000490
S31508043210804202010000000081000000A042030170
S31508043220FFFF0000FF030000FFFF0000B442010196
S31508043230000000003043030140002001A000000004
S31508043240085000014C43010145C1872F9C800301A6
S31508043250EB40020070780300D5C00000A880011175
S31508043260F0010000A88001310542CB01AC800111B0
S31508043270F0010000AC80013105228D00B080010107
S31508043280000300027401010269F11B0C78010112A2
S3150804329000001C00780101321004E0CF80010112FD
S315080432A0790700008001013202000000840102024D
S315080432B00000000050000000FFFFFFFFFC4F010361
S315080432C0342C04080C4002000CB111000041000023
S315080432D0304004002508000000010000FF0000003B
S315080432E041030100504001000B0000005C4002004D
S315080432F00F0D000001010000084104000140000010
S31508043300FF0C000001410000FF0D000020C0011061
S3150804331000F8070020C00130F502280124C0011076
S31508043320FF00000024C001300013000054C0070049
S31508043330512130000E000DE62A0000000405060798
S3150804334008000000D1B6020060050000CCC00200E7
S315080433500100000000000000080001010E1700002B
S3150804336018000101FFFFFFFF200001012083B8EDCB
S3150804337040401F01000050510000A0211000000029
S31508043380000000861FC08100000000200000000025
S315080433900000000300000020000000404902F0007D
S315080433A04008000002000000920008007C4E78AB3A
S315080433B0000000008C000C0000000000DA032A005C
S315080433C000000060000000000102071121374B5A73
S315080433D067696254402915050000000001020304C8
S315080433E004040303030303020202020202010101A5
S315080433F010410201331E0500000000001C410201B1
S315080434000030B38C0000000040410501055B98407C
S31508043410D51E723E263C4852893B4000C0030080B4
S315080434205841020100000000FFDD0000B04102011E
S315080434300000000058923EC0D041030100005555D3
S31508043440D000000004001200E0411401000000004E
S31508043450FFAB000A5CF10F00D341020095EDB10001
S31508043460197BD80F1208B904EA1B6D1FFFAB000AB3
S315080434705CF10F00D341020095EDB100197BD80F1A
S315080434801208B904EA1B6D1F0000000000000000C2
S315080434904000000000000000601800403C420101A2
S315080434A0000000004C4201010800030480420201A6
S315080434B00000000081000000A0420301FFFF000095
S315080434C0FF030000FFFF0000B442010100000000F2
S315080434D03043030140002001A00000000850000109
S315080434E04C43010145C1872FA0800201707803006F
S315080434F0D5C00000A8800111F0010000A8800131A0
S315080435000542CB01AC800111F0010000AC80013109
S3150804351005228D00B0800201000300023700000175
S315080435207401010269F11B0C7801011200001C00E8
S31508043530780101321004E0CF8001011279070000F6
S31508043540800101320200000084010202000000002A
S3150804355050000000FFFFFFFFFC4F0103E02B0408A7
S315080435600C400200018014007F4000003040040033
S315080435700000000000000000000000000000000039
S3150804358050400100000000005C40020000000000FA
S31508043590000000000841040000400000FF4C000041
S315080435A000410000FF4D000020C0011000F807008C
S315080435B020C00130FE01280124C00110FF000000CC
S315080435C024C001300014000054C0070051313000F3
S315080435D0070007E6150000000406060707000000B2
S315080435E088C6020000050000CCC0020001000000E5
S315080435F0A1000000080001010407000018000101E9
S3150804360000000000200001010884000040401F015A
S3150804361000000000000000001000000020FB130456
S3150804362007C242000000000000000000000000037A
S315080436300000002020B802004902F00041080000FA
S3150804364002000000B0070800A70000002F000000D1
S315080436505A02A0089BC34A74F0030F0000000060D6
S31508043660000000000101103050707F7F0000000048
S315080436700000000000000000000000000000000038
S3150804368000000000000000000000000010410201D4
S31508043690731E0500000000001C4102010090C28B45
S315080436A0110100004041050100000000B75635121B
S315080436B000000050803B0000000000005841020151
S315080436C00000000003100000B041020100000000E1
S315080436D000002000D041030100000000D0000000D3
S315080436E000000200E041140100000000DE635E36BB
S315080436F0BF6F07006FEA1600E530CE00B2B9D90EDF
S315080437004B8494045A1FA924DE635E36BF6F0700F0
S315080437106FEA1600E530CE00B2B9D90E4B8494048C
S315080437205A1FA92400000000000000002C00000015
S3150804373007EE7536601800003C42010112010000CC
S315080437404C420101080000048042020101000940BC
S3150804375001081000A04203010000E803000200006B
S3150804376000001000B44201010000C0003043030108
S31508043770400040024001AC0450B000014C43010132
S315080437805D280F2D9C800301EB400200D5C0000084
S31508043790D5C00000A8800111F0010000A8800131FD
S315080437A005228D00AC800111F0010000AC800131C6
S315080437B005228D00B08002013F0000013700000198
S315080437C07401010269F11F0C7801011200001C0042
S315080437D0780101321004E01F800101127907000004
S315080437E0840102020000000048000000FFFFFFFFFA
S315080437F003000000FC4F0103342C04080C400200AB
S315080438000CB11100004100003040040025080000F6
S3150804381000010000FF0000005407010050400100A9
S315080438200B0000005C4002000F0D000001010000BF
S315080438300841040001400000FF0C0000014100009B
S31508043840FF0D000020C0011000F8070020C0013059
S31508043850F502280124C00110FF00000024C001302D
S315080438600013000044C001000000000054C0070013
S31508043870512130000E000DE62A0000000405060753
S3150804388008000000D1B6020060050000D0C001009F
S3150804389000000000080001010E17000018000101CD
S315080438A0FFFFFFFF200001012083B8ED4040060119
S315080438B0000050510000A0211000000000000086FE
S315080438C01FC081000000002060401701000000208E
S315080438D0000000404902F000400800000200000011
S315080438E09200080083B18754000000008C000C0085
S315080438F000000000DA032A0000000060000000004F
S315080439000102071121374B5A676962544029150584
S315080439100000000001020304040403030303030272
S31508043920020202020201010110410101331E0500CF
S315080439301C4102010030B38C000000003841070125
S31508043940BC200AF0F8545200055B98402AE18DC160
S31508043950263C4852893B4000C00300805C41010173
S31508043960FFDD00006C410B01000000400000000070
S315080439700000000000000000000000000000000035
S315080439800101000000000000000000000000000023
S3150804399000000000A841010100000000B441010133
S315080439A058923EC0D041030100005555D00000008E
S315080439B004001200E4410E01FFAB000A5CF10F009B
S315080439C0D341020095EDB100197BD80F1208B9044A
S315080439D0EA1B6D1FFFAB000A5CF10F00D34102001E
S315080439E095EDB100197BD80F1208B904EA1B6D1FAF
S315080439F02442030140000000000000006018004053
S31508043A003C420101000000004C4201010800030485
S31508043A10804202010000000081000000A042030168
S31508043A20FFFF0000FF030000FFFF0000B44201018E
S31508043A30000000003043030140002001A0000000FC
S31508043A40085000014C43010145C1872FA08002019B
S31508043A5070780300D5C00000A8800111F0010000A9
S31508043A60A88001310542CB01AC800111F0010000A8
S31508043A70AC80013105228D00B080010100030002EB
S31508043A807401010269F11B0C7801011200001C0083
S31508043A90780101321004E0CF800101127907000091
S31508043AA080010132020000008401020200000000C5
S31508043AB050000000FFFFFFFFFC4F0103E02B040842
S31508043AC00C400200018014007F40000030400400CE
S31508043AD000000000000000000000000000000000D4
S31508043AE050400100000000005C4002000000000095
S31508043AF0000000000841040000400000FF4C0000DC
S31508043B0000410000FF4D000020C0011000F8070026
S31508043B1020C00130FE01280124C00110FF00000066
S31508043B2024C001300014000044C001000000000055
S31508043B3054C0070051313000070007E6150000009D
S31508043B40040606070700000088C6020000050000F0
S31508043B50D0C00100A100000008000101040700000C
S31508043B60180001010000000020000101088400007B
S31508043B70404006010000000000000000100000009C
S31508043B8020FB130407C2420000000000604017012E
S31508043B900000002020B802004902F0004108000095
S31508043BA002000000B0070800A70000002F0000006C
S31508043BB05A02A0089BC34A74F0030F000000006071
S31508043BC0000000000101103050707F7F00000000E3
S31508043BD000000000000000000000000000000000D3
S31508043BE00000000000000000000000001041010170
S31508043BF0731E05001C4102010090C28B11010000CE
S31508043C0038410701BC200AF0F854520000000000AD
S31508043C10B756351200000050803B00000000000033
S31508043C205C410101031000006C410B0100000040D7
S31508043C300000000000000000000000000000000072
S31508043C400000000001010000000000000000000060
S31508043C500000000000000000A84101010000000067
S31508043C60B441010100002000D04103010000000016
S31508043C70D000000000000200E4410E01DE635E3657
S31508043C80BF6F07006FEA1600E530CE00B2B9D90E49
S31508043C904B8494045A1FA924DE635E36BF6F07005B
S31508043CA06FEA1600E530CE00B2B9D90E4B849404F7
S31508043CB05A1FA924244203012C00000007EE753676
S31508043CC0601800003C420101120100004C42010147
S31508043CD0080000048042020101000940010810009E
S31508043CE0A04203010000E8030002000000001000DF
S31508043CF0B44201010000C000304303014000400201
S31508043D004001AC0450B000014C4301015D280F2D5D
S31508043D109C800301EB400200D5C00000D5C000001A
S31508043D20A8800111F0010000A880013105228D0048
S31508043D30AC800111F0010000AC80013105228D0030
S31508043D40B08001013F0000017401010269F11F0CF2
S31508043D507801011200001C00780101321004E01FEA
S31508043D6080010112790700008401020200000000A4
S31508043D7048000000FFFFFFFF05010000FC4F010398
S31508043D80DC2C040820C0011000F8070020C001300C
S31508043D901402280124C00110FF00000024C00130C9
S31508043DA00043000044C001002E02000068C002005F
S31508043DB0D1B60200C0060000D0C001000000000011
S31508043DC04C40030120F91304070062003870000010
S31508043DD0604002010068010F40B824408040010198
S31508043DE0236300008C40020100800060BE0A0000C4
S31508043DF020410101590B00003841010190200AF0C5
S31508043E005C410101001E00006C410B0100140CC04A
S31508043E10141A21282E343B42495043557698BA0C35
S31508043E2023730000010100001721286414171A00DF
S31508043E302004C87DA1203A09A841010129000000EF
S31508043E403C4201010000000080420201000000001B
S31508043E5081000000A0420301FFFF0000FF030000E9
S31508043E60FFFF0000B44201010000000030430301D3
S31508043E7040002001A0000000085000014C43010145
S31508043E8045C1872FFFFFFFFF05000502FC4F01030D
S31508043E90882C040820C0011000F8070020C001304F
S31508043EA0FE01280124C00110FF00000024C00130CF
S31508043EB00014000044C001000000000068C00200AD
S31508043EC088C6020000050000D0C00100A100000059
S31508043ED04C40030120FB130407C042000000000005
S31508043EE060400201000000280080020080400101B1
S31508043EF05A01A0088C40020100000060000000007E
S31508043F00204101010000000038410101BC200AF0EB
S31508043F105C410101031000006C410B0100000040E4
S31508043F20000000000000000000000000000000007F
S31508043F30000000000101000000000000000000006D
S31508043F400000000000000000A84101010000000074
S31508043F503C420101120100008042020101000940AD
S31508043F6001081000A04203010000E8030002000053
S31508043F7000001000B44201010000C00030430301F0
S31508043F80410040024001AC0450B000014C43010119
S31508043F905D280F2DFFFFFFFF050A0000FC4F0103F4
S31508043FA0882C040820C0011000F8070020C001303E
S31508043FB0FE01280124C00110FF00000024C00130BE
S31508043FC00014000044C001000000000068C002009C
S31508043FD088C6020000050000D0C00100A100000048
S31508043FE04C40030120FB130407C0420000000000F4
S31508043FF060400201000000280080020080400101A0
S315080440005A01A0088C40020100000060000000006C
S31508044010204101010000000038410101BC200AF0DA
S315080440205C410101031000006C410B0100000040D3
S31508044030000000000000000000000000000000006E
S31508044040000000000101000000000000000000005C
S315080440500000000000000000A84101010000000063
S315080440603C4201011201000080420201010009409C
S3150804407001081000A04203010000E8030002000042
S3150804408000001000B44201010000C00030430301DF
S31508044090410040024001B40550B000014C430101FF
S315080440A05D280F2DFFFFFFFF05090000FC4F0103E4
S315080440B0DC2C040820C0011000F8070020C00130D9
S315080440C01402280124C00110FF00000024C0013096
S315080440D00043000044C001002E02000068C002002C
S315080440E0D1B60200C0060000D0C0010000000000DE
S315080440F04C40030120F913040700620038700000DD
S31508044100604002010068010F40B824408040010164
S31508044110236300008C40020100800060BE0A000090
S3150804412020410101590B00003841010190200AF091
S315080441305C410101001E00006C410B0100140CC017
S315080441401A20272E343A41484F56546687A9CB0D70
S31508044150237300000101000017272E6A14171A009A
S315080441602004C87DA1203A09A841010129000000BC
S315080441703C420101000000008042020100000000E8
S3150804418081000000A0420301FFFF0000FF030000B6
S31508044190FFFF0000B44201010000000030430301A0
S315080441A040002001A0000000085000014C43010112
S315080441B045C1872FFFFFFFFFF42F04084063598F7B
S315080441C0404B4C000B000B001A00FF7F4463002091
S315080441D000000000883E040800000000302D040892
S315080441E04063598F404B4C001B001B002A00FF7F7D
S315080441F03C63002000000000F037040800000000BB
S31508044200F42F04084063598F404B4C000B000B00F5
S315080442101A00FF7F4463002000000000883E04085B
S3150804422000000000F43704084063598F404B4C00E3
S315080442301B001B002A00FF7F3C63002000000000CF
S31508044240F037040800000000583504084063598F05
S31508044250404B4C000B000B001A00FF7F4463002000
S3150804426000000000883E040800000000BC32040870
S315080442704063598F404B4C001B001B002A00FF7FEC
S315080442803C63002000000000F0370408000000002A
S315080442902040020000000000000000004040030027
S315080442A00000000000400000A0070003A840010029
S315080442B007000000BC4004000000000000000000E5
S315080442C0000000000000000028C00800EC80B303CA
S315080442D043754051A00F00F800400000A8AA070043
S315080442E000000000000000000000000070C0090083
S315080442F0BA10000000042000041880000B3C2001BA
S31508044300187C10022FFCE0067F0000000000000065
S3150804431000000000A8C00500BD4B721511A31805BE
S3150804432010325476980A000000000000D4C0020037
S3150804433001000A0001002800BC4006010000000034
S31508044340000000000000000000000000000000005B
S3150804435000000000E04001010002000024410701BA
S31508044360FF0483078813C83AFF06660CFF0483070D
S315080443708813FF03BC200AF0F854520064410D0167
S315080443800C010000E853FA00000000400000000099
S31508044390000000000000000000000000000000000B
S315080443A001010000000000000000000000000000F9
S315080443B000000000A4410201000000000000000003
S315080443C0BC4103010000000000003C00699006009F
S315080443D030420201000000000000000044420201CD
S315080443E014000000000000006842010100000000FB
S315080443F0984202013F000002FFFF00003C4304010B
S315080444001F1F1F1F1F1F1F1B18151311100E0D0C1E
S315080444105043020100000000000000001080010162
S315080444200300000038800201F14710000100000073
S315080444309C000102000C0004D8000302050040AAEF
S3150804444088010000C0000000EC000112E00F000023
S31508044450EC0001320C205111F00001022B0100007E
S315080444601001011200FF0F00100101320200003191
S315080444705001011200C0010050010132C100A2001E
S31508044480FFFFFFFFB83A04084063598F404B4C00BE
S315080444900B000B001A00FF7F446300200000000095
S315080444A0883E040800000000F43704084063598F66
S315080444B0404B4C001B001B002A00FF7F3C63002076
S315080444C000000000F0370408000000002040020045
S315080444D00000000000000000404003000000000047
S315080444E000400000A0070003A840010007000000E0
S315080444F0BC400400000000000000000000000000AA
S315080445000000000028C00700EC80B303437540513F
S31508044510A00F00F800400000A8AA07000000000049
S315080445200000000070C00900BA1000000004200052
S31508044530041880000B3C2001187C10022FFCE006AE
S315080445407F0000000000000000000000A8C005006D
S31508044550BD4B721511A3180510325476980A00003B
S3150804456000000000CCC0010001000000D4C0020015
S3150804457001000A000100280058400201000000005A
S3150804458000000003BC400601000000000000000013
S315080445900000000000000000000000000000000009
S315080445A0E04001010002000014410101000000007E
S315080445B024410501FF0483078813C83AFF06660CDD
S315080445C0FF0483078813FF03584101010000000014
S315080445D0644102010C010000E853FA00A4410101F8
S315080445E000000000B041010100000000BC410301C5
S315080445F00000000000003C0069900600E04101014B
S31508044600000000001C420201000000000000000037
S31508044610304202010000000000000000444202018A
S3150804462014000000000000006842010100000000B8
S31508044630984202013F000002FFFF00003C430401C8
S315080446401F1F1F1F1F1F1F1B18151311100E0D0CDC
S315080446505043020100000000000000001080010120
S315080446600300000038800201F14710000100000031
S31508044670B4800101370000019C000102000C00040B
S31508044680D8000302050040AA88010000C000000003
S31508044690EC000112E00F0000EC0001320C2051116D
S315080446A0F00001022B0100001001011200FF0F00A7
S315080446B010010132020000315001011200C001004C
S315080446C050010132C100A200FFFFFFFF7C3D040830
S315080446D04063598F404B4C000B000B001A00FF7FB8
S315080446E04463002000000000783D04080000000030
S315080446F0000000004063598F404B4C000B000B0030
S315080447001A00FF7F4463002000000000883E040866
S31508044710000000000C400200018014007F400000E5
S31508044720204002000000000000000000304007009E
S315080447300000000000000000000000000000000067
S315080447400000000000400000A007000350400100DC
S31508044750000000005C4002000000000000000000A9
S31508044760A840010007000000BC4004000000000047
S3150804477000000000000000000000000008410400DA
S3150804478000400000FF4C000000410000FF4D0000FF
S3150804479020C0011000F8070020C00130FE012801DE
S315080447A024C00110FF00000024C0013000140000DA
S315080447B028C00800EC80B30343754051A00F00F8E5
S315080447C000400000A8AA070000000000000000003E
S315080447D00000000054C0100051313000070007E6FD
S315080447E015000000040606070700000088C6020034
S315080447F000050000BA100000000420000418800018
S315080448000B3C2001187C10022FFCE0067F000000F8
S315080448100000000000000000A8C00500BD4B72158A
S3150804482011A3180510325476980A000000000000F7
S31508044830CCC0040001000000A100000001000A0029
S3150804484001002800080001010407000018000101FE
S3150804485000000000200001010884000040402501F2
S3150804486000000000000000001000000020FB1304F4
S3150804487007C042000000000000000000000000031A
S315080448800000002020B802004902F0004108000098
S3150804489002000000B0070800A7000000000000009E
S315080448A05A02A0089BC34A74F0030F000000006074
S315080448B0000000000101103050707F7F00000000E6
S315080448C000000000000000000000000000000000D6
S315080448D000000000000000000000000000000000C6
S315080448E000000000000000000000000000000000B6
S315080448F000000000E040010100020000104102012E
S31508044900731E0500000000001C410E010090C28BB6
S3150804491011010000FF0483078813C83AFF06660CD2
S31508044920FF0483078813FF03BC200AF0F8545200D7
S3150804493000000000B756351200000050803B000006
S3150804494000000000584102010000000003100000A6
S3150804495064410D010C010000E853FA000000004010
S315080449600000000000000000000000000000000035
S315080449700000000001010000000000000000000023
S315080449800000000000000000A4410201000000002D
S3150804499000000000B04102010000000000002000F1
S315080449A0BC4103010000000000003C0069900600B9
S315080449B0D041030100000000D000000000000200FE
S315080449C0E041160100000000DE635E36BF6F070093
S315080449D06FEA1600E530CE00B2B9D90E4B849404BA
S315080449E05A1FA924DE635E36BF6F07006FEA1600F6
S315080449F0E530CE00B2B9D90E4B8494045A1FA924C3
S31508044A0000000000000000002C00000007EE7536C8
S31508044A106018000000000000000000003C4201018C
S31508044A2012010000444203011400000000000000C3
S31508044A3008000004684201010000000080420201E7
S31508044A400100094001081000984205013F000002D0
S31508044A50FFFF00000000E803000200000000100049
S31508044A60B44201010000C00030430A01400040027C
S31508044A704001AC0450B000011F1F1F1F1F1F1F1B3E
S31508044A8018151311100E0D0C5D280F2D00000000CB
S31508044A9000000000108001010300000038800201B4
S31508044AA0F1471000010000009C800301EB4002005E
S31508044AB0D5C00000D5C00000A8800111F00100008F
S31508044AC0A880013105228D00AC800111F001000097
S31508044AD0AC80013105228D00B08002013F0000013F
S31508044AE0370000019C000102000C0004D8000302F0
S31508044AF0050040AA88010000C0000000EC0001126D
S31508044B00E00F0000EC0001320C205111F000010204
S31508044B102B0100001001011200FF0F0010010132E1
S31508044B20020000315001011200C001005001013297
S31508044B30C100A2007401010269F11F0C7801011277
S31508044B4000001C00780101321004E01F80010112E4
S31508044B5079070000840102020000000048000000F2
S31508044B60FC4F0103E02B0408FFFFFFFF8C3E0408FB
S31508044B704063598F404B4C000B000B001A00FF7F13
S31508044B8044630020000000008A3E04080000000078
S31508044B909C3F04084063598F404B4C000B000B00A4
S31508044BA01A00FF7F4463002000000000983F0408B1
S31508044BB000000000AC4004084063598F404B4C0089
S31508044BC00B000B001A00FF7F44630020000000005E
S31508044BD0A8400408000000000C40020001801400EC
S31508044BE07F40000020400200000000000000000092
S31508044BF0304007000000000000000000000000002C
S31508044C00000000000000000000400000A0070003A8
S31508044C1050400100000000005C4002000000000053
S31508044C2000000000A840010007000000BC40040082
S31508044C300000000000000000000000000000000062
S31508044C400841040000400000FF4C00000041000039
S31508044C50FF4D000028C00700EC80B303437540519C
S31508044C60A00F00F800400000A8AA070000000000F2
S31508044C700000000054C00500513130000E000DE656
S31508044C802A000000080B0C0D0D00000070C0090076
S31508044C90BA10000000042000041880000B3C200110
S31508044CA0187C10022FFCE0067F00000000000000BC
S31508044CB000000000A8C00500BD4B721511A3180515
S31508044CC010325476980A000000000000CCC0010097
S31508044CD001000000D4C0020001000A0001002800F7
S31508044CE00800010104070000180001010000000083
S31508044CF02000010108840000404003010000000070
S31508044D0000000000100000005840020100000000E6
S31508044D1000000003684006014902F000410800004B
S31508044D2002000000B0070800A70000000000000009
S31508044D30844002019BC34A74F0030F009440100197
S31508044D400101103050707F7F000000000000000051
S31508044D500000000000000000000000000000000041
S31508044D600000000000000000000000000000000031
S31508044D700000000000000000000000000000000021
S31508044D80E04001010002000010410201331E050043
S31508044D90000000001C4101010090C28B244105015A
S31508044DA0FF0483078813C83AFF06660CFF048307C3
S31508044DB08813FF033C410601F85452000000000022
S31508044DC0B756351200000050803B00000000000072
S31508044DD05841010100000000644102010C01000071
S31508044DE0E853FA00A441010100000000B0410201A1
S31508044DF00000000000002000BC4103010000000080
S31508044E0000003C0069900600D04103010000000040
S31508044E10D000000000000200E04116010000000076
S31508044E20DE635E36BF6F07006FEA1600E530CE0014
S31508044E30B2B9D90E4B8494045A1FA924DE635E368C
S31508044E40BF6F07006FEA1600E530CE00B2B9D90E77
S31508044E504B8494045A1FA924000000000000000093
S31508044E602C00000007EE75366018004000000000AC
S31508044E700000000044420301140000000000000082
S31508044E80080000046842010100000000984202017B
S31508044E903F000002FFFF00003C4304011F1F1F1FC1
S31508044EA01F1F1F1B18151311100E0D0C504302015A
S31508044EB0000000000000000010800101030000004B
S31508044EC038800201F1471000010000009C800301AC
S31508044ED0EB40020070780300D5C00000A8800111D9
S31508044EE0F0010000A88001310542CB01AC80011114
S31508044EF0F0010000AC80013105228D00B08002016A
S31508044F0000030002370000019C000102000C0004A3
S31508044F10D8000302050040AA88010000C00000006A
S31508044F20EC000112E00F0000EC0001320C205111D4
S31508044F30F00001022B0100001001011200FF0F000E
S31508044F4010010132020000315001011200C00100B3
S31508044F5050010132C100A2007401010269F11B0C5F
S31508044F607801011200001C00780101321004E0CF18
S31508044F708001011279070000800101320200000055
S31508044F80840102020000000050000000FFFFFFFF3A
S31508044F9002000000C017530206140000802FA6045E
S31508044FA005380000A0080000000058090104070697
S31508044FB0100A01040707C80A00040807800B00043E
S31508044FC00808380C000409086108000000008A086B
S31508044FD000000000C709010404032C0B010404049F
S31508044FE0920C010405040000DBD61000DBD6100081
S31508044FF020A1070000000000193F01060410010063
S315080450000001000202000000000500010100000082
S31508045010000000001200000000000000000000006C
S31508045020F84F0408E84F04080000000000000000D8
S3150804503070305E01E80300000102F2003304100335
S3150804504000000000904F0408000000000000000063
S3150804505000000000D0070000000000000000000067
S31508045060000000000000000000000000800808920C
S3150804507040420F00000000000000FF7F4C63002040
S315080450800000000064500408000000000C40020000
S315080450900000000000400000204002000F0000004D
S315080450A00000000030400700000000000000000077
S315080450B0000000000000000000000000004000009E
S315080450C00007000350400100000000005C40020095
S315080450D00000000000000000A840010007000000CE
S315080450E0BC400400000000000000000000000000AE
S315080450F00000000008410400FF4000000000000012
S31508045100FF4100000000000020C0011000F807005D
S3150804511020C001300001280124C00110FF0000004E
S3150804512024C001300013000028C00800EC80B30333
S3150804513043754051A00F00F800400000A8AA0700D4
S3150804514000000000000000000000000054C0100029
S3150804515051213000F400E3E6A354000086B7CFDCFF
S31508045160E300000088C6020040070000BA100000E9
S3150804517000042000041880000B3C2001187C10024F
S315080451802FFCE0067F00000000000000000000007D
S31508045190A8C00500BD4B721511A318051032547624
S315080451A0980A000000000000CCC0040001000000BA
S315080451B00000000001000A0001002800080001019F
S315080451C04407000018000101000000002000010146
S315080451D001A0000040402501000000000000000076
S315080451E0100000009101000001C002060030000012
S315080451F0000000000000000300000020000000007A
S315080452004272060041080000F0070400100000007E
S3150804521000000000000000000000AC0800000000C8
S315080452201C030F00000000600000000000000000DE
S31508045230000000000000000000000000000000005C
S31508045240000000000000000000000000000000004C
S31508045250000000000000000000000000000000003C
S31508045260000000000000000000000000E04001010A
S315080452700002000010410201331E05000000000070
S315080452801C410E010010568B00000000FF04830722
S315080452908813C83AFF06660CFF0483078813FF03BE
S315080452A0BC200AF05633500000000000B7563512E9
S315080452B000000050803B0000000000005841020135
S315080452C0000000000000000064410D010C0100000C
S315080452D0E853FA0000000040000000000000000047
S315080452E000000000000000000000000001010000AA
S315080452F0000000000000000000000000000000009C
S31508045300A44102010000000000000000B0410201AF
S315080453100000000000002000BC410301000000005A
S3150804532000003C0069900600D0410301000000001B
S315080453301000000000000200E04116010000000011
S31508045340E6E7FF0BCDA10A00BD066A005EB04D0074
S315080453507D02420EA5B62202FF25B234E6E7FF0B0C
S31508045360CDA10A00BD066A005EB04D007D02420E5C
S31508045370A5B62202FF25B234000000000000000092
S31508045380050000000000000060180040000000004E
S31508045390000000003C4201010000000044420301F1
S315080453A0140000000000000008000004684201011F
S315080453B00000000080420201000000008100000095
S315080453C0984205013F000002FFFF0000FFFF0000AE
S315080453D0FF030000FFFF0000B442010100000000C3
S315080453E030430A0140002001A000000008500001D3
S315080453F01F1F1F1F1F1F1F1B18151311100E0D0C1F
S3150804540045C1872F0000000000000000108001013C
S315080454100300000038800201330410000100000074
S315080454209C8003010000000070780300D00000008F
S31508045430A8800111F0010000A88001310542CB01C2
S31508045440AC800111F0010000AC800131053EFD007D
S31508045450B080020100030002370000019C0001022B
S31508045460000C0004D8000302050040AA88010000C5
S31508045470C0000000EC000112E00F0000EC0001324D
S315080454800C205151F00001022B01000010010112F9
S3150804549000FF0F0010010132020000315001011211
S315080454A000C0010050010132C100A20074010102CA
S315080454B069F11B0C7801011200001C007801013205
S315080454C01004E0CF8001011279070000800101323F
S315080454D002000000840102020010000050000000CF
S315080454E0FC4F010314500408FFFFFFFF4828040873
S315080454F00000000054250408030000000000000012
S31508045500C0175302EC540408482804080000000095
S31508045510C02504080300000000000000C017530259
S315080455200855040848280408000000002C26040826
S315080455300600000000000000C017530224550408A2
S315080455404828040800000000042704080300000093
S3150804555000000000C01753024055040848280408F0
S315080455600000000070270408030000000000000083
S31508045570C01753025C5504084828040800000000B4
S31508045580DC2704080300000000000000C0175302CB
S3150804559078550408D84B040800000000CC460408D3
S315080455A00100000000000000C017530294550408C7
S315080455B0D84B0408000000006C4B040801000000E6
S315080455C000000000C0175302B05504081447040825
S315080455D000000000F0460408010000000000000076
S315080455E0C0175302CC550408CC4404080000000034
S315080455F0004204080200000000000000C01753021D
S31508045600E8550408CC44040800000000B84104081E
S315080456100200000000000000C017530204560408E4
S31508045620CC44040800000000844404080200000076
S3150804563000000000C01753022056040890420408CC
S3150804564000000000484204080200000000000000B0
S31508045650C01753023C560408D84B0408000000003F
S31508045660B44B04080100000000000000C0175302F0
S3150804567058560408D84B040800000000904B040848
S315080456800100000000000000C01753027456040805
S315080456908C5004080000000068500408010000004B
S315080456A000000000C0175302905604080100202089
S315080456B020202020202020282828282820202020B0
S315080456C02020202020202020202020202020881070
S315080456D010101010101010101010101010100404D0
S315080456E004040404040404041010101010101041D7
S315080456F04141414141010101010101010101010148
S3150804570001010101010101010110101010101042DC
S315080457104242424242020202020202020202020217
S3150804572002020202020202020210101010200000F5
S315080457300000000000000000000000000000000057
S315080457400000000000000000000000000000000047
S315080457500000000000000000000000000000000037
S315080457600000000000000000000000000000000027
S315080457700000000000000000000000000000000017
S315080457800000000000000000000000000000000007
S3150804579000000000000000000000000000000000F7
S315080457A00000000000000000000000000000303186
S315080457B03233343536373839414243444546003066
S315080457C03132333435363738396162636465660095
S315080457D0232D302B2000686C4C00656667454647C8
S315080457E000000000214C0308694C0308154C030803
S315080457F0754C03085D4C0308B5C80308F3C80308C9
S3150804580015C9030837C9030859C90308155C0308E9
S31508045810C55B0308D15B0308C15C03085FCB0308B7
S31508045820EFC40308F3C40308F7C40308FBC4030856
S31508045830FFC4030800000000C0010000A8560020A9
S31508045840FFFFFFFFFFFFFFFFFFFFFFFFFFFFFFFF56
S31508045850FFFFFFFFFFFFFFFFFFFFFFFFFFFFFFFF46
S31508045860000210005C5E0020685800200000020850
S3150804587000000000FFFFFFFFFFFFFFFFFFFFFFFF22
S315080458800000000000000000000000000000000006
S31508045890000000000000000011580308F55703082B
S315080458A0FD970308359A03086599030820C001B8CB
S315080458B000000001000001010001010100010000CF
S315080458C0010202030000000000000000FFFFFFFFC2
S315080458D0FFFFFFFFFFFFFFFFFFFFFFFFC8C8C8C8A2
S315080458E0C8C8C8C8C8C8C8C8030404080808080833
S315080458F000B801B802B800B003040408080500009B
S315080459000000000000000000000000000000000085
S31508045910040008007C0031003B001B00D837000057
S315080459207C030000583B0000040000002C3E0000E5
S3150804593004000000E0320000F8040000543B0000B4
S3150804594004000000283E00000300000000000000D8
S31508045950E03200005C3B000001000000303E00001D
S3150804596037000000593A0000E13200000100000047
S315080459700006800F7047944909684143880B7047AD
S31508045980924800680104C80F704730B50020904952
S315080459900A680023FA24A401521C6568AA4200D3A3
S315080459A022681578AD06AD0E9D40054328009B1D5B
S315080459B01E2BF1D30A6030BD84480168090408D552
S315080459C084490A68824B1A604A68C2618868B14980
S315080459D008607047F3B583B01700C006000E009040
S315080459E01038912833D2FFF7CBFF00282FD0002692
S315080459F0794C01250398FFF7BBFF002802D002283B
S31508045A0003D003E02068284000D001260197734F8D
S31508045A1004980C21615E40180E21615E4018FFF758
S31508045A20AAFF019940183860049800994018FFF7AE
S31508045A30A2FF019940187860C0208001684908606F
S31508045A40300368490860FCF7F3FF9348057005B00E
S31508045A50F0BDFEB5644B654DC02080040290F0206D
S31508045A60000501901869022805D2286801990140A1
S31508045A7002988142F0D089480068C01C88490143CD
S31508045A8088480160884A894C0421A068084204D0E1
S31508045A90187D8006C10F490023E00226304022D033
S31508045AA01869042805D22F6801983840029FB8421D
S31508045AB0F6D0187D0007000F072814D1587D022850
S31508045AC011DD987D8006800E02280CDBD87D0090B7
S31508045AD007460F4207D0C00700D50A21374200D02F
S31508045AE0891D00290BD172486E4908600020186088
S31508045AF0802189026F4B196010602061F7BD481C2C
S31508045B001E69864205D22F68019E3E40029FBE4208
S31508045B10F6D06948405C009020610098C000F821DE
S31508045B20014002D08020C004186064480668012E2B
S31508045B3000D149005960216800291DD159490B68CB
S31508045B402026A65F36039B059B0D33430B6001266F
S31508045B501660022191600099890909D10068002814
S31508045B6001D1182000E01A20225E0098FFF732FFC0
S31508045B70207A000700D42660F7BD4A484C490160DC
S31508045B800021194A1160802292024A4B1A60464A39
S31508045B9011604B4A026142613F4801707047062012
S31508045BA048490860002048490860F0210901474A25
S31508045BB0116080214900464A11600849404A0A6032
S31508045BC04A60354908707047A83E0000C04101A8DC
S31508045BD02C3E0000883E0000A43E0000C84101A8EF
S31508045BE0C06101A8C05101A8C44000A80C0002A8BD
S31508045BF030B581B00400A00314D5304800680028E5
S31508045C0001D1162000E00C20FEF7F2FA3148806E26
S31508045C100007C10F30480170082030490860C003E6
S31508045C20244908602E4D2868000406D5FFF7ADFE02
S31508045C30E861FFF7AAFE17490860A00727D5802060
S31508045C40C0021C490860FCF716FF00281FD0254A25
S31508045C501068C0B2002802D00621234B19608109B6
S31508045C6015D01C490B68012BFBD949680905090D90
S31508045C70091DC900114B1B68012B00D14908002BCB
S31508045C8001D1182300E01A23D25EFFF7A3FE01B060
S31508045C9030BD00005C4201A8663E0000204000A812
S31508045CA000F0FF3FB84101A8044003A89C3E000049
S31508045CB0FFF3FF3F106001A8D84000A86C3F00001E
S31508045CC0FFFF0300006401A8504000A80C6000A868
S31508045CD00C5000A81C4000A85C3B0000846000A887
S31508045CE0C04101A8A03E0000005401A870B50822CE
S31508045CF0814B1A60FB239B011B68DC0302D5002039
S31508045D00088070BD0C880019401E00787B4DA87069
S31508045D10641C0C8045076D0F052D05D8784E36682A
S31508045D20F60603D5022D0DD0032070BD9604AE40A9
S31508045D301E4001D1082070BD052D03D1104201D1A2
S31508045D40641E0C80A9484860002070BDF3B582B073
S31508045D5008886C490978491CC9B2814204D2029957
S31508045D600918491E097800E00021644A517093789D
S31508045D705B075B0F01933023019C052C28D119423C
S31508045D8033D19478E5081E242C40CD0702D5250086
S31508045D9001242C430125A14EE6402E4073D0019FD1
S31508045DA09F4EE641402426403E434C0602D5340025
S31508045DB020262643947889080D40A7080C213940E3
S31508045DC02943C02525400D43202129439670517047
S31508045DD0FB2189010C685578022123262E4008D018
S31508045DE0660302D52B40202B01D0052082E0424BC6
S31508045DF0196093789B0601D4202203E0927812074F
S31508045E0002D540223C4B1A603C4A92786B461A707B
S31508045E10C022844B1E680E4001D1154212D06E462C
S31508045E20377827263E40232E03D1E60207D40126D7
S31508045E3006E0252E03D0212E04D1260302D50426F6
S31508045E402D4F3E601B6819402026019F002F1CD148
S31508045E501E4027D0294B5B781A40402A13D00C22BF
S31508045E601A40042A0FD02A073BD40122002902D05B
S31508045E70E100CB0F5A4069460978CB07DB0F1A4273
S31508045E802FD021012AD4072034E0022FE2D11E4064
S31508045E9008D00029DED1CC232B4003D16B461B78CE
S31508045EA05B0601D5032025E0A30311D59C4E73692F
S31508045EB01B051B0D5B1C3668F60205D5994E36681C
S31508045EC03607B60F9B1B5B1E9BB2052B04D1C1E795
S31508045ED0029B1B78052BBDD006200BE08021064AC1
S31508045EE01160E90702D4401C03990880AB4803995A
S31508045EF04860002004B0F0BD4C1002A8283E0000FB
S31508045F00480002A8443E0000F2B587494978CA0702
S31508045F1005D4009A12888018401E037800E00023EE
S31508045F20FB229201106802249D4D2E68F60611D5AF
S31508045F3012695340DBB2002B03D16E68D309734050
S31508045F402340002B03D0020204D40A20F2BDE20641
S31508045F50944E3260744A1E02C0230B403343914E5A
S31508045F60336093785E07760F022E06D16D682C404F
S31508045F7003D1002000990880F2BDA0250D409E0893
S31508045F80102737402F433D090E0702D42E0010254B
S31508045F903543CC240C401A262E400A2E04D1CC2C88
S31508045FA002D02E00FD2535407F4EEE40F60705D477
S31508045FB0000416D5412B10D1082912D17B48E84094
S31508045FC01121014021432020084310700D2101406E
S31508045FD0009808D000F0AAF8F2BD0B2B01D10029CD
S31508045FE0ECD00720F2BD00F01FF8F2BD41330000E3
S31508045FF038B50C006E490B781A09533995004919B6
S3150804600025881B071B0FEB1A9A1A8018FEF78EFDB4
S31508046010010002D1200000F007F832BDF300A3E323
S31508046020981440684C0002A8F8B50400614805684D
S315080460303D4F3878D026304202D00D21014005D094
S3150804604008205D490860EF20FEF72DFD3978200009
S31508046050314204D00909397000F068F8F2BD052107
S31508046060294020D00288FB218901CA60534BEC07DA
S3150804607005D5521C0280690607D4514B05E0432412
S315080460802C40422C03D1521C028043600DE010229E
S31508046090494B1A604B4A09688B00DB0F19011163D7
S315080460A0802109031160002101800020F2BD0A88BD
S315080460B08018401E0078830601D4121D0A8018220F
S315080460C0024004D0088852088018C01E088039483F
S315080460D00068C00702D50888401C0880384848600C
S315080460E000207047334A1368DB0708D512689207FD
S315080460F005D40A888018401E007804280DD110207B
S315080461002D4A10602F48FB22920112689300DB0F78
S315080461101A01026380221203026000200880704775
S315080461200C4000A8080001A8283E000031B581B03B
S315080461302549002000900822244B1D7802230C24AC
S31508046140254202D10022224903E02C40082C00D122
S315080461500222EC0703D50C001E21614000931D4260
S3150804616007D014490968090601D51A4901E000212E
S31508046170C943019B184C21601849FF248C70009C64
S3150804618015012543CD7008701888009940188018A1
S31508046190188013485860002036BD0000FD340000FE
S315080461A0480002A8481002A80D0F0C0D071708503E
S315080461B04B3F00004C0002A84C2002A8A33600005E
S315080461C0D93600001C1002A8DE1B2501283E000053
S315080461D02084100000FCFF01F43E0000483F000044
S315080461E0E5350000283E0000AD320000C532000047
S315080461F0C5320000C5320000C5320000C5320000B1
S31508046200000000000000000000000000000000007C
S31508046210C5320000C5320000C5320000092A000054
S31508046220C53200003B2B00004B2B0000772C0000E6
S31508046230D92C0000892D0000192F0000B92D000063
S31508046240C52F0000152E0000612E0000D92E00006F
S3150804625019310000F53100000D2B00000F2700004E
S31508046260BD220000C5320000B9270000C53200006F
S31508046270DD280000A5280000C5320000C53200004C
S315080462801D290000C5320000C5320000C5320000D1
S31508046290C5320000C5320000C53200001D120000D8
S315080462A00D12000000000000000400080214021881
S315080462B0032400004B488068000200D4704780B568
S315080462C080208002AC490860CF2000F071FA01BD35
S315080462D0F8B58B49886B8B4C802292032260FB2687
S315080462E0B60133681B0520D5130BA025054002D13A
S315080462F00968C90601D5236017E002403FD1802703
S3150804630081490F6081490F60184038D0354D287A85
S31508046310400705D501207E49086000027D490860CA
S315080463202878002801D0062801DB0020F2BD00F0F9
S31508046330A5FB716889684E682978052907D1B905C6
S31508046340A1606E60B668CC218901724A116000F0BA
S315080463509EFB012E00DA0226BC20800587490860C8
S31508046360942080058649086067480021C94301646A
S315080463707142416483490F6040210160D5E7824830
S315080463800360FFF797FF0120F2BDB4480168890549
S3150804639004D5C06E0004000F022801D000207047FF
S315080463A00120704738B580245748046000F066FB1E
S315080463B005007648006800F071F9280000F067FBCC
S315080463C0FFF778FF0748007A000705D5A0004D496E
S315080463D0086000F068FC31BD60036B490860AE488C
S315080463E0046031BD303E0000FEB50500CC208001B6
S315080463F067494860012667480660FFF7C6FF002814
S315080464007DD0654C2078002879D03102019505287D
S3150804641002D02A460A4072D1CC27BF015C4A1760CB
S315080464208F4A126881231B02134001D0032301E01B
S3150804643053075B0F022805D1022B5ED308013549A1
S315080464400860F7BD4D01032804D1022B55D93148FC
S315080464500560F7BD042802D111404ED0F7BD0528C2
S315080464604BD10198002848D0C005C10F6846417031
S315080464700198C004C10F6846017000F0FFFA029043
S31508046480606869464978002903D0066880211F4A4E
S3150804649011602C0488496A461278002A0CD0C2680E
S315080464A00B68D21A854B1B68234001D0066800E0A6
S315080464B04668964200DD1600684640786A461278B1
S315080464C0024308D008684242B01E824202DA704289
S315080464D0886000E00026029800F0D9FA0198800541
S315080464E001D5774804600198054001D075480460D1
S315080464F0002E02D007480760F7BDFFF753FFF7BD24
S315080465000C0002A8442002A80CC001A890E001A827
S31508046510C4D000A8145001A838B58024944804604F
S3150804652001201C4908601C4D2878052802D0600003
S3150804653090490860FFF729FF002812D0134800681D
S31508046540000A80214140A868000EC9B2814208D2D7
S31508046550434800684007400F022802D2FFF722FF8B
S3150804656031BD85480168C0220A4002D1C06F204067
S3150804657001D00448046031BD1C1002A808E001A833
S3150804658008D001A894D001A8441002A818C000A8ED
S31508046590106001A8C4E000A8303E0000F1B582B03E
S315080465A00F00A020384003D175480068C00603D5FB
S315080465B08020800073494DE000F060FA00906F482F
S315080465C00468F80202D5A0680069029000F0CDFBC1
S315080465D080210903606800F0A3F926780020761C58
S315080465E06178B14200D200261821714365180C352A
S315080465F029780829F3DA2670A56063492A780A7087
S31508046600BA0507D55D4800688068C068FA0201D4EF
S315080466100322904388600127384003D100F0B0FC78
S3150804662001F092F8F904686900F07AF93C2000F060
S31508046630BFF8F0B200F0BCF86088544901406180A4
S31508046640009800F024FA38054E4908605048076057
S315080466503802504908600298FEBD0000440002A8AA
S31508046660184001A810B54C480068800501D4FE20DE
S3150804667010BDC02080034949086000F0FFF93F496E
S3150804668009688A78D20702D589688C7800E00C787C
S3150804669000F0FDF9200010BD100002A8374909686A
S315080466A08A688B78DB0704D5927818235A438A18A4
S315080466B00C3290607047000048C001A84C0002A83C
S315080466C04C1002A84C2002A8F1B582B034480468DC
S315080466D00027200F000702D1E001029038E00126C6
S315080466E030480068304001D101F02EF800F0C6F9B0
S315080466F00190F104606800F013F925786D1C607840
S31508046700A84200D20025E80020180C300090006842
S315080467100290F1040098406800F002F921480068E4
S31508046720304002D01E20204908603D2000F040F881
S31508046730E8B200F03DF825700098A060019800F0D2
S31508046740A6F918480068064002D102A801F056F8CE
S3150804675016480068800408D51148C06901F01FFD71
S3150804676002990818029000D502970298FEBD000007
S3150804677094E001A8146001A814C001A8C43E00004E
S315080467800C0002A8442002A8303E0000FEFF0000C8
S31508046790C0E000A8106001A8440002A8441002A89A
S315080467A0C83E0000784000A8841102A8FC0302A889
S315080467B04F490968002901D54E4908607047F3B561
S315080467C081B04D4FB8684D4C410062D50125000192
S315080467D000D521254A4908684A68160021688B06A7
S315080467E09B0E802149001943009180210D2A05D06A
S315080467F00F2A03D0102A01D0112A09D1FB229201AB
S3150804680012680A4004D03F4A12681B2A00D30E4372
S315080468106A461279009B9C463B689B00194063466E
S3150804682019430091110023D0910601D5012008E0EF
S31508046830F021014007D16946097A0C220A4002D0A0
S31508046840022000F03FF83049096809040AD5396876
S31508046850090701D5022605E03968490301D500264A
S3150804686000E003264835009A28490968890003E0A8
S31508046870009A2649896B09094023194011439A004D
S31508046880002E02D016432666083521660243226680
S315080468902566E06D4407640F00F0DAF8A0070BD00C
S315080468A0052C09D0B868000406D400F0E7F80221DC
S315080468B0174A116000F0EBF800F0D3F8002000F056
S315080468C001F8F7BD0E490A68F0239A4300011043FC
S315080468D00860C0B270478020C0020E49096889075B
S315080468E001D10D4900E00D49086070470000000019
S315080468F0500002A8884000A8480002A8284000A81A
S31508046900683F0000448001A8684101A8184001A80E
S3150804691014D50350844000A8486000A8485000A82D
S3150804692080B56F4A116001F065FCFFF7D4FF01BD1D
S31508046930FEB5FB25AD012878000604D5287F002876
S3150804694001D0182400E0462400F098F8029065481F
S31508046950C0684005C20DD52A01D2D52204E0D1204B
S315080469604000824200D90200100001005E4B0193E8
S315080469702B6B5B011DD55D4B00931D1D5C4E367854
S3150804698006277E43AA530025019B1B7CEB40DB07A5
S315080469900CD5009B06266E439B199B888FB2BB4277
S315080469A000D2190086B29E4200D218006D1C022D30
S315080469B0EAD389B2091909044E4B0B40001BC005DA
S315080469C0C00D184347490860C02000064A490860B4
S315080469D04548017D00290CD04849D52A02D9802387
S315080469E0DB050B60D1235B009A4202D280231B0687
S315080469F00B600021424B19604188002900D10280AE
S31508046A00029800F044F800F049FDF7BD80B53D480A
S31508046A103D4908603D48C1680902090A19225143DB
S31508046A20416005210160FFF783FF01BD80B5FB20A6
S31508046A3080010178090604D5007F002801D0FFF7F4
S31508046A4077FF32480068C00301D5FFF771FF01BD1F
S31508046A508020C002224908602D4800684007FBD4FC
S31508046A6070478020C0022B490860704701E02A4914
S31508046A7008602A4909680140F9D17047284800681E
S31508046A802021284A11601021274A116070473021B5
S31508046A90014002D110202349086070472048006845
S31508046AA030210140102901D1012070470020704788
S31508046AB01E4801210160C160704701201C49086015
S31508046AC070471C4800780621014007D01A48006818
S31508046AD0022803D0032801D00120704700207047FC
S31508046AE0441002A87C400050743F0000543E000045
S31508046AF0503E00000000FF01A0600050A450005062
S31508046B0018E000E07F1A0601540002A810E000E02D
S31508046B10440002A8442002A8282002A8280002A8A3
S31508046B20600002A8602002A8601002A8789001A854
S31508046B3084A001A8A43E00006C3F0000F8B55C4898
S31508046B4080214902C16102215A4A516000215A4AE8
S31508046B50D1625A4A11800321564A11600221016002
S31508046B60574DCC01A868204010D053480068F0213E
S31508046B700905014090200005814207D002205149A9
S31508046B800860012001F05AFB4F48046020204F4951
S31508046B90086080204E490860CC2080014D49086071
S31508046BA001244D480460286800900004070F4B48E8
S31508046BB00068C505ED0D103DC0202843C0B2FFF797
S31508046BC0F7FD3D48C06B800309D5092F07D0FFF7A9
S31508046BD078FF002801D003F008F801F05DF9404871
S31508046BE00668032D41D000980007000F009003287B
S31508046BF003D0022806D1032F37D000F041FA0098B3
S31508046C00032803D0062F30D1062D2ED03548006828
S31508046C10C00B204001D001F043FC33480068000152
S31508046C2008D5052D06D10125304804606005FFF70F
S31508046C301DFF00E000253100380000F05BFA06006D
S31508046C40002D06D000F0E2FB2948046002202949F9
S31508046C500860600526494865800927490860FFF7E2
S31508046C6030FF002801D002F0AEFF12482104016269
S31508046C70002F08D10221416000200F49C863C020B3
S31508046C80C000144948643000F2BD80B5FFF7E0FE41
S31508046C90FB2080010078800602D402201749086088
S31508046CA0FFF7DFFE01BD02201549086070470000A2
S31508046CB02C1002A8282002A80C0002A8603E000096
S31508046CC0B00002A86C1102A8B82002A894E001A892
S31508046CD00CC001A8146001A8C4E000A804ED00E0F3
S31508046CE0B44000A800E200E0F03E0000645000A8AA
S31508046CF0646000A82C4000A880E200E0081002A8FE
S31508046D00082002A8F8B55C48046804275B4DBE0150
S31508046D10A0070FD55A4A0120E021C90093680B4001
S31508046D2002D02E602F6128611268114002D02E60AD
S31508046D30AF60A860FFF7A2FE210506D52E602F6175
S31508046D40B8490D220A600F220A60FFF7A0FEF1BDBA
S31508046D5080B5FFF793FE874901228A600A600021FD
S31508046D60B14A1160FFF793FE01BD10B501208249AF
S31508046D708A680240FCD1C04A042313610C680440A3
S31508046D80FCD193600002106010BD7C49086801229A
S31508046D90104200D1704710B5E023DB000340FF24FE
S31508046DA0A41CA34207D3B54B9C6BA40602D41B6848
S31508046DB0DB0600D54868024001D000F023F910BD6F
S31508046DC0F8B504008B4D28683F2188438A49097819
S31508046DD001432960FFF7D9FFC820A862062087491E
S31508046DE00860802040038649086080098F49086046
S31508046DF020688F4DAF68874200D30700C01B206008
S31508046E000121200000F0A6FB06002068C0192060B6
S31508046E10FFF778FF874800682860002E11D1864856
S31508046E20102141620821854A12680A4001D001608E
S31508046E3000E0416094490968490002D58021490166
S31508046E4041623000F2BDFB2080010178090610D5A5
S31508046E50007F00280DD08948C16BC90609D4816B07
S31508046E60A0220A4005D10068C006C10F0120484087
S31508046E707047002070470000500002A8881102A835
S31508046E80900102A880B5FFF7DEFF002803D0002191
S31508046E90042001F099FB01BDF1B57C487C49C86022
S31508046EA0EE20C00408607B487B490860FFF7CBFFE7
S31508046EB0002803D00021042001F086FB774C8020AB
S31508046EC0C00120600827764887650125704845640F
S31508046ED01D2073498862734E9B204000B0610720C9
S31508046EE001F0ACF902206E49886254490A68D20650
S31508046EF003D56B496C4A0A6008E00F2209683940D1
S31508046F0002D03100103101E0310014310A606749BA
S31508046F100968002900D4B76165493160C021C900F0
S31508046F20644A1268F823DB01134001D1F16201E0D7
S31508046F30574A9165216C294008D0616BC90705D465
S31508046F405D490968084001D101F05CFB0020C04393
S31508046F505A490860606B054001D1FFF7D3FE0098D3
S31508046F6001F05AF9606B8001FCD4606A54490860E0
S31508046F70F1BD0000902102A8940102A8783F000000
S31508046F8010B5FB2080010178090606D5007F002884
S31508046F9003D00021052001F017FB164801683F229B
S31508046FA09143484A12780A4302603C4C606BC00716
S31508046FB001D4FFF7CDFE444997204000086010200D
S31508046FC008604248E32212018266414ACA610021E6
S31508046FD0404A11600F210822184B1B68134001D040
S31508046FE0816700E0C1670321016002631003206022
S31508046FF010BD00002C8001A8623E00000C9001A878
S31508047000982002A8F0210901334A11600140334847
S315080470100160202032490860324909680840B949A4
S315080470200860704700100C5000000C50A41002A809
S31508047030A03F0000340002A8601102A8FC0302A8BD
S3150804704029482A4982680A4002D1C268114001D0F7
S315080470501049016013480821AB4A13680B4000D055
S3150804706081611178C90602D58C21090101601420B1
S31508047070A6490860CBE10000882102A80C0002A8F2
S315080470800448054908607047EC0002A8000FFF0091
S31508047090242102A801200000706201A8100002A899
S315080470A0C01002A8501102A8BD03000028C000A8F9
S315080470B0302E0000A88001A8383E0000B46000A85D
S315080470C09C3F0000633E0000682102A8E82002A84D
S315080470D010100000C00002A8586001A8585001A862
S315080470E0482002A8184001A8704201A80080008020
S315080470F070470000F8B586B005000C00844800689F
S31508047100400102D52000402404438248C66AFFF79A
S31508047110B5FC0590B00503D57F480068FFF7BEFAAD
S315080471200020019001237006C00F02907B4A9168E3
S3150804713000209060B8204000794E30606608B82078
S3150804714030401278F0261640402E02D10200402024
S3150804715010430D2D02D10A00042111434A0704D510
S3150804716002001420104310229443A44A12686D4660
S315080471702B70D20506D5802252009C4B1A60020059
S3150804718001201043029A002A11D10C220240082A2F
S315080471900DD002005F4B9B6BDD0601D41025AA4374
S315080471A09B0601D420239A43B12313404FD06A4641
S315080471B01278002A4ED0994A956B966D01236D076D
S315080471C06D0FAD1DAB40F504ED0C5B1B9BB2082B94
S315080471D009D2802006234F4D2B604302904D2B6025
S315080471E000236D462B708123034036D00823029D65
S315080471F0002D00D113620D000821294310239C4356
S3150804720004231D05874E3560DD04874E35606D46BB
S315080472102D78002D1ED0062B25D33D4DEE6CF60693
S3150804722021D5824E3668360E01966D69ADB27F4E0B
S31508047230F66B360603D02E0080256D01354315619D
S315080472402D1215616D4A1268D50592D40BE00822F1
S31508047250724B1A620491009032E000BF87A3450678
S31508047260ED0E5B5DD3E7049100902A48026B6F49E3
S3150804727009686A4D2E686F463E81282616401E43C5
S31508047280930CDB0133431600120E324010263240AB
S315080472901A43890040231940114302AA9170406B8E
S315080472A0000A02A9C870FFF7DDF902A90871019856
S315080472B048715F480068C8800298E8660398E866DB
S315080472C00598FFF7E4FB0825600601D5554885604F
S315080472D0FFF7F7FB002805D056480078002801D0A8
S315080472E0554805600498C1B20098C0B2FFF767FA1A
S315080472F0200007B0F0BD081A03D25049096840189F
S31508047300401C7047481002A8F84F0000703F000060
S31508047310084000A8180002A81CC000A8683F00007E
S31508047320B46000A8F8B5464E0F2401254549102730
S31508047330B06B38401BD001200870434800684349A5
S315080473400968FFF7D8FF42490968401801284BDB4A
S3150804735001F000FA3F490968090B0C40022C41D197
S3150804736069053D4A11603D490F6435603AE0306C61
S31508047370C0001ED53A480068E0218905014033D08B
S31508047380344D286821030140780281422CD1FFF745
S3150804739075FB344A34490968C90502D5334909686D
S315080473A011602968090B21400229F3D0FFF76FFB06
S315080473B0F1BD2F4E3068002816D00D7000F02CFF52
S315080473C0002811D101F0C6F922490968090B0C40B5
S315080473D0022C07D12904204A116002211F4A116090
S315080473E00021316001F0BAF9F1BD00001C2100AAA0
S315080473F0802080041F490860704700001C0100AA09
S31508047400802040041B4908607047000000BF1A48E2
S315080474100168490701D0FF2141617047540000AA59
S31508047420141100AA441002A84C5001A8184001A837
S31508047430448001A85C3B0000845000A838C001A819
S31508047440100002A8653E00001CC101A820C001A8BE
S31508047450E03E0000B00002A81C1002A8082002A8FA
S315080474604C4001A8800000AA084000A8904000A843
S315080474703C3E00003C2002A80C4000A80301070675
S3150804748003010706050106060501060603020706A3
S315080474900302070605020606050206067047FF28C4
S315080474A007D0032805D2BC490978C140C807C00FCC
S315080474B07047002070470000F0B5802000020821BC
S315080474C09E4A11600A2301219D4A01249C400443D3
S315080474D0C4A5ED5C25439560F0259A4E3560974D15
S315080474E0C3A6F65C022737432F6004262E60AB4DED
S315080474F02D680D4006D1CD026D1E03D0966C360359
S31508047500FAD401E00220F0BD956CD66C6D036D0BC0
S31508047510AE4200D220005B1ED7D50823894C2360CF
S3150804752090609F4B1B685B0112D59E4C63785D1C6B
S3150804753001262E4066701D000626754365191268D5
S31508047540AA80E88023709448027899401143017010
S315080475500020F0BDF1B582B0FFF7FAFBFB208001ED
S31508047560006B400101D401241DE08F48826B002082
S315080475708C49C3B206246343CB189B8894B2A342AE
S3150804758004D0401CC3B2022BF3D3FF200870012495
S31508047590FB208001006B400105D50878FFF77FFFC3
S315080475A0002800D00024FB208001007800060AD5B4
S315080475B0FB208001007F002805D0FB208001407F46
S315080475C0002800D10124794DE869019078480068BB
S315080475D0E861784E02980068316D4718012F16DB6A
S315080475E000F091FD3060C001381A01280FDBFFF75F
S315080475F0BCFB00F0A9F802980068316D401800F049
S315080476000BFE002803D00021029A116010E06A4F8D
S31508047610C020C00038602868072832D005210840F1
S31508047620052808D029600C2000F008FE002802D09E
S315080476300199E961FEBD614EFF207A30706204202B
S31508047640B062FFF792FB02203060E020C0045C4978
S31508047650486080208004786002203860012000F0A9
S31508047660EDFD802080007062022000F0E7FD802096
S31508047670C00070620820B062022000F0DFFD02201C
S31508047680B062504EE02040003060042000F0D6FD81
S3150804769007003FD102204A4908608002B062C0014F
S315080476A0B0621020404908600120F0654648006829
S315080476B040061CD4FB208001006B400113D53948D1
S315080476C000786946087068460078FFF7E8FE0028DF
S315080476D009D0344869460978062251434018C088B7
S315080476E03149086403E0FFF7E7FE070012D12E4884
S315080476F0012101600021C167022000F09FFD334E7D
S3150804770040203060C0303060022000F097FD8120B0
S31508047710C002B062002C05D02B480068800101D451
S31508047720FFF784F9E869E021490301400198284AEA
S3150804773002400A43EA613800FEBD0000889001A8A9
S31508047740448001A888A001A838B5FFF701FBFFF714
S315080477500CFB0224144804601E4D0820A862C001CC
S315080477606862012000F06AFD200268622C60062027
S31508047770A86219486862E020400014490860104865
S3150804778004600021094A1160C021C9000160134838
S3150804779000681349086031BD843F0000140002A83C
S315080477A0F03E0000503E00000C8001A85C0102A8CF
S315080477B0F80302A88C3F0000981002A85C1102A8DE
S315080477C0982002A82C9001A8500002A82CA001A871
S315080477D0FFFFE3FF5C2102A8F9610000340002A858
S315080477E0943F000000000001010204081020200054
S315080477F050505040404040302020200070B50600CC
S31508047800FFF7B3FAC020C00019490968F822D20163
S315080478100A4001D1174900E0174908601748AC2106
S31508047820490081640A2101601548802149030160E1
S315080478308909C160134C6069AF21C90145183068CC
S31508047840854200D30500401B306000213000FFF755
S3150804785081FE3168491931600B490968216070BD98
S315080478608020000109490860000109490860704739
S31508047870AC8001A87C1102A87C2102A80C8001A86E
S31508047880981002A8903F0000340002A8441002A8E9
S31508047890685000A8F1B584B0B94800680190B948A1
S315080478A0806BAF21C90140180499884205D2081A89
S315080478B000F0B2FC002800D04BE2B34D6868C0075C
S315080478C000D546E20420B149C8628003B0498862FB
S315080478D0FB2080010468A86B8607B60F032E03D025
S315080478E01020AA49C86223E0802080028862E96BD6
S315080478F0890601D5012062E0210610D5EA6B02212A
S315080479000A400CD1C34A05231360EB6B10273B408E
S315080479101943116000211160A96B090A1160042139
S315080479209B4AD162E96B002902D5984988620026E8
S3150804793020060ED5FB208001007F002809D02020D0
S315080479409249C862C8480068202108409049C8621C
S315080479500EE0A86B400705D5A86BC0008021490036
S31508047960084003E087480069C10701D5FFF74AFBC9
S31508047970E00708D5CC48B1014018006AC004C00C19
S31508047980401ECA490860CA480168090404D5806FBC
S31508047990C00F0121414000E00021C648C0229200E0
S315080479A002603202002902D0C021890000E01100D9
S315080479B0C14B1960C021890041605A600020296CB6
S315080479C0942292050A40140000D001248026360227
S315080479D0204300062FD0FB2080013021405CC021C3
S315080479E00140402902D1FFF750F901E0FFF75BF99E
S315080479F020202860240600D1ABE1A86B400709D5EE
S31508047A007008634988620220AC49086000F092FA5B
S31508047A10002807D004205D49C86240025C49886290
S31508047A20A6480660FB2080010078000600D490E191
S31508047A303001564935E16868C00700D589E1B000C8
S31508047A405349C862FFF704F89848406E296C3140D8
S31508047A5008D1C00606D5FFF711F80221C94A1160F4
S31508047A60FFF715F8FEF7FDFFF0082860BA4CC027A3
S31508047A703F066760A86B4007C10F68460170EE2091
S31508047A80C0040199C90700D484E0BF4908603009D5
S31508047A90E0610320BD490864FE20C003486442200F
S31508047AA04860A02020600820B94908660420AB492C
S31508047AB00860286CC00238D5B6484068010C0391A2
S31508047AC0B5490004C00B085A0290039810282CD311
S31508047AD02C480189E72928D3018995225200914225
S31508047AE006D8029B511A09094B43990A4A4205E0EA
S31508047AF0029AAA4BC91809094A43920A52B2039927
S31508047B008918836B9C46436C5A4363469A18826366
S31508047B106F2901D36F2102E00F2900D20F21080231
S31508047B200843090401439E48016097489D498164B6
S31508047B30B90C61600221964A5167B90D8160F0213A
S31508047B4009014165F00920610A2000F077FB6760A6
S31508047B50822040022066012000F070FB012060604C
S31508047B60062000F06BFB6660082000F067FB300116
S31508047B70606080006060032000F060FB700045E0F0
S31508047B80FC0302A86C3F0000100002A81C2002A8EF
S31508047B901C1002A8019949073ED57B4908607C4E0A
S31508047BA08220C004F06680208000E061C001B066CF
S31508047BB0B80C88647C4860600A2000F03FFB73496F
S31508047BC00020086408604860A02020600820306609
S31508047BD0022070670A2000F031FB6760734820664C
S31508047BE0012000F02BFB062000F028FB082060602B
S31508047BF0062000F023FBF80D6060082000F01EFB49
S31508047C0060206060032000F019FB022053490860D5
S31508047C1007E000BFE40000AA654A4021002001F0FD
S31508047C2007F864480021C943C1630121FB22920174
S31508047C30127812061AD5AA6B520717D4904A1268F4
S31508047C400D2A05D00F2A03D0102A01D0112A0DD1E6
S31508047C50054A926B520509D58A4A12681B2A05D227
S31508047C6016480161C16402E0184001A8016000F0E9
S31508047C704AFA834E401DC001B16B47188020C001E3
S31508047C808149496F014002918049086004988742F6
S31508047C9017D2B16B401A00F0BFFA002810D0029828
S31508047CA07B49086055E000BF0C0000AA204000A8E4
S31508047CB0684101A8086100A8085100A8685000A8EE
S31508047CC0049F0198400702D58020800000E071488F
S31508047CD06060012000F0B2FA686A70638020400090
S31508047CE02B490860380000F097FAFB24A40168467B
S31508047CF00078002806D16448006860628020C003C2
S31508047D008B4908600298624908601F480199490727
S31508047D1004D5802189008164224903E00221816413
S31508047D20C02189018164686AF0626846007800287F
S31508047D3009D0012000F082FA2078000603D58020B5
S31508047D4000038F490860286CC00202D511480068F0
S31508047D50B06305B0F0BD0000681102A8C82102A8E6
S31508047D6080B5FEF78BFE8B4900220A600A22CA6197
S31508047D70FEF78DFE8848C021890201608749416063
S31508047D8001BD000014E50350242102A8600102A8DD
S31508047D90B81002A8F83F0000C0000000D6FEFFFF96
S31508047DA0DC4001A8040400000404400002040000A6
S31508047DB011070000786000A87948806B800300D416
S31508047DC07047F8B5774807680024002001252F4234
S31508047DD002D0C020800102E0790700D572487349B1
S31508047DE002220A600864082071490860714800681C
S31508047DF0C00403D4704800680007FBD56F4E2548B5
S31508047E007065042000F01AFA8820C00470653D40A5
S31508047E1007D0A02080037065012000F00FFA684897
S31508047E2008E06020706580204002B060012000F000
S31508047E3005FA64487065644D2C606C60C0200006C1
S31508047E407065C00C61490860012000F0F7F9F0205C
S31508047E500001F0665E480460862040025D490860B9
S31508047E605D48706508203060A02030652C646C6419
S31508047E70802080014A490860000158490860F1BD1C
S31508047E806C3F0000448001A820C001A894E001A822
S31508047E9094D001A802400000F8B5514800680D25A1
S31508047EA0054008200424002D01D1042504E00921F5
S31508047EB02940092900D145404A49102706034A4A58
S31508047EC04A4B1B682340126814D04A60284004D0E1
S31508047ED00220FEF7F7FC464806602C4007D04548C2
S31508047EE00068074343480760B00841490860022010
S31508047EF0414915E00A60284005D00220FEF7E2FC55
S31508047F00A0023B4908602C4006D03A4801680F4352
S31508047F1007607009364908603748066030032F49F8
S31508047F200860FFF749FF00210020FEF748FCF1BD71
S31508047F301C1002A810B5802030490A6802400AD0ED
S31508047F402F4B1A680624144005D15C6E2D4A22402C
S31508047F501B6D9C0101D5002010BD096808400DD091
S31508047F602948824203D1180501D5012010BD2748A6
S31508047F700068C107C90F481E8041C00F10BD000024
S31508047F801C2002A8224803210164A821C1631021E8
S31508047F9001607047D80000AA442002A804000080A3
S31508047FA0100002A8FC0302A8040400002C1102A86D
S31508047FB0106001A8D84001A8104001A8182102A8F9
S31508047FC00180000089050000600102A8B06101A8CB
S31508047FD0548001A8C82102A804340000482002A835
S31508047FE0B44000A8E83E00001CC101A8480002A845
S31508047FF0441002A8683F0000685000A8440002A87C
S3150804800014C001A81F1F0000010C000030C101A8FC
S31508048010082002A86C4800680121084209D16B4A65
S3150804802012686B4B000C1840F03291400B40984292
S3150804803001D00220704700207047F8B507000F38B2
S315080480406A461080604CE0680A0004D16B461B88B7
S3150804805082B29A423AD200226B461A800125022637
S315080480603A0013D02268324007D000292ED0594846
S315080480700088401C57490880002039002161564968
S315080480800E6080B2B84201D369460D8053484560F4
S3150804809000E030BF2068304003D1FFF7BBFF00285B
S315080480A0F7D04D484560390010D02168314005D0D5
S315080480B048490A886B461B88D2180A80066000203D
S315080480C02061E068B84201D244480660FFF7A2FF7F
S315080480D0F2BD38B5050000F03DFB040001219920E6
S315080480E04543A8093E4A12688018123880B2FFF739
S315080480F0A4FF05008020C0013A490860200000F06A
S315080481002DFB280032BD334803883549096802889F
S315080481109342F9D1100408187047FEB51238070CB3
S315080481206946088000F016FB0190274C294D2888DB
S31508048130B8421ADA01202C490860274E30BF0220BB
S315080481402168014006D03060400326490860288823
S31508048150401C2880FFF75EFF002802D12988B9420F
S31508048160ECDB0121716000280DD12888B8420AD1B8
S31508048170E06869460988884205D20021684600886D
S31508048180FFF75BFF01E0FFF745FF04008020C0010D
S3150804819014490860019800F0E1FA2000FEBD10B504
S315080481A012490A680E4B1B680C689442FAD0DB0124
S315080481B04033141A02D288692418641C0C480068CF
S315080481C04443181B10BD0000280002A804ED00E073
S315080481D0FF3F0000603E0000282002A8281002A8DD
S315080481E0340002A880E200E02C1002A820C001A8EE
S315080481F0B43F0000F0B502E00A601C602E607EC839
S315080482004F1C07D05F1C04D06F1CF5D10A601C6094
S31508048210F0BD0A60F0BD000010B5C409FFF773FF8E
S31508048220201A312806DAC000183801D4C01EFDD534
S31508048230002010BD2000FFF770FF10BDC32148437E
S315080482406F3801D41E38FDD50020704780B5FEF777
S3150804825039FB01208C49086001BD38B58B490C6887
S3150804826008258B490D60FFF7F1FF2C4001D089489A
S31508048270056031BD80B5EB2000F001F801BD30B5CD
S3150804828085490B6818401022134211D0834BFB24EE
S31508048290A4012468224008D0B04A14682402FF25A1
S315080482A02D0225401D6300241460802252031A609F
S315080482B0086030BDF3B5010016001C0000250095C2
S315080482C0A748019A330000270BE0BC464F5D474395
S315080482D0AE009E597E40575D47433740664637434E
S315080482E06D1CA542F1D3390939438A080A43510852
S315080482F011430840C10901430F208A0B0A4302406F
S315080483005040F6BDF1B582B00E00002093490860CE
S31508048310FD25AD01EF7AA87A01900F213940009125
S315080483200ED00B468F4A90490298FFF7C3FF01996E
S3150804833001408A4801608D4841438D48084001D16F
S31508048340012400E04401380915D032003B0929000C
S315080483500298009E6D7A75194019FFF7ABFF0199CB
S31508048360091101407D4802680B0113430360002983
S3150804837001D0480044437F480068204001D10420C6
S31508048380FEBD0020FEBD80B50A00002111807A4991
S3150804839052888018FFF7B6FF02BDF0B50F22774B57
S315080483A05C7905780F202040C5402009284001251E
S315080483B09C79C4402C4001D10320F0BDFB24A401C0
S315080483C02468254008D06E4D9E684700F65B761EE5
S315080483D02E608026B601EE60DD78DE79C640F007A9
S315080483E011D5E0060FD5002D0DD0664848600888DB
S315080483F0488008881C7800192A4080185A788018FA
S315080484002A09801800E0002008800020F0BD10B575
S315080484105D4801685D4A0820014200D09061C9069A
S3150804842002D58C210901116059495A4A5A4B1B68CD
S315080484301B040CD54B685C0402D5C303136006E021
S31508048440C024A4011C4043029C4200D010600B685F
S31508048450034005D0514B1B689B0F9B0700D0106047
S31508048460FB2080010078C023034002D18020400508
S315080484701060086820210840106049480068C00157
S3150804848001D4FFF7F7FE10BD2C4000A84C4000A805
S315080484904C6000A84C5000A8703F00001C1002A8AD
S315080484A0F8B5404F38687E6806403F4830403F4933
S315080484B008608024A4033E4DF00228D5FB208001E1
S315080484C0016801200A0605D53A490968A960287091
S315080484D0022014E0014202D03749A9600FE00020C7
S315080484E0C9060CD52749A960344A91780B071B0F8E
S315080484F012789A1809095118A980E880A888A880CA
S31508048500A888002801D0264301E0FFF7B3FE2640D9
S3150804851023D0264E74603460A88800280BD0396AA4
S31508048520814208D3291D2648AA6890470100F3D03A
S31508048530FFF78CFEF1BD01000CD0FC218902F16124
S3150804854020490203CA6134604C603A6A824204D301
S315080485500C60F1BDEB20FFF792FEF1BD403E000032
S3150804856001010101F83E0000383F00001111000026
S3150804857021840000F43E0000183F0000483F000034
S31508048580204000A8A3210000F84F0000502102A8AB
S31508048590184001A8481002A8684101A84C4201A83D
S315080485A0D04000A8B44000A8FFFFDFFFB46000A8CD
S315080485B0443E0000543B0000B7210000493F000038
S315080485C0D84000A8B45000A870B505000C0000F007
S315080485D0C1F80600FEF76CFA200205430648056052
S315080485E0022006490860FEF768FA300000F0B6F87B
S315080485F001200349087070BD04C0095040D00950D1
S31508048600643E0000FEB5C020C00433490860334800
S3150804861033494865334888653348402404604460D0
S315080486201020FFF70BFE002854D1FF2000052F4920
S3150804863008602F482F4908602F4829490860A50370
S315080486402A4805602D4807680820FFF7F7FD002823
S3150804865040D108262A4806600120FFF7EFFD27487F
S31508048660806801902748066027481D4908601F4806
S3150804867005600820FFF7E2FD00282BD12048066094
S315080486800120FFF7DBFD1D48806800901D48066041
S31508048690134D1E4828600199009800F03FF8860695
S315080486A0B60E0198C10B0098C00B00F037F800020B
S315080486B0FC218901014031432960104807606003A1
S315080486C00A49086012480460446012490164124960
S315080486D041640020FEBD000020E000A857140000F5
S315080486E04C0102A8FF3FFF3F601102A8B42002A86C
S315080486F00000380EB41002A830300000104101A85A
S31508048700105101A8106101A81010000020200000D3
S31508048710602102A8F703F000FF3F000010B54904E2
S31508048720CA104004C310991A00209A18D30F9A182D
S31508048730521052188B115B0E5B18DB11D2182023CA
S31508048740541A01D422001843CC0F611849105B0847
S31508048750F6D110BDEFF3108072B67047002800D129
S3150804876062B6704710B5C20018231340FF249C4014
S31508048770E2438907090E9940030004D474489B0808
S315080487809B00C01806E0734B0007000F08388008E2
S315080487908000181803681A401143016010BD80B59B
S315080487A074225421002000F043FA01BD10B5FFF7E6
S315080487B0D1FF694901220A60684B694C2360694CF8
S315080487C023600323684C2360684C2360684B1A6053
S315080487D0684B1A60684B80241C601A60674A1A60E2
S315080487E011228A63FFF7BAFF3F20654909680140E9
S315080487F00A1D402A00D2081D624A1070AE4801704C
S3150804880010BD80B501001120FFF7ACFF01BDFFF7CD
S31508048810A1FF05000024012160B2FFF7A3FF641C31
S315080488200E2CF8D301210F20FFF79CFF01211320FA
S31508048830FFF798FF01211720FFF794FF0321012072
S31508048840C043FFF78FFF01211E20FFF78BFF4E4819
S315080488504E49086002204E4908600120A149086073
S3150804886047044C4C20693840FCD02068800101D468
S31508048870FEF7CCF82800FFF771FF474800680003A5
S3150804888011D4972252005321002000F0D1F90AE0AE
S3150804889000281CD0FEF7F2F819E020693840FCD00D
S315080488A02800FFF75BFF206E0004000F022801D1A1
S315080488B0FEF738FDFFF74EFF0500724EFEF7EEF899
S315080488C000287078E4D0002801D1FEF7E0F80120EA
S315080488D02F493278002A05D1784A1268920600D4BC
S315080488E0086030BF0022327002220A607D4908609F
S315080488F0D3E77D48016842680A407C481040184915
S315080489000860800700D4704710B579480188491C67
S315080489100180FB24A4012078000617D575490A6846
S315080489200F20120B0240032A10D1A94A12685207D3
S31508048930520F032A0AD80968090B0840032805D1E7
S315080489400D20FFF78AFCE08A401CE08210BD000077
S3150804895000E400E01CED00E0040002A80000FF3F6C
S31508048960282002A82C1002A840E002A844C002A8A5
S3150804897004C001A8044001A8145001A820006006F8
S315080489802C8001A8623E0000FFFF9B4000E100E046
S31508048990602002A8500002A8F80702A8F8B5564CA9
S315080489A02068656805408B4805605448284007D008
S315080489B0FEF787F8002803D02800874909688847FE
S315080489C0864801210D4211D00222854B1A60854A38
S315080489D012680A4007D10268F0231B051340902247
S315080489E012059342F3D009027F4A116080210D4291
S315080489F020D0A26AF823DB0113401BD0C02212013F
S31508048A00934217D880231B06884E3360A76AF82634
S31508048A10F6013E40374F3F683F043F0F022F01D00F
S31508048A20032F03D1002E01D09642EFD38F4A136049
S31508048A30684A11608E49097806290DDACC20800126
S31508048A4028401DD0FFF786FE04002800FDF7CCFC5D
S31508048A502000FFF783FEF1BD806B800510D585489D
S31508048A60284005D0FEF744FB2800FDF7BDFCF1BD00
S31508048A70A80205D580204001564908607E49086049
S31508048A80F1BD0000653E000010B57C4801684468E5
S31508048A900C407B48046080210C4205D0416079482B
S31508048AA001600020FDF7A0FC600403D58020400582
S31508048AB07549086010BD0000633E0000F40302A86F
S31508048AC038B57248016844680C40E00707D5FFF7D3
S31508048AD041FE0500FDF720FD2800FFF73FFE6C4820
S31508048AE0046031BD601002A8280002A8FFFF00C078
S31508048AF0603E0000B00002A8104001A8020006006B
S31508048B00FEB5644C206C676C074001252F4216D0CD
S31508048B102E0661480660206860490D60002802D068
S31508048B200021FDF7FDFE5E480068A021C9018842C0
S31508048B308041C043C00F5B4948705B480660FDF737
S31508048B409DFF0190022007403ED06168CEB20F0A0D
S31508048B50564908224A4B4403012E24D0022E31D109
S31508048B60012F22D1524EF6780096514E37780126B7
S31508048B70BE40504F3E604E4E3678760590277F04A9
S31508048B80F71903263E434C4F3E601C604B4B1C6052
S31508048B900B68009C1B194B65454909788D40484963
S31508048BA00D6048490DE00090DFE7002F0AD1464ED4
S31508048BB0356000254D655C601C60C104434B196033
S31508048BC043490A60354908600198FDF760FFF7BD17
S31508048BD0184001A8106001A8583B00000C0002A820
S31508048BE06C1102A8B44000A8B82002A870B5FDF715
S31508048BF045FF0400FFF7AEFD2F490A68D2070FD5D3
S31508048C002A4A566D1368334D2E60CE686E604968DD
S31508048C10E9818021C904204E3160297B59185165A0
S31508048C20FFF79CFD2000FDF732FF70BDE06101A847
S31508048C30002800D0704770B50C00FDF71FFF05002B
S31508048C40FFF788FD0600FDF733FF2348046001217A
S31508048C50224A1160026C0A40FCD1FDF72EFF30004F
S31508048C60FFF77CFD2800FDF712FF70BDE05101A84F
S31508048C70303E000000104006145001A890C001A818
S31508048C8090E001A80CC001A804ED00E0C0C000A84B
S31508048C90C0E000A800C002A8441002A840E002A848
S31508048CA0404000A8653E0000442002A818C00A50A7
S31508048CB0793E000068E00A5060C101A894D001A872
S31508048CC068D00A50F42302A860E101A880E200E013
S31508048CD0F41302A8703E000000C0095040D00950A1
S31508048CE080B5FDF7EEFE002801D000F08BFE01BD2D
S31508048CF080B5FDF723FFBC48006800030AD4FEF7D5
S31508048D00BFF9FFF759F8FEF73BF90120FFF728F8F2
S31508048D10FEF71AFD80208005FDF7A8FE01BD80B583
S31508048D20FDF70CFF80204002FDF7A0FE01BDFEB54D
S31508048D3005208D490860954806680124264201D114
S31508048D40FEF706F8FDF7FAFE91490868009091487F
S31508048D5049680160B105CA0F69460A7100252642A9
S31508048D6010D00095A14949680160A04802688A495B
S31508048D700B68981A9A4202D38B69C018401C9C4BFC
S31508048D809842F5D39B48056068460079002804D0C4
S31508048D9031000098FDF702FC00900027954800680A
S31508048DA0204003D16846FEF70BF80700FEF74BF898
S31508048DB0002840D08D48407C00283CD19C498B4DE6
S31508048DC0EE680A6933689A4200D00120994A9446A3
S31508048DD0994A1378062253436246D35AB446020084
S31508048DE0182672436646B2185360009A0192EA68D6
S31508048DF00123434018204343D61830680861B068F5
S31508048E0008608E48F16801603169016270698C49AD
S31508048E10086001A8FDF7D4FF002806D18549864ACB
S31508048E20127806235A43895A7160390007000F439A
S31508048E3001D16C7401E0002F02D10098FEF72CF8DA
S31508048E409C48046002209C490860C820C004A549BF
S31508048E5008606004FDF70AFEF7BDF8B5A24C802544
S31508048E60EF02FDF7F0FF002808D0A0480078002894
S31508048E7004D13800FDF7FAFD2560F1BD206CC00564
S31508048E8006D580200006206000BF00BF4008206089
S31508048E90FEF7D6F8FDF752FEFDF71AFA06009448CF
S31508048EA094490860FFF71CFF3800FDF7DFFD002E24
S31508048EB000D025600120B2490870F1BDF8B501203B
S31508048EC0FFF79FFCFDF73AFE8B484421405C0521D9
S31508048ED0014002D0FDF7D9FE01E0FDF7E4FE824C1D
S31508048EE0012702258448406C284000D027601020BA
S31508048EF0C043A44908600026E663A3480660FDF754
S31508048F00E0FD002802D000F0CAFD01E07A480660B8
S31508048F10FDF79EFD9D480068216C090407D40007E7
S31508048F2005D5FDF7ABFD9A490D60FDF7B0FDFDF7D4
S31508048F3098FDFFF76CFA9748006807400CD0802024
S31508048F40000695490968014006D09449096808400D
S31508048F5002D10D20FFF781F9A804FDF787FD00204B
S31508048F60FFF74FFCF1BD00005C1102A880B5FDF7C0
S31508048F70E5FD1D480068000303D4FEF701F8FEF773
S31508048F80E3FB80204003FDF771FD01BD440002A800
S31508048F90B83F00003C3E000020C001A838B5FDF7E4
S31508048FA0CDFD514C2025FEF7C5FF002806D0606B81
S31508048FB0000704D5FEF7E6FFFEF752FC2560FDF729
S31508048FC0DFFFFEF7C1FB764800780C21014004292F
S31508048FD002D1FDF75AFE01E0FDF765FE6804FDF7C8
S31508048FE045FD4020206031BD0C0002A8CC3E00009F
S31508048FF001FF0000383E00001CB5052069490860D9
S31508049000FDF79CFDFEF7BEFFB6480068009068466B
S31508049010FEF7F4FB0400FFF763FE002C02D1009868
S31508049020FEF738FC80204004FDF720FD13BD000040
S31508049030348001A8563E0000503E00001C4101A899
S31508049040284000A8F8B5FDF779FDA74CA56A502075
S31508049050284002D0FDF719FE01E0FDF724FE224F51
S31508049060FEF768FF00281BD1B86B40071DD4786B40
S31508049070E0214901014018D1A80611D4FDF7E8FCFE
S31508049080A56A9A4E354207D0FF20C0432D18A5621B
S315080490908020000596490860FDF7E3FC2E4002D0BF
S315080490A00120386001E00020206080208004FDF75C
S315080490B0DDFCF1BD442002A8305201A880B5FDF7B5
S315080490C03DFD8C480068C00501D5FDF759FF012010
S315080490D0FEF746FEFEF738FB8020C004FDF7C6FC03
S315080490E001BD0000106001A8100002A8DD3E0000C2
S315080490F070012000B46000A8AC3E000070B5284892
S315080491000668FDF71BFD8024A4037B4D2968090323
S3150804911003D52000FDF7AAFC70BD0321C00601D5BE
S31508049120314001E0B0080140012902D1FDF7ADFD47
S315080491300BE0300107D50E20FFF788F8A348042171
S31508049140016008210160FDF7AEFDFDF71EFEA04E85
S315080491503069A0490860FFF7C3FD3068002807D0C6
S315080491604000122802D2FFF769F801E0FEF7B1FFC2
S315080491702000FDF77BFCA86B8000FCD470BD0000C2
S31508049180653E0000482002A8403E0000844000A82E
S3150804919014E50350404101A8D44101A8304001A870
S315080491A0F03E00005C1102A8F8B584B0012600243C
S315080491B00294FDF7C3FC03904F4D2868000374D44A
S315080491C00320A5490864A54802680227FF218901E6
S315080491D00F200F231340032B03D0120B104006282D
S315080491E03ED19F4800684A6800922A6C3A4001D0EA
S315080491F089680091FEF7D3FF0099401801D50194B8
S3150804920000E00190A86B0007C10F684601700320AF
S31508049210FB218901096B014002291BD10399C9065F
S3150804922018D5FB2189010968CA0512D5EB6B8D4A45
S315080492301340934203D11020874908640AE089053C
S3150804924008D4296C28220A4004D100262849086033
S3150804925000E00026684600780290300002D10EE04D
S3150804926008680190FEF766FE002808D0FEF78AFE15
S315080492700298002802D0FEF7F3FA00E000267648A2
S315080492800760002E12D0FB2080013021405C0C219F
S315080492900140042902D0E86BC00602D5FDF7F5FCA7
S315080492A001E0FDF700FD2020686014E0FDF768FE84
S315080492B0802000060E4908600020C0436A490860F9
S315080492C001A8FEF79BFA0400FFF70AFD002C02D159
S315080492D00198FEF7DFFA80200004FDF7C7FB05B006
S315080492E0F0BD0000CC3F0000C83E000000FFFF00B0
S315080492F0481002A8680102A80C0002A8FEB50024BA
S315080493000194FDF71BFCFFF7EBFC584EF06E584D25
S315080493100007000F07280ED1706800280BD4002018
S31508049320FEF71EFD28682B490860FDF7ABFD30687B
S31508049330800045D5FBE701210320FB2292017368CF
S315080493405B070BD44B4B1B680B4007D01368DF0530
S315080493500BD55B0502D43368DB0503D40191116B85
S31508049360890904E01021444B1960116B0909084066
S3150804937000900020FEF7F4FC0098002805D17068D8
S31508049380C00602D4FDF78FFC01E0FDF77EFC002041
S315080493900199002903D139480068FEF700FF696975
S315080493A0401801D5009400E000906846FDF708FDD2
S315080493B0002805D10098FDF76FFDA86905490860DE
S315080493C080200005FDF752FBF7BD000080E200E0AF
S315080493D0AC3F00003C3E0000F8B5FDF7AFFB0024A7
S315080493E000252748466B80277F05300606D53007B3
S315080493F009D5FEF7C7FDFEF733FA29E001251D480E
S315080494000068284019D00020FEF7AAFC022006406E
S3150804941002D01C490C60C8611B480468002D03D09F
S315080494202000FDF751F90400FEF7ACFD2000FEF715
S3150804943031FA3800FDF71AFBF1BD14480078C0214B
S315080494400140402902D1FDF720FC01E0FDF72BFC81
S3150804945020200B490860ECE7082002A8B00002A8FF
S315080494600CC101A810000010B46000A8440002A8AA
S31508049470BC3F0000B44000A8481002A81CC101A8BB
S31508049480100002A8180000AAD83F0000F03E000009
S31508049490FFF78CF9024803494860FFF7B8F900BF9B
S315080494A02B2600000000000080B5EFF305800B288A
S315080494B001D23A2100E02921FF2216320020FFF7C3
S315080494C0B7FBFEE7020303030304040404050500CB
S315080494D0000000010101010202020203030303035F
S315080494E00404040404000000010101010707080834
S315080494F0030303050404040505050606060707070A
S3150804950008030202040404030405050606060607FE
S3150804951007070202020303030304040404050505FA
S3150804952005050606060601020202020303030303EF
S315080495300404040404050505050606060C0C0C0CAF
S315080495400B0B0B0B0B0B0B0B0B0B0B0B0B0B0B0B59
S315080495500B0B0C0C0C0C0C0C0C0C0C0C0B0B0B0B3F
S315080495600B0B0B0B03040404040505050506060684
S31508049570060607020202020303030304040404049E
S315080495800505050505060606020202020707030481
S315080495900607040403030303040506030305060771
S315080495A00804050604030404030304050606030461
S315080495B005060708C7BFBEBEBEB5B5B4B4ABABDCBB
S315080495C0DCDBDBD2D2D1D1C8C8C8C7BFBEBEBEBDDC
S315080495D0B5B5B4B4B4DCDBDBD2D2D2D11B1B1616B8
S315080495E02E2D2D2A29292925242420201F1B1B1B1F
S315080495F0162E2D2D2A2A29292524242020201F1B0E
S315080496001B1B2D2DBEB5B5B4B4ABABABAAA2A1A199
S31508049610A1A099999898C7BFBEBEBDB5B5B4B4B450
S31508049620ABABABAAAAA2A1A1A19999990000000083
S3150804963003030303030202020202020203030202F1
S3150804964002020101010101010000000003030303F2
S3150804965003020202D0C7C6C6C6BDBDBCBCB3B3B2FC
S31508049660B2B2A9DBDBDADAD1D1D0D0C7C7C6C6C64F
S31508049670BDBDBCBCBCB3B3B2DBDBDADA1F1F2D2B12
S31508049680221E2E2E323232312D2624303028231F24
S315080496901B2B26222E322E2E31312D282424302C13
S309080496A027231E1A32
S30D080496A4C8A2FC7F01000000C6
S311080496ACB8960408C062002054000000B0
S315080496B8C0EA2101C01753022800000000403108F7
S315080496C800A0000064500020C8000000FE00000046
S315080496D8000000001413040801000000FFFFFFFF40
S315080496E874120408DEFE64000A002800F5C103089B
S315080496F80000000000000000000000000000000050
S3150804970814000000030505B54001800000000000A8
S31508049718000001B50000800000000000FFFFFFFFFD
S31508049728FFFFFFFFFFFFFFFFFFFFFFFFFFFFFFFF2F
S31508049738FFFFFFFFFFFFFFFFFFFFFFFFFFFFFFFF1F
S31508049748FFFFFFFF5863002000000000005D0020AB
S31508049758685D0020D05D00200000000000000000BD
S3150804976800000000000000000000000000000000DF
S3150804977800000000000000000000000000000000CF
S3150804978800000000000000000000000000000000BF
S3150804979800000000FFFFFFFF0000000000000000B3
S315080497A8FFFF0000345804086DC60308FFFFFFFFCF
S315080497B889CA030885CA0308FFFFFFFFFFFFFFFFDF
S315080497C8FFFFFFFF99CA0308FFFFFFFF1BD1030822
S315080497D8FFFFFFFFFFFFFFFFFFFFFFFFFFFFFFFF7F
S315080497E8B725000004F8FFFF0C0000000000B5FFC9
S315080497F80C01FF0F11DB0008493901082139010852
S705080255E1BA
